"trial","stopped_at_n","T1_","T2_","s1","s2","beta_allowed","reason"
1,600,0.250156722475014,0.360639832568504,0.40124459151772,0.460407428263272,0.36283483897474,"violation"
2,690,0.326097510823655,0.290676044026347,0.44669666688181,0.428311750576119,0.291110748390924,"violation"
3,1890,0.30473860858731,0.308580719304008,0.444968197314185,0.446846933110046,0.309772571933601,"violation"
4,1980,0.213427966351629,0.403542839530674,0.388584099372943,0.48244881753896,0.40387765658589,"violation"
5,330,0.27693738858753,0.330203274290602,0.40881022918885,0.438965308175317,0.335752727948665,"violation"
6,210,0.256356554333143,0.348021298544015,0.384978722503005,0.43967107887189,0.356369676356193,"violation"
7,660,0.236434467486936,0.376882603040669,0.393017569476678,0.467519390148996,0.377597187954389,"violation"
8,250,0.221469197076632,0.391297486676059,0.362855343077651,0.461666546329708,0.394460585585525,"violation"
9,910,0.274326069332419,0.33576583128216,0.422025237743093,0.45381289290887,0.338299881696675,"violation"
10,900,0.100979754542708,0.572717111236173,0.262492798255119,0.499505928733089,0.573782651882487,"violation"
11,1420,0.226505199158424,0.388196566101567,0.395167069095491,0.476524376139717,0.388692380591672,"violation"
12,800,0.247962716961657,0.364434688979968,0.403701622488689,0.464515877016061,0.365152548714574,"violation"
13,1110,0.231146399523478,0.381506762307064,0.395888290240012,0.472972972972973,0.38346127359062,"violation"
14,1260,0.205241121743108,0.41368337536085,0.377573474167693,0.483186700722508,0.413739344636192,"violation"
15,810,0.234330948309816,0.379384970759316,0.39433575271722,0.470078649695838,0.379917779795536,"violation"
16,1350,0.270809569138972,0.341217763664942,0.423883023437244,0.459221025887626,0.341760717326807,"violation"
17,1090,0.166647158515396,0.464250628576982,0.34157652487635,0.493288001854227,0.464500080065288,"violation"
18,690,0.251714994997127,0.36116389220584,0.404282889180772,0.461955242964982,0.361198256454475,"violation"
19,840,0.28119832617208,0.331526342472136,0.425183367138944,0.451187335081414,0.331637504491363,"violation"
20,1090,0.22837554689703,0.38256583434764,0.393672065912961,0.473210440003784,0.386574658012613,"violation"
21,1490,0.453524830999962,0.197495345242825,0.492447349159347,0.373077704452772,0.198100492404452,"violation"
22,1390,0.222825252549404,0.390372247147955,0.392244044579058,0.477082575951141,0.392897763743785,"violation"
23,1390,0.212837179008651,0.402909864565366,0.384666107264399,0.480747825922044,0.404579862884706,"violation"
24,520,0.259960413781972,0.350910980067221,0.405655288413391,0.454822938433676,0.352667460836758,"violation"
25,470,0.17999031073785,0.437537314643877,0.340698029236149,0.483428415638373,0.446082580193444,"violation"
26,920,0.291056655759599,0.321991801553185,0.431750295402725,0.447603099823543,0.322305685283469,"violation"
27,300,0.251233636288942,0.361600437772477,0.389643711898732,0.45220447685631,0.361702964305152,"violation"
28,1150,0.317195381713858,0.298061558085174,0.447277840853663,0.437678184076651,0.298760322042846,"violation"
29,720,0.265576385402785,0.346707675622957,0.413870245665128,0.456416446047053,0.346977740518758,"violation"
30,940,0.263588932368011,0.347677566115169,0.41581866324902,0.45918028800736,0.348980366791443,"violation"
31,910,0.241423664490476,0.371265710646086,0.400821822105179,0.468066084218617,0.372155485975854,"violation"
32,390,0.275740970892596,0.3343545688292,0.411088898950381,0.443560099795031,0.336917353252203,"violation"
33,260,0.235651486557982,0.377030142548695,0.374955618675506,0.45655968455628,0.378459124809372,"violation"
34,1390,0.279900348057268,0.330970439667907,0.429424092824762,0.45505004670129,0.332885760752481,"violation"
35,440,0.0802855698062774,0.614646705153819,0.217944947177034,0.497929597731969,0.617697383287727,"violation"
36,2400,0.347253490627254,0.273241827509827,0.465011760603966,0.429839884595286,0.273622656100739,"violation"
37,50,0.303845276943675,0.247505210170585,0.366606055596467,0.324961536185438,0.310576609172374,"violation at burn-in"
38,280,0.260369242432692,0.343634259681105,0.394541842275471,0.44284274170133,0.352250018678892,"violation"
39,720,0.270054496399386,0.34233070010819,0.416664351845422,0.454529671443155,0.342508496295654,"violation"
40,370,0.242037863288725,0.363159505971765,0.38730776470644,0.455860306925533,0.371491550092595,"violation"
41,1660,0.418500239984226,0.220904998471761,0.485564590351981,0.392586252615254,0.220970666579665,"violation"
42,550,0.264145081656159,0.347973980570625,0.409236337786968,0.454181672610793,0.348418774931926,"violation"
43,870,0.255854288939542,0.356609813534307,0.409982453729706,0.46216188234871,0.356888875505345,"violation"
44,360,0.28554503440049,0.321990640592836,0.415739709641549,0.436173031697567,0.327490830476872,"violation"
45,880,0.290591451292586,0.321776218008806,0.431026487172921,0.447085083976249,0.322740236949898,"violation"
46,1390,0.138703485850804,0.505854716396509,0.315649480409341,0.498704392515578,0.506670304913122,"violation"
47,390,0.253027760585871,0.359085109638537,0.396101979842616,0.454822938433676,0.35982561368466,"violation"
48,610,0.269339398721542,0.342876597885693,0.414024499208246,0.453076319216386,0.343218218584442,"violation"
49,480,0.204753704647193,0.413716029586981,0.363092188706945,0.476969600708473,0.414335543652358,"violation"
50,750,0.281062911532717,0.330560649834365,0.423790304540137,0.44964974022998,0.331767515006182,"violation"
51,640,0.388146814895274,0.241865687126606,0.4712200545857,0.396441076761415,0.242318003425693,"violation"
52,1310,0.207476464359389,0.41097972820689,0.379803788525976,0.482660111435722,0.411018354369278,"violation"
53,1090,0.255815463201614,0.355036274996457,0.412498326201163,0.463280043044132,0.356929043365633,"violation"
54,850,0.250317255117264,0.362222812468074,0.406046002814194,0.464163495834229,0.362665874082514,"violation"
55,1250,0.12632448111546,0.527049362126675,0.3,0.499717680295584,0.527204851439825,"violation"
56,140,0.260987988444043,0.344755934400406,0.376883027379226,0.428809457708675,0.351619213909611,"violation"
57,480,0.262584435493864,0.339091552591565,0.406116431033707,0.448589610767892,0.349997063609788,"violation"
58,590,0.190628570381713,0.431760314736522,0.354561525441189,0.483570936192783,0.43208098870885,"violation"
59,680,0.355471996614697,0.266403561824311,0.459529999096037,0.413648526899623,0.267077339160379,"violation"
60,650,0.32910904778168,0.286510299590906,0.447478140684584,0.4251946995723,0.288562982089513,"violation"
61,200,0.25700699746989,0.35346136128091,0.384187454245971,0.441333207452147,0.355698483100272,"violation"
62,390,0.186209894097539,0.429404194442975,0.342679621241092,0.479699664971018,0.437827004000376,"violation"
63,70,0.23991411811074,0.368250843329076,0.334724986110285,0.419912527334259,0.373792794096259,"violation"
64,820,0.192966427158425,0.407767299959459,0.361788389513037,0.479209330451144,0.429079540465395,"violation"
65,1210,0.278523046807104,0.333900747766113,0.427384610573223,0.455314900963809,0.334215397754708,"violation"
66,960,0.270480591898256,0.34178505380268,0.420296687538167,0.45688098491292,0.3420863128723,"violation"
67,1230,0.199594628093758,0.419229701728347,0.372677996249965,0.484488046084589,0.420710596996565,"violation"
68,1080,0.118624292370225,0.540226038223603,0.28855482821968,0.49995798863285,0.540658317591033,"violation"
69,130,0.242695096456477,0.361018752243902,0.36080121229411,0.43521062030202,0.370782525783512,"violation"
70,470,0.300359370847783,0.31183552923193,0.428627041596406,0.434839693538326,0.313732873410739,"violation"
71,410,0.241129963932604,0.370940119767115,0.388594073495696,0.460355758248216,0.372473428083689,"violation"
72,1430,0.229430261570724,0.384858271367745,0.397353586073407,0.475516248386255,0.385386210806474,"violation"
73,450,0.267244237292818,0.344130164959565,0.408097059382377,0.450080925508039,0.345306267886823,"violation"
74,650,0.206161414257448,0.411203555684653,0.369435840487474,0.47862970084664,0.412616487314762,"violation"
75,220,0.322848085586794,0.292171941095552,0.427635242731988,0.409872989801225,0.293882279430215,"violation"
76,860,0.253744865475441,0.353322473306685,0.408462404592377,0.460751320497493,0.359078138162454,"violation"
77,1060,0.229580256124349,0.385196877979634,0.394226760051936,0.47389957973895,0.385217533163083,"violation"
78,150,0.219770442450172,0.383222416348808,0.346987031457949,0.448998886412873,0.396428497381046,"violation"
79,960,0.160978719406729,0.472535147534577,0.334228940062048,0.494183837180614,0.472637533519687,"violation"
80,1310,0.161180707962167,0.47080461063274,0.338557148551761,0.49482432832505,0.472344172906196,"violation"
81,950,0.254160067142703,0.357311185749356,0.409906414560764,0.463138755585416,0.358646103402366,"violation"
82,760,0.219231900387631,0.395105552715796,0.382202303902048,0.474850537791627,0.397054740700742,"violation"
83,390,0.278563986581119,0.328829077311646,0.412852363797554,0.440854170601816,0.334175798763884,"violation"
84,840,0.244235913043455,0.367604467058951,0.401774691206814,0.466107536763422,0.369126056297477,"violation"
85,670,0.284667784050348,0.327562856324423,0.424510778140446,0.447076591067169,0.3283235856316,"violation"
86,510,0.232542727104903,0.378160656118491,0.386135139582972,0.465561386762574,0.381903027700494,"violation"
87,1140,0.195935388852242,0.425022312673133,0.368708117068895,0.485559397595612,0.425305482573326,"violation"
88,530,0.322488324531134,0.292118462359835,0.441884214419755,0.425696505893506,0.294190581252162,"violation"
89,2360,0.229970626432067,0.375097728001081,0.402207487819017,0.47478430670296,0.384778929208943,"violation"
90,930,0.268620761461214,0.342302365109831,0.418815478898264,0.45683615398969,0.343932961485946,"violation"
91,1310,0.151978769548878,0.485470736704993,0.329197975439385,0.496711404122059,0.485974865553286,"violation"
92,490,0.279710742797696,0.330282524268128,0.417245883678793,0.444696640464954,0.333068492070796,"violation"
93,370,0.217602374947202,0.397587384941405,0.368599505323942,0.46912722221258,0.398956650806796,"violation"
94,2040,0.338254506733631,0.280895872917928,0.460573324661194,0.433012701892219,0.280946168316108,"violation"
95,960,0.263828181396089,0.348303188415434,0.416202866867696,0.459608784049,0.348738662085906,"violation"
96,360,0.248507529135674,0.35792444646696,0.391420332306856,0.453246178986025,0.364575541729358,"violation"
97,1980,0.179580964301586,0.444612809096753,0.360502772180919,0.491666083017817,0.446633009192441,"violation"
98,1170,0.158382780094697,0.474602089534508,0.334318072061674,0.495063659424623,0.476430654809508,"violation"
99,1650,0.15524411144354,0.479941259880932,0.335300531286474,0.496531957992254,0.481074542609528,"violation"
100,340,0.26583451440488,0.343237858333474,0.402189079119911,0.445770201633487,0.34671850948658,"violation"
101,100,0.249822619509731,0.347647621253102,0.357071421427142,0.420832508250016,0.363186760928797,"violation"
102,200,0.268633267324667,0.342364548792458,0.392300904918661,0.43586121644395,0.34392051043779,"violation"
103,1080,0.266959192850531,0.344738688234822,0.419398452224606,0.459061337280172,0.34559134562793,"violation"
104,730,0.184237426284448,0.438839270611427,0.352307888343639,0.486579121915471,0.4404235720113,"violation"
105,1920,0.250644746554129,0.361952995787637,0.414457358896847,0.469339617600417,0.362321440974063,"violation"
106,960,0.316703911135717,0.299162707692352,0.445458370358244,0.436561493377508,0.299187890431556,"violation"
107,820,0.214337445211372,0.398954363573073,0.379444708401747,0.476584367275585,0.40279946615272,"violation"
108,260,0.296823188007668,0.313949689407594,0.416309511622609,0.426142737983524,0.316965630883449,"violation"
109,1590,0.191474899770133,0.429859575176929,0.368692956621109,0.488017894274295,0.430991382580158,"violation"
110,620,0.245881155014772,0.363050735464295,0.398785226165289,0.461693372305925,0.367366179008083,"violation"
111,80,0.22806116140464,0.384938735241949,0.330718913883074,0.433012701892219,0.3869297077012,"violation"
112,950,0.24965593275412,0.362782352182323,0.406932991822726,0.465245296156305,0.363362474114169,"violation"
113,2980,0.374276935948598,0.252366805600196,0.475466647567383,0.418791946308725,0.25258996990204,"violation"
114,480,0.294347286039215,0.316805960754914,0.42555111326373,0.43771819955563,0.319247941475583,"violation"
115,1430,0.227198849562962,0.387730055094085,0.395742415302431,0.476416276056296,0.387905454283474,"violation"
116,460,0.120098748968823,0.533144397579468,0.275289845535247,0.49878870289164,0.538038814666341,"violation"
117,470,0.270288635474694,0.334650399630157,0.410748524507136,0.446245846327356,0.342276441471739,"violation"
118,990,0.245293190288296,0.367551328940041,0.404474514265784,0.46732757432918,0.367994066531048,"violation"
119,310,0.243433907291463,0.367869754478143,0.384723910087112,0.45538745209948,0.369987254217054,"violation"
120,180,0.245198923733841,0.359852395634632,0.372677996249965,0.442216638714053,0.368094841658582,"violation"
121,760,0.185950560620851,0.435802903064723,0.354472805062794,0.48609295133824,0.438167265212447,"violation"
122,1140,0.252405485744764,0.359126700597388,0.410761478604463,0.465176191231762,0.360475579595889,"violation"
123,850,0.137770541918671,0.50571821085869,0.30768698424993,0.497890359103871,0.508174214346252,"violation"
124,1010,0.216088395625188,0.398415547255882,0.383526324934103,0.477740983595836,0.400733232582112,"violation"
125,440,0.370902692368138,0.253072891436509,0.461173270175069,0.398285322786451,0.255140939404838,"violation"
126,70,0.259256655155182,0.350776241015336,0.349927106111883,0.410325903324145,0.353387254426071,"violation"
127,550,0.297571993090936,0.311222637699549,0.429275769116326,0.436624921773883,0.316278447770567,"violation"
128,1570,0.15602526379159,0.479667103660327,0.335530978853362,0.496402327146403,0.479912771122976,"violation"
129,1120,0.143547822778636,0.497558172751683,0.318157963590287,0.497669953536539,0.498968755772515,"violation"
130,590,0.263458361056465,0.348649588445698,0.409819152805625,0.455238587764389,0.349112351219732,"violation"
131,1150,0.243796871314656,0.368715876520345,0.405124079571643,0.468779535931474,0.369597231626715,"violation"
132,960,0.355895193223962,0.266047111614253,0.462664197579867,0.417582327212252,0.266743907564391,"violation"
133,850,0.26041304498599,0.348722582624872,0.412646115465778,0.458769227555913,0.352205323773373,"violation"
134,280,0.264412008673856,0.347522918478891,0.397296347522982,0.444696640464954,0.348149566707176,"violation"
135,1490,0.211859243013278,0.403621310939716,0.384634028507321,0.481269828390032,0.405745410047558,"violation"
136,170,0.272881274560802,0.333812213947824,0.390899946490262,0.427797125542981,0.339717504650284,"violation"
137,60,0.207622137870962,0.405339175676407,0.3,0.433012701892219,0.410841781228604,"violation"
138,170,0.245024272514502,0.366789673727722,0.370914888716105,0.444263707964687,0.368281630474676,"violation"
139,1740,0.154280364410609,0.482152133429524,0.33490710531447,0.496882539333031,0.482513428853508,"violation"
140,280,0.264412008673856,0.343634259681105,0.397296347522982,0.44284274170133,0.348149566707176,"violation"
141,70,0.296794682867576,0.315069708414992,0.376883027379226,0.388875931109034,0.316991818311041,"violation"
142,230,0.270088174527842,0.338465326107825,0.396701904149884,0.43671310546391,0.342475108126689,"violation"
143,1840,0.153761862986235,0.482683342862587,0.334983264965854,0.497037537616247,0.483290112772334,"violation"
144,50,0.153182750255169,0.276147357289898,0.237486841740758,0.346987031457949,0.484159715793404,"violation at burn-in"
145,1310,0.181125893916103,0.444466416885676,0.357445142495129,0.490359838096016,0.444560256710595,"violation"
146,1060,0.254795715236175,0.355907757842068,0.411540317026497,0.463416929965874,0.357985748859149,"violation"
147,570,0.304481489034524,0.308237254388365,0.433517966206361,0.435515494291453,0.310003790589099,"violation"
148,680,0.280631599817286,0.330705726124243,0.4223328686038,0.448710185364481,0.332181950095683,"violation"
149,960,0.174796427167149,0.449217978142021,0.347634304082609,0.490109424785822,0.453133464302362,"violation"
150,210,0.289235082326297,0.316175288389506,0.406968773699457,0.422952584681651,0.324010472265421,"violation"
151,850,0.284262215362573,0.325297118585304,0.427083130081252,0.448420526802834,0.328709284695431,"violation"
152,540,0.262809574253051,0.346306923005569,0.408097059382377,0.453246178986025,0.349768924565964,"violation"
153,820,0.299465487414525,0.311076318931231,0.435104451141029,0.441138203890332,0.314547089498316,"violation"
154,1080,0.358204335880134,0.264011747427211,0.464442081629054,0.417582327212252,0.264930692433359,"violation"
155,2030,0.248274805221538,0.364680303613267,0.41337769436961,0.470585437496055,0.364821898276114,"violation"
156,1250,0.203391930725996,0.414412107801386,0.375983829439512,0.483338390778138,0.41600676935074,"violation"
157,220,0.281834820057586,0.317768578799133,0.403369076120428,0.424848052565379,0.331027086044191,"violation"
158,820,0.249995179794061,0.359708067984628,0.405384637526699,0.462892838454994,0.363004951829325,"violation"
159,70,0.220117560829794,0.385496026425419,0.318157963590287,0.428809457708675,0.396025458182536,"violation"
160,260,0.222252428371554,0.385317178948931,0.364452251724396,0.459917023645628,0.393557058441138,"violation"
161,1540,0.151912497523889,0.486022302715173,0.331086697225123,0.497086722800781,0.486075064304747,"violation"
162,2870,0.166738703453957,0.463771620748304,0.352048134854387,0.495504318709267,0.464370253495003,"violation"
163,50,0.276147357289898,0.276147357289898,0.346987031457949,0.346987031457949,0.336521313188706,"violation at burn-in"
164,940,0.115225594031623,0.54534203736724,0.282177717711763,0.499981891931039,0.546778323453604,"violation"
165,250,0.230808012965392,0.382682412431072,0.370275573053368,0.458257569495584,0.383839972851357,"violation"
166,1490,0.308740712686186,0.305244063502501,0.445237145227454,0.443506365784246,0.306194308047241,"violation"
167,100,0.249822619509731,0.347647621253102,0.357071421427142,0.420832508250016,0.363186760928797,"violation"
168,50,0.247505210170585,0.276147357289898,0.324961536185438,0.346987031457949,0.365637848793216,"violation at burn-in"
169,1060,0.267831922730562,0.344139772928862,0.41973817467495,0.458668146369601,0.344719272517013,"violation"
170,1930,0.381385134172188,0.246660866742858,0.475897357335929,0.411914165597145,0.247283269323213,"violation"
171,720,0.261091449467917,0.349622828535902,0.411014909915491,0.457648899738761,0.35151385115641,"violation"
172,920,0.22011630878369,0.392148978469408,0.385449863605498,0.475226291734146,0.396026911079831,"violation"
173,1460,0.145790893502826,0.495005658638119,0.323997942766416,0.497889616463351,0.495462119737048,"violation"
174,1050,0.283406784370875,0.329428618619428,0.428809457708675,0.45220447685631,0.329524265808631,"violation"
175,480,0.248845352525381,0.356803767795242,0.396840823112856,0.456416446047053,0.364218246545634,"violation"
176,480,0.260300143650417,0.345745386672357,0.404612082740988,0.451612658210059,0.3523205371505,"violation"
177,430,0.230307845936799,0.381577830030173,0.381452066117445,0.465023246509767,0.38440049639957,"violation"
178,1220,0.0960083652173074,0.581910614879348,0.260055758600527,0.498576312269387,0.583776293519104,"violation"
179,1250,0.188706332954525,0.433207113922204,0.363612101008754,0.487839973761888,0.434568770131891,"violation"
180,820,0.219650513993472,0.391386325585645,0.383576813586895,0.474200538907892,0.396567856854963,"violation"
181,830,0.380616711608152,0.245784349818124,0.47068975555705,0.402685498116558,0.247852604758268,"violation"
182,820,0.178152706472322,0.447836845519171,0.348498948282766,0.489136900870278,0.448560522021204,"violation"
183,2020,0.363383978668974,0.260875700993659,0.470105224044943,0.421276366629649,0.260900760137014,"violation"
184,280,0.292477021222684,0.320167409155083,0.415208332266675,0.430931004468517,0.320982400974019,"violation"
185,330,0.151228748167299,0.483923071139908,0.303998453429926,0.491096111027464,0.487110596523519,"violation"
186,1160,0.122340721813411,0.53408121773891,0.294165166301856,0.499874389691729,0.534095767474856,"violation"
187,310,0.265281875500718,0.340006087782316,0.4,0.442782329669129,0.347273750916403,"violation"
188,620,0.263403741883326,0.347783591294327,0.410486247537325,0.45538745209948,0.349167576799025,"violation"
189,550,0.234287812439438,0.376702765163769,0.388665868098542,0.4657704893618,0.379965532667536,"violation"
190,1260,0.296195899523546,0.316947031021853,0.437498875210014,0.447903208238808,0.317542392554395,"violation"
191,1390,0.291216315876252,0.30550762526549,0.435679081547686,0.443098308468156,0.322156675684987,"violation"
192,310,0.265281875500718,0.340006087782316,0.4,0.442782329669129,0.347273750916403,"violation"
193,50,0.276147357289898,0.330743693156906,0.346987031457949,0.384187454245971,0.336521313188706,"violation at burn-in"
194,950,0.260904395224184,0.348542960336208,0.41424630354416,0.459622873229312,0.351704367629498,"violation"
195,800,0.258720518300942,0.352690904430542,0.410822346032929,0.459876002309318,0.353936635504917,"violation"
196,330,0.256626543068792,0.349881413322423,0.395381974067881,0.448402940923489,0.356090913231191,"violation"
197,370,0.164419488402428,0.465316844779889,0.320484020357649,0.488172753194282,0.467674747432897,"violation"
198,1420,0.138179768313034,0.506950003778073,0.315331793594584,0.498807842796115,0.507513700532379,"violation"
199,220,0.245157851101098,0.36304717698549,0.378011325205305,0.447652277983114,0.368138759462246,"violation"
200,650,0.233229417453849,0.380826930071048,0.3904662665653,0.468804345962044,0.381139310793658,"violation"
201,440,0.255583889782362,0.356439215245108,0.4,0.455221088779311,0.357168720650465,"violation"
202,760,0.138666447840483,0.502818693643435,0.306892204991858,0.497359718665165,0.506729880631299,"violation"
203,1790,0.320672587426569,0.294572436830216,0.45216932872351,0.439425871913668,0.295751050556982,"violation"
204,360,0.273269843708617,0.337021602854675,0.408097059382377,0.443671202358762,0.339335656013539,"violation"
205,50,0.247505210170585,0.330743693156906,0.324961536185438,0.384187454245971,0.365637848793216,"violation at burn-in"
206,480,0.27170019526911,0.334647652330738,0.411973569810276,0.446514277487294,0.340880821443008,"violation"
207,1270,0.464293948191956,0.190930363179215,0.493761063268435,0.365727477109904,0.191417628764655,"violation"
208,820,0.209012910515301,0.401474140489866,0.375203692448367,0.4773514077161,0.409160578473976,"violation"
209,960,0.213478650594629,0.402250982744637,0.38085561340735,0.478576402744524,0.403817480704149,"violation"
210,280,0.202734983685783,0.393722646799804,0.349927106111883,0.464230765979198,0.416815932464782,"violation"
211,780,0.27199452444075,0.339905698864123,0.418842445416937,0.454235310484836,0.340590542714119,"violation"
212,930,0.186175719252046,0.435639646720885,0.357597616092815,0.487086092598113,0.437871824048239,"violation"
213,690,0.245431448895498,0.36571350657959,0.4,0.463731882642552,0.367846315922167,"violation"
214,1480,0.217575387852836,0.397954685873866,0.388953921945312,0.479643597140184,0.398988238186777,"violation"
215,390,0.281383572794266,0.328829077311646,0.414592470387851,0.440854170601816,0.331459732270611,"violation"
216,480,0.22343523878667,0.385379876378196,0.378175214755747,0.467591160155488,0.392197092794636,"violation"
217,640,0.129794702453133,0.519471924597178,0.293646091994683,0.498471785654665,0.521318154279641,"violation"
218,1310,0.29004734507068,0.322753733347293,0.434544289553942,0.45092217535619,0.323249210383582,"violation"
219,740,0.268812536245197,0.339119507601761,0.41624034679085,0.453385930577128,0.343742077767056,"violation"
220,870,0.295032621461118,0.318088210262298,0.433344004258991,0.445201660408449,0.318614624492824,"violation"
221,130,0.325595037334636,0.289359935344867,0.416309511622609,0.394113490998446,0.291537787677712,"violation"
222,1150,0.262281955809268,0.34889902608812,0.417152105372864,0.461231195281656,0.350303816694682,"violation"
223,420,0.272524712434102,0.339650679219893,0.410325903324145,0.447112175021162,0.340068281194328,"violation"
224,50,0.276147357289898,0.330743693156906,0.346987031457949,0.384187454245971,0.336521313188706,"violation at burn-in"
225,1050,0.261198410176562,0.35126076486199,0.415527422138122,0.461507929683768,0.351404958863431,"violation"
226,220,0.307570578500794,0.302451543602766,0.419070202604222,0.416076717337973,0.30723651765068,"violation"
227,1770,0.231485012580631,0.381201167418166,0.400844969195542,0.475432708523379,0.383082740964063,"violation"
228,740,0.15151036211578,0.48150125029373,0.320484020357649,0.49464628292901,0.486683707675616,"violation"
229,420,0.45234118238948,0.197965981688468,0.486198404860494,0.354721953646927,0.198844678285186,"violation"
230,680,0.307328322171608,0.305764057165967,0.437175485182198,0.436356017942303,0.307452700930727,"violation"
231,660,0.236434467486936,0.375300577082305,0.393017569476678,0.466942067497169,0.377597187954389,"violation"
232,770,0.150185353164638,0.483445547452262,0.319725911459213,0.495057371741465,0.488696994888524,"violation"
233,1620,0.184708045265737,0.439762795969277,0.363019123059312,0.490148334101366,0.439802247786594,"violation"
234,70,0.0537587093997218,0.680537471524463,0.118666055184544,0.499795876701026,0.685631781606387,"violation"
235,650,0.273285265350481,0.337239029633906,0.417328783586116,0.451231057724999,0.339320510027497,"violation"
236,800,0.262744692798836,0.34876866764222,0.413398642353842,0.458257569495584,0.349834654873402,"violation"
237,720,0.265576385402785,0.346707675622957,0.413870245665128,0.456416446047053,0.346977740518758,"violation"
238,1140,0.221478939700626,0.394438796973225,0.389078351596607,0.477244579253875,0.394449331916208,"violation"
239,1020,0.289392617659356,0.323403632930438,0.431874707719742,0.449190822738625,0.323862692645457,"violation"
240,820,0.202340516175244,0.403992477946196,0.369743548277937,0.478104775217382,0.417302720752824,"violation"
241,890,0.184418109815644,0.439431795566204,0.355411570110858,0.487724582396877,0.440184894653072,"violation"
242,820,0.257857978950644,0.349519808243143,0.410568300731723,0.458787878728345,0.354822356185112,"violation"
243,1120,0.388353427918317,0.240604918955138,0.475251678759018,0.402653824073256,0.242167530465489,"violation"
244,2050,0.244892503818236,0.36773319191096,0.411244682850868,0.471691174339768,0.368422624492871,"violation"
245,400,0.18747906350908,0.434869962171351,0.344374432848898,0.481430161082581,0.436166655401258,"violation"
246,1390,0.21975531849298,0.383723034322045,0.389951949147271,0.475003234811199,0.396446068617838,"violation"
247,1320,0.303787242793109,0.309327688132811,0.441816077436066,0.444585319730356,0.310628910037183,"violation"
248,980,0.150976720914454,0.487120631213882,0.324244227448595,0.496237404726034,0.487493097006121,"violation"
249,1780,0.166093204821023,0.46376734532669,0.346870420328582,0.494554043106347,0.465286745997359,"violation"
250,230,0.250075633984559,0.362349047239241,0.38273219350751,0.44814256440783,0.362920218730616,"violation"
251,530,0.263473991892411,0.34456903034009,0.408245383737314,0.452263796726902,0.349096548503189,"violation"
252,1390,0.250330713795987,0.354813477317676,0.411395063467505,0.464844523060704,0.36265171228107,"violation"
253,550,0.24028912006859,0.372885990389184,0.393017569476678,0.464334590107444,0.37338531828719,"violation"
254,1450,0.225620990854552,0.389645780311697,0.394733462655288,0.477077907023368,0.389698124869219,"violation"
255,820,0.251307093377739,0.358435930482669,0.406262326495829,0.462392968788206,0.361625895536949,"violation"
256,940,0.235103876067954,0.37862743755868,0.396772857904342,0.470900623287146,0.379063253684257,"violation"
257,500,0.250260321858899,0.362212059710076,0.398492158015688,0.459125255240876,0.36272578824084,"violation"
258,570,0.279952049511972,0.330677174850637,0.419588096249172,0.44673501771651,0.332835950937219,"violation"
259,240,0.329639033274975,0.287736761238892,0.433012701892219,0.409076704298839,0.28811666925739,"violation"
260,370,0.232912432074141,0.380423342204849,0.38054399568456,0.462825507825506,0.381491640258292,"violation"
261,620,0.275602303546996,0.335863343452957,0.418112303123088,0.450098266528252,0.337052597009475,"violation"
262,1030,0.349758736051475,0.27125985853112,0.460756078239506,0.421515786760207,0.271613211461193,"violation"
263,590,0.217049501506163,0.398383936470484,0.376671797731095,0.473937221068896,0.399604351631622,"violation"
264,860,0.229947470587679,0.384751499034202,0.391932917185867,0.472355008071918,0.384804930444533,"violation"
265,440,0.278060741085283,0.327303731289795,0.41455317975258,0.441816077436066,0.334662887213589,"violation"
266,730,0.247281482186747,0.36367330721742,0.402040208832068,0.463443101524378,0.365875420557147,"violation"
267,510,0.262727628210774,0.347108518423995,0.407168559767393,0.452941176470588,0.349851944841767,"violation"
268,1050,0.228632194733374,0.385778168155122,0.393425562806216,0.474029381869187,0.386285087492625,"violation"
269,330,0.263419329398801,0.346612063225885,0.4,0.446895217215267,0.349151815304316,"violation"
270,930,0.283475279899724,0.326551145665056,0.427605626550936,0.449837781169564,0.329458936082008,"violation"
271,820,0.243426720446313,0.350794745026816,0.400911736055555,0.45931433780813,0.369994981347291,"violation"
272,930,0.223639523162133,0.389209888165781,0.388253945429728,0.474358101797466,0.391962758886254,"violation"
273,1320,0.242346539570035,0.370625090303601,0.405571279114545,0.470322164559215,0.371158365691791,"violation"
274,1180,0.228729959988286,0.385921383869877,0.394824314836771,0.47478430670296,0.386174845503283,"violation"
275,1360,0.207952867503914,0.409967130791553,0.380594798334175,0.482565860467337,0.410441236818036,"violation"
276,480,0.255724970162074,0.352385056163221,0.401554055791026,0.454529671443155,0.357022683027821,"violation"
277,770,0.24328824951635,0.367234000095363,0.4,0.465261439534331,0.370143896356649,"violation"
278,920,0.19884500529815,0.417896011876626,0.368410921126523,0.482687028503794,0.421646875641897,"violation"
279,1140,0.291370645761887,0.32171649057285,0.434020869443328,0.449342051749674,0.32201270398144,"violation"
280,1510,0.447742821218649,0.201339186219595,0.491453201076903,0.376387394482026,0.201754238220045,"violation"
281,1520,0.239270611292825,0.374330700334461,0.404850695778797,0.472402780600531,0.374493163980828,"violation"
282,460,0.151083851197604,0.484547493803048,0.311256979636442,0.493128587087229,0.487330452627661,"violation"
283,1470,0.263679148712081,0.348792953996487,0.42035147010029,0.462855563151431,0.348889204162175,"violation"
284,1050,0.263223123387848,0.348290012093466,0.416795898326361,0.460306513279793,0.349350264856024,"violation"
285,1050,0.129441058808783,0.521504800115883,0.301265659729791,0.499338337713222,0.521913251456861,"violation"
286,2030,0.322086736942732,0.294022474116559,0.453602307652561,0.440026129879608,0.294535070577968,"violation"
287,680,0.255288611670909,0.352385363328191,0.406468034383737,0.458257569495584,0.357474577861884,"violation"
288,770,0.289263169857802,0.32366441838382,0.428809457708675,0.446677734482073,0.323984119324121,"violation"
289,800,0.278789368956594,0.333040408801021,0.423215001506327,0.451414443721067,0.333957881257285,"violation"
290,2470,0.218271676985288,0.39813878032492,0.394113490998446,0.481819649417091,0.398174190181039,"violation"
291,610,0.235445444613023,0.373900632306367,0.391130501325907,0.465712286021369,0.378686306601933,"violation"
292,650,0.553693326759624,0.140308506464252,0.499978697771067,0.306057193866048,0.141503046492799,"violation"
293,820,0.223628012602142,0.386333637370131,0.386606524003594,0.472541699056091,0.391975958338822,"violation"
294,50,0.276147357289898,0.303845276943675,0.346987031457949,0.366606055596467,0.336521313188706,"violation at burn-in"
295,740,0.178815065071881,0.444268675973112,0.347546970933589,0.487871526874487,0.447665274849005,"violation"
296,1290,0.366950680908537,0.256848663260885,0.468879479042788,0.414873552904913,0.258155303266337,"violation"
297,290,0.23994983410742,0.373439163587022,0.380702773387173,0.456737122477199,0.373753964215408,"violation"
298,570,0.32508205313654,0.29129908137639,0.444050302303337,0.426225533728006,0.291974337209789,"violation"
299,1420,0.23025111750973,0.381687292013177,0.397871743431705,0.474463959013848,0.384464128553192,"violation"
300,910,0.224837230239335,0.386066550728074,0.388875931109034,0.473186353822452,0.390592097025491,"violation"
301,1010,0.217157922022463,0.39637611573491,0.384352303832598,0.477125004351556,0.399477238361406,"violation"
302,670,0.234652094923775,0.374610859957573,0.391946664189931,0.466820721583087,0.379562469591732,"violation"
303,200,0.221571827092525,0.391853700855393,0.357071421427142,0.458257569495584,0.394342056633232,"violation"
304,390,0.298231392941942,0.314965579338008,0.424558400734753,0.433750368282882,0.315674486492859,"violation"
305,410,0.29491437578696,0.316096989071015,0.423464086130941,0.435104451141029,0.318723809106699,"violation"
306,1920,0.186718988693217,0.436381992652975,0.366509421183102,0.490003974881128,0.437160026842079,"violation"
307,310,0.217601829260438,0.395445220404843,0.364801486934918,0.466226689178551,0.398957289483742,"violation"
308,170,0.272881274560802,0.32714714596105,0.390899946490262,0.424182502995763,0.339717504650284,"violation"
309,1280,0.318676297419687,0.294171740508786,0.448845633089763,0.436561493377508,0.297475317195298,"violation"
310,780,0.326426579973156,0.288416178017911,0.448114979492425,0.42847949140678,0.290831383723335,"violation"
311,1170,0.25158385039746,0.359983872128052,0.410495834694704,0.465679429117805,0.361335688125519,"violation"
312,680,0.223273763146349,0.392318393887216,0.383696733620451,0.473109057121924,0.392382434730534,"violation"
313,640,0.284118285602563,0.327433170862052,0.423607553491436,0.446514277487294,0.328846269918741,"violation"
314,910,0.228399673997547,0.384929764363285,0.391517349608005,0.472809780222832,0.386547425437769,"violation"
315,1870,0.200130961310353,0.419402620171724,0.37754768137105,0.486219782755301,0.420042287416102,"violation"
316,1060,0.487321102328368,0.176403343412021,0.496455037369532,0.350476459501926,0.177641363016536,"violation"
317,1240,0.230918573795636,0.383702630650084,0.396943807177025,0.474358101797466,0.383716194459459,"violation"
318,440,0.220156599454588,0.394863213676407,0.374027665039467,0.470048133635146,0.395980160143124,"violation"
319,300,0.270027115248018,0.336317921134626,0.402478432824529,0.440441697491154,0.342535644139592,"violation"
320,310,0.294044339907403,0.315369138526319,0.418112303123088,0.430182789114055,0.319528277687411,"violation"
321,1090,0.175705962897634,0.44745593124394,0.350194434191794,0.490268911677144,0.451888131006795,"violation"
322,460,0.259260488878376,0.348558111715274,0.403224245377794,0.452341106213564,0.353383329205173,"violation"
323,760,0.465411374721371,0.19032063577941,0.492166826996261,0.358356416615693,0.190733153402628,"violation"
324,640,0.255457858398454,0.357095829419731,0.405741869719838,0.459608784049,0.35729923369429,"violation"
325,650,0.241624984352123,0.369575410333141,0.396496491101272,0.464668871093506,0.371937720838238,"violation"
326,340,0.262551015131408,0.343237858333474,0.4,0.445770201633487,0.350030942464965,"violation"
327,600,0.230094638534546,0.38334420251818,0.386939558874797,0.468994195652308,0.38463971218572,"violation"
328,520,0.272538687184147,0.336625937736088,0.413725318361415,0.448431685244655,0.340054526317969,"violation"
329,190,0.226491869645232,0.38837341030402,0.359632006439084,0.455924375320162,0.388707520306982,"violation"
330,870,0.199875799183973,0.418468990910511,0.368514064770142,0.482524573807574,0.420360074744737,"violation"
331,1180,0.171948346250482,0.456129156119333,0.347689050669108,0.492170821166492,0.457062838278864,"violation"
332,910,0.130181562854874,0.520543631353935,0.3,0.49911889519157,0.520668391895842,"violation"
333,420,0.256773406384126,0.354911470195679,0.4,0.453982128770099,0.355939373193214,"violation"
334,160,0.296438679304554,0.303683850578653,0.404612082740988,0.409076704298839,0.317319049541829,"violation"
335,1670,0.263224085912112,0.346694617977308,0.421177786127167,0.462812275560569,0.349349291041344,"violation"
336,410,0.227471224538631,0.386425502597613,0.378394806237175,0.466287628283556,0.387596947820177,"violation"
337,670,0.244404678812683,0.365248862870409,0.398876233867485,0.463285601626618,0.368945111934053,"violation"
338,1310,0.261118317995011,0.349700473004859,0.417707942721074,0.462461875768421,0.351486494120097,"violation"
339,160,0.252233548270264,0.346519222661858,0.374530956664466,0.433012701892219,0.360655387884677,"violation"
340,1440,0.230097073689604,0.384417828326209,0.397901517066661,0.475413542366467,0.38463697902855,"violation"
341,260,0.26212209027009,0.330940615561363,0.394113490998446,0.43521062030202,0.350466053223466,"violation"
342,480,0.251140841225049,0.361216381113322,0.398428989560527,0.458257569495584,0.361800346849981,"violation"
343,70,0.199791794003654,0.419352156559891,0.3,0.444696640464954,0.420464762246668,"violation"
344,1540,0.174468351469132,0.453185217751964,0.353210344762378,0.492484844755704,0.453583786675646,"violation"
345,1370,0.0949439138191513,0.585827112795859,0.26012452089351,0.49807825050935,0.5859582930166,"violation"
346,730,0.256159752694857,0.356510136961972,0.407989270553124,0.46061020009016,0.35657301839659,"violation"
347,490,0.286359771728765,0.325920088768858,0.421224687549392,0.442574912419213,0.326719269150079,"violation"
348,1390,0.175661531013076,0.44035556301547,0.353149485753302,0.489750546233855,0.451948861112508,"violation"
349,1680,0.261701512074771,0.349607757800915,0.420296687538167,0.463992199651964,0.350893241015311,"violation"
350,390,0.230065368019125,0.380892740623542,0.379417873089106,0.463641930350593,0.384672566392963,"violation"
351,550,0.272047277620344,0.33448301874491,0.41424630354416,0.44810344142271,0.340538541922729,"violation"
352,160,0.190857353068713,0.429401501912577,0.323494107365188,0.46837484987988,0.431786099450695,"violation"
353,1450,0.273009166447793,0.339179259198795,0.425816694497436,0.458857081933911,0.339591776911217,"violation"
354,2190,0.160802454588821,0.472725272195881,0.343832887616743,0.496185487021228,0.47289374237398,"violation"
355,60,0.343496183827949,0.231830487338595,0.4,0.321022671404304,0.276660169019807,"violation"
356,2050,0.520953186420146,0.158413738445302,0.499785795877451,0.340809478353222,0.15869994977281,"violation"
357,1650,0.178177494972201,0.44744051298135,0.357368198619794,0.491666083017817,0.448526975301456,"violation"
358,600,0.266453310060668,0.344836744716648,0.411973569810276,0.453762052181537,0.346097880907038,"violation"
359,480,0.260300143650417,0.321276493186062,0.404612082740988,0.439992897669951,0.3523205371505,"violation"
360,860,0.257484888513615,0.35453561702982,0.410902988001968,0.461239658653699,0.355206192182084,"violation"
361,880,0.259127582410021,0.352711077849584,0.412233823462621,0.46069560906837,0.35351943424657,"violation"
362,1890,0.44038598031126,0.205381815602452,0.490742951263579,0.381879017048949,0.206471132722176,"violation"
363,1070,0.166590153012298,0.464017091899149,0.341273810572776,0.493189710444421,0.464580948890643,"violation"
364,660,0.362620651172685,0.261114195822427,0.462118728259594,0.409872989801225,0.261491441891334,"violation"
365,1470,0.233482615244141,0.378937311436491,0.40050930138408,0.473754703305582,0.38085814241385,"violation"
366,50,0.217711048206478,0.356948064275304,0.3,0.4,0.398829482369141,"violation at burn-in"
367,630,0.233438133637557,0.380800745286421,0.390153434812374,0.46852292517922,0.380907521099148,"violation"
368,1750,0.355494374937881,0.265915190987085,0.466476151587624,0.423192531086439,0.2670596987965,"violation"
369,610,0.279954266858503,0.327260724999121,0.420516568471497,0.445892598751167,0.332833814883693,"violation"
370,1110,0.227283692020806,0.387080103838877,0.393081966453907,0.474791869360779,0.387809327292923,"violation"
371,1390,0.249569532921468,0.354813477317676,0.410897188048308,0.464844523060704,0.363453588443566,"violation"
372,1300,0.2638783772636,0.346722570430241,0.41934296311022,0.461217195879716,0.348687972925499,"violation"
373,590,0.272638488199189,0.337900810375126,0.415613818717006,0.450480926578636,0.339956311862894,"violation"
374,820,0.259166445040304,0.345692560220145,0.411413243142411,0.457185346882341,0.35347963067614,"violation"
375,940,0.34212739727699,0.276043007602585,0.456851418571699,0.423398909407072,0.277773906628422,"violation"
376,2870,0.136973741272511,0.50931716037117,0.321507454698226,0.499533101579977,0.509464080295533,"violation"
377,470,0.28189574093753,0.330101586746444,0.417932135947973,0.444069619621826,0.330968719151146,"violation"
378,1160,0.215919328890778,0.398529967297523,0.385046748864264,0.478565533938126,0.400932198441827,"violation"
379,250,0.272171126401323,0.33474263481099,0.4,0.436421814303547,0.340416491058481,"violation"
380,1000,0.169105102901667,0.459534167016182,0.342788564570057,0.492195083274914,0.461031439335425,"violation"
381,960,0.23147924153403,0.381826235553694,0.3944259519824,0.472135919401277,0.383089188852256,"violation"
382,1100,0.3073371671708,0.3073371671708,0.442056613553939,0.442056613553939,0.307444805393555,"violation"
383,1690,0.212057683017027,0.40286926115389,0.386049216304158,0.481620457172076,0.405508579034444,"violation"
384,1300,0.112099817476496,0.55160151064329,0.282846896507466,0.499928397239909,0.552511216380044,"violation"
385,630,0.175320211286771,0.451424019672039,0.341638781746522,0.488558948652969,0.452415743721971,"violation"
386,890,0.19428809836006,0.426771973433073,0.364086556090329,0.484768636808767,0.427394318641969,"violation"
387,610,0.267566330976322,0.344607301177414,0.412909785217424,0.453837884695097,0.344984426002946,"violation"
388,1080,0.244297202078186,0.368756931637302,0.404780038152444,0.46837484987988,0.369060333354753,"violation"
389,260,0.266494852744421,0.343599890409764,0.397086281295261,0.441537791476307,0.346056255994105,"violation"
390,1730,0.389131856064107,0.241569120209683,0.477779845543857,0.407596023484183,0.241601272010666,"violation"
391,190,0.282150964736643,0.330080255464631,0.4,0.428357683144754,0.330724305491471,"violation"
392,1510,0.204174447154226,0.414709277493233,0.378687518484947,0.484250891053103,0.415045434506375,"violation"
393,790,0.198673908549025,0.421274240403532,0.366135821565386,0.482701897256605,0.42186093542234,"violation"
394,1750,0.17501971365045,0.452346701453205,0.355099985919459,0.492697365405531,0.452827318339402,"violation"
395,1390,0.18344845477606,0.438159647458208,0.360216193731467,0.489301726225022,0.441467741751741,"violation"
396,840,0.240386303070254,0.370080984568486,0.399104368620733,0.467024886807929,0.373279799048066,"violation"
397,890,0.283861259758809,0.325374401044049,0.427356415501711,0.448888709032463,0.329091033848105,"violation"
398,780,0.490557901274638,0.1756281296884,0.496037884812206,0.345383758779133,0.175759009233201,"violation"
399,490,0.288572403746909,0.3237364922468,0.422522915742287,0.441496074546611,0.324632830019249,"violation"
400,480,0.255724970162074,0.352385056163221,0.401554055791026,0.454529671443155,0.357022683027821,"violation"
401,320,0.267827392162437,0.329861636658401,0.402324787174492,0.43829169439427,0.344723793863141,"violation"
402,470,0.104671120078162,0.563174031116236,0.255505251323826,0.499981891931039,0.566562378504386,"violation"
403,310,0.304731760315945,0.301174953497499,0.424300857272042,0.422272727018157,0.309778728251899,"violation"
404,570,0.296955877920303,0.313862283015436,0.429409036528702,0.438442078081659,0.31684375693503,"violation"
405,300,0.358004024266811,0.262531865043946,0.450616861153192,0.39747816152449,0.265087574651211,"violation"
406,440,0.268097515542072,0.344334105406945,0.40827570291015,0.449885201151223,0.344454326116708,"violation"
407,280,0.28849174281686,0.300424837565797,0.412789786893117,0.419912527334259,0.324708662327092,"violation"
408,200,0.280176483244127,0.331207198053099,0.4,0.430087200460558,0.332619814382939,"violation"
409,780,0.282951558285991,0.327776669793348,0.425353239132797,0.448747251790449,0.32995877569819,"violation"
410,840,0.291320896990706,0.321515716217317,0.430931004468517,0.446514277487294,0.32205910697109,"violation"
411,1340,0.209368725095295,0.40822642603875,0.381554984027845,0.482031788046196,0.408731784877154,"violation"
412,1270,0.159224478956317,0.473866037599009,0.336216784357135,0.495175433959946,0.475196107019664,"violation"
413,210,0.222773122116849,0.389756994876573,0.35938975741168,0.458257569495584,0.392957710930308,"violation"
414,480,0.258013663493869,0.334647652330738,0.403091353031653,0.446514277487294,0.354662316172059,"violation"
415,1630,0.150427755979525,0.488076662071609,0.330196451014486,0.497400370535174,0.488327771125386,"violation"
416,1120,0.38743364102385,0.242510983720993,0.474958879799083,0.403962358066558,0.242837960902218,"violation"
417,620,0.280814195270636,0.329033177948671,0.421245736908617,0.44691973872453,0.332006436851149,"violation"
418,1030,0.141679902840506,0.497926525418095,0.314935953073953,0.497542267591753,0.501917311375377,"violation"
419,810,0.241004998275574,0.371686376561294,0.399071090285123,0.46732757432918,0.372608798253754,"violation"
420,430,0.418190193553758,0.217252339966878,0.477333725109693,0.371285460873331,0.221181264926295,"violation"
421,900,0.254745839009075,0.357910386161311,0.409661106552992,0.462948147911104,0.35803751723469,"violation"
422,200,0.25700699746989,0.35346136128091,0.384187454245971,0.441333207452147,0.355698483100272,"violation"
423,940,0.274912704038429,0.336569869199759,0.422728799403564,0.454448361991342,0.337725979653853,"violation"
424,560,0.22433160809311,0.388977229244255,0.381487254715284,0.470341685395212,0.391170062979603,"violation"
425,570,0.272361731767665,0.339981115125318,0.414955859882674,0.451037584960601,0.340228739070409,"violation"
426,1900,0.368884995282968,0.256523019980418,0.471713737785442,0.418101168687218,0.256676311034717,"violation"
427,900,0.242825601633781,0.370617899201921,0.401657061511096,0.467748745470139,0.370641912094325,"violation"
428,610,0.242618622294662,0.370466662592859,0.396263792544027,0.464417867793463,0.370864950382298,"violation"
429,920,0.165362222194843,0.465662285912176,0.337970074513322,0.492945268571657,0.466327615027766,"violation"
430,1210,0.141416706087142,0.5013484018358,0.316865367233658,0.498149708036342,0.502334879477974,"violation"
431,850,0.230020957153082,0.384221103081539,0.391835358405652,0.472093181817254,0.384722420675691,"violation"
432,50,0.247505210170585,0.356948064275304,0.324961536185438,0.4,0.365637848793216,"violation at burn-in"
433,590,0.220796385152541,0.394853709124674,0.37960426331257,0.47278414649951,0.395238645897132,"violation"
434,890,0.25751396064163,0.352413733125901,0.411328042737889,0.460668676317079,0.355176267109969,"violation"
435,450,0.281831857915189,0.329875413418996,0.417215934262426,0.443382063598639,0.33102992426368,"violation"
436,1290,0.243699442732546,0.369350259723861,0.40625554407703,0.469734181543155,0.369701879530048,"violation"
437,390,0.241579644597493,0.36728169223085,0.387985237320569,0.458257569495584,0.371986752128084,"violation"
438,980,0.240064117699391,0.373273766132596,0.400763276342955,0.469320092727484,0.37362974658379,"violation"
439,1090,0.147388110195177,0.491197890687032,0.321933390083836,0.496960714769528,0.492987408503343,"violation"
440,210,0.24524707484092,0.358529443813019,0.376883027379226,0.444696640464954,0.368043362260183,"violation"
441,610,0.271111330797037,0.339412587107182,0.41512974629838,0.45153147978552,0.341462333900905,"violation"
442,450,0.276978945308603,0.332255989809522,0.41424630354416,0.444533324446222,0.335712347926156,"violation"
443,1740,0.181555703979424,0.443200450181939,0.360970784853159,0.491036043305454,0.443985838930821,"violation"
444,480,0.183503291446264,0.424553720525042,0.344374432848898,0.480121331598124,0.441395064246956,"violation"
445,1080,0.223466475816744,0.390745879154317,0.389941256875242,0.475788998893169,0.39216125049507,"violation"
446,1950,0.174039754542933,0.453811599514567,0.355303205978823,0.4932216409625,0.454172986788067,"violation"
447,1470,0.39080877404809,0.239973906593169,0.477501111797915,0.405012784537543,0.240384941062163,"violation"
448,1360,0.382821772237821,0.245570170961947,0.47459461849363,0.4080392127418,0.246221634268243,"violation"
449,560,0.245944799601101,0.366515443551962,0.397296347522982,0.462051630430706,0.367298282415182,"violation"
450,70,0.0839886809843447,0.57814326647038,0.166598625567009,0.492598275701905,0.60936119610361,"violation"
451,1190,0.239430639851709,0.373265044161033,0.402499078366134,0.470606242152486,0.374318860069485,"violation"
452,890,0.255108083625002,0.35709814607085,0.409765899523831,0.46253938643595,0.357661709749086,"violation"
453,320,0.257312250683906,0.350185050531924,0.395235293844059,0.448075311052729,0.355383949469616,"violation"
454,60,0.255281640244135,0.343496183827949,0.339934634239519,0.4,0.357481802392067,"violation"
455,900,0.261876021722015,0.349804048820291,0.41424630354416,0.459697968477371,0.350715923387608,"violation"
456,1640,0.172007780067761,0.456866818280879,0.351608334063609,0.493278738987101,0.456980373783348,"violation"
457,280,0.280497771230029,0.304387628880335,0.4078158598071,0.422199657769175,0.332310646294432,"violation"
458,630,0.221242495896328,0.394035813123853,0.380982141694659,0.473061146230128,0.394722551968498,"violation"
459,680,0.248917113233658,0.363177478695108,0.402189079119911,0.462613962392719,0.364142397965722,"violation"
460,180,0.303479450396248,0.309828622597692,0.411973569810276,0.415739709641549,0.310906433300112,"violation"
461,470,0.196951051238689,0.422079903635965,0.35602554320599,0.479247939584718,0.424023914327413,"violation"
462,480,0.244247388501298,0.365622969333421,0.393612189287318,0.460053589873566,0.369113749690697,"violation"
463,1370,0.134224481957318,0.513658069165792,0.310417283118191,0.499188963403506,0.513953560067977,"violation"
464,1080,0.29337979666542,0.319622189509236,0.434604616679927,0.447903208238808,0.320144051394201,"violation"
465,1290,0.317903096033001,0.297650777191284,0.448541895860137,0.438464441708367,0.298145603451628,"violation"
466,1020,0.143030023576448,0.494666312309249,0.316280952488991,0.497189331979187,0.499783503963842,"violation"
467,610,0.211978913156795,0.404665673971745,0.373166034103227,0.476189298830144,0.405602568401715,"violation"
468,480,0.253434038137726,0.359010832097605,0.4,0.457342679387009,0.359401927455732,"violation"
469,1390,0.197407231484943,0.422030634689262,0.372248458227097,0.485704760564554,0.423449864240667,"violation"
470,670,0.279865747380118,0.332295262838991,0.421691319241393,0.449290919272071,0.332919099598369,"violation"
471,500,0.201336685204386,0.416714821549409,0.360948749824681,0.478209159259837,0.418544622591233,"violation"
472,390,0.244447710893675,0.361819842859088,0.390055543171369,0.455985108814839,0.368898989930613,"violation"
473,540,0.201469274562945,0.416195758205442,0.362433476228891,0.478681316189734,0.418380329211958,"violation"
474,1120,0.274751933472296,0.336571934976596,0.424444414764159,0.455882050400705,0.337883163418101,"violation"
475,1830,0.240242855329841,0.371899491053951,0.407191467442886,0.472550916408639,0.373435563043304,"violation"
476,900,0.257124354899636,0.354438147219738,0.411207195978732,0.461574064786953,0.35557752318861,"violation"
477,550,0.34412505671961,0.275989557358685,0.452489897608794,0.416681101678331,0.276149765103964,"violation"
478,330,0.263419329398801,0.346612063225885,0.4,0.446895217215267,0.349151815304316,"violation"
479,1390,0.216682456075846,0.39996239992734,0.387624937910394,0.479915973529724,0.400035030412243,"violation"
480,460,0.256868272517054,0.355490383758999,0.401621241878671,0.455355653601161,0.355841522138709,"violation"
481,1260,0.222269769113085,0.393341818645919,0.390788202868426,0.477465884592671,0.393537081352479,"violation"
482,440,0.248042336588761,0.363679345586939,0.394794381046368,0.458257569495584,0.365068162961697,"violation"
483,510,0.234712088884954,0.376099426205941,0.387739830409671,0.464788608504904,0.379496134478747,"violation"
484,1290,0.317094773063345,0.298462677114622,0.448159239471913,0.438888413472947,0.298847803987834,"violation"
485,1400,0.304885100586497,0.308611541487562,0.44284274170133,0.444696640464954,0.309640908986445,"violation"
486,980,0.309391265496433,0.304022772667275,0.442037000379255,0.439302009700366,0.305616296772034,"violation"
487,1020,0.281102095368795,0.331605878701414,0.427202437185888,0.452941176470588,0.331729889736514,"violation"
488,1030,0.431844005787476,0.21201762086724,0.486698360960073,0.380588716018585,0.212045617426936,"violation"
489,720,0.332097606172019,0.283449212086798,0.449946413133117,0.424691245872796,0.286054226591188,"violation"
490,910,0.244965588049987,0.367843084264343,0.403259273048197,0.466814428507692,0.368344416309964,"violation"
491,820,0.247369586090771,0.359708067984628,0.403612479871953,0.462892838454994,0.365781845169884,"violation"
492,2230,0.18243459130224,0.442312708906688,0.364176640478282,0.491560212403226,0.442814260823746,"violation"
493,550,0.272047277620344,0.340271649524243,0.41424630354416,0.450762439495023,0.340538541922729,"violation"
494,780,0.182747293201001,0.43959666526006,0.351971529988463,0.487105257502849,0.442398391484248,"violation"
495,530,0.26963825018587,0.342567991656449,0.41218966556516,0.451369499481633,0.342921431900984,"violation"
496,530,0.2737396116034,0.336557427286564,0.414755436265412,0.448628303755548,0.33887459050441,"violation"
497,300,0.20528963407282,0.411448699870105,0.353773310971243,0.471404520791032,0.413680062148477,"violation"
498,610,0.304573348267328,0.309823163801587,0.434423136394804,0.43718886506355,0.309921166233801,"violation"
499,1110,0.357280935030461,0.264749182230821,0.46428223143133,0.418321767553778,0.265654536910793,"violation"
500,1660,0.252101903756174,0.360510012728877,0.414164841101447,0.468036236226075,0.36079312311167,"violation"
501,2450,0.215287874121576,0.400460522481012,0.391816325999122,0.482417382162215,0.401676350195376,"violation"
502,1360,0.395657262966589,0.235423831394373,0.478557860067647,0.401098728882826,0.236894985999402,"violation"
503,1160,0.211281770129698,0.404726154066403,0.381435075738411,0.480350366331906,0.406435537781775,"violation"
504,880,0.183949379372068,0.440720980082882,0.354829431727182,0.487954069102532,0.440804419011972,"violation"
505,490,0.225855119614701,0.386452201112637,0.380402907907992,0.46818390431883,0.389431526341578,"violation"
506,1920,0.258835341842639,0.352318140026971,0.419623622279538,0.465788969544477,0.353818900463604,"violation"
507,440,0.21248219799937,0.404398497446655,0.367866026187715,0.473246000362923,0.405002485732304,"violation"
508,50,0.247505210170585,0.356948064275304,0.324961536185438,0.4,0.365637848793216,"violation at burn-in"
509,240,0.16549536582698,0.459671089096844,0.310800936649525,0.483027920748089,0.466137789077927,"violation"
510,450,0.267244237292818,0.344130164959565,0.408097059382377,0.450080925508039,0.345306267886823,"violation"
511,330,0.239539569038573,0.366168383916038,0.383174598827231,0.455564514234741,0.374200264832589,"violation"
512,840,0.288793067928259,0.324020827843574,0.429521103887582,0.447706108554695,0.324425463410755,"violation"
513,820,0.289112474483243,0.322650203875997,0.429434557601439,0.446821013876254,0.324125532620831,"violation"
514,750,0.207467174335111,0.408420329659856,0.372677996249965,0.478815204436952,0.411029618046114,"violation"
515,270,0.11008094307767,0.553495219488673,0.249443825784929,0.498887651569859,0.556269099226722,"violation"
516,2060,0.320037915658622,0.295907872978659,0.452767435287874,0.441100293945156,0.296298255719428,"violation"
517,1910,0.201060197271638,0.418372358336929,0.378505064318577,0.486051428414568,0.418887476972154,"violation"
518,1020,0.130935401508578,0.516409733520482,0.302596732923301,0.499014792534262,0.519405933871577,"violation"
519,970,0.245775054392429,0.363079495599222,0.404565296295847,0.465513862900169,0.367479398201706,"violation"
520,70,0.23991411811074,0.368250843329076,0.334724986110285,0.419912527334259,0.373792794096259,"violation"
521,1110,0.257098035740585,0.355412260756747,0.413513513513514,0.463557943571383,0.355604646503515,"violation"
522,620,0.259908492570913,0.349483170561949,0.408223862806196,0.456115229977787,0.352720512814481,"violation"
523,140,0.320095302154953,0.286612857005678,0.415208332266675,0.394541842275471,0.29624874026369,"violation"
524,820,0.352069277866056,0.269614219745303,0.459836959958853,0.417983246136924,0.269771057267602,"violation"
525,1660,0.102590927675756,0.569549822054998,0.273334038474473,0.499055211308135,0.570610893777048,"violation"
526,370,0.266169758360487,0.34579122392153,0.403997555482266,0.448200688118395,0.346382130962654,"violation"
527,550,0.226261207439485,0.388128572075857,0.382665725994947,0.46988305209342,0.388969613709922,"violation"
528,1220,0.133914580140321,0.513922431280484,0.308549675815061,0.499079372816457,0.514463464962427,"violation"
529,830,0.24967479907419,0.363080052377933,0.405320974261057,0.464299583936374,0.363342581583257,"violation"
530,1050,0.291449269846156,0.31946822555319,0.433287281697404,0.447587638209045,0.321939380805087,"violation"
531,70,0.315069708414992,0.278202080628931,0.388875931109034,0.363935405795914,0.300613626653768,"violation"
532,470,0.270288635474694,0.339192341846759,0.410748524507136,0.448371127723056,0.342276441471739,"violation"
533,480,0.28078277499475,0.327969560614304,0.417582327212252,0.443309640657633,0.332036631909817,"violation"
534,1130,0.260209247887642,0.351181181502288,0.41567399438271,0.462018948031909,0.352413322814425,"violation"
535,1160,0.170115937087549,0.455786366778673,0.34573049892,0.492052623994653,0.459615191267148,"violation"
536,1390,0.310011207180555,0.301751212678307,0.445328389929361,0.441199038160492,0.305066423915441,"violation"
537,190,0.282150964736643,0.330080255464631,0.4,0.428357683144754,0.330724305491471,"violation"
538,1100,0.324467182751462,0.291092886810018,0.450324951544405,0.433536294914583,0.292498362524751,"violation"
539,1390,0.155296042167674,0.479741811044165,0.33335136158828,0.496157274243398,0.480997183880769,"violation"
540,170,0.259020469430631,0.347071141130619,0.381220041082815,0.43469752439629,0.35362916486003,"violation"
541,1820,0.479480964483896,0.182028415542312,0.496660445005575,0.361852297067642,0.182255243536971,"violation"
542,120,0.262051457649802,0.341585616246695,0.372677996249965,0.422952584681651,0.350537758195311,"violation"
543,420,0.277751458452849,0.331990132338329,0.413600966678256,0.443464764927752,0.334962590894777,"violation"
544,480,0.264866563253471,0.345745386672357,0.407604579286783,0.451612658210059,0.347691620321771,"violation"
545,1300,0.133588729220188,0.51384158720056,0.309015424444119,0.499144830815844,0.515000462091166,"violation"
546,750,0.24955692812225,0.35993670144907,0.403944990754379,0.46221880340616,0.363466883079151,"violation"
547,50,0.0277447601357925,0.735556280392207,0.0707106781186548,0.498397431775084,0.775279566806828,"violation at burn-in"
548,1390,0.225892309287372,0.38520134215096,0.39450183279927,0.475473716312469,0.389389198221822,"violation"
549,610,0.249771069504925,0.360145330420263,0.401224275322128,0.460372703435229,0.363241092767234,"violation"
550,270,0.24856104390209,0.359752990207479,0.385416597152702,0.449721755160312,0.364518917384924,"violation"
551,260,0.114197807433248,0.542039439698336,0.253846153846154,0.497865265393366,0.548652115287377,"violation"
552,570,0.159377898883579,0.473146591574861,0.324139127856309,0.492245187599937,0.474971567039895,"violation"
553,2360,0.200063197783803,0.413106120530466,0.37960426331257,0.485511869424333,0.420126653538859,"violation"
554,980,0.149839245656713,0.488153200784943,0.32304259489648,0.49636223522219,0.489224885634021,"violation"
555,100,0.249822619509731,0.359395040417215,0.357071421427142,0.427083130081252,0.363186760928797,"violation"
556,1250,0.155558717240946,0.48032223631287,0.332299623833672,0.495989677311938,0.480606161592939,"violation"
557,1150,0.261360019794636,0.350703998498505,0.416576196857525,0.461955242964982,0.351240497199705,"violation"
558,480,0.307844043067572,0.301103907396576,0.433012701892219,0.42934361238989,0.30699265482148,"violation"
559,490,0.261895098401344,0.349837137577145,0.405994236761084,0.453667547952212,0.350696545384577,"violation"
560,1510,0.247112382245104,0.365825960260425,0.410062139548755,0.469416848372609,0.366055094223574,"violation"
561,480,0.253434038137726,0.354595178962057,0.4,0.455478800275051,0.359401927455732,"violation"
562,150,0.276243649314953,0.315232985446807,0.389643711898732,0.41424630354416,0.336427541010576,"violation"
563,430,0.27664037188095,0.334585381862641,0.413299718912057,0.445037537687918,0.33604147580369,"violation"
564,1390,0.270825431452987,0.339924987279243,0.424156091356584,0.458882849191521,0.341745026012763,"violation"
565,1700,0.12051072531114,0.536158810221859,0.29683684192944,0.499994463637169,0.537310662483433,"violation"
566,740,0.19828733084147,0.420664808597803,0.36484234164716,0.482142770183303,0.422345078483104,"violation"
567,1830,0.220625596161003,0.395397029315516,0.393290802523423,0.479872279383679,0.395436433700181,"violation"
568,480,0.285312039744352,0.323509200247659,0.420296687538167,0.441111089245731,0.327711805386345,"violation"
569,720,0.174333097760126,0.451764454377583,0.342906512832885,0.489322724176041,0.453769612129054,"violation"
570,310,0.17993020252607,0.443065601473255,0.331631102801703,0.481294214288512,0.44616334916721,"violation"
571,610,0.130270238230013,0.520450824619835,0.293328121263542,0.498449625362941,0.520519635225029,"violation"
572,280,0.284498706357428,0.324095047762296,0.410325903324145,0.433012701892219,0.32848432587321,"violation"
573,380,0.265273057000213,0.342756324373617,0.403893790377888,0.447174880735959,0.347282618346392,"violation"
574,850,0.254107104675038,0.35609181392653,0.408558949510243,0.461764331210039,0.358701182473199,"violation"
575,810,0.239671475600746,0.372970456675074,0.398136185101163,0.467795355947969,0.374056708511781,"violation"
576,1130,0.274269111532553,0.338304126288433,0.42424745533674,0.456696332861921,0.338355655414604,"violation"
577,400,0.193231967992231,0.424446641399145,0.349562226220168,0.478513322698543,0.42874028944279,"violation"
578,440,0.258092084263923,0.354022050988009,0.401694499681512,0.454181672610793,0.354581730101515,"violation"
579,1180,0.25221853769317,0.360550634941176,0.410998601722243,0.465950668906741,0.360671090124512,"violation"
580,750,0.439981550409654,0.203071218035581,0.486986196473325,0.369061271636868,0.20673267534521,"violation"
581,680,0.25369713579025,0.353928999750629,0.405410531390019,0.458896581665586,0.359127838172586,"violation"
582,500,0.315380470694917,0.296009889754653,0.43753399867896,0.427083130081252,0.300342029798434,"violation"
583,560,0.267365822331379,0.343908472811443,0.411563562923797,0.452596674755792,0.345184741844067,"violation"
584,280,0.252256861863248,0.351405372342179,0.388875931109034,0.446514277487294,0.360631001479393,"violation"
585,800,0.515561111887049,0.161596021008785,0.498591766879478,0.332130904162801,0.16164683268956,"violation"
586,620,0.340977032142102,0.275602303546996,0.452407135709868,0.418112303123088,0.278712910141389,"violation"
587,820,0.257857978950644,0.352069277866056,0.410568300731723,0.459836959958853,0.354822356185112,"violation"
588,1070,0.273335266515345,0.337142646626051,0.42314883823072,0.455769202065669,0.339271407299021,"violation"
589,890,0.289820743708093,0.321834026265834,0.430718286872209,0.447219241387757,0.323461409263009,"violation"
590,450,0.167275162878474,0.462812588394154,0.327542288288526,0.488969690292447,0.463610459859348,"violation"
591,460,0.308969371896599,0.299573974702594,0.433012701892219,0.427874467041811,0.305991030657619,"violation"
592,600,0.291612620457039,0.320108158325196,0.427083130081252,0.442216638714053,0.32178709495019,"violation"
593,750,0.208930600767726,0.407042874457219,0.373866286257534,0.478412188622136,0.409259846904711,"violation"
594,710,0.374961408961526,0.247913890088741,0.467446519679168,0.402097259268856,0.252075025391424,"violation"
595,960,0.266047111614253,0.3439588747978,0.417582327212252,0.457801538075058,0.346505153927886,"violation"
596,790,0.167826229320655,0.460178330943565,0.338105033413601,0.491387122621422,0.462831748526846,"violation"
597,430,0.119792091807073,0.537503062869347,0.273441302704764,0.498938841492649,0.538581880463951,"violation"
598,910,0.281333717900197,0.330011579718045,0.426142737983524,0.451231057724999,0.331507566334232,"violation"
599,1160,0.20198367626113,0.416213673522911,0.373958124599034,0.483447783953707,0.417743673011046,"violation"
600,670,0.178589449437109,0.447195338234975,0.345743941089614,0.48798438416524,0.447969953634514,"violation"
601,510,0.275549551762111,0.336691834396049,0.415302264357503,0.448226888226809,0.337104060676712,"violation"
602,1240,0.311788079133043,0.303352723650988,0.445286915420547,0.441075216390638,0.303495444695989,"violation"
603,540,0.300877540670682,0.312793406480338,0.43085314287704,0.43720571132958,0.313261798499914,"violation"
604,120,0.251766619092131,0.360827112087748,0.365053268563492,0.433012701892219,0.361144172753759,"violation"
605,60,0.207622137870962,0.405339175676407,0.3,0.433012701892219,0.410841781228604,"violation"
606,780,0.215187961347577,0.401326484603196,0.379417873089106,0.476969600708473,0.401794243138657,"violation"
607,1390,0.198953876215287,0.402909864565366,0.373533743015211,0.480747825922044,0.421510736595818,"violation"
608,820,0.17273880739685,0.436602749998555,0.343409090864352,0.486681633609246,0.455967707484515,"violation"
609,980,0.237874183209431,0.375387149035716,0.399232656316115,0.470064950716967,0.376017955599484,"violation"
610,390,0.244447710893675,0.361819842859088,0.390055543171369,0.455985108814839,0.368898989930613,"violation"
611,730,0.30888655210831,0.305979759000941,0.438784037754711,0.437276066594335,0.306064642754251,"violation"
612,60,0.231830487338595,0.364458254431046,0.321022671404304,0.411973569810276,0.382696969878934,"violation"
613,810,0.237002508489195,0.375537436136757,0.396248218305891,0.468719763542411,0.376973226528421,"violation"
614,90,0.233357632946998,0.357785306717024,0.339934634239519,0.422952584681651,0.380996902462903,"violation"
615,1390,0.210527731779185,0.40732813386627,0.382863611895136,0.481960697106309,0.407338777493144,"violation"
616,460,0.186261321890367,0.43529943435335,0.346082586819694,0.482687028503794,0.437759567944223,"violation"
617,740,0.271711945136745,0.340539786932389,0.418026512417577,0.454011822360334,0.340869228478638,"violation"
618,630,0.325698334648444,0.290163234909426,0.445508929312594,0.426889704553609,0.291449952280962,"violation"
619,230,0.275054845803488,0.333657310743576,0.4,0.434260556145523,0.337587070217832,"violation"
620,1270,0.522278611688505,0.157497884710254,0.499547814624424,0.334475176578603,0.157980673893151,"violation"
621,480,0.246547544411597,0.350173389768902,0.395235293844059,0.453568987463747,0.366655940117024,"violation"
622,820,0.231564856836207,0.382540229446715,0.392493515900321,0.471260602662321,0.382993544889679,"violation"
623,1560,0.209453405086631,0.407119804853122,0.383223442785787,0.482422371486015,0.408629815830107,"violation"
624,530,0.259356157434729,0.350564800574199,0.405550665286881,0.45488918683929,0.353285392101047,"violation"
625,530,0.186036127680568,0.437333797350438,0.348546286828513,0.484244465150808,0.43805495851915,"violation"
626,480,0.173969012390984,0.452579904160541,0.335384315210012,0.487179381747627,0.454270335652219,"violation"
627,150,0.17763259509242,0.448903085281894,0.308688984074406,0.47370877129308,0.449265161942833,"violation"
628,1170,0.303896834308908,0.308374359352982,0.440854170601816,0.443114380605135,0.310530152169545,"violation"
629,820,0.24079511284757,0.367332649184277,0.399082454478937,0.465813751323499,0.372836279658699,"violation"
630,480,0.267146550546899,0.336870410891954,0.409076704298839,0.447557995931502,0.345403938935708,"violation"
631,450,0.114616225436199,0.546484054094789,0.267821573182088,0.499505928733089,0.547887968757596,"violation"
632,250,0.183465679781448,0.429710619318173,0.329581552881832,0.475041050857713,0.441444911007883,"violation"
633,420,0.235593764607143,0.377658468588007,0.384978722503005,0.463271174805746,0.378522753758619,"violation"
634,1230,0.121043831120549,0.535227339540187,0.293383308345422,0.499920014753791,0.536370832413877,"violation"
635,1450,0.149791937114337,0.488548511003864,0.328159933166785,0.497245205399216,0.489297106284467,"violation"
636,630,0.254204036088101,0.357526917465478,0.40468408838038,0.459630028571377,0.358600384064475,"violation"
637,930,0.306207935359032,0.306207935359032,0.439920319885665,0.439920319885665,0.308454348830961,"violation"
638,1540,0.164626650727412,0.466341008850094,0.343861059736002,0.494586565872796,0.467378259798576,"violation"
639,1070,0.25746372108478,0.354642418300773,0.413358897061281,0.462990503284398,0.355227982302381,"violation"
640,2670,0.148201365722333,0.49133673396411,0.332935208105667,0.498361157143213,0.491734358652545,"violation"
641,100,0.224016736593899,0.382624261181903,0.336303434416005,0.438634243989226,0.391530480532753,"violation"
642,2070,0.161597392688935,0.470913143216681,0.344056329502397,0.495854597947125,0.471739799573271,"violation"
643,850,0.228747541963818,0.385439942001126,0.390899946490262,0.472501990988281,0.386155023503501,"violation"
644,160,0.259695274155658,0.325232418038925,0.379967103839267,0.421631874388073,0.352938462006091,"violation"
645,660,0.341923135049989,0.277444843172128,0.453481077042909,0.420052360197656,0.277940439134483,"violation"
646,1980,0.146433573659151,0.49407763762974,0.328123893150435,0.498239682631604,0.494464154121554,"violation"
647,930,0.254850130503882,0.35575615477544,0.4101118121467,0.462360590120488,0.357929278256024,"violation"
648,720,0.256599545338715,0.355446422261594,0.408097059382377,0.460053589873566,0.356118778050851,"violation"
649,270,0.209976825731176,0.395648312478254,0.355246779504646,0.464442081629054,0.408000202656792,"violation"
650,570,0.155353900365145,0.480312398818125,0.319972297969909,0.493444248967426,0.480911016219091,"violation"
651,1710,0.117237877685907,0.54250947324822,0.292851110384075,0.499983242426342,0.543140858625821,"violation"
652,650,0.259999425930785,0.351825968120522,0.408941482482121,0.457583050954371,0.35262760453002,"violation"
653,1430,0.131060341200409,0.519013437133683,0.307317794964056,0.499498991006713,0.519197163394511,"violation"
654,390,0.235831047862072,0.375455702754416,0.383759731976815,0.461538461538462,0.378261263902445,"violation"
655,720,0.276014929322845,0.33648670694592,0.420296687538167,0.45194196885206,0.336650318401797,"violation"
656,170,0.272881274560802,0.333812213947824,0.390899946490262,0.427797125542981,0.339717504650284,"violation"
657,1370,0.139869405912985,0.504115709043811,0.316762251273491,0.498557245007127,0.504800361760616,"violation"
658,790,0.341080476582069,0.278143099352279,0.454867389744356,0.422686261538032,0.278628359940973,"violation"
659,330,0.239539569038573,0.366168383916038,0.383174598827231,0.455564514234741,0.374200264832589,"violation"
660,310,0.268899234911868,0.343505612187847,0.402399152637906,0.444459474829673,0.343655817374194,"violation"
661,480,0.264866563253471,0.332423265542896,0.407604579286783,0.445458370358244,0.347691620321771,"violation"
662,1390,0.246523239396927,0.36298361807658,0.40888696643109,0.467902519180118,0.366681818398096,"violation"
663,2520,0.237773139575522,0.375489616110353,0.408097059382377,0.475186772896513,0.376128552550249,"violation"
664,620,0.339273311438144,0.279077944545751,0.451644584142239,0.420210046084556,0.280108643202361,"violation"
665,420,0.30888171213059,0.303719576866771,0.431629302614273,0.428809457708675,0.306068945143487,"violation"
666,1440,0.240415306369157,0.372995727301736,0.405115343276486,0.471649468833176,0.373248314213656,"violation"
667,370,0.266169758360487,0.342885985786914,0.403997555482266,0.44685411211763,0.346382130962654,"violation"
668,760,0.196133118566241,0.424987373858382,0.363403330487515,0.483435807585042,0.425055609051198,"violation"
669,390,0.250171706719,0.359085109638537,0.394113490998446,0.454822938433676,0.362819064101552,"violation"
670,1820,0.177315227619065,0.448928143602744,0.357609163037958,0.492210793054091,0.449695845257932,"violation"
671,350,0.274433217025931,0.336960401506167,0.408321601941711,0.443216444106636,0.338194986513287,"violation"
672,510,0.284062378957255,0.328333563581516,0.420454524200198,0.444263707964687,0.328899494209636,"violation"
673,280,0.284498706357428,0.316232951721422,0.410325903324145,0.428809457708675,0.32848432587321,"violation"
674,820,0.214337445211372,0.401474140489866,0.379444708401747,0.4773514077161,0.40279946615272,"violation"
675,840,0.268501724377727,0.339017388189344,0.417582327212252,0.454529671443155,0.344051499816583,"violation"
676,760,0.401915146779941,0.232127844396163,0.476969600708473,0.391884430926027,0.232448590673841,"violation"
677,580,0.144806072023586,0.493547253253188,0.308981680611694,0.495457966843245,0.496997176231247,"violation"
678,1280,0.224744892715692,0.389023448405702,0.392793978282509,0.476226187683896,0.390697573145609,"violation"
679,590,0.292729208282768,0.316298735132368,0.427495125977883,0.440107192291484,0.32074799872265,"violation"
680,1390,0.192762212383061,0.41909319266763,0.368331974803079,0.484992411114411,0.429340671674364,"violation"
681,860,0.273640385556909,0.33873661853193,0.420981623484993,0.454618448831972,0.33897192581454,"violation"
682,480,0.255724970162074,0.354595178962057,0.401554055791026,0.455478800275051,0.357022683027821,"violation"
683,1970,0.208030981681884,0.410180436968179,0.384356485584709,0.484155666892182,0.410346701718385,"violation"
684,480,0.253434038137726,0.359010832097605,0.4,0.457342679387009,0.359401927455732,"violation"
685,340,0.242735803573528,0.359065120075271,0.386135139582972,0.452941176470588,0.370738659391448,"violation"
686,1390,0.216682456075846,0.394062749630429,0.387624937910394,0.478195978465101,0.400035030412243,"violation"
687,900,0.290243493164986,0.321889152673112,0.431071017608726,0.44735022322809,0.323065638046365,"violation"
688,90,0.276325559293834,0.317698274360814,0.372677996249965,0.4,0.336347795097054,"violation"
689,70,0.259256655155182,0.315069708414992,0.349927106111883,0.388875931109034,0.353387254426071,"violation"
690,910,0.285997608192472,0.32655507076744,0.428809457708675,0.449642614594969,0.327062020629259,"violation"
691,430,0.245862006573924,0.359408550612612,0.392851207698208,0.456199409872936,0.367386609381995,"violation"
692,100,0.335806386791553,0.275011624458763,0.41424630354416,0.375632799419859,0.282967604694955,"violation"
693,1390,0.23278291826365,0.380025490083677,0.39945941940601,0.473805871132352,0.381635699700279,"violation"
694,450,0.284254794288206,0.327492888786851,0.418675159149536,0.442216638714053,0.328716346336919,"violation"
695,300,0.284933866046067,0.321753545907089,0.411973569810276,0.433012701892219,0.328070780680367,"violation"
696,1890,0.2539600333169,0.357738137052878,0.416444805298539,0.467728758153755,0.358854178325089,"violation"
697,750,0.427658644982059,0.211854669022714,0.484036729552165,0.376217431222366,0.214816149053445,"violation"
698,280,0.272471611397486,0.339739317686483,0.402653824073256,0.440952123830019,0.340120551881229,"violation"
699,560,0.232214620169889,0.379635275320037,0.3874259310382,0.467024886807929,0.382268542979054,"violation"
700,1070,0.204322920211089,0.412506457581789,0.374892187605602,0.482066366264126,0.414863337490017,"violation"
701,1080,0.204491481229257,0.414535410689634,0.375144005271786,0.482654376250315,0.414656720770243,"violation"
702,390,0.235831047862072,0.372733510338811,0.383759731976815,0.460461706945806,0.378261263902445,"violation"
703,430,0.245862006573924,0.366815840248513,0.392851207698208,0.459265526933291,0.367386609381995,"violation"
704,340,0.226062289956615,0.384201015294851,0.373552569916671,0.463214285237883,0.389195798294728,"violation"
705,790,0.301037624509814,0.311758805788958,0.435540539569759,0.441097014124163,0.313116399347807,"violation"
706,440,0.237945905530769,0.373306800235776,0.387558313394245,0.462118728259594,0.375939473956889,"violation"
707,520,0.255753566443322,0.354980911177421,0.402855928848371,0.45655968455628,0.356993089602536,"violation"
708,550,0.266122868604116,0.34412505671961,0.410506641212221,0.452489897608794,0.346429159262785,"violation"
709,700,0.260594634518314,0.351718434200319,0.410325903324145,0.458257569495584,0.352020097785671,"violation"
710,270,0.227243071570463,0.37576897252046,0.369331877402012,0.456623259479183,0.387855347120005,"violation"
711,560,0.196505655472369,0.422413830034045,0.358813058882324,0.480722113075735,0.424585325402254,"violation"
712,2060,0.221771559380443,0.393316149774812,0.395188268494712,0.479772780606052,0.394111500579044,"violation"
713,820,0.252618423201859,0.357163397051182,0.407134470533958,0.461889338323189,0.360253026384305,"violation"
714,480,0.209441333739064,0.398486988475362,0.366992043132031,0.472135919401277,0.408644349918351,"violation"
715,1350,0.121346485667075,0.535046290990233,0.294997151877628,0.499945127304488,0.535838478264557,"violation"
716,820,0.272220739789576,0.338026964381341,0.419574229673165,0.453874850080934,0.34036761031173,"violation"
717,1330,0.098577776555014,0.575717969455761,0.264901847602344,0.498904334029054,0.578571376419669,"violation"
718,1010,0.107452118557519,0.560936114015591,0.273123796428779,0.499834302511993,0.561229438645291,"violation"
719,720,0.259594929615628,0.35107956264338,0.410049304472969,0.458257569495584,0.35304108150171,"violation"
720,1810,0.356586497248884,0.26602743559439,0.467070137118617,0.423531745954062,0.266199987629356,"violation"
721,730,0.137944937722892,0.507194183810172,0.305402656358438,0.497695948618766,0.507892569174684,"violation"
722,820,0.18624599633046,0.430349727873715,0.355871963286546,0.485204961689701,0.437779662595999,"violation"
723,1350,0.276266496871259,0.335839984375697,0.427083130081252,0.45695299065144,0.336405295185607,"violation"
724,820,0.238161041832266,0.374943287168777,0.397229773756744,0.468602222392988,0.375704170917052,"violation"
725,1140,0.172056116553708,0.456319986109989,0.347350699530234,0.492088062994902,0.456913321617276,"violation"
726,1070,0.121816548227188,0.533798699844803,0.292374032529175,0.499828776691837,0.535013384005912,"violation"
727,840,0.273586293864846,0.336521960582875,0.420679654704249,0.453430799346403,0.339024998652971,"violation"
728,1300,0.238609519279529,0.373747674725743,0.402855928848371,0.471313787609203,0.375214175142628,"violation"
729,880,0.250603986409818,0.362182725342562,0.406659440842637,0.464425298016825,0.362364290684539,"violation"
730,1120,0.140567995385437,0.499359501144306,0.314882499546113,0.497839720949526,0.503684959546294,"violation"
731,1330,0.210092218409208,0.406565385684276,0.382043681585767,0.481545930441849,0.407861554710327,"violation"
732,1180,0.231448823978552,0.378935525346056,0.396786683884301,0.472491638207293,0.383123175861608,"violation"
733,470,0.274937924480211,0.336922223396095,0.413669771612184,0.447314809396354,0.337701328543712,"violation"
734,1620,0.211119796997748,0.405807377755953,0.384905624254025,0.48223429593022,0.406629359403845,"violation"
735,420,0.21418787740742,0.402740907149102,0.368363421063118,0.472239562173303,0.402976545916986,"violation"
736,900,0.254745839009075,0.357910386161311,0.409661106552992,0.462948147911104,0.35803751723469,"violation"
737,1000,0.458516798850016,0.194315485149493,0.492015243666291,0.365676086174636,0.194983111965316,"violation"
738,1030,0.270229771427595,0.341672238019345,0.420894782289478,0.457405214866684,0.342334766497888,"violation"
739,880,0.182697477992106,0.441883136652051,0.353697631406842,0.488206735016737,0.442464607877188,"violation"
740,1200,0.233048663568794,0.380581632496461,0.398112735289892,0.473142567191844,0.381340174278061,"violation"
741,1970,0.17177226055229,0.455528880317343,0.353299492385787,0.493525552998834,0.457307275073766,"violation"
742,1410,0.299086017876592,0.314623462721238,0.439945033170803,0.447668316034346,0.314893343541294,"violation"
743,110,0.273633313292234,0.328430781676577,0.378011325205305,0.413011516058202,0.338978864392887,"violation"
744,1060,0.517763020452089,0.158754946337995,0.499143980652022,0.333374122341219,0.160439406048619,"violation"
745,1260,0.224815873359892,0.38926411197485,0.392676726249301,0.476214285119077,0.390616489855333,"violation"
746,1720,0.184858949780717,0.439319961602549,0.363778842115364,0.490250747092075,0.439603259002656,"violation"
747,100,0.224016736593899,0.382624261181903,0.336303434416005,0.438634243989226,0.391530480532753,"violation"
748,860,0.223651320918327,0.390769415273772,0.387256439619849,0.474333097629462,0.391949230627573,"violation"
749,640,0.462324738903499,0.191930096737339,0.490831465315489,0.357071421427142,0.192627921193573,"violation"
750,580,0.108348073264236,0.556170206451882,0.264777294075206,0.499973245419745,0.559530186039062,"violation"
751,280,0.256317590951854,0.355281696745578,0.391735411538274,0.448296093843234,0.356409924944907,"violation"
752,1230,0.216213397272101,0.400074791340953,0.385938307620079,0.479330177983209,0.400586199046638,"violation"
753,240,0.230349153555682,0.379776747406749,0.368908864084343,0.456416446047053,0.3843541691947,"violation"
754,1210,0.162371491857003,0.470450512949515,0.338742174081309,0.494560259644923,0.470619883036378,"violation"
755,1390,0.279144868764815,0.321250947575553,0.428994199238378,0.45067449407729,0.333614443104195,"violation"
756,1200,0.190026882559714,0.432702452636001,0.364271533337427,0.487561249713533,0.432857751952314,"violation"
757,1010,0.262785730944496,0.348191400439469,0.416106704736294,0.459965730983354,0.349793078335301,"violation"
758,50,0.217711048206478,0.38253788868614,0.3,0.41424630354416,0.398829482369141,"violation at burn-in"
759,380,0.229971315953013,0.376481913986088,0.378837703430065,0.461622754927696,0.384778154989993,"violation"
760,1400,0.176763055756828,0.449673657658613,0.354248269910657,0.491569747163646,0.450446471971124,"violation"
761,1020,0.256114470231272,0.355100317840212,0.411973569810276,0.462814675726328,0.356619823016918,"violation"
762,890,0.455495998272258,0.195518794504243,0.491011235955056,0.365140880542847,0.196865461696807,"violation"
763,960,0.241554913122754,0.369959813061766,0.401554055791026,0.467984328367118,0.372013500200159,"violation"
764,980,0.233489512941697,0.38066634339552,0.396122133551904,0.471883339270294,0.380850485973452,"violation"
765,780,0.247197299492813,0.36538742399619,0.402855928848371,0.464668871093506,0.365964855280997,"violation"
766,500,0.223718377628982,0.387473940034469,0.379109482867417,0.468747266658697,0.391872348167314,"violation"
767,560,0.290537703857124,0.31924289200169,0.42555111326373,0.440952123830019,0.322790479395785,"violation"
768,1830,0.242544301921874,0.370778271393916,0.408740247206176,0.472171623442086,0.370945072729684,"violation"
769,140,0.252336551818982,0.352897616301357,0.370534638552655,0.433012701892219,0.360547657687021,"violation"
770,820,0.2761265526397,0.335468432930252,0.421923021756249,0.452739693665253,0.336541576842034,"violation"
771,1780,0.186614277983695,0.437011089657766,0.365665608107195,0.489897948556636,0.437297104368478,"violation"
772,720,0.270054496399386,0.337948572460726,0.416664351845422,0.452596674755792,0.342508496295654,"violation"
773,1020,0.320323623836585,0.295598478503426,0.447740922712664,0.435253266056931,0.296051808933105,"violation"
774,770,0.21789327418196,0.398259378091762,0.381349655111334,0.475936374549507,0.398616349327209,"violation"
775,200,0.262830833296887,0.342364548792458,0.388297566307078,0.43586121644395,0.349747390165276,"violation"
776,630,0.264525164605054,0.347506901845587,0.411426611792315,0.455433864615986,0.34803550840597,"violation"
777,820,0.260474349023488,0.350794745026816,0.412252846297258,0.45931433780813,0.352142780747613,"violation"
778,980,0.290029323921818,0.322245945443121,0.431828006161546,0.448296093843234,0.323266081196354,"violation"
779,570,0.204939516276541,0.413530855797732,0.366280330339983,0.478326826328476,0.41410813989286,"violation"
780,130,0.242695096456477,0.343401129518235,0.36080121229411,0.426142737983524,0.370782525783512,"violation"
781,1090,0.285940504730897,0.325424397319754,0.430602758696052,0.450690349458501,0.327116095392779,"violation"
782,2030,0.169461378659849,0.460468921528249,0.351429068596432,0.49436166694012,0.460531597284385,"violation"
783,280,0.272471611397486,0.339739317686483,0.402653824073256,0.440952123830019,0.340120551881229,"violation"
784,610,0.25512225995416,0.354973561626122,0.404835061519803,0.458257569495584,0.357647011103956,"violation"
785,2110,0.403627998760971,0.230634563980721,0.482714857877203,0.401766332113916,0.231242791635016,"violation"
786,1240,0.297438075628898,0.315999647414871,0.438014599987591,0.447323378547106,0.316401240411566,"violation"
787,1070,0.263423969480651,0.34881674390886,0.417119880456475,0.460664245258939,0.349147123574335,"violation"
788,830,0.248378558336939,0.364335101996255,0.404447979465917,0.464779239658002,0.364712045395626,"violation"
789,990,0.275429935039437,0.337072977310284,0.423587758467545,0.45510627580076,0.337220785721963,"violation"
790,300,0.281217339707621,0.329046782067794,0.409661106552992,0.436793874600925,0.331619253781434,"violation"
791,690,0.26267670886261,0.347482116026194,0.411474262989959,0.456335365683545,0.349903541960565,"violation"
792,1210,0.122990407423488,0.532906080049447,0.295540934026981,0.499866111436601,0.53296200335112,"violation"
793,1390,0.198180658498981,0.419827695601793,0.372892348383896,0.485172196701705,0.422478793858755,"violation"
794,280,0.260369242432692,0.343634259681105,0.394541842275471,0.44284274170133,0.352250018678892,"violation"
795,220,0.229174177467718,0.382875790676163,0.365760839532525,0.456246815906471,0.385674385075874,"violation"
796,1190,0.450742770068068,0.199761013823133,0.49122229516454,0.37242726680913,0.199852714685365,"violation"
797,1840,0.186499979387677,0.437050962766484,0.365898933823477,0.49000857164294,0.437446796382648,"violation"
798,460,0.259260488878376,0.346243892995858,0.403224245377794,0.451310840197919,0.353383329205173,"violation"
799,330,0.349881413322423,0.266807141961369,0.448402940923489,0.40225489317313,0.271515135789552,"violation"
800,700,0.269824857587341,0.341211075169329,0.416163233280757,0.453762052181537,0.342736246146246,"violation"
801,50,0.276147357289898,0.330743693156906,0.346987031457949,0.384187454245971,0.336521313188706,"violation at burn-in"
802,390,0.218480339765678,0.397146239883478,0.370368617133698,0.469559923785009,0.397930614611438,"violation"
803,490,0.257421018622453,0.354166123931538,0.403028931798602,0.455536536434407,0.355271945226165,"violation"
804,540,0.246613697787927,0.36586087138836,0.397195242112305,0.461419649861667,0.366585514596602,"violation"
805,340,0.272385999834692,0.336880484890906,0.406468034383737,0.442732549883836,0.340204841806709,"violation"
806,1220,0.245067659108465,0.367797994884807,0.406606124787689,0.468832396681849,0.368235219103495,"violation"
807,190,0.226491869645232,0.38837341030402,0.359632006439084,0.455924375320162,0.388707520306982,"violation"
808,280,0.260369242432692,0.351405372342179,0.394541842275471,0.446514277487294,0.352250018678892,"violation"
809,520,0.278804888049818,0.332532728631587,0.417582327212252,0.446514277487294,0.333942881372747,"violation"
810,480,0.264866563253471,0.341311088559094,0.407604579286783,0.449609205310567,0.347691620321771,"violation"
811,420,0.25149825319021,0.357447316363284,0.396383881364891,0.455073441034185,0.361425418870181,"violation"
812,850,0.267963360311614,0.343802349642146,0.417388486651138,0.456700972789322,0.344588128838309,"violation"
813,820,0.25523934649029,0.357163397051182,0.408862265526334,0.461889338323189,0.357525634954649,"violation"
814,260,0.502678540048242,0.167302643626067,0.49278822701683,0.314797765456006,0.1688245261692,"violation"
815,1170,0.272414928454408,0.339588122944358,0.42349025824826,0.457507723718447,0.340176357415985,"violation"
816,940,0.265856747624097,0.34434834155126,0.41723154707555,0.457791804591662,0.346696190649259,"violation"
817,50,0.186447356212787,0.38253788868614,0.271293199325011,0.41424630354416,0.437515736812577,"violation at burn-in"
818,190,0.949925608733861,0.00744982173000742,0.319972297969909,0.0362738125055006,0.00750695140314623,"violation"
819,90,0.276325559293834,0.331191910263682,0.372677996249965,0.408097059382377,0.336347795097054,"violation"
820,440,0.250559052854773,0.356439215245108,0.396550206298903,0.455221088779311,0.362411534019903,"violation"
821,1390,0.321999304686478,0.289709253843277,0.451019467557594,0.434865754241464,0.294610119726749,"violation"
822,1390,0.307009314856791,0.30250274660965,0.443847578390398,0.441581889912483,0.307737590755174,"violation"
823,570,0.272361731767665,0.33440190929145,0.414955859882674,0.448481587216267,0.340228739070409,"violation"
824,580,0.284606912662371,0.327036388686428,0.422589688923315,0.445201660408449,0.328381446479229,"violation"
825,300,0.220749452210308,0.386638699077911,0.366606055596467,0.462493243193887,0.395292986729746,"violation"
826,380,0.434610710847876,0.209071628189073,0.480909802589994,0.362155366790679,0.210228407447118,"violation"
827,810,0.299105589653791,0.31477624488247,0.434780040813342,0.442865852245232,0.314875476075553,"violation"
828,170,0.272881274560802,0.32714714596105,0.390899946490262,0.424182502995763,0.339717504650284,"violation"
829,800,0.246615192149815,0.365737461882147,0.402785225026937,0.465011760603966,0.366583923898168,"violation"
830,910,0.442552814458283,0.203361360833167,0.488505727367462,0.372021439834662,0.205073849400795,"violation"
831,770,0.156045132526061,0.479488019807543,0.325870527368133,0.494489792785964,0.479883273514749,"violation"
832,760,0.28452055662028,0.326375133167294,0.425956232389382,0.447830643568034,0.328463548734358,"violation"
833,2360,0.250823962867373,0.358618479372044,0.416179356900394,0.46916099238006,0.362133101253829,"violation"
834,1430,0.270097950402442,0.34014688348621,0.423976965540482,0.459167463618611,0.342465417038782,"violation"
835,140,0.286612857005678,0.320095302154953,0.394541842275471,0.415208332266675,0.326479957591866,"violation"
836,480,0.303352429926476,0.310087164109227,0.430580196427513,0.434208851117626,0.311021030058712,"violation"
837,1210,0.184913765891324,0.437696027454884,0.359883906938893,0.488681396768179,0.439531005015704,"violation"
838,430,0.230307845936799,0.38403148592236,0.381452066117445,0.465935325362037,0.38440049639957,"violation"
839,1090,0.240164267945359,0.371193690594854,0.402049500717075,0.469309772237897,0.37352092805411,"violation"
840,810,0.263581192384674,0.34850414225421,0.414079300893857,0.458257569495584,0.34898818910495,"violation"
841,1320,0.108738466317159,0.557242598550343,0.278656095335095,0.499792771565099,0.558792595160747,"violation"
842,970,0.117652159234023,0.538608747505759,0.285738160033761,0.499893707481792,0.542397042771016,"violation"
843,810,0.241004998275574,0.369117029646292,0.399071090285123,0.466380799502719,0.372608798253754,"violation"
844,910,0.257917525434179,0.352980360943434,0.411847548947966,0.461079049217004,0.354761134887288,"violation"
845,1810,0.122505957759842,0.533641404210377,0.3,0.499985042967887,0.533807040764506,"violation"
846,650,0.261663606452163,0.350208122359123,0.410019482868023,0.456902356432542,0.350931768852799,"violation"
847,1150,0.251202805660609,0.360618964451499,0.410066157233352,0.465801340132045,0.361735316000393,"violation"
848,400,0.155409692305666,0.478812423705269,0.31288975694324,0.491369260332797,0.480827946707612,"violation"
849,580,0.146797805046771,0.490040058676962,0.311162715366104,0.494977749653058,0.493899888860357,"violation"
850,1480,0.208198512308239,0.408324067192138,0.381691575396942,0.482511917140515,0.410144041404404,"violation"
851,1070,0.376906255800757,0.249500430191077,0.471183774877062,0.408170548650617,0.250616486175614,"violation"
852,1170,0.250675377508152,0.361753269913916,0.409900130197668,0.466344085622145,0.36228924328308,"violation"
853,350,0.264905951609942,0.346206311990749,0.402126997911082,0.447587638209045,0.347651967256215,"violation"
854,1390,0.0919735951756703,0.59065426156634,0.255993827884811,0.497600993902813,0.592129521926044,"violation"
855,780,0.306115036577347,0.306115036577347,0.438071501433475,0.438071501433475,0.308537538605389,"violation"
856,640,0.378368805284837,0.248670655854093,0.467788075514704,0.401167120529275,0.249524118406074,"violation"
857,520,0.176403141852627,0.44928209261264,0.339241888881072,0.486956342283311,0.450936635141073,"violation"
858,620,0.263403741883326,0.346083191832999,0.410486247537325,0.454652787441133,0.349167576799025,"violation"
859,1040,0.160658644862702,0.47291528029046,0.335029584492485,0.494487923222618,0.473102920419609,"violation"
860,590,0.215173614788695,0.398383936470484,0.375185485104723,0.473937221068896,0.401811174822907,"violation"
861,160,0.244730374857116,0.325232418038925,0.368908864084343,0.421631874388073,0.36859618454611,"violation"
862,240,0.287736761238892,0.325024983926926,0.409076704298839,0.430580196427513,0.325419283865016,"violation"
863,310,0.258027130818007,0.353975382577611,0.39507899077148,0.449314427472178,0.354648475634236,"violation"
864,780,0.299318623060962,0.314253400631514,0.434482999276257,0.442216638714053,0.314681055785988,"violation"
865,540,0.167954616864924,0.462061145637995,0.331765861874944,0.489897948556636,0.46265058101751,"violation"
866,410,0.284256516856403,0.326625260973708,0.41718013177025,0.440485373950022,0.328714707186451,"violation"
867,1060,0.353948557561821,0.267831922730562,0.462648088537049,0.41973817467495,0.268280537159647,"violation"
868,1650,0.254862166172075,0.356384807200692,0.415874619093597,0.466476151587624,0.357916789254493,"violation"
869,910,0.171993946761465,0.456010456965092,0.34422978258631,0.491197728321473,0.456999565724389,"violation"
870,890,0.22486976832783,0.38974710758952,0.388616260798231,0.474237173101678,0.390554936888666,"violation"
871,1220,0.187887794118234,0.435084815232824,0.362606497714667,0.488153120954324,0.435633663066531,"violation"
872,570,0.163390719793016,0.464171371530522,0.328215560243328,0.490601103652967,0.469150968272351,"violation"
873,260,0.318209782479776,0.296823188007668,0.42847949140678,0.416309511622609,0.297879573818066,"violation"
874,240,0.292436214975892,0.320400934380914,0.411973569810276,0.428093317968044,0.321020344967486,"violation"
875,620,0.245881155014772,0.364743102220004,0.398785226165289,0.462360590120488,0.367366179008083,"violation"
876,820,0.25523934649029,0.345692560220145,0.408862265526334,0.457185346882341,0.357525634954649,"violation"
877,700,0.277494683854847,0.333687379812897,0.420832508250016,0.450387588185817,0.335211616064959,"violation"
878,480,0.28078277499475,0.325740218512126,0.417582327212252,0.442216638714053,0.332036631909817,"violation"
879,1110,0.277147592856691,0.334806373914858,0.42575932254087,0.455044144321614,0.335548525488373,"violation"
880,1220,0.123846928715437,0.531201919867215,0.296693006529683,0.499827973631868,0.531473286804447,"violation"
881,1160,0.140648532886391,0.502027407764233,0.315451283854,0.498138628041161,0.503556609604493,"violation"
882,540,0.379482484401603,0.248644062976005,0.466618898201865,0.398604389757072,0.248694879422386,"violation"
883,700,0.177564029392774,0.447975782764511,0.345498752175897,0.488385511827762,0.449358162812499,"violation"
884,630,0.30205247499085,0.31051722864623,0.43346994764948,0.437937054488,0.3121961224126,"violation"
885,1120,0.26624620028769,0.345860831658551,0.419334042907103,0.459799756770848,0.346305477211053,"violation"
886,500,0.311087177724459,0.300325896363816,0.435297599350146,0.429492724036159,0.304114236067777,"violation"
887,1350,0.252042088919284,0.359611622891429,0.412228045614586,0.466476151587624,0.36085572382983,"violation"
888,100,0.249822619509731,0.359395040417215,0.357071421427142,0.427083130081252,0.363186760928797,"violation"
889,90,0.882009794296149,0.0155081093188154,0.429757324573638,0.052704627669473,0.0218514797029244,"violation"
890,870,0.24474829344933,0.366183796341956,0.402563131584129,0.465852015285251,0.368576998230728,"violation"
891,970,0.251291161259294,0.359866915059133,0.408259137601363,0.46428965601753,0.361642609507873,"violation"
892,2360,0.237080594231518,0.368164135431438,0.407127102679596,0.472491638207293,0.376887542892011,"violation"
893,440,0.220156599454588,0.394863213676407,0.374027665039467,0.470048133635146,0.395980160143124,"violation"
894,130,0.289359935344867,0.307586770936061,0.394113490998446,0.405655288413391,0.323893345662291,"violation"
895,300,0.251233636288942,0.350796050489991,0.389643711898732,0.44735022322809,0.361702964305152,"violation"
896,370,0.275148663407143,0.337066246031387,0.409787131399497,0.444099370950135,0.337495417454042,"violation"
897,1230,0.236208766087613,0.374984276059644,0.400608467079553,0.471404520791032,0.377845425703412,"violation"
898,470,0.364054359270187,0.258626436623728,0.45918028800736,0.403156401100494,0.260382911697027,"violation"
899,740,0.224963780517042,0.387119527106047,0.386200517903871,0.472037685289098,0.390447592934561,"violation"
900,1460,0.312745959121249,0.302036901952001,0.447030505918772,0.441733564425805,0.302651655098164,"violation"
901,1900,0.339657364984632,0.279634542351353,0.460741002590549,0.431790384663773,0.279793488754177,"violation"
902,310,0.290470363110515,0.322433932051644,0.415978967690524,0.43393991537549,0.322853439379288,"violation"
903,1300,0.329156171996471,0.288173138790704,0.453762052181537,0.433455907410014,0.288523272904933,"violation"
904,1350,0.200703254948127,0.418948089276061,0.37465374961258,0.484831649539365,0.419330606640511,"violation"
905,1390,0.253373884286572,0.358528782724613,0.413368048126665,0.466253658977172,0.359464625504322,"violation"
906,480,0.269424420400563,0.336870410891954,0.410532978442523,0.447557995931502,0.343133757741452,"violation"
907,790,0.288936524088923,0.32244801084886,0.428917844750327,0.446354673765719,0.324290721152164,"violation"
908,920,0.274912528379778,0.335662034752239,0.422494840630236,0.453862597146809,0.337726151353483,"violation"
909,240,0.254498664673439,0.357122222390172,0.386939558874797,0.446514277487294,0.358294185243736,"violation"
910,1110,0.246549888487632,0.363815420967488,0.40660084009023,0.466753618112492,0.366653444412782,"violation"
911,1590,0.375851697573646,0.25096409705525,0.473153310899214,0.413050523949355,0.251406507595084,"violation"
912,450,0.348866700643202,0.27211647626798,0.45220447685631,0.411207195978732,0.272327264083061,"violation"
913,740,0.251356190312529,0.360368248668937,0.404979506015038,0.462270810684082,0.36157439439269,"violation"
914,940,0.200545167782336,0.418111813296647,0.370121045131037,0.482861547319295,0.419527049251112,"violation"
915,730,0.339263776891842,0.279703402328633,0.4533170422308,0.422664345768261,0.280116471169989,"violation"
916,1020,0.150679998810628,0.48475304991457,0.324502399062486,0.496047429861348,0.487943990371003,"violation"
917,760,0.273270135023227,0.338836282759002,0.419303521584659,0.453518103674055,0.33933536989975,"violation"
918,800,0.265424527510258,0.344842542918489,0.415088469485723,0.456602603474838,0.347130339723841,"violation"
919,620,0.159804003124057,0.471541233328716,0.326089784179931,0.492355716860359,0.47434871880678,"violation"
920,1650,0.182739921114365,0.441904855919199,0.36147082458311,0.490626181106122,0.442408189949082,"violation"
921,960,0.224742684515838,0.390437057571246,0.389476088179864,0.474958879799083,0.390700095946307,"violation"
922,960,0.207828732437407,0.409753566410701,0.376363262760269,0.480722113075735,0.410591520960068,"violation"
923,770,0.559302196569564,0.138397354334567,0.499973013270704,0.306804266845871,0.138672708051714,"violation"
924,2050,0.453169896031985,0.198042547221924,0.493238276718732,0.376700664770832,0.198323444631866,"violation"
925,780,0.132282865319063,0.515183815162684,0.3,0.498518515262143,0.517161310373224,"violation"
926,820,0.350794745026816,0.259166445040304,0.45931433780813,0.411413243142411,0.270785906688679,"violation"
927,180,0.271370608945748,0.335004694927494,0.391420332306856,0.429757324573638,0.341206169205964,"violation"
928,890,0.199206953968467,0.418698031377057,0.368265176190948,0.482713420083329,0.421194481629386,"violation"
929,1320,0.252788491728758,0.359679265528249,0.412493565077671,0.466359107623669,0.360075382702932,"violation"
930,1310,0.141891628335343,0.499330900663877,0.31842219258953,0.49810315566726,0.501581783365131,"violation"
931,1260,0.471044359836895,0.18725045827876,0.494756455862158,0.362433476228891,0.187307875096716,"violation"
932,1230,0.298073620216596,0.315088623263797,0.438277745099416,0.446821013876254,0.31581889472418,"violation"
933,760,0.193228881755835,0.427693740491,0.360898290626716,0.484122918275927,0.4287442304375,"violation"
934,1090,0.213574231621288,0.403346077556045,0.382497298225186,0.479623516187113,0.40370402902377,"violation"
935,280,0.308343169455941,0.300424837565797,0.424444414764159,0.419912527334259,0.306548021142144,"violation"
936,1740,0.172908106237389,0.454270296522269,0.353083168119722,0.493006648591635,0.455733613895554,"violation"
937,730,0.287023779634275,0.324830573792455,0.426916220335546,0.446686682481411,0.326091763044372,"violation"
938,430,0.24844313825412,0.36434872104495,0.394671101715003,0.458257569495584,0.364643686672025,"violation"
939,720,0.314487345033603,0.299743589232881,0.441481005701335,0.433811612836838,0.301123199802588,"violation"
940,300,0.247452203933813,0.365191873355731,0.386939558874797,0.453762052181537,0.365694119932793,"violation"
941,900,0.190975649096147,0.430206298592728,0.361374263091177,0.485659790489974,0.431633721735692,"violation"
942,480,0.260300143650417,0.345745386672357,0.404612082740988,0.451612658210059,0.3523205371505,"violation"
943,1470,0.142585492736278,0.499997787805391,0.320616077089037,0.498331242737746,0.50048455777783,"violation"
944,1680,0.207584658152587,0.41004656067852,0.382492700714371,0.483501905860278,0.410887202270798,"violation"
945,860,0.286013638755809,0.326541014623437,0.428210206008703,0.449112760337654,0.327046841878424,"violation"
946,1150,0.15243455629097,0.485139426490757,0.327987504948964,0.496386945839634,0.485286556177071,"violation"
947,700,0.182349522726123,0.439183200160586,0.349927106111883,0.486425949227251,0.442927483337846,"violation"
948,820,0.230243696379148,0.380009422531984,0.391527994065333,0.470388792069855,0.384472453696639,"violation"
949,530,0.261415918481315,0.34456903034009,0.406904629753078,0.452263796726902,0.351183630625542,"violation"
950,1220,0.249423317006083,0.362715730088894,0.409508065468747,0.466980097198789,0.363607838461823,"violation"
951,820,0.264394722363648,0.345692560220145,0.414739943460915,0.457185346882341,0.348166994257844,"violation"
952,800,0.146127275778875,0.494092380111159,0.315980616494113,0.496536441260861,0.494939407463465,"violation"
953,70,0.43598540992661,0.199791794003654,0.451753951452626,0.3,0.209329660632785,"violation"
954,1420,0.25115487169105,0.360659250440177,0.412134914151671,0.467178555180088,0.36178562097228,"violation"
955,790,0.181906886887677,0.443360763286708,0.35139751209217,0.488005466201416,0.4435172201331,"violation"
956,430,0.289346975135427,0.322094012272032,0.420981623484993,0.438888413472947,0.323905501930504,"violation"
957,850,0.230020957153082,0.383001923329618,0.391835358405652,0.47168108397804,0.384722420675691,"violation"
958,140,0.269582780769732,0.336575803957987,0.382993046241557,0.424444414764159,0.342976498341321,"violation"
959,900,0.21883738259505,0.394776098200427,0.384187454245971,0.475908487935327,0.397514234624796,"violation"
960,370,0.232912432074141,0.380423342204849,0.38054399568456,0.462825507825506,0.381491640258292,"violation"
961,350,0.248929215817228,0.361546341895152,0.39116779634571,0.454420465190195,0.364129607622573,"violation"
962,260,0.28388347853615,0.326705116122999,0.408399241953756,0.433012701892219,0.329069867996308,"violation"
963,1500,0.236016119217466,0.377781967334183,0.402478432824529,0.473483074905769,0.378057451465886,"violation"
964,670,0.337021309870469,0.281467273249794,0.451449979491715,0.422638499670144,0.281962851375443,"violation"
965,1390,0.238132718770609,0.356299922226489,0.403201308878828,0.465412025634153,0.375735139680887,"violation"
966,1390,0.195859745199935,0.41615422858136,0.370953139306723,0.484261913588434,0.425401122756207,"violation"
967,280,0.284498706357428,0.320167409155083,0.410325903324145,0.430931004468517,0.32848432587321,"violation"
968,180,0.297107020443731,0.309828622597692,0.408097059382377,0.415739709641549,0.316704988902282,"violation"
969,310,0.137104119925945,0.506505405416671,0.286643353439007,0.494464677583477,0.509252678859798,"violation"
970,460,0.299573974702594,0.313655108633418,0.427874467041811,0.435493983255562,0.314448164588315,"violation"
971,160,0.252233548270264,0.360575119446295,0.374530956664466,0.439992897669951,0.360655387884677,"violation"
972,70,0.259256655155182,0.350776241015336,0.349927106111883,0.410325903324145,0.353387254426071,"violation"
973,1010,0.211806085094586,0.401473074559261,0.380178681438881,0.478648106034947,0.405808879976126,"violation"
974,480,0.253434038137726,0.354595178962057,0.4,0.455478800275051,0.359401927455732,"violation"
975,3260,0.164146159499805,0.467785942644652,0.350641272268266,0.496221941411243,0.468066329744914,"violation"
976,280,0.296454676373867,0.316232951721422,0.417582327212252,0.428809457708675,0.317304338450715,"violation"
977,1410,0.204584648320237,0.414089434010865,0.378290187052799,0.483800760537419,0.414542573074475,"violation"
978,360,0.297754764481205,0.315953723824858,0.422952584681651,0.433012701892219,0.316110932775147,"violation"
979,970,0.341617554097505,0.277639682334944,0.456895306703985,0.424673450535532,0.278189736435687,"violation"
980,1180,0.258514735259866,0.353528512385616,0.415045779569168,0.463254787955431,0.354147738877395,"violation"
981,60,0.231830487338595,0.343496183827949,0.321022671404304,0.4,0.382696969878934,"violation"
982,530,0.249031429847716,0.36252390529447,0.398577927816559,0.459886066346029,0.364021604219454,"violation"
983,820,0.206346221635847,0.406509382736184,0.373041185867407,0.47884453431446,0.412391446015304,"violation"
984,780,0.139592951172064,0.503535075710454,0.308361984915391,0.49749371855331,0.505242798559025,"violation"
985,1050,0.261198410176562,0.350270732841104,0.415527422138122,0.461109772421082,0.351404958863431,"violation"
986,560,0.228276610616533,0.385243340501231,0.384484647128531,0.46903817672391,0.386686351407407,"violation"
987,350,0.255335083725087,0.355420609046507,0.3956498142426,0.451753951452626,0.357426422533084,"violation"
988,1950,0.367083832914954,0.257646293807466,0.471222897434328,0.419009507988008,0.258053271236627,"violation"
989,1380,0.306138811738923,0.308407509141608,0.44335687928717,0.444483562655718,0.308516246232736,"violation"
990,1010,0.221431903314268,0.394335816323638,0.387613330158165,0.476499999768556,0.394503666898191,"violation"
991,1210,0.290699616922492,0.320985192379333,0.434199020055485,0.449483459202881,0.322639147962776,"violation"
992,200,0.268633267324667,0.331207198053099,0.392300904918661,0.430087200460558,0.34392051043779,"violation"
993,1370,0.250015879679905,0.362077263096842,0.411050019324536,0.467481636429207,0.362983149013219,"violation"
994,870,0.223653380056452,0.39121462776565,0.387409184973626,0.474555371793852,0.391946869508637,"violation"
995,390,0.261572849421861,0.345372560317088,0.401910297101856,0.448747251790449,0.351024033475385,"violation"
996,640,0.219618685408397,0.393026538664092,0.379967103839267,0.472857007984443,0.396604851904646,"violation"
997,820,0.24079511284757,0.372407941448004,0.399082454478937,0.467687299244992,0.372836279658699,"violation"
998,90,0.304062633044522,0.290275426602372,0.391420332306856,0.382325567424117,0.310380799405601,"violation"
999,820,0.260474349023488,0.332908214261757,0.412252846297258,0.451588510952472,0.352142780747613,"violation"
1000,1330,0.183364936066197,0.440335400321961,0.359632006439084,0.489588589356382,0.441578462641987,"violation"
