"trial","stopped_at_n","selected_direction","T1_","T2_","s1","s2","beta_allowed","margin","reason","violation","eps","fwd_violation","fwd_stopped_at_n","fwd_T1_","fwd_T2_","fwd_s1","fwd_s2","fwd_beta_allowed","fwd_margin","fwd_reason","rev_violation","rev_stopped_at_n","rev_T1_","rev_T2_","rev_s1","rev_s2","rev_beta_allowed","rev_margin","rev_reason"
1,80,"forward",0.679397303997039,0.260399815732986,0.499374608885954,0.357071421427142,0.306750135895325,0.0463503201623396,"violation in forward orientation",1,0.0441379310344828,1,80,0.679397303997039,0.260399815732986,0.499374608885954,0.357071421427142,0.306750135895325,0.0463503201623396,"violation",1,90,0.217843543370117,0.732531618198095,0.327542288288526,0.492035329455212,0.772315939898865,0.0397843217007695,"violation"
2,50,"reverse",0.185611725055255,0.714489213358372,0.271293199325011,0.499599839871872,0.806002267373436,0.0915130540150636,"violation in reverse orientation",1,0.0441379310344828,1,50,0.790712364249548,0.152451248673278,0.489897948556636,0.237486841740758,0.200241440328106,0.0477901916548273,"violation at burn-in",1,50,0.185611725055255,0.714489213358372,0.271293199325011,0.499599839871872,0.806002267373436,0.0915130540150636,"violation at burn-in"
3,50,"reverse",0.4062591846095,0.546859192020479,0.427083130081252,0.48,0.575397760163573,0.0285385681430943,"violation in reverse orientation",1,0.0441379310344828,1,60,0.574366575369876,0.383872428163307,0.489897948556636,0.422952584681651,0.407245844878257,0.0233734167149509,"violation",1,50,0.4062591846095,0.546859192020479,0.427083130081252,0.48,0.575397760163573,0.0285385681430943,"violation at burn-in"
4,50,"forward",0.654021127930363,0.216786995012799,0.498397431775085,0.3,0.331030618744768,0.114243623731969,"violation in forward orientation",1,0.0441379310344828,1,50,0.654021127930363,0.216786995012799,0.498397431775085,0.3,0.331030618744768,0.114243623731969,"violation at burn-in",1,50,0.216786995012799,0.674489213358372,0.3,0.499599839871872,0.773420166585973,0.0989309532276009,"violation at burn-in"
5,50,"forward",0.654021127930363,0.216786995012799,0.498397431775085,0.3,0.331030618744768,0.114243623731969,"violation in forward orientation",1,0.0441379310344828,1,50,0.654021127930363,0.216786995012799,0.498397431775085,0.3,0.331030618744768,0.114243623731969,"violation at burn-in",1,60,0.277090389131333,0.694529912104096,0.357071421427142,0.499722145018832,0.71039549133306,0.0158655792289645,"violation"
6,50,"reverse",0.246504271019468,0.694644991687999,0.324961536185438,0.5,0.742361853913887,0.0477168622258877,"violation in reverse orientation",1,0.0441379310344828,1,60,0.644232895622817,0.299311814729174,0.498887651569859,0.372677996249965,0.340396214492735,0.0410843997635604,"violation",1,50,0.246504271019468,0.694644991687999,0.324961536185438,0.5,0.742361853913887,0.0477168622258877,"violation at burn-in"
7,50,"reverse",0.246504271019468,0.654021127930363,0.324961536185438,0.498397431775084,0.742361853913887,0.0883407259835239,"violation in reverse orientation",1,0.0441379310344828,1,50,0.654021127930363,0.246504271019468,0.498397431775085,0.324961536185438,0.331030618744768,0.0845263477252998,"violation at burn-in",1,50,0.246504271019468,0.654021127930363,0.324961536185438,0.498397431775084,0.742361853913887,0.0883407259835239,"violation at burn-in"
8,50,"forward",0.790712364249548,0.152451248673278,0.489897948556636,0.237486841740758,0.200241440328106,0.0477901916548273,"violation in forward orientation",1,0.0441379310344828,1,50,0.790712364249548,0.152451248673278,0.489897948556636,0.237486841740758,0.200241440328106,0.0477901916548273,"violation at burn-in",1,70,0.25834289775755,0.693315814683084,0.349927106111883,0.499183005990176,0.729988991382443,0.0366731766993591,"violation"
9,50,"forward",0.478395081610861,0.381261936620275,0.458257569495584,0.41424630354416,0.500006622582627,0.118744685962353,"violation in forward orientation",1,0.0441379310344828,1,50,0.478395081610861,0.381261936620275,0.458257569495584,0.41424630354416,0.500006622582627,0.118744685962353,"violation at burn-in",1,50,0.275078575707952,0.694644991687999,0.346987031457949,0.5,0.712498090855548,0.0178530991675492,"violation at burn-in"
10,50,"forward",0.546859192020479,0.116284945699819,0.48,0.195959179422654,0.433565513684668,0.317280567984849,"violation in forward orientation",1,0.0441379310344828,1,50,0.546859192020479,0.116284945699819,0.48,0.195959179422654,0.433565513684668,0.317280567984849,"violation at burn-in",1,50,0.355715993350399,0.61213738305134,0.4,0.493558507170123,0.62822178875953,0.0160844057081909,"violation at burn-in"
11,50,"reverse",0.185611725055255,0.674489213358372,0.271293199325011,0.499599839871872,0.806002267373436,0.131513054015064,"violation in reverse orientation",1,0.0441379310344828,1,60,0.710899562289484,0.230926430345563,0.498887651569859,0.321022671404304,0.276608082964313,0.0456816526187496,"violation",1,50,0.185611725055255,0.674489213358372,0.271293199325011,0.499599839871872,0.806002267373436,0.131513054015064,"violation at burn-in"
12,50,"forward",0.772137383051339,0.152451248673278,0.493558507170123,0.237486841740758,0.218014390485245,0.0655631418119669,"violation in forward orientation",1,0.0441379310344828,1,50,0.772137383051339,0.152451248673278,0.493558507170123,0.237486841740758,0.218014390485245,0.0655631418119669,"violation at burn-in",1,50,0.302716065288689,0.674489213358372,0.366606055596467,0.499599839871872,0.683613418092222,0.00912420473385012,"violation at burn-in"
13,50,"reverse",0.185611725055255,0.790712364249548,0.271293199325011,0.489897948556636,0.806002267373436,0.0152899031238877,"violation in reverse orientation",1,0.0441379310344828,1,80,0.642042346118264,0.32367253060101,0.499843725578305,0.4,0.342492180391474,0.0188196497904648,"violation",1,50,0.185611725055255,0.790712364249548,0.271293199325011,0.489897948556636,0.806002267373436,0.0152899031238877,"violation at burn-in"
14,50,"forward",0.753238465893974,0.216786995012799,0.496386945839634,0.3,0.236097289685927,0.0193102946731278,"violation in forward orientation",1,0.0441379310344828,1,50,0.753238465893974,0.216786995012799,0.496386945839634,0.3,0.236097289685927,0.0193102946731278,"violation at burn-in",1,70,0.239040057693904,0.748285526233975,0.334724986110285,0.492598275701905,0.750162901064524,0.00187737483054928,"violation"
15,60,"forward",0.819765062450468,0.155449781144742,0.476969600708473,0.249443825784929,0.172443180316668,0.0169933991719261,"violation in forward orientation",1,0.0441379310344828,1,60,0.819765062450468,0.155449781144742,0.476969600708473,0.249443825784929,0.172443180316668,0.0169933991719261,"violation",1,80,0.227252112493843,0.751467297585606,0.330718913883074,0.489897948556636,0.762482794977505,0.0110154973918987,"violation"
16,50,"reverse",0.116284945699819,0.714489213358372,0.195959179422654,0.499599839871872,0.87845752166009,0.163968308301718,"violation in reverse orientation",1,0.0441379310344828,1,70,0.636172957540227,0.295810536031579,0.499183005990176,0.376883027379226,0.348108140350583,0.0522976043190049,"violation",1,50,0.116284945699819,0.714489213358372,0.195959179422654,0.499599839871872,0.87845752166009,0.163968308301718,"violation at burn-in"
17,50,"forward",0.501594493296846,0.381261936620275,0.466476151587624,0.41424630354416,0.476875772021331,0.0956138354010564,"violation in forward orientation",1,0.0441379310344828,1,50,0.501594493296846,0.381261936620275,0.466476151587624,0.41424630354416,0.476875772021331,0.0956138354010564,"violation at burn-in",1,100,0.358457767577596,0.618571340202755,0.427083130081252,0.499599839871872,0.625356287856775,0.00678494765402038,"violation"
18,50,"forward",0.753238465893974,0.185611725055255,0.496386945839634,0.271293199325011,0.236097289685927,0.0504855646306725,"violation in forward orientation",1,0.0441379310344828,1,50,0.753238465893974,0.185611725055255,0.496386945839634,0.271293199325011,0.236097289685927,0.0504855646306725,"violation at burn-in",1,70,0.219286761535403,0.721075689618868,0.318157963590287,0.496723961448963,0.770807594348571,0.0497319047297031,"violation"
19,50,"reverse",0.302716065288689,0.674489213358372,0.366606055596467,0.499599839871872,0.683613418092222,0.00912420473385012,"violation in reverse orientation",1,0.0441379310344828,1,70,0.707263868466018,0.258342897757551,0.498159879261791,0.349927106111883,0.280086794701438,0.0217438969438876,"violation",1,50,0.302716065288689,0.674489213358372,0.366606055596467,0.499599839871872,0.683613418092222,0.00912420473385012,"violation at burn-in"
20,70,"forward",0.734750092269623,0.239040057693904,0.494871659305394,0.334724986110285,0.253787371813378,0.0147473141194734,"violation in forward orientation",1,0.0441379310344828,1,70,0.734750092269623,0.239040057693904,0.494871659305394,0.334724986110285,0.253787371813378,0.0147473141194734,"violation",1,160,0.251578187192657,0.696369530078241,0.374530956664466,0.49228421668788,0.737058969660851,0.0406894395826106,"violation"
21,50,"reverse",0.275078575707952,0.501594493296846,0.346987031457949,0.466476151587624,0.712498090855548,0.210903597558703,"violation in reverse orientation",1,0.0441379310344828,1,70,0.693315814683084,0.239040057693904,0.499183005990176,0.334724986110285,0.293432599040507,0.0543925413466032,"violation",1,50,0.275078575707952,0.501594493296846,0.346987031457949,0.466476151587624,0.712498090855548,0.210903597558703,"violation at burn-in"
22,50,"reverse",0.185611725055255,0.56895608070809,0.271293199325011,0.485386443980464,0.806002267373436,0.237046186665346,"violation in reverse orientation",1,0.0441379310344828,1,50,0.612137383051339,0.275078575707952,0.493558507170123,0.346987031457949,0.371105906153458,0.0960273304455062,"violation at burn-in",1,50,0.185611725055255,0.56895608070809,0.271293199325011,0.485386443980464,0.806002267373436,0.237046186665346,"violation at burn-in"
23,70,"forward",0.59189294941248,0.384376285178422,0.494871659305393,0.428809457708675,0.390476225088568,0.00609993991014612,"violation in forward orientation",1,0.0441379310344828,1,70,0.59189294941248,0.384376285178422,0.494871659305393,0.428809457708675,0.390476225088568,0.00609993991014612,"violation",1,90,0.275464716989807,0.71133125754252,0.372677996249965,0.495535624910617,0.712094524369012,0.000763266826491082,"violation"
24,50,"reverse",0.216786995012799,0.61213738305134,0.3,0.493558507170123,0.773420166585973,0.161282783534634,"violation in reverse orientation",1,0.0441379310344828,1,60,0.774366575369876,0.206777284463185,0.489897948556636,0.3,0.215881450292991,0.00910416582980608,"violation",1,50,0.216786995012799,0.61213738305134,0.3,0.493558507170123,0.773420166585973,0.161282783534634,"violation at burn-in"
25,50,"reverse",0.216786995012799,0.694644991687999,0.3,0.5,0.773420166585973,0.0787751748979741,"violation in reverse orientation",1,0.0441379310344828,1,70,0.693315814683084,0.258342897757551,0.499183005990176,0.349927106111883,0.293432599040507,0.0350897012829568,"violation",1,50,0.216786995012799,0.694644991687999,0.3,0.5,0.773420166585973,0.0787751748979741,"violation at burn-in"
26,50,"reverse",0.246504271019468,0.714489213358372,0.324961536185438,0.499599839871872,0.742361853913887,0.0278726405555144,"violation in reverse orientation",1,0.0441379310344828,1,60,0.710899562289484,0.230926430345563,0.498887651569859,0.321022671404304,0.276608082964313,0.0456816526187496,"violation",1,50,0.246504271019468,0.714489213358372,0.324961536185438,0.499599839871872,0.742361853913887,0.0278726405555144,"violation at burn-in"
27,50,"reverse",0.216786995012799,0.590712364249548,0.3,0.489897948556636,0.773420166585973,0.182707802336425,"violation in reverse orientation",1,0.0441379310344828,1,50,0.56895608070809,0.355715993350399,0.485386443980464,0.4,0.412422725055055,0.0567067317046558,"violation at burn-in",1,50,0.216786995012799,0.590712364249548,0.3,0.489897948556636,0.773420166585973,0.182707802336425,"violation at burn-in"
28,50,"forward",0.4062591846095,0.381261936620275,0.427083130081252,0.41424630354416,0.575397760163573,0.194135823543299,"violation in forward orientation",1,0.0441379310344828,1,50,0.4062591846095,0.381261936620275,0.427083130081252,0.41424630354416,0.575397760163573,0.194135823543299,"violation at burn-in",1,70,0.25834289775755,0.707263868466018,0.349927106111883,0.498159879261791,0.729988991382443,0.0227251229164253,"violation"
29,90,"reverse",0.369905994351297,0.600945650434495,0.429757324573638,0.498020774022555,0.613391442673832,0.0124457922393376,"violation in reverse orientation",1,0.0441379310344828,1,110,0.763765547029947,0.215539360174888,0.481045692920835,0.333278232360425,0.226024747144249,0.0104853869693612,"violation",1,90,0.369905994351297,0.600945650434495,0.429757324573638,0.498020774022555,0.613391442673832,0.0124457922393376,"violation"
30,50,"forward",0.694644991687999,0.185611725055255,0.5,0.271293199325011,0.292160813276296,0.106549088221041,"violation in forward orientation",1,0.0441379310344828,1,50,0.694644991687999,0.185611725055255,0.5,0.271293199325011,0.292160813276296,0.106549088221041,"violation at burn-in",1,70,0.277251743648749,0.679232364913215,0.363935405795914,0.499795876701026,0.710226855450961,0.0309944905377465,"violation"
31,70,"forward",0.693315814683084,0.258342897757551,0.499183005990176,0.349927106111883,0.293432599040507,0.0350897012829568,"violation in forward orientation",1,0.0441379310344828,1,70,0.693315814683084,0.258342897757551,0.499183005990176,0.349927106111883,0.293432599040507,0.0350897012829568,"violation",1,160,0.324494638919108,0.653901777618562,0.421631874388073,0.498082259772419,0.660852053651759,0.00695027603319687,"violation"
32,50,"forward",0.734021127930363,0.246504271019468,0.498397431775084,0.324961536185438,0.254484860910661,0.00798058989119321,"violation in forward orientation",1,0.0441379310344828,1,50,0.734021127930363,0.246504271019468,0.498397431775084,0.324961536185438,0.254484860910661,0.00798058989119321,"violation at burn-in",1,50,0.329560327676681,0.654021127930363,0.384187454245971,0.498397431775084,0.655557768088814,0.00153664015845101,"violation at burn-in"
33,50,"reverse",0.216786995012799,0.694644991687999,0.3,0.5,0.773420166585973,0.0787751748979741,"violation in reverse orientation",1,0.0441379310344828,1,120,0.60180871274986,0.369485323132463,0.499374608885954,0.43771819955563,0.380988604849025,0.0115032817165621,"violation",1,50,0.216786995012799,0.694644991687999,0.3,0.5,0.773420166585973,0.0787751748979741,"violation at burn-in"
34,50,"reverse",0.355715993350399,0.478395081610861,0.4,0.458257569495584,0.62822178875953,0.149826707148669,"violation in reverse orientation",1,0.0441379310344828,1,50,0.590712364249548,0.355715993350399,0.489897948556636,0.4,0.391605834913372,0.0358898415629726,"violation at burn-in",1,50,0.355715993350399,0.478395081610861,0.4,0.458257569495584,0.62822178875953,0.149826707148669,"violation at burn-in"
35,50,"forward",0.612137383051339,0.216786995012799,0.493558507170123,0.3,0.371105906153458,0.154318911140659,"violation in forward orientation",1,0.0441379310344828,1,50,0.612137383051339,0.216786995012799,0.493558507170123,0.3,0.371105906153458,0.154318911140659,"violation at burn-in",1,50,0.216786995012799,0.714489213358372,0.3,0.499599839871872,0.773420166585973,0.0589309532276009,"violation at burn-in"
36,50,"reverse",0.246504271019468,0.633238465893974,0.324961536185438,0.496386945839634,0.742361853913887,0.109123388019913,"violation in reverse orientation",1,0.0441379310344828,1,50,0.753238465893974,0.152451248673278,0.496386945839634,0.237486841740758,0.236097289685927,0.083646041012649,"violation at burn-in",1,50,0.246504271019468,0.633238465893974,0.324961536185438,0.496386945839634,0.742361853913887,0.109123388019913,"violation at burn-in"
37,50,"forward",0.694644991687999,0.216786995012799,0.5,0.3,0.292160813276296,0.0753738182634965,"violation in forward orientation",1,0.0441379310344828,1,50,0.694644991687999,0.216786995012799,0.5,0.3,0.292160813276296,0.0753738182634965,"violation at burn-in",1,50,0.246504271019468,0.714489213358372,0.324961536185438,0.499599839871872,0.742361853913887,0.0278726405555144,"violation at burn-in"
38,50,"forward",0.674489213358372,0.275078575707952,0.499599839871872,0.346987031457949,0.311446304863515,0.0363677291555631,"violation in forward orientation",1,0.0441379310344828,1,50,0.674489213358372,0.275078575707952,0.499599839871872,0.346987031457949,0.311446304863515,0.0363677291555631,"violation at burn-in",1,150,0.352534222507526,0.620701468259233,0.434920171474669,0.499955553580071,0.631547141785384,0.0108456735261511,"violation"
39,60,"forward",0.74303982794241,0.206777284463185,0.495535624910617,0.3,0.245855570571903,0.0390782861087182,"violation in forward orientation",1,0.0441379310344828,1,60,0.74303982794241,0.206777284463185,0.495535624910617,0.3,0.245855570571903,0.0390782861087182,"violation",1,90,0.289392299544533,0.678976500805676,0.382325567424117,0.498887651569859,0.697538438755583,0.0185619379499063,"violation"
40,50,"reverse",0.216786995012799,0.654021127930363,0.3,0.498397431775084,0.773420166585973,0.11939903865561,"violation in reverse orientation",1,0.0441379310344828,1,60,0.694529912104096,0.230926430345563,0.499722145018832,0.321022671404304,0.292270923950809,0.0613444936052463,"violation",1,50,0.216786995012799,0.654021127930363,0.3,0.498397431775084,0.773420166585973,0.11939903865561,"violation at burn-in"
41,50,"reverse",0.381261936620275,0.501594493296846,0.41424630354416,0.466476151587624,0.601523046472346,0.0999285531755006,"violation in reverse orientation",1,0.0441379310344828,1,110,0.780482926783159,0.191656783841918,0.475516248386255,0.311753239990586,0.210029190866622,0.0183724070247047,"violation",1,50,0.381261936620275,0.501594493296846,0.41424630354416,0.466476151587624,0.601523046472346,0.0999285531755006,"violation at burn-in"
42,60,"reverse",0.230926430345563,0.677962140771975,0.321022671404304,0.5,0.758642668020049,0.0806805272480738,"violation in reverse orientation",1,0.0441379310344828,1,60,0.694529912104096,0.25432432379694,0.499722145018832,0.339934634239519,0.292270923950809,0.0379466001538698,"violation",1,60,0.230926430345563,0.677962140771975,0.321022671404304,0.5,0.758642668020049,0.0806805272480738,"violation"
43,50,"forward",0.674489213358372,0.275078575707952,0.499599839871872,0.346987031457949,0.311446304863515,0.0363677291555631,"violation in forward orientation",1,0.0441379310344828,1,50,0.674489213358372,0.275078575707952,0.499599839871872,0.346987031457949,0.311446304863515,0.0363677291555631,"violation at burn-in",1,70,0.277251743648749,0.66501401703857,0.363935405795914,0.5,0.710226855450961,0.045212838412391,"violation"
44,100,"forward",0.791390072744453,0.169376706953825,0.47370877129308,0.286181760425084,0.199592993948942,0.030216286995117,"violation in forward orientation",1,0.0441379310344828,1,100,0.791390072744453,0.169376706953825,0.47370877129308,0.286181760425084,0.199592993948942,0.030216286995117,"violation",1,160,0.213659018315615,0.7379482131575,0.344374432848898,0.482465996211132,0.776689297924605,0.0387410847671051,"violation"
45,50,"forward",0.654021127930363,0.185611725055255,0.498397431775085,0.271293199325011,0.331030618744768,0.145418893689513,"violation in forward orientation",1,0.0441379310344828,1,50,0.654021127930363,0.185611725055255,0.498397431775085,0.271293199325011,0.331030618744768,0.145418893689513,"violation at burn-in",1,90,0.330249254092939,0.623601442490622,0.408097059382377,0.499505928733089,0.654837752834408,0.0312363103437852,"violation"
46,50,"forward",0.546859192020479,0.329560327676681,0.48,0.384187454245971,0.433565513684668,0.104005186007987,"violation in forward orientation",1,0.0441379310344828,1,50,0.546859192020479,0.329560327676681,0.48,0.384187454245971,0.433565513684668,0.104005186007987,"violation at burn-in",1,50,0.246504271019468,0.654021127930363,0.324961536185438,0.498397431775084,0.742361853913887,0.0883407259835239,"violation at burn-in"
47,50,"reverse",0.246504271019468,0.654021127930363,0.324961536185438,0.498397431775084,0.742361853913887,0.0883407259835239,"violation in reverse orientation",1,0.0441379310344828,1,90,0.689834539323383,0.247071505072811,0.498020774022555,0.351539822656808,0.296763559798476,0.0496920547256646,"violation",1,50,0.246504271019468,0.654021127930363,0.324961536185438,0.498397431775084,0.742361853913887,0.0883407259835239,"violation at burn-in"
48,50,"reverse",0.216786995012799,0.674489213358372,0.3,0.499599839871872,0.773420166585973,0.0989309532276009,"violation in reverse orientation",1,0.0441379310344828,1,50,0.694644991687999,0.275078575707952,0.5,0.346987031457949,0.292160813276296,0.0170822375683438,"violation at burn-in",1,50,0.216786995012799,0.674489213358372,0.3,0.499599839871872,0.773420166585973,0.0989309532276009,"violation at burn-in"
49,50,"reverse",0.275078575707952,0.674489213358372,0.346987031457949,0.499599839871872,0.712498090855548,0.038008877497176,"violation in reverse orientation",1,0.0441379310344828,1,50,0.734021127930363,0.246504271019468,0.498397431775084,0.324961536185438,0.254484860910661,0.00798058989119321,"violation at burn-in",1,50,0.275078575707952,0.674489213358372,0.346987031457949,0.499599839871872,0.712498090855548,0.038008877497176,"violation at burn-in"
50,50,"forward",0.734021127930363,0.185611725055255,0.498397431775084,0.271293199325011,0.254484860910661,0.0688731358554066,"violation in forward orientation",1,0.0441379310344828,1,50,0.734021127930363,0.185611725055255,0.498397431775084,0.271293199325011,0.254484860910661,0.0688731358554066,"violation at burn-in",1,60,0.206777284463185,0.774366575369876,0.3,0.489897948556636,0.783881580341973,0.00951500497209734,"violation"
51,50,"reverse",0.246504271019468,0.501594493296846,0.324961536185438,0.466476151587624,0.742361853913887,0.240767360617041,"violation in reverse orientation",1,0.0441379310344828,1,70,0.561680056860571,0.384376285178422,0.489897948556636,0.428809457708675,0.419384584547897,0.0350082993694754,"violation",1,50,0.246504271019468,0.501594493296846,0.324961536185438,0.466476151587624,0.742361853913887,0.240767360617041,"violation at burn-in"
52,50,"forward",0.734021127930363,0.246504271019468,0.498397431775084,0.324961536185438,0.254484860910661,0.00798058989119321,"violation in forward orientation",1,0.0441379310344828,1,50,0.734021127930363,0.246504271019468,0.498397431775084,0.324961536185438,0.254484860910661,0.00798058989119321,"violation at burn-in",1,80,0.210195306156735,0.774681766062824,0.315980616494113,0.484122918275927,0.780309315291353,0.00562754922852848,"violation"
53,50,"reverse",0.246504271019468,0.694644991687999,0.324961536185438,0.5,0.742361853913887,0.0477168622258877,"violation in reverse orientation",1,0.0441379310344828,1,110,0.721123744751963,0.261614030131997,0.491666083017817,0.369945271806833,0.266825360529005,0.00521133039700811,"violation",1,50,0.246504271019468,0.694644991687999,0.324961536185438,0.5,0.742361853913887,0.0477168622258877,"violation at burn-in"
54,50,"forward",0.790712364249548,0.152451248673278,0.489897948556636,0.237486841740758,0.200241440328106,0.0477901916548273,"violation in forward orientation",1,0.0441379310344828,1,50,0.790712364249548,0.152451248673278,0.489897948556636,0.237486841740758,0.200241440328106,0.0477901916548273,"violation at burn-in",1,70,0.156423785657551,0.826440685532036,0.257539376818856,0.469693777793531,0.836507356327901,0.0100666707958648,"violation"
55,50,"forward",0.633238465893974,0.329560327676681,0.496386945839634,0.384187454245971,0.350915926437087,0.0213555987604059,"violation in forward orientation",1,0.0441379310344828,1,50,0.633238465893974,0.329560327676681,0.496386945839634,0.384187454245971,0.350915926437087,0.0213555987604059,"violation at burn-in",1,130,0.324790251442971,0.637487480927162,0.416309511622609,0.499763257562486,0.660543101169242,0.0230556202420805,"violation"
56,50,"reverse",0.329560327676681,0.61213738305134,0.384187454245971,0.493558507170123,0.655557768088814,0.0434203850374743,"violation in reverse orientation",1,0.0441379310344828,1,90,0.543018751298959,0.395765536459536,0.489897948556636,0.442216638714053,0.43724013175274,0.0414745952932036,"violation",1,50,0.329560327676681,0.61213738305134,0.384187454245971,0.493558507170123,0.655557768088814,0.0434203850374743,"violation at burn-in"
57,50,"forward",0.734021127930363,0.185611725055255,0.498397431775084,0.271293199325011,0.254484860910661,0.0688731358554066,"violation in forward orientation",1,0.0441379310344828,1,50,0.734021127930363,0.185611725055255,0.498397431775084,0.271293199325011,0.254484860910661,0.0688731358554066,"violation at burn-in",1,70,0.199008410223142,0.748285526233975,0.3,0.492598275701905,0.792001036687946,0.0437155104539712,"violation"
58,50,"forward",0.633238465893974,0.152451248673278,0.496386945839634,0.237486841740758,0.350915926437087,0.198464677763809,"violation in forward orientation",1,0.0441379310344828,1,50,0.633238465893974,0.152451248673278,0.496386945839634,0.237486841740758,0.350915926437087,0.198464677763809,"violation at burn-in",1,50,0.246504271019468,0.734021127930363,0.324961536185438,0.498397431775084,0.742361853913887,0.00834072598352387,"violation at burn-in"
59,50,"forward",0.734021127930363,0.216786995012799,0.498397431775084,0.3,0.254484860910661,0.0376978658978619,"violation in forward orientation",1,0.0441379310344828,1,50,0.734021127930363,0.216786995012799,0.498397431775084,0.3,0.254484860910661,0.0376978658978619,"violation at burn-in",1,70,0.332011213630856,0.621549582751732,0.4,0.498159879261791,0.652996282228827,0.0314466994770954,"violation"
60,50,"forward",0.612137383051339,0.216786995012799,0.493558507170123,0.3,0.371105906153458,0.154318911140659,"violation in forward orientation",1,0.0441379310344828,1,50,0.612137383051339,0.216786995012799,0.493558507170123,0.3,0.371105906153458,0.154318911140659,"violation at burn-in",1,90,0.316774321444153,0.634820744786183,0.4,0.499876527964533,0.668920762035769,0.0341000172495863,"violation"
61,50,"forward",0.714489213358372,0.216786995012799,0.499599839871872,0.3,0.273173425946462,0.0563864309336625,"violation in forward orientation",1,0.0441379310344828,1,50,0.714489213358372,0.216786995012799,0.499599839871872,0.3,0.273173425946462,0.0563864309336625,"violation at burn-in",1,50,0.275078575707952,0.694644991687999,0.346987031457949,0.5,0.712498090855548,0.0178530991675492,"violation at burn-in"
62,70,"forward",0.707263868466018,0.277251743648749,0.498159879261791,0.363935405795914,0.280086794701438,0.002835051052689,"violation in forward orientation",1,0.0441379310344828,1,70,0.707263868466018,0.277251743648749,0.498159879261791,0.363935405795914,0.280086794701438,0.002835051052689,"violation",1,130,0.420456037036493,0.55175326262289,0.461538461538462,0.495183905828649,0.560560253470898,0.00880699084800773,"violation"
63,50,"reverse",0.246504271019468,0.694644991687999,0.324961536185438,0.5,0.742361853913887,0.0477168622258877,"violation in reverse orientation",1,0.0441379310344828,1,120,0.635283219199831,0.340735816085425,0.499930550732355,0.422952584681651,0.348959461544829,0.00822364545940379,"violation",1,50,0.246504271019468,0.694644991687999,0.324961536185438,0.5,0.742361853913887,0.0477168622258877,"violation at burn-in"
64,50,"forward",0.633238465893974,0.329560327676681,0.496386945839634,0.384187454245971,0.350915926437087,0.0213555987604059,"violation in forward orientation",1,0.0441379310344828,1,50,0.633238465893974,0.329560327676681,0.496386945839634,0.384187454245971,0.350915926437087,0.0213555987604059,"violation at burn-in",1,80,0.292478733192347,0.654590663251262,0.379967103839267,0.5,0.694312725158753,0.0397220619074908,"violation"
65,50,"reverse",0.116284945699819,0.826859192020479,0.195959179422654,0.48,0.87845752166009,0.051598329639611,"violation in reverse orientation",1,0.0441379310344828,1,100,0.687987176577287,0.286560022992806,0.49749371855331,0.384187454245971,0.298531157065907,0.011971134073101,"violation",1,50,0.116284945699819,0.826859192020479,0.195959179422654,0.48,0.87845752166009,0.051598329639611,"violation at burn-in"
66,50,"reverse",0.216786995012799,0.753238465893974,0.3,0.496386945839634,0.773420166585973,0.0201817006919995,"violation in reverse orientation",1,0.0441379310344828,1,60,0.661196578770763,0.321054517826778,0.499722145018832,0.386939558874797,0.324164989715021,0.00311047188824221,"violation",1,50,0.216786995012799,0.753238465893974,0.3,0.496386945839634,0.773420166585973,0.0201817006919995,"violation at burn-in"
67,70,"forward",0.636172957540227,0.332011213630856,0.499183005990176,0.4,0.348108140350583,0.0160969267197273,"violation in forward orientation",1,0.0441379310344828,1,70,0.636172957540227,0.332011213630856,0.499183005990176,0.4,0.348108140350583,0.0160969267197273,"violation",1,160,0.251578187192657,0.690356174668703,0.374530956664466,0.493354271796647,0.737058969660851,0.046702794992148,"violation"
68,50,"reverse",0.152451248673278,0.77213738305134,0.237486841740758,0.493558507170123,0.840659160003691,0.0685217769523514,"violation in reverse orientation",1,0.0441379310344828,1,50,0.790712364249548,0.185611725055255,0.489897948556636,0.271293199325011,0.200241440328106,0.0146297152728508,"violation at burn-in",1,50,0.152451248673278,0.77213738305134,0.237486841740758,0.493558507170123,0.840659160003691,0.0685217769523514,"violation at burn-in"
69,50,"reverse",0.0745005976726397,0.80895608070809,0.14,0.485386443980464,0.922127451082161,0.113171370374071,"violation in reverse orientation",1,0.0441379310344828,1,100,0.735880378407413,0.223278688067167,0.489897948556636,0.336303434416005,0.252705889201046,0.0294272011338788,"violation",1,50,0.0745005976726397,0.80895608070809,0.14,0.485386443980464,0.922127451082161,0.113171370374071,"violation at burn-in"
70,50,"forward",0.612137383051339,0.329560327676681,0.493558507170123,0.384187454245971,0.371105906153458,0.0415455784767771,"violation in forward orientation",1,0.0441379310344828,1,50,0.612137383051339,0.329560327676681,0.493558507170123,0.384187454245971,0.371105906153458,0.0415455784767771,"violation at burn-in",1,50,0.246504271019468,0.714489213358372,0.324961536185438,0.499599839871872,0.742361853913887,0.0278726405555144,"violation at burn-in"
71,50,"reverse",0.246504271019468,0.590712364249548,0.324961536185438,0.489897948556636,0.742361853913887,0.151649489664338,"violation in reverse orientation",1,0.0441379310344828,1,50,0.654021127930363,0.246504271019468,0.498397431775085,0.324961536185438,0.331030618744768,0.0845263477252998,"violation at burn-in",1,50,0.246504271019468,0.590712364249548,0.324961536185438,0.489897948556636,0.742361853913887,0.151649489664338,"violation at burn-in"
72,50,"forward",0.772137383051339,0.216786995012799,0.493558507170123,0.3,0.218014390485245,0.00122739547244574,"violation in forward orientation",1,0.0441379310344828,1,50,0.772137383051339,0.216786995012799,0.493558507170123,0.3,0.218014390485245,0.00122739547244574,"violation at burn-in",1,80,0.192754397950757,0.797470093848425,0.3,0.476969600708473,0.798537270647182,0.00106717679875756,"violation"
73,50,"reverse",0.185611725055255,0.77213738305134,0.271293199325011,0.493558507170123,0.806002267373436,0.0338648843220963,"violation in reverse orientation",1,0.0441379310344828,1,70,0.734750092269623,0.178102889634612,0.494871659305394,0.279941684889506,0.253787371813378,0.0756844821787658,"violation",1,50,0.185611725055255,0.77213738305134,0.271293199325011,0.493558507170123,0.806002267373436,0.0338648843220963,"violation at burn-in"
74,50,"forward",0.612137383051339,0.185611725055255,0.493558507170123,0.271293199325011,0.371105906153458,0.185494181098204,"violation in forward orientation",1,0.0441379310344828,1,50,0.612137383051339,0.185611725055255,0.493558507170123,0.271293199325011,0.371105906153458,0.185494181098204,"violation at burn-in",1,70,0.219286761535403,0.748285526233975,0.318157963590287,0.492598275701905,0.770807594348571,0.0225220681145964,"violation"
75,50,"reverse",0.381261936620275,0.546859192020479,0.41424630354416,0.48,0.601523046472346,0.0546638544518673,"violation in reverse orientation",1,0.0441379310344828,1,60,0.710899562289484,0.206777284463185,0.498887651569859,0.3,0.276608082964313,0.0698307985011277,"violation",1,50,0.381261936620275,0.546859192020479,0.41424630354416,0.48,0.601523046472346,0.0546638544518673,"violation at burn-in"
76,50,"forward",0.590712364249548,0.246504271019468,0.489897948556636,0.324961536185438,0.391605834913372,0.145101563893904,"violation in forward orientation",1,0.0441379310344828,1,50,0.590712364249548,0.246504271019468,0.489897948556636,0.324961536185438,0.391605834913372,0.145101563893904,"violation at burn-in",1,50,0.275078575707952,0.694644991687999,0.346987031457949,0.5,0.712498090855548,0.0178530991675492,"violation at burn-in"
77,50,"reverse",0.216786995012799,0.694644991687999,0.3,0.5,0.773420166585973,0.0787751748979741,"violation in reverse orientation",1,0.0441379310344828,1,60,0.677962140771975,0.230926430345563,0.5,0.321022671404304,0.308123331603802,0.0771969012582387,"violation",1,50,0.216786995012799,0.694644991687999,0.3,0.5,0.773420166585973,0.0787751748979741,"violation at burn-in"
78,50,"reverse",0.275078575707952,0.590712364249548,0.346987031457949,0.489897948556636,0.712498090855548,0.121785726606,"violation in reverse orientation",1,0.0441379310344828,1,100,0.668432477215472,0.298810407487868,0.499099188538711,0.392300904918661,0.317241523089259,0.0184311156013909,"violation",1,50,0.275078575707952,0.590712364249548,0.346987031457949,0.489897948556636,0.712498090855548,0.121785726606,"violation at burn-in"
79,50,"reverse",0.185611725055255,0.654021127930363,0.271293199325011,0.498397431775084,0.806002267373436,0.151981139443073,"violation in reverse orientation",1,0.0441379310344828,1,60,0.819765062450468,0.155449781144742,0.476969600708473,0.249443825784929,0.172443180316668,0.0169933991719261,"violation",1,50,0.185611725055255,0.654021127930363,0.271293199325011,0.498397431775084,0.806002267373436,0.151981139443073,"violation at burn-in"
80,50,"reverse",0.302716065288689,0.633238465893974,0.366606055596467,0.496386945839634,0.683613418092222,0.0503749521982488,"violation in reverse orientation",1,0.0441379310344828,1,70,0.679232364913215,0.258342897757551,0.499795876701026,0.349927106111883,0.306907953234922,0.0485650554773717,"violation",1,50,0.302716065288689,0.633238465893974,0.366606055596467,0.496386945839634,0.683613418092222,0.0503749521982488,"violation at burn-in"
81,50,"reverse",0.275078575707952,0.633238465893974,0.346987031457949,0.496386945839634,0.712498090855548,0.0792596249615747,"violation in reverse orientation",1,0.0441379310344828,1,60,0.574366575369876,0.383872428163307,0.489897948556636,0.422952584681651,0.407245844878257,0.0233734167149509,"violation",1,50,0.275078575707952,0.633238465893974,0.346987031457949,0.496386945839634,0.712498090855548,0.0792596249615747,"violation at burn-in"
82,50,"forward",0.612137383051339,0.246504271019468,0.493558507170123,0.324961536185438,0.371105906153458,0.12460163513399,"violation in forward orientation",1,0.0441379310344828,1,50,0.612137383051339,0.246504271019468,0.493558507170123,0.324961536185438,0.371105906153458,0.12460163513399,"violation at burn-in",1,50,0.216786995012799,0.753238465893974,0.3,0.496386945839634,0.773420166585973,0.0201817006919995,"violation at burn-in"
83,50,"forward",0.694644991687999,0.152451248673278,0.5,0.237486841740758,0.292160813276296,0.139709564603018,"violation in forward orientation",1,0.0441379310344828,1,50,0.694644991687999,0.152451248673278,0.5,0.237486841740758,0.292160813276296,0.139709564603018,"violation at burn-in",1,50,0.275078575707952,0.674489213358372,0.346987031457949,0.499599839871872,0.712498090855548,0.038008877497176,"violation at burn-in"
84,70,"forward",0.734750092269623,0.199008410223142,0.494871659305394,0.3,0.253787371813378,0.0547789615902355,"violation in forward orientation",1,0.0441379310344828,1,70,0.734750092269623,0.199008410223142,0.494871659305394,0.3,0.253787371813378,0.0547789615902355,"violation",1,70,0.219286761535403,0.734750092269623,0.318157963590287,0.494871659305394,0.770807594348571,0.0360575020789481,"violation"
85,60,"forward",0.661196578770763,0.321054517826778,0.499722145018832,0.386939558874797,0.324164989715021,0.00311047188824221,"violation in forward orientation",1,0.0441379310344828,1,60,0.661196578770763,0.321054517826778,0.499722145018832,0.386939558874797,0.324164989715021,0.00311047188824221,"violation",1,90,0.275464716989807,0.689834539323384,0.372677996249965,0.498020774022555,0.712094524369012,0.022259985045628,"violation"
86,50,"forward",0.80895608070809,0.116284945699819,0.485386443980464,0.195959179422654,0.182785451552735,0.066500505852916,"violation in forward orientation",1,0.0441379310344828,1,50,0.80895608070809,0.116284945699819,0.485386443980464,0.195959179422654,0.182785451552735,0.066500505852916,"violation at burn-in",1,50,0.381261936620275,0.546859192020479,0.41424630354416,0.48,0.601523046472346,0.0546638544518673,"violation at burn-in"
87,50,"reverse",0.246504271019468,0.694644991687999,0.324961536185438,0.5,0.742361853913887,0.0477168622258877,"violation in reverse orientation",1,0.0441379310344828,1,80,0.590878168740764,0.338978878076396,0.496078370824611,0.409076704298839,0.391447189532967,0.0524683114565706,"violation",1,50,0.246504271019468,0.694644991687999,0.324961536185438,0.5,0.742361853913887,0.0477168622258877,"violation at burn-in"
88,50,"reverse",0.0745005976726397,0.826859192020479,0.14,0.48,0.922127451082161,0.095268259061682,"violation in reverse orientation",1,0.0441379310344828,1,50,0.714489213358372,0.246504271019468,0.499599839871872,0.324961536185438,0.273173425946462,0.0266691549269938,"violation at burn-in",1,50,0.0745005976726397,0.826859192020479,0.14,0.48,0.922127451082161,0.095268259061682,"violation at burn-in"
89,50,"reverse",0.275078575707952,0.590712364249548,0.346987031457949,0.489897948556636,0.712498090855548,0.121785726606,"violation in reverse orientation",1,0.0441379310344828,1,90,0.657042967008405,0.303158498150334,0.499876527964533,0.391420332306856,0.32813925671625,0.0249807585659163,"violation",1,50,0.275078575707952,0.590712364249548,0.346987031457949,0.489897948556636,0.712498090855548,0.121785726606,"violation at burn-in"
90,80,"reverse",0.243974143961777,0.691655263867034,0.344374432848898,0.498591766879478,0.745006156751073,0.0533508928840389,"violation in reverse orientation",1,0.0441379310344828,1,90,0.71133125754252,0.171968943105426,0.495535624910617,0.28458329944146,0.2761950274606,0.104226084355174,"violation",1,80,0.243974143961777,0.691655263867034,0.344374432848898,0.498591766879478,0.745006156751073,0.0533508928840389,"violation"
91,50,"reverse",0.152451248673278,0.654021127930363,0.237486841740758,0.498397431775084,0.840659160003691,0.186638032073328,"violation in reverse orientation",1,0.0441379310344828,1,90,0.668045886935067,0.275464716989807,0.499505928733089,0.372677996249965,0.317611421164071,0.0421467041742635,"violation",1,50,0.152451248673278,0.654021127930363,0.237486841740758,0.498397431775084,0.840659160003691,0.186638032073328,"violation at burn-in"
92,50,"forward",0.612137383051339,0.246504271019468,0.493558507170123,0.324961536185438,0.371105906153458,0.12460163513399,"violation in forward orientation",1,0.0441379310344828,1,50,0.612137383051339,0.246504271019468,0.493558507170123,0.324961536185438,0.371105906153458,0.12460163513399,"violation at burn-in",1,50,0.329560327676681,0.61213738305134,0.384187454245971,0.493558507170123,0.655557768088814,0.0434203850374743,"violation at burn-in"
93,50,"reverse",0.216786995012799,0.654021127930363,0.3,0.498397431775084,0.773420166585973,0.11939903865561,"violation in reverse orientation",1,0.0441379310344828,1,50,0.654021127930363,0.246504271019468,0.498397431775085,0.324961536185438,0.331030618744768,0.0845263477252998,"violation at burn-in",1,50,0.216786995012799,0.654021127930363,0.3,0.498397431775084,0.773420166585973,0.11939903865561,"violation at burn-in"
94,50,"forward",0.612137383051339,0.355715993350399,0.493558507170123,0.4,0.371105906153458,0.0153899128030591,"violation in forward orientation",1,0.0441379310344828,1,50,0.612137383051339,0.355715993350399,0.493558507170123,0.4,0.371105906153458,0.0153899128030591,"violation at burn-in",1,50,0.216786995012799,0.77213738305134,0.3,0.493558507170123,0.773420166585973,0.00128278353463362,"violation at burn-in"
95,60,"reverse",0.277090389131333,0.694529912104096,0.357071421427142,0.499722145018832,0.71039549133306,0.0158655792289645,"violation in reverse orientation",1,0.0441379310344828,1,60,0.694529912104096,0.277090389131333,0.499722145018832,0.357071421427142,0.292270923950809,0.0151805348194766,"violation",1,60,0.277090389131333,0.694529912104096,0.357071421427142,0.499722145018832,0.71039549133306,0.0158655792289645,"violation"
96,50,"forward",0.694644991687999,0.216786995012799,0.5,0.3,0.292160813276296,0.0753738182634965,"violation in forward orientation",1,0.0441379310344828,1,50,0.694644991687999,0.216786995012799,0.5,0.3,0.292160813276296,0.0753738182634965,"violation at burn-in",1,60,0.181705607971508,0.789716484604453,0.276385399196283,0.486198404860494,0.810084653851037,0.0203681692465847,"violation"
97,50,"reverse",0.355715993350399,0.501594493296846,0.4,0.466476151587624,0.62822178875953,0.126627295462685,"violation in reverse orientation",1,0.0441379310344828,1,50,0.714489213358372,0.152451248673278,0.499599839871872,0.237486841740758,0.273173425946462,0.120722177273184,"violation at burn-in",1,50,0.355715993350399,0.501594493296846,0.4,0.466476151587624,0.62822178875953,0.126627295462685,"violation at burn-in"
98,50,"forward",0.734021127930363,0.152451248673278,0.498397431775084,0.237486841740758,0.254484860910661,0.102033612237383,"violation in forward orientation",1,0.0441379310344828,1,50,0.734021127930363,0.152451248673278,0.498397431775084,0.237486841740758,0.254484860910661,0.102033612237383,"violation at burn-in",1,50,0.152451248673278,0.826859192020479,0.237486841740758,0.48,0.840659160003691,0.0137999679832119,"violation at burn-in"
99,50,"forward",0.674489213358372,0.152451248673278,0.499599839871872,0.237486841740758,0.311446304863515,0.158995056190237,"violation in forward orientation",1,0.0441379310344828,1,50,0.674489213358372,0.152451248673278,0.499599839871872,0.237486841740758,0.311446304863515,0.158995056190237,"violation at burn-in",1,90,0.171968943105426,0.774015565121441,0.28458329944146,0.481894409826699,0.820260700327379,0.0462451352059372,"violation"
100,50,"reverse",0.302716065288689,0.501594493296846,0.366606055596467,0.466476151587624,0.683613418092222,0.182018924795377,"violation in reverse orientation",1,0.0441379310344828,1,80,0.654590663251262,0.32367253060101,0.5,0.4,0.330485674835374,0.00681314423436441,"violation",1,50,0.302716065288689,0.501594493296846,0.366606055596467,0.466476151587624,0.683613418092222,0.182018924795377,"violation at burn-in"
101,50,"forward",0.633238465893974,0.216786995012799,0.496386945839634,0.3,0.350915926437087,0.134128931424288,"violation in forward orientation",1,0.0441379310344828,1,50,0.633238465893974,0.216786995012799,0.496386945839634,0.3,0.350915926437087,0.134128931424288,"violation at burn-in",1,50,0.216786995012799,0.734021127930363,0.3,0.498397431775084,0.773420166585973,0.0393990386556103,"violation at burn-in"
102,60,"forward",0.609706494609077,0.363298063516486,0.495535624910617,0.411973569810276,0.373431833628748,0.0101337701122619,"violation in forward orientation",1,0.0441379310344828,1,60,0.609706494609077,0.363298063516486,0.495535624910617,0.411973569810276,0.373431833628748,0.0101337701122619,"violation",1,110,0.359431711356376,0.614152440296948,0.430356377401623,0.499669312133138,0.624338393403744,0.0101859531067959,"violation"
103,50,"reverse",0.355715993350399,0.56895608070809,0.4,0.485386443980464,0.62822178875953,0.0592657080514408,"violation in reverse orientation",1,0.0441379310344828,1,50,0.674489213358372,0.275078575707952,0.499599839871872,0.346987031457949,0.311446304863515,0.0363677291555631,"violation at burn-in",1,50,0.355715993350399,0.56895608070809,0.4,0.485386443980464,0.62822178875953,0.0592657080514408,"violation at burn-in"
104,50,"forward",0.612137383051339,0.246504271019468,0.493558507170123,0.324961536185438,0.371105906153458,0.12460163513399,"violation in forward orientation",1,0.0441379310344828,1,50,0.612137383051339,0.246504271019468,0.493558507170123,0.324961536185438,0.371105906153458,0.12460163513399,"violation at burn-in",1,50,0.275078575707952,0.694644991687999,0.346987031457949,0.5,0.712498090855548,0.0178530991675492,"violation at burn-in"
105,50,"forward",0.612137383051339,0.329560327676681,0.493558507170123,0.384187454245971,0.371105906153458,0.0415455784767771,"violation in forward orientation",1,0.0441379310344828,1,50,0.612137383051339,0.329560327676681,0.493558507170123,0.384187454245971,0.371105906153458,0.0415455784767771,"violation at burn-in",1,110,0.215539360174888,0.772149232602021,0.333278232360425,0.478375349706286,0.774724102817805,0.00257487021578429,"violation"
106,50,"forward",0.714489213358372,0.152451248673278,0.499599839871872,0.237486841740758,0.273173425946462,0.120722177273184,"violation in forward orientation",1,0.0441379310344828,1,50,0.714489213358372,0.152451248673278,0.499599839871872,0.237486841740758,0.273173425946462,0.120722177273184,"violation at burn-in",1,50,0.355715993350399,0.61213738305134,0.4,0.493558507170123,0.62822178875953,0.0160844057081909,"violation at burn-in"
107,50,"reverse",0.216786995012799,0.674489213358372,0.3,0.499599839871872,0.773420166585973,0.0989309532276009,"violation in reverse orientation",1,0.0441379310344828,1,80,0.808698556974645,0.156435685071958,0.472857007984443,0.263391343821318,0.183031855919445,0.0265961708474877,"violation",1,50,0.216786995012799,0.674489213358372,0.3,0.499599839871872,0.773420166585973,0.0989309532276009,"violation at burn-in"
108,50,"reverse",0.185611725055255,0.753238465893974,0.271293199325011,0.496386945839634,0.806002267373436,0.0527638014794622,"violation in reverse orientation",1,0.0441379310344828,1,90,0.721968833534088,0.202857682846242,0.493913572686508,0.314269680527354,0.266016761013194,0.0631590781669513,"violation",1,50,0.185611725055255,0.753238465893974,0.271293199325011,0.496386945839634,0.806002267373436,0.0527638014794622,"violation at burn-in"
109,50,"reverse",0.246504271019468,0.674489213358372,0.324961536185438,0.499599839871872,0.742361853913887,0.0678726405555145,"violation in reverse orientation",1,0.0441379310344828,1,90,0.721968833534088,0.261362863693741,0.493913572686508,0.362433476228891,0.266016761013194,0.00465389731945259,"violation",1,50,0.246504271019468,0.674489213358372,0.324961536185438,0.499599839871872,0.742361853913887,0.0678726405555145,"violation at burn-in"
110,50,"reverse",0.246504271019468,0.694644991687999,0.324961536185438,0.5,0.742361853913887,0.0477168622258877,"violation in reverse orientation",1,0.0441379310344828,1,70,0.66501401703857,0.258342897757551,0.5,0.349927106111883,0.320512380900092,0.0621694831425419,"violation",1,50,0.246504271019468,0.694644991687999,0.324961536185438,0.5,0.742361853913887,0.0477168622258877,"violation at burn-in"
111,50,"reverse",0.185611725055255,0.56895608070809,0.271293199325011,0.485386443980464,0.806002267373436,0.237046186665346,"violation in reverse orientation",1,0.0441379310344828,1,100,0.618571340202755,0.346724065972573,0.499599839871872,0.420832508250016,0.364949754578118,0.0182256886055445,"violation",1,50,0.185611725055255,0.56895608070809,0.271293199325011,0.485386443980464,0.806002267373436,0.237046186665346,"violation at burn-in"
112,50,"forward",0.633238465893974,0.275078575707952,0.496386945839634,0.346987031457949,0.350915926437087,0.0758373507291349,"violation in forward orientation",1,0.0441379310344828,1,50,0.633238465893974,0.275078575707952,0.496386945839634,0.346987031457949,0.350915926437087,0.0758373507291349,"violation at burn-in",1,50,0.302716065288689,0.674489213358372,0.366606055596467,0.499599839871872,0.683613418092222,0.00912420473385012,"violation at burn-in"
113,50,"forward",0.826859192020479,0.152451248673278,0.48,0.237486841740758,0.165655361265295,0.013204112592017,"violation in forward orientation",1,0.0441379310344828,1,50,0.826859192020479,0.152451248673278,0.48,0.237486841740758,0.165655361265295,0.013204112592017,"violation at burn-in",1,60,0.277090389131333,0.694529912104096,0.357071421427142,0.499722145018832,0.71039549133306,0.0158655792289645,"violation"
114,50,"forward",0.674489213358372,0.216786995012799,0.499599839871872,0.3,0.311446304863515,0.0946593098507159,"violation in forward orientation",1,0.0441379310344828,1,50,0.674489213358372,0.216786995012799,0.499599839871872,0.3,0.311446304863515,0.0946593098507159,"violation at burn-in",1,60,0.25432432379694,0.694529912104096,0.339934634239519,0.499722145018832,0.734188909522199,0.0396589974181034,"violation"
115,80,"reverse",0.243974143961777,0.727841623971563,0.344374432848898,0.49434299833213,0.745006156751073,0.0171645327795104,"violation in reverse orientation",1,0.0441379310344828,1,80,0.679397303997039,0.292478733192347,0.499374608885954,0.379967103839267,0.306750135895325,0.0142714027029785,"violation",1,80,0.243974143961777,0.727841623971563,0.344374432848898,0.49434299833213,0.745006156751073,0.0171645327795104,"violation"
116,50,"reverse",0.275078575707952,0.56895608070809,0.346987031457949,0.485386443980464,0.712498090855548,0.143542010147459,"violation in reverse orientation",1,0.0441379310344828,1,70,0.561680056860571,0.401384518782172,0.489897948556636,0.43705881545081,0.419384584547897,0.0180000657657253,"violation",1,50,0.275078575707952,0.56895608070809,0.346987031457949,0.485386443980464,0.712498090855548,0.143542010147459,"violation at burn-in"
117,60,"forward",0.74303982794241,0.206777284463185,0.495535624910617,0.3,0.245855570571903,0.0390782861087182,"violation in forward orientation",1,0.0441379310344828,1,60,0.74303982794241,0.206777284463185,0.495535624910617,0.3,0.245855570571903,0.0390782861087182,"violation",1,60,0.277090389131333,0.694529912104096,0.357071421427142,0.499722145018832,0.71039549133306,0.0158655792289645,"violation"
118,50,"reverse",0.185611725055255,0.674489213358372,0.271293199325011,0.499599839871872,0.806002267373436,0.131513054015064,"violation in reverse orientation",1,0.0441379310344828,1,50,0.753238465893974,0.216786995012799,0.496386945839634,0.3,0.236097289685927,0.0193102946731278,"violation at burn-in",1,50,0.185611725055255,0.674489213358372,0.271293199325011,0.499599839871872,0.806002267373436,0.131513054015064,"violation at burn-in"
119,70,"forward",0.734750092269623,0.199008410223142,0.494871659305394,0.3,0.253787371813378,0.0547789615902355,"violation in forward orientation",1,0.0441379310344828,1,70,0.734750092269623,0.199008410223142,0.494871659305394,0.3,0.253787371813378,0.0547789615902355,"violation",1,80,0.243974143961777,0.727841623971563,0.344374432848898,0.49434299833213,0.745006156751073,0.0171645327795104,"violation"
120,90,"reverse",0.187580741083115,0.732531618198095,0.3,0.492035329455212,0.803944396543152,0.0714127783450568,"violation in reverse orientation",1,0.0441379310344828,1,90,0.678976500805676,0.275464716989807,0.498887651569859,0.372677996249965,0.307152769635098,0.0316880526452911,"violation",1,90,0.187580741083115,0.732531618198095,0.3,0.492035329455212,0.803944396543152,0.0714127783450568,"violation"
121,50,"forward",0.654021127930363,0.302716065288689,0.498397431775085,0.366606055596467,0.331030618744768,0.0283145534560789,"violation in forward orientation",1,0.0441379310344828,1,50,0.654021127930363,0.302716065288689,0.498397431775085,0.366606055596467,0.331030618744768,0.0283145534560789,"violation at burn-in",1,50,0.329560327676681,0.633238465893974,0.384187454245971,0.496386945839634,0.655557768088814,0.0223193021948402,"violation at burn-in"
122,80,"forward",0.616655263867034,0.354108657851495,0.498591766879478,0.417582327212252,0.366783098517939,0.012674440666444,"violation in forward orientation",1,0.0441379310344828,1,80,0.616655263867034,0.354108657851495,0.498591766879478,0.417582327212252,0.366783098517939,0.012674440666444,"violation",1,140,0.352089851249444,0.625014033831274,0.433012701892219,0.499948976988489,0.632011565963188,0.0069975321319139,"violation"
123,50,"reverse",0.216786995012799,0.714489213358372,0.3,0.499599839871872,0.773420166585973,0.0589309532276009,"violation in reverse orientation",1,0.0441379310344828,1,50,0.694644991687999,0.246504271019468,0.5,0.324961536185438,0.292160813276296,0.0456565422568278,"violation at burn-in",1,50,0.216786995012799,0.714489213358372,0.3,0.499599839871872,0.773420166585973,0.0589309532276009,"violation at burn-in"
124,50,"reverse",0.116284945699819,0.826859192020479,0.195959179422654,0.48,0.87845752166009,0.051598329639611,"violation in reverse orientation",1,0.0441379310344828,1,90,0.645967901805191,0.303158498150334,0.5,0.391420332306856,0.338736122454277,0.035577624303943,"violation",1,50,0.116284945699819,0.826859192020479,0.195959179422654,0.48,0.87845752166009,0.051598329639611,"violation at burn-in"
125,50,"forward",0.694644991687999,0.216786995012799,0.5,0.3,0.292160813276296,0.0753738182634965,"violation in forward orientation",1,0.0441379310344828,1,50,0.694644991687999,0.216786995012799,0.5,0.3,0.292160813276296,0.0753738182634965,"violation at burn-in",1,50,0.246504271019468,0.694644991687999,0.324961536185438,0.5,0.742361853913887,0.0477168622258877,"violation at burn-in"
126,50,"reverse",0.329560327676681,0.524410079701748,0.384187454245971,0.47370877129308,0.655557768088814,0.131147688387066,"violation in reverse orientation",1,0.0441379310344828,1,90,0.721968833534088,0.247071505072811,0.493913572686508,0.351539822656808,0.266016761013194,0.0189452559403827,"violation",1,50,0.329560327676681,0.524410079701748,0.384187454245971,0.47370877129308,0.655557768088814,0.131147688387066,"violation at burn-in"
127,50,"forward",0.674489213358372,0.275078575707952,0.499599839871872,0.346987031457949,0.311446304863515,0.0363677291555631,"violation in forward orientation",1,0.0441379310344828,1,50,0.674489213358372,0.275078575707952,0.499599839871872,0.346987031457949,0.311446304863515,0.0363677291555631,"violation at burn-in",1,50,0.246504271019468,0.734021127930363,0.324961536185438,0.498397431775084,0.742361853913887,0.00834072598352387,"violation at burn-in"
128,50,"forward",0.590712364249548,0.329560327676681,0.489897948556636,0.384187454245971,0.391605834913372,0.0620455072366907,"violation in forward orientation",1,0.0441379310344828,1,50,0.590712364249548,0.329560327676681,0.489897948556636,0.384187454245971,0.391605834913372,0.0620455072366907,"violation at burn-in",1,50,0.185611725055255,0.790712364249548,0.271293199325011,0.489897948556636,0.806002267373436,0.0152899031238877,"violation at burn-in"
129,50,"forward",0.612137383051339,0.185611725055255,0.493558507170123,0.271293199325011,0.371105906153458,0.185494181098204,"violation in forward orientation",1,0.0441379310344828,1,50,0.612137383051339,0.185611725055255,0.493558507170123,0.271293199325011,0.371105906153458,0.185494181098204,"violation at burn-in",1,80,0.192754397950757,0.786130300599852,0.3,0.480722113075735,0.798537270647182,0.0124069700473304,"violation"
130,50,"reverse",0.216786995012799,0.714489213358372,0.3,0.499599839871872,0.773420166585973,0.0589309532276009,"violation in reverse orientation",1,0.0441379310344828,1,50,0.694644991687999,0.246504271019468,0.5,0.324961536185438,0.292160813276296,0.0456565422568278,"violation at burn-in",1,50,0.216786995012799,0.714489213358372,0.3,0.499599839871872,0.773420166585973,0.0589309532276009,"violation at burn-in"
131,50,"forward",0.714489213358372,0.152451248673278,0.499599839871872,0.237486841740758,0.273173425946462,0.120722177273184,"violation in forward orientation",1,0.0441379310344828,1,50,0.714489213358372,0.152451248673278,0.499599839871872,0.237486841740758,0.273173425946462,0.120722177273184,"violation at burn-in",1,90,0.289392299544533,0.657042967008405,0.382325567424117,0.499876527964533,0.697538438755583,0.040495471747178,"violation"
132,50,"forward",0.590712364249548,0.355715993350399,0.489897948556636,0.4,0.391605834913372,0.0358898415629726,"violation in forward orientation",1,0.0441379310344828,1,50,0.590712364249548,0.355715993350399,0.489897948556636,0.4,0.391605834913372,0.0358898415629726,"violation at burn-in",1,50,0.246504271019468,0.714489213358372,0.324961536185438,0.499599839871872,0.742361853913887,0.0278726405555144,"violation at burn-in"
133,50,"reverse",0.275078575707952,0.694644991687999,0.346987031457949,0.5,0.712498090855548,0.0178530991675492,"violation in reverse orientation",1,0.0441379310344828,1,100,0.638682330481023,0.322972911087052,0.5,0.407308237088326,0.345707117182562,0.02273420609551,"violation",1,50,0.275078575707952,0.694644991687999,0.346987031457949,0.5,0.712498090855548,0.0178530991675492,"violation at burn-in"
134,50,"reverse",0.246504271019468,0.654021127930363,0.324961536185438,0.498397431775084,0.742361853913887,0.0883407259835239,"violation in reverse orientation",1,0.0441379310344828,1,90,0.657042967008405,0.289392299544533,0.499876527964533,0.382325567424117,0.32813925671625,0.0387469571717174,"violation",1,50,0.246504271019468,0.654021127930363,0.324961536185438,0.498397431775084,0.742361853913887,0.0883407259835239,"violation at burn-in"
135,50,"forward",0.56895608070809,0.275078575707952,0.485386443980464,0.346987031457949,0.412422725055055,0.137344149347103,"violation in forward orientation",1,0.0441379310344828,1,50,0.56895608070809,0.275078575707952,0.485386443980464,0.346987031457949,0.412422725055055,0.137344149347103,"violation at burn-in",1,70,0.25834289775755,0.693315814683084,0.349927106111883,0.499183005990176,0.729988991382443,0.0366731766993591,"violation"
136,50,"reverse",0.152451248673278,0.694644991687999,0.237486841740758,0.5,0.840659160003691,0.146014168315692,"violation in reverse orientation",1,0.0441379310344828,1,100,0.754629046470215,0.21013284630978,0.485386443980464,0.324961536185438,0.234766751635455,0.0246339053256752,"violation",1,50,0.152451248673278,0.694644991687999,0.237486841740758,0.5,0.840659160003691,0.146014168315692,"violation at burn-in"
137,50,"forward",0.878395081610861,0.116284945699819,0.458257569495584,0.195959179422654,0.116344689710912,5.97440110927383e-05,"violation in forward orientation",1,0.0441379310344828,1,50,0.878395081610861,0.116284945699819,0.458257569495584,0.195959179422654,0.116344689710912,5.97440110927383e-05,"violation at burn-in",1,90,0.232572423955049,0.743018751298959,0.339934634239519,0.489897948556636,0.756922396479408,0.0139036451804486,"violation"
138,50,"forward",0.714489213358372,0.152451248673278,0.499599839871872,0.237486841740758,0.273173425946462,0.120722177273184,"violation in forward orientation",1,0.0441379310344828,1,50,0.714489213358372,0.152451248673278,0.499599839871872,0.237486841740758,0.273173425946462,0.120722177273184,"violation at burn-in",1,50,0.246504271019468,0.694644991687999,0.324961536185438,0.5,0.742361853913887,0.0477168622258877,"violation at burn-in"
139,50,"forward",0.674489213358372,0.246504271019468,0.499599839871872,0.324961536185438,0.311446304863515,0.0649420338440471,"violation in forward orientation",1,0.0441379310344828,1,50,0.674489213358372,0.246504271019468,0.499599839871872,0.324961536185438,0.311446304863515,0.0649420338440471,"violation at burn-in",1,70,0.332011213630856,0.650660936341786,0.4,0.499795876701026,0.652996282228827,0.00233534588704098,"violation"
140,90,"forward",0.732531618198095,0.217843543370117,0.492035329455212,0.327542288288526,0.255910056551383,0.0380665131812662,"violation in forward orientation",1,0.0441379310344828,1,90,0.732531618198095,0.217843543370117,0.492035329455212,0.327542288288526,0.255910056551383,0.0380665131812662,"violation",1,120,0.219654649275235,0.763431248548563,0.339934634239519,0.479510746027193,0.770423105122528,0.00699185657396473,"violation"
141,50,"reverse",0.302716065288689,0.654021127930363,0.366606055596467,0.498397431775084,0.683613418092222,0.0295922901618596,"violation in reverse orientation",1,0.0441379310344828,1,60,0.644232895622817,0.321054517826778,0.498887651569859,0.386939558874797,0.340396214492735,0.0193416966659565,"violation",1,50,0.302716065288689,0.654021127930363,0.366606055596467,0.498397431775084,0.683613418092222,0.0295922901618596,"violation at burn-in"
142,70,"reverse",0.199008410223142,0.761680056860571,0.3,0.489897948556636,0.792001036687946,0.0303209798273751,"violation in reverse orientation",1,0.0441379310344828,1,80,0.679397303997039,0.292478733192347,0.499374608885954,0.379967103839267,0.306750135895325,0.0142714027029785,"violation",1,70,0.199008410223142,0.761680056860571,0.3,0.489897948556636,0.792001036687946,0.0303209798273751,"violation"
143,50,"reverse",0.216786995012799,0.524410079701748,0.3,0.47370877129308,0.773420166585973,0.249010086884225,"violation in reverse orientation",1,0.0441379310344828,1,80,0.679397303997039,0.276559731956136,0.499374608885954,0.368908864084343,0.306750135895325,0.0301904039391889,"violation",1,50,0.216786995012799,0.524410079701748,0.3,0.47370877129308,0.773420166585973,0.249010086884225,"violation at burn-in"
144,50,"reverse",0.275078575707952,0.633238465893974,0.346987031457949,0.496386945839634,0.712498090855548,0.0792596249615747,"violation in reverse orientation",1,0.0441379310344828,1,70,0.650660936341786,0.332011213630856,0.499795876701026,0.4,0.33424572388996,0.00223451025910415,"violation",1,50,0.275078575707952,0.633238465893974,0.346987031457949,0.496386945839634,0.712498090855548,0.0792596249615747,"violation at burn-in"
145,50,"forward",0.612137383051339,0.216786995012799,0.493558507170123,0.3,0.371105906153458,0.154318911140659,"violation in forward orientation",1,0.0441379310344828,1,50,0.612137383051339,0.216786995012799,0.493558507170123,0.3,0.371105906153458,0.154318911140659,"violation at burn-in",1,50,0.275078575707952,0.633238465893974,0.346987031457949,0.496386945839634,0.712498090855548,0.0792596249615747,"violation at burn-in"
146,50,"forward",0.674489213358372,0.185611725055255,0.499599839871872,0.271293199325011,0.311446304863515,0.125834579808261,"violation in forward orientation",1,0.0441379310344828,1,50,0.674489213358372,0.185611725055255,0.499599839871872,0.271293199325011,0.311446304863515,0.125834579808261,"violation at burn-in",1,50,0.246504271019468,0.654021127930363,0.324961536185438,0.498397431775084,0.742361853913887,0.0883407259835239,"violation at burn-in"
147,50,"forward",0.772137383051339,0.216786995012799,0.493558507170123,0.3,0.218014390485245,0.00122739547244574,"violation in forward orientation",1,0.0441379310344828,1,50,0.772137383051339,0.216786995012799,0.493558507170123,0.3,0.218014390485245,0.00122739547244574,"violation at burn-in",1,90,0.202857682846242,0.78418865915957,0.314269680527354,0.478681316189734,0.787978059862562,0.00378940070299272,"violation"
148,50,"reverse",0.152451248673278,0.753238465893974,0.237486841740758,0.496386945839634,0.840659160003691,0.0874206941097173,"violation in reverse orientation",1,0.0441379310344828,1,50,0.633238465893974,0.275078575707952,0.496386945839634,0.346987031457949,0.350915926437087,0.0758373507291349,"violation at burn-in",1,50,0.152451248673278,0.753238465893974,0.237486841740758,0.496386945839634,0.840659160003691,0.0874206941097173,"violation at burn-in"
149,50,"forward",0.478395081610861,0.329560327676681,0.458257569495584,0.384187454245971,0.500006622582627,0.170446294905946,"violation in forward orientation",1,0.0441379310344828,1,50,0.478395081610861,0.329560327676681,0.458257569495584,0.384187454245971,0.500006622582627,0.170446294905946,"violation at burn-in",1,60,0.230926430345563,0.677962140771975,0.321022671404304,0.5,0.758642668020049,0.0806805272480738,"violation"
150,50,"forward",0.633238465893974,0.302716065288689,0.496386945839634,0.366606055596467,0.350915926437087,0.048199861148398,"violation in forward orientation",1,0.0441379310344828,1,50,0.633238465893974,0.302716065288689,0.496386945839634,0.366606055596467,0.350915926437087,0.048199861148398,"violation at burn-in",1,70,0.367154334451918,0.576856954805403,0.419912527334259,0.492598275701905,0.61626727535456,0.0394103205491565,"violation"
151,50,"forward",0.654021127930363,0.216786995012799,0.498397431775085,0.3,0.331030618744768,0.114243623731969,"violation in forward orientation",1,0.0441379310344828,1,50,0.654021127930363,0.216786995012799,0.498397431775085,0.3,0.331030618744768,0.114243623731969,"violation at burn-in",1,50,0.152451248673278,0.753238465893974,0.237486841740758,0.496386945839634,0.840659160003691,0.0874206941097173,"violation at burn-in"
152,60,"reverse",0.25432432379694,0.710899562289484,0.339934634239519,0.498887651569859,0.734188909522199,0.0232893472327154,"violation in reverse orientation",1,0.0441379310344828,1,90,0.71133125754252,0.202857682846242,0.495535624910617,0.314269680527354,0.2761950274606,0.0733373446143571,"violation",1,60,0.25432432379694,0.710899562289484,0.339934634239519,0.498887651569859,0.734188909522199,0.0232893472327154,"violation"
153,50,"reverse",0.246504271019468,0.654021127930363,0.324961536185438,0.498397431775084,0.742361853913887,0.0883407259835239,"violation in reverse orientation",1,0.0441379310344828,1,90,0.763761939446244,0.187580741083115,0.484831649539365,0.3,0.226028198959606,0.0384474578764913,"violation",1,50,0.246504271019468,0.654021127930363,0.324961536185438,0.498397431775084,0.742361853913887,0.0883407259835239,"violation at burn-in"
154,50,"forward",0.694644991687999,0.185611725055255,0.5,0.271293199325011,0.292160813276296,0.106549088221041,"violation in forward orientation",1,0.0441379310344828,1,50,0.694644991687999,0.185611725055255,0.5,0.271293199325011,0.292160813276296,0.106549088221041,"violation at burn-in",1,50,0.216786995012799,0.674489213358372,0.3,0.499599839871872,0.773420166585973,0.0989309532276009,"violation at burn-in"
155,90,"reverse",0.289392299544533,0.689834539323384,0.382325567424117,0.498020774022555,0.697538438755583,0.00770389943219918,"violation in reverse orientation",1,0.0441379310344828,1,140,0.61072831954556,0.368247414561976,0.499948976988489,0.440952123830019,0.372454129077037,0.00420671451506072,"violation",1,90,0.289392299544533,0.689834539323384,0.382325567424117,0.498020774022555,0.697538438755583,0.00770389943219918,"violation"
156,50,"reverse",0.329560327676681,0.56895608070809,0.384187454245971,0.485386443980464,0.655557768088814,0.0866016873807242,"violation in reverse orientation",1,0.0441379310344828,1,50,0.654021127930363,0.246504271019468,0.498397431775085,0.324961536185438,0.331030618744768,0.0845263477252998,"violation at burn-in",1,50,0.329560327676681,0.56895608070809,0.384187454245971,0.485386443980464,0.655557768088814,0.0866016873807242,"violation at burn-in"
157,50,"reverse",0.302716065288689,0.56895608070809,0.366606055596467,0.485386443980464,0.683613418092222,0.114657337384133,"violation in reverse orientation",1,0.0441379310344828,1,50,0.753238465893974,0.185611725055255,0.496386945839634,0.271293199325011,0.236097289685927,0.0504855646306725,"violation at burn-in",1,50,0.302716065288689,0.56895608070809,0.366606055596467,0.485386443980464,0.683613418092222,0.114657337384133,"violation at burn-in"
158,50,"reverse",0.275078575707952,0.694644991687999,0.346987031457949,0.5,0.712498090855548,0.0178530991675492,"violation in reverse orientation",1,0.0441379310344828,1,50,0.674489213358372,0.302716065288689,0.499599839871872,0.366606055596467,0.311446304863515,0.00873023957482622,"violation at burn-in",1,50,0.275078575707952,0.694644991687999,0.346987031457949,0.5,0.712498090855548,0.0178530991675492,"violation at burn-in"
159,50,"forward",0.753238465893974,0.0745005976726398,0.496386945839634,0.14,0.236097289685927,0.161596692013287,"violation in forward orientation",1,0.0441379310344828,1,50,0.753238465893974,0.0745005976726398,0.496386945839634,0.14,0.236097289685927,0.161596692013287,"violation at burn-in",1,90,0.275464716989807,0.668045886935067,0.372677996249965,0.499505928733089,0.712094524369012,0.0440486374339446,"violation"
160,50,"reverse",0.246504271019468,0.654021127930363,0.324961536185438,0.498397431775084,0.742361853913887,0.0883407259835239,"violation in reverse orientation",1,0.0441379310344828,1,50,0.772137383051339,0.216786995012799,0.493558507170123,0.3,0.218014390485245,0.00122739547244574,"violation at burn-in",1,50,0.246504271019468,0.654021127930363,0.324961536185438,0.498397431775084,0.742361853913887,0.0883407259835239,"violation at burn-in"
161,50,"forward",0.612137383051339,0.246504271019468,0.493558507170123,0.324961536185438,0.371105906153458,0.12460163513399,"violation in forward orientation",1,0.0441379310344828,1,50,0.612137383051339,0.246504271019468,0.493558507170123,0.324961536185438,0.371105906153458,0.12460163513399,"violation at burn-in",1,100,0.261683564317147,0.726417177917328,0.366606055596467,0.491833305094317,0.726497572232254,8.03943149254582e-05,"violation"
162,50,"forward",0.694644991687999,0.246504271019468,0.5,0.324961536185438,0.292160813276296,0.0456565422568278,"violation in forward orientation",1,0.0441379310344828,1,50,0.694644991687999,0.246504271019468,0.5,0.324961536185438,0.292160813276296,0.0456565422568278,"violation at burn-in",1,60,0.25432432379694,0.710899562289484,0.339934634239519,0.498887651569859,0.734188909522199,0.0232893472327154,"violation"
163,50,"reverse",0.246504271019468,0.61213738305134,0.324961536185438,0.493558507170123,0.742361853913887,0.130224470862547,"violation in reverse orientation",1,0.0441379310344828,1,50,0.674489213358372,0.216786995012799,0.499599839871872,0.3,0.311446304863515,0.0946593098507159,"violation at burn-in",1,50,0.246504271019468,0.61213738305134,0.324961536185438,0.493558507170123,0.742361853913887,0.130224470862547,"violation at burn-in"
164,70,"reverse",0.25834289775755,0.707263868466018,0.349927106111883,0.498159879261791,0.729988991382443,0.0227251229164253,"violation in reverse orientation",1,0.0441379310344828,1,90,0.71133125754252,0.247071505072811,0.495535624910617,0.351539822656808,0.2761950274606,0.0291235223877885,"violation",1,70,0.25834289775755,0.707263868466018,0.349927106111883,0.498159879261791,0.729988991382443,0.0227251229164253,"violation"
165,50,"forward",0.734021127930363,0.216786995012799,0.498397431775084,0.3,0.254484860910661,0.0376978658978619,"violation in forward orientation",1,0.0441379310344828,1,50,0.734021127930363,0.216786995012799,0.498397431775084,0.3,0.254484860910661,0.0376978658978619,"violation at burn-in",1,70,0.295810536031579,0.679232364913215,0.376883027379226,0.499795876701026,0.690830569717608,0.0115982048043937,"violation"
166,50,"reverse",0.355715993350399,0.524410079701748,0.4,0.47370877129308,0.62822178875953,0.103811709057783,"violation in reverse orientation",1,0.0441379310344828,1,50,0.694644991687999,0.275078575707952,0.5,0.346987031457949,0.292160813276296,0.0170822375683438,"violation at burn-in",1,50,0.355715993350399,0.524410079701748,0.4,0.47370877129308,0.62822178875953,0.103811709057783,"violation at burn-in"
167,70,"forward",0.636172957540227,0.332011213630856,0.499183005990176,0.4,0.348108140350583,0.0160969267197273,"violation in forward orientation",1,0.0441379310344828,1,70,0.636172957540227,0.332011213630856,0.499183005990176,0.4,0.348108140350583,0.0160969267197273,"violation",1,130,0.377601999819964,0.591159946398702,0.443560099795031,0.499052356409495,0.605348143411871,0.0141881970131694,"violation"
168,50,"reverse",0.381261936620275,0.501594493296846,0.41424630354416,0.466476151587624,0.601523046472346,0.0999285531755006,"violation in reverse orientation",1,0.0441379310344828,1,60,0.727070094348715,0.230926430345563,0.49749371855331,0.321022671404304,0.261135762576131,0.0302093322305676,"violation",1,50,0.381261936620275,0.501594493296846,0.41424630354416,0.466476151587624,0.601523046472346,0.0999285531755006,"violation at burn-in"
169,50,"forward",0.714489213358372,0.185611725055255,0.499599839871872,0.271293199325011,0.273173425946462,0.0875617008912072,"violation in forward orientation",1,0.0441379310344828,1,50,0.714489213358372,0.185611725055255,0.499599839871872,0.271293199325011,0.273173425946462,0.0875617008912072,"violation at burn-in",1,70,0.277251743648749,0.693315814683084,0.363935405795914,0.499183005990176,0.710226855450961,0.0169110407678775,"violation"
170,60,"reverse",0.277090389131333,0.677962140771975,0.357071421427142,0.5,0.71039549133306,0.0324333505610853,"violation in reverse orientation",1,0.0441379310344828,1,160,0.6600216206812,0.310173845011429,0.49749371855331,0.413398642353842,0.325289215432382,0.0151153704209529,"violation",1,60,0.277090389131333,0.677962140771975,0.357071421427142,0.5,0.71039549133306,0.0324333505610853,"violation"
171,80,"forward",0.703815767828986,0.227252112493843,0.49749371855331,0.330718913883074,0.283386013155811,0.0561339006619685,"violation in forward orientation",1,0.0441379310344828,1,80,0.703815767828986,0.227252112493843,0.49749371855331,0.330718913883074,0.283386013155811,0.0561339006619685,"violation",1,90,0.232572423955049,0.732531618198095,0.339934634239519,0.492035329455212,0.756922396479408,0.0243907782813124,"violation"
172,50,"reverse",0.329560327676681,0.501594493296846,0.384187454245971,0.466476151587624,0.655557768088814,0.153963274791968,"violation in reverse orientation",1,0.0441379310344828,1,50,0.612137383051339,0.355715993350399,0.493558507170123,0.4,0.371105906153458,0.0153899128030591,"violation at burn-in",1,50,0.329560327676681,0.501594493296846,0.384187454245971,0.466476151587624,0.655557768088814,0.153963274791968,"violation at burn-in"
173,60,"reverse",0.230926430345563,0.727070094348715,0.321022671404304,0.49749371855331,0.758642668020049,0.0315725736713338,"violation in reverse orientation",1,0.0441379310344828,1,70,0.679232364913215,0.277251743648749,0.499795876701026,0.363935405795914,0.306907953234922,0.0296562095861732,"violation",1,60,0.230926430345563,0.727070094348715,0.321022671404304,0.49749371855331,0.758642668020049,0.0315725736713338,"violation"
174,50,"forward",0.633238465893974,0.246504271019468,0.496386945839634,0.324961536185438,0.350915926437087,0.104411655417619,"violation in forward orientation",1,0.0441379310344828,1,50,0.633238465893974,0.246504271019468,0.496386945839634,0.324961536185438,0.350915926437087,0.104411655417619,"violation at burn-in",1,50,0.216786995012799,0.714489213358372,0.3,0.499599839871872,0.773420166585973,0.0589309532276009,"violation at burn-in"
175,50,"forward",0.734021127930363,0.116284945699819,0.498397431775084,0.195959179422654,0.254484860910661,0.138199915210842,"violation in forward orientation",1,0.0441379310344828,1,50,0.734021127930363,0.116284945699819,0.498397431775084,0.195959179422654,0.254484860910661,0.138199915210842,"violation at burn-in",1,60,0.383872428163307,0.574366575369876,0.422952584681651,0.489897948556636,0.598794752581845,0.0244281772119695,"violation"
176,50,"reverse",0.246504271019468,0.714489213358372,0.324961536185438,0.499599839871872,0.742361853913887,0.0278726405555144,"violation in reverse orientation",1,0.0441379310344828,1,60,0.677962140771975,0.25432432379694,0.5,0.339934634239519,0.308123331603802,0.0537990078068622,"violation",1,50,0.246504271019468,0.714489213358372,0.324961536185438,0.499599839871872,0.742361853913887,0.0278726405555144,"violation at burn-in"
177,60,"reverse",0.25432432379694,0.710899562289484,0.339934634239519,0.498887651569859,0.734188909522199,0.0232893472327154,"violation in reverse orientation",1,0.0441379310344828,1,70,0.66501401703857,0.277251743648749,0.5,0.363935405795914,0.320512380900092,0.0432606372513434,"violation",1,60,0.25432432379694,0.710899562289484,0.339934634239519,0.498887651569859,0.734188909522199,0.0232893472327154,"violation"
178,50,"reverse",0.355715993350399,0.590712364249548,0.4,0.489897948556636,0.62822178875953,0.0375094245099822,"violation in reverse orientation",1,0.0441379310344828,1,50,0.694644991687999,0.275078575707952,0.5,0.346987031457949,0.292160813276296,0.0170822375683438,"violation at burn-in",1,50,0.355715993350399,0.590712364249548,0.4,0.489897948556636,0.62822178875953,0.0375094245099822,"violation at burn-in"
179,50,"reverse",0.216786995012799,0.734021127930363,0.3,0.498397431775084,0.773420166585973,0.0393990386556103,"violation in reverse orientation",1,0.0441379310344828,1,50,0.612137383051339,0.355715993350399,0.493558507170123,0.4,0.371105906153458,0.0153899128030591,"violation at burn-in",1,50,0.216786995012799,0.734021127930363,0.3,0.498397431775084,0.773420166585973,0.0393990386556103,"violation at burn-in"
180,50,"reverse",0.430755917550709,0.501594493296846,0.438634243989226,0.466476151587624,0.549795575395294,0.0482010820984484,"violation in reverse orientation",1,0.0441379310344828,1,50,0.844410079701748,0.116284945699819,0.47370877129308,0.195959179422654,0.148862286287495,0.0325773405876757,"violation at burn-in",1,50,0.430755917550709,0.501594493296846,0.438634243989226,0.466476151587624,0.549795575395294,0.0482010820984484,"violation at burn-in"
181,50,"forward",0.772137383051339,0.116284945699819,0.493558507170123,0.195959179422654,0.218014390485245,0.101729444785426,"violation in forward orientation",1,0.0441379310344828,1,50,0.772137383051339,0.116284945699819,0.493558507170123,0.195959179422654,0.218014390485245,0.101729444785426,"violation at burn-in",1,50,0.246504271019468,0.734021127930363,0.324961536185438,0.498397431775084,0.742361853913887,0.00834072598352387,"violation at burn-in"
182,70,"forward",0.650660936341786,0.314054244758118,0.499795876701026,0.388875931109034,0.33424572388996,0.0201914791318424,"violation in forward orientation",1,0.0441379310344828,1,70,0.650660936341786,0.314054244758118,0.499795876701026,0.388875931109034,0.33424572388996,0.0201914791318424,"violation",1,70,0.349704765490709,0.621549582751732,0.410325903324145,0.498159879261791,0.634504282295194,0.0129546995434624,"violation"
183,50,"forward",0.546859192020479,0.216786995012799,0.48,0.3,0.433565513684668,0.216778518671869,"violation in forward orientation",1,0.0441379310344828,1,50,0.546859192020479,0.216786995012799,0.48,0.3,0.433565513684668,0.216778518671869,"violation at burn-in",1,60,0.299311814729174,0.592139703863035,0.372677996249965,0.493006648591635,0.687171290565722,0.0950315867026873,"violation"
184,50,"forward",0.734021127930363,0.152451248673278,0.498397431775084,0.237486841740758,0.254484860910661,0.102033612237383,"violation in forward orientation",1,0.0441379310344828,1,50,0.734021127930363,0.152451248673278,0.498397431775084,0.237486841740758,0.254484860910661,0.102033612237383,"violation at burn-in",1,70,0.178102889634612,0.813795356759835,0.279941684889506,0.474664220738176,0.81384995025814,5.45934983049445e-05,"violation"
185,50,"forward",0.694644991687999,0.216786995012799,0.5,0.3,0.292160813276296,0.0753738182634965,"violation in forward orientation",1,0.0441379310344828,1,50,0.694644991687999,0.216786995012799,0.5,0.3,0.292160813276296,0.0753738182634965,"violation at burn-in",1,60,0.277090389131333,0.677962140771975,0.357071421427142,0.5,0.71039549133306,0.0324333505610853,"violation"
186,50,"forward",0.612137383051339,0.152451248673278,0.493558507170123,0.237486841740758,0.371105906153458,0.21865465748018,"violation in forward orientation",1,0.0441379310344828,1,50,0.612137383051339,0.152451248673278,0.493558507170123,0.237486841740758,0.371105906153458,0.21865465748018,"violation at burn-in",1,50,0.185611725055255,0.714489213358372,0.271293199325011,0.499599839871872,0.806002267373436,0.0915130540150636,"violation at burn-in"
187,50,"forward",0.790712364249548,0.116284945699819,0.489897948556636,0.195959179422654,0.200241440328106,0.0839564946282861,"violation in forward orientation",1,0.0441379310344828,1,50,0.790712364249548,0.116284945699819,0.489897948556636,0.195959179422654,0.200241440328106,0.0839564946282861,"violation at burn-in",1,50,0.216786995012799,0.694644991687999,0.3,0.5,0.773420166585973,0.0787751748979741,"violation at burn-in"
188,50,"forward",0.612137383051339,0.275078575707952,0.493558507170123,0.346987031457949,0.371105906153458,0.0960273304455062,"violation in forward orientation",1,0.0441379310344828,1,50,0.612137383051339,0.275078575707952,0.493558507170123,0.346987031457949,0.371105906153458,0.0960273304455062,"violation at burn-in",1,90,0.187580741083115,0.71133125754252,0.3,0.495535624910617,0.803944396543152,0.0926131390006315,"violation"
189,80,"forward",0.715878168740764,0.243974143961777,0.496078370824611,0.344374432848898,0.271844442917175,0.0278702989553985,"violation in forward orientation",1,0.0441379310344828,1,80,0.715878168740764,0.243974143961777,0.496078370824611,0.344374432848898,0.271844442917175,0.0278702989553985,"violation",1,80,0.174864243211402,0.808698556974645,0.282566363886433,0.472857007984443,0.817234745460224,0.00853618848557935,"violation"
190,50,"forward",0.772137383051339,0.185611725055255,0.493558507170123,0.271293199325011,0.218014390485245,0.0324026654299904,"violation in forward orientation",1,0.0441379310344828,1,50,0.772137383051339,0.185611725055255,0.493558507170123,0.271293199325011,0.218014390485245,0.0324026654299904,"violation at burn-in",1,60,0.363298063516486,0.574366575369876,0.411973569810276,0.489897948556636,0.620297566301619,0.045930990931743,"violation"
191,50,"reverse",0.216786995012799,0.694644991687999,0.3,0.5,0.773420166585973,0.0787751748979741,"violation in reverse orientation",1,0.0441379310344828,1,80,0.739705087131815,0.243974143961777,0.49228421668788,0.344374432848898,0.249046323853495,0.00507217989171868,"violation",1,50,0.216786995012799,0.694644991687999,0.3,0.5,0.773420166585973,0.0787751748979741,"violation at burn-in"
192,60,"forward",0.758806370529702,0.181705607971508,0.493006648591635,0.276385399196283,0.230769796187304,0.0490641882157957,"violation in forward orientation",1,0.0441379310344828,1,60,0.758806370529702,0.181705607971508,0.493006648591635,0.276385399196283,0.230769796187304,0.0490641882157957,"violation",1,90,0.232572423955049,0.700619622653076,0.339934634239519,0.496903994999953,0.756922396479408,0.0563027738263314,"violation"
193,50,"forward",0.590712364249548,0.302716065288689,0.489897948556636,0.366606055596467,0.391605834913372,0.0888897696246828,"violation in forward orientation",1,0.0441379310344828,1,50,0.590712364249548,0.302716065288689,0.489897948556636,0.366606055596467,0.391605834913372,0.0888897696246828,"violation at burn-in",1,100,0.358457767577596,0.598237834688651,0.427083130081252,0.498397431775084,0.625356287856775,0.0271184531681239,"violation"
194,50,"reverse",0.185611725055255,0.654021127930363,0.271293199325011,0.498397431775084,0.806002267373436,0.151981139443073,"violation in reverse orientation",1,0.0441379310344828,1,90,0.753429237782545,0.217843543370117,0.487498021521785,0.327542288288526,0.235914754951126,0.0180712115810093,"violation",1,50,0.185611725055255,0.654021127930363,0.271293199325011,0.498397431775084,0.806002267373436,0.151981139443073,"violation at burn-in"
195,50,"forward",0.734021127930363,0.0745005976726398,0.498397431775084,0.14,0.254484860910661,0.179984263238022,"violation in forward orientation",1,0.0441379310344828,1,50,0.734021127930363,0.0745005976726398,0.498397431775084,0.14,0.254484860910661,0.179984263238022,"violation at burn-in",1,50,0.185611725055255,0.753238465893974,0.271293199325011,0.496386945839634,0.806002267373436,0.0527638014794622,"violation at burn-in"
196,50,"reverse",0.216786995012799,0.753238465893974,0.3,0.496386945839634,0.773420166585973,0.0201817006919995,"violation in reverse orientation",1,0.0441379310344828,1,90,0.774015565121441,0.202857682846242,0.481894409826699,0.314269680527354,0.216217304611415,0.0133596217651729,"violation",1,50,0.216786995012799,0.753238465893974,0.3,0.496386945839634,0.773420166585973,0.0201817006919995,"violation at burn-in"
197,50,"reverse",0.152451248673278,0.734021127930363,0.237486841740758,0.498397431775084,0.840659160003691,0.106638032073328,"violation in reverse orientation",1,0.0441379310344828,1,50,0.734021127930363,0.216786995012799,0.498397431775084,0.3,0.254484860910661,0.0376978658978619,"violation at burn-in",1,50,0.152451248673278,0.734021127930363,0.237486841740758,0.498397431775084,0.840659160003691,0.106638032073328,"violation at burn-in"
198,50,"forward",0.524410079701748,0.381261936620275,0.47370877129308,0.41424630354416,0.455045317623921,0.0737833810036468,"violation in forward orientation",1,0.0441379310344828,1,50,0.524410079701748,0.381261936620275,0.47370877129308,0.41424630354416,0.455045317623921,0.0737833810036468,"violation at burn-in",1,70,0.25834289775755,0.721075689618868,0.349927106111883,0.496723961448963,0.729988991382443,0.00891330176357497,"violation"
199,50,"reverse",0.302716065288689,0.501594493296846,0.366606055596467,0.466476151587624,0.683613418092222,0.182018924795377,"violation in reverse orientation",1,0.0441379310344828,1,60,0.661196578770763,0.321054517826778,0.499722145018832,0.386939558874797,0.324164989715021,0.00311047188824221,"violation",1,50,0.302716065288689,0.501594493296846,0.366606055596467,0.466476151587624,0.683613418092222,0.182018924795377,"violation at burn-in"
200,50,"reverse",0.216786995012799,0.633238465893974,0.3,0.496386945839634,0.773420166585973,0.140181700692,"violation in reverse orientation",1,0.0441379310344828,1,70,0.621549582751732,0.314054244758118,0.498159879261791,0.388875931109034,0.362100106666552,0.0480458619084343,"violation",1,50,0.216786995012799,0.633238465893974,0.3,0.496386945839634,0.773420166585973,0.140181700692,"violation at burn-in"
201,50,"forward",0.714489213358372,0.152451248673278,0.499599839871872,0.237486841740758,0.273173425946462,0.120722177273184,"violation in forward orientation",1,0.0441379310344828,1,50,0.714489213358372,0.152451248673278,0.499599839871872,0.237486841740758,0.273173425946462,0.120722177273184,"violation at burn-in",1,50,0.275078575707952,0.654021127930363,0.346987031457949,0.498397431775084,0.712498090855548,0.0584769629251854,"violation at burn-in"
202,50,"forward",0.674489213358372,0.216786995012799,0.499599839871872,0.3,0.311446304863515,0.0946593098507159,"violation in forward orientation",1,0.0441379310344828,1,50,0.674489213358372,0.216786995012799,0.499599839871872,0.3,0.311446304863515,0.0946593098507159,"violation at burn-in",1,50,0.329560327676681,0.633238465893974,0.384187454245971,0.496386945839634,0.655557768088814,0.0223193021948402,"violation at burn-in"
203,70,"forward",0.707263868466018,0.258342897757551,0.498159879261791,0.349927106111883,0.280086794701438,0.0217438969438876,"violation in forward orientation",1,0.0441379310344828,1,70,0.707263868466018,0.258342897757551,0.498159879261791,0.349927106111883,0.280086794701438,0.0217438969438876,"violation",1,90,0.275464716989807,0.657042967008405,0.372677996249965,0.499876527964533,0.712094524369012,0.0550515573606069,"violation"
204,50,"reverse",0.216786995012799,0.674489213358372,0.3,0.499599839871872,0.773420166585973,0.0989309532276009,"violation in reverse orientation",1,0.0441379310344828,1,70,0.66501401703857,0.295810536031579,0.5,0.376883027379226,0.320512380900092,0.0247018448685139,"violation",1,50,0.216786995012799,0.674489213358372,0.3,0.499599839871872,0.773420166585973,0.0989309532276009,"violation at burn-in"
205,90,"forward",0.71133125754252,0.247071505072811,0.495535624910617,0.351539822656808,0.2761950274606,0.0291235223877885,"violation in forward orientation",1,0.0441379310344828,1,90,0.71133125754252,0.247071505072811,0.495535624910617,0.351539822656808,0.2761950274606,0.0291235223877885,"violation",1,130,0.279408486245356,0.705014100835259,0.387985237320569,0.49278822701683,0.707972786608864,0.00295868577360492,"violation"
206,50,"reverse",0.246504271019468,0.674489213358372,0.324961536185438,0.499599839871872,0.742361853913887,0.0678726405555145,"violation in reverse orientation",1,0.0441379310344828,1,120,0.755703210984508,0.219654649275235,0.481894409826699,0.339934634239519,0.233738967425642,0.0140843181504068,"violation",1,50,0.246504271019468,0.674489213358372,0.324961536185438,0.499599839871872,0.742361853913887,0.0678726405555145,"violation at burn-in"
207,50,"forward",0.734021127930363,0.246504271019468,0.498397431775084,0.324961536185438,0.254484860910661,0.00798058989119321,"violation in forward orientation",1,0.0441379310344828,1,50,0.734021127930363,0.246504271019468,0.498397431775084,0.324961536185438,0.254484860910661,0.00798058989119321,"violation at burn-in",1,60,0.321054517826778,0.661196578770763,0.386939558874797,0.499722145018832,0.664447415369685,0.00325083659892256,"violation"
208,50,"forward",0.590712364249548,0.275078575707952,0.489897948556636,0.346987031457949,0.391605834913372,0.11652725920542,"violation in forward orientation",1,0.0441379310344828,1,50,0.590712364249548,0.275078575707952,0.489897948556636,0.346987031457949,0.391605834913372,0.11652725920542,"violation at burn-in",1,50,0.216786995012799,0.753238465893974,0.3,0.496386945839634,0.773420166585973,0.0201817006919995,"violation at burn-in"
209,50,"forward",0.524410079701748,0.355715993350399,0.47370877129308,0.4,0.455045317623921,0.0993293242735221,"violation in forward orientation",1,0.0441379310344828,1,50,0.524410079701748,0.355715993350399,0.47370877129308,0.4,0.455045317623921,0.0993293242735221,"violation at burn-in",1,50,0.185611725055255,0.734021127930363,0.271293199325011,0.498397431775084,0.806002267373436,0.0719811394430731,"violation at burn-in"
210,50,"reverse",0.302716065288689,0.61213738305134,0.366606055596467,0.493558507170123,0.683613418092222,0.0714760350408828,"violation in reverse orientation",1,0.0441379310344828,1,50,0.590712364249548,0.355715993350399,0.489897948556636,0.4,0.391605834913372,0.0358898415629726,"violation at burn-in",1,50,0.302716065288689,0.61213738305134,0.366606055596467,0.493558507170123,0.683613418092222,0.0714760350408828,"violation at burn-in"
211,50,"reverse",0.185611725055255,0.694644991687999,0.271293199325011,0.5,0.806002267373436,0.111357275685437,"violation in reverse orientation",1,0.0441379310344828,1,80,0.691655263867034,0.260399815732986,0.498591766879478,0.357071421427142,0.295021450548464,0.0346216348154784,"violation",1,50,0.185611725055255,0.694644991687999,0.271293199325011,0.5,0.806002267373436,0.111357275685437,"violation at burn-in"
212,60,"forward",0.661196578770763,0.277090389131333,0.499722145018832,0.357071421427142,0.324164989715021,0.0470746005836877,"violation in forward orientation",1,0.0441379310344828,1,60,0.661196578770763,0.277090389131333,0.499722145018832,0.357071421427142,0.324164989715021,0.0470746005836877,"violation",1,110,0.227251178235511,0.738322459515152,0.343174292512307,0.487954069102532,0.762483771395645,0.0241613118804929,"violation"
213,50,"forward",0.524410079701748,0.246504271019468,0.47370877129308,0.324961536185438,0.455045317623921,0.208541046604453,"violation in forward orientation",1,0.0441379310344828,1,50,0.524410079701748,0.246504271019468,0.47370877129308,0.324961536185438,0.455045317623921,0.208541046604453,"violation at burn-in",1,70,0.332011213630856,0.59189294941248,0.4,0.494871659305394,0.652996282228827,0.0611033328163472,"violation"
214,60,"forward",0.74303982794241,0.230926430345563,0.495535624910617,0.321022671404304,0.245855570571903,0.0149291402263402,"violation in forward orientation",1,0.0441379310344828,1,60,0.74303982794241,0.230926430345563,0.495535624910617,0.321022671404304,0.245855570571903,0.0149291402263402,"violation",1,90,0.369905994351297,0.61230983413901,0.429757324573638,0.498887651569859,0.613391442673832,0.00108160853482253,"violation"
215,50,"forward",0.694644991687999,0.185611725055255,0.5,0.271293199325011,0.292160813276296,0.106549088221041,"violation in forward orientation",1,0.0441379310344828,1,50,0.694644991687999,0.185611725055255,0.5,0.271293199325011,0.292160813276296,0.106549088221041,"violation at burn-in",1,50,0.302716065288689,0.61213738305134,0.366606055596467,0.493558507170123,0.683613418092222,0.0714760350408828,"violation at burn-in"
216,50,"reverse",0.185611725055255,0.714489213358372,0.271293199325011,0.499599839871872,0.806002267373436,0.0915130540150636,"violation in reverse orientation",1,0.0441379310344828,1,60,0.74303982794241,0.230926430345563,0.495535624910617,0.321022671404304,0.245855570571903,0.0149291402263402,"violation",1,50,0.185611725055255,0.714489213358372,0.271293199325011,0.499599839871872,0.806002267373436,0.0915130540150636,"violation at burn-in"
217,50,"forward",0.772137383051339,0.116284945699819,0.493558507170123,0.195959179422654,0.218014390485245,0.101729444785426,"violation in forward orientation",1,0.0441379310344828,1,50,0.772137383051339,0.116284945699819,0.493558507170123,0.195959179422654,0.218014390485245,0.101729444785426,"violation at burn-in",1,90,0.261362863693741,0.71133125754252,0.362433476228891,0.495535624910617,0.726832744952447,0.0155014874099263,"violation"
218,50,"forward",0.590712364249548,0.185611725055255,0.489897948556636,0.271293199325011,0.391605834913372,0.205994109858117,"violation in forward orientation",1,0.0441379310344828,1,50,0.590712364249548,0.185611725055255,0.489897948556636,0.271293199325011,0.391605834913372,0.205994109858117,"violation at burn-in",1,50,0.246504271019468,0.734021127930363,0.324961536185438,0.498397431775084,0.742361853913887,0.00834072598352387,"violation at burn-in"
219,50,"reverse",0.302716065288689,0.524410079701748,0.366606055596467,0.47370877129308,0.683613418092222,0.159203338390475,"violation in reverse orientation",1,0.0441379310344828,1,90,0.78418865915957,0.122426786343621,0.478681316189734,0.229061423645426,0.206483464703088,0.0840566783594671,"violation",1,50,0.302716065288689,0.524410079701748,0.366606055596467,0.47370877129308,0.683613418092222,0.159203338390475,"violation at burn-in"
220,80,"reverse",0.210195306156735,0.739705087131815,0.315980616494113,0.49228421668788,0.780309315291353,0.0406042281595378,"violation in reverse orientation",1,0.0441379310344828,1,80,0.469812757386282,0.469812757386282,0.46837484987988,0.46837484987988,0.508976237064129,0.0391634796778476,"violation",1,80,0.210195306156735,0.739705087131815,0.315980616494113,0.49228421668788,0.780309315291353,0.0406042281595378,"violation"
221,50,"reverse",0.185611725055255,0.734021127930363,0.271293199325011,0.498397431775084,0.806002267373436,0.0719811394430731,"violation in reverse orientation",1,0.0441379310344828,1,50,0.772137383051339,0.185611725055255,0.493558507170123,0.271293199325011,0.218014390485245,0.0324026654299904,"violation at burn-in",1,50,0.185611725055255,0.734021127930363,0.271293199325011,0.498397431775084,0.806002267373436,0.0719811394430731,"violation at burn-in"
222,50,"forward",0.56895608070809,0.246504271019468,0.485386443980464,0.324961536185438,0.412422725055055,0.165918454035587,"violation in forward orientation",1,0.0441379310344828,1,50,0.56895608070809,0.246504271019468,0.485386443980464,0.324961536185438,0.412422725055055,0.165918454035587,"violation at burn-in",1,60,0.299311814729174,0.677962140771975,0.372677996249965,0.5,0.687171290565722,0.00920914979374721,"violation"
223,50,"reverse",0.185611725055255,0.714489213358372,0.271293199325011,0.499599839871872,0.806002267373436,0.0915130540150636,"violation in reverse orientation",1,0.0441379310344828,1,60,0.644232895622817,0.25432432379694,0.498887651569859,0.339934634239519,0.340396214492735,0.0860718906957952,"violation",1,50,0.185611725055255,0.714489213358372,0.271293199325011,0.499599839871872,0.806002267373436,0.0915130540150636,"violation at burn-in"
224,50,"forward",0.654021127930363,0.0745005976726398,0.498397431775085,0.14,0.331030618744768,0.256530021072128,"violation in forward orientation",1,0.0441379310344828,1,50,0.654021127930363,0.0745005976726398,0.498397431775085,0.14,0.331030618744768,0.256530021072128,"violation at burn-in",1,50,0.329560327676681,0.633238465893974,0.384187454245971,0.496386945839634,0.655557768088814,0.0223193021948402,"violation at burn-in"
225,50,"reverse",0.302716065288689,0.501594493296846,0.366606055596467,0.466476151587624,0.683613418092222,0.182018924795377,"violation in reverse orientation",1,0.0441379310344828,1,50,0.753238465893974,0.152451248673278,0.496386945839634,0.237486841740758,0.236097289685927,0.083646041012649,"violation at burn-in",1,50,0.302716065288689,0.501594493296846,0.366606055596467,0.466476151587624,0.683613418092222,0.182018924795377,"violation at burn-in"
226,50,"reverse",0.302716065288689,0.654021127930363,0.366606055596467,0.498397431775084,0.683613418092222,0.0295922901618596,"violation in reverse orientation",1,0.0441379310344828,1,60,0.661196578770763,0.321054517826778,0.499722145018832,0.386939558874797,0.324164989715021,0.00311047188824221,"violation",1,50,0.302716065288689,0.654021127930363,0.366606055596467,0.498397431775084,0.683613418092222,0.0295922901618596,"violation at burn-in"
227,70,"forward",0.761680056860571,0.199008410223142,0.489897948556636,0.3,0.228020189962631,0.0290117797394887,"violation in forward orientation",1,0.0441379310344828,1,70,0.761680056860571,0.199008410223142,0.489897948556636,0.3,0.228020189962631,0.0290117797394887,"violation",1,90,0.289392299544533,0.623601442490622,0.382325567424117,0.499505928733089,0.697538438755583,0.0739369962649603,"violation"
228,50,"forward",0.612137383051339,0.246504271019468,0.493558507170123,0.324961536185438,0.371105906153458,0.12460163513399,"violation in forward orientation",1,0.0441379310344828,1,50,0.612137383051339,0.246504271019468,0.493558507170123,0.324961536185438,0.371105906153458,0.12460163513399,"violation at burn-in",1,90,0.303158498150334,0.678976500805676,0.391420332306856,0.498887651569859,0.683151019783902,0.00417451897822574,"violation"
229,50,"reverse",0.246504271019468,0.714489213358372,0.324961536185438,0.499599839871872,0.742361853913887,0.0278726405555144,"violation in reverse orientation",1,0.0441379310344828,1,60,0.661196578770763,0.277090389131333,0.499722145018832,0.357071421427142,0.324164989715021,0.0470746005836877,"violation",1,50,0.246504271019468,0.714489213358372,0.324961536185438,0.499599839871872,0.742361853913887,0.0278726405555144,"violation at burn-in"
230,60,"forward",0.677962140771975,0.277090389131333,0.5,0.357071421427142,0.308123331603802,0.031032942472469,"violation in forward orientation",1,0.0441379310344828,1,60,0.677962140771975,0.277090389131333,0.5,0.357071421427142,0.308123331603802,0.031032942472469,"violation",1,90,0.202857682846242,0.753429237782545,0.314269680527354,0.487498021521785,0.787978059862562,0.0345488220800177,"violation"
231,50,"reverse",0.275078575707952,0.633238465893974,0.346987031457949,0.496386945839634,0.712498090855548,0.0792596249615747,"violation in reverse orientation",1,0.0441379310344828,1,50,0.714489213358372,0.216786995012799,0.499599839871872,0.3,0.273173425946462,0.0563864309336625,"violation at burn-in",1,50,0.275078575707952,0.633238465893974,0.346987031457949,0.496386945839634,0.712498090855548,0.0792596249615747,"violation at burn-in"
232,50,"forward",0.633238465893974,0.302716065288689,0.496386945839634,0.366606055596467,0.350915926437087,0.048199861148398,"violation in forward orientation",1,0.0441379310344828,1,50,0.633238465893974,0.302716065288689,0.496386945839634,0.366606055596467,0.350915926437087,0.048199861148398,"violation at burn-in",1,70,0.277251743648749,0.679232364913215,0.363935405795914,0.499795876701026,0.710226855450961,0.0309944905377465,"violation"
233,50,"reverse",0.216786995012799,0.694644991687999,0.3,0.5,0.773420166585973,0.0787751748979741,"violation in reverse orientation",1,0.0441379310344828,1,50,0.734021127930363,0.246504271019468,0.498397431775084,0.324961536185438,0.254484860910661,0.00798058989119321,"violation at burn-in",1,50,0.216786995012799,0.694644991687999,0.3,0.5,0.773420166585973,0.0787751748979741,"violation at burn-in"
234,50,"reverse",0.152451248673278,0.674489213358372,0.237486841740758,0.499599839871872,0.840659160003691,0.166169946645319,"violation in reverse orientation",1,0.0441379310344828,1,50,0.714489213358372,0.152451248673278,0.499599839871872,0.237486841740758,0.273173425946462,0.120722177273184,"violation at burn-in",1,50,0.152451248673278,0.674489213358372,0.237486841740758,0.499599839871872,0.840659160003691,0.166169946645319,"violation at burn-in"
235,50,"forward",0.633238465893974,0.246504271019468,0.496386945839634,0.324961536185438,0.350915926437087,0.104411655417619,"violation in forward orientation",1,0.0441379310344828,1,50,0.633238465893974,0.246504271019468,0.496386945839634,0.324961536185438,0.350915926437087,0.104411655417619,"violation at burn-in",1,50,0.355715993350399,0.56895608070809,0.4,0.485386443980464,0.62822178875953,0.0592657080514408,"violation at burn-in"
236,80,"forward",0.654590663251262,0.308177297821902,0.5,0.3903123748999,0.330485674835374,0.0223083770134724,"violation in forward orientation",1,0.0441379310344828,1,80,0.654590663251262,0.308177297821902,0.5,0.3903123748999,0.330485674835374,0.0223083770134724,"violation",1,90,0.275464716989807,0.657042967008405,0.372677996249965,0.499876527964533,0.712094524369012,0.0550515573606069,"violation"
237,50,"reverse",0.275078575707952,0.56895608070809,0.346987031457949,0.485386443980464,0.712498090855548,0.143542010147459,"violation in reverse orientation",1,0.0441379310344828,1,50,0.790712364249548,0.185611725055255,0.489897948556636,0.271293199325011,0.200241440328106,0.0146297152728508,"violation at burn-in",1,50,0.275078575707952,0.56895608070809,0.346987031457949,0.485386443980464,0.712498090855548,0.143542010147459,"violation at burn-in"
238,50,"reverse",0.246504271019468,0.734021127930363,0.324961536185438,0.498397431775084,0.742361853913887,0.00834072598352387,"violation in reverse orientation",1,0.0441379310344828,1,90,0.600945650434495,0.343591528449175,0.498020774022555,0.415739709641549,0.381814401836372,0.038222873387197,"violation",1,50,0.246504271019468,0.734021127930363,0.324961536185438,0.498397431775084,0.742361853913887,0.00834072598352387,"violation at burn-in"
239,90,"reverse",0.330249254092939,0.61230983413901,0.408097059382377,0.498887651569859,0.654837752834408,0.0425279186953978,"violation in reverse orientation",1,0.0441379310344828,1,120,0.676331088782478,0.301574017175407,0.49749371855331,0.4,0.309683957986338,0.00810994081093092,"violation",1,90,0.330249254092939,0.61230983413901,0.408097059382377,0.498887651569859,0.654837752834408,0.0425279186953978,"violation"
240,50,"forward",0.633238465893974,0.302716065288689,0.496386945839634,0.366606055596467,0.350915926437087,0.048199861148398,"violation in forward orientation",1,0.0441379310344828,1,50,0.633238465893974,0.302716065288689,0.496386945839634,0.366606055596467,0.350915926437087,0.048199861148398,"violation at burn-in",1,50,0.246504271019468,0.714489213358372,0.324961536185438,0.499599839871872,0.742361853913887,0.0278726405555144,"violation at burn-in"
241,50,"reverse",0.246504271019468,0.590712364249548,0.324961536185438,0.489897948556636,0.742361853913887,0.151649489664338,"violation in reverse orientation",1,0.0441379310344828,1,50,0.753238465893974,0.216786995012799,0.496386945839634,0.3,0.236097289685927,0.0193102946731278,"violation at burn-in",1,50,0.246504271019468,0.590712364249548,0.324961536185438,0.489897948556636,0.742361853913887,0.151649489664338,"violation at burn-in"
242,50,"reverse",0.152451248673278,0.80895608070809,0.237486841740758,0.485386443980464,0.840659160003691,0.0317030792956013,"violation in reverse orientation",1,0.0441379310344828,1,50,0.633238465893974,0.329560327676681,0.496386945839634,0.384187454245971,0.350915926437087,0.0213555987604059,"violation at burn-in",1,50,0.152451248673278,0.80895608070809,0.237486841740758,0.485386443980464,0.840659160003691,0.0317030792956013,"violation at burn-in"
243,80,"forward",0.654590663251262,0.308177297821902,0.5,0.3903123748999,0.330485674835374,0.0223083770134724,"violation in forward orientation",1,0.0441379310344828,1,80,0.654590663251262,0.308177297821902,0.5,0.3903123748999,0.330485674835374,0.0223083770134724,"violation",1,90,0.261362863693741,0.689834539323384,0.362433476228891,0.498020774022555,0.726832744952447,0.0369982056290632,"violation"
244,50,"forward",0.654021127930363,0.216786995012799,0.498397431775085,0.3,0.331030618744768,0.114243623731969,"violation in forward orientation",1,0.0441379310344828,1,50,0.654021127930363,0.216786995012799,0.498397431775085,0.3,0.331030618744768,0.114243623731969,"violation at burn-in",1,50,0.246504271019468,0.694644991687999,0.324961536185438,0.5,0.742361853913887,0.0477168622258877,"violation at burn-in"
245,50,"reverse",0.185611725055255,0.753238465893974,0.271293199325011,0.496386945839634,0.806002267373436,0.0527638014794622,"violation in reverse orientation",1,0.0441379310344828,1,70,0.650660936341786,0.277251743648749,0.499795876701026,0.363935405795914,0.33424572388996,0.0569939802412112,"violation",1,50,0.185611725055255,0.753238465893974,0.271293199325011,0.496386945839634,0.806002267373436,0.0527638014794622,"violation at burn-in"
246,50,"forward",0.734021127930363,0.152451248673278,0.498397431775084,0.237486841740758,0.254484860910661,0.102033612237383,"violation in forward orientation",1,0.0441379310344828,1,50,0.734021127930363,0.152451248673278,0.498397431775084,0.237486841740758,0.254484860910661,0.102033612237383,"violation at burn-in",1,50,0.246504271019468,0.734021127930363,0.324961536185438,0.498397431775084,0.742361853913887,0.00834072598352387,"violation at burn-in"
247,50,"forward",0.654021127930363,0.185611725055255,0.498397431775085,0.271293199325011,0.331030618744768,0.145418893689513,"violation in forward orientation",1,0.0441379310344828,1,50,0.654021127930363,0.185611725055255,0.498397431775085,0.271293199325011,0.331030618744768,0.145418893689513,"violation at burn-in",1,50,0.246504271019468,0.61213738305134,0.324961536185438,0.493558507170123,0.742361853913887,0.130224470862547,"violation at burn-in"
248,50,"reverse",0.302716065288689,0.674489213358372,0.366606055596467,0.499599839871872,0.683613418092222,0.00912420473385012,"violation in reverse orientation",1,0.0441379310344828,1,100,0.754629046470215,0.196784561353059,0.485386443980464,0.31288975694324,0.234766751635455,0.0379821902823962,"violation",1,50,0.302716065288689,0.674489213358372,0.366606055596467,0.499599839871872,0.683613418092222,0.00912420473385012,"violation at burn-in"
249,50,"reverse",0.0745005976726397,0.714489213358372,0.14,0.499599839871872,0.922127451082161,0.207638237723789,"violation in reverse orientation",1,0.0441379310344828,1,70,0.66501401703857,0.295810536031579,0.5,0.376883027379226,0.320512380900092,0.0247018448685139,"violation",1,50,0.0745005976726397,0.714489213358372,0.14,0.499599839871872,0.922127451082161,0.207638237723789,"violation at burn-in"
250,50,"forward",0.753238465893974,0.185611725055255,0.496386945839634,0.271293199325011,0.236097289685927,0.0504855646306725,"violation in forward orientation",1,0.0441379310344828,1,50,0.753238465893974,0.185611725055255,0.496386945839634,0.271293199325011,0.236097289685927,0.0504855646306725,"violation at burn-in",1,60,0.181705607971508,0.789716484604453,0.276385399196283,0.486198404860494,0.810084653851037,0.0203681692465847,"violation"
251,50,"reverse",0.478395081610861,0.454790769027509,0.458257569495584,0.448998886412873,0.500006622582627,0.0452158535551184,"violation in reverse orientation",1,0.0441379310344828,1,70,0.621549582751732,0.349704765490709,0.498159879261791,0.410325903324145,0.362100106666552,0.0123953411758435,"violation",1,50,0.478395081610861,0.454790769027509,0.458257569495584,0.448998886412873,0.500006622582627,0.0452158535551184,"violation at burn-in"
252,60,"reverse",0.299311814729174,0.661196578770763,0.372677996249965,0.499722145018832,0.687171290565722,0.0259747117949596,"violation in reverse orientation",1,0.0441379310344828,1,60,0.694529912104096,0.277090389131333,0.499722145018832,0.357071421427142,0.292270923950809,0.0151805348194766,"violation",1,60,0.299311814729174,0.661196578770763,0.372677996249965,0.499722145018832,0.687171290565722,0.0259747117949596,"violation"
253,50,"reverse",0.152451248673278,0.714489213358372,0.237486841740758,0.499599839871872,0.840659160003691,0.126169946645319,"violation in reverse orientation",1,0.0441379310344828,1,50,0.714489213358372,0.152451248673278,0.499599839871872,0.237486841740758,0.273173425946462,0.120722177273184,"violation at burn-in",1,50,0.152451248673278,0.714489213358372,0.237486841740758,0.499599839871872,0.840659160003691,0.126169946645319,"violation at burn-in"
254,50,"forward",0.590712364249548,0.152451248673278,0.489897948556636,0.237486841740758,0.391605834913372,0.239154586240094,"violation in forward orientation",1,0.0441379310344828,1,50,0.590712364249548,0.152451248673278,0.489897948556636,0.237486841740758,0.391605834913372,0.239154586240094,"violation at burn-in",1,90,0.187580741083115,0.678976500805676,0.3,0.498887651569859,0.803944396543152,0.124967895737476,"violation"
255,50,"reverse",0.246504271019468,0.714489213358372,0.324961536185438,0.499599839871872,0.742361853913887,0.0278726405555144,"violation in reverse orientation",1,0.0441379310344828,1,50,0.734021127930363,0.246504271019468,0.498397431775084,0.324961536185438,0.254484860910661,0.00798058989119321,"violation at burn-in",1,50,0.246504271019468,0.714489213358372,0.324961536185438,0.499599839871872,0.742361853913887,0.0278726405555144,"violation at burn-in"
256,50,"forward",0.753238465893974,0.116284945699819,0.496386945839634,0.195959179422654,0.236097289685927,0.119812343986108,"violation in forward orientation",1,0.0441379310344828,1,50,0.753238465893974,0.116284945699819,0.496386945839634,0.195959179422654,0.236097289685927,0.119812343986108,"violation at burn-in",1,50,0.216786995012799,0.77213738305134,0.3,0.493558507170123,0.773420166585973,0.00128278353463362,"violation at burn-in"
257,50,"reverse",0.302716065288689,0.633238465893974,0.366606055596467,0.496386945839634,0.683613418092222,0.0503749521982488,"violation in reverse orientation",1,0.0441379310344828,1,70,0.693315814683084,0.277251743648749,0.499183005990176,0.363935405795914,0.293432599040507,0.0161808553917582,"violation",1,50,0.302716065288689,0.633238465893974,0.366606055596467,0.496386945839634,0.683613418092222,0.0503749521982488,"violation at burn-in"
258,50,"reverse",0.216786995012799,0.734021127930363,0.3,0.498397431775084,0.773420166585973,0.0393990386556103,"violation in reverse orientation",1,0.0441379310344828,1,50,0.654021127930363,0.302716065288689,0.498397431775085,0.366606055596467,0.331030618744768,0.0283145534560789,"violation at burn-in",1,50,0.216786995012799,0.734021127930363,0.3,0.498397431775084,0.773420166585973,0.0393990386556103,"violation at burn-in"
259,50,"reverse",0.185611725055255,0.753238465893974,0.271293199325011,0.496386945839634,0.806002267373436,0.0527638014794622,"violation in reverse orientation",1,0.0441379310344828,1,50,0.633238465893974,0.302716065288689,0.496386945839634,0.366606055596467,0.350915926437087,0.048199861148398,"violation at burn-in",1,50,0.185611725055255,0.753238465893974,0.271293199325011,0.496386945839634,0.806002267373436,0.0527638014794622,"violation at burn-in"
260,70,"forward",0.636172957540227,0.314054244758118,0.499183005990176,0.388875931109034,0.348108140350583,0.0340538955924656,"violation in forward orientation",1,0.0441379310344828,1,70,0.636172957540227,0.314054244758118,0.499183005990176,0.388875931109034,0.348108140350583,0.0340538955924656,"violation",1,80,0.210195306156735,0.751467297585606,0.315980616494113,0.489897948556636,0.780309315291353,0.0288420177057468,"violation"
261,60,"reverse",0.321054517826778,0.627070094348715,0.386939558874797,0.49749371855331,0.664447415369685,0.0373773210209702,"violation in reverse orientation",1,0.0441379310344828,1,60,0.661196578770763,0.299311814729174,0.499722145018832,0.372677996249965,0.324164989715021,0.0248531749858462,"violation",1,60,0.321054517826778,0.627070094348715,0.386939558874797,0.49749371855331,0.664447415369685,0.0373773210209702,"violation"
262,50,"forward",0.654021127930363,0.246504271019468,0.498397431775085,0.324961536185438,0.331030618744768,0.0845263477252998,"violation in forward orientation",1,0.0441379310344828,1,50,0.654021127930363,0.246504271019468,0.498397431775085,0.324961536185438,0.331030618744768,0.0845263477252998,"violation at burn-in",1,60,0.206777284463185,0.74303982794241,0.3,0.495535624910617,0.783881580341973,0.0408417523995626,"violation"
263,50,"forward",0.674489213358372,0.275078575707952,0.499599839871872,0.346987031457949,0.311446304863515,0.0363677291555631,"violation in forward orientation",1,0.0441379310344828,1,50,0.674489213358372,0.275078575707952,0.499599839871872,0.346987031457949,0.311446304863515,0.0363677291555631,"violation at burn-in",1,70,0.314054244758118,0.66501401703857,0.388875931109034,0.5,0.671763586263264,0.00674956922469405,"violation"
264,50,"forward",0.753238465893974,0.116284945699819,0.496386945839634,0.195959179422654,0.236097289685927,0.119812343986108,"violation in forward orientation",1,0.0441379310344828,1,50,0.753238465893974,0.116284945699819,0.496386945839634,0.195959179422654,0.236097289685927,0.119812343986108,"violation at burn-in",1,50,0.152451248673278,0.790712364249548,0.237486841740758,0.489897948556636,0.840659160003691,0.0499467957541427,"violation at burn-in"
265,50,"reverse",0.216786995012799,0.590712364249548,0.3,0.489897948556636,0.773420166585973,0.182707802336425,"violation in reverse orientation",1,0.0441379310344828,1,90,0.600945650434495,0.316774321444153,0.498020774022555,0.4,0.381814401836372,0.0650400803922189,"violation",1,50,0.216786995012799,0.590712364249548,0.3,0.489897948556636,0.773420166585973,0.182707802336425,"violation at burn-in"
266,50,"reverse",0.216786995012799,0.734021127930363,0.3,0.498397431775084,0.773420166585973,0.0393990386556103,"violation in reverse orientation",1,0.0441379310344828,1,80,0.603815767828986,0.338978878076396,0.49749371855331,0.409076704298839,0.379068210448444,0.0400893323720485,"violation",1,50,0.216786995012799,0.734021127930363,0.3,0.498397431775084,0.773420166585973,0.0393990386556103,"violation at burn-in"
267,50,"reverse",0.216786995012799,0.753238465893974,0.3,0.496386945839634,0.773420166585973,0.0201817006919995,"violation in reverse orientation",1,0.0441379310344828,1,60,0.609706494609077,0.34236971261758,0.495535624910617,0.4,0.373431833628748,0.0310621210111675,"violation",1,50,0.216786995012799,0.753238465893974,0.3,0.496386945839634,0.773420166585973,0.0201817006919995,"violation at burn-in"
268,60,"forward",0.661196578770763,0.299311814729174,0.499722145018832,0.372677996249965,0.324164989715021,0.0248531749858462,"violation in forward orientation",1,0.0441379310344828,1,60,0.661196578770763,0.299311814729174,0.499722145018832,0.372677996249965,0.324164989715021,0.0248531749858462,"violation",1,110,0.272841182473027,0.712455070479026,0.378011325205305,0.49326036240911,0.71483644981702,0.00238137933799398,"violation"
269,50,"forward",0.590712364249548,0.246504271019468,0.489897948556636,0.324961536185438,0.391605834913372,0.145101563893904,"violation in forward orientation",1,0.0441379310344828,1,50,0.590712364249548,0.246504271019468,0.489897948556636,0.324961536185438,0.391605834913372,0.145101563893904,"violation at burn-in",1,100,0.322972911087052,0.638682330481023,0.407308237088326,0.5,0.662442451735325,0.0237601212543018,"violation"
270,50,"forward",0.772137383051339,0.0745005976726398,0.493558507170123,0.14,0.218014390485245,0.143513792812605,"violation in forward orientation",1,0.0441379310344828,1,50,0.772137383051339,0.0745005976726398,0.493558507170123,0.14,0.218014390485245,0.143513792812605,"violation at burn-in",1,70,0.25834289775755,0.66501401703857,0.349927106111883,0.5,0.729988991382443,0.0649749743438726,"violation"
271,50,"forward",0.714489213358372,0.216786995012799,0.499599839871872,0.3,0.273173425946462,0.0563864309336625,"violation in forward orientation",1,0.0441379310344828,1,50,0.714489213358372,0.216786995012799,0.499599839871872,0.3,0.273173425946462,0.0563864309336625,"violation at burn-in",1,70,0.295810536031579,0.650660936341786,0.376883027379226,0.499795876701026,0.690830569717608,0.0401696333758221,"violation"
272,50,"reverse",0.216786995012799,0.734021127930363,0.3,0.498397431775084,0.773420166585973,0.0393990386556103,"violation in reverse orientation",1,0.0441379310344828,1,80,0.691655263867034,0.292478733192347,0.498591766879478,0.379967103839267,0.295021450548464,0.00254271735611733,"violation",1,50,0.216786995012799,0.734021127930363,0.3,0.498397431775084,0.773420166585973,0.0393990386556103,"violation at burn-in"
273,50,"reverse",0.216786995012799,0.694644991687999,0.3,0.5,0.773420166585973,0.0787751748979741,"violation in reverse orientation",1,0.0441379310344828,1,80,0.691655263867034,0.276559731956136,0.498591766879478,0.368908864084343,0.295021450548464,0.0184617185923278,"violation",1,50,0.216786995012799,0.694644991687999,0.3,0.5,0.773420166585973,0.0787751748979741,"violation at burn-in"
274,80,"forward",0.808698556974645,0.174864243211402,0.472857007984443,0.282566363886433,0.183031855919445,0.00816761270804306,"violation in forward orientation",1,0.0441379310344828,1,80,0.808698556974645,0.174864243211402,0.472857007984443,0.282566363886433,0.183031855919445,0.00816761270804306,"violation",1,110,0.261614030131997,0.712455070479026,0.369945271806833,0.49326036240911,0.726570244251833,0.0141151737728072,"violation"
275,50,"forward",0.734021127930363,0.216786995012799,0.498397431775084,0.3,0.254484860910661,0.0376978658978619,"violation in forward orientation",1,0.0441379310344828,1,50,0.734021127930363,0.216786995012799,0.498397431775084,0.3,0.254484860910661,0.0376978658978619,"violation at burn-in",1,90,0.202857682846242,0.78418865915957,0.314269680527354,0.478681316189734,0.787978059862562,0.00378940070299272,"violation"
276,50,"forward",0.753238465893974,0.185611725055255,0.496386945839634,0.271293199325011,0.236097289685927,0.0504855646306725,"violation in forward orientation",1,0.0441379310344828,1,50,0.753238465893974,0.185611725055255,0.496386945839634,0.271293199325011,0.236097289685927,0.0504855646306725,"violation at burn-in",1,90,0.232572423955049,0.71133125754252,0.339934634239519,0.495535624910617,0.756922396479408,0.0455911389368872,"violation"
277,50,"forward",0.612137383051339,0.216786995012799,0.493558507170123,0.3,0.371105906153458,0.154318911140659,"violation in forward orientation",1,0.0441379310344828,1,50,0.612137383051339,0.216786995012799,0.493558507170123,0.3,0.371105906153458,0.154318911140659,"violation at burn-in",1,50,0.275078575707952,0.674489213358372,0.346987031457949,0.499599839871872,0.712498090855548,0.038008877497176,"violation at burn-in"
278,50,"reverse",0.152451248673278,0.714489213358372,0.237486841740758,0.499599839871872,0.840659160003691,0.126169946645319,"violation in reverse orientation",1,0.0441379310344828,1,70,0.679232364913215,0.258342897757551,0.499795876701026,0.349927106111883,0.306907953234922,0.0485650554773717,"violation",1,50,0.152451248673278,0.714489213358372,0.237486841740758,0.499599839871872,0.840659160003691,0.126169946645319,"violation at burn-in"
279,50,"forward",0.694644991687999,0.275078575707952,0.5,0.346987031457949,0.292160813276296,0.0170822375683438,"violation in forward orientation",1,0.0441379310344828,1,50,0.694644991687999,0.275078575707952,0.5,0.346987031457949,0.292160813276296,0.0170822375683438,"violation at burn-in",1,100,0.169376706953825,0.81827928159571,0.286181760425084,0.462493243193887,0.822969915024521,0.00469063342881093,"violation"
280,50,"reverse",0.0745005976726397,0.826859192020479,0.14,0.48,0.922127451082161,0.095268259061682,"violation in reverse orientation",1,0.0441379310344828,1,70,0.66501401703857,0.277251743648749,0.5,0.363935405795914,0.320512380900092,0.0432606372513434,"violation",1,50,0.0745005976726397,0.826859192020479,0.14,0.48,0.922127451082161,0.095268259061682,"violation at burn-in"
281,50,"forward",0.753238465893974,0.0745005976726398,0.496386945839634,0.14,0.236097289685927,0.161596692013287,"violation in forward orientation",1,0.0441379310344828,1,50,0.753238465893974,0.0745005976726398,0.496386945839634,0.14,0.236097289685927,0.161596692013287,"violation at burn-in",1,60,0.299311814729174,0.677962140771975,0.372677996249965,0.5,0.687171290565722,0.00920914979374721,"violation"
282,50,"reverse",0.0745005976726397,0.80895608070809,0.14,0.485386443980464,0.922127451082161,0.113171370374071,"violation in reverse orientation",1,0.0441379310344828,1,50,0.694644991687999,0.246504271019468,0.5,0.324961536185438,0.292160813276296,0.0456565422568278,"violation at burn-in",1,50,0.0745005976726397,0.80895608070809,0.14,0.485386443980464,0.922127451082161,0.113171370374071,"violation at burn-in"
283,50,"forward",0.590712364249548,0.216786995012799,0.489897948556636,0.3,0.391605834913372,0.174818839900572,"violation in forward orientation",1,0.0441379310344828,1,50,0.590712364249548,0.216786995012799,0.489897948556636,0.3,0.391605834913372,0.174818839900572,"violation at burn-in",1,50,0.216786995012799,0.714489213358372,0.3,0.499599839871872,0.773420166585973,0.0589309532276009,"violation at burn-in"
284,50,"forward",0.590712364249548,0.355715993350399,0.489897948556636,0.4,0.391605834913372,0.0358898415629726,"violation in forward orientation",1,0.0441379310344828,1,50,0.590712364249548,0.355715993350399,0.489897948556636,0.4,0.391605834913372,0.0358898415629726,"violation at burn-in",1,50,0.329560327676681,0.654021127930363,0.384187454245971,0.498397431775084,0.655557768088814,0.00153664015845101,"violation at burn-in"
285,50,"reverse",0.152451248673278,0.694644991687999,0.237486841740758,0.5,0.840659160003691,0.146014168315692,"violation in reverse orientation",1,0.0441379310344828,1,50,0.826859192020479,0.116284945699819,0.48,0.195959179422654,0.165655361265295,0.0493704155654758,"violation at burn-in",1,50,0.152451248673278,0.694644991687999,0.237486841740758,0.5,0.840659160003691,0.146014168315692,"violation at burn-in"
286,50,"forward",0.633238465893974,0.302716065288689,0.496386945839634,0.366606055596467,0.350915926437087,0.048199861148398,"violation in forward orientation",1,0.0441379310344828,1,50,0.633238465893974,0.302716065288689,0.496386945839634,0.366606055596467,0.350915926437087,0.048199861148398,"violation at burn-in",1,80,0.210195306156735,0.739705087131815,0.315980616494113,0.49228421668788,0.780309315291353,0.0406042281595378,"violation"
287,50,"forward",0.714489213358372,0.152451248673278,0.499599839871872,0.237486841740758,0.273173425946462,0.120722177273184,"violation in forward orientation",1,0.0441379310344828,1,50,0.714489213358372,0.152451248673278,0.499599839871872,0.237486841740758,0.273173425946462,0.120722177273184,"violation at burn-in",1,50,0.329560327676681,0.590712364249548,0.384187454245971,0.489897948556636,0.655557768088814,0.0648454038392655,"violation at burn-in"
288,50,"reverse",0.216786995012799,0.633238465893974,0.3,0.496386945839634,0.773420166585973,0.140181700692,"violation in reverse orientation",1,0.0441379310344828,1,50,0.590712364249548,0.329560327676681,0.489897948556636,0.384187454245971,0.391605834913372,0.0620455072366907,"violation at burn-in",1,50,0.216786995012799,0.633238465893974,0.3,0.496386945839634,0.773420166585973,0.140181700692,"violation at burn-in"
289,50,"reverse",0.116284945699819,0.826859192020479,0.195959179422654,0.48,0.87845752166009,0.051598329639611,"violation in reverse orientation",1,0.0441379310344828,1,110,0.650516076660585,0.327565307208637,0.499669312133138,0.413011516058202,0.334384328815925,0.0068190216072877,"violation",1,50,0.116284945699819,0.826859192020479,0.195959179422654,0.48,0.87845752166009,0.051598329639611,"violation at burn-in"
290,50,"reverse",0.116284945699819,0.633238465893974,0.195959179422654,0.496386945839634,0.87845752166009,0.245219055766116,"violation in reverse orientation",1,0.0441379310344828,1,50,0.612137383051339,0.246504271019468,0.493558507170123,0.324961536185438,0.371105906153458,0.12460163513399,"violation at burn-in",1,50,0.116284945699819,0.633238465893974,0.195959179422654,0.496386945839634,0.87845752166009,0.245219055766116,"violation at burn-in"
291,50,"reverse",0.275078575707952,0.633238465893974,0.346987031457949,0.496386945839634,0.712498090855548,0.0792596249615747,"violation in reverse orientation",1,0.0441379310344828,1,60,0.694529912104096,0.25432432379694,0.499722145018832,0.339934634239519,0.292270923950809,0.0379466001538698,"violation",1,50,0.275078575707952,0.633238465893974,0.346987031457949,0.496386945839634,0.712498090855548,0.0792596249615747,"violation at burn-in"
292,70,"reverse",0.25834289775755,0.679232364913215,0.349927106111883,0.499795876701026,0.729988991382443,0.0507566264692281,"violation in reverse orientation",1,0.0441379310344828,1,90,0.634820744786182,0.316774321444153,0.499876527964533,0.4,0.349401967225724,0.0326276457815713,"violation",1,70,0.25834289775755,0.679232364913215,0.349927106111883,0.499795876701026,0.729988991382443,0.0507566264692281,"violation"
293,50,"reverse",0.302716065288689,0.674489213358372,0.366606055596467,0.499599839871872,0.683613418092222,0.00912420473385012,"violation in reverse orientation",1,0.0441379310344828,1,60,0.644232895622817,0.321054517826778,0.498887651569859,0.386939558874797,0.340396214492735,0.0193416966659565,"violation",1,50,0.302716065288689,0.674489213358372,0.366606055596467,0.499599839871872,0.683613418092222,0.00912420473385012,"violation at burn-in"
294,50,"forward",0.772137383051339,0.116284945699819,0.493558507170123,0.195959179422654,0.218014390485245,0.101729444785426,"violation in forward orientation",1,0.0441379310344828,1,50,0.772137383051339,0.116284945699819,0.493558507170123,0.195959179422654,0.218014390485245,0.101729444785426,"violation at burn-in",1,80,0.276559731956136,0.679397303997039,0.368908864084343,0.499374608885954,0.710950095209447,0.0315527912124081,"violation"
295,50,"forward",0.734021127930363,0.216786995012799,0.498397431775084,0.3,0.254484860910661,0.0376978658978619,"violation in forward orientation",1,0.0441379310344828,1,50,0.734021127930363,0.216786995012799,0.498397431775084,0.3,0.254484860910661,0.0376978658978619,"violation at burn-in",1,60,0.277090389131333,0.694529912104096,0.357071421427142,0.499722145018832,0.71039549133306,0.0158655792289645,"violation"
296,70,"forward",0.679232364913215,0.295810536031579,0.499795876701026,0.376883027379226,0.306907953234922,0.0110974172033437,"violation in forward orientation",1,0.0441379310344828,1,70,0.679232364913215,0.295810536031579,0.499795876701026,0.376883027379226,0.306907953234922,0.0110974172033437,"violation",1,90,0.202857682846242,0.71133125754252,0.314269680527354,0.495535624910617,0.787978059862562,0.076646802320042,"violation"
297,50,"reverse",0.246504271019468,0.633238465893974,0.324961536185438,0.496386945839634,0.742361853913887,0.109123388019913,"violation in reverse orientation",1,0.0441379310344828,1,50,0.714489213358372,0.216786995012799,0.499599839871872,0.3,0.273173425946462,0.0563864309336625,"violation at burn-in",1,50,0.246504271019468,0.633238465893974,0.324961536185438,0.496386945839634,0.742361853913887,0.109123388019913,"violation at burn-in"
298,50,"reverse",0.501594493296846,0.4062591846095,0.466476151587624,0.427083130081252,0.476875772021331,0.0706165874118309,"violation in reverse orientation",1,0.0441379310344828,1,50,0.674489213358372,0.246504271019468,0.499599839871872,0.324961536185438,0.311446304863515,0.0649420338440471,"violation at burn-in",1,50,0.501594493296846,0.4062591846095,0.466476151587624,0.427083130081252,0.476875772021331,0.0706165874118309,"violation at burn-in"
299,50,"reverse",0.216786995012799,0.694644991687999,0.3,0.5,0.773420166585973,0.0787751748979741,"violation in reverse orientation",1,0.0441379310344828,1,90,0.678976500805676,0.303158498150334,0.498887651569859,0.391420332306856,0.307152769635098,0.00399427148476439,"violation",1,50,0.216786995012799,0.694644991687999,0.3,0.5,0.773420166585973,0.0787751748979741,"violation at burn-in"
300,110,"reverse",0.272841182473027,0.694981316500521,0.378011325205305,0.495933879890395,0.71483644981702,0.0198551333164985,"violation in reverse orientation",1,0.0441379310344828,1,130,0.690214801084429,0.279408486245356,0.495183905828649,0.387985237320569,0.296399716990044,0.0169912307446874,"violation",1,110,0.272841182473027,0.694981316500521,0.378011325205305,0.495933879890395,0.71483644981702,0.0198551333164985,"violation"
301,50,"reverse",0.216786995012799,0.674489213358372,0.3,0.499599839871872,0.773420166585973,0.0989309532276009,"violation in reverse orientation",1,0.0441379310344828,1,50,0.734021127930363,0.185611725055255,0.498397431775084,0.271293199325011,0.254484860910661,0.0688731358554066,"violation at burn-in",1,50,0.216786995012799,0.674489213358372,0.3,0.499599839871872,0.773420166585973,0.0989309532276009,"violation at burn-in"
302,80,"reverse",0.427434440271627,0.511130300599852,0.452596674755792,0.480722113075735,0.553266939319895,0.0421366387200433,"violation in reverse orientation",1,0.0441379310344828,1,90,0.721968833534088,0.171968943105426,0.493913572686508,0.28458329944146,0.266016761013194,0.0940478179077682,"violation",1,80,0.427434440271627,0.511130300599852,0.452596674755792,0.480722113075735,0.553266939319895,0.0421366387200433,"violation"
303,50,"forward",0.612137383051339,0.246504271019468,0.493558507170123,0.324961536185438,0.371105906153458,0.12460163513399,"violation in forward orientation",1,0.0441379310344828,1,50,0.612137383051339,0.246504271019468,0.493558507170123,0.324961536185438,0.371105906153458,0.12460163513399,"violation at burn-in",1,50,0.216786995012799,0.714489213358372,0.3,0.499599839871872,0.773420166585973,0.0589309532276009,"violation at burn-in"
304,50,"reverse",0.302716065288689,0.590712364249548,0.366606055596467,0.489897948556636,0.683613418092222,0.0929010538426741,"violation in reverse orientation",1,0.0441379310344828,1,50,0.772137383051339,0.152451248673278,0.493558507170123,0.237486841740758,0.218014390485245,0.0655631418119669,"violation at burn-in",1,50,0.302716065288689,0.590712364249548,0.366606055596467,0.489897948556636,0.683613418092222,0.0929010538426741,"violation at burn-in"
305,60,"forward",0.710899562289484,0.25432432379694,0.498887651569859,0.339934634239519,0.276608082964313,0.0222837591673731,"violation in forward orientation",1,0.0441379310344828,1,60,0.710899562289484,0.25432432379694,0.498887651569859,0.339934634239519,0.276608082964313,0.0222837591673731,"violation",1,70,0.277251743648749,0.707263868466018,0.363935405795914,0.498159879261791,0.710226855450961,0.00296298698494368,"violation"
306,60,"forward",0.609706494609077,0.363298063516486,0.495535624910617,0.411973569810276,0.373431833628748,0.0101337701122619,"violation in forward orientation",1,0.0441379310344828,1,60,0.609706494609077,0.363298063516486,0.495535624910617,0.411973569810276,0.373431833628748,0.0101337701122619,"violation",1,80,0.32367253060101,0.654590663251262,0.4,0.5,0.661711260841143,0.00712059758988082,"violation"
307,50,"reverse",0.246504271019468,0.61213738305134,0.324961536185438,0.493558507170123,0.742361853913887,0.130224470862547,"violation in reverse orientation",1,0.0441379310344828,1,80,0.763126767493411,0.192754397950757,0.487179381747627,0.3,0.226635945440663,0.0338815474899059,"violation",1,50,0.246504271019468,0.61213738305134,0.324961536185438,0.493558507170123,0.742361853913887,0.130224470862547,"violation at burn-in"
308,50,"reverse",0.275078575707952,0.61213738305134,0.346987031457949,0.493558507170123,0.712498090855548,0.100360707804209,"violation in reverse orientation",1,0.0441379310344828,1,70,0.650660936341786,0.295810536031579,0.499795876701026,0.376883027379226,0.33424572388996,0.0384351878583817,"violation",1,50,0.275078575707952,0.61213738305134,0.346987031457949,0.493558507170123,0.712498090855548,0.100360707804209,"violation at burn-in"
309,50,"reverse",0.216786995012799,0.633238465893974,0.3,0.496386945839634,0.773420166585973,0.140181700692,"violation in reverse orientation",1,0.0441379310344828,1,60,0.694529912104096,0.277090389131333,0.499722145018832,0.357071421427142,0.292270923950809,0.0151805348194766,"violation",1,50,0.216786995012799,0.633238465893974,0.3,0.496386945839634,0.773420166585973,0.140181700692,"violation at burn-in"
310,50,"reverse",0.216786995012799,0.61213738305134,0.3,0.493558507170123,0.773420166585973,0.161282783534634,"violation in reverse orientation",1,0.0441379310344828,1,70,0.748285526233975,0.239040057693904,0.492598275701905,0.334724986110285,0.240836371183193,0.00179631348928833,"violation",1,50,0.216786995012799,0.61213738305134,0.3,0.493558507170123,0.773420166585973,0.161282783534634,"violation at burn-in"
311,50,"forward",0.734021127930363,0.116284945699819,0.498397431775084,0.195959179422654,0.254484860910661,0.138199915210842,"violation in forward orientation",1,0.0441379310344828,1,50,0.734021127930363,0.116284945699819,0.498397431775084,0.195959179422654,0.254484860910661,0.138199915210842,"violation at burn-in",1,50,0.152451248673278,0.714489213358372,0.237486841740758,0.499599839871872,0.840659160003691,0.126169946645319,"violation at burn-in"
312,50,"reverse",0.329560327676681,0.61213738305134,0.384187454245971,0.493558507170123,0.655557768088814,0.0434203850374743,"violation in reverse orientation",1,0.0441379310344828,1,100,0.658571340202755,0.274187264057314,0.499599839871872,0.375632799419859,0.326676875661065,0.0524896116037509,"violation",1,50,0.329560327676681,0.61213738305134,0.384187454245971,0.493558507170123,0.655557768088814,0.0434203850374743,"violation at burn-in"
313,50,"forward",0.714489213358372,0.152451248673278,0.499599839871872,0.237486841740758,0.273173425946462,0.120722177273184,"violation in forward orientation",1,0.0441379310344828,1,50,0.714489213358372,0.152451248673278,0.499599839871872,0.237486841740758,0.273173425946462,0.120722177273184,"violation at burn-in",1,50,0.246504271019468,0.694644991687999,0.324961536185438,0.5,0.742361853913887,0.0477168622258877,"violation at burn-in"
314,50,"forward",0.524410079701748,0.430755917550709,0.47370877129308,0.438634243989226,0.455045317623921,0.024289400073212,"violation in forward orientation",1,0.0441379310344828,1,50,0.524410079701748,0.430755917550709,0.47370877129308,0.438634243989226,0.455045317623921,0.024289400073212,"violation at burn-in",1,60,0.25432432379694,0.677962140771975,0.339934634239519,0.5,0.734188909522199,0.0562267687502243,"violation"
315,50,"forward",0.430755917550709,0.4062591846095,0.438634243989226,0.427083130081252,0.549795575395294,0.143536390785794,"violation in forward orientation",1,0.0441379310344828,1,50,0.430755917550709,0.4062591846095,0.438634243989226,0.427083130081252,0.549795575395294,0.143536390785794,"violation at burn-in",1,60,0.206777284463185,0.74303982794241,0.3,0.495535624910617,0.783881580341973,0.0408417523995626,"violation"
316,50,"forward",0.694644991687999,0.246504271019468,0.5,0.324961536185438,0.292160813276296,0.0456565422568278,"violation in forward orientation",1,0.0441379310344828,1,50,0.694644991687999,0.246504271019468,0.5,0.324961536185438,0.292160813276296,0.0456565422568278,"violation at burn-in",1,80,0.308177297821902,0.642042346118264,0.3903123748999,0.499843725578305,0.677905739247317,0.0358633931290526,"violation"
317,50,"forward",0.80895608070809,0.0275269587093167,0.485386443980464,0.0707106781186548,0.182785451552735,0.155258492843419,"violation in forward orientation",1,0.0441379310344828,1,50,0.80895608070809,0.0275269587093167,0.485386443980464,0.0707106781186548,0.182785451552735,0.155258492843419,"violation at burn-in",1,50,0.216786995012799,0.694644991687999,0.3,0.5,0.773420166585973,0.0787751748979741,"violation at burn-in"
318,70,"forward",0.734750092269623,0.239040057693904,0.494871659305394,0.334724986110285,0.253787371813378,0.0147473141194734,"violation in forward orientation",1,0.0441379310344828,1,70,0.734750092269623,0.239040057693904,0.494871659305394,0.334724986110285,0.253787371813378,0.0147473141194734,"violation",1,110,0.227251178235511,0.746851440774935,0.343174292512307,0.485832335123178,0.762483771395645,0.0156323306207097,"violation"
319,50,"forward",0.714489213358372,0.185611725055255,0.499599839871872,0.271293199325011,0.273173425946462,0.0875617008912072,"violation in forward orientation",1,0.0441379310344828,1,50,0.714489213358372,0.185611725055255,0.499599839871872,0.271293199325011,0.273173425946462,0.0875617008912072,"violation at burn-in",1,70,0.434805754198776,0.53089372836024,0.451753951452626,0.483186700722508,0.545562983792407,0.0146692554321662,"violation"
320,50,"reverse",0.116284945699819,0.753238465893974,0.195959179422654,0.496386945839634,0.87845752166009,0.125219055766116,"violation in reverse orientation",1,0.0441379310344828,1,50,0.654021127930363,0.329560327676681,0.498397431775085,0.384187454245971,0.331030618744768,0.00147029106808677,"violation at burn-in",1,50,0.116284945699819,0.753238465893974,0.195959179422654,0.496386945839634,0.87845752166009,0.125219055766116,"violation at burn-in"
321,50,"forward",0.612137383051339,0.275078575707952,0.493558507170123,0.346987031457949,0.371105906153458,0.0960273304455062,"violation in forward orientation",1,0.0441379310344828,1,50,0.612137383051339,0.275078575707952,0.493558507170123,0.346987031457949,0.371105906153458,0.0960273304455062,"violation at burn-in",1,70,0.277251743648749,0.693315814683084,0.363935405795914,0.499183005990176,0.710226855450961,0.0169110407678775,"violation"
322,50,"forward",0.501594493296846,0.246504271019468,0.466476151587624,0.324961536185438,0.476875772021331,0.230371501001863,"violation in forward orientation",1,0.0441379310344828,1,50,0.501594493296846,0.246504271019468,0.466476151587624,0.324961536185438,0.476875772021331,0.230371501001863,"violation at burn-in",1,50,0.152451248673278,0.714489213358372,0.237486841740758,0.499599839871872,0.840659160003691,0.126169946645319,"violation at burn-in"
323,50,"forward",0.654021127930363,0.329560327676681,0.498397431775085,0.384187454245971,0.331030618744768,0.00147029106808677,"violation in forward orientation",1,0.0441379310344828,1,50,0.654021127930363,0.329560327676681,0.498397431775085,0.384187454245971,0.331030618744768,0.00147029106808677,"violation at burn-in",1,60,0.299311814729174,0.677962140771975,0.372677996249965,0.5,0.687171290565722,0.00920914979374721,"violation"
324,50,"reverse",0.302716065288689,0.478395081610861,0.366606055596467,0.458257569495584,0.683613418092222,0.205218336481361,"violation in reverse orientation",1,0.0441379310344828,1,90,0.623601442490623,0.316774321444153,0.499505928733089,0.4,0.360136842183019,0.0433625207388659,"violation",1,50,0.302716065288689,0.478395081610861,0.366606055596467,0.458257569495584,0.683613418092222,0.205218336481361,"violation at burn-in"
325,50,"forward",0.694644991687999,0.216786995012799,0.5,0.3,0.292160813276296,0.0753738182634965,"violation in forward orientation",1,0.0441379310344828,1,50,0.694644991687999,0.216786995012799,0.5,0.3,0.292160813276296,0.0753738182634965,"violation at burn-in",1,60,0.383872428163307,0.556383151271119,0.422952584681651,0.486198404860494,0.598794752581845,0.0424116013107259,"violation"
326,60,"forward",0.644232895622817,0.321054517826778,0.498887651569859,0.386939558874797,0.340396214492735,0.0193416966659565,"violation in forward orientation",1,0.0441379310344828,1,60,0.644232895622817,0.321054517826778,0.498887651569859,0.386939558874797,0.340396214492735,0.0193416966659565,"violation",1,80,0.308177297821902,0.654590663251262,0.3903123748999,0.5,0.677905739247317,0.0233150759960546,"violation"
327,50,"forward",0.714489213358372,0.116284945699819,0.499599839871872,0.195959179422654,0.273173425946462,0.156888480246643,"violation in forward orientation",1,0.0441379310344828,1,50,0.714489213358372,0.116284945699819,0.499599839871872,0.195959179422654,0.273173425946462,0.156888480246643,"violation at burn-in",1,50,0.329560327676681,0.56895608070809,0.384187454245971,0.485386443980464,0.655557768088814,0.0866016873807242,"violation at burn-in"
328,50,"forward",0.612137383051339,0.275078575707952,0.493558507170123,0.346987031457949,0.371105906153458,0.0960273304455062,"violation in forward orientation",1,0.0441379310344828,1,50,0.612137383051339,0.275078575707952,0.493558507170123,0.346987031457949,0.371105906153458,0.0960273304455062,"violation at burn-in",1,80,0.308177297821902,0.629397303997039,0.3903123748999,0.499374608885954,0.677905739247317,0.0485084352502781,"violation"
329,50,"forward",0.714489213358372,0.246504271019468,0.499599839871872,0.324961536185438,0.273173425946462,0.0266691549269938,"violation in forward orientation",1,0.0441379310344828,1,50,0.714489213358372,0.246504271019468,0.499599839871872,0.324961536185438,0.273173425946462,0.0266691549269938,"violation at burn-in",1,90,0.247071505072811,0.668045886935067,0.351539822656808,0.499505928733089,0.74176902257285,0.0737231356377835,"violation"
330,50,"reverse",0.216786995012799,0.714489213358372,0.3,0.499599839871872,0.773420166585973,0.0589309532276009,"violation in reverse orientation",1,0.0441379310344828,1,50,0.612137383051339,0.355715993350399,0.493558507170123,0.4,0.371105906153458,0.0153899128030591,"violation at burn-in",1,50,0.216786995012799,0.714489213358372,0.3,0.499599839871872,0.773420166585973,0.0589309532276009,"violation at burn-in"
331,50,"forward",0.590712364249548,0.246504271019468,0.489897948556636,0.324961536185438,0.391605834913372,0.145101563893904,"violation in forward orientation",1,0.0441379310344828,1,50,0.590712364249548,0.246504271019468,0.489897948556636,0.324961536185438,0.391605834913372,0.145101563893904,"violation at burn-in",1,120,0.378960967806647,0.593351723889555,0.442216638714053,0.498887651569859,0.603927849955894,0.0105761260663383,"violation"
332,50,"reverse",0.216786995012799,0.753238465893974,0.3,0.496386945839634,0.773420166585973,0.0201817006919995,"violation in reverse orientation",1,0.0441379310344828,1,60,0.592139703863035,0.383872428163307,0.493006648591635,0.422952584681651,0.39024012500836,0.00636769684505289,"violation",1,50,0.216786995012799,0.753238465893974,0.3,0.496386945839634,0.773420166585973,0.0201817006919995,"violation at burn-in"
333,60,"reverse",0.25432432379694,0.677962140771975,0.339934634239519,0.5,0.734188909522199,0.0562267687502243,"violation in reverse orientation",1,0.0441379310344828,1,70,0.761680056860571,0.219286761535403,0.489897948556636,0.318157963590287,0.228020189962631,0.0087334284272276,"violation",1,60,0.25432432379694,0.677962140771975,0.339934634239519,0.5,0.734188909522199,0.0562267687502243,"violation"
334,50,"reverse",0.246504271019468,0.734021127930363,0.324961536185438,0.498397431775084,0.742361853913887,0.00834072598352387,"violation in reverse orientation",1,0.0441379310344828,1,90,0.743018751298959,0.232572423955049,0.489897948556636,0.339934634239519,0.245875737167473,0.0133033132124246,"violation",1,50,0.246504271019468,0.734021127930363,0.324961536185438,0.498397431775084,0.742361853913887,0.00834072598352387,"violation at burn-in"
335,50,"reverse",0.246504271019468,0.674489213358372,0.324961536185438,0.499599839871872,0.742361853913887,0.0678726405555145,"violation in reverse orientation",1,0.0441379310344828,1,50,0.694644991687999,0.246504271019468,0.5,0.324961536185438,0.292160813276296,0.0456565422568278,"violation at burn-in",1,50,0.246504271019468,0.674489213358372,0.324961536185438,0.499599839871872,0.742361853913887,0.0678726405555145,"violation at burn-in"
336,50,"reverse",0.152451248673278,0.80895608070809,0.237486841740758,0.485386443980464,0.840659160003691,0.0317030792956013,"violation in reverse orientation",1,0.0441379310344828,1,70,0.77493133917732,0.178102889634612,0.486763572497166,0.279941684889506,0.215341071872515,0.0372381822379032,"violation",1,50,0.152451248673278,0.80895608070809,0.237486841740758,0.485386443980464,0.840659160003691,0.0317030792956013,"violation at burn-in"
337,50,"reverse",0.216786995012799,0.734021127930363,0.3,0.498397431775084,0.773420166585973,0.0393990386556103,"violation in reverse orientation",1,0.0441379310344828,1,110,0.677328051572394,0.283966960418264,0.497929597731969,0.385694607919935,0.308730042082756,0.0247630816644922,"violation",1,50,0.216786995012799,0.734021127930363,0.3,0.498397431775084,0.773420166585973,0.0393990386556103,"violation at burn-in"
338,50,"reverse",0.246504271019468,0.633238465893974,0.324961536185438,0.496386945839634,0.742361853913887,0.109123388019913,"violation in reverse orientation",1,0.0441379310344828,1,90,0.623601442490623,0.343591528449175,0.499505928733089,0.415739709641549,0.360136842183019,0.016545313733844,"violation",1,50,0.246504271019468,0.633238465893974,0.324961536185438,0.496386945839634,0.742361853913887,0.109123388019913,"violation at burn-in"
339,50,"forward",0.694644991687999,0.275078575707952,0.5,0.346987031457949,0.292160813276296,0.0170822375683438,"violation in forward orientation",1,0.0441379310344828,1,50,0.694644991687999,0.275078575707952,0.5,0.346987031457949,0.292160813276296,0.0170822375683438,"violation at burn-in",1,120,0.369485323132463,0.60180871274986,0.43771819955563,0.499374608885954,0.613831097312561,0.0120223845627002,"violation"
340,60,"reverse",0.206777284463185,0.774366575369876,0.3,0.489897948556636,0.783881580341973,0.00951500497209734,"violation in reverse orientation",1,0.0441379310344828,1,60,0.592139703863035,0.383872428163307,0.493006648591635,0.422952584681651,0.39024012500836,0.00636769684505289,"violation",1,60,0.206777284463185,0.774366575369876,0.3,0.489897948556636,0.783881580341973,0.00951500497209734,"violation"
341,50,"reverse",0.185611725055255,0.734021127930363,0.271293199325011,0.498397431775084,0.806002267373436,0.0719811394430731,"violation in reverse orientation",1,0.0441379310344828,1,50,0.826859192020479,0.116284945699819,0.48,0.195959179422654,0.165655361265295,0.0493704155654758,"violation at burn-in",1,50,0.185611725055255,0.734021127930363,0.271293199325011,0.498397431775084,0.806002267373436,0.0719811394430731,"violation at burn-in"
342,50,"reverse",0.152451248673278,0.790712364249548,0.237486841740758,0.489897948556636,0.840659160003691,0.0499467957541427,"violation in reverse orientation",1,0.0441379310344828,1,90,0.732531618198095,0.187580741083115,0.492035329455212,0.3,0.255910056551383,0.0683293154682681,"violation",1,50,0.152451248673278,0.790712364249548,0.237486841740758,0.489897948556636,0.840659160003691,0.0499467957541427,"violation at burn-in"
343,70,"forward",0.66501401703857,0.314054244758118,0.5,0.388875931109034,0.320512380900092,0.0064581361419746,"violation in forward orientation",1,0.0441379310344828,1,70,0.66501401703857,0.314054244758118,0.5,0.388875931109034,0.320512380900092,0.0064581361419746,"violation",1,70,0.239040057693904,0.748285526233975,0.334724986110285,0.492598275701905,0.750162901064524,0.00187737483054928,"violation"
344,50,"forward",0.861594493296846,0.116284945699819,0.466476151587624,0.195959179422654,0.132419861767851,0.0161349160680321,"violation in forward orientation",1,0.0441379310344828,1,50,0.861594493296846,0.116284945699819,0.466476151587624,0.195959179422654,0.132419861767851,0.0161349160680321,"violation at burn-in",1,90,0.303158498150334,0.645967901805191,0.391420332306856,0.5,0.683151019783902,0.0371831179787111,"violation"
345,50,"forward",0.80895608070809,0.152451248673278,0.485386443980464,0.237486841740758,0.182785451552735,0.0303342028794571,"violation in forward orientation",1,0.0441379310344828,1,50,0.80895608070809,0.152451248673278,0.485386443980464,0.237486841740758,0.182785451552735,0.0303342028794571,"violation at burn-in",1,50,0.329560327676681,0.654021127930363,0.384187454245971,0.498397431775084,0.655557768088814,0.00153664015845101,"violation at burn-in"
346,50,"forward",0.612137383051339,0.302716065288689,0.493558507170123,0.366606055596467,0.371105906153458,0.0683898408647692,"violation in forward orientation",1,0.0441379310344828,1,50,0.612137383051339,0.302716065288689,0.493558507170123,0.366606055596467,0.371105906153458,0.0683898408647692,"violation at burn-in",1,90,0.289392299544533,0.589508511541965,0.382325567424117,0.496903994999953,0.697538438755583,0.108029927213618,"violation"
347,50,"forward",0.501594493296846,0.4062591846095,0.466476151587624,0.427083130081252,0.476875772021331,0.0706165874118309,"violation in forward orientation",1,0.0441379310344828,1,50,0.501594493296846,0.4062591846095,0.466476151587624,0.427083130081252,0.476875772021331,0.0706165874118309,"violation at burn-in",1,70,0.199008410223142,0.748285526233975,0.3,0.492598275701905,0.792001036687946,0.0437155104539712,"violation"
348,50,"reverse",0.246504271019468,0.56895608070809,0.324961536185438,0.485386443980464,0.742361853913887,0.173405773205797,"violation in reverse orientation",1,0.0441379310344828,1,60,0.774366575369876,0.206777284463185,0.489897948556636,0.3,0.215881450292991,0.00910416582980608,"violation",1,50,0.246504271019468,0.56895608070809,0.324961536185438,0.485386443980464,0.742361853913887,0.173405773205797,"violation at burn-in"
349,50,"reverse",0.275078575707952,0.61213738305134,0.346987031457949,0.493558507170123,0.712498090855548,0.100360707804209,"violation in reverse orientation",1,0.0441379310344828,1,80,0.691655263867034,0.292478733192347,0.498591766879478,0.379967103839267,0.295021450548464,0.00254271735611733,"violation",1,50,0.275078575707952,0.61213738305134,0.346987031457949,0.493558507170123,0.712498090855548,0.100360707804209,"violation at burn-in"
350,50,"reverse",0.275078575707952,0.654021127930363,0.346987031457949,0.498397431775084,0.712498090855548,0.0584769629251854,"violation in reverse orientation",1,0.0441379310344828,1,50,0.674489213358372,0.275078575707952,0.499599839871872,0.346987031457949,0.311446304863515,0.0363677291555631,"violation at burn-in",1,50,0.275078575707952,0.654021127930363,0.346987031457949,0.498397431775084,0.712498090855548,0.0584769629251854,"violation at burn-in"
351,50,"forward",0.734021127930363,0.216786995012799,0.498397431775084,0.3,0.254484860910661,0.0376978658978619,"violation in forward orientation",1,0.0441379310344828,1,50,0.734021127930363,0.216786995012799,0.498397431775084,0.3,0.254484860910661,0.0376978658978619,"violation at burn-in",1,90,0.330249254092939,0.577997924209187,0.408097059382377,0.495535624910617,0.654837752834408,0.0768398286252204,"violation"
352,50,"reverse",0.329560327676681,0.478395081610861,0.384187454245971,0.458257569495584,0.655557768088814,0.177162686477953,"violation in reverse orientation",1,0.0441379310344828,1,60,0.609706494609077,0.321054517826778,0.495535624910617,0.386939558874797,0.373431833628748,0.0523773158019691,"violation",1,50,0.329560327676681,0.478395081610861,0.384187454245971,0.458257569495584,0.655557768088814,0.177162686477953,"violation at burn-in"
353,50,"reverse",0.152451248673278,0.694644991687999,0.237486841740758,0.5,0.840659160003691,0.146014168315692,"violation in reverse orientation",1,0.0441379310344828,1,180,0.69175868333679,0.26423076183564,0.492035329455212,0.386939558874797,0.294922496527374,0.030691734691734,"violation",1,50,0.152451248673278,0.694644991687999,0.237486841740758,0.5,0.840659160003691,0.146014168315692,"violation at burn-in"
354,60,"forward",0.789716484604453,0.181705607971508,0.486198404860494,0.276385399196283,0.201194319854923,0.0194887118834145,"violation in forward orientation",1,0.0441379310344828,1,60,0.789716484604453,0.181705607971508,0.486198404860494,0.276385399196283,0.201194319854923,0.0194887118834145,"violation",1,100,0.223278688067167,0.754629046470215,0.336303434416005,0.485386443980464,0.766635526142868,0.0120064796726534,"violation"
355,50,"forward",0.714489213358372,0.185611725055255,0.499599839871872,0.271293199325011,0.273173425946462,0.0875617008912072,"violation in forward orientation",1,0.0441379310344828,1,50,0.714489213358372,0.185611725055255,0.499599839871872,0.271293199325011,0.273173425946462,0.0875617008912072,"violation at burn-in",1,70,0.349704765490709,0.621549582751732,0.410325903324145,0.498159879261791,0.634504282295194,0.0129546995434624,"violation"
356,80,"forward",0.703815767828986,0.260399815732986,0.49749371855331,0.357071421427142,0.283386013155811,0.0229861974228255,"violation in forward orientation",1,0.0441379310344828,1,80,0.703815767828986,0.260399815732986,0.49749371855331,0.357071421427142,0.283386013155811,0.0229861974228255,"violation",1,90,0.202857682846242,0.743018751298959,0.314269680527354,0.489897948556636,0.787978059862562,0.0449593085636034,"violation"
357,50,"reverse",0.116284945699819,0.694644991687999,0.195959179422654,0.5,0.87845752166009,0.183812529972091,"violation in reverse orientation",1,0.0441379310344828,1,60,0.758806370529702,0.206777284463185,0.493006648591635,0.3,0.230769796187304,0.0239925117241191,"violation",1,50,0.116284945699819,0.694644991687999,0.195959179422654,0.5,0.87845752166009,0.183812529972091,"violation at burn-in"
358,50,"forward",0.772137383051339,0.152451248673278,0.493558507170123,0.237486841740758,0.218014390485245,0.0655631418119669,"violation in forward orientation",1,0.0441379310344828,1,50,0.772137383051339,0.152451248673278,0.493558507170123,0.237486841740758,0.218014390485245,0.0655631418119669,"violation at burn-in",1,70,0.219286761535403,0.734750092269623,0.318157963590287,0.494871659305394,0.770807594348571,0.0360575020789481,"violation"
359,50,"forward",0.674489213358372,0.302716065288689,0.499599839871872,0.366606055596467,0.311446304863515,0.00873023957482622,"violation in forward orientation",1,0.0441379310344828,1,50,0.674489213358372,0.302716065288689,0.499599839871872,0.366606055596467,0.311446304863515,0.00873023957482622,"violation at burn-in",1,60,0.404119734820393,0.574366575369876,0.433012701892219,0.489897948556636,0.577633755834287,0.00326718046441143,"violation"
360,50,"forward",0.694644991687999,0.275078575707952,0.5,0.346987031457949,0.292160813276296,0.0170822375683438,"violation in forward orientation",1,0.0441379310344828,1,50,0.694644991687999,0.275078575707952,0.5,0.346987031457949,0.292160813276296,0.0170822375683438,"violation at burn-in",1,70,0.219286761535403,0.721075689618868,0.318157963590287,0.496723961448963,0.770807594348571,0.0497319047297031,"violation"
361,50,"forward",0.633238465893974,0.246504271019468,0.496386945839634,0.324961536185438,0.350915926437087,0.104411655417619,"violation in forward orientation",1,0.0441379310344828,1,50,0.633238465893974,0.246504271019468,0.496386945839634,0.324961536185438,0.350915926437087,0.104411655417619,"violation at burn-in",1,60,0.181705607971508,0.789716484604453,0.276385399196283,0.486198404860494,0.810084653851037,0.0203681692465847,"violation"
362,50,"reverse",0.185611725055255,0.524410079701748,0.271293199325011,0.47370877129308,0.806002267373436,0.281592187671688,"violation in reverse orientation",1,0.0441379310344828,1,50,0.546859192020479,0.355715993350399,0.48,0.4,0.433565513684668,0.0778495203342689,"violation at burn-in",1,50,0.185611725055255,0.524410079701748,0.271293199325011,0.47370877129308,0.806002267373436,0.281592187671688,"violation at burn-in"
363,60,"forward",0.74303982794241,0.206777284463185,0.495535624910617,0.3,0.245855570571903,0.0390782861087182,"violation in forward orientation",1,0.0441379310344828,1,60,0.74303982794241,0.206777284463185,0.495535624910617,0.3,0.245855570571903,0.0390782861087182,"violation",1,60,0.181705607971508,0.789716484604453,0.276385399196283,0.486198404860494,0.810084653851037,0.0203681692465847,"violation"
364,50,"reverse",0.185611725055255,0.790712364249548,0.271293199325011,0.489897948556636,0.806002267373436,0.0152899031238877,"violation in reverse orientation",1,0.0441379310344828,1,70,0.721075689618868,0.178102889634612,0.496723961448963,0.279941684889506,0.266871340736262,0.0887684511016503,"violation",1,50,0.185611725055255,0.790712364249548,0.271293199325011,0.489897948556636,0.806002267373436,0.0152899031238877,"violation at burn-in"
365,50,"forward",0.734021127930363,0.246504271019468,0.498397431775084,0.324961536185438,0.254484860910661,0.00798058989119321,"violation in forward orientation",1,0.0441379310344828,1,50,0.734021127930363,0.246504271019468,0.498397431775084,0.324961536185438,0.254484860910661,0.00798058989119321,"violation at burn-in",1,110,0.359431711356376,0.623309040262332,0.430356377401623,0.499917348540637,0.624338393403744,0.00102935314141228,"violation"
366,50,"forward",0.56895608070809,0.216786995012799,0.485386443980464,0.3,0.412422725055055,0.195635730042256,"violation in forward orientation",1,0.0441379310344828,1,50,0.56895608070809,0.216786995012799,0.485386443980464,0.3,0.412422725055055,0.195635730042256,"violation at burn-in",1,50,0.116284945699819,0.826859192020479,0.195959179422654,0.48,0.87845752166009,0.051598329639611,"violation at burn-in"
367,90,"forward",0.814207428738858,0.155964483968887,0.46732757432918,0.267821573182088,0.177760846369413,0.021796362400526,"violation in forward orientation",1,0.0441379310344828,1,90,0.814207428738858,0.155964483968887,0.46732757432918,0.267821573182088,0.177760846369413,0.021796362400526,"violation",1,110,0.380327651765266,0.577086061449853,0.440604393311005,0.497015888466787,0.602499492333169,0.0254134308833156,"violation"
368,50,"reverse",0.246504271019468,0.654021127930363,0.324961536185438,0.498397431775084,0.742361853913887,0.0883407259835239,"violation in reverse orientation",1,0.0441379310344828,1,70,0.748285526233975,0.199008410223142,0.492598275701905,0.3,0.240836371183193,0.0418279609600503,"violation",1,50,0.246504271019468,0.654021127930363,0.324961536185438,0.498397431775084,0.742361853913887,0.0883407259835239,"violation at burn-in"
369,50,"reverse",0.185611725055255,0.753238465893974,0.271293199325011,0.496386945839634,0.806002267373436,0.0527638014794622,"violation in reverse orientation",1,0.0441379310344828,1,50,0.844410079701748,0.116284945699819,0.47370877129308,0.195959179422654,0.148862286287495,0.0325773405876757,"violation at burn-in",1,50,0.185611725055255,0.753238465893974,0.271293199325011,0.496386945839634,0.806002267373436,0.0527638014794622,"violation at burn-in"
370,50,"reverse",0.185611725055255,0.633238465893974,0.271293199325011,0.496386945839634,0.806002267373436,0.172763801479462,"violation in reverse orientation",1,0.0441379310344828,1,50,0.734021127930363,0.216786995012799,0.498397431775084,0.3,0.254484860910661,0.0376978658978619,"violation at burn-in",1,50,0.185611725055255,0.633238465893974,0.271293199325011,0.496386945839634,0.806002267373436,0.172763801479462,"violation at burn-in"
371,50,"reverse",0.302716065288689,0.633238465893974,0.366606055596467,0.496386945839634,0.683613418092222,0.0503749521982488,"violation in reverse orientation",1,0.0441379310344828,1,90,0.689834539323383,0.232572423955049,0.498020774022555,0.339934634239519,0.296763559798476,0.064191135843427,"violation",1,50,0.302716065288689,0.633238465893974,0.366606055596467,0.496386945839634,0.683613418092222,0.0503749521982488,"violation at burn-in"
372,50,"reverse",0.246504271019468,0.734021127930363,0.324961536185438,0.498397431775084,0.742361853913887,0.00834072598352387,"violation in reverse orientation",1,0.0441379310344828,1,60,0.644232895622817,0.299311814729174,0.498887651569859,0.372677996249965,0.340396214492735,0.0410843997635604,"violation",1,50,0.246504271019468,0.734021127930363,0.324961536185438,0.498397431775084,0.742361853913887,0.00834072598352387,"violation at burn-in"
373,70,"reverse",0.277251743648749,0.679232364913215,0.363935405795914,0.499795876701026,0.710226855450961,0.0309944905377465,"violation in reverse orientation",1,0.0441379310344828,1,70,0.748285526233975,0.219286761535403,0.492598275701905,0.318157963590287,0.240836371183193,0.0215496096477893,"violation",1,70,0.277251743648749,0.679232364913215,0.363935405795914,0.499795876701026,0.710226855450961,0.0309944905377465,"violation"
374,50,"reverse",0.246504271019468,0.674489213358372,0.324961536185438,0.499599839871872,0.742361853913887,0.0678726405555145,"violation in reverse orientation",1,0.0441379310344828,1,90,0.645967901805191,0.261362863693741,0.5,0.362433476228891,0.338736122454277,0.0773732587605356,"violation",1,50,0.246504271019468,0.674489213358372,0.324961536185438,0.499599839871872,0.742361853913887,0.0678726405555145,"violation at burn-in"
375,50,"reverse",0.246504271019468,0.674489213358372,0.324961536185438,0.499599839871872,0.742361853913887,0.0678726405555145,"violation in reverse orientation",1,0.0441379310344828,1,60,0.592139703863035,0.383872428163307,0.493006648591635,0.422952584681651,0.39024012500836,0.00636769684505289,"violation",1,50,0.246504271019468,0.674489213358372,0.324961536185438,0.499599839871872,0.742361853913887,0.0678726405555145,"violation at burn-in"
376,50,"reverse",0.152451248673278,0.590712364249548,0.237486841740758,0.489897948556636,0.840659160003691,0.249946795754143,"violation in reverse orientation",1,0.0441379310344828,1,110,0.632421839069742,0.338260821129089,0.5,0.419070202604222,0.351697292926193,0.0134364717971038,"violation",1,50,0.152451248673278,0.590712364249548,0.237486841740758,0.489897948556636,0.840659160003691,0.249946795754143,"violation at burn-in"
377,50,"reverse",0.185611725055255,0.790712364249548,0.271293199325011,0.489897948556636,0.806002267373436,0.0152899031238877,"violation in reverse orientation",1,0.0441379310344828,1,90,0.753429237782545,0.139488250402838,0.487498021521785,0.249443825784929,0.235914754951126,0.0964265045482877,"violation",1,50,0.185611725055255,0.790712364249548,0.271293199325011,0.489897948556636,0.806002267373436,0.0152899031238877,"violation at burn-in"
378,70,"reverse",0.239040057693904,0.693315814683084,0.334724986110285,0.499183005990176,0.750162901064524,0.0568470863814401,"violation in reverse orientation",1,0.0441379310344828,1,90,0.634820744786182,0.343591528449175,0.499876527964533,0.415739709641549,0.349401967225724,0.00581043877654941,"violation",1,70,0.239040057693904,0.693315814683084,0.334724986110285,0.499183005990176,0.750162901064524,0.0568470863814401,"violation"
379,50,"reverse",0.152451248673278,0.654021127930363,0.237486841740758,0.498397431775084,0.840659160003691,0.186638032073328,"violation in reverse orientation",1,0.0441379310344828,1,90,0.721968833534088,0.155964483968887,0.493913572686508,0.267821573182088,0.266016761013194,0.110052277044307,"violation",1,50,0.152451248673278,0.654021127930363,0.237486841740758,0.498397431775084,0.840659160003691,0.186638032073328,"violation at burn-in"
380,50,"forward",0.734021127930363,0.185611725055255,0.498397431775084,0.271293199325011,0.254484860910661,0.0688731358554066,"violation in forward orientation",1,0.0441379310344828,1,50,0.734021127930363,0.185611725055255,0.498397431775084,0.271293199325011,0.254484860910661,0.0688731358554066,"violation at burn-in",1,90,0.202857682846242,0.721968833534088,0.314269680527354,0.493913572686508,0.787978059862562,0.0660092263284741,"violation"
381,60,"reverse",0.230926430345563,0.710899562289484,0.321022671404304,0.498887651569859,0.758642668020049,0.0477431057305649,"violation in reverse orientation",1,0.0441379310344828,1,80,0.642042346118264,0.32367253060101,0.499843725578305,0.4,0.342492180391474,0.0188196497904648,"violation",1,60,0.230926430345563,0.710899562289484,0.321022671404304,0.498887651569859,0.758642668020049,0.0477431057305649,"violation"
382,50,"forward",0.674489213358372,0.302716065288689,0.499599839871872,0.366606055596467,0.311446304863515,0.00873023957482622,"violation in forward orientation",1,0.0441379310344828,1,50,0.674489213358372,0.302716065288689,0.499599839871872,0.366606055596467,0.311446304863515,0.00873023957482622,"violation at burn-in",1,100,0.261683564317147,0.716895688006175,0.366606055596467,0.493558507170123,0.726497572232254,0.00960188422607877,"violation"
383,90,"forward",0.71133125754252,0.247071505072811,0.495535624910617,0.351539822656808,0.2761950274606,0.0291235223877885,"violation in forward orientation",1,0.0441379310344828,1,90,0.71133125754252,0.247071505072811,0.495535624910617,0.351539822656808,0.2761950274606,0.0291235223877885,"violation",1,120,0.208981121597478,0.771119296036274,0.330718913883074,0.476969600708473,0.781578291750519,0.0104589957142456,"violation"
384,50,"reverse",0.355715993350399,0.454790769027509,0.4,0.448998886412873,0.62822178875953,0.173431019732021,"violation in reverse orientation",1,0.0441379310344828,1,50,0.674489213358372,0.185611725055255,0.499599839871872,0.271293199325011,0.311446304863515,0.125834579808261,"violation at burn-in",1,50,0.355715993350399,0.454790769027509,0.4,0.448998886412873,0.62822178875953,0.173431019732021,"violation at burn-in"
385,50,"forward",0.633238465893974,0.246504271019468,0.496386945839634,0.324961536185438,0.350915926437087,0.104411655417619,"violation in forward orientation",1,0.0441379310344828,1,50,0.633238465893974,0.246504271019468,0.496386945839634,0.324961536185438,0.350915926437087,0.104411655417619,"violation at burn-in",1,50,0.216786995012799,0.753238465893974,0.3,0.496386945839634,0.773420166585973,0.0201817006919995,"violation at burn-in"
386,50,"reverse",0.152451248673278,0.674489213358372,0.237486841740758,0.499599839871872,0.840659160003691,0.166169946645319,"violation in reverse orientation",1,0.0441379310344828,1,50,0.734021127930363,0.216786995012799,0.498397431775084,0.3,0.254484860910661,0.0376978658978619,"violation at burn-in",1,50,0.152451248673278,0.674489213358372,0.237486841740758,0.499599839871872,0.840659160003691,0.166169946645319,"violation at burn-in"
387,50,"reverse",0.275078575707952,0.633238465893974,0.346987031457949,0.496386945839634,0.712498090855548,0.0792596249615747,"violation in reverse orientation",1,0.0441379310344828,1,130,0.64510744850675,0.333707961152927,0.499467171715321,0.421325044234743,0.339559423076903,0.00585146192397595,"violation",1,50,0.275078575707952,0.633238465893974,0.346987031457949,0.496386945839634,0.712498090855548,0.0792596249615747,"violation at burn-in"
388,50,"forward",0.753238465893974,0.152451248673278,0.496386945839634,0.237486841740758,0.236097289685927,0.083646041012649,"violation in forward orientation",1,0.0441379310344828,1,50,0.753238465893974,0.152451248673278,0.496386945839634,0.237486841740758,0.236097289685927,0.083646041012649,"violation at burn-in",1,50,0.216786995012799,0.694644991687999,0.3,0.5,0.773420166585973,0.0787751748979741,"violation at burn-in"
389,50,"reverse",0.152451248673278,0.654021127930363,0.237486841740758,0.498397431775084,0.840659160003691,0.186638032073328,"violation in reverse orientation",1,0.0441379310344828,1,90,0.600945650434495,0.289392299544533,0.498020774022555,0.382325567424117,0.381814401836372,0.092422102291839,"violation",1,50,0.152451248673278,0.654021127930363,0.237486841740758,0.498397431775084,0.840659160003691,0.186638032073328,"violation at burn-in"
390,50,"forward",0.80895608070809,0.116284945699819,0.485386443980464,0.195959179422654,0.182785451552735,0.066500505852916,"violation in forward orientation",1,0.0441379310344828,1,50,0.80895608070809,0.116284945699819,0.485386443980464,0.195959179422654,0.182785451552735,0.066500505852916,"violation at burn-in",1,130,0.324790251442971,0.660260286805724,0.416309511622609,0.498518515262143,0.660543101169242,0.000282814363518735,"violation"
391,50,"forward",0.734021127930363,0.246504271019468,0.498397431775084,0.324961536185438,0.254484860910661,0.00798058989119321,"violation in forward orientation",1,0.0441379310344828,1,50,0.734021127930363,0.246504271019468,0.498397431775084,0.324961536185438,0.254484860910661,0.00798058989119321,"violation at burn-in",1,100,0.334897285537307,0.638682330481023,0.41424630354416,0.5,0.649979971997548,0.0112976415165246,"violation"
392,50,"reverse",0.302716065288689,0.546859192020479,0.366606055596467,0.48,0.683613418092222,0.136754226071743,"violation in reverse orientation",1,0.0441379310344828,1,50,0.80895608070809,0.152451248673278,0.485386443980464,0.237486841740758,0.182785451552735,0.0303342028794571,"violation at burn-in",1,50,0.302716065288689,0.546859192020479,0.366606055596467,0.48,0.683613418092222,0.136754226071743,"violation at burn-in"
393,50,"forward",0.714489213358372,0.185611725055255,0.499599839871872,0.271293199325011,0.273173425946462,0.0875617008912072,"violation in forward orientation",1,0.0441379310344828,1,50,0.714489213358372,0.185611725055255,0.499599839871872,0.271293199325011,0.273173425946462,0.0875617008912072,"violation at burn-in",1,60,0.181705607971508,0.804851254930947,0.276385399196283,0.481894409826699,0.810084653851037,0.00523339892009045,"violation"
394,50,"reverse",0.275078575707952,0.590712364249548,0.346987031457949,0.489897948556636,0.712498090855548,0.121785726606,"violation in reverse orientation",1,0.0441379310344828,1,50,0.633238465893974,0.246504271019468,0.496386945839634,0.324961536185438,0.350915926437087,0.104411655417619,"violation at burn-in",1,50,0.275078575707952,0.590712364249548,0.346987031457949,0.489897948556636,0.712498090855548,0.121785726606,"violation at burn-in"
395,50,"reverse",0.329560327676681,0.546859192020479,0.384187454245971,0.48,0.655557768088814,0.108698576068335,"violation in reverse orientation",1,0.0441379310344828,1,50,0.80895608070809,0.152451248673278,0.485386443980464,0.237486841740758,0.182785451552735,0.0303342028794571,"violation at burn-in",1,50,0.329560327676681,0.546859192020479,0.384187454245971,0.48,0.655557768088814,0.108698576068335,"violation at burn-in"
396,50,"forward",0.734021127930363,0.216786995012799,0.498397431775084,0.3,0.254484860910661,0.0376978658978619,"violation in forward orientation",1,0.0441379310344828,1,50,0.734021127930363,0.216786995012799,0.498397431775084,0.3,0.254484860910661,0.0376978658978619,"violation at burn-in",1,70,0.239040057693904,0.734750092269623,0.334724986110285,0.494871659305394,0.750162901064524,0.0154128087949009,"violation"
397,50,"reverse",0.329560327676681,0.654021127930363,0.384187454245971,0.498397431775084,0.655557768088814,0.00153664015845101,"violation in reverse orientation",1,0.0441379310344828,1,90,0.78418865915957,0.187580741083115,0.478681316189734,0.3,0.206483464703088,0.0189027236199736,"violation",1,50,0.329560327676681,0.654021127930363,0.384187454245971,0.498397431775084,0.655557768088814,0.00153664015845101,"violation at burn-in"
398,50,"forward",0.524410079701748,0.381261936620275,0.47370877129308,0.41424630354416,0.455045317623921,0.0737833810036468,"violation in forward orientation",1,0.0441379310344828,1,50,0.524410079701748,0.381261936620275,0.47370877129308,0.41424630354416,0.455045317623921,0.0737833810036468,"violation at burn-in",1,50,0.302716065288689,0.61213738305134,0.366606055596467,0.493558507170123,0.683613418092222,0.0714760350408828,"violation at burn-in"
399,60,"reverse",0.230926430345563,0.74303982794241,0.321022671404304,0.495535624910617,0.758642668020049,0.0156028400776386,"violation in reverse orientation",1,0.0441379310344828,1,60,0.774366575369876,0.206777284463185,0.489897948556636,0.3,0.215881450292991,0.00910416582980608,"violation",1,60,0.230926430345563,0.74303982794241,0.321022671404304,0.495535624910617,0.758642668020049,0.0156028400776386,"violation"
400,50,"reverse",0.185611725055255,0.694644991687999,0.271293199325011,0.5,0.806002267373436,0.111357275685437,"violation in reverse orientation",1,0.0441379310344828,1,90,0.61230983413901,0.343591528449175,0.498887651569859,0.415739709641549,0.37094090116352,0.0273493727143456,"violation",1,50,0.185611725055255,0.694644991687999,0.271293199325011,0.5,0.806002267373436,0.111357275685437,"violation at burn-in"
