"trial","stopped_at_n","selected_direction","T1_","T2_","s1","s2","beta_allowed","margin","reason","violation","eps","fwd_violation","fwd_stopped_at_n","fwd_T1_","fwd_T2_","fwd_s1","fwd_s2","fwd_beta_allowed","fwd_margin","fwd_reason","rev_violation","rev_stopped_at_n","rev_T1_","rev_T2_","rev_s1","rev_s2","rev_beta_allowed","rev_margin","rev_reason"
1,100,"forward",0.800420391058284,0.0773148667427289,0.47021271782035,0.17058722109232,0.0813350371992746,0.00402017045654562,"violation in forward orientation",1,0.897586206896552,1,100,0.800420391058284,0.0773148667427289,0.47021271782035,0.17058722109232,0.0813350371992746,0.00402017045654562,"violation",0,10050,1,0.000182358314524332,0.00498754668053816,0.00498754668053816,0,-0.000182358314524332,"max_iter reached without violation"
2,90,"forward",0.824040028479255,0.0417124095892457,0.462948147911104,0.104822012578407,0.0717088015291475,0.0299963919399018,"violation in forward orientation",1,0.897586206896552,1,90,0.824040028479255,0.0417124095892457,0.462948147911104,0.104822012578407,0.0717088015291475,0.0299963919399018,"violation",1,320,0.109122932755236,0.729071096785865,0.253028530999965,0.475975560690883,0.732237973733885,0.00316687694802043,"violation"
3,90,"reverse",0.0652551788198452,0.794279587966123,0.147405546238018,0.475186772896513,0.839875110194375,0.0455955222282516,"violation in reverse orientation",1,0.897586206896552,1,200,0.716527689645114,0.114026032901119,0.485386443980464,0.246525860712421,0.115525693914849,0.00149966101373075,"violation",1,90,0.0652551788198452,0.794279587966123,0.147405546238018,0.475186772896513,0.839875110194375,0.0455955222282516,"violation"
4,280,"reverse",0.0821505148830761,0.747816639109923,0.210411404595078,0.470981931279573,0.798419475240685,0.0506028361307624,"violation in reverse orientation",1,0.897586206896552,1,630,0.627928173074985,0.151613282833229,0.495098169080597,0.318157963590287,0.151634623597493,2.13407642643548e-05,"violation",1,280,0.0821505148830761,0.747816639109923,0.210411404595078,0.470981931279573,0.798419475240685,0.0506028361307624,"violation"
5,100,"reverse",0.0773148667427289,0.809383999631981,0.17058722109232,0.466476151587624,0.810284575959634,0.000900576327652836,"violation in reverse orientation",1,0.897586206896552,1,160,0.749657445752236,0.098198912696676,0.478890318862263,0.217944947177034,0.102023588260263,0.0038246755635868,"violation",1,100,0.0773148667427289,0.809383999631981,0.17058722109232,0.466476151587624,0.810284575959634,0.000900576327652836,"violation"
6,280,"forward",0.717413496050053,0.067220023482452,0.481229293220042,0.185576872239523,0.115164681547891,0.0479446580654388,"violation in forward orientation",1,0.897586206896552,1,280,0.717413496050053,0.067220023482452,0.481229293220042,0.185576872239523,0.115164681547891,0.0479446580654388,"violation",1,820,0.142406154783145,0.649976950688651,0.312585502877471,0.490145300119292,0.650571820583231,0.000594869894579908,"violation"
7,480,"reverse",0.102285497677251,0.668980815745437,0.253028530999965,0.489028941429396,0.749014805609361,0.0800339898639242,"violation in reverse orientation",1,0.897586206896552,0,10050,0.000182358314524332,1,0.00498754668053816,0.00498754668053816,0.999542552273042,-0.000457447726958327,"max_iter reached without violation",1,480,0.102285497677251,0.668980815745437,0.253028530999965,0.489028941429396,0.749014805609361,0.0800339898639242,"violation"
8,470,"forward",0.673818584507431,0.132593736508859,0.488083436900074,0.291295167491486,0.132931884534463,0.000338148025604251,"violation in forward orientation",1,0.897586206896552,1,470,0.673818584507431,0.132593736508859,0.488083436900074,0.291295167491486,0.132931884534463,0.000338148025604251,"violation",0,10050,1,0.000182358314524332,0.00498754668053816,0.00498754668053816,0,-0.000182358314524332,"max_iter reached without violation"
9,180,"forward",0.702422932361926,0.118817871160874,0.489897948556636,0.249443825784929,0.121274119060333,0.00245624789945834,"violation in forward orientation",1,0.897586206896552,1,180,0.702422932361926,0.118817871160874,0.489897948556636,0.249443825784929,0.121274119060333,0.00245624789945834,"violation",1,820,0.0932016013084742,0.676160684051937,0.250148676789829,0.483965070199401,0.771303719568326,0.0951430355163886,"violation"
10,50,"forward",0.878395081610861,0.0275269587093166,0.458257569495584,0.0707106781186548,0.0495562789488238,0.0220293202395072,"violation in forward orientation",1,0.897586206896552,1,50,0.878395081610861,0.0275269587093166,0.458257569495584,0.0707106781186548,0.0495562789488238,0.0220293202395072,"violation at burn-in",0,10050,1,0.000182358314524332,0.00498754668053816,0.00498754668053816,0,-0.000182358314524332,"max_iter reached without violation"
11,820,"reverse",0.0859693715682148,0.669035831389363,0.239285571589617,0.485805353167267,0.789049248564692,0.120013417175329,"violation in reverse orientation",1,0.897586206896552,0,10050,0.000182358314524332,1,0.00498754668053816,0.00498754668053816,0.999542552273042,-0.000457447726958327,"max_iter reached without violation",1,820,0.0859693715682148,0.669035831389363,0.239285571589617,0.485805353167267,0.789049248564692,0.120013417175329,"violation"
12,230,"reverse",0.0995119632962558,0.753070927017768,0.230926464780687,0.471914413438058,0.755820152860208,0.00274922584243942,"violation in reverse orientation",1,0.897586206896552,1,4000,0.642281197594442,0.0961456912050779,0.486298198125389,0.273601443709641,0.145785016588678,0.0496393253835997,"violation",1,230,0.0995119632962558,0.753070927017768,0.230926464780687,0.471914413438058,0.755820152860208,0.00274922584243942,"violation"
13,70,"forward",0.826440685532036,0.0534488391899586,0.469693777793531,0.118666055184544,0.0707304084174605,0.0172815692275019,"violation in forward orientation",1,0.897586206896552,1,70,0.826440685532036,0.0534488391899586,0.469693777793531,0.118666055184544,0.0707304084174605,0.0172815692275019,"violation",0,10050,1,0.000182358314524332,0.00498754668053816,0.00498754668053816,0,-0.000182358314524332,"max_iter reached without violation"
14,180,"forward",0.754902823375427,0.0955657359846167,0.475186772896513,0.217944947177034,0.09988582296439,0.00432008697977329,"violation in forward orientation",1,0.897586206896552,1,180,0.754902823375427,0.0955657359846167,0.475186772896513,0.217944947177034,0.09988582296439,0.00432008697977329,"violation",0,10050,1,0.000182358314524332,0.00498754668053816,0.00498754668053816,0,-0.000182358314524332,"max_iter reached without violation"
15,100,"forward",0.707316518042841,0.110450226382149,0.495075751779463,0.217944947177034,0.119279727351567,0.00882950096941791,"violation in forward orientation",1,0.897586206896552,1,100,0.707316518042841,0.110450226382149,0.495075751779463,0.217944947177034,0.119279727351567,0.00882950096941791,"violation",0,10050,1,0.000182358314524332,0.00498754668053816,0.00498754668053816,0,-0.000182358314524332,"max_iter reached without violation"
16,80,"forward",0.873537587753285,0.0468507967519744,0.439992897669951,0.111102430216445,0.0515359613548589,0.00468516460288454,"violation in forward orientation",1,0.897586206896552,1,80,0.873537587753285,0.0468507967519744,0.439992897669951,0.111102430216445,0.0515359613548589,0.00468516460288454,"violation",0,10050,1,0.000182358314524332,0.00498754668053816,0.00498754668053816,0,-0.000182358314524332,"max_iter reached without violation"
17,210,"forward",0.758273876648067,0.0956761273668015,0.471404520791032,0.222794048862659,0.0985119427188711,0.00283581535206963,"violation in forward orientation",1,0.897586206896552,1,210,0.758273876648067,0.0956761273668015,0.471404520791032,0.222794048862659,0.0985119427188711,0.00283581535206963,"violation",1,480,0.059913445458077,0.705219308125957,0.184830534243909,0.479510746027193,0.852981978707475,0.147762670581518,"violation"
18,120,"reverse",0.0646455958718563,0.816367655586762,0.15612494995996,0.458257569495584,0.841370827596576,0.0250031720098146,"violation in reverse orientation",1,0.897586206896552,1,440,0.632010204910192,0.149403385505438,0.495933879890395,0.308881948082499,0.149970982460319,0.000567596954881289,"violation",1,120,0.0646455958718563,0.816367655586762,0.15612494995996,0.458257569495584,0.841370827596576,0.0250031720098146,"violation"
19,10050,"reverse",1,0.000182358314524332,0.00498754668053816,0.00498754668053816,0,-0.000182358314524332,"max_iter reached without violation in either orientation",0,0.897586206896552,0,10050,0.000182358314524332,1,0.00498754668053816,0.00498754668053816,0.999542552273042,-0.000457447726958327,"max_iter reached without violation",0,10050,1,0.000182358314524332,0.00498754668053816,0.00498754668053816,0,-0.000182358314524332,"max_iter reached without violation"
20,90,"forward",0.700619622653076,0.104606694841303,0.496903994999953,0.206080411011016,0.122009061935798,0.0174023670944954,"violation in forward orientation",1,0.897586206896552,1,90,0.700619622653076,0.104606694841303,0.496903994999953,0.206080411011016,0.122009061935798,0.0174023670944954,"violation",0,10050,1,0.000182358314524332,0.00498754668053816,0.00498754668053816,0,-0.000182358314524332,"max_iter reached without violation"
21,280,"forward",0.707190466552719,0.115151520161963,0.484122918275927,0.257539376818856,0.119331099916219,0.00417957975425619,"violation in forward orientation",1,0.897586206896552,1,280,0.707190466552719,0.115151520161963,0.484122918275927,0.257539376818856,0.119331099916219,0.00417957975425619,"violation",0,10050,1,0.000182358314524332,0.00498754668053816,0.00498754668053816,0,-0.000182358314524332,"max_iter reached without violation"
22,60,"forward",0.789716484604452,0.0622317713624084,0.486198404860494,0.12801909579781,0.0856974380388442,0.0234656666764357,"violation in forward orientation",1,0.897586206896552,1,60,0.789716484604452,0.0622317713624084,0.486198404860494,0.12801909579781,0.0856974380388442,0.0234656666764357,"violation",1,310,0.132755448164572,0.666820736187803,0.281976818406454,0.492355716860359,0.674251501716971,0.00743076552916822,"violation"
23,50,"forward",0.808956080708089,0.0745005976726397,0.485386443980464,0.14,0.0778562979319588,0.00335570025931907,"violation in forward orientation",1,0.897586206896552,1,50,0.808956080708089,0.0745005976726397,0.485386443980464,0.14,0.0778562979319588,0.00335570025931907,"violation at burn-in",1,150,0.104584519467397,0.73699135152777,0.224697327284703,0.483689523925788,0.743373757232094,0.00638240570432402,"violation"
24,820,"forward",0.690373234925828,0.11314285454695,0.479928794540058,0.277607158916583,0.126185000002587,0.013042145455637,"violation in forward orientation",1,0.897586206896552,1,820,0.690373234925828,0.11314285454695,0.479928794540058,0.277607158916583,0.126185000002587,0.013042145455637,"violation",0,10050,1,0.000182358314524332,0.00498754668053816,0.00498754668053816,0,-0.000182358314524332,"max_iter reached without violation"
25,210,"forward",0.672219896445198,0.127746269603396,0.49416091644106,0.265302633851126,0.133583433403558,0.00583716380016247,"violation in forward orientation",1,0.897586206896552,1,210,0.672219896445198,0.127746269603396,0.49416091644106,0.265302633851126,0.133583433403558,0.00583716380016247,"violation",0,10050,1,0.000182358314524332,0.00498754668053816,0.00498754668053816,0,-0.000182358314524332,"max_iter reached without violation"
26,60,"forward",0.758806370529701,0.097223697165837,0.493006648591635,0.17950549357115,0.0982949236551933,0.00107122648935623,"violation in forward orientation",1,0.897586206896552,1,60,0.758806370529701,0.097223697165837,0.493006648591635,0.17950549357115,0.0982949236551933,0.00107122648935623,"violation",1,280,0.0772418865865491,0.741095662148092,0.202534955410826,0.473466913698673,0.810463645420113,0.0693679832720211,"violation"
27,50,"forward",0.878395081610861,0.0275269587093166,0.458257569495584,0.0707106781186548,0.0495562789488238,0.0220293202395072,"violation in forward orientation",1,0.897586206896552,1,50,0.878395081610861,0.0275269587093166,0.458257569495584,0.0707106781186548,0.0495562789488238,0.0220293202395072,"violation at burn-in",1,240,0.133766669413116,0.665205078293104,0.276385399196283,0.49434299833213,0.671770295141373,0.00656521684826905,"violation"
28,160,"reverse",0.079515200404443,0.790006592849108,0.189983551919633,0.463512405443479,0.804885676007899,0.0148790831587908,"violation in reverse orientation",1,0.897586206896552,1,160,0.778581931084374,0.0889840203618663,0.46837484987988,0.20453835214942,0.0902353500463652,0.00125132968449884,"violation",1,160,0.079515200404443,0.790006592849108,0.189983551919633,0.463512405443479,0.804885676007899,0.0148790831587908,"violation"
29,280,"reverse",0.091798967420613,0.730976034254487,0.225170003802116,0.476969600708473,0.774745324885393,0.0437692906309058,"violation in reverse orientation",1,0.897586206896552,1,360,0.676723205795006,0.128503924301556,0.489322724176041,0.280528051457107,0.131748099680008,0.0032441753784514,"violation",1,280,0.091798967420613,0.730976034254487,0.225170003802116,0.476969600708473,0.774745324885393,0.0437692906309058,"violation"
30,480,"forward",0.707220412259025,0.0893962518437228,0.478890318862263,0.234372685173754,0.11931889547713,0.0299226436334076,"violation in forward orientation",1,0.897586206896552,1,480,0.707220412259025,0.0893962518437228,0.478890318862263,0.234372685173754,0.11931889547713,0.0299226436334076,"violation",0,10050,1,0.000182358314524332,0.00498754668053816,0.00498754668053816,0,-0.000182358314524332,"max_iter reached without violation"
31,160,"forward",0.7379482131575,0.098198912696676,0.482465996211132,0.217944947177034,0.106795712000536,0.00859679930386004,"violation in forward orientation",1,0.897586206896552,1,160,0.7379482131575,0.098198912696676,0.482465996211132,0.217944947177034,0.106795712000536,0.00859679930386004,"violation",0,10050,1,0.000182358314524332,0.00498754668053816,0.00498754668053816,0,-0.000182358314524332,"max_iter reached without violation"
32,80,"reverse",0.0732709191287605,0.819812757386282,0.15612494995996,0.46837484987988,0.820207102237247,0.000394344850965567,"violation in reverse orientation",1,0.897586206896552,1,280,0.690056992291969,0.124251730444613,0.488385511827762,0.269068688597677,0.126313885390124,0.00206215494551054,"violation",1,80,0.0732709191287605,0.819812757386282,0.15612494995996,0.46837484987988,0.820207102237247,0.000394344850965567,"violation"
33,90,"forward",0.78418865915957,0.0652551788198453,0.478681316189734,0.147405546238018,0.0879503155715247,0.0226951367516795,"violation in forward orientation",1,0.897586206896552,1,90,0.78418865915957,0.0652551788198453,0.478681316189734,0.147405546238018,0.0879503155715247,0.0226951367516795,"violation",1,820,0.100371657353403,0.682088645357894,0.260416542732471,0.482341354881983,0.75371074450801,0.0716220991501156,"violation"
34,130,"forward",0.748677896538399,0.0974169204747038,0.482596527426404,0.209818179953628,0.102422805717111,0.00500588524240725,"violation in forward orientation",1,0.897586206896552,1,130,0.748677896538399,0.0974169204747038,0.482596527426404,0.209818179953628,0.102422805717111,0.00500588524240725,"violation",1,280,0.105924175370542,0.71060295169345,0.245261210191277,0.483186700722508,0.740086679314465,0.0294837276210156,"violation"
35,530,"forward",0.673103541025361,0.131387812704195,0.487450191885532,0.292300629902447,0.133223302093086,0.00183548938889133,"violation in forward orientation",1,0.897586206896552,1,530,0.673103541025361,0.131387812704195,0.487450191885532,0.292300629902447,0.133223302093086,0.00183548938889133,"violation",0,10050,1,0.000182358314524332,0.00498754668053816,0.00498754668053816,0,-0.000182358314524332,"max_iter reached without violation"
36,100,"forward",0.809383999631981,0.0773148667427289,0.466476151587624,0.17058722109232,0.077681898624481,0.00036703188175212,"violation in forward orientation",1,0.897586206896552,1,100,0.809383999631981,0.0773148667427289,0.466476151587624,0.17058722109232,0.077681898624481,0.00036703188175212,"violation",1,360,0.125100117566981,0.690139954074771,0.276385399196283,0.486198404860494,0.693035181989197,0.00289522791442598,"violation"
37,120,"forward",0.755703210984508,0.0924095701582629,0.481894409826699,0.199826313471363,0.0995596232173262,0.00715005305906323,"violation in forward orientation",1,0.897586206896552,1,120,0.755703210984508,0.0924095701582629,0.481894409826699,0.199826313471363,0.0995596232173262,0.00715005305906323,"violation",1,820,0.0903166216202504,0.665468823701882,0.245879184698855,0.486681633609246,0.778382517193671,0.112913693491789,"violation"
38,480,"forward",0.689163922294393,0.0919944248141773,0.484122918275927,0.238257199378226,0.126677858050388,0.0346834332362104,"violation in forward orientation",1,0.897586206896552,1,480,0.689163922294393,0.0919944248141773,0.484122918275927,0.238257199378226,0.126677858050388,0.0346834332362104,"violation",0,10050,1,0.000182358314524332,0.00498754668053816,0.00498754668053816,0,-0.000182358314524332,"max_iter reached without violation"
39,820,"reverse",0.0903166216202504,0.682088645357894,0.245879184698855,0.482341354881983,0.778382517193671,0.096293871835777,"violation in reverse orientation",1,0.897586206896552,1,2360,0.615057027610244,0.120445422411991,0.493196312537283,0.300564142080755,0.156880287507562,0.0364348650955705,"violation",1,820,0.0903166216202504,0.682088645357894,0.245879184698855,0.482341354881983,0.778382517193671,0.096293871835777,"violation"
40,480,"forward",0.701213191720884,0.0893962518437228,0.480722113075735,0.234372685173754,0.121767151544399,0.0323708997006761,"violation in forward orientation",1,0.897586206896552,1,480,0.701213191720884,0.0893962518437228,0.480722113075735,0.234372685173754,0.121767151544399,0.0323708997006761,"violation",0,10050,1,0.000182358314524332,0.00498754668053816,0.00498754668053816,0,-0.000182358314524332,"max_iter reached without violation"
41,320,"forward",0.729071096785865,0.109122932755236,0.475975560690883,0.253028530999964,0.110413600486353,0.00129066773111731,"violation in forward orientation",1,0.897586206896552,1,320,0.729071096785865,0.109122932755236,0.475975560690883,0.253028530999964,0.110413600486353,0.00129066773111731,"violation",1,320,0.124844446215872,0.693241936034716,0.27321866242993,0.486447180457447,0.693662515956397,0.000420579921680653,"violation"
42,480,"reverse",0.0815322773855796,0.709220206946063,0.222195093830224,0.478260011802042,0.799936428079917,0.0907162211338548,"violation in reverse orientation",1,0.897586206896552,0,10050,0.000182358314524332,1,0.00498754668053816,0.00498754668053816,0.999542552273042,-0.000457447726958327,"max_iter reached without violation",1,480,0.0815322773855796,0.709220206946063,0.222195093830224,0.478260011802042,0.799936428079917,0.0907162211338548,"violation"
43,120,"reverse",0.092409570158263,0.747935774039918,0.199826313471363,0.484122918275927,0.77324710525253,0.0253113312126123,"violation in reverse orientation",1,0.897586206896552,1,420,0.7262537643664,0.110628234403811,0.473869342957541,0.261460662441858,0.111561810568815,0.000933576165003627,"violation",1,120,0.092409570158263,0.747935774039918,0.199826313471363,0.484122918275927,0.77324710525253,0.0253113312126123,"violation"
44,160,"forward",0.778581931084374,0.0795152004044429,0.46837484987988,0.189983551919633,0.0902353500463652,0.0107201496419222,"violation in forward orientation",1,0.897586206896552,1,160,0.778581931084374,0.0795152004044429,0.46837484987988,0.189983551919633,0.0902353500463652,0.0107201496419222,"violation",0,10050,1,0.000182358314524332,0.00498754668053816,0.00498754668053816,0,-0.000182358314524332,"max_iter reached without violation"
45,70,"reverse",0.0534488391899587,0.863377182770204,0.118666055184544,0.451753951452626,0.868844010487575,0.00546682771737095,"violation in reverse orientation",1,0.897586206896552,1,210,0.76270333573734,0.0956761273668015,0.469693777793531,0.222794048862659,0.096706706832961,0.00103057946615946,"violation",1,70,0.0534488391899587,0.863377182770204,0.118666055184544,0.451753951452626,0.868844010487575,0.00546682771737095,"violation"
46,10050,"reverse",1,0.000182358314524332,0.00498754668053816,0.00498754668053816,0,-0.000182358314524332,"max_iter reached without violation in either orientation",0,0.897586206896552,0,10050,0.000182358314524332,1,0.00498754668053816,0.00498754668053816,0.999542552273042,-0.000457447726958327,"max_iter reached without violation",0,10050,1,0.000182358314524332,0.00498754668053816,0.00498754668053816,0,-0.000182358314524332,"max_iter reached without violation"
47,90,"forward",0.78418865915957,0.0857374138515052,0.478681316189734,0.17950549357115,0.0879503155715247,0.00221290172001949,"violation in forward orientation",1,0.897586206896552,1,90,0.78418865915957,0.0857374138515052,0.478681316189734,0.17950549357115,0.0879503155715247,0.00221290172001949,"violation",0,10050,1,0.000182358314524332,0.00498754668053816,0.00498754668053816,0,-0.000182358314524332,"max_iter reached without violation"
48,310,"forward",0.679325991542959,0.128755224558792,0.489897948556636,0.27719420721214,0.130687328569847,0.00193210401105431,"violation in forward orientation",1,0.897586206896552,1,310,0.679325991542959,0.128755224558792,0.489897948556636,0.27719420721214,0.130687328569847,0.00193210401105431,"violation",0,10050,1,0.000182358314524332,0.00498754668053816,0.00498754668053816,0,-0.000182358314524332,"max_iter reached without violation"
49,70,"reverse",0.0534488391899587,0.863377182770204,0.118666055184544,0.451753951452626,0.868844010487575,0.00546682771737095,"violation in reverse orientation",1,0.897586206896552,1,130,0.762979101515661,0.0854464256882822,0.478162162089848,0.192307692307692,0.0965943178777639,0.0111478921894817,"violation",1,70,0.0534488391899587,0.863377182770204,0.118666055184544,0.451753951452626,0.868844010487575,0.00546682771737095,"violation"
50,300,"reverse",0.120409059503292,0.699800871038108,0.266061814037432,0.485386443980464,0.70454550589794,0.00474463485983168,"violation in reverse orientation",1,0.897586206896552,0,10050,0.000182358314524332,1,0.00498754668053816,0.00498754668053816,0.999542552273042,-0.000457447726958327,"max_iter reached without violation",1,300,0.120409059503292,0.699800871038108,0.266061814037432,0.485386443980464,0.70454550589794,0.00474463485983168,"violation"
51,320,"forward",0.711219320697192,0.117026410896764,0.48160498271405,0.263391343821318,0.117689131464967,0.00066272056820231,"violation in forward orientation",1,0.897586206896552,1,320,0.711219320697192,0.117026410896764,0.48160498271405,0.263391343821318,0.117689131464967,0.00066272056820231,"violation",1,370,0.108412982250878,0.732742498234205,0.255601954973771,0.472972972972973,0.733979960329102,0.00123746209489628,"violation"
52,280,"forward",0.696924489716726,0.110554876727001,0.486763572497166,0.251500598449404,0.123515021567768,0.0129601448407673,"violation in forward orientation",1,0.897586206896552,1,280,0.696924489716726,0.110554876727001,0.486763572497166,0.251500598449404,0.123515021567768,0.0129601448407673,"violation",0,10050,1,0.000182358314524332,0.00498754668053816,0.00498754668053816,0,-0.000182358314524332,"max_iter reached without violation"
53,190,"forward",0.704862365762834,0.119865042244596,0.48879409528965,0.252467051688662,0.120279922561878,0.000414880317282026,"violation in forward orientation",1,0.897586206896552,1,190,0.704862365762834,0.119865042244596,0.48879409528965,0.252467051688662,0.120279922561878,0.000414880317282026,"violation",1,450,0.13567472558047,0.666855731055007,0.293980766986592,0.489897948556636,0.667088548673061,0.000232817618053938,"violation"
54,50,"forward",0.790712364249548,0.0745005976726397,0.489897948556636,0.14,0.0852915650784802,0.0107909674058405,"violation in forward orientation",1,0.897586206896552,1,50,0.790712364249548,0.0745005976726397,0.489897948556636,0.14,0.0852915650784802,0.0107909674058405,"violation at burn-in",1,2360,0.0967624611742508,0.646830014215703,0.269447549977776,0.486735132045752,0.762566532798887,0.115736518583184,"violation"
55,210,"forward",0.69520100521645,0.121475744780102,0.489897948556636,0.257539376818856,0.124217431502255,0.00274168672215311,"violation in forward orientation",1,0.897586206896552,1,210,0.69520100521645,0.121475744780102,0.489897948556636,0.257539376818856,0.124217431502255,0.00274168672215311,"violation",1,240,0.106670086249735,0.72916523453089,0.242061459137964,0.479510746027193,0.73825645770774,0.00909122317684952,"violation"
56,270,"reverse",0.109740133091011,0.727102187268821,0.249443825784929,0.478681316189734,0.730723565750674,0.00362137848185262,"violation in reverse orientation",1,0.897586206896552,1,280,0.690056992291969,0.115151520161963,0.488385511827762,0.257539376818856,0.126313885390124,0.0111623652281605,"violation",1,270,0.109740133091011,0.727102187268821,0.249443825784929,0.478681316189734,0.730723565750674,0.00362137848185262,"violation"
57,160,"forward",0.772837907380941,0.0795152004044429,0.470662764089109,0.189983551919633,0.0925763396593112,0.0130611392548683,"violation in forward orientation",1,0.897586206896552,1,160,0.772837907380941,0.0795152004044429,0.470662764089109,0.189983551919633,0.0925763396593112,0.0130611392548683,"violation",0,10050,1,0.000182358314524332,0.00498754668053816,0.00498754668053816,0,-0.000182358314524332,"max_iter reached without violation"
58,240,"forward",0.697403386880045,0.123062250039526,0.488122821520249,0.263391343821318,0.123319845965633,0.000257595926106552,"violation in forward orientation",1,0.897586206896552,1,240,0.697403386880045,0.123062250039526,0.488122821520249,0.263391343821318,0.123319845965633,0.000257595926106552,"violation",1,280,0.0772418865865491,0.777799257205771,0.202534955410826,0.458257569495584,0.810463645420113,0.0326643882143421,"violation"
59,170,"forward",0.716467362626552,0.109374448441529,0.487348592404894,0.235294117647059,0.1155502803252,0.00617583188367134,"violation in forward orientation",1,0.897586206896552,1,170,0.716467362626552,0.109374448441529,0.487348592404894,0.235294117647059,0.1155502803252,0.00617583188367134,"violation",1,820,0.10748662970547,0.657134041465374,0.270157047766777,0.48861365878885,0.736252926834009,0.0791188853686351,"violation"
60,70,"forward",0.748285526233974,0.083553645447262,0.492598275701905,0.166598625567009,0.102582717105801,0.0190290716585395,"violation in forward orientation",1,0.897586206896552,1,70,0.748285526233974,0.083553645447262,0.492598275701905,0.166598625567009,0.102582717105801,0.0190290716585395,"violation",1,160,0.0697287809828361,0.778581931084374,0.173992636338438,0.46837484987988,0.828898352022598,0.0503164209382239,"violation"
61,80,"forward",0.763126767493411,0.0962393665961732,0.487179381747627,0.189983551919633,0.096534136280691,0.00029476968451779,"violation in forward orientation",1,0.897586206896552,1,80,0.763126767493411,0.0962393665961732,0.487179381747627,0.189983551919633,0.096534136280691,0.00029476968451779,"violation",1,2360,0.098165329787262,0.656832771269421,0.271424352737247,0.484232126833074,0.759124351542988,0.102291580273566,"violation"
62,160,"forward",0.749657445752236,0.0795152004044429,0.478890318862263,0.189983551919633,0.102023588260263,0.0225083878558199,"violation in forward orientation",1,0.897586206896552,1,160,0.749657445752236,0.0795152004044429,0.478890318862263,0.189983551919633,0.102023588260263,0.0225083878558199,"violation",1,160,0.0889840203618664,0.767073168320992,0.20453835214942,0.472857007984443,0.781652285317824,0.014579116996832,"violation"
63,360,"forward",0.687461637029895,0.121682499317729,0.486856571268843,0.272151351318878,0.127371628189268,0.00568912887153908,"violation in forward orientation",1,0.897586206896552,1,360,0.687461637029895,0.121682499317729,0.486856571268843,0.272151351318878,0.127371628189268,0.00568912887153908,"violation",0,10050,1,0.000182358314524332,0.00498754668053816,0.00498754668053816,0,-0.000182358314524332,"max_iter reached without violation"
64,10050,"reverse",1,0.000182358314524332,0.00498754668053816,0.00498754668053816,0,-0.000182358314524332,"max_iter reached without violation in either orientation",0,0.897586206896552,0,10050,0.000182358314524332,1,0.00498754668053816,0.00498754668053816,0.999542552273042,-0.000457447726958327,"max_iter reached without violation",0,10050,1,0.000182358314524332,0.00498754668053816,0.00498754668053816,0,-0.000182358314524332,"max_iter reached without violation"
65,120,"forward",0.755703210984508,0.0789160685510231,0.481894409826699,0.17950549357115,0.0995596232173262,0.020643554666303,"violation in forward orientation",1,0.897586206896552,1,120,0.755703210984508,0.0789160685510231,0.481894409826699,0.17950549357115,0.0995596232173262,0.020643554666303,"violation",0,10050,1,0.000182358314524332,0.00498754668053816,0.00498754668053816,0,-0.000182358314524332,"max_iter reached without violation"
66,1390,"reverse",0.0958965213794806,0.65841608334894,0.261934730047846,0.485880021688919,0.764691266150714,0.106275182801774,"violation in reverse orientation",1,0.897586206896552,1,2360,0.60625203911085,0.134694206490126,0.494597174021867,0.31727527860377,0.160468780118912,0.0257745736287864,"violation",1,1390,0.0958965213794806,0.65841608334894,0.261934730047846,0.485880021688919,0.764691266150714,0.106275182801774,"violation"
67,1390,"forward",0.637227639849629,0.116950208114539,0.490618472105948,0.290160037153844,0.147844605267248,0.0308943971527086,"violation in forward orientation",1,0.897586206896552,1,1390,0.637227639849629,0.116950208114539,0.490618472105948,0.290160037153844,0.147844605267248,0.0308943971527086,"violation",0,10050,1,0.000182358314524332,0.00498754668053816,0.00498754668053816,0,-0.000182358314524332,"max_iter reached without violation"
68,340,"forward",0.743508652633207,0.102873724825176,0.469999631892663,0.246006160780312,0.104529542547185,0.00165581772200918,"violation in forward orientation",1,0.897586206896552,1,340,0.743508652633207,0.102873724825176,0.469999631892663,0.246006160780312,0.104529542547185,0.00165581772200918,"violation",1,820,0.0946403371181901,0.678532901160711,0.252247482416544,0.483325469860203,0.767773531929609,0.089240630768898,"violation"
69,160,"forward",0.7379482131575,0.0889840203618663,0.482465996211132,0.20453835214942,0.106795712000536,0.0178116916386697,"violation in forward orientation",1,0.897586206896552,1,160,0.7379482131575,0.0889840203618663,0.482465996211132,0.20453835214942,0.106795712000536,0.0178116916386697,"violation",0,10050,1,0.000182358314524332,0.00498754668053816,0.00498754668053816,0,-0.000182358314524332,"max_iter reached without violation"
70,480,"reverse",0.124950336538467,0.668980815745437,0.282566363886433,0.489028941429396,0.693402695699361,0.0244218799539242,"violation in reverse orientation",1,0.897586206896552,1,480,0.681105666539311,0.114951331779512,0.486198404860494,0.269998713988707,0.129962018073933,0.0150106862944203,"violation",1,480,0.124950336538467,0.668980815745437,0.282566363886433,0.489028941429396,0.693402695699361,0.0244218799539242,"violation"
71,190,"reverse",0.105482927250777,0.739786399732828,0.233544291919303,0.479380948915187,0.741169358043587,0.00138295831075863,"violation in reverse orientation",1,0.897586206896552,1,430,0.677276565497516,0.130706864114168,0.487906755049055,0.287178700940131,0.131522576704706,0.000815712590538309,"violation",1,190,0.105482927250777,0.739786399732828,0.233544291919303,0.479380948915187,0.741169358043587,0.00138295831075863,"violation"
72,120,"forward",0.716482191093379,0.105343859519633,0.491525403435288,0.217944947177034,0.115544236950623,0.0102003774309901,"violation in forward orientation",1,0.897586206896552,1,120,0.716482191093379,0.105343859519633,0.491525403435288,0.217944947177034,0.115544236950623,0.0102003774309901,"violation",1,480,0.0681509324717487,0.711218687002905,0.199826313471363,0.477619785731519,0.832769876782038,0.121551189779133,"violation"
73,2360,"reverse",0.105160042547139,0.640570691764911,0.281013677885726,0.48818543030665,0.741961611619131,0.10139091985422,"violation in reverse orientation",1,0.897586206896552,0,10050,0.000182358314524332,1,0.00498754668053816,0.00498754668053816,0.999542552273042,-0.000457447726958327,"max_iter reached without violation",1,2360,0.105160042547139,0.640570691764911,0.281013677885726,0.48818543030665,0.741961611619131,0.10139091985422,"violation"
74,110,"reverse",0.0859405919145952,0.780482926783159,0.187193275290673,0.475516248386255,0.789119864432295,0.00863693764913542,"violation in reverse orientation",1,0.897586206896552,0,10050,0.000182358314524332,1,0.00498754668053816,0.00498754668053816,0.999542552273042,-0.000457447726958327,"max_iter reached without violation",1,110,0.0859405919145952,0.780482926783159,0.187193275290673,0.475516248386255,0.789119864432295,0.00863693764913542,"violation"
75,250,"reverse",0.138713023556545,0.656674100222856,0.283294899354012,0.495354418573207,0.65963355805877,0.00295945783591423,"violation in reverse orientation",1,0.897586206896552,1,310,0.688667358977871,0.124735215110324,0.48782257397917,0.272289403486034,0.126880233532483,0.0021450184221584,"violation",1,250,0.138713023556545,0.656674100222856,0.283294899354012,0.495354418573207,0.65963355805877,0.00295945783591423,"violation"
76,50,"forward",0.910755917550709,0.0275269587093166,0.438634243989226,0.0707106781186548,0.0363675484155298,0.00884058970621316,"violation in forward orientation",1,0.897586206896552,1,50,0.910755917550709,0.0275269587093166,0.438634243989226,0.0707106781186548,0.0363675484155298,0.00884058970621316,"violation at burn-in",1,90,0.0652551788198452,0.833781791811234,0.147405546238018,0.458257569495584,0.839875110194375,0.00609331838314109,"violation"
77,350,"forward",0.724378818618512,0.110855333661117,0.476517982614614,0.257539376818856,0.112325948871033,0.00147061520991643,"violation in forward orientation",1,0.897586206896552,1,350,0.724378818618512,0.110855333661117,0.476517982614614,0.257539376818856,0.112325948871033,0.00147061520991643,"violation",0,10050,1,0.000182358314524332,0.00498754668053816,0.00498754668053816,0,-0.000182358314524332,"max_iter reached without violation"
78,100,"forward",0.754629046470215,0.0943521513629653,0.485386443980464,0.195959179422654,0.0999974013499359,0.00564524998697062,"violation in forward orientation",1,0.897586206896552,1,100,0.754629046470215,0.0943521513629653,0.485386443980464,0.195959179422654,0.0999974013499359,0.00564524998697062,"violation",0,10050,1,0.000182358314524332,0.00498754668053816,0.00498754668053816,0,-0.000182358314524332,"max_iter reached without violation"
79,80,"reverse",0.0962393665961733,0.727841623971563,0.189983551919633,0.49434299833213,0.763850035997278,0.036008412025715,"violation in reverse orientation",1,0.897586206896552,1,160,0.696369530078241,0.116032322209533,0.49228421668788,0.242061459137964,0.123741196600528,0.0077088743909951,"violation",1,80,0.0962393665961733,0.727841623971563,0.189983551919633,0.49434299833213,0.763850035997278,0.036008412025715,"violation"
80,50,"forward",0.808956080708089,0.0745005976726397,0.485386443980464,0.14,0.0778562979319588,0.00335570025931907,"violation in forward orientation",1,0.897586206896552,1,50,0.808956080708089,0.0745005976726397,0.485386443980464,0.14,0.0778562979319588,0.00335570025931907,"violation at burn-in",0,10050,1,0.000182358314524332,0.00498754668053816,0.00498754668053816,0,-0.000182358314524332,"max_iter reached without violation"
81,160,"forward",0.708341802636892,0.107204222849119,0.489897948556636,0.230403857389585,0.118861870338973,0.0116576474898542,"violation in forward orientation",1,0.897586206896552,1,160,0.708341802636892,0.107204222849119,0.489897948556636,0.230403857389585,0.118861870338973,0.0116576474898542,"violation",1,480,0.104835055328556,0.705219308125957,0.256546237981036,0.479510746027193,0.742759024079455,0.0375397159534983,"violation"
82,50,"reverse",0.0745005976726396,0.734021127930363,0.14,0.498397431775084,0.8171898728294,0.0831687448990379,"violation in reverse orientation",1,0.897586206896552,1,90,0.753429237782544,0.0857374138515052,0.487498021521785,0.17950549357115,0.100486386044355,0.0147489721928496,"violation",1,50,0.0745005976726396,0.734021127930363,0.14,0.498397431775084,0.8171898728294,0.0831687448990379,"violation at burn-in"
83,160,"forward",0.714300453905321,0.116032322209533,0.488580533279827,0.242061459137964,0.116433408785406,0.000401086575873025,"violation in forward orientation",1,0.897586206896552,1,160,0.714300453905321,0.116032322209533,0.488580533279827,0.242061459137964,0.116433408785406,0.000401086575873025,"violation",0,10050,1,0.000182358314524332,0.00498754668053816,0.00498754668053816,0,-0.000182358314524332,"max_iter reached without violation"
84,190,"forward",0.749651103693758,0.0981317034565967,0.476134015911522,0.223296878269436,0.102026172980276,0.00389446952367892,"violation in forward orientation",1,0.897586206896552,1,190,0.749651103693758,0.0981317034565967,0.476134015911522,0.223296878269436,0.102026172980276,0.00389446952367892,"violation",1,400,0.128186931074895,0.672966315223796,0.282566363886433,0.489380986553421,0.68546115010991,0.0124948348861139,"violation"
85,80,"forward",0.863053876615837,0.0468507967519744,0.446514277487294,0.111102430216445,0.0558086211043689,0.00895782435239455,"violation in forward orientation",1,0.897586206896552,1,80,0.863053876615837,0.0468507967519744,0.446514277487294,0.111102430216445,0.0558086211043689,0.00895782435239455,"violation",1,210,0.10873446536619,0.726979024969427,0.240982493883428,0.481894409826699,0.733191145793405,0.00621212082397771,"violation"
86,470,"reverse",0.147638658330999,0.632275229959801,0.308327164812541,0.495630522880202,0.637732966347842,0.00545773638804103,"violation in reverse orientation",1,0.897586206896552,0,10050,0.000182358314524332,1,0.00498754668053816,0.00498754668053816,0.999542552273042,-0.000457447726958327,"max_iter reached without violation",1,470,0.147638658330999,0.632275229959801,0.308327164812541,0.495630522880202,0.637732966347842,0.00545773638804103,"violation"
87,80,"forward",0.852434440271627,0.0468507967519744,0.452596674755792,0.111102430216445,0.060136595963226,0.0132857992112516,"violation in forward orientation",1,0.897586206896552,1,80,0.852434440271627,0.0468507967519744,0.452596674755792,0.111102430216445,0.060136595963226,0.0132857992112516,"violation",1,110,0.0859405919145952,0.788765722014423,0.187193275290673,0.472464962188592,0.789119864432295,0.000354142417871683,"violation"
88,220,"forward",0.697497117628721,0.122095415886174,0.488948103518036,0.259688306492467,0.123281645790913,0.00118622990473921,"violation in forward orientation",1,0.897586206896552,1,220,0.697497117628721,0.122095415886174,0.488948103518036,0.259688306492467,0.123281645790913,0.00118622990473921,"violation",0,10050,1,0.000182358314524332,0.00498754668053816,0.00498754668053816,0,-0.000182358314524332,"max_iter reached without violation"
89,80,"forward",0.808698556974645,0.0732709191287606,0.472857007984443,0.15612494995996,0.0779612523012663,0.00469033317250571,"violation in forward orientation",1,0.897586206896552,1,80,0.808698556974645,0.0732709191287606,0.472857007984443,0.15612494995996,0.0779612523012663,0.00469033317250571,"violation",1,160,0.079515200404443,0.795686562251593,0.189983551919633,0.460934851687307,0.804885676007899,0.00919911375630589,"violation"
90,390,"reverse",0.131377586808747,0.666382727901596,0.28581406166164,0.490916838718946,0.677632323333665,0.0112495954320685,"violation in reverse orientation",1,0.897586206896552,0,10050,0.000182358314524332,1,0.00498754668053816,0.00498754668053816,0.999542552273042,-0.000457447726958327,"max_iter reached without violation",1,390,0.131377586808747,0.666382727901596,0.28581406166164,0.490916838718946,0.677632323333665,0.0112495954320685,"violation"
91,250,"reverse",0.0971586157174473,0.759777346780976,0.229921725811199,0.468,0.761594498974491,0.00181715219351508,"violation in reverse orientation",1,0.897586206896552,1,1390,0.660530323865888,0.106466525590819,0.485350849307011,0.276566076328696,0.138347544660896,0.0318810190700774,"violation",1,250,0.0971586157174473,0.759777346780976,0.229921725811199,0.468,0.761594498974491,0.00181715219351508,"violation"
92,160,"reverse",0.107204222849119,0.708341802636892,0.230403857389585,0.489897948556636,0.73694586099652,0.0286040583596282,"violation in reverse orientation",1,0.897586206896552,1,180,0.670268267658628,0.133771216729528,0.495535624910617,0.267821573182088,0.134378824048439,0.000607607318911157,"violation",1,160,0.107204222849119,0.708341802636892,0.230403857389585,0.489897948556636,0.73694586099652,0.0286040583596282,"violation"
93,10050,"reverse",1,0.000182358314524332,0.00498754668053816,0.00498754668053816,0,-0.000182358314524332,"max_iter reached without violation in either orientation",0,0.897586206896552,0,10050,0.000182358314524332,1,0.00498754668053816,0.00498754668053816,0.999542552273042,-0.000457447726958327,"max_iter reached without violation",0,10050,1,0.000182358314524332,0.00498754668053816,0.00498754668053816,0,-0.000182358314524332,"max_iter reached without violation"
94,350,"forward",0.674998589243073,0.132068059285183,0.489897948556636,0.284124146478691,0.132450970984661,0.000382911699477712,"violation in forward orientation",1,0.897586206896552,1,350,0.674998589243073,0.132068059285183,0.489897948556636,0.284124146478691,0.132450970984661,0.000382911699477712,"violation",0,10050,1,0.000182358314524332,0.00498754668053816,0.00498754668053816,0,-0.000182358314524332,"max_iter reached without violation"
95,80,"forward",0.751467297585606,0.0962393665961732,0.489897948556636,0.189983551919633,0.101285979127425,0.00504661253125155,"violation in forward orientation",1,0.897586206896552,1,80,0.751467297585606,0.0962393665961732,0.489897948556636,0.189983551919633,0.101285979127425,0.00504661253125155,"violation",0,10050,1,0.000182358314524332,0.00498754668053816,0.00498754668053816,0,-0.000182358314524332,"max_iter reached without violation"
96,300,"forward",0.753567778715445,0.0990444707841176,0.467748745470139,0.237486841740758,0.100429923379569,0.00138545259545175,"violation in forward orientation",1,0.897586206896552,1,300,0.753567778715445,0.0990444707841176,0.467748745470139,0.237486841740758,0.100429923379569,0.00138545259545175,"violation",1,6780,0.100563996229339,0.614506316759564,0.283800456126313,0.491206048036238,0.753238807744021,0.138732490984458,"violation"
97,120,"forward",0.708524997812425,0.117848771206546,0.493006648591635,0.234372685173754,0.118787208738463,0.00093843753191665,"violation in forward orientation",1,0.897586206896552,1,120,0.708524997812425,0.117848771206546,0.493006648591635,0.234372685173754,0.118787208738463,0.00093843753191665,"violation",1,2360,0.0798108203488167,0.659747395431105,0.243966257126861,0.483459350017965,0.804160321244127,0.144412925813021,"violation"
98,150,"forward",0.666727627697992,0.132792456161149,0.497147418333391,0.260682863946895,0.135821819725159,0.00302936356400998,"violation in forward orientation",1,0.897586206896552,1,150,0.666727627697992,0.132792456161149,0.497147418333391,0.260682863946895,0.135821819725159,0.00302936356400998,"violation",1,6780,0.0916146215265116,0.63146210427774,0.271201841802788,0.487643253239514,0.775197649483286,0.143735545205546,"violation"
99,220,"reverse",0.12803536693787,0.684377456507231,0.267023693504082,0.491666083017817,0.685833038985815,0.00145558247858357,"violation in reverse orientation",1,0.897586206896552,1,280,0.737727502664882,0.082150514883076,0.474664220738176,0.210411404595078,0.106885663051814,0.0247351481687375,"violation",1,220,0.12803536693787,0.684377456507231,0.267023693504082,0.491666083017817,0.685833038985815,0.00145558247858357,"violation"
100,130,"forward",0.770080345552313,0.0854464256882822,0.475742956802038,0.192307692307692,0.0937001901047777,0.00825376441649552,"violation in forward orientation",1,0.897586206896552,1,130,0.770080345552313,0.0854464256882822,0.475742956802038,0.192307692307692,0.0937001901047777,0.00825376441649552,"violation",0,10050,1,0.000182358314524332,0.00498754668053816,0.00498754668053816,0,-0.000182358314524332,"max_iter reached without violation"
101,140,"forward",0.775623941653408,0.0906080826802676,0.472239562173303,0.202534955410826,0.0914408852061449,0.00083280252587728,"violation in forward orientation",1,0.897586206896552,1,140,0.775623941653408,0.0906080826802676,0.472239562173303,0.202534955410826,0.0914408852061449,0.00083280252587728,"violation",1,220,0.116099332114423,0.697497117628721,0.252057647872941,0.488948103518036,0.715120168912291,0.0176230512835707,"violation"
102,1390,"forward",0.652773985865254,0.0983441457802435,0.487241601934142,0.265412054778993,0.141508657433312,0.0431645116530688,"violation in forward orientation",1,0.897586206896552,1,1390,0.652773985865254,0.0983441457802435,0.487241601934142,0.265412054778993,0.141508657433312,0.0431645116530688,"violation",0,10050,1,0.000182358314524332,0.00498754668053816,0.00498754668053816,0,-0.000182358314524332,"max_iter reached without violation"
103,10050,"reverse",1,0.000182358314524332,0.00498754668053816,0.00498754668053816,0,-0.000182358314524332,"max_iter reached without violation in either orientation",0,0.897586206896552,0,10050,0.000182358314524332,1,0.00498754668053816,0.00498754668053816,0.999542552273042,-0.000457447726958327,"max_iter reached without violation",0,10050,1,0.000182358314524332,0.00498754668053816,0.00498754668053816,0,-0.000182358314524332,"max_iter reached without violation"
104,280,"reverse",0.0821505148830761,0.727592798380722,0.210411404595078,0.478078103942638,0.798419475240685,0.0708266768599632,"violation in reverse orientation",1,0.897586206896552,1,480,0.662901742064423,0.127433602351082,0.490318596821382,0.285583892616902,0.137381067909172,0.0099474655580899,"violation",1,280,0.0821505148830761,0.727592798380722,0.210411404595078,0.478078103942638,0.798419475240685,0.0708266768599632,"violation"
105,170,"forward",0.73870751044869,0.101047620659349,0.481347589305383,0.223916074243227,0.106486258703755,0.00543863804440636,"violation in forward orientation",1,0.897586206896552,1,170,0.73870751044869,0.101047620659349,0.481347589305383,0.223916074243227,0.106486258703755,0.00543863804440636,"violation",0,10050,1,0.000182358314524332,0.00498754668053816,0.00498754668053816,0,-0.000182358314524332,"max_iter reached without violation"
106,480,"forward",0.660872939948922,0.134847093052928,0.490730040065026,0.294362541019668,0.138207910715596,0.00336081766266738,"violation in forward orientation",1,0.897586206896552,1,480,0.660872939948922,0.134847093052928,0.490730040065026,0.294362541019668,0.138207910715596,0.00336081766266738,"violation",1,770,0.154306658173192,0.615604322011169,0.324353086843928,0.496098796465256,0.621371873186114,0.00576755117494521,"violation"
107,160,"reverse",0.059527310361458,0.80697994677785,0.15612494995996,0.455478800275051,0.853929428083346,0.0469494813054964,"violation in reverse orientation",1,0.897586206896552,1,280,0.741095662148092,0.091798967420613,0.473466913698673,0.225170003802116,0.105512962176602,0.0137139947559886,"violation",1,160,0.059527310361458,0.80697994677785,0.15612494995996,0.455478800275051,0.853929428083346,0.0469494813054964,"violation"
108,50,"reverse",0.0275269587093166,0.894790769027509,0.0707106781186548,0.448998886412873,0.932447836448594,0.0376570674210854,"violation in reverse orientation",1,0.897586206896552,0,10050,0.000182358314524332,1,0.00498754668053816,0.00498754668053816,0.999542552273042,-0.000457447726958327,"max_iter reached without violation",1,50,0.0275269587093166,0.894790769027509,0.0707106781186548,0.448998886412873,0.932447836448594,0.0376570674210854,"violation at burn-in"
109,390,"forward",0.691199641297966,0.125156060656769,0.485259374038302,0.278308500232701,0.125848196250874,0.000692135594105331,"violation in forward orientation",1,0.897586206896552,1,390,0.691199641297966,0.125156060656769,0.485259374038302,0.278308500232701,0.125848196250874,0.000692135594105331,"violation",0,10050,1,0.000182358314524332,0.00498754668053816,0.00498754668053816,0,-0.000182358314524332,"max_iter reached without violation"
110,50,"forward",0.861594493296846,0.0275269587093166,0.466476151587624,0.0707106781186548,0.0564033960160784,0.0288764373067617,"violation in forward orientation",1,0.897586206896552,1,50,0.861594493296846,0.0275269587093166,0.466476151587624,0.0707106781186548,0.0564033960160784,0.0288764373067617,"violation at burn-in",1,1390,0.0942617890213684,0.656300998042833,0.259580667767297,0.486399041674462,0.768702365286668,0.112401367243835,"violation"
111,150,"forward",0.73071173515061,0.104584519467397,0.485386443980464,0.224697327284703,0.109744954678333,0.00516043521093613,"violation in forward orientation",1,0.897586206896552,1,150,0.73071173515061,0.104584519467397,0.485386443980464,0.224697327284703,0.109744954678333,0.00516043521093613,"violation",1,430,0.130706864114168,0.67051029344048,0.287178700940131,0.489417485784993,0.679278057699502,0.00876776425902248,"violation"
112,280,"forward",0.693493076113908,0.124251730444613,0.487588296556404,0.269068688597677,0.12491350179986,0.000661771355247004,"violation in forward orientation",1,0.897586206896552,1,280,0.693493076113908,0.124251730444613,0.487588296556404,0.269068688597677,0.12491350179986,0.000661771355247004,"violation",1,480,0.0945819611471967,0.687151249190533,0.242061459137964,0.48465605645195,0.767916767490862,0.0807655183003286,"violation"
113,240,"forward",0.673294561640952,0.128434594434555,0.493006648591635,0.269998713988707,0.133145451217107,0.0047108567825524,"violation in forward orientation",1,0.897586206896552,1,240,0.673294561640952,0.128434594434555,0.493006648591635,0.269998713988707,0.133145451217107,0.0047108567825524,"violation",0,10050,1,0.000182358314524332,0.00498754668053816,0.00498754668053816,0,-0.000182358314524332,"max_iter reached without violation"
114,90,"reverse",0.0652551788198452,0.804286524269363,0.147405546238018,0.471404520791032,0.839875110194375,0.0355885859250112,"violation in reverse orientation",1,0.897586206896552,1,170,0.766131045239268,0.0925546506561992,0.472093181817254,0.211764705882353,0.0953097362154103,0.00275508555921106,"violation",1,90,0.0652551788198452,0.804286524269363,0.147405546238018,0.471404520791032,0.839875110194375,0.0355885859250112,"violation"
115,350,"forward",0.683290164204047,0.125058939860864,0.488069918042445,0.275666169006452,0.12907172120075,0.00401278133988667,"violation in forward orientation",1,0.897586206896552,1,350,0.683290164204047,0.125058939860864,0.488069918042445,0.275666169006452,0.12907172120075,0.00401278133988667,"violation",1,390,0.109398799537191,0.728028907577121,0.258147957921092,0.474053955988864,0.731561086777284,0.00353217920016213,"violation"
116,180,"forward",0.739309920391585,0.10344541255513,0.480322679605294,0.229061423645426,0.106240745194086,0.00279533263895618,"violation in forward orientation",1,0.897586206896552,1,180,0.739309920391585,0.10344541255513,0.480322679605294,0.229061423645426,0.106240745194086,0.00279533263895618,"violation",1,480,0.0971593547396653,0.685137312821525,0.245789190952102,0.485179663171856,0.761592685655408,0.076455372833883,"violation"
117,60,"forward",0.834450982045784,0.0622317713624084,0.471404520791032,0.12801909579781,0.0674657942891979,0.00523402292678942,"violation in forward orientation",1,0.897586206896552,1,60,0.834450982045784,0.0622317713624084,0.471404520791032,0.12801909579781,0.0674657942891979,0.00523402292678942,"violation",1,180,0.0955657359846166,0.754902823375427,0.217944947177034,0.475186772896513,0.765502905441354,0.0106000820659274,"violation"
118,480,"reverse",0.127433602351082,0.687151249190533,0.285583892616902,0.48465605645195,0.687309572683906,0.000158323493372858,"violation in reverse orientation",1,0.897586206896552,1,4000,0.642281197594442,0.0920839544215871,0.486298198125389,0.267777776337022,0.145785016588678,0.0537010621670905,"violation",1,480,0.127433602351082,0.687151249190533,0.285583892616902,0.48465605645195,0.687309572683906,0.000158323493372858,"violation"
119,480,"reverse",0.119964466890261,0.677069015045202,0.276385399196283,0.487179381747627,0.70563639092088,0.0285673758756783,"violation in reverse orientation",1,0.897586206896552,1,680,0.651250710633526,0.140779240576027,0.490777841057801,0.30768698424993,0.142129471635907,0.00135023105988039,"violation",1,480,0.119964466890261,0.677069015045202,0.276385399196283,0.487179381747627,0.70563639092088,0.0285673758756783,"violation"
120,370,"reverse",0.11178574088804,0.725037706332223,0.260092134038034,0.475675675675676,0.725704312521576,0.000666606189352548,"violation in reverse orientation",1,0.897586206896552,1,480,0.705219308125957,0.117461425577544,0.479510746027193,0.27321866242993,0.12013444990932,0.00267302433177578,"violation",1,370,0.11178574088804,0.725037706332223,0.260092134038034,0.475675675675676,0.725704312521576,0.000666606189352548,"violation"
121,120,"forward",0.740129479481555,0.105343859519633,0.486198404860494,0.217944947177034,0.105906732067422,0.000562872547789084,"violation in forward orientation",1,0.897586206896552,1,120,0.740129479481555,0.105343859519633,0.486198404860494,0.217944947177034,0.105906732067422,0.000562872547789084,"violation",0,10050,1,0.000182358314524332,0.00498754668053816,0.00498754668053816,0,-0.000182358314524332,"max_iter reached without violation"
122,260,"reverse",0.103774435078873,0.744702039188851,0.240315374643282,0.473186353822452,0.745361439665082,0.000659400476230365,"violation in reverse orientation",1,0.897586206896552,1,340,0.693044053325412,0.125003922051164,0.48596210711348,0.274901681071716,0.125096502034211,9.25799830475138e-05,"violation",1,260,0.103774435078873,0.744702039188851,0.240315374643282,0.473186353822452,0.745361439665082,0.000659400476230365,"violation"
123,70,"forward",0.851237844761596,0.0534488391899586,0.458257569495584,0.118666055184544,0.0606242711199642,0.00717543193000563,"violation in forward orientation",1,0.897586206896552,1,70,0.851237844761596,0.0534488391899586,0.458257569495584,0.118666055184544,0.0606242711199642,0.00717543193000563,"violation",0,10050,1,0.000182358314524332,0.00498754668053816,0.00498754668053816,0,-0.000182358314524332,"max_iter reached without violation"
124,280,"forward",0.693493076113908,0.124251730444613,0.487588296556404,0.269068688597677,0.12491350179986,0.000661771355247004,"violation in forward orientation",1,0.897586206896552,1,280,0.693493076113908,0.124251730444613,0.487588296556404,0.269068688597677,0.12491350179986,0.000661771355247004,"violation",1,1390,0.120961962920649,0.642179033130641,0.295142953277588,0.489602042407515,0.703188861546575,0.0610098284159345,"violation"
125,60,"forward",0.74303982794241,0.097223697165837,0.495535624910617,0.17950549357115,0.104720613090782,0.00749691592494456,"violation in forward orientation",1,0.897586206896552,1,60,0.74303982794241,0.097223697165837,0.495535624910617,0.17950549357115,0.104720613090782,0.00749691592494456,"violation",1,260,0.0935158775834556,0.74831435132104,0.225713857709557,0.471855834968778,0.770532588264309,0.0222182369432695,"violation"
126,160,"reverse",0.0889840203618664,0.761288001011107,0.20453835214942,0.474958879799083,0.781652285317824,0.0203642843067163,"violation in reverse orientation",1,0.897586206896552,1,820,0.671412143926633,0.0786660728966619,0.485204961689701,0.227742065816867,0.133912634735833,0.0552465618391716,"violation",1,160,0.0889840203618664,0.761288001011107,0.20453835214942,0.474958879799083,0.781652285317824,0.0203642843067163,"violation"
127,130,"reverse",0.0729615548553156,0.784181578795644,0.172691879389567,0.470490113334555,0.820966181094256,0.0367846022986121,"violation in reverse orientation",1,0.897586206896552,1,820,0.658325727821529,0.10748662970547,0.488347259443593,0.270157047766777,0.139246032673315,0.0317594029678459,"violation",1,130,0.0729615548553156,0.784181578795644,0.172691879389567,0.470490113334555,0.820966181094256,0.0367846022986121,"violation"
128,50,"forward",0.844410079701748,0.0275269587093166,0.47370877129308,0.0707106781186548,0.063406941928789,0.0358799832194724,"violation in forward orientation",1,0.897586206896552,1,50,0.844410079701748,0.0275269587093166,0.47370877129308,0.0707106781186548,0.063406941928789,0.0358799832194724,"violation at burn-in",0,10050,1,0.000182358314524332,0.00498754668053816,0.00498754668053816,0,-0.000182358314524332,"max_iter reached without violation"
129,50,"forward",0.844410079701748,0.0275269587093166,0.47370877129308,0.0707106781186548,0.063406941928789,0.0358799832194724,"violation in forward orientation",1,0.897586206896552,1,50,0.844410079701748,0.0275269587093166,0.47370877129308,0.0707106781186548,0.063406941928789,0.0358799832194724,"violation at burn-in",0,10050,1,0.000182358314524332,0.00498754668053816,0.00498754668053816,0,-0.000182358314524332,"max_iter reached without violation"
130,10050,"reverse",1,0.000182358314524332,0.00498754668053816,0.00498754668053816,0,-0.000182358314524332,"max_iter reached without violation in either orientation",0,0.897586206896552,0,10050,0.000182358314524332,1,0.00498754668053816,0.00498754668053816,0.999542552273042,-0.000457447726958327,"max_iter reached without violation",0,10050,1,0.000182358314524332,0.00498754668053816,0.00498754668053816,0,-0.000182358314524332,"max_iter reached without violation"
131,70,"forward",0.813795356759835,0.0534488391899586,0.474664220738176,0.118666055184544,0.0758840402331363,0.0224352010431777,"violation in forward orientation",1,0.897586206896552,1,70,0.813795356759835,0.0534488391899586,0.474664220738176,0.118666055184544,0.0758840402331363,0.0224352010431777,"violation",1,500,0.14137928368141,0.65204228645066,0.302648310750283,0.492195083274914,0.653091426785718,0.00104914033505787,"violation"
132,280,"reverse",0.110554876727001,0.71060295169345,0.251500598449404,0.483186700722508,0.72872445104659,0.01812149935314,"violation in reverse orientation",1,0.897586206896552,0,10050,0.000182358314524332,1,0.00498754668053816,0.00498754668053816,0.999542552273042,-0.000457447726958327,"max_iter reached without violation",1,280,0.110554876727001,0.71060295169345,0.251500598449404,0.483186700722508,0.72872445104659,0.01812149935314,"violation"
133,140,"forward",0.769052737561689,0.0906080826802676,0.474664220738176,0.202534955410826,0.0941189940228035,0.00351091134253589,"violation in forward orientation",1,0.897586206896552,1,140,0.769052737561689,0.0906080826802676,0.474664220738176,0.202534955410826,0.0941189940228035,0.00351091134253589,"violation",0,10050,1,0.000182358314524332,0.00498754668053816,0.00498754668053816,0,-0.000182358314524332,"max_iter reached without violation"
134,280,"forward",0.734354280976135,0.105924175370542,0.475831710089324,0.245261210191277,0.108260427040131,0.0023362516695883,"violation in forward orientation",1,0.897586206896552,1,280,0.734354280976135,0.105924175370542,0.475831710089324,0.245261210191277,0.108260427040131,0.0023362516695883,"violation",1,450,0.119710578211222,0.701234391662038,0.274702982137183,0.481274029382456,0.706259350793221,0.0050249591311835,"violation"
135,50,"forward",0.753238465893973,0.0745005976726397,0.496386945839634,0.14,0.100564135551085,0.026063537878445,"violation in forward orientation",1,0.897586206896552,1,50,0.753238465893973,0.0745005976726397,0.496386945839634,0.14,0.100564135551085,0.026063537878445,"violation at burn-in",1,650,0.118620167191665,0.708892889126643,0.28059109206592,0.475742956802038,0.708934863195406,4.19740687628289e-05,"violation"
136,50,"forward",0.808956080708089,0.0745005976726397,0.485386443980464,0.14,0.0778562979319588,0.00335570025931907,"violation in forward orientation",1,0.897586206896552,1,50,0.808956080708089,0.0745005976726397,0.485386443980464,0.14,0.0778562979319588,0.00335570025931907,"violation at burn-in",1,820,0.0874211875017661,0.6986406081033,0.241509603860162,0.4773514077161,0.78548696657539,0.0868463584720892,"violation"
137,120,"forward",0.708524997812425,0.117848771206546,0.493006648591635,0.234372685173754,0.118787208738463,0.00093843753191665,"violation in forward orientation",1,0.897586206896552,1,120,0.708524997812425,0.117848771206546,0.493006648591635,0.234372685173754,0.118787208738463,0.00093843753191665,"violation",1,130,0.0597612595306729,0.845834085454482,0.15014785612264,0.43947251867956,0.853355393253829,0.00752130779934723,"violation"
138,160,"reverse",0.0981989126966759,0.732064644419067,0.217944947177034,0.484122918275927,0.7590419500549,0.0269773056358334,"violation in reverse orientation",1,0.897586206896552,1,180,0.739309920391585,0.10344541255513,0.480322679605294,0.229061423645426,0.106240745194086,0.00279533263895618,"violation",1,160,0.0981989126966759,0.732064644419067,0.217944947177034,0.484122918275927,0.7590419500549,0.0269773056358334,"violation"
139,280,"reverse",0.091798967420613,0.696924489716726,0.225170003802116,0.486763572497166,0.774745324885393,0.0778208351686663,"violation in reverse orientation",1,0.897586206896552,1,330,0.682922599728294,0.128682116954067,0.488621681715064,0.278656095335095,0.129221522918893,0.000539405964826156,"violation",1,280,0.091798967420613,0.696924489716726,0.225170003802116,0.486763572497166,0.774745324885393,0.0778208351686663,"violation"
140,200,"reverse",0.0933422121316439,0.749535399994215,0.217944947177034,0.475368278285373,0.770958706546149,0.0214233065519341,"violation in reverse orientation",1,0.897586206896552,1,240,0.693402064149923,0.123062250039526,0.489028941429396,0.263391343821318,0.124950593927843,0.00188834388831667,"violation",1,200,0.0933422121316439,0.749535399994215,0.217944947177034,0.475368278285373,0.770958706546149,0.0214233065519341,"violation"
141,200,"reverse",0.114026032901119,0.70699771187223,0.246525860712421,0.487749935930288,0.720207367830078,0.0132096559578482,"violation in reverse orientation",1,0.897586206896552,1,280,0.741095662148092,0.0965495261969029,0.473466913698673,0.232115382989599,0.105512962176602,0.00896343597969872,"violation",1,200,0.114026032901119,0.70699771187223,0.246525860712421,0.487749935930288,0.720207367830078,0.0132096559578482,"violation"
142,160,"forward",0.732064644419067,0.098198912696676,0.484122918275927,0.217944947177034,0.109193573502308,0.0109946608056315,"violation in forward orientation",1,0.897586206896552,1,160,0.732064644419067,0.098198912696676,0.484122918275927,0.217944947177034,0.109193573502308,0.0109946608056315,"violation",0,10050,1,0.000182358314524332,0.00498754668053816,0.00498754668053816,0,-0.000182358314524332,"max_iter reached without violation"
143,60,"forward",0.758806370529701,0.097223697165837,0.493006648591635,0.17950549357115,0.0982949236551933,0.00107122648935623,"violation in forward orientation",1,0.897586206896552,1,60,0.758806370529701,0.097223697165837,0.493006648591635,0.17950549357115,0.0982949236551933,0.00107122648935623,"violation",1,110,0.0535671930751074,0.860821882296348,0.133608531424537,0.435605401844034,0.868553608719909,0.00773172642356135,"violation"
144,60,"forward",0.774366575369875,0.0622317713624084,0.489897948556636,0.12801909579781,0.091953327626544,0.0297215562641355,"violation in forward orientation",1,0.897586206896552,1,60,0.774366575369875,0.0622317713624084,0.489897948556636,0.12801909579781,0.091953327626544,0.0297215562641355,"violation",1,1390,0.10078658612765,0.654185070649078,0.268827079273647,0.486907941729511,0.752692644854201,0.0985075742051233,"violation"
145,330,"reverse",0.124933159682986,0.685847884830992,0.274087516939661,0.487954069102532,0.693444842090993,0.00759695726000076,"violation in reverse orientation",1,0.897586206896552,1,420,0.668987092055016,0.133727432831859,0.489897948556636,0.290232137913001,0.134900970010097,0.00117353717823804,"violation",1,330,0.124933159682986,0.685847884830992,0.274087516939661,0.487954069102532,0.693444842090993,0.00759695726000076,"violation"
146,50,"forward",0.808956080708089,0.0745005976726397,0.485386443980464,0.14,0.0778562979319588,0.00335570025931907,"violation in forward orientation",1,0.897586206896552,1,50,0.808956080708089,0.0745005976726397,0.485386443980464,0.14,0.0778562979319588,0.00335570025931907,"violation at burn-in",1,200,0.100337912250668,0.744853851314386,0.22798026230356,0.476969600708473,0.75379354396552,0.00893969265113403,"violation"
147,480,"reverse",0.114951331779512,0.691175327954928,0.269998713988707,0.483580217119031,0.71793698667979,0.0267616587248624,"violation in reverse orientation",1,0.897586206896552,0,10050,0.000182358314524332,1,0.00498754668053816,0.00498754668053816,0.999542552273042,-0.000457447726958327,"max_iter reached without violation",1,480,0.114951331779512,0.691175327954928,0.269998713988707,0.483580217119031,0.71793698667979,0.0267616587248624,"violation"
148,150,"forward",0.840048031523677,0.0634136065460474,0.438634243989226,0.161107279647927,0.0651847043481761,0.00177109780212867,"violation in forward orientation",1,0.897586206896552,1,150,0.840048031523677,0.0634136065460474,0.438634243989226,0.161107279647927,0.0651847043481761,0.00177109780212867,"violation",1,480,0.0815322773855796,0.69720189707813,0.222195093830224,0.481894409826699,0.799936428079917,0.102734531001788,"violation"
149,270,"forward",0.705941992443751,0.119296963067846,0.484831649539365,0.261891400439462,0.119839918311133,0.000542955243287263,"violation in forward orientation",1,0.897586206896552,1,270,0.705941992443751,0.119296963067846,0.484831649539365,0.261891400439462,0.119839918311133,0.000542955243287263,"violation",1,380,0.11869799971155,0.702687038339687,0.2696565991042,0.48237638894272,0.708743887619673,0.00605684927998595,"violation"
150,50,"forward",0.790712364249548,0.0745005976726397,0.489897948556636,0.14,0.0852915650784802,0.0107909674058405,"violation in forward orientation",1,0.897586206896552,1,50,0.790712364249548,0.0745005976726397,0.489897948556636,0.14,0.0852915650784802,0.0107909674058405,"violation at burn-in",1,260,0.0776849056624724,0.808725926907936,0.201290217048147,0.443560099795031,0.809376621343157,0.000650694435220922,"violation"
151,10050,"reverse",1,0.000182358314524332,0.00498754668053816,0.00498754668053816,0,-0.000182358314524332,"max_iter reached without violation in either orientation",0,0.897586206896552,0,10050,0.000182358314524332,1,0.00498754668053816,0.00498754668053816,0.999542552273042,-0.000457447726958327,"max_iter reached without violation",0,10050,1,0.000182358314524332,0.00498754668053816,0.00498754668053816,0,-0.000182358314524332,"max_iter reached without violation"
152,230,"forward",0.695380282716806,0.122619039506902,0.488990318095283,0.261629328405746,0.124144366558962,0.00152532705206014,"violation in forward orientation",1,0.897586206896552,1,230,0.695380282716806,0.122619039506902,0.488990318095283,0.261629328405746,0.124144366558962,0.00152532705206014,"violation",1,4000,0.0890991518004976,0.645242284503824,0.263391343821318,0.485571248634019,0.781369790381131,0.136127505877307,"violation"
153,320,"forward",0.702246079513559,0.117026410896764,0.484122918275927,0.263391343821318,0.121346195831325,0.0043197849345607,"violation in forward orientation",1,0.897586206896552,1,320,0.702246079513559,0.117026410896764,0.484122918275927,0.263391343821318,0.121346195831325,0.0043197849345607,"violation",1,2360,0.0873732714745639,0.639318131756795,0.255717442725795,0.488465048896137,0.785604536851867,0.146286405095072,"violation"
154,420,"forward",0.67360871601263,0.130872008532029,0.48890177266058,0.286862771082458,0.133017416905459,0.00214540837342989,"violation in forward orientation",1,0.897586206896552,1,420,0.67360871601263,0.130872008532029,0.48890177266058,0.286862771082458,0.133017416905459,0.00214540837342989,"violation",0,10050,1,0.000182358314524332,0.00498754668053816,0.00498754668053816,0,-0.000182358314524332,"max_iter reached without violation"
155,120,"reverse",0.0789160685510231,0.778766710645074,0.17950549357115,0.474268442504407,0.806355749838425,0.027589039193351,"violation in reverse orientation",1,0.897586206896552,1,160,0.767073168320992,0.0889840203618663,0.472857007984443,0.20453835214942,0.0949257718617965,0.00594175149993018,"violation",1,120,0.0789160685510231,0.778766710645074,0.17950549357115,0.474268442504407,0.806355749838425,0.027589039193351,"violation"
156,6780,"reverse",0.104008988076265,0.617139143400394,0.288450441662015,0.490693999817251,0.744785923238491,0.127646779838097,"violation in reverse orientation",1,0.897586206896552,0,10050,0.000182358314524332,1,0.00498754668053816,0.00498754668053816,0.999542552273042,-0.000457447726958327,"max_iter reached without violation",1,6780,0.104008988076265,0.617139143400394,0.288450441662015,0.490693999817251,0.744785923238491,0.127646779838097,"violation"
157,280,"reverse",0.101256746636353,0.720811496463454,0.238805488262916,0.480207756909359,0.751539024568373,0.0307275281049182,"violation in reverse orientation",1,0.897586206896552,1,350,0.727095517172748,0.107260993843302,0.475600587013249,0.252723935857097,0.111218752343768,0.00395775850046523,"violation",1,280,0.101256746636353,0.720811496463454,0.238805488262916,0.480207756909359,0.751539024568373,0.0307275281049182,"violation"
158,80,"forward",0.763126767493411,0.0962393665961732,0.487179381747627,0.189983551919633,0.096534136280691,0.00029476968451779,"violation in forward orientation",1,0.897586206896552,1,80,0.763126767493411,0.0962393665961732,0.487179381747627,0.189983551919633,0.096534136280691,0.00029476968451779,"violation",1,90,0.0857374138515053,0.763761939446244,0.17950549357115,0.484831649539365,0.789618397020373,0.025856457574129,"violation"
159,50,"forward",0.790712364249548,0.0275269587093166,0.489897948556636,0.0707106781186548,0.0852915650784802,0.0577646063691636,"violation in forward orientation",1,0.897586206896552,1,50,0.790712364249548,0.0275269587093166,0.489897948556636,0.0707106781186548,0.0852915650784802,0.0577646063691636,"violation at burn-in",0,10050,1,0.000182358314524332,0.00498754668053816,0.00498754668053816,0,-0.000182358314524332,"max_iter reached without violation"
160,520,"reverse",0.14284424708835,0.649492368037084,0.305060863070822,0.492454154896226,0.64949688519203,4.51715494609317e-06,"violation in reverse orientation",1,0.897586206896552,0,10050,0.000182358314524332,1,0.00498754668053816,0.00498754668053816,0.999542552273042,-0.000457447726958327,"max_iter reached without violation",1,520,0.14284424708835,0.649492368037084,0.305060863070822,0.492454154896226,0.64949688519203,4.51715494609317e-06,"violation"
161,470,"forward",0.663480546098358,0.13511553348845,0.490327446692135,0.294240780551901,0.137145175040108,0.00202964155165747,"violation in forward orientation",1,0.897586206896552,1,470,0.663480546098358,0.13511553348845,0.490327446692135,0.294240780551901,0.137145175040108,0.00202964155165747,"violation",0,10050,1,0.000182358314524332,0.00498754668053816,0.00498754668053816,0,-0.000182358314524332,"max_iter reached without violation"
162,160,"forward",0.7379482131575,0.098198912696676,0.482465996211132,0.217944947177034,0.106795712000536,0.00859679930386004,"violation in forward orientation",1,0.897586206896552,1,160,0.7379482131575,0.098198912696676,0.482465996211132,0.217944947177034,0.106795712000536,0.00859679930386004,"violation",0,10050,1,0.000182358314524332,0.00498754668053816,0.00498754668053816,0,-0.000182358314524332,"max_iter reached without violation"
163,120,"forward",0.740129479481555,0.105343859519633,0.486198404860494,0.217944947177034,0.105906732067422,0.000562872547789084,"violation in forward orientation",1,0.897586206896552,1,120,0.740129479481555,0.105343859519633,0.486198404860494,0.217944947177034,0.105906732067422,0.000562872547789084,"violation",0,10050,1,0.000182358314524332,0.00498754668053816,0.00498754668053816,0,-0.000182358314524332,"max_iter reached without violation"
164,90,"forward",0.774015565121441,0.0857374138515052,0.481894409826699,0.17950549357115,0.0920963826325898,0.00635896878108458,"violation in forward orientation",1,0.897586206896552,1,90,0.774015565121441,0.0857374138515052,0.481894409826699,0.17950549357115,0.0920963826325898,0.00635896878108458,"violation",1,430,0.127915483687042,0.681779312740141,0.283835280044509,0.486841455186215,0.68612719331721,0.0043478805770697,"violation"
165,160,"forward",0.726162040908508,0.098198912696676,0.485693769262073,0.217944947177034,0.111599192667719,0.013400279971043,"violation in forward orientation",1,0.897586206896552,1,160,0.726162040908508,0.098198912696676,0.485693769262073,0.217944947177034,0.111599192667719,0.013400279971043,"violation",0,10050,1,0.000182358314524332,0.00498754668053816,0.00498754668053816,0,-0.000182358314524332,"max_iter reached without violation"
166,50,"forward",0.861594493296846,0.0275269587093166,0.466476151587624,0.0707106781186548,0.0564033960160784,0.0288764373067617,"violation in forward orientation",1,0.897586206896552,1,50,0.861594493296846,0.0275269587093166,0.466476151587624,0.0707106781186548,0.0564033960160784,0.0288764373067617,"violation at burn-in",1,100,0.0588310525346864,0.827104455396434,0.14,0.458257569495584,0.855637817321197,0.0285333619247627,"violation"
167,160,"forward",0.761288001011107,0.0889840203618663,0.474958879799083,0.20453835214942,0.0972835296428968,0.00829950928103043,"violation in forward orientation",1,0.897586206896552,1,160,0.761288001011107,0.0889840203618663,0.474958879799083,0.20453835214942,0.0972835296428968,0.00829950928103043,"violation",0,10050,1,0.000182358314524332,0.00498754668053816,0.00498754668053816,0,-0.000182358314524332,"max_iter reached without violation"
168,820,"reverse",0.0989422581055306,0.678532901160711,0.258407123591636,0.483325469860203,0.75721802327424,0.078685122113529,"violation in reverse orientation",1,0.897586206896552,0,10050,0.000182358314524332,1,0.00498754668053816,0.00498754668053816,0.999542552273042,-0.000457447726958327,"max_iter reached without violation",1,820,0.0989422581055306,0.678532901160711,0.258407123591636,0.483325469860203,0.75721802327424,0.078685122113529,"violation"
169,170,"reverse",0.101047620659349,0.73870751044869,0.223916074243227,0.481347589305383,0.752052151393999,0.0133446409453097,"violation in reverse orientation",1,0.897586206896552,1,220,0.7278130087087,0.110041851817653,0.481045692920835,0.24410402876541,0.110926337075349,0.000884485257695966,"violation",1,170,0.101047620659349,0.73870751044869,0.223916074243227,0.481347589305383,0.752052151393999,0.0133446409453097,"violation"
170,170,"reverse",0.117558191789263,0.699618093282462,0.246006160780312,0.491061980316243,0.711540603883074,0.0119225106006127,"violation in reverse orientation",1,0.897586206896552,1,270,0.71301651674269,0.114536257900385,0.482903881866863,0.255770172898067,0.116956680226574,0.00242042232618926,"violation",1,170,0.117558191789263,0.699618093282462,0.246006160780312,0.491061980316243,0.711540603883074,0.0119225106006127,"violation"
171,820,"forward",0.669035831389363,0.104646856667423,0.485805353167267,0.266320355636391,0.134881106186175,0.0302342495187527,"violation in forward orientation",1,0.897586206896552,1,820,0.669035831389363,0.104646856667423,0.485805353167267,0.266320355636391,0.134881106186175,0.0302342495187527,"violation",0,10050,1,0.000182358314524332,0.00498754668053816,0.00498754668053816,0,-0.000182358314524332,"max_iter reached without violation"
172,160,"reverse",0.059527310361458,0.812592559593228,0.15612494995996,0.452596674755792,0.853929428083346,0.0413368684901179,"violation in reverse orientation",1,0.897586206896552,1,310,0.676205017085355,0.128755224558792,0.490545365346631,0.27719420721214,0.131959288639084,0.00320406408029192,"violation",1,160,0.059527310361458,0.812592559593228,0.15612494995996,0.452596674755792,0.853929428083346,0.0413368684901179,"violation"
173,170,"reverse",0.0925546506561992,0.771563616971373,0.211764705882353,0.469999631892663,0.77289112510873,0.00132750813735694,"violation in reverse orientation",1,0.897586206896552,0,10050,0.000182358314524332,1,0.00498754668053816,0.00498754668053816,0.999542552273042,-0.000457447726958327,"max_iter reached without violation",1,170,0.0925546506561992,0.771563616971373,0.211764705882353,0.469999631892663,0.77289112510873,0.00132750813735694,"violation"
174,160,"forward",0.743812550300503,0.0889840203618663,0.480722113075735,0.20453835214942,0.104405688378179,0.0154216680163125,"violation in forward orientation",1,0.897586206896552,1,160,0.743812550300503,0.0889840203618663,0.480722113075735,0.20453835214942,0.104405688378179,0.0154216680163125,"violation",0,10050,1,0.000182358314524332,0.00498754668053816,0.00498754668053816,0,-0.000182358314524332,"max_iter reached without violation"
175,160,"forward",0.784304934308671,0.0697287809828361,0.465991885658967,0.173992636338438,0.0879029273763598,0.0181741463935237,"violation in forward orientation",1,0.897586206896552,1,160,0.784304934308671,0.0697287809828361,0.465991885658967,0.173992636338438,0.0879029273763598,0.0181741463935237,"violation",1,290,0.115700458686236,0.711625340726366,0.259171826539497,0.482524573807574,0.716098873992188,0.00447353326582212,"violation"
176,80,"forward",0.763126767493411,0.0962393665961732,0.487179381747627,0.189983551919633,0.096534136280691,0.00029476968451779,"violation in forward orientation",1,0.897586206896552,1,80,0.763126767493411,0.0962393665961732,0.487179381747627,0.189983551919633,0.096534136280691,0.00029476968451779,"violation",1,170,0.0925546506561992,0.771563616971373,0.211764705882353,0.469999631892663,0.77289112510873,0.00132750813735694,"violation"
177,270,"forward",0.716545906811284,0.109740133091011,0.481894409826699,0.249443825784929,0.115518269468332,0.00577813637732146,"violation in forward orientation",1,0.897586206896552,1,270,0.716545906811284,0.109740133091011,0.481894409826699,0.249443825784929,0.115518269468332,0.00577813637732146,"violation",0,10050,1,0.000182358314524332,0.00498754668053816,0.00498754668053816,0,-0.000182358314524332,"max_iter reached without violation"
178,400,"reverse",0.122115439724191,0.697115263891067,0.275124971603815,0.483470526506012,0.70035860631423,0.00324334242316326,"violation in reverse orientation",1,0.897586206896552,0,10050,0.000182358314524332,1,0.00498754668053816,0.00498754668053816,0.999542552273042,-0.000457447726958327,"max_iter reached without violation",1,400,0.122115439724191,0.697115263891067,0.275124971603815,0.483470526506012,0.70035860631423,0.00324334242316326,"violation"
179,130,"forward",0.852485120110659,0.0597612595306729,0.43521062030202,0.15014785612264,0.0601159412823116,0.000354681751638719,"violation in forward orientation",1,0.897586206896552,1,130,0.852485120110659,0.0597612595306729,0.43521062030202,0.15014785612264,0.0601159412823116,0.000354681751638719,"violation",1,200,0.120740502382309,0.702216616898356,0.255147016443461,0.488850692952357,0.70373225335599,0.00151563645763331,"violation"
180,50,"forward",0.844410079701748,0.0275269587093166,0.47370877129308,0.0707106781186548,0.063406941928789,0.0358799832194724,"violation in forward orientation",1,0.897586206896552,1,50,0.844410079701748,0.0275269587093166,0.47370877129308,0.0707106781186548,0.063406941928789,0.0358799832194724,"violation at burn-in",1,480,0.119964466890261,0.687151249190533,0.276385399196283,0.48465605645195,0.70563639092088,0.0184851417303471,"violation"
181,90,"forward",0.78418865915957,0.0857374138515052,0.478681316189734,0.17950549357115,0.0879503155715247,0.00221290172001949,"violation in forward orientation",1,0.897586206896552,1,90,0.78418865915957,0.0857374138515052,0.478681316189734,0.17950549357115,0.0879503155715247,0.00221290172001949,"violation",1,460,0.135391298400377,0.661961871105326,0.294113643918048,0.490765383483502,0.667783986376693,0.00582211527136678,"violation"
182,300,"forward",0.753567778715445,0.0990444707841176,0.467748745470139,0.237486841740758,0.100429923379569,0.00138545259545175,"violation in forward orientation",1,0.897586206896552,1,300,0.753567778715445,0.0990444707841176,0.467748745470139,0.237486841740758,0.100429923379569,0.00138545259545175,"violation",1,480,0.112433930079456,0.699208189284869,0.266723626729159,0.48131312717283,0.724113868010753,0.024905678725884,"violation"
183,50,"forward",0.808956080708089,0.0745005976726397,0.485386443980464,0.14,0.0778562979319588,0.00335570025931907,"violation in forward orientation",1,0.897586206896552,1,50,0.808956080708089,0.0745005976726397,0.485386443980464,0.14,0.0778562979319588,0.00335570025931907,"violation at burn-in",0,10050,1,0.000182358314524332,0.00498754668053816,0.00498754668053816,0,-0.000182358314524332,"max_iter reached without violation"
184,160,"reverse",0.0981989126966759,0.720240586751941,0.217944947177034,0.487179381747627,0.7590419500549,0.0388013633029589,"violation in reverse orientation",1,0.897586206896552,1,230,0.74900230310837,0.0995119632962558,0.473414177002303,0.230926464780687,0.102290593099287,0.00277862980303144,"violation",1,160,0.0981989126966759,0.720240586751941,0.217944947177034,0.487179381747627,0.7590419500549,0.0388013633029589,"violation"
185,150,"forward",0.705373739899249,0.114168344935517,0.491211653861031,0.237486841740758,0.120071510897252,0.00590316596173573,"violation in forward orientation",1,0.897586206896552,1,150,0.705373739899249,0.114168344935517,0.491211653861031,0.237486841740758,0.120071510897252,0.00590316596173573,"violation",1,330,0.13241437867209,0.665306297402204,0.283118537930216,0.492216739496896,0.675088374823327,0.00978207742112369,"violation"
186,170,"reverse",0.101047620659349,0.749728225426273,0.223916074243227,0.477884612037409,0.752052151393999,0.00232392596772657,"violation in reverse orientation",1,0.897586206896552,1,820,0.649976950688651,0.1215733643367,0.490145300119292,0.288266991550556,0.142648595329383,0.0210752309926826,"violation",1,170,0.101047620659349,0.749728225426273,0.223916074243227,0.477884612037409,0.752052151393999,0.00232392596772657,"violation"
187,870,"forward",0.640851914846303,0.146116651760873,0.491685392335722,0.31755981020256,0.146367523945908,0.000250872185034667,"violation in forward orientation",1,0.897586206896552,1,870,0.640851914846303,0.146116651760873,0.491685392335722,0.31755981020256,0.146367523945908,0.000250872185034667,"violation",1,1390,0.130548387078729,0.647832262004577,0.306599765121009,0.48837423552406,0.679666908569654,0.031834646565077,"violation"
188,310,"forward",0.651109829022673,0.140700412613107,0.494937955308116,0.291199392802194,0.142186888249189,0.00148647563608204,"violation in forward orientation",1,0.897586206896552,1,310,0.651109829022673,0.140700412613107,0.494937955308116,0.291199392802194,0.142186888249189,0.00148647563608204,"violation",0,10050,1,0.000182358314524332,0.00498754668053816,0.00498754668053816,0,-0.000182358314524332,"max_iter reached without violation"
189,50,"forward",0.790712364249548,0.0745005976726397,0.489897948556636,0.14,0.0852915650784802,0.0107909674058405,"violation in forward orientation",1,0.897586206896552,1,50,0.790712364249548,0.0745005976726397,0.489897948556636,0.14,0.0852915650784802,0.0107909674058405,"violation at burn-in",1,100,0.0588310525346864,0.853138664440465,0.14,0.443959457608462,0.855637817321197,0.00249915288073166,"violation"
190,10050,"reverse",1,0.000182358314524332,0.00498754668053816,0.00498754668053816,0,-0.000182358314524332,"max_iter reached without violation in either orientation",0,0.897586206896552,0,10050,0.000182358314524332,1,0.00498754668053816,0.00498754668053816,0.999542552273042,-0.000457447726958327,"max_iter reached without violation",0,10050,1,0.000182358314524332,0.00498754668053816,0.00498754668053816,0,-0.000182358314524332,"max_iter reached without violation"
191,820,"forward",0.674974061260537,0.117365822756931,0.484279947160619,0.283010921060688,0.132460967418399,0.0150951446614687,"violation in forward orientation",1,0.897586206896552,1,820,0.674974061260537,0.117365822756931,0.484279947160619,0.283010921060688,0.132460967418399,0.0150951446614687,"violation",0,10050,1,0.000182358314524332,0.00498754668053816,0.00498754668053816,0,-0.000182358314524332,"max_iter reached without violation"
192,80,"reverse",0.0732709191287605,0.797470093848425,0.15612494995996,0.476969600708473,0.820207102237247,0.0227370083888225,"violation in reverse orientation",1,0.897586206896552,1,120,0.740129479481555,0.105343859519633,0.486198404860494,0.217944947177034,0.105906732067422,0.000562872547789084,"violation",1,80,0.0732709191287605,0.797470093848425,0.15612494995996,0.476969600708473,0.820207102237247,0.0227370083888225,"violation"
193,480,"reverse",0.0945819611471967,0.705219308125957,0.242061459137964,0.479510746027193,0.767916767490862,0.0626974593649045,"violation in reverse orientation",1,0.897586206896552,1,500,0.70245551518268,0.120092497711045,0.48,0.277387815161373,0.121260839859396,0.00116834214835124,"violation",1,480,0.0945819611471967,0.705219308125957,0.242061459137964,0.479510746027193,0.767916767490862,0.0626974593649045,"violation"
194,70,"forward",0.77493133917732,0.083553645447262,0.486763572497166,0.166598625567009,0.091723156882958,0.008169511435696,"violation in forward orientation",1,0.897586206896552,1,70,0.77493133917732,0.083553645447262,0.486763572497166,0.166598625567009,0.091723156882958,0.008169511435696,"violation",1,820,0.0830571536351127,0.6880079544399,0.234755305668604,0.48063480480086,0.796194879944171,0.108186925504271,"violation"
195,60,"forward",0.834450982045784,0.0622317713624084,0.471404520791032,0.12801909579781,0.0674657942891979,0.00523402292678942,"violation in forward orientation",1,0.897586206896552,1,60,0.834450982045784,0.0622317713624084,0.471404520791032,0.12801909579781,0.0674657942891979,0.00523402292678942,"violation",0,10050,1,0.000182358314524332,0.00498754668053816,0.00498754668053816,0,-0.000182358314524332,"max_iter reached without violation"
196,480,"forward",0.673027388516018,0.129910692876983,0.488122821520249,0.28855482821968,0.133254338217339,0.00334364534035592,"violation in forward orientation",1,0.897586206896552,1,480,0.673027388516018,0.129910692876983,0.488122821520249,0.28855482821968,0.133254338217339,0.00334364534035592,"violation",1,820,0.108903540448088,0.667847166727406,0.272046904308728,0.486100681644065,0.73277629077965,0.0649291240522449,"violation"
197,200,"reverse",0.107228463914977,0.721276415184159,0.237486841740758,0.484122918275927,0.736886381340516,0.0156099661563566,"violation in reverse orientation",1,0.897586206896552,1,320,0.690233765205462,0.124844446215872,0.487179381747627,0.27321866242993,0.126241841196767,0.00139739498089492,"violation",1,200,0.107228463914977,0.721276415184159,0.237486841740758,0.484122918275927,0.736886381340516,0.0156099661563566,"violation"
198,130,"forward",0.741478838888317,0.0974169204747038,0.484615384615385,0.209818179953628,0.105356797645412,0.0079398771707079,"violation in forward orientation",1,0.897586206896552,1,130,0.741478838888317,0.0974169204747038,0.484615384615385,0.209818179953628,0.105356797645412,0.0079398771707079,"violation",0,10050,1,0.000182358314524332,0.00498754668053816,0.00498754668053816,0,-0.000182358314524332,"max_iter reached without violation"
199,50,"reverse",0.0275269587093166,0.894790769027509,0.0707106781186548,0.448998886412873,0.932447836448594,0.0376570674210854,"violation in reverse orientation",1,0.897586206896552,0,10050,0.000182358314524332,1,0.00498754668053816,0.00498754668053816,0.999542552273042,-0.000457447726958327,"max_iter reached without violation",1,50,0.0275269587093166,0.894790769027509,0.0707106781186548,0.448998886412873,0.932447836448594,0.0376570674210854,"violation at burn-in"
200,430,"reverse",0.119490670372902,0.699724539147524,0.273441302704764,0.482108223994416,0.706798932784058,0.00707439363653406,"violation in reverse orientation",1,0.897586206896552,0,10050,0.000182358314524332,1,0.00498754668053816,0.00498754668053816,0.999542552273042,-0.000457447726958327,"max_iter reached without violation",1,430,0.119490670372902,0.699724539147524,0.273441302704764,0.482108223994416,0.706798932784058,0.00707439363653406,"violation"
201,230,"forward",0.70787152996874,0.116927763884771,0.486023951738509,0.254412849362223,0.119053531008955,0.00212576712418409,"violation in forward orientation",1,0.897586206896552,1,230,0.70787152996874,0.116927763884771,0.486023951738509,0.254412849362223,0.119053531008955,0.00212576712418409,"violation",1,480,0.0945819611471967,0.691175327954928,0.242061459137964,0.483580217119031,0.767916767490862,0.0767414395359338,"violation"
202,50,"forward",0.878395081610861,0.0275269587093166,0.458257569495584,0.0707106781186548,0.0495562789488238,0.0220293202395072,"violation in forward orientation",1,0.897586206896552,1,50,0.878395081610861,0.0275269587093166,0.458257569495584,0.0707106781186548,0.0495562789488238,0.0220293202395072,"violation at burn-in",0,10050,1,0.000182358314524332,0.00498754668053816,0.00498754668053816,0,-0.000182358314524332,"max_iter reached without violation"
203,100,"forward",0.809383999631981,0.0773148667427289,0.466476151587624,0.17058722109232,0.077681898624481,0.00036703188175212,"violation in forward orientation",1,0.897586206896552,1,100,0.809383999631981,0.0773148667427289,0.466476151587624,0.17058722109232,0.077681898624481,0.00036703188175212,"violation",1,280,0.0965495261969029,0.757859129874999,0.232115382989599,0.467024886807929,0.763089005666948,0.00522987579194878,"violation"
204,140,"reverse",0.0794670791069046,0.801618343752262,0.185576872239523,0.461309139784786,0.805003749950718,0.0033854061984564,"violation in reverse orientation",1,0.897586206896552,0,10050,0.000182358314524332,1,0.00498754668053816,0.00498754668053816,0.999542552273042,-0.000457447726958327,"max_iter reached without violation",1,140,0.0794670791069046,0.801618343752262,0.185576872239523,0.461309139784786,0.805003749950718,0.0033854061984564,"violation"
205,480,"reverse",0.109908947872479,0.703216899623175,0.263391343821318,0.480121331598124,0.730309349429131,0.027092449805956,"violation in reverse orientation",1,0.897586206896552,1,480,0.668980815745437,0.117461425577544,0.489028941429396,0.27321866242993,0.134903527934001,0.0174421023564567,"violation",1,480,0.109908947872479,0.703216899623175,0.263391343821318,0.480121331598124,0.730309349429131,0.027092449805956,"violation"
206,100,"forward",0.763912853250174,0.0943521513629653,0.482804308182932,0.195959179422654,0.0962137652852914,0.00186161392232603,"violation in forward orientation",1,0.897586206896552,1,100,0.763912853250174,0.0943521513629653,0.482804308182932,0.195959179422654,0.0962137652852914,0.00186161392232603,"violation",1,570,0.138843279304395,0.658389270595402,0.302325041804042,0.490252791244342,0.659313953008401,0.000924682412999145,"violation"
207,10050,"reverse",1,0.000182358314524332,0.00498754668053816,0.00498754668053816,0,-0.000182358314524332,"max_iter reached without violation in either orientation",0,0.897586206896552,0,10050,0.000182358314524332,1,0.00498754668053816,0.00498754668053816,0.999542552273042,-0.000457447726958327,"max_iter reached without violation",0,10050,1,0.000182358314524332,0.00498754668053816,0.00498754668053816,0,-0.000182358314524332,"max_iter reached without violation"
208,230,"forward",0.74900230310837,0.0995119632962558,0.473414177002303,0.230926464780687,0.102290593099287,0.00277862980303144,"violation in forward orientation",1,0.897586206896552,1,230,0.74900230310837,0.0995119632962558,0.473414177002303,0.230926464780687,0.102290593099287,0.00277862980303144,"violation",0,10050,1,0.000182358314524332,0.00498754668053816,0.00498754668053816,0,-0.000182358314524332,"max_iter reached without violation"
209,460,"reverse",0.135391298400377,0.659844532150737,0.294113643918048,0.491184094556004,0.667783986376693,0.00793945422595632,"violation in reverse orientation",1,0.897586206896552,1,1390,0.64359289249767,0.0983441457802435,0.489301726225022,0.265412054778993,0.145250432418703,0.04690628663846,"violation",1,460,0.135391298400377,0.659844532150737,0.294113643918048,0.491184094556004,0.667783986376693,0.00793945422595632,"violation"
210,60,"reverse",0.0622317713624083,0.819765062450468,0.12801909579781,0.476969600708473,0.847293564340696,0.0275285018902282,"violation in reverse orientation",1,0.897586206896552,1,210,0.780313616019265,0.0890029667096959,0.462297329498752,0.21295885499998,0.0895295980065448,0.000526631296848878,"violation",1,60,0.0622317713624083,0.819765062450468,0.12801909579781,0.476969600708473,0.847293564340696,0.0275285018902282,"violation"
211,300,"reverse",0.120409059503292,0.693397214688188,0.266061814037432,0.486986196473325,0.70454550589794,0.011148291209752,"violation in reverse orientation",1,0.897586206896552,0,10050,0.000182358314524332,1,0.00498754668053816,0.00498754668053816,0.999542552273042,-0.000457447726958327,"max_iter reached without violation",1,300,0.120409059503292,0.693397214688188,0.266061814037432,0.486986196473325,0.70454550589794,0.011148291209752,"violation"
212,570,"forward",0.709357331248112,0.116199993404434,0.47669284936711,0.275058403378835,0.118447989398841,0.00224799599440723,"violation in forward orientation",1,0.897586206896552,1,570,0.709357331248112,0.116199993404434,0.47669284936711,0.275058403378835,0.118447989398841,0.00224799599440723,"violation",1,820,0.10606774922896,0.657134041465374,0.268248333363269,0.48861365878885,0.739734395971821,0.0826003545064466,"violation"
213,50,"reverse",0.0275269587093166,0.910755917550709,0.0707106781186548,0.438634243989226,0.932447836448594,0.021691918897885,"violation in reverse orientation",1,0.897586206896552,1,190,0.664224404397245,0.133893988942866,0.495995040632878,0.2696565991042,0.136842013938918,0.00294802499605212,"violation",1,50,0.0275269587093166,0.910755917550709,0.0707106781186548,0.438634243989226,0.932447836448594,0.021691918897885,"violation at burn-in"
214,180,"forward",0.744522316204202,0.10344541255513,0.478681316189734,0.229061423645426,0.104116421708338,0.00067100915320796,"violation in forward orientation",1,0.897586206896552,1,180,0.744522316204202,0.10344541255513,0.478681316189734,0.229061423645426,0.104116421708338,0.00067100915320796,"violation",1,280,0.101256746636353,0.737727502664882,0.238805488262916,0.474664220738176,0.751539024568373,0.0138115219034909,"violation"
215,70,"forward",0.707263868466017,0.109699356023279,0.498159879261791,0.202534955410826,0.119301184803491,0.0096018287802125,"violation in forward orientation",1,0.897586206896552,1,70,0.707263868466017,0.109699356023279,0.498159879261791,0.202534955410826,0.119301184803491,0.0096018287802125,"violation",1,480,0.0893962518437228,0.711218687002905,0.234372685173754,0.477619785731519,0.780640803938329,0.0694221169354239,"violation"
216,2360,"reverse",0.104229235096302,0.630543768024496,0.279762436669016,0.490325647055988,0.744245509006533,0.113701740982037,"violation in reverse orientation",1,0.897586206896552,0,10050,0.000182358314524332,1,0.00498754668053816,0.00498754668053816,0.999542552273042,-0.000457447726958327,"max_iter reached without violation",1,2360,0.104229235096302,0.630543768024496,0.279762436669016,0.490325647055988,0.744245509006533,0.113701740982037,"violation"
217,100,"forward",0.809383999631981,0.0773148667427289,0.466476151587624,0.17058722109232,0.077681898624481,0.00036703188175212,"violation in forward orientation",1,0.897586206896552,1,100,0.809383999631981,0.0773148667427289,0.466476151587624,0.17058722109232,0.077681898624481,0.00036703188175212,"violation",0,10050,1,0.000182358314524332,0.00498754668053816,0.00498754668053816,0,-0.000182358314524332,"max_iter reached without violation"
218,180,"forward",0.713032290883364,0.111190471612539,0.487498021521785,0.239534012636779,0.116950251440521,0.0057597798279823,"violation in forward orientation",1,0.897586206896552,1,180,0.713032290883364,0.111190471612539,0.487498021521785,0.239534012636779,0.116950251440521,0.0057597798279823,"violation",1,320,0.0970827721544414,0.758532242134523,0.236325219506933,0.464764305185973,0.76178059429984,0.0032483521653166,"violation"
219,50,"forward",0.753238465893973,0.0745005976726397,0.496386945839634,0.14,0.100564135551085,0.026063537878445,"violation in forward orientation",1,0.897586206896552,1,50,0.753238465893973,0.0745005976726397,0.496386945839634,0.14,0.100564135551085,0.026063537878445,"violation at burn-in",1,4000,0.100198234124367,0.628696217072247,0.279253357186624,0.489380986553421,0.754136268454293,0.125440051382047,"violation"
220,60,"forward",0.727070094348715,0.097223697165837,0.49749371855331,0.17950549357115,0.111229113472145,0.014005416306308,"violation in forward orientation",1,0.897586206896552,1,60,0.727070094348715,0.097223697165837,0.49749371855331,0.17950549357115,0.111229113472145,0.014005416306308,"violation",1,820,0.103223908000592,0.671412143926633,0.26437269314441,0.485204961689701,0.746712253256711,0.0753001093300776,"violation"
221,160,"reverse",0.116032322209533,0.702364781968423,0.242061459137964,0.491132301421928,0.715284589326599,0.0129198073581758,"violation in reverse orientation",1,0.897586206896552,1,370,0.722464359433333,0.11178574088804,0.476542514833797,0.260092134038034,0.113106190962345,0.00132045007430501,"violation",1,160,0.116032322209533,0.702364781968423,0.242061459137964,0.491132301421928,0.715284589326599,0.0129198073581758,"violation"
222,90,"forward",0.814207428738857,0.0652551788198453,0.46732757432918,0.147405546238018,0.0757160993832229,0.0104609205633776,"violation in forward orientation",1,0.897586206896552,1,90,0.814207428738857,0.0652551788198453,0.46732757432918,0.147405546238018,0.0757160993832229,0.0104609205633776,"violation",1,100,0.0943521513629653,0.763912853250174,0.195959179422654,0.482804308182932,0.768480645621976,0.00456779237180194,"violation"
223,10050,"reverse",1,0.000182358314524332,0.00498754668053816,0.00498754668053816,0,-0.000182358314524332,"max_iter reached without violation in either orientation",0,0.897586206896552,0,10050,0.000182358314524332,1,0.00498754668053816,0.00498754668053816,0.999542552273042,-0.000457447726958327,"max_iter reached without violation",0,10050,1,0.000182358314524332,0.00498754668053816,0.00498754668053816,0,-0.000182358314524332,"max_iter reached without violation"
224,70,"reverse",0.0534488391899587,0.851237844761596,0.118666055184544,0.458257569495584,0.868844010487575,0.0176061657259791,"violation in reverse orientation",1,0.897586206896552,1,1390,0.647125930988827,0.116146552900151,0.488531588206256,0.289147779846457,0.143810534737746,0.0276639818375951,"violation",1,70,0.0534488391899587,0.851237844761596,0.118666055184544,0.458257569495584,0.868844010487575,0.0176061657259791,"violation"
225,280,"forward",0.707190466552719,0.101256746636353,0.484122918275927,0.238805488262916,0.119331099916219,0.0180743532798663,"violation in forward orientation",1,0.897586206896552,1,280,0.707190466552719,0.101256746636353,0.484122918275927,0.238805488262916,0.119331099916219,0.0180743532798663,"violation",0,10050,1,0.000182358314524332,0.00498754668053816,0.00498754668053816,0,-0.000182358314524332,"max_iter reached without violation"
226,110,"reverse",0.100621191018396,0.738322459515152,0.208298895225265,0.487954069102532,0.753098470417345,0.0147760109021934,"violation in reverse orientation",1,0.897586206896552,1,480,0.681105666539311,0.114951331779512,0.486198404860494,0.269998713988707,0.129962018073933,0.0150106862944203,"violation",1,110,0.100621191018396,0.738322459515152,0.208298895225265,0.487954069102532,0.753098470417345,0.0147760109021934,"violation"
227,70,"forward",0.838923452768525,0.0534488391899586,0.464230765979198,0.118666055184544,0.0656430289165753,0.0121941897266167,"violation in forward orientation",1,0.897586206896552,1,70,0.838923452768525,0.0534488391899586,0.464230765979198,0.118666055184544,0.0656430289165753,0.0121941897266167,"violation",1,310,0.124735215110324,0.69177391178497,0.272289403486034,0.487086092598113,0.693930533403354,0.00215662161838404,"violation"
228,4000,"forward",0.647462409566776,0.0822944377809376,0.485013144151785,0.253028530999964,0.143673402146269,0.0613789643653315,"violation in forward orientation",1,0.897586206896552,1,4000,0.647462409566776,0.0822944377809376,0.485013144151785,0.253028530999964,0.143673402146269,0.0613789643653315,"violation",0,10050,1,0.000182358314524332,0.00498754668053816,0.00498754668053816,0,-0.000182358314524332,"max_iter reached without violation"
229,170,"reverse",0.0838650680721801,0.776978286940161,0.198698185341818,0.467822756487849,0.794212521863128,0.0172342349229665,"violation in reverse orientation",1,0.897586206896552,0,10050,0.000182358314524332,1,0.00498754668053816,0.00498754668053816,0.999542552273042,-0.000457447726958327,"max_iter reached without violation",1,170,0.0838650680721801,0.776978286940161,0.198698185341818,0.467822756487849,0.794212521863128,0.0172342349229665,"violation"
230,140,"forward",0.749171989719324,0.101384098296982,0.481229293220042,0.217944947177034,0.102221436944263,0.000837338647281152,"violation in forward orientation",1,0.897586206896552,1,140,0.749171989719324,0.101384098296982,0.481229293220042,0.217944947177034,0.102221436944263,0.000837338647281152,"violation",1,360,0.125100117566981,0.692815734736115,0.276385399196283,0.48552345431643,0.693035181989197,0.00021944725308165,"violation"
231,160,"reverse",0.0981989126966759,0.749657445752236,0.217944947177034,0.478890318862263,0.7590419500549,0.00938450430266458,"violation in reverse orientation",1,0.897586206896552,1,290,0.757265157620995,0.0978557323723489,0.466741684701305,0.234913397658636,0.098923048397865,0.00106731602551619,"violation",1,160,0.0981989126966759,0.749657445752236,0.217944947177034,0.478890318862263,0.7590419500549,0.00938450430266458,"violation"
232,470,"forward",0.694396465937978,0.122443288580358,0.482861547319295,0.27903993720434,0.124545323271397,0.00210203469103865,"violation in forward orientation",1,0.897586206896552,1,470,0.694396465937978,0.122443288580358,0.482861547319295,0.27903993720434,0.124545323271397,0.00210203469103865,"violation",0,10050,1,0.000182358314524332,0.00498754668053816,0.00498754668053816,0,-0.000182358314524332,"max_iter reached without violation"
233,90,"forward",0.78418865915957,0.0417124095892457,0.478681316189734,0.104822012578407,0.0879503155715247,0.046237905982279,"violation in forward orientation",1,0.897586206896552,1,90,0.78418865915957,0.0417124095892457,0.478681316189734,0.104822012578407,0.0879503155715247,0.046237905982279,"violation",0,10050,1,0.000182358314524332,0.00498754668053816,0.00498754668053816,0,-0.000182358314524332,"max_iter reached without violation"
234,10050,"reverse",1,0.000182358314524332,0.00498754668053816,0.00498754668053816,0,-0.000182358314524332,"max_iter reached without violation in either orientation",0,0.897586206896552,0,10050,0.000182358314524332,1,0.00498754668053816,0.00498754668053816,0.999542552273042,-0.000457447726958327,"max_iter reached without violation",0,10050,1,0.000182358314524332,0.00498754668053816,0.00498754668053816,0,-0.000182358314524332,"max_iter reached without violation"
235,60,"forward",0.789716484604452,0.0622317713624084,0.486198404860494,0.12801909579781,0.0856974380388442,0.0234656666764357,"violation in forward orientation",1,0.897586206896552,1,60,0.789716484604452,0.0622317713624084,0.486198404860494,0.12801909579781,0.0856974380388442,0.0234656666764357,"violation",0,10050,1,0.000182358314524332,0.00498754668053816,0.00498754668053816,0,-0.000182358314524332,"max_iter reached without violation"
236,90,"forward",0.78418865915957,0.0857374138515052,0.478681316189734,0.17950549357115,0.0879503155715247,0.00221290172001949,"violation in forward orientation",1,0.897586206896552,1,90,0.78418865915957,0.0857374138515052,0.478681316189734,0.17950549357115,0.0879503155715247,0.00221290172001949,"violation",0,10050,1,0.000182358314524332,0.00498754668053816,0.00498754668053816,0,-0.000182358314524332,"max_iter reached without violation"
237,370,"forward",0.657342291354883,0.138266495811533,0.492930296872562,0.292654159833888,0.139646834388677,0.00138033857714373,"violation in forward orientation",1,0.897586206896552,1,370,0.657342291354883,0.138266495811533,0.492930296872562,0.292654159833888,0.139646834388677,0.00138033857714373,"violation",0,10050,1,0.000182358314524332,0.00498754668053816,0.00498754668053816,0,-0.000182358314524332,"max_iter reached without violation"
238,200,"forward",0.67330885908128,0.120740502382309,0.49434299833213,0.255147016443461,0.133139624263559,0.0123991218812499,"violation in forward orientation",1,0.897586206896552,1,200,0.67330885908128,0.120740502382309,0.49434299833213,0.255147016443461,0.133139624263559,0.0123991218812499,"violation",0,10050,1,0.000182358314524332,0.00498754668053816,0.00498754668053816,0,-0.000182358314524332,"max_iter reached without violation"
239,280,"reverse",0.067220023482452,0.730976034254487,0.185576872239523,0.476969600708473,0.835054023311646,0.104077989057159,"violation in reverse orientation",1,0.897586206896552,1,600,0.661989308954718,0.135970129725,0.489205705426891,0.3,0.137752932048773,0.00178280232377381,"violation",1,280,0.067220023482452,0.730976034254487,0.185576872239523,0.476969600708473,0.835054023311646,0.104077989057159,"violation"
240,70,"forward",0.77493133917732,0.083553645447262,0.486763572497166,0.166598625567009,0.091723156882958,0.008169511435696,"violation in forward orientation",1,0.897586206896552,1,70,0.77493133917732,0.083553645447262,0.486763572497166,0.166598625567009,0.091723156882958,0.008169511435696,"violation",1,300,0.11194792501412,0.725253996248709,0.255147016443461,0.478005113873156,0.725306365662107,5.23694133980346e-05,"violation"
241,420,"forward",0.710331761598603,0.116461496174487,0.479157423749955,0.269068688597677,0.118050858146114,0.0015893619716269,"violation in forward orientation",1,0.897586206896552,1,420,0.710331761598603,0.116461496174487,0.479157423749955,0.269068688597677,0.118050858146114,0.0015893619716269,"violation",1,2360,0.089256476248464,0.658082054273773,0.258544030679607,0.483903314112221,0.780983767584083,0.122901713310311,"violation"
242,80,"reverse",0.0732709191287605,0.808698556974645,0.15612494995996,0.472857007984443,0.820207102237247,0.0115085452626027,"violation in reverse orientation",1,0.897586206896552,1,250,0.718330289562284,0.113065392884655,0.482261339939249,0.251745903640953,0.114791040316559,0.00172564743190494,"violation",1,80,0.0732709191287605,0.808698556974645,0.15612494995996,0.472857007984443,0.820207102237247,0.0115085452626027,"violation"
243,110,"reverse",0.0704096779402481,0.805174551389589,0.162877026065172,0.4657704893618,0.827227653339724,0.0220531019501355,"violation in reverse orientation",1,0.897586206896552,1,280,0.737727502664882,0.091798967420613,0.474664220738176,0.225170003802116,0.106885663051814,0.0150866956312005,"violation",1,110,0.0704096779402481,0.805174551389589,0.162877026065172,0.4657704893618,0.827227653339724,0.0220531019501355,"violation"
244,280,"forward",0.727592798380722,0.101256746636353,0.478078103942638,0.238805488262916,0.111016084283417,0.00975933764706423,"violation in forward orientation",1,0.897586206896552,1,280,0.727592798380722,0.101256746636353,0.478078103942638,0.238805488262916,0.111016084283417,0.00975933764706423,"violation",1,820,0.11314285454695,0.677346964244183,0.277607158916583,0.483646913258363,0.72237439897479,0.0450274347306071,"violation"
245,150,"forward",0.705373739899249,0.114168344935517,0.491211653861031,0.237486841740758,0.120071510897252,0.00590316596173573,"violation in forward orientation",1,0.897586206896552,1,150,0.705373739899249,0.114168344935517,0.491211653861031,0.237486841740758,0.120071510897252,0.00590316596173573,"violation",1,1390,0.10078658612765,0.674603460397595,0.268827079273647,0.481561045267185,0.752692644854201,0.078089184456606,"violation"
246,100,"reverse",0.0375974353154573,0.878457767577596,0.099498743710662,0.427083130081252,0.90773817690519,0.0292804093275938,"violation in reverse orientation",1,0.897586206896552,0,10050,0.000182358314524332,1,0.00498754668053816,0.00498754668053816,0.999542552273042,-0.000457447726958327,"max_iter reached without violation",1,100,0.0375974353154573,0.878457767577596,0.099498743710662,0.427083130081252,0.90773817690519,0.0292804093275938,"violation"
247,10050,"reverse",1,0.000182358314524332,0.00498754668053816,0.00498754668053816,0,-0.000182358314524332,"max_iter reached without violation in either orientation",0,0.897586206896552,0,10050,0.000182358314524332,1,0.00498754668053816,0.00498754668053816,0.999542552273042,-0.000457447726958327,"max_iter reached without violation",0,10050,1,0.000182358314524332,0.00498754668053816,0.00498754668053816,0,-0.000182358314524332,"max_iter reached without violation"
248,110,"reverse",0.0704096779402481,0.821366620240471,0.162877026065172,0.458257569495584,0.827227653339724,0.00586103309925323,"violation in reverse orientation",1,0.897586206896552,0,10050,0.000182358314524332,1,0.00498754668053816,0.00498754668053816,0.999542552273042,-0.000457447726958327,"max_iter reached without violation",1,110,0.0704096779402481,0.821366620240471,0.162877026065172,0.458257569495584,0.827227653339724,0.00586103309925323,"violation"
249,50,"forward",0.808956080708089,0.0745005976726397,0.485386443980464,0.14,0.0778562979319588,0.00335570025931907,"violation in forward orientation",1,0.897586206896552,1,50,0.808956080708089,0.0745005976726397,0.485386443980464,0.14,0.0778562979319588,0.00335570025931907,"violation at burn-in",1,280,0.133240516801551,0.672807287117073,0.279941684889506,0.491963475498425,0.673061301754875,0.00025401463780117,"violation"
250,240,"reverse",0.112183847876025,0.713340172499471,0.249443825784929,0.484122918275927,0.724727488035538,0.0113873155360671,"violation in reverse orientation",1,0.897586206896552,0,10050,0.000182358314524332,1,0.00498754668053816,0.00498754668053816,0.999542552273042,-0.000457447726958327,"max_iter reached without violation",1,240,0.112183847876025,0.713340172499471,0.249443825784929,0.484122918275927,0.724727488035538,0.0113873155360671,"violation"
251,60,"reverse",0.0622317713624083,0.819765062450468,0.12801909579781,0.476969600708473,0.847293564340696,0.0275285018902282,"violation in reverse orientation",1,0.897586206896552,1,120,0.801457869427747,0.0789160685510231,0.465176191231762,0.17950549357115,0.080912210586439,0.00199614203541593,"violation",1,60,0.0622317713624083,0.819765062450468,0.12801909579781,0.476969600708473,0.847293564340696,0.0275285018902282,"violation"
252,120,"reverse",0.092409570158263,0.771119296036274,0.199826313471363,0.476969600708473,0.77324710525253,0.00212780921625666,"violation in reverse orientation",1,0.897586206896552,1,280,0.7242046079812,0.082150514883076,0.479157423749955,0.210411404595078,0.112396948803044,0.0302464339199679,"violation",1,120,0.092409570158263,0.771119296036274,0.199826313471363,0.476969600708473,0.77324710525253,0.00212780921625666,"violation"
253,210,"forward",0.708877621724827,0.115140645848919,0.486763572497166,0.249443825784929,0.118643496080084,0.00350285023116545,"violation in forward orientation",1,0.897586206896552,1,210,0.708877621724827,0.115140645848919,0.486763572497166,0.249443825784929,0.118643496080084,0.00350285023116545,"violation",0,10050,1,0.000182358314524332,0.00498754668053816,0.00498754668053816,0,-0.000182358314524332,"max_iter reached without violation"
254,450,"forward",0.724646415248883,0.111622274147112,0.47370877129308,0.264285666618996,0.11221688927022,0.0005946151231081,"violation in forward orientation",1,0.897586206896552,1,450,0.724646415248883,0.111622274147112,0.47370877129308,0.264285666618996,0.11221688927022,0.0005946151231081,"violation",1,820,0.0845147207971295,0.682088645357894,0.237034399118058,0.482341354881983,0.792618486319154,0.11052984096126,"violation"
255,130,"reverse",0.0974169204747039,0.75584479537799,0.209818179953629,0.480446045219298,0.760960703488947,0.00511590811095675,"violation in reverse orientation",1,0.897586206896552,1,160,0.720240586751941,0.0795152004044429,0.487179381747627,0.189983551919633,0.114012494455762,0.0344972940513194,"violation",1,130,0.0974169204747039,0.75584479537799,0.209818179953629,0.480446045219298,0.760960703488947,0.00511590811095675,"violation"
256,170,"forward",0.722051841118494,0.109374448441529,0.48596210711348,0.235294117647059,0.113274313717412,0.0038998652758834,"violation in forward orientation",1,0.897586206896552,1,170,0.722051841118494,0.109374448441529,0.48596210711348,0.235294117647059,0.113274313717412,0.0038998652758834,"violation",0,10050,1,0.000182358314524332,0.00498754668053816,0.00498754668053816,0,-0.000182358314524332,"max_iter reached without violation"
257,250,"forward",0.6054598737104,0.148735197989612,0.499743934430424,0.294591242232351,0.160791628886594,0.0120564308969822,"violation in forward orientation",1,0.897586206896552,1,250,0.6054598737104,0.148735197989612,0.499743934430424,0.294591242232351,0.160791628886594,0.0120564308969822,"violation",1,1390,0.10403544456456,0.656300998042833,0.273287564393876,0.486399041674462,0.74472100765961,0.0884200096167769,"violation"
258,280,"forward",0.700351209320513,0.119716448276641,0.485911199580284,0.263391343821318,0.122118454385403,0.00240200610876218,"violation in forward orientation",1,0.897586206896552,1,280,0.700351209320513,0.119716448276641,0.485911199580284,0.263391343821318,0.122118454385403,0.00240200610876218,"violation",1,400,0.119063700117049,0.704321470227133,0.271293199325011,0.481430161082581,0.70784657829975,0.00352510807261708,"violation"
259,90,"forward",0.843429898606731,0.0417124095892457,0.453246178986025,0.104822012578407,0.0638064169102149,0.0220940073209692,"violation in forward orientation",1,0.897586206896552,1,90,0.843429898606731,0.0417124095892457,0.453246178986025,0.104822012578407,0.0638064169102149,0.0220940073209692,"violation",1,160,0.107204222849119,0.720240586751941,0.230403857389585,0.487179381747627,0.73694586099652,0.0167052742445785,"violation"
260,50,"forward",0.694644991687999,0.116284945699819,0.5,0.195959179422654,0.124444036050211,0.00815909035039154,"violation in forward orientation",1,0.897586206896552,1,50,0.694644991687999,0.116284945699819,0.5,0.195959179422654,0.124444036050211,0.00815909035039154,"violation at burn-in",0,10050,1,0.000182358314524332,0.00498754668053816,0.00498754668053816,0,-0.000182358314524332,"max_iter reached without violation"
261,160,"reverse",0.059527310361458,0.790006592849108,0.15612494995996,0.463512405443479,0.853929428083346,0.0639228352342385,"violation in reverse orientation",1,0.897586206896552,1,820,0.692737110137828,0.0815965842987087,0.479209330451144,0.232447469966599,0.125221597411772,0.0436250131130634,"violation",1,160,0.059527310361458,0.790006592849108,0.15612494995996,0.463512405443479,0.853929428083346,0.0639228352342385,"violation"
262,110,"reverse",0.0859405919145952,0.788765722014423,0.187193275290673,0.472464962188592,0.789119864432295,0.000354142417871683,"violation in reverse orientation",1,0.897586206896552,1,280,0.693493076113908,0.124251730444613,0.487588296556404,0.269068688597677,0.12491350179986,0.000661771355247004,"violation",1,110,0.0859405919145952,0.788765722014423,0.187193275290673,0.472464962188592,0.789119864432295,0.000354142417871683,"violation"
263,140,"forward",0.722287757135399,0.111867868253534,0.488385511827762,0.232115382989599,0.113178165620953,0.00131029736741851,"violation in forward orientation",1,0.897586206896552,1,140,0.722287757135399,0.111867868253534,0.488385511827762,0.232115382989599,0.113178165620953,0.00131029736741851,"violation",0,10050,1,0.000182358314524332,0.00498754668053816,0.00498754668053816,0,-0.000182358314524332,"max_iter reached without violation"
264,100,"reverse",0.0773148667427289,0.791390072744453,0.17058722109232,0.47370877129308,0.810284575959634,0.0188945032151815,"violation in reverse orientation",1,0.897586206896552,1,180,0.68640620141015,0.1263411260298,0.493006648591635,0.258855505716039,0.127801773319324,0.001460647289524,"violation",1,100,0.0773148667427289,0.791390072744453,0.17058722109232,0.47370877129308,0.810284575959634,0.0188945032151815,"violation"
265,480,"reverse",0.109908947872479,0.69720189707813,0.263391343821318,0.481894409826699,0.730309349429131,0.0331074523510013,"violation in reverse orientation",1,0.897586206896552,0,10050,0.000182358314524332,1,0.00498754668053816,0.00498754668053816,0.999542552273042,-0.000457447726958327,"max_iter reached without violation",1,480,0.109908947872479,0.69720189707813,0.263391343821318,0.481894409826699,0.730309349429131,0.0331074523510013,"violation"
266,2360,"forward",0.656416290909252,0.0854872052208567,0.484340940064279,0.252847898454673,0.140024227926156,0.0545370227052993,"violation in forward orientation",1,0.897586206896552,1,2360,0.656416290909252,0.0854872052208567,0.484340940064279,0.252847898454673,0.140024227926156,0.0545370227052993,"violation",0,10050,1,0.000182358314524332,0.00498754668053816,0.00498754668053816,0,-0.000182358314524332,"max_iter reached without violation"
267,280,"forward",0.71060295169345,0.115151520161963,0.483186700722508,0.257539376818856,0.117940334020875,0.00278881385891221,"violation in forward orientation",1,0.897586206896552,1,280,0.71060295169345,0.115151520161963,0.483186700722508,0.257539376818856,0.117940334020875,0.00278881385891221,"violation",1,2360,0.0783872139854135,0.662244612976124,0.241678140835163,0.482781481541961,0.807653386164418,0.145408773188293,"violation"
268,280,"forward",0.696924489716726,0.110554876727001,0.486763572497166,0.251500598449404,0.123515021567768,0.0129601448407673,"violation in forward orientation",1,0.897586206896552,1,280,0.696924489716726,0.110554876727001,0.486763572497166,0.251500598449404,0.123515021567768,0.0129601448407673,"violation",0,10050,1,0.000182358314524332,0.00498754668053816,0.00498754668053816,0,-0.000182358314524332,"max_iter reached without violation"
269,820,"reverse",0.101798857445074,0.653556987057854,0.262404907565721,0.48939375382403,0.750208861752631,0.0966518746947771,"violation in reverse orientation",1,0.897586206896552,0,10050,0.000182358314524332,1,0.00498754668053816,0.00498754668053816,0.999542552273042,-0.000457447726958327,"max_iter reached without violation",1,820,0.101798857445074,0.653556987057854,0.262404907565721,0.48939375382403,0.750208861752631,0.0966518746947771,"violation"
270,190,"reverse",0.112723105439729,0.709888513105292,0.24324673701666,0.487630939869493,0.723404326150904,0.0135158130456126,"violation in reverse orientation",1,0.897586206896552,0,10050,0.000182358314524332,1,0.00498754668053816,0.00498754668053816,0.999542552273042,-0.000457447726958327,"max_iter reached without violation",1,190,0.112723105439729,0.709888513105292,0.24324673701666,0.487630939869493,0.723404326150904,0.0135158130456126,"violation"
271,370,"reverse",0.148003569649753,0.633543497861942,0.303570185558897,0.496451984265134,0.636837593188994,0.00329409532705216,"violation in reverse orientation",1,0.897586206896552,1,480,0.699208189284869,0.122460695431921,0.48131312717283,0.279500732954714,0.122584294738609,0.000123599306688274,"violation",1,370,0.148003569649753,0.633543497861942,0.303570185558897,0.496451984265134,0.636837593188994,0.00329409532705216,"violation"
272,70,"forward",0.76168005686057,0.083553645447262,0.489897948556636,0.166598625567009,0.0971237464110241,0.0135701009637621,"violation in forward orientation",1,0.897586206896552,1,70,0.76168005686057,0.083553645447262,0.489897948556636,0.166598625567009,0.0971237464110241,0.0135701009637621,"violation",1,480,0.112433930079456,0.707220412259025,0.266723626729159,0.478890318862263,0.724113868010753,0.0168934557517277,"violation"
273,90,"forward",0.78418865915957,0.0857374138515052,0.478681316189734,0.17950549357115,0.0879503155715247,0.00221290172001949,"violation in forward orientation",1,0.897586206896552,1,90,0.78418865915957,0.0857374138515052,0.478681316189734,0.17950549357115,0.0879503155715247,0.00221290172001949,"violation",1,820,0.114552279430573,0.639219083804398,0.279425347253405,0.49222992939361,0.718916130772758,0.0796970469683598,"violation"
274,220,"forward",0.736396271198652,0.103916762507717,0.478375349706286,0.235794769988053,0.107428209391413,0.00351144688369584,"violation in forward orientation",1,0.897586206896552,1,220,0.736396271198652,0.103916762507717,0.478375349706286,0.235794769988053,0.107428209391413,0.00351144688369584,"violation",1,280,0.0870009272749997,0.727592798380722,0.217944947177034,0.478078103942638,0.786518147871884,0.0589253494911613,"violation"
275,160,"reverse",0.0889840203618664,0.714300453905321,0.20453835214942,0.488580533279827,0.781652285317824,0.0673518314125024,"violation in reverse orientation",1,0.897586206896552,1,400,0.685065204315976,0.128186931074895,0.486595314404074,0.282566363886433,0.128348299662273,0.000161368587377836,"violation",1,160,0.0889840203618664,0.714300453905321,0.20453835214942,0.488580533279827,0.781652285317824,0.0673518314125024,"violation"
276,50,"forward",0.878395081610861,0.0275269587093166,0.458257569495584,0.0707106781186548,0.0495562789488238,0.0220293202395072,"violation in forward orientation",1,0.897586206896552,1,50,0.878395081610861,0.0275269587093166,0.458257569495584,0.0707106781186548,0.0495562789488238,0.0220293202395072,"violation at burn-in",1,160,0.059527310361458,0.80697994677785,0.15612494995996,0.455478800275051,0.853929428083346,0.0469494813054964,"violation"
277,190,"forward",0.754563912985212,0.0981317034565967,0.47441464150842,0.223296878269436,0.100023946646355,0.00189224318975827,"violation in forward orientation",1,0.897586206896552,1,190,0.754563912985212,0.0981317034565967,0.47441464150842,0.223296878269436,0.100023946646355,0.00189224318975827,"violation",1,260,0.0986708283705256,0.744702039188851,0.233160685634272,0.473186353822452,0.757884023167218,0.0131819839783668,"violation"
278,400,"forward",0.713901472600184,0.116000689637653,0.478513322698543,0.267383152049638,0.116596014502115,0.000595324864461316,"violation in forward orientation",1,0.897586206896552,1,400,0.713901472600184,0.116000689637653,0.478513322698543,0.267383152049638,0.116596014502115,0.000595324864461316,"violation",1,480,0.0893962518437228,0.699208189284869,0.234372685173754,0.48131312717283,0.780640803938329,0.0814326146534602,"violation"
279,70,"forward",0.826440685532036,0.0534488391899586,0.469693777793531,0.118666055184544,0.0707304084174605,0.0172815692275019,"violation in forward orientation",1,0.897586206896552,1,70,0.826440685532036,0.0534488391899586,0.469693777793531,0.118666055184544,0.0707304084174605,0.0172815692275019,"violation",1,180,0.0955657359846166,0.749720003515,0.217944947177034,0.476969600708473,0.765502905441354,0.0157829019263545,"violation"
280,4000,"reverse",0.0852922608834194,0.651654357320369,0.25765820382825,0.483928649182914,0.790710656971548,0.139056299651179,"violation in reverse orientation",1,0.897586206896552,0,10050,0.000182358314524332,1,0.00498754668053816,0.00498754668053816,0.999542552273042,-0.000457447726958327,"max_iter reached without violation",1,4000,0.0852922608834194,0.651654357320369,0.25765820382825,0.483928649182914,0.790710656971548,0.139056299651179,"violation"
281,730,"forward",0.683202581635389,0.128255233547594,0.482767402375509,0.294440893975407,0.129107415671054,0.000852182123460027,"violation in forward orientation",1,0.897586206896552,1,730,0.683202581635389,0.128255233547594,0.482767402375509,0.294440893975407,0.129107415671054,0.000852182123460027,"violation",1,820,0.110318522226459,0.666658163961993,0.273918293310022,0.486392773182012,0.729304387773357,0.0626462238113641,"violation"
282,140,"forward",0.801618343752262,0.0794670791069046,0.461309139784786,0.185576872239523,0.0808468089192055,0.00137972981230085,"violation in forward orientation",1,0.897586206896552,1,140,0.801618343752262,0.0794670791069046,0.461309139784786,0.185576872239523,0.0808468089192055,0.00137972981230085,"violation",1,280,0.105924175370542,0.700351209320513,0.245261210191277,0.485911199580284,0.740086679314465,0.0397354699939521,"violation"
283,70,"forward",0.748285526233974,0.083553645447262,0.492598275701905,0.166598625567009,0.102582717105801,0.0190290716585395,"violation in forward orientation",1,0.897586206896552,1,70,0.748285526233974,0.083553645447262,0.492598275701905,0.166598625567009,0.102582717105801,0.0190290716585395,"violation",1,820,0.0960766530881649,0.669035831389363,0.254323120953009,0.485805353167267,0.76424928178705,0.0952134503976868,"violation"
284,170,"forward",0.760680808895855,0.0925546506561992,0.474104510108468,0.211764705882353,0.0975309921375271,0.00497634148132789,"violation in forward orientation",1,0.897586206896552,1,170,0.760680808895855,0.0925546506561992,0.474104510108468,0.211764705882353,0.0975309921375271,0.00497634148132789,"violation",1,290,0.102367481209072,0.744318447938715,0.241280768062564,0.471809328867269,0.748813644806481,0.00449519686776656,"violation"
285,50,"forward",0.861594493296846,0.0275269587093166,0.466476151587624,0.0707106781186548,0.0564033960160784,0.0288764373067617,"violation in forward orientation",1,0.897586206896552,1,50,0.861594493296846,0.0275269587093166,0.466476151587624,0.0707106781186548,0.0564033960160784,0.0288764373067617,"violation at burn-in",1,220,0.103916762507717,0.744943649757981,0.235794769988053,0.475516248386255,0.7450122146534,6.85648954196205e-05,"violation"
286,320,"reverse",0.117026410896764,0.708231702991124,0.263391343821318,0.482465996211132,0.712845420459214,0.00461371746808936,"violation in reverse orientation",1,0.897586206896552,1,480,0.681105666539311,0.119964466890261,0.486198404860494,0.276385399196283,0.129962018073933,0.00999755118367116,"violation",1,320,0.117026410896764,0.708231702991124,0.263391343821318,0.482465996211132,0.712845420459214,0.00461371746808936,"violation"
287,820,"reverse",0.111731614310527,0.682088645357894,0.275771590733709,0.482341354881983,0.725837121459516,0.0437484761016216,"violation in reverse orientation",1,0.897586206896552,1,1190,0.667427487927361,0.135109771303845,0.484285211221135,0.30982772764512,0.135536590134883,0.000426818831037956,"violation",1,820,0.111731614310527,0.682088645357894,0.275771590733709,0.482341354881983,0.725837121459516,0.0437484761016216,"violation"
288,220,"forward",0.77036365584657,0.0914325061390746,0.4657704893618,0.217944947177034,0.0935847263653611,0.00215222022628647,"violation in forward orientation",1,0.897586206896552,1,220,0.77036365584657,0.0914325061390746,0.4657704893618,0.217944947177034,0.0935847263653611,0.00215222022628647,"violation",1,480,0.0867869042525845,0.701213191720884,0.230403857389585,0.480722113075735,0.787043290447072,0.0858300987261883,"violation"
289,90,"forward",0.753429237782544,0.0857374138515052,0.487498021521785,0.17950549357115,0.100486386044355,0.0147489721928496,"violation in forward orientation",1,0.897586206896552,1,90,0.753429237782544,0.0857374138515052,0.487498021521785,0.17950549357115,0.100486386044355,0.0147489721928496,"violation",0,10050,1,0.000182358314524332,0.00498754668053816,0.00498754668053816,0,-0.000182358314524332,"max_iter reached without violation"
290,90,"forward",0.743018751298959,0.0857374138515052,0.489897948556636,0.17950549357115,0.104729202923614,0.0189917890721084,"violation in forward orientation",1,0.897586206896552,1,90,0.743018751298959,0.0857374138515052,0.489897948556636,0.17950549357115,0.104729202923614,0.0189917890721084,"violation",1,520,0.14732070776806,0.638195370748385,0.309991410455537,0.49434299833213,0.638513113154108,0.00031774240572302,"violation"
291,110,"forward",0.712455070479026,0.100621191018396,0.49326036240911,0.208298895225265,0.117185498897827,0.016564307879431,"violation in forward orientation",1,0.897586206896552,1,110,0.712455070479026,0.100621191018396,0.49326036240911,0.208298895225265,0.117185498897827,0.016564307879431,"violation",0,10050,1,0.000182358314524332,0.00498754668053816,0.00498754668053816,0,-0.000182358314524332,"max_iter reached without violation"
292,90,"reverse",0.0652551788198452,0.824040028479255,0.147405546238018,0.462948147911104,0.839875110194375,0.0158350817151199,"violation in reverse orientation",1,0.897586206896552,1,380,0.667107739961153,0.134733066188218,0.490942899681748,0.289174486524157,0.1356669041284,0.000933837940182425,"violation",1,90,0.0652551788198452,0.824040028479255,0.147405546238018,0.462948147911104,0.839875110194375,0.0158350817151199,"violation"
293,50,"forward",0.826859192020479,0.0275269587093166,0.48,0.0707106781186548,0.070559845168947,0.0430328864596304,"violation in forward orientation",1,0.897586206896552,1,50,0.826859192020479,0.0275269587093166,0.48,0.0707106781186548,0.070559845168947,0.0430328864596304,"violation at burn-in",1,280,0.110554876727001,0.696924489716726,0.251500598449404,0.486763572497166,0.72872445104659,0.0317999613298633,"violation"
294,480,"reverse",0.104835055328556,0.683122117272995,0.256546237981036,0.485693769262073,0.742759024079455,0.0596369068064602,"violation in reverse orientation",1,0.897586206896552,1,480,0.695194319762474,0.112433930079456,0.482465996211132,0.266723626729159,0.124220156173866,0.0117862260944096,"violation",1,480,0.104835055328556,0.683122117272995,0.256546237981036,0.485693769262073,0.742759024079455,0.0596369068064602,"violation"
295,280,"forward",0.696924489716726,0.119716448276641,0.486763572497166,0.263391343821318,0.123515021567768,0.00379857329112751,"violation in forward orientation",1,0.897586206896552,1,280,0.696924489716726,0.119716448276641,0.486763572497166,0.263391343821318,0.123515021567768,0.00379857329112751,"violation",0,10050,1,0.000182358314524332,0.00498754668053816,0.00498754668053816,0,-0.000182358314524332,"max_iter reached without violation"
296,1390,"forward",0.654890473181501,0.0999730030296756,0.486739430842177,0.267695511949013,0.14064607832865,0.0406730752989743,"violation in forward orientation",1,0.897586206896552,1,1390,0.654890473181501,0.0999730030296756,0.486739430842177,0.267695511949013,0.14064607832865,0.0406730752989743,"violation",0,10050,1,0.000182358314524332,0.00498754668053816,0.00498754668053816,0,-0.000182358314524332,"max_iter reached without violation"
297,140,"forward",0.827121733167634,0.0678497888323966,0.448296093843234,0.166598625567009,0.0704528459415426,0.00260305710914595,"violation in forward orientation",1,0.897586206896552,1,140,0.827121733167634,0.0678497888323966,0.448296093843234,0.166598625567009,0.0704528459415426,0.00260305710914595,"violation",0,10050,1,0.000182358314524332,0.00498754668053816,0.00498754668053816,0,-0.000182358314524332,"max_iter reached without violation"
298,70,"forward",0.863377182770204,0.0534488391899586,0.451753951452626,0.118666055184544,0.0556768569633676,0.00222801777340896,"violation in forward orientation",1,0.897586206896552,1,70,0.863377182770204,0.0534488391899586,0.451753951452626,0.118666055184544,0.0556768569633676,0.00222801777340896,"violation",1,470,0.152610708304438,0.617616457576071,0.313683702025227,0.497385650463964,0.625533180093281,0.0079167225172101,"violation"
299,280,"reverse",0.0821505148830761,0.720811496463454,0.210411404595078,0.480207756909359,0.798419475240685,0.077607978777231,"violation in reverse orientation",1,0.897586206896552,0,10050,0.000182358314524332,1,0.00498754668053816,0.00498754668053816,0.999542552273042,-0.000457447726958327,"max_iter reached without violation",1,280,0.0821505148830761,0.720811496463454,0.210411404595078,0.480207756909359,0.798419475240685,0.077607978777231,"violation"
300,280,"reverse",0.105924175370542,0.714010637810815,0.245261210191277,0.482222215691192,0.740086679314465,0.0260760415036506,"violation in reverse orientation",1,0.897586206896552,0,10050,0.000182358314524332,1,0.00498754668053816,0.00498754668053816,0.999542552273042,-0.000457447726958327,"max_iter reached without violation",1,280,0.105924175370542,0.714010637810815,0.245261210191277,0.482222215691192,0.740086679314465,0.0260760415036506,"violation"
301,70,"reverse",0.0534488391899587,0.826440685532036,0.118666055184544,0.469693777793531,0.868844010487575,0.0424033249555394,"violation in reverse orientation",1,0.897586206896552,1,280,0.717413496050053,0.110554876727001,0.481229293220042,0.251500598449404,0.115164681547891,0.00460980482088975,"violation",1,70,0.0534488391899587,0.826440685532036,0.118666055184544,0.469693777793531,0.868844010487575,0.0424033249555394,"violation"
302,120,"forward",0.755703210984508,0.0924095701582629,0.481894409826699,0.199826313471363,0.0995596232173262,0.00715005305906323,"violation in forward orientation",1,0.897586206896552,1,120,0.755703210984508,0.0924095701582629,0.481894409826699,0.199826313471363,0.0995596232173262,0.00715005305906323,"violation",1,2360,0.106090311022579,0.640570691764911,0.282256828044744,0.48818543030665,0.739679036701269,0.0991083449363586,"violation"
303,2360,"reverse",0.0934836971739777,0.651833273912822,0.264753887220983,0.485511869424333,0.770611548475754,0.118778274562932,"violation in reverse orientation",1,0.897586206896552,0,10050,0.000182358314524332,1,0.00498754668053816,0.00498754668053816,0.999542552273042,-0.000457447726958327,"max_iter reached without violation",1,2360,0.0934836971739777,0.651833273912822,0.264753887220983,0.485511869424333,0.770611548475754,0.118778274562932,"violation"
304,200,"reverse",0.107228463914977,0.735456499876045,0.237486841740758,0.48,0.736886381340516,0.00142988146447109,"violation in reverse orientation",1,0.897586206896552,1,270,0.71301651674269,0.114536257900385,0.482903881866863,0.255770172898067,0.116956680226574,0.00242042232618926,"violation",1,200,0.107228463914977,0.735456499876045,0.237486841740758,0.48,0.736886381340516,0.00142988146447109,"violation"
305,220,"forward",0.77036365584657,0.0914325061390746,0.4657704893618,0.217944947177034,0.0935847263653611,0.00215222022628647,"violation in forward orientation",1,0.897586206896552,1,220,0.77036365584657,0.0914325061390746,0.4657704893618,0.217944947177034,0.0935847263653611,0.00215222022628647,"violation",0,10050,1,0.000182358314524332,0.00498754668053816,0.00498754668053816,0,-0.000182358314524332,"max_iter reached without violation"
306,90,"forward",0.814207428738857,0.0652551788198453,0.46732757432918,0.147405546238018,0.0757160993832229,0.0104609205633776,"violation in forward orientation",1,0.897586206896552,1,90,0.814207428738857,0.0652551788198453,0.46732757432918,0.147405546238018,0.0757160993832229,0.0104609205633776,"violation",0,10050,1,0.000182358314524332,0.00498754668053816,0.00498754668053816,0,-0.000182358314524332,"max_iter reached without violation"
307,60,"forward",0.834450982045784,0.0622317713624084,0.471404520791032,0.12801909579781,0.0674657942891979,0.00523402292678942,"violation in forward orientation",1,0.897586206896552,1,60,0.834450982045784,0.0622317713624084,0.471404520791032,0.12801909579781,0.0674657942891979,0.00523402292678942,"violation",0,10050,1,0.000182358314524332,0.00498754668053816,0.00498754668053816,0,-0.000182358314524332,"max_iter reached without violation"
308,90,"forward",0.732531618198095,0.104606694841303,0.492035329455212,0.206080411011016,0.109003257301911,0.00439656246060831,"violation in forward orientation",1,0.897586206896552,1,90,0.732531618198095,0.104606694841303,0.492035329455212,0.206080411011016,0.109003257301911,0.00439656246060831,"violation",1,480,0.114951331779512,0.705219308125957,0.269998713988707,0.479510746027193,0.71793698667979,0.012717678553833,"violation"
309,480,"reverse",0.0654250456544353,0.703216899623175,0.194978186101819,0.480121331598124,0.839458312478179,0.136241412855004,"violation in reverse orientation",1,0.897586206896552,0,10050,0.000182358314524332,1,0.00498754668053816,0.00498754668053816,0.999542552273042,-0.000457447726958327,"max_iter reached without violation",1,480,0.0654250456544353,0.703216899623175,0.194978186101819,0.480121331598124,0.839458312478179,0.136241412855004,"violation"
310,50,"forward",0.894790769027509,0.0275269587093166,0.448998886412873,0.0707106781186548,0.0428741801412335,0.0153472214319168,"violation in forward orientation",1,0.897586206896552,1,50,0.894790769027509,0.0275269587093166,0.448998886412873,0.0707106781186548,0.0428741801412335,0.0153472214319168,"violation at burn-in",1,350,0.110855333661117,0.72165923258162,0.257539376818856,0.477416516903474,0.727987227890246,0.0063279953086266,"violation"
311,280,"forward",0.683170904402714,0.128759205607598,0.489897948556636,0.274582242986078,0.129120325797559,0.000361120189960568,"violation in forward orientation",1,0.897586206896552,1,280,0.683170904402714,0.128759205607598,0.489897948556636,0.274582242986078,0.129120325797559,0.000361120189960568,"violation",1,620,0.112819395380213,0.720307375295943,0.272289403486034,0.472159340994374,0.723168062095105,0.00286068679916207,"violation"
312,60,"reverse",0.0972236971658371,0.74303982794241,0.17950549357115,0.495535624910617,0.761434810362403,0.0183949824199927,"violation in reverse orientation",1,0.897586206896552,0,10050,0.000182358314524332,1,0.00498754668053816,0.00498754668053816,0.999542552273042,-0.000457447726958327,"max_iter reached without violation",1,60,0.0972236971658371,0.74303982794241,0.17950549357115,0.495535624910617,0.761434810362403,0.0183949824199927,"violation"
313,350,"reverse",0.12153233807278,0.699800454077418,0.271293199325011,0.483937928217398,0.701789347266132,0.0019888931887132,"violation in reverse orientation",1,0.897586206896552,0,10050,0.000182358314524332,1,0.00498754668053816,0.00498754668053816,0.999542552273042,-0.000457447726958327,"max_iter reached without violation",1,350,0.12153233807278,0.699800454077418,0.271293199325011,0.483937928217398,0.701789347266132,0.0019888931887132,"violation"
314,210,"reverse",0.0956761273668015,0.76270333573734,0.222794048862659,0.469693777793531,0.765232041054593,0.00252870531725335,"violation in reverse orientation",1,0.897586206896552,1,240,0.673294561640952,0.128434594434555,0.493006648591635,0.269998713988707,0.133145451217107,0.0047108567825524,"violation",1,210,0.0956761273668015,0.76270333573734,0.222794048862659,0.469693777793531,0.765232041054593,0.00252870531725335,"violation"
315,480,"forward",0.69720189707813,0.122460695431921,0.481894409826699,0.279500732954714,0.123401963581742,0.000941268149820707,"violation in forward orientation",1,0.897586206896552,1,480,0.69720189707813,0.122460695431921,0.481894409826699,0.279500732954714,0.123401963581742,0.000941268149820707,"violation",1,2360,0.102831997401183,0.639318131756795,0.277870164820835,0.488465048896137,0.747673873829559,0.108355742072764,"violation"
316,120,"forward",0.740129479481555,0.105343859519633,0.486198404860494,0.217944947177034,0.105906732067422,0.000562872547789084,"violation in forward orientation",1,0.897586206896552,1,120,0.740129479481555,0.105343859519633,0.486198404860494,0.217944947177034,0.105906732067422,0.000562872547789084,"violation",1,480,0.122460695431921,0.677069015045202,0.279500732954714,0.487179381747627,0.699511461603302,0.0224424465581001,"violation"
317,440,"forward",0.713584251568705,0.114086980898704,0.477678399022357,0.267023693504082,0.116725298637773,0.00263831773906935,"violation in forward orientation",1,0.897586206896552,1,440,0.713584251568705,0.114086980898704,0.477678399022357,0.267023693504082,0.116725298637773,0.00263831773906935,"violation",1,540,0.126843172072547,0.684952110188395,0.287240071561338,0.484361047301144,0.688758295692489,0.00380618550409462,"violation"
318,1390,"reverse",0.0967129847980513,0.665460250785573,0.263100912111563,0.484076443986899,0.762687931662034,0.0972276808764615,"violation in reverse orientation",1,0.897586206896552,1,1390,0.652068303805338,0.0983441457802435,0.487406753552642,0.265412054778993,0.141796259723553,0.0434521139433096,"violation",1,1390,0.0967129847980513,0.665460250785573,0.263100912111563,0.484076443986899,0.762687931662034,0.0972276808764615,"violation"
319,160,"forward",0.790006592849108,0.0795152004044429,0.463512405443479,0.189983551919633,0.0855792037796502,0.00606400337520722,"violation in forward orientation",1,0.897586206896552,1,160,0.790006592849108,0.0795152004044429,0.463512405443479,0.189983551919633,0.0855792037796502,0.00606400337520722,"violation",1,820,0.114552279430573,0.655942022195691,0.279425347253405,0.488876870882636,0.718916130772758,0.0629741085770676,"violation"
320,100,"forward",0.726417177917328,0.110450226382149,0.491833305094317,0.217944947177034,0.111495211013331,0.00104498463118219,"violation in forward orientation",1,0.897586206896552,1,100,0.726417177917328,0.110450226382149,0.491833305094317,0.217944947177034,0.111495211013331,0.00104498463118219,"violation",0,10050,1,0.000182358314524332,0.00498754668053816,0.00498754668053816,0,-0.000182358314524332,"max_iter reached without violation"
321,170,"forward",0.766131045239268,0.0925546506561992,0.472093181817254,0.211764705882353,0.0953097362154103,0.00275508555921106,"violation in forward orientation",1,0.897586206896552,1,170,0.766131045239268,0.0925546506561992,0.472093181817254,0.211764705882353,0.0953097362154103,0.00275508555921106,"violation",0,10050,1,0.000182358314524332,0.00498754668053816,0.00498754668053816,0,-0.000182358314524332,"max_iter reached without violation"
322,250,"forward",0.710709556800942,0.113065392884655,0.484380016103059,0.251745903640953,0.117896886872637,0.0048314939879829,"violation in forward orientation",1,0.897586206896552,1,250,0.710709556800942,0.113065392884655,0.484380016103059,0.251745903640953,0.117896886872637,0.0048314939879829,"violation",1,480,0.102285497677251,0.733113605762453,0.253028530999965,0.469910600244581,0.749014805609361,0.0159011998469083,"violation"
323,90,"reverse",0.0652551788198452,0.784188659159569,0.147405546238018,0.478681316189734,0.839875110194375,0.0556864510348052,"violation in reverse orientation",1,0.897586206896552,1,220,0.744943649757981,0.0977166433764952,0.475516248386255,0.227090836305396,0.10394470628307,0.00622806290657477,"violation",1,90,0.0652551788198452,0.784188659159569,0.147405546238018,0.478681316189734,0.839875110194375,0.0556864510348052,"violation"
324,10050,"reverse",1,0.000182358314524332,0.00498754668053816,0.00498754668053816,0,-0.000182358314524332,"max_iter reached without violation in either orientation",0,0.897586206896552,0,10050,0.000182358314524332,1,0.00498754668053816,0.00498754668053816,0.999542552273042,-0.000457447726958327,"max_iter reached without violation",0,10050,1,0.000182358314524332,0.00498754668053816,0.00498754668053816,0,-0.000182358314524332,"max_iter reached without violation"
325,180,"reverse",0.10344541255513,0.739309920391585,0.229061423645426,0.480322679605294,0.746168753445927,0.00685883305434187,"violation in reverse orientation",1,0.897586206896552,1,390,0.621205449950164,0.149807318928135,0.497620901362388,0.306718544621494,0.154374484332488,0.00456716540435326,"violation",1,180,0.10344541255513,0.739309920391585,0.229061423645426,0.480322679605294,0.746168753445927,0.00685883305434187,"violation"
326,250,"reverse",0.0917453741456845,0.770937753042341,0.222027025382047,0.463309831538248,0.77487682527302,0.00393907223067946,"violation in reverse orientation",1,0.897586206896552,1,620,0.611971053135167,0.153985694014989,0.497158941916542,0.320379587559616,0.158137983256215,0.00415228924122624,"violation",1,250,0.0917453741456845,0.770937753042341,0.222027025382047,0.463309831538248,0.77487682527302,0.00393907223067946,"violation"
327,140,"reverse",0.101384098296981,0.749171989719324,0.217944947177034,0.481229293220042,0.751226545199274,0.00205455547994993,"violation in reverse orientation",1,0.897586206896552,0,10050,0.000182358314524332,1,0.00498754668053816,0.00498754668053816,0.999542552273042,-0.000457447726958327,"max_iter reached without violation",1,140,0.101384098296981,0.749171989719324,0.217944947177034,0.481229293220042,0.751226545199274,0.00205455547994993,"violation"
328,480,"forward",0.705219308125957,0.0841657942284463,0.479510746027193,0.226346280925685,0.12013444990932,0.0359686556808734,"violation in forward orientation",1,0.897586206896552,1,480,0.705219308125957,0.0841657942284463,0.479510746027193,0.226346280925685,0.12013444990932,0.0359686556808734,"violation",0,10050,1,0.000182358314524332,0.00498754668053816,0.00498754668053816,0,-0.000182358314524332,"max_iter reached without violation"
329,280,"forward",0.703773210178169,0.119716448276641,0.485031032038999,0.263391343821318,0.1207238103385,0.00100736206185881,"violation in forward orientation",1,0.897586206896552,1,280,0.703773210178169,0.119716448276641,0.485031032038999,0.263391343821318,0.1207238103385,0.00100736206185881,"violation",0,10050,1,0.000182358314524332,0.00498754668053816,0.00498754668053816,0,-0.000182358314524332,"max_iter reached without violation"
330,90,"forward",0.78418865915957,0.0857374138515052,0.478681316189734,0.17950549357115,0.0879503155715247,0.00221290172001949,"violation in forward orientation",1,0.897586206896552,1,90,0.78418865915957,0.0857374138515052,0.478681316189734,0.17950549357115,0.0879503155715247,0.00221290172001949,"violation",1,380,0.102334944520701,0.745287103165647,0.247913732650221,0.467881119924999,0.748893479209932,0.00360637604428449,"violation"
331,200,"forward",0.735456499876045,0.107228463914977,0.48,0.237486841740758,0.107811215280378,0.000582751365400855,"violation in forward orientation",1,0.897586206896552,1,200,0.735456499876045,0.107228463914977,0.48,0.237486841740758,0.107811215280378,0.000582751365400855,"violation",0,10050,1,0.000182358314524332,0.00498754668053816,0.00498754668053816,0,-0.000182358314524332,"max_iter reached without violation"
332,50,"forward",0.861594493296846,0.0275269587093166,0.466476151587624,0.0707106781186548,0.0564033960160784,0.0288764373067617,"violation in forward orientation",1,0.897586206896552,1,50,0.861594493296846,0.0275269587093166,0.466476151587624,0.0707106781186548,0.0564033960160784,0.0288764373067617,"violation at burn-in",1,280,0.0870009272749997,0.757859129874999,0.217944947177034,0.467024886807929,0.786518147871884,0.0286590179968842,"violation"
333,110,"reverse",0.0859405919145952,0.788765722014423,0.187193275290673,0.472464962188592,0.789119864432295,0.000354142417871683,"violation in reverse orientation",1,0.897586206896552,1,430,0.68402824032569,0.125115863862387,0.486291248054104,0.280432718249093,0.128770916638733,0.00365505277634554,"violation",1,110,0.0859405919145952,0.788765722014423,0.187193275290673,0.472464962188592,0.789119864432295,0.000354142417871683,"violation"
334,1390,"forward",0.666164147251578,0.0810889916487475,0.483889833692093,0.239607229976703,0.136051467432108,0.0549624757833607,"violation in forward orientation",1,0.897586206896552,1,1390,0.666164147251578,0.0810889916487475,0.483889833692093,0.239607229976703,0.136051467432108,0.0549624757833607,"violation",0,10050,1,0.000182358314524332,0.00498754668053816,0.00498754668053816,0,-0.000182358314524332,"max_iter reached without violation"
335,240,"forward",0.772079275854864,0.0897694335512408,0.463512405443479,0.217944947177034,0.0928855216220417,0.0031160880708009,"violation in forward orientation",1,0.897586206896552,1,240,0.772079275854864,0.0897694335512408,0.463512405443479,0.217944947177034,0.0928855216220417,0.0031160880708009,"violation",1,360,0.138638280473918,0.657835468313543,0.292446048627819,0.493006648591635,0.659816953164797,0.00198148485125405,"violation"
336,170,"forward",0.727620124888192,0.109374448441529,0.4845002419288,0.235294117647059,0.111004947304629,0.0016304988631007,"violation in forward orientation",1,0.897586206896552,1,170,0.727620124888192,0.109374448441529,0.4845002419288,0.235294117647059,0.111004947304629,0.0016304988631007,"violation",1,280,0.110554876727001,0.700351209320513,0.251500598449404,0.485911199580284,0.72872445104659,0.0283732417260765,"violation"
337,90,"forward",0.763761939446244,0.0857374138515052,0.484831649539365,0.17950549357115,0.096275270541135,0.0105378566896297,"violation in forward orientation",1,0.897586206896552,1,90,0.763761939446244,0.0857374138515052,0.484831649539365,0.17950549357115,0.096275270541135,0.0105378566896297,"violation",0,10050,1,0.000182358314524332,0.00498754668053816,0.00498754668053816,0,-0.000182358314524332,"max_iter reached without violation"
338,90,"forward",0.794279587966123,0.0652551788198453,0.475186772896513,0.147405546238018,0.0838377351330074,0.0185825563131621,"violation in forward orientation",1,0.897586206896552,1,90,0.794279587966123,0.0652551788198453,0.475186772896513,0.147405546238018,0.0838377351330074,0.0185825563131621,"violation",1,150,0.0846963054729334,0.768048176203353,0.195959179422654,0.47370877129308,0.792172936848866,0.0241247606455127,"violation"
339,280,"reverse",0.0722679624007254,0.754516887096112,0.194273896699416,0.46837484987988,0.822668030379556,0.0681511432834441,"violation in reverse orientation",1,0.897586206896552,0,10050,0.000182358314524332,1,0.00498754668053816,0.00498754668053816,0.999542552273042,-0.000457447726958327,"max_iter reached without violation",1,280,0.0722679624007254,0.754516887096112,0.194273896699416,0.46837484987988,0.822668030379556,0.0681511432834441,"violation"
340,50,"forward",0.808956080708089,0.0745005976726397,0.485386443980464,0.14,0.0778562979319588,0.00335570025931907,"violation in forward orientation",1,0.897586206896552,1,50,0.808956080708089,0.0745005976726397,0.485386443980464,0.14,0.0778562979319588,0.00335570025931907,"violation at burn-in",0,10050,1,0.000182358314524332,0.00498754668053816,0.00498754668053816,0,-0.000182358314524332,"max_iter reached without violation"
341,10050,"reverse",1,0.000182358314524332,0.00498754668053816,0.00498754668053816,0,-0.000182358314524332,"max_iter reached without violation in either orientation",0,0.897586206896552,0,10050,0.000182358314524332,1,0.00498754668053816,0.00498754668053816,0.999542552273042,-0.000457447726958327,"max_iter reached without violation",0,10050,1,0.000182358314524332,0.00498754668053816,0.00498754668053816,0,-0.000182358314524332,"max_iter reached without violation"
342,140,"reverse",0.101384098296981,0.735782597755843,0.217944947177034,0.485031032038999,0.751226545199274,0.0154439474434309,"violation in reverse orientation",1,0.897586206896552,0,10050,0.000182358314524332,1,0.00498754668053816,0.00498754668053816,0.999542552273042,-0.000457447726958327,"max_iter reached without violation",1,140,0.101384098296981,0.735782597755843,0.217944947177034,0.485031032038999,0.751226545199274,0.0154439474434309,"violation"
343,230,"forward",0.636207740496475,0.144927329256103,0.498106053799548,0.288041427392207,0.148260267512958,0.00333293825685541,"violation in forward orientation",1,0.897586206896552,1,230,0.636207740496475,0.144927329256103,0.498106053799548,0.288041427392207,0.148260267512958,0.00333293825685541,"violation",1,280,0.119716448276641,0.703773210178169,0.263391343821318,0.485031032038999,0.706244947570449,0.00247173739227924,"violation"
344,90,"forward",0.732531618198095,0.0857374138515052,0.492035329455212,0.17950549357115,0.109003257301911,0.023265843450406,"violation in forward orientation",1,0.897586206896552,1,90,0.732531618198095,0.0857374138515052,0.492035329455212,0.17950549357115,0.109003257301911,0.023265843450406,"violation",0,10050,1,0.000182358314524332,0.00498754668053816,0.00498754668053816,0,-0.000182358314524332,"max_iter reached without violation"
345,280,"forward",0.717413496050053,0.0965495261969029,0.481229293220042,0.232115382989599,0.115164681547891,0.0186151553509879,"violation in forward orientation",1,0.897586206896552,1,280,0.717413496050053,0.0965495261969029,0.481229293220042,0.232115382989599,0.115164681547891,0.0186151553509879,"violation",0,10050,1,0.000182358314524332,0.00498754668053816,0.00498754668053816,0,-0.000182358314524332,"max_iter reached without violation"
346,480,"forward",0.650710733953229,0.132381796942711,0.492649970116264,0.291480595409025,0.142349540330793,0.00996774338808218,"violation in forward orientation",1,0.897586206896552,1,480,0.650710733953229,0.132381796942711,0.492649970116264,0.291480595409025,0.142349540330793,0.00996774338808218,"violation",0,10050,1,0.000182358314524332,0.00498754668053816,0.00498754668053816,0,-0.000182358314524332,"max_iter reached without violation"
347,140,"reverse",0.122110069913782,0.694990039892699,0.245261210191277,0.493787940934411,0.700371782074645,0.0053817421819462,"violation in reverse orientation",1,0.897586206896552,1,180,0.713032290883364,0.111190471612539,0.487498021521785,0.239534012636779,0.116950251440521,0.0057597798279823,"violation",1,140,0.122110069913782,0.694990039892699,0.245261210191277,0.493787940934411,0.700371782074645,0.0053817421819462,"violation"
348,240,"reverse",0.101100413047608,0.744875313562444,0.234372685173754,0.474268442504407,0.751922616120609,0.00704730255816444,"violation in reverse orientation",1,0.897586206896552,1,260,0.715586667828063,0.113844807983371,0.482596527426404,0.253846153846154,0.115909209445601,0.0020644014622298,"violation",1,240,0.101100413047608,0.744875313562444,0.234372685173754,0.474268442504407,0.751922616120609,0.00704730255816444,"violation"
349,90,"forward",0.833781791811234,0.0652551788198453,0.458257569495584,0.147405546238018,0.0677385242549938,0.00248334543514857,"violation in forward orientation",1,0.897586206896552,1,90,0.833781791811234,0.0652551788198453,0.458257569495584,0.147405546238018,0.0677385242549938,0.00248334543514857,"violation",1,160,0.0697287809828361,0.778581931084374,0.173992636338438,0.46837484987988,0.828898352022598,0.0503164209382239,"violation"
350,520,"reverse",0.129311392454445,0.681305388717708,0.289459811111181,0.485575971057711,0.682702089248636,0.00139670053092777,"violation in reverse orientation",1,0.897586206896552,0,10050,0.000182358314524332,1,0.00498754668053816,0.00498754668053816,0.999542552273042,-0.000457447726958327,"max_iter reached without violation",1,520,0.129311392454445,0.681305388717708,0.289459811111181,0.485575971057711,0.682702089248636,0.00139670053092777,"violation"
351,120,"forward",0.771119296036274,0.0924095701582629,0.476969600708473,0.199826313471363,0.0932767635284106,0.000867193370147623,"violation in forward orientation",1,0.897586206896552,1,120,0.771119296036274,0.0924095701582629,0.476969600708473,0.199826313471363,0.0932767635284106,0.000867193370147623,"violation",1,230,0.0995119632962558,0.74492538697532,0.230926464780687,0.474869398023903,0.755820152860208,0.010894765884888,"violation"
352,210,"forward",0.726979024969427,0.10873446536619,0.481894409826699,0.240982493883428,0.111266228999862,0.00253176363367118,"violation in forward orientation",1,0.897586206896552,1,210,0.726979024969427,0.10873446536619,0.481894409826699,0.240982493883428,0.111266228999862,0.00253176363367118,"violation",0,10050,1,0.000182358314524332,0.00498754668053816,0.00498754668053816,0,-0.000182358314524332,"max_iter reached without violation"
353,70,"reverse",0.0534488391899587,0.838923452768525,0.118666055184544,0.464230765979198,0.868844010487575,0.0299205577190499,"violation in reverse orientation",1,0.897586206896552,0,10050,0.000182358314524332,1,0.00498754668053816,0.00498754668053816,0.999542552273042,-0.000457447726958327,"max_iter reached without violation",1,70,0.0534488391899587,0.838923452768525,0.118666055184544,0.464230765979198,0.868844010487575,0.0299205577190499,"violation"
354,50,"reverse",0.0275269587093166,0.894790769027509,0.0707106781186548,0.448998886412873,0.932447836448594,0.0376570674210854,"violation in reverse orientation",1,0.897586206896552,1,280,0.696924489716726,0.101256746636353,0.486763572497166,0.238805488262916,0.123515021567768,0.0222582749314151,"violation",1,50,0.0275269587093166,0.894790769027509,0.0707106781186548,0.448998886412873,0.932447836448594,0.0376570674210854,"violation at burn-in"
355,150,"reverse",0.104584519467397,0.724409955836057,0.224697327284703,0.486986196473325,0.743373757232094,0.0189638013960371,"violation in reverse orientation",1,0.897586206896552,1,480,0.713215847135754,0.0788856447964163,0.476969600708473,0.217944947177034,0.116875442682336,0.0379897978859202,"violation",1,150,0.104584519467397,0.724409955836057,0.224697327284703,0.486986196473325,0.743373757232094,0.0189638013960371,"violation"
356,110,"forward",0.780482926783159,0.0859405919145952,0.475516248386255,0.187193275290673,0.0894605950288239,0.00352000311422868,"violation in forward orientation",1,0.897586206896552,1,110,0.780482926783159,0.0859405919145952,0.475516248386255,0.187193275290673,0.0894605950288239,0.00352000311422868,"violation",1,280,0.0722679624007254,0.794261714671277,0.194273896699416,0.450042514998442,0.822668030379556,0.0284063157082797,"violation"
357,240,"reverse",0.106670086249735,0.737034873196346,0.242061459137964,0.476969600708473,0.73825645770774,0.00122158451139398,"violation in reverse orientation",1,0.897586206896552,1,550,0.68402930427303,0.126745455657207,0.484472960635345,0.287479787288035,0.128770483024632,0.00202502736742557,"violation",1,240,0.106670086249735,0.737034873196346,0.242061459137964,0.476969600708473,0.73825645770774,0.00122158451139398,"violation"
358,480,"reverse",0.122460695431921,0.677069015045202,0.279500732954714,0.487179381747627,0.699511461603302,0.0224424465581001,"violation in reverse orientation",1,0.897586206896552,0,10050,0.000182358314524332,1,0.00498754668053816,0.00498754668053816,0.999542552273042,-0.000457447726958327,"max_iter reached without violation",1,480,0.122460695431921,0.677069015045202,0.279500732954714,0.487179381747627,0.699511461603302,0.0224424465581001,"violation"
359,210,"forward",0.699769324871587,0.121475744780102,0.48890177266058,0.257539376818856,0.122355602684436,0.00087985790433337,"violation in forward orientation",1,0.897586206896552,1,210,0.699769324871587,0.121475744780102,0.48890177266058,0.257539376818856,0.122355602684436,0.00087985790433337,"violation",1,510,0.117804119122663,0.710568977678225,0.274901681071716,0.477276813262783,0.710937178551941,0.000368200873715474,"violation"
360,130,"forward",0.690214801084429,0.120252653576091,0.495183905828649,0.240315374643282,0.126249570066397,0.00599691649030562,"violation in forward orientation",1,0.897586206896552,1,130,0.690214801084429,0.120252653576091,0.495183905828649,0.240315374643282,0.126249570066397,0.00599691649030562,"violation",1,480,0.0919944248141773,0.689163922294393,0.238257199378226,0.484122918275927,0.77426573629797,0.0851018140035764,"violation"
361,350,"forward",0.677765117838532,0.128570622424613,0.489306047544137,0.279941684889506,0.131323466113465,0.00275284368885176,"violation in forward orientation",1,0.897586206896552,1,350,0.677765117838532,0.128570622424613,0.489306047544137,0.279941684889506,0.131323466113465,0.00275284368885176,"violation",0,10050,1,0.000182358314524332,0.00498754668053816,0.00498754668053816,0,-0.000182358314524332,"max_iter reached without violation"
362,110,"forward",0.746851440774935,0.100621191018396,0.485832335123178,0.208298895225265,0.103167181818522,0.0025459908001263,"violation in forward orientation",1,0.897586206896552,1,110,0.746851440774935,0.100621191018396,0.485832335123178,0.208298895225265,0.103167181818522,0.0025459908001263,"violation",1,820,0.115959924171328,0.663089133091814,0.28122649283744,0.487249684053618,0.715462230459748,0.0523730973679342,"violation"
363,340,"forward",0.743508652633207,0.102873724825176,0.469999631892663,0.246006160780312,0.104529542547185,0.00165581772200918,"violation in forward orientation",1,0.897586206896552,1,340,0.743508652633207,0.102873724825176,0.469999631892663,0.246006160780312,0.104529542547185,0.00165581772200918,"violation",0,10050,1,0.000182358314524332,0.00498754668053816,0.00498754668053816,0,-0.000182358314524332,"max_iter reached without violation"
364,50,"forward",0.878395081610861,0.0275269587093166,0.458257569495584,0.0707106781186548,0.0495562789488238,0.0220293202395072,"violation in forward orientation",1,0.897586206896552,1,50,0.878395081610861,0.0275269587093166,0.458257569495584,0.0707106781186548,0.0495562789488238,0.0220293202395072,"violation at burn-in",0,10050,1,0.000182358314524332,0.00498754668053816,0.00498754668053816,0,-0.000182358314524332,"max_iter reached without violation"
365,130,"forward",0.75584479537799,0.0974169204747038,0.480446045219298,0.209818179953628,0.0995019201834234,0.00208499970871955,"violation in forward orientation",1,0.897586206896552,1,130,0.75584479537799,0.0974169204747038,0.480446045219298,0.209818179953628,0.0995019201834234,0.00208499970871955,"violation",1,170,0.0925546506561992,0.766131045239268,0.211764705882353,0.472093181817254,0.77289112510873,0.00676007986946159,"violation"
366,2360,"forward",0.642240411912075,0.108877952665512,0.487807203274809,0.285938784046123,0.145801638884077,0.0369236862185646,"violation in forward orientation",1,0.897586206896552,1,2360,0.642240411912075,0.108877952665512,0.487807203274809,0.285938784046123,0.145801638884077,0.0369236862185646,"violation",0,10050,1,0.000182358314524332,0.00498754668053816,0.00498754668053816,0,-0.000182358314524332,"max_iter reached without violation"
367,4000,"forward",0.641787581163696,0.0869249224602599,0.486417451886751,0.260136502628908,0.145986191060932,0.0590612686006722,"violation in forward orientation",1,0.897586206896552,1,4000,0.641787581163696,0.0869249224602599,0.486417451886751,0.260136502628908,0.145986191060932,0.0590612686006722,"violation",0,10050,1,0.000182358314524332,0.00498754668053816,0.00498754668053816,0,-0.000182358314524332,"max_iter reached without violation"
368,450,"forward",0.692675142148104,0.125061582678729,0.483689523925788,0.281345971280123,0.125246852603562,0.000185269924833309,"violation in forward orientation",1,0.897586206896552,1,450,0.692675142148104,0.125061582678729,0.483689523925788,0.281345971280123,0.125246852603562,0.000185269924833309,"violation",1,480,0.114951331779512,0.675048821828396,0.269998713988707,0.48765577995367,0.71793698667979,0.0428881648513939,"violation"
369,170,"reverse",0.0925546506561992,0.760680808895855,0.211764705882353,0.474104510108468,0.77289112510873,0.0122103162128746,"violation in reverse orientation",1,0.897586206896552,1,820,0.672599790542985,0.0975106079920174,0.484899886635879,0.256376155086789,0.133428606720582,0.0359179987285647,"violation",1,170,0.0925546506561992,0.760680808895855,0.211764705882353,0.474104510108468,0.77289112510873,0.0122103162128746,"violation"
370,60,"reverse",0.0622317713624083,0.834450982045785,0.12801909579781,0.471404520791032,0.847293564340696,0.0128425822949113,"violation in reverse orientation",1,0.897586206896552,1,170,0.749728225426273,0.101047620659349,0.477884612037409,0.223916074243227,0.101994741846967,0.000947121187618263,"violation",1,60,0.0622317713624083,0.834450982045785,0.12801909579781,0.471404520791032,0.847293564340696,0.0128425822949113,"violation"
371,60,"forward",0.819765062450468,0.0622317713624084,0.476969600708473,0.12801909579781,0.0734510734252585,0.0112193020628501,"violation in forward orientation",1,0.897586206896552,1,60,0.819765062450468,0.0622317713624084,0.476969600708473,0.12801909579781,0.0734510734252585,0.0112193020628501,"violation",1,390,0.134472758841581,0.656398919260547,0.289459811111181,0.49278822701683,0.670037782364973,0.0136388631044264,"violation"
372,120,"reverse",0.0646455958718563,0.831094078652423,0.15612494995996,0.450616861153192,0.841370827596576,0.0102767489441539,"violation in reverse orientation",1,0.897586206896552,0,10050,0.000182358314524332,1,0.00498754668053816,0.00498754668053816,0.999542552273042,-0.000457447726958327,"max_iter reached without violation",1,120,0.0646455958718563,0.831094078652423,0.15612494995996,0.450616861153192,0.841370827596576,0.0102767489441539,"violation"
373,10050,"reverse",1,0.000182358314524332,0.00498754668053816,0.00498754668053816,0,-0.000182358314524332,"max_iter reached without violation in either orientation",0,0.897586206896552,0,10050,0.000182358314524332,1,0.00498754668053816,0.00498754668053816,0.999542552273042,-0.000457447726958327,"max_iter reached without violation",0,10050,1,0.000182358314524332,0.00498754668053816,0.00498754668053816,0,-0.000182358314524332,"max_iter reached without violation"
374,80,"reverse",0.0732709191287605,0.819812757386282,0.15612494995996,0.46837484987988,0.820207102237247,0.000394344850965567,"violation in reverse orientation",1,0.897586206896552,1,110,0.780482926783159,0.0859405919145952,0.475516248386255,0.187193275290673,0.0894605950288239,0.00352000311422868,"violation",1,80,0.0732709191287605,0.819812757386282,0.15612494995996,0.46837484987988,0.820207102237247,0.000394344850965567,"violation"
375,240,"forward",0.677329402780283,0.128434594434555,0.49228421668788,0.269998713988707,0.131501042752808,0.00306644831825295,"violation in forward orientation",1,0.897586206896552,1,240,0.677329402780283,0.128434594434555,0.49228421668788,0.269998713988707,0.131501042752808,0.00306644831825295,"violation",0,10050,1,0.000182358314524332,0.00498754668053816,0.00498754668053816,0,-0.000182358314524332,"max_iter reached without violation"
376,10050,"reverse",1,0.000182358314524332,0.00498754668053816,0.00498754668053816,0,-0.000182358314524332,"max_iter reached without violation in either orientation",0,0.897586206896552,0,10050,0.000182358314524332,1,0.00498754668053816,0.00498754668053816,0.999542552273042,-0.000457447726958327,"max_iter reached without violation",0,10050,1,0.000182358314524332,0.00498754668053816,0.00498754668053816,0,-0.000182358314524332,"max_iter reached without violation"
377,60,"reverse",0.0622317713624083,0.819765062450468,0.12801909579781,0.476969600708473,0.847293564340696,0.0275285018902282,"violation in reverse orientation",1,0.897586206896552,1,140,0.755826369630254,0.0906080826802676,0.479157423749955,0.202534955410826,0.0995094296378211,0.00890134695755349,"violation",1,60,0.0622317713624083,0.819765062450468,0.12801909579781,0.476969600708473,0.847293564340696,0.0275285018902282,"violation"
378,820,"reverse",0.111731614310527,0.672599790542985,0.275771590733709,0.484899886635879,0.725837121459516,0.0532373309165312,"violation in reverse orientation",1,0.897586206896552,1,1390,0.684431761548364,0.0958965213794806,0.478633044864271,0.261934730047846,0.128606460668553,0.0327099392890725,"violation",1,820,0.111731614310527,0.672599790542985,0.275771590733709,0.484899886635879,0.725837121459516,0.0532373309165312,"violation"
379,140,"forward",0.617883206200791,0.142008787971701,0.5,0.269068688597677,0.155728472148435,0.0137196841767341,"violation in forward orientation",1,0.897586206896552,1,140,0.617883206200791,0.142008787971701,0.5,0.269068688597677,0.155728472148435,0.0137196841767341,"violation",1,480,0.159213864837079,0.605643557513599,0.321022671404304,0.498430697010349,0.609331191228734,0.00368763371513481,"violation"
380,420,"forward",0.701193372571013,0.119362534080146,0.481894409826699,0.272761971268946,0.12177522888293,0.00241269480278401,"violation in forward orientation",1,0.897586206896552,1,420,0.701193372571013,0.119362534080146,0.481894409826699,0.272761971268946,0.12177522888293,0.00241269480278401,"violation",0,10050,1,0.000182358314524332,0.00498754668053816,0.00498754668053816,0,-0.000182358314524332,"max_iter reached without violation"
381,160,"reverse",0.0889840203618664,0.75548267551641,0.20453835214942,0.476969600708473,0.781652285317824,0.0261696098014141,"violation in reverse orientation",1,0.897586206896552,1,160,0.75548267551641,0.0889840203618663,0.476969600708473,0.20453835214942,0.099649502936972,0.0106654825751057,"violation",1,160,0.0889840203618664,0.75548267551641,0.20453835214942,0.476969600708473,0.781652285317824,0.0261696098014141,"violation"
382,1390,"forward",0.659825671061782,0.0893425367557909,0.48552837018099,0.252337552622958,0.138634727475647,0.0492921907198558,"violation in forward orientation",1,0.897586206896552,1,1390,0.659825671061782,0.0893425367557909,0.48552837018099,0.252337552622958,0.138634727475647,0.0492921907198558,"violation",0,10050,1,0.000182358314524332,0.00498754668053816,0.00498754668053816,0,-0.000182358314524332,"max_iter reached without violation"
383,480,"reverse",0.119964466890261,0.691175327954928,0.276385399196283,0.483580217119031,0.70563639092088,0.0144610629659523,"violation in reverse orientation",1,0.897586206896552,0,10050,0.000182358314524332,1,0.00498754668053816,0.00498754668053816,0.999542552273042,-0.000457447726958327,"max_iter reached without violation",1,480,0.119964466890261,0.691175327954928,0.276385399196283,0.483580217119031,0.70563639092088,0.0144610629659523,"violation"
384,260,"forward",0.700888844522337,0.118818688923901,0.48650425541052,0.260262725703341,0.121899339965267,0.00308065104136628,"violation in forward orientation",1,0.897586206896552,1,260,0.700888844522337,0.118818688923901,0.48650425541052,0.260262725703341,0.121899339965267,0.00308065104136628,"violation",0,10050,1,0.000182358314524332,0.00498754668053816,0.00498754668053816,0,-0.000182358314524332,"max_iter reached without violation"
385,330,"reverse",0.139831861776271,0.653501380229307,0.291744381618041,0.494227467584851,0.656888294594602,0.00338691436529481,"violation in reverse orientation",1,0.897586206896552,0,10050,0.000182358314524332,1,0.00498754668053816,0.00498754668053816,0.999542552273042,-0.000457447726958327,"max_iter reached without violation",1,330,0.139831861776271,0.653501380229307,0.291744381618041,0.494227467584851,0.656888294594602,0.00338691436529481,"violation"
386,50,"forward",0.844410079701748,0.0275269587093166,0.47370877129308,0.0707106781186548,0.063406941928789,0.0358799832194724,"violation in forward orientation",1,0.897586206896552,1,50,0.844410079701748,0.0275269587093166,0.47370877129308,0.0707106781186548,0.063406941928789,0.0358799832194724,"violation at burn-in",1,120,0.0789160685510231,0.786372793895149,0.17950549357115,0.471404520791032,0.806355749838425,0.0199829559432759,"violation"
387,120,"reverse",0.0789160685510231,0.801457869427747,0.17950549357115,0.465176191231762,0.806355749838425,0.00489788041067774,"violation in reverse orientation",1,0.897586206896552,1,240,0.665205078293104,0.133766669413116,0.49434299833213,0.276385399196283,0.136442338115414,0.00267566870229827,"violation",1,120,0.0789160685510231,0.801457869427747,0.17950549357115,0.465176191231762,0.806355749838425,0.00489788041067774,"violation"
388,90,"forward",0.732531618198095,0.0857374138515052,0.492035329455212,0.17950549357115,0.109003257301911,0.023265843450406,"violation in forward orientation",1,0.897586206896552,1,90,0.732531618198095,0.0857374138515052,0.492035329455212,0.17950549357115,0.109003257301911,0.023265843450406,"violation",1,6780,0.0983691627173155,0.621525760196408,0.280781761661768,0.489807419950033,0.758624212125327,0.137098451928919,"violation"
389,120,"forward",0.740129479481555,0.105343859519633,0.486198404860494,0.217944947177034,0.105906732067422,0.000562872547789084,"violation in forward orientation",1,0.897586206896552,1,120,0.740129479481555,0.105343859519633,0.486198404860494,0.217944947177034,0.105906732067422,0.000562872547789084,"violation",1,820,0.0946403371181901,0.695099573736751,0.252247482416544,0.478476351844312,0.767773531929609,0.0726739581928584,"violation"
390,70,"forward",0.77493133917732,0.083553645447262,0.486763572497166,0.166598625567009,0.091723156882958,0.008169511435696,"violation in forward orientation",1,0.897586206896552,1,70,0.77493133917732,0.083553645447262,0.486763572497166,0.166598625567009,0.091723156882958,0.008169511435696,"violation",1,480,0.109908947872479,0.695194319762474,0.263391343821318,0.482465996211132,0.730309349429131,0.0351150296666565,"violation"
391,230,"forward",0.691201424864089,0.122619039506902,0.489897948556636,0.261629328405746,0.125847469354541,0.00322842984763883,"violation in forward orientation",1,0.897586206896552,1,230,0.691201424864089,0.122619039506902,0.489897948556636,0.261629328405746,0.125847469354541,0.00322842984763883,"violation",0,10050,1,0.000182358314524332,0.00498754668053816,0.00498754668053816,0,-0.000182358314524332,"max_iter reached without violation"
392,190,"forward",0.754563912985212,0.0981317034565967,0.47441464150842,0.223296878269436,0.100023946646355,0.00189224318975827,"violation in forward orientation",1,0.897586206896552,1,190,0.754563912985212,0.0981317034565967,0.47441464150842,0.223296878269436,0.100023946646355,0.00189224318975827,"violation",1,280,0.101256746636353,0.744458720921921,0.238805488262916,0.472239562173303,0.751539024568373,0.0070803036464514,"violation"
393,60,"forward",0.819765062450468,0.0622317713624084,0.476969600708473,0.12801909579781,0.0734510734252585,0.0112193020628501,"violation in forward orientation",1,0.897586206896552,1,60,0.819765062450468,0.0622317713624084,0.476969600708473,0.12801909579781,0.0734510734252585,0.0112193020628501,"violation",1,1390,0.0975288570164834,0.655595782345315,0.264259989327794,0.48656979788182,0.760686047785348,0.105090265440033,"violation"
394,190,"reverse",0.0906533665183651,0.774081444593595,0.212425642848532,0.46688096912937,0.777556255229037,0.00347481063544208,"violation in reverse orientation",1,0.897586206896552,1,280,0.734354280976135,0.0965495261969029,0.475831710089324,0.232115382989599,0.108260427040131,0.0117109008432279,"violation",1,190,0.0906533665183651,0.774081444593595,0.212425642848532,0.46688096912937,0.777556255229037,0.00347481063544208,"violation"
395,90,"forward",0.78418865915957,0.0652551788198453,0.478681316189734,0.147405546238018,0.0879503155715247,0.0226951367516795,"violation in forward orientation",1,0.897586206896552,1,90,0.78418865915957,0.0652551788198453,0.478681316189734,0.147405546238018,0.0879503155715247,0.0226951367516795,"violation",0,10050,1,0.000182358314524332,0.00498754668053816,0.00498754668053816,0,-0.000182358314524332,"max_iter reached without violation"
396,480,"forward",0.701213191720884,0.0788856447964163,0.480722113075735,0.217944947177034,0.121767151544399,0.0428815067479827,"violation in forward orientation",1,0.897586206896552,1,480,0.701213191720884,0.0788856447964163,0.480722113075735,0.217944947177034,0.121767151544399,0.0428815067479827,"violation",0,10050,1,0.000182358314524332,0.00498754668053816,0.00498754668053816,0,-0.000182358314524332,"max_iter reached without violation"
397,300,"forward",0.718915302586888,0.11194792501412,0.48,0.255147016443461,0.114552616959563,0.00260469194544356,"violation in forward orientation",1,0.897586206896552,1,300,0.718915302586888,0.11194792501412,0.48,0.255147016443461,0.114552616959563,0.00260469194544356,"violation",1,2360,0.113050833823081,0.622176828927883,0.291332896122484,0.491941488137204,0.722600187767781,0.100423358839898,"violation"
398,280,"forward",0.696924489716726,0.0965495261969029,0.486763572497166,0.232115382989599,0.123515021567768,0.0269654953708654,"violation in forward orientation",1,0.897586206896552,1,280,0.696924489716726,0.0965495261969029,0.486763572497166,0.232115382989599,0.123515021567768,0.0269654953708654,"violation",1,820,0.0960766530881649,0.674974061260537,0.254323120953009,0.484279947160619,0.76424928178705,0.0892752205265128,"violation"
399,180,"reverse",0.10344541255513,0.718316135667752,0.229061423645426,0.486198404860494,0.746168753445927,0.0278526177781755,"violation in reverse orientation",1,0.897586206896552,0,10050,0.000182358314524332,1,0.00498754668053816,0.00498754668053816,0.999542552273042,-0.000457447726958327,"max_iter reached without violation",1,180,0.10344541255513,0.718316135667752,0.229061423645426,0.486198404860494,0.746168753445927,0.0278526177781755,"violation"
400,460,"reverse",0.135391298400377,0.666192493841618,0.294113643918048,0.489897948556636,0.667783986376693,0.00159149253507496,"violation in reverse orientation",1,0.897586206896552,1,610,0.632629419478808,0.148933510211256,0.494527971442569,0.314719943502071,0.149718620188129,0.000785109976873366,"violation",1,460,0.135391298400377,0.666192493841618,0.294113643918048,0.489897948556636,0.667783986376693,0.00159149253507496,"violation"
