"trial","stopped_at_n","selected_direction","T1_","T2_","s1","s2","beta_allowed","margin","reason","violation","eps","fwd_violation","fwd_stopped_at_n","fwd_T1_","fwd_T2_","fwd_s1","fwd_s2","fwd_beta_allowed","fwd_margin","fwd_reason","rev_violation","rev_stopped_at_n","rev_T1_","rev_T2_","rev_s1","rev_s2","rev_beta_allowed","rev_margin","rev_reason"
1,10050,"forward",0.223411814102309,0.598144758054499,0.406277125184226,0.493542368699228,0.596818674868544,-0.00132608318595451,"max_iter reached without violation in either orientation",0,0.590344827586207,0,10050,0.223411814102309,0.598144758054499,0.406277125184226,0.493542368699228,0.596818674868544,-0.00132608318595451,"max_iter reached without violation",0,10050,0.635972069538053,0.206851388470504,0.485825733061639,0.39421504266563,0.20171550192404,-0.00513588654646385,"max_iter reached without violation"
2,170,"forward",0.830077090827866,0.0925546506561993,0.441176470588235,0.211764705882353,0.0941548887812648,0.00160023812506543,"violation in forward orientation",1,0.590344827586207,1,170,0.830077090827866,0.0925546506561993,0.441176470588235,0.211764705882353,0.0941548887812648,0.00160023812506543,"violation",0,10050,0.524846951432825,0.266390925098841,0.49995687049449,0.433328203955453,0.263293949300295,-0.00309697579854612,"max_iter reached without violation"
3,70,"forward",0.887098804496458,0.0534488391899587,0.43705881545081,0.118666055184544,0.0625570947422945,0.00910825555233578,"violation in forward orientation",1,0.590344827586207,1,70,0.887098804496458,0.0534488391899587,0.43705881545081,0.118666055184544,0.0625570947422945,0.00910825555233578,"violation",0,10050,0.588843709930289,0.236675255647686,0.49496966116233,0.415251241091331,0.22783103063185,-0.00884422501583595,"max_iter reached without violation"
4,10050,"reverse",0.572699692692156,0.24034437262102,0.497017873586244,0.41763146338243,0.236777014518215,-0.00356735810280534,"max_iter reached without violation in either orientation",0,0.590344827586207,0,10050,0.265476508696507,0.526835900581317,0.432811447818377,0.499926768726931,0.520908281638282,-0.00592761894303595,"max_iter reached without violation",0,10050,0.572699692692156,0.24034437262102,0.497017873586244,0.41763146338243,0.236777014518215,-0.00356735810280534,"max_iter reached without violation"
5,10050,"reverse",0.610799305920119,0.226168355671748,0.491305923390564,0.408190943117819,0.215664640752347,-0.0105037149194012,"max_iter reached without violation in either orientation",0,0.590344827586207,0,10050,0.219019729524918,0.617418196668266,0.403173483380966,0.489999239763631,0.604744677198687,-0.0126735194695786,"max_iter reached without violation",0,10050,0.610799305920119,0.226168355671748,0.491305923390564,0.408190943117819,0.215664640752347,-0.0105037149194012,"max_iter reached without violation"
6,6780,"forward",0.228322605450379,0.586383374037844,0.407853220568303,0.495751193472839,0.587956608808159,0.00157323477031535,"violation in forward orientation",1,0.590344827586207,1,6780,0.228322605450379,0.586383374037844,0.407853220568303,0.495751193472839,0.587956608808159,0.00157323477031535,"violation",0,10050,0.582606334365219,0.24034437262102,0.495825208675876,0.41763146338243,0.231287386040498,-0.0090569865805219,"max_iter reached without violation"
7,8280,"reverse",0.615817722142063,0.212864614183562,0.490623593182121,0.397809587577919,0.212883754805909,1.91406223470081e-05,"violation in reverse orientation",1,0.590344827586207,0,10050,0.25408943426934,0.552765087435731,0.426170919854209,0.49880643659796,0.541457516711719,-0.0113075707240113,"max_iter reached without violation",1,8280,0.615817722142063,0.212864614183562,0.490623593182121,0.397809587577919,0.212883754805909,1.91406223470081e-05,"violation"
8,8330,"forward",0.238394664595222,0.569723778161975,0.415570264677496,0.49748768225571,0.569780464236102,5.66860741276765e-05,"violation in forward orientation",1,0.590344827586207,1,8330,0.238394664595222,0.569723778161975,0.415570264677496,0.49748768225571,0.569780464236102,5.66860741276765e-05,"violation",1,8600,0.581908218522333,0.231502498476132,0.496071042470667,0.411144621691585,0.231674237280134,0.000171738804002231,"violation"
9,10050,"forward",0.228311661096897,0.597353437614325,0.409661106552992,0.493670900144583,0.587976359104326,-0.00937707850999903,"max_iter reached without violation in either orientation",0,0.590344827586207,0,10050,0.228311661096897,0.597353437614325,0.409661106552992,0.493670900144583,0.587976359104326,-0.00937707850999903,"max_iter reached without violation",0,10050,0.582408274105135,0.245132189322812,0.49585104687458,0.420672806064446,0.231397138394519,-0.0137350509282935,"max_iter reached without violation"
10,10050,"reverse",0.522459830087659,0.26882892926085,0.499982534780731,0.434694197762265,0.264616739580661,-0.00421218968018994,"max_iter reached without violation in either orientation",0,0.590344827586207,0,10050,0.229638177902701,0.59745235530282,0.410563240200105,0.493654905740071,0.5855825128319,-0.0118698424709199,"max_iter reached without violation",0,10050,0.522459830087659,0.26882892926085,0.499982534780731,0.434694197762265,0.264616739580661,-0.00421218968018994,"max_iter reached without violation"
11,10050,"reverse",0.587556874462397,0.235961626895783,0.495152822286096,0.414783241581186,0.228544112709895,-0.00741751418588779,"max_iter reached without violation in either orientation",0,0.590344827586207,0,10050,0.241974572786851,0.578050197958296,0.418675159149536,0.496398962929781,0.563320124010733,-0.014730073947563,"max_iter reached without violation",0,10050,0.587556874462397,0.235961626895783,0.495152822286096,0.414783241581186,0.228544112709895,-0.00741751418588779,"max_iter reached without violation"
12,10050,"reverse",0.622651590742638,0.218611034614865,0.4888987265302,0.402881246989436,0.209096861030928,-0.00951417358393747,"max_iter reached without violation in either orientation",0,0.590344827586207,0,10050,0.235757721562191,0.58547787417216,0.414649215520044,0.495441420786209,0.574539119552498,-0.0109387546196617,"max_iter reached without violation",0,10050,0.622651590742638,0.218611034614865,0.4888987265302,0.402881246989436,0.209096861030928,-0.00951417358393747,"max_iter reached without violation"
13,10050,"forward",0.228821886115216,0.594781313902669,0.410008798890879,0.494079539368905,0.587055601634194,-0.00772571226847585,"max_iter reached without violation in either orientation",0,0.590344827586207,0,10050,0.228821886115216,0.594781313902669,0.410008798890879,0.494079539368905,0.587055601634194,-0.00772571226847585,"max_iter reached without violation",0,10050,0.634591350249501,0.213295967928236,0.486162566166468,0.399026574768028,0.202480608422923,-0.0108153595053126,"max_iter reached without violation"
14,110,"forward",0.845223976917025,0.0704096779402481,0.445361771415123,0.162877026065172,0.085761451331127,0.0153517733908789,"violation in forward orientation",1,0.590344827586207,1,110,0.845223976917025,0.0704096779402481,0.445361771415123,0.162877026065172,0.085761451331127,0.0153517733908789,"violation",1,4580,0.514385827257594,0.268996133798013,0.499880804235954,0.431361483390656,0.269090836588288,9.47027902756248e-05,"violation"
15,150,"forward",0.840048031523678,0.0846963054729336,0.438634243989226,0.195959179422654,0.0886296298893249,0.00393332441639131,"violation in forward orientation",1,0.590344827586207,1,150,0.840048031523678,0.0846963054729336,0.438634243989226,0.195959179422654,0.0886296298893249,0.00393332441639131,"violation",1,8570,0.611957986021847,0.214904634125984,0.491319213202707,0.39947395387554,0.215022574198117,0.000117940072132894,"violation"
16,10050,"reverse",0.652922463454273,0.199478960613166,0.481339362602462,0.38851938585522,0.192322675553423,-0.00715628505974325,"max_iter reached without violation in either orientation",0,0.590344827586207,0,10050,0.215545113619955,0.624329766494639,0.400670078084811,0.488533148326636,0.611015005848744,-0.0133147606458952,"max_iter reached without violation",0,10050,0.652922463454273,0.199478960613166,0.481339362602462,0.38851938585522,0.192322675553423,-0.00715628505974325,"max_iter reached without violation"
17,10050,"forward",0.201117956936518,0.642971900374845,0.389803658786899,0.484052184341127,0.637050405549123,-0.00592149482572202,"max_iter reached without violation in either orientation",0,0.590344827586207,0,10050,0.201117956936518,0.642971900374845,0.389803658786899,0.484052184341127,0.637050405549123,-0.00592149482572202,"max_iter reached without violation",0,10050,0.645928369070452,0.204087643400723,0.483269804783252,0.392104207149862,0.196198356230323,-0.00788928717040063,"max_iter reached without violation"
18,9680,"reverse",0.59397486124977,0.224935433425665,0.494248561554123,0.407175777991243,0.224987674090199,5.22406645344919e-05,"violation in reverse orientation",1,0.590344827586207,0,10050,0.275124183564395,0.518878366079546,0.438143067152025,0.499999643573052,0.503497985425644,-0.0153803806539022,"max_iter reached without violation",1,9680,0.59397486124977,0.224935433425665,0.494248561554123,0.407175777991243,0.224987674090199,5.22406645344919e-05,"violation"
19,10050,"reverse",0.563083206390823,0.245946867793715,0.497982106666431,0.421183122751283,0.242105857409436,-0.00384101038427861,"max_iter reached without violation in either orientation",0,0.590344827586207,0,10050,0.235553811150933,0.588051826097774,0.414515050583473,0.495082783682631,0.574907098439582,-0.0131447276581923,"max_iter reached without violation",0,10050,0.563083206390823,0.245946867793715,0.497982106666431,0.421183122751283,0.242105857409436,-0.00384101038427861,"max_iter reached without violation"
20,50,"forward",0.861594493296846,0.0745005976726398,0.466476151587624,0.14,0.0766899560778006,0.00218935840516084,"violation in forward orientation",1,0.590344827586207,1,50,0.861594493296846,0.0745005976726398,0.466476151587624,0.14,0.0766899560778006,0.00218935840516084,"violation at burn-in",0,10050,0.503845890891372,0.27928489623193,0.499791793485769,0.440361464987621,0.274931396561974,-0.00435349966995591,"max_iter reached without violation"
21,10050,"reverse",0.563380727018968,0.255106723534402,0.497955116488602,0.426779856616631,0.241940990467956,-0.0131657330664461,"max_iter reached without violation in either orientation",0,0.590344827586207,0,10050,0.24869583694718,0.568536702159024,0.422889833165539,0.497458594101285,0.551190859544721,-0.0173458426143034,"max_iter reached without violation",0,10050,0.563380727018968,0.255106723534402,0.497955116488602,0.426779856616631,0.241940990467956,-0.0131657330664461,"max_iter reached without violation"
22,1250,"reverse",0.659125369133184,0.187589979508058,0.486166391269491,0.362855343077651,0.188885421155483,0.00129544164742532,"violation in reverse orientation",1,0.590344827586207,0,10050,0.232494542280937,0.590130419274028,0.41248581900164,0.494783050510622,0.580427887432795,-0.00970253184123249,"max_iter reached without violation",1,1250,0.659125369133184,0.187589979508058,0.486166391269491,0.362855343077651,0.188885421155483,0.00129544164742532,"violation"
23,10050,"reverse",0.583992673006459,0.236573312479722,0.495642066308547,0.415184487856256,0.230519165655036,-0.00605414682468589,"max_iter reached without violation in either orientation",0,0.590344827586207,0,10050,0.239019600898881,0.582408274105135,0.416777058221177,0.49585104687458,0.568652697565923,-0.0137555765392117,"max_iter reached without violation",0,10050,0.583992673006459,0.236573312479722,0.495642066308547,0.415184487856256,0.230519165655036,-0.00605414682468589,"max_iter reached without violation"
24,10050,"reverse",0.56823929602974,0.245946867793715,0.497488715852365,0.421183122751283,0.239248681642957,-0.00669818615075743,"max_iter reached without violation in either orientation",0,0.590344827586207,0,10050,0.222799116195248,0.615837878838964,0.405848191612068,0.490319838696338,0.597924355998649,-0.017913522840315,"max_iter reached without violation",0,10050,0.56823929602974,0.245946867793715,0.497488715852365,0.421183122751283,0.239248681642957,-0.00669818615075743,"max_iter reached without violation"
25,10050,"reverse",0.560504418114703,0.256022184317702,0.498208468343086,0.42732517684102,0.243534857268902,-0.0124873270487997,"max_iter reached without violation in either orientation",0,0.590344827586207,0,10050,0.244419281848013,0.580130367811834,0.420224533668094,0.496142352285953,0.558908376155277,-0.0212219916565569,"max_iter reached without violation",0,10050,0.560504418114703,0.256022184317702,0.498208468343086,0.42732517684102,0.243534857268902,-0.0124873270487997,"max_iter reached without violation"
26,6710,"reverse",0.586408953314404,0.229128259260296,0.495759927394854,0.40835469982692,0.229180217338705,5.19580784094364e-05,"violation in reverse orientation",1,0.590344827586207,0,10050,0.235247936002634,0.584388743010756,0.414313542492024,0.495589008289128,0.575459083970696,-0.00892965904005971,"max_iter reached without violation",1,6710,0.586408953314404,0.229128259260296,0.495759927394854,0.40835469982692,0.229180217338705,5.19580784094364e-05,"violation"
27,390,"forward",0.539338693020262,0.249717463654049,0.498887651569859,0.394113490998446,0.255263551115366,0.0055460874613163,"violation in forward orientation",1,0.590344827586207,1,390,0.539338693020262,0.249717463654049,0.498887651569859,0.394113490998446,0.255263551115366,0.0055460874613163,"violation",0,10050,0.569924509926593,0.246354177941545,0.497315632715884,0.421437485540804,0.238314843667939,-0.00803933427360567,"max_iter reached without violation"
28,10050,"reverse",0.583497568778133,0.237592687356671,0.495707931455697,0.415850466638788,0.230793520816044,-0.00679916654062737,"max_iter reached without violation in either orientation",0,0.590344827586207,0,10050,0.239529153414849,0.579040795754958,0.417106357447276,0.496277881184609,0.567733153700652,-0.0113076420543059,"max_iter reached without violation",0,10050,0.583497568778133,0.237592687356671,0.495707931455697,0.415850466638788,0.230793520816044,-0.00679916654062737,"max_iter reached without violation"
29,10050,"reverse",0.627093331436327,0.216465021925669,0.487917638733803,0.401337039188114,0.20663553185325,-0.00982949007241971,"max_iter reached without violation in either orientation",0,0.590344827586207,0,10050,0.241465169257613,0.576564162554683,0.418349934748722,0.496576791831225,0.564239399012973,-0.0123247635417097,"max_iter reached without violation",0,10050,0.627093331436327,0.216465021925669,0.487917638733803,0.401337039188114,0.20663553185325,-0.00982949007241971,"max_iter reached without violation"
30,10050,"reverse",0.612479051350862,0.222390623857316,0.490983276303241,0.405561495620006,0.214733833052196,-0.00765679080511963,"max_iter reached without violation in either orientation",0,0.590344827586207,0,10050,0.227699347627824,0.603979255877941,0.409242687458416,0.492553685842763,0.589081346473568,-0.0148979094043732,"max_iter reached without violation",0,10050,0.612479051350862,0.222390623857316,0.490983276303241,0.405561495620006,0.214733833052196,-0.00765679080511963,"max_iter reached without violation"
31,8370,"forward",0.223278586384018,0.596667846788368,0.405363597141927,0.494007272109276,0.59705909901954,0.000391252231172423,"violation in forward orientation",1,0.590344827586207,1,8370,0.223278586384018,0.596667846788368,0.405363597141927,0.494007272109276,0.59705909901954,0.000391252231172423,"violation",0,10050,0.569428880843954,0.24370631461477,0.497367142962959,0.419774626863018,0.238589489669705,-0.00511682494506502,"max_iter reached without violation"
32,50,"reverse",0.275078575707952,0.454790769027509,0.346987031457949,0.448998886412873,0.50358028984626,0.0487895208187514,"violation in reverse orientation",1,0.590344827586207,0,10050,0.249001223921982,0.563380727018968,0.423077989586603,0.497955116488602,0.550639754976669,-0.0127409720422997,"max_iter reached without violation",1,50,0.275078575707952,0.454790769027509,0.346987031457949,0.448998886412873,0.50358028984626,0.0487895208187514,"violation at burn-in"
33,7560,"forward",0.199938371295038,0.638898555589094,0.387479878260357,0.485653313569974,0.639179098286758,0.000280542697664199,"violation in forward orientation",1,0.590344827586207,1,7560,0.199938371295038,0.638898555589094,0.387479878260357,0.485653313569974,0.639179098286758,0.000280542697664199,"violation",0,10050,0.578446445958391,0.24166893437335,0.496350773141105,0.41848012581553,0.233592530671331,-0.00807640370201865,"max_iter reached without violation"
34,8790,"reverse",0.567927150144121,0.239187168883389,0.497623470937115,0.416321153440093,0.239421652968604,0.000234484085215314,"violation in reverse orientation",1,0.590344827586207,0,10050,0.211659793059538,0.62502071486893,0.397819469344886,0.488380833691151,0.618026496468422,-0.00699421840050807,"max_iter reached without violation",1,8790,0.567927150144121,0.239187168883389,0.497623470937115,0.416321153440093,0.239421652968604,0.000234484085215314,"violation"
35,10050,"reverse",0.628869586486016,0.216873833628664,0.487513135922092,0.401632469896578,0.205651244682454,-0.0112225889462101,"max_iter reached without violation in either orientation",0,0.590344827586207,0,10050,0.240446269424769,0.594682375930074,0.417696948544333,0.494094978998049,0.566078116439062,-0.0286042594910121,"max_iter reached without violation",0,10050,0.628869586486016,0.216873833628664,0.487513135922092,0.401632469896578,0.205651244682454,-0.0112225889462101,"max_iter reached without violation"
36,10050,"reverse",0.556337638415699,0.250731547373688,0.498545554199552,0.42413866434681,0.24584382061399,-0.00488772675969731,"max_iter reached without violation in either orientation",0,0.590344827586207,0,10050,0.223207586872305,0.610799305920119,0.406134295173647,0.491305923390564,0.597187225490094,-0.0136120804300254,"max_iter reached without violation",0,10050,0.556337638415699,0.250731547373688,0.498545554199552,0.42413866434681,0.24584382061399,-0.00488772675969731,"max_iter reached without violation"
37,10050,"reverse",0.563777410928306,0.245641372466638,0.497918848929526,0.420992002867694,0.241721173565597,-0.00392019890104081,"max_iter reached without violation in either orientation",0,0.590344827586207,0,10050,0.227903457391896,0.598045845633464,0.409382304745608,0.493558507170123,0.588713007832284,-0.00933283780118066,"max_iter reached without violation",0,10050,0.563777410928306,0.245641372466638,0.497918848929526,0.420992002867694,0.241721173565597,-0.00392019890104081,"max_iter reached without violation"
38,650,"forward",0.464551298159735,0.295996811717708,0.49140542319029,0.430769230769231,0.296705951693651,0.000709139975943074,"violation in forward orientation",1,0.590344827586207,1,650,0.464551298159735,0.295996811717708,0.49140542319029,0.430769230769231,0.296705951693651,0.000709139975943074,"violation",0,10050,0.580625598201475,0.250731547373688,0.496079937683101,0.42413866434681,0.232384983592744,-0.0183465637809432,"max_iter reached without violation"
39,8360,"reverse",0.556164270744404,0.245897717556573,0.498667195840669,0.420386581043114,0.245939889911424,4.2172354851211e-05,"violation in reverse orientation",1,0.590344827586207,0,10050,0.209409451066225,0.644154574224814,0.396143246872607,0.483741594806849,0.622087487455352,-0.022067086769462,"max_iter reached without violation",1,8360,0.556164270744404,0.245897717556573,0.498667195840669,0.420386581043114,0.245939889911424,4.2172354851211e-05,"violation"
40,10050,"reverse",0.600617323730178,0.230556406141479,0.493132210211522,0.411184251041726,0.221306845369628,-0.00924956077185027,"max_iter reached without violation in either orientation",0,0.590344827586207,0,10050,0.212580186488155,0.642971900374845,0.398499698684003,0.484052184341127,0.616365544742352,-0.0266063556324929,"max_iter reached without violation",0,10050,0.600617323730178,0.230556406141479,0.493132210211522,0.411184251041726,0.221306845369628,-0.00924956077185027,"max_iter reached without violation"
41,10050,"forward",0.248085030673783,0.55911563485562,0.422512636259339,0.498324749785326,0.552293127012687,-0.00682250784293326,"max_iter reached without violation in either orientation",0,0.590344827586207,0,10050,0.248085030673783,0.55911563485562,0.422512636259339,0.498324749785326,0.552293127012687,-0.00682250784293326,"max_iter reached without violation",0,10050,0.59270345901514,0.233718388137113,0.494399464926922,0.413301294398513,0.225692204055468,-0.00802618408164477,"max_iter reached without violation"
42,10050,"reverse",0.554551481147931,0.24869583694718,0.498679228806691,0.422889833165539,0.24683359496199,-0.00186224198519022,"max_iter reached without violation in either orientation",0,0.590344827586207,0,10050,0.255411887588962,0.553459824185858,0.426961916111912,0.49875773501339,0.539071003449478,-0.0143888207363803,"max_iter reached without violation",0,10050,0.554551481147931,0.24869583694718,0.498679228806691,0.422889833165539,0.24683359496199,-0.00186224198519022,"max_iter reached without violation"
43,10050,"reverse",0.554849190450666,0.259784762220402,0.498657398927273,0.429540160965687,0.246668623469095,-0.0131161387513064,"max_iter reached without violation in either orientation",0,0.590344827586207,0,10050,0.229842237759375,0.603682649976553,0.41070149250718,0.49260569403208,0.585214264254033,-0.01846838572252,"max_iter reached without violation",0,10050,0.554849190450666,0.259784762220402,0.498657398927273,0.429540160965687,0.246668623469095,-0.0131161387513064,"max_iter reached without violation"
44,10050,"forward",0.251443933721294,0.547603067928985,0.424572683780736,0.499137644005811,0.546231615010314,-0.00137145291867125,"max_iter reached without violation in either orientation",0,0.590344827586207,0,10050,0.251443933721294,0.547603067928985,0.424572683780736,0.499137644005811,0.546231615010314,-0.00137145291867125,"max_iter reached without violation",0,10050,0.570519240544385,0.241261399197775,0.49725315631757,0.418219608459452,0.237985281921007,-0.00327611727676719,"max_iter reached without violation"
45,10050,"forward",0.17905958691653,0.682625618179127,0.371606570556963,0.471859858901364,0.676857173633132,-0.00576844454599568,"max_iter reached without violation in either orientation",0,0.590344827586207,0,10050,0.17905958691653,0.682625618179127,0.371606570556963,0.471859858901364,0.676857173633132,-0.00576844454599568,"max_iter reached without violation",0,10050,0.617516959998106,0.228617800051587,0.489979023610327,0.409869829816887,0.211942145647852,-0.0166756544037351,"max_iter reached without violation"
46,6360,"forward",0.222063488457292,0.598722733970344,0.403149038673554,0.49405305499138,0.599251877603121,0.000529143632777007,"violation in forward orientation",1,0.590344827586207,1,6360,0.222063488457292,0.598722733970344,0.403149038673554,0.49405305499138,0.599251877603121,0.000529143632777007,"violation",0,10050,0.596660992737317,0.237796547211342,0.493782285046875,0.415983248839739,0.22349919147464,-0.014297355736702,"max_iter reached without violation"
47,10050,"reverse",0.580625598201475,0.236879138192515,0.496079937683101,0.415384643873938,0.232384983592744,-0.00449415459977093,"max_iter reached without violation in either orientation",0,0.590344827586207,0,10050,0.235247936002634,0.589140654055371,0.414313542492024,0.494926903477821,0.575459083970696,-0.013681570084675,"max_iter reached without violation",0,10050,0.580625598201475,0.236879138192515,0.496079937683101,0.415384643873938,0.232384983592744,-0.00449415459977093,"max_iter reached without violation"
48,140,"forward",0.762453411583652,0.122110069913782,0.476969600708473,0.245261210191277,0.131627615422468,0.00951754550868575,"violation in forward orientation",1,0.590344827586207,1,140,0.762453411583652,0.122110069913782,0.476969600708473,0.245261210191277,0.131627615422468,0.00951754550868575,"violation",0,10050,0.620282020533593,0.216567226949441,0.489404418891538,0.401410954246708,0.210409925591938,-0.00615730135750381,"max_iter reached without violation"
49,80,"reverse",0.117384507872718,0.751467297585606,0.217944947177034,0.489897948556636,0.788156674268734,0.0366893766831285,"violation in reverse orientation",1,0.590344827586207,0,10050,0.204497155744552,0.655384201483223,0.392418800564851,0.48063306519921,0.630952267602425,-0.0244319338807972,"max_iter reached without violation",1,80,0.117384507872718,0.751467297585606,0.217944947177034,0.489897948556636,0.788156674268734,0.0366893766831285,"violation"
50,10050,"reverse",0.611194559996165,0.217180427735934,0.491230549524174,0.401853641700294,0.215445616172333,-0.00173481156360086,"max_iter reached without violation in either orientation",0,0.590344827586207,0,10050,0.238102327565532,0.586764913084742,0.416182164287994,0.495263823926915,0.570308018735039,-0.016456894349703,"max_iter reached without violation",0,10050,0.611194559996165,0.217180427735934,0.491230549524174,0.401853641700294,0.215445616172333,-0.00173481156360086,"max_iter reached without violation"
51,3590,"forward",0.233118102261722,0.579094058592873,0.407526222459832,0.4973661433931,0.579302604489446,0.000208545896573042,"violation in forward orientation",1,0.590344827586207,1,3590,0.233118102261722,0.579094058592873,0.407526222459832,0.4973661433931,0.579302604489446,0.000208545896573042,"violation",0,10050,0.614158575805278,0.223616035934232,0.490654585456661,0.406419807555886,0.213803147803021,-0.00981288813121095,"max_iter reached without violation"
52,10050,"forward",0.256022184317702,0.547205907948832,0.42732517684102,0.499160890905953,0.537969655511196,-0.00923625243763582,"max_iter reached without violation in either orientation",0,0.590344827586207,0,10050,0.256022184317702,0.547205907948832,0.42732517684102,0.499160890905953,0.537969655511196,-0.00923625243763582,"max_iter reached without violation",0,10050,0.621763054114521,0.223003354238521,0.48908978885663,0.405991317368328,0.209589231315246,-0.0134141229232757,"max_iter reached without violation"
53,60,"forward",0.574366575369876,0.230926430345563,0.489897948556636,0.321022671404304,0.235853334534765,0.00492690418920155,"violation in forward orientation",1,0.590344827586207,1,60,0.574366575369876,0.230926430345563,0.489897948556636,0.321022671404304,0.235853334534765,0.00492690418920155,"violation",1,8500,0.586596963175119,0.228987632409281,0.495466771639944,0.40938640895114,0.229076034274501,8.84018652207996e-05,"violation"
54,10050,"reverse",0.55772670825698,0.254801549001866,0.498437110853916,0.426597510546017,0.245074086771798,-0.00972746223006807,"max_iter reached without violation in either orientation",0,0.590344827586207,0,10050,0.198454387548418,0.655285741728145,0.387711235302962,0.48066158420013,0.641857111067785,-0.0134286306603599,"max_iter reached without violation",0,10050,0.55772670825698,0.254801549001866,0.498437110853916,0.426597510546017,0.245074086771798,-0.00972746223006807,"max_iter reached without violation"
55,7070,"forward",0.246190316765412,0.555613837063976,0.419821065952723,0.498807498233466,0.555712347792269,9.85107282931441e-05,"violation in forward orientation",1,0.590344827586207,1,7070,0.246190316765412,0.555613837063976,0.419821065952723,0.498807498233466,0.555712347792269,9.85107282931441e-05,"violation",0,10050,0.641197674224249,0.207363074418242,0.484512178063477,0.394602691797901,0.198819805355481,-0.00854326906276096,"max_iter reached without violation"
56,10050,"reverse",0.550283593145252,0.252156262127729,0.498972395180534,0.425005118508759,0.249198586075267,-0.00295767605246139,"max_iter reached without violation in either orientation",0,0.590344827586207,0,10050,0.234942049401796,0.600320640729806,0.414111721170689,0.493182109723832,0.576011090169184,-0.0243095505606218,"max_iter reached without violation",0,10050,0.550283593145252,0.252156262127729,0.498972395180534,0.425005118508759,0.249198586075267,-0.00295767605246139,"max_iter reached without violation"
57,10050,"reverse",0.559314041242255,0.250833320406069,0.498308378236606,0.424200764330059,0.244194488150271,-0.00663883225579848,"max_iter reached without violation in either orientation",0,0.590344827586207,0,10050,0.245641372466638,0.569329752820578,0.420992002867694,0.497377384654523,0.556702978485858,-0.0126267743347201,"max_iter reached without violation",0,10050,0.559314041242255,0.250833320406069,0.498308378236606,0.424200764330059,0.244194488150271,-0.00663883225579848,"max_iter reached without violation"
58,10050,"forward",0.244622975787382,0.567347037955792,0.420352778042997,0.497577995680677,0.558540787915655,-0.00880625004013769,"max_iter reached without violation in either orientation",0,0.590344827586207,0,10050,0.244622975787382,0.567347037955792,0.420352778042997,0.497577995680677,0.558540787915655,-0.00880625004013769,"max_iter reached without violation",0,10050,0.571312173480263,0.248288637558608,0.497168727043367,0.422638499670144,0.237545889100577,-0.0107427484580311,"max_iter reached without violation"
59,9500,"reverse",0.586016489134486,0.229350214828172,0.495426383975519,0.410126809657696,0.229397695936364,4.74811081920268e-05,"violation in reverse orientation",1,0.590344827586207,0,10050,0.207363074418242,0.634394092027894,0.394602691797901,0.486210340323251,0.625780400420588,-0.00861369160730585,"max_iter reached without violation",1,9500,0.586016489134486,0.229350214828172,0.495426383975519,0.410126809657696,0.229397695936364,4.74811081920268e-05,"violation"
60,9360,"reverse",0.617283069722574,0.211987186718019,0.490136370419356,0.397738833173388,0.212071752709416,8.45659913970842e-05,"violation in reverse orientation",1,0.590344827586207,1,9900,0.249101313800339,0.550378446570284,0.42307988865517,0.498973653274985,0.550459131722471,8.06851521871765e-05,"violation",1,9360,0.617283069722574,0.211987186718019,0.490136370419356,0.397738833173388,0.212071752709416,8.45659913970842e-05,"violation"
61,10050,"reverse",0.59191180834369,0.227903457391896,0.49451896446215,0.409382304745608,0.226130886326799,-0.00177257106509671,"max_iter reached without violation in either orientation",0,0.590344827586207,0,10050,0.259479746899021,0.546312255428171,0.429362169361023,0.499212032258989,0.531730101469541,-0.0145821539586307,"max_iter reached without violation",0,10050,0.59191180834369,0.227903457391896,0.49451896446215,0.409382304745608,0.226130886326799,-0.00177257106509671,"max_iter reached without violation"
62,8200,"reverse",0.569792643334103,0.238358895784588,0.49749371855331,0.415476887469587,0.238387915716498,2.90199319098738e-05,"violation in reverse orientation",1,0.590344827586207,0,10050,0.233004500557346,0.584586773552138,0.41282621587989,0.495562357276316,0.579507611327936,-0.00507916222420179,"max_iter reached without violation",1,8200,0.569792643334103,0.238358895784588,0.49749371855331,0.415476887469587,0.238387915716498,2.90199319098738e-05,"violation"
63,10050,"reverse",0.61060167430305,0.219121899798237,0.491343485085668,0.403246448005759,0.215774155579769,-0.00334774421846784,"max_iter reached without violation in either orientation",0,0.590344827586207,0,10050,0.239325336153939,0.576960454929249,0.41697474019661,0.496529815695699,0.568100964487632,-0.00885949044161671,"max_iter reached without violation",0,10050,0.61060167430305,0.219121899798237,0.491343485085668,0.403246448005759,0.215774155579769,-0.00334774421846784,"max_iter reached without violation"
64,10050,"forward",0.251036862914602,0.552665836411502,0.424324867032745,0.498813314184637,0.546966219297986,-0.00569961711351585,"max_iter reached without violation in either orientation",0,0.590344827586207,0,10050,0.251036862914602,0.552665836411502,0.424324867032745,0.498813314184637,0.546966219297986,-0.00569961711351585,"max_iter reached without violation",0,10050,0.546312255428171,0.258971365156926,0.499212032258989,0.429064891100668,0.251399247948967,-0.00757211720795936,"max_iter reached without violation"
65,10050,"reverse",0.577059526174815,0.237694617912929,0.496518021116488,0.415916874940446,0.234361073088781,-0.00333354482414758,"max_iter reached without violation in either orientation",0,0.590344827586207,0,10050,0.23382036694452,0.5925055508392,0.4133690223815,0.49442946266595,0.578035290207547,-0.0144702606316535,"max_iter reached without violation",0,10050,0.577059526174815,0.237694617912929,0.496518021116488,0.415916874940446,0.234361073088781,-0.00333354482414758,"max_iter reached without violation"
66,10050,"forward",0.230250341801498,0.596463144577569,0.410977568509252,0.493813924244174,0.584477795378763,-0.0119853491988067,"max_iter reached without violation in either orientation",0,0.590344827586207,0,10050,0.230250341801498,0.596463144577569,0.410977568509252,0.493813924244174,0.584477795378763,-0.0119853491988067,"max_iter reached without violation",0,10050,0.607834511544195,0.231882549788838,0.491860593456078,0.412076178709682,0.21730754055369,-0.0145750092351486,"max_iter reached without violation"
67,10050,"reverse",0.602001754559447,0.228821886115216,0.492896888697375,0.410008798890879,0.220539682171786,-0.00828220394342929,"max_iter reached without violation in either orientation",0,0.590344827586207,0,10050,0.230148317748225,0.595869582063487,0.410908603040231,0.493908348578584,0.584661909065493,-0.0112076729979943,"max_iter reached without violation",0,10050,0.602001754559447,0.228821886115216,0.492896888697375,0.410008798890879,0.220539682171786,-0.00828220394342929,"max_iter reached without violation"
68,10050,"reverse",0.625514226116771,0.211659793059538,0.488271400119087,0.397819469344886,0.207510571227604,-0.00414922183193411,"max_iter reached without violation in either orientation",0,0.590344827586207,0,10050,0.257446047833427,0.562091423335462,0.428168349416666,0.498070771282168,0.535400136335373,-0.0266912870000888,"max_iter reached without violation",0,10050,0.625514226116771,0.211659793059538,0.488271400119087,0.397819469344886,0.207510571227604,-0.00414922183193411,"max_iter reached without violation"
69,10050,"reverse",0.577852069518829,0.242585816334339,0.496422936404853,0.419064315614288,0.233921896155295,-0.00866392017904427,"max_iter reached without violation in either orientation",0,0.590344827586207,0,10050,0.231576536091318,0.605956454262591,0.411870881261492,0.492202197669825,0.582084531122094,-0.0238719231404971,"max_iter reached without violation",0,10050,0.577852069518829,0.242585816334339,0.496422936404853,0.419064315614288,0.233921896155295,-0.00866392017904427,"max_iter reached without violation"
70,10050,"reverse",0.628573561534643,0.211148413104865,0.487581033243311,0.397440189201439,0.205815282815336,-0.00533313028952953,"max_iter reached without violation in either orientation",0,0.590344827586207,0,10050,0.243400738888081,0.573789785012952,0.419581308029412,0.496896574039254,0.560746449564728,-0.0130433354482239,"max_iter reached without violation",0,10050,0.628573561534643,0.211148413104865,0.487581033243311,0.397440189201439,0.205815282815336,-0.00533313028952953,"max_iter reached without violation"
71,8410,"reverse",0.567158046663271,0.239823598449791,0.497732674899972,0.416540502040275,0.239847841026084,2.42425762920773e-05,"violation in reverse orientation",1,0.590344827586207,0,10050,0.244928507559514,0.559413243338499,0.420544894708207,0.498300162456983,0.557989422044806,-0.00142382129369278,"max_iter reached without violation",1,8410,0.567158046663271,0.239823598449791,0.497732674899972,0.416540502040275,0.239847841026084,2.42425762920773e-05,"violation"
72,3920,"forward",0.21388788280766,0.613567180126492,0.394343117969254,0.492374629125101,0.614005662118763,0.000438481992270923,"violation in forward orientation",1,0.590344827586207,1,3920,0.21388788280766,0.613567180126492,0.394343117969254,0.492374629125101,0.614005662118763,0.000438481992270923,"violation",0,10050,0.587358888589532,0.234840084653614,0.495180694994294,0.414044377711122,0.228653823843268,-0.00618626081034587,"max_iter reached without violation"
73,4000,"reverse",0.594515970651066,0.224011433288743,0.495354418573207,0.401862849738564,0.224687825798826,0.00067639251008339,"violation in reverse orientation",1,0.590344827586207,0,10050,0.242585816334339,0.583794633544499,0.419064315614288,0.495668473341273,0.562217067433313,-0.0215775661111866,"max_iter reached without violation",1,4000,0.594515970651066,0.224011433288743,0.495354418573207,0.401862849738564,0.224687825798826,0.00067639251008339,"violation"
74,10050,"reverse",0.57121305944031,0.240955734827708,0.497179351185133,0.418023865206736,0.237600811775104,-0.00335492305260385,"max_iter reached without violation in either orientation",0,0.590344827586207,0,10050,0.244215583030413,0.568536702159024,0.420096155872329,0.497458594101285,0.559275973198206,-0.00926072896081764,"max_iter reached without violation",0,10050,0.57121305944031,0.240955734827708,0.497179351185133,0.418023865206736,0.237600811775104,-0.00335492305260385,"max_iter reached without violation"
75,10050,"reverse",0.618504550967458,0.224841253883355,0.489775704366911,0.407272810046805,0.211394885770225,-0.0134463681131299,"max_iter reached without violation in either orientation",0,0.590344827586207,0,10050,0.244011879330108,0.57874362418778,0.419967644533349,0.496314418269441,0.559643579052516,-0.0191000451352643,"max_iter reached without violation",0,10050,0.618504550967458,0.224841253883355,0.489775704366911,0.407272810046805,0.211394885770225,-0.0134463681131299,"max_iter reached without violation"
76,10050,"reverse",0.604770171619847,0.235247936002634,0.492414085795989,0.414313542492024,0.219005602144011,-0.0162423338586232,"max_iter reached without violation in either orientation",0,0.590344827586207,0,10050,0.206544359182111,0.643563251676544,0.393981968546548,0.483897282780826,0.627257862603967,-0.0163053890725774,"max_iter reached without violation",0,10050,0.604770171619847,0.235247936002634,0.492414085795989,0.414313542492024,0.219005602144011,-0.0162423338586232,"max_iter reached without violation"
77,1430,"reverse",0.494777969821332,0.27936927691425,0.497865265393366,0.429526064665354,0.27995625961674,0.000586982702490246,"violation in reverse orientation",1,0.590344827586207,0,10050,0.220552139045424,0.620084536257407,0.404263998472384,0.489446010397604,0.601979274753391,-0.0181052615040161,"max_iter reached without violation",1,1430,0.494777969821332,0.27936927691425,0.497865265393366,0.429526064665354,0.27995625961674,0.000586982702490246,"violation"
78,10050,"reverse",0.570221878547138,0.24523402838069,0.497284485091178,0.420736711861941,0.238150060959369,-0.00708396742132131,"max_iter reached without violation in either orientation",0,0.590344827586207,0,10050,0.236981077570597,0.588546759088548,0.415451293454764,0.495012235144495,0.572331438347282,-0.0162153207412663,"max_iter reached without violation",0,10050,0.570221878547138,0.24523402838069,0.497284485091178,0.420736711861941,0.238150060959369,-0.00708396742132131,"max_iter reached without violation"
79,10050,"reverse",0.624033634117976,0.215647331271411,0.488598107538629,0.400744338513809,0.208331020807663,-0.00731631046374767,"max_iter reached without violation in either orientation",0,0.590344827586207,0,10050,0.212682445263376,0.623540064640762,0.398575083858531,0.488705948522407,0.616181007473908,-0.00735905716685392,"max_iter reached without violation",0,10050,0.624033634117976,0.215647331271411,0.488598107538629,0.400744338513809,0.208331020807663,-0.00731631046374767,"max_iter reached without violation"
80,10050,"forward",0.237796547211342,0.574978874837952,0.415983248839739,0.496761463067866,0.570859833199701,-0.00411904163825083,"max_iter reached without violation in either orientation",0,0.590344827586207,0,10050,0.237796547211342,0.574978874837952,0.415983248839739,0.496761463067866,0.570859833199701,-0.00411904163825083,"max_iter reached without violation",0,10050,0.630546928342461,0.210023250201597,0.487124750461131,0.396602299321541,0.20472176888976,-0.00530148131183614,"max_iter reached without violation"
81,10050,"reverse",0.584586773552138,0.236573312479722,0.495562357276316,0.415184487856256,0.230189953053852,-0.00638335942586973,"max_iter reached without violation in either orientation",0,0.590344827586207,0,10050,0.23045438599747,0.605561038851295,0.411115392492074,0.49227315897573,0.584109575062367,-0.0214514637889278,"max_iter reached without violation",0,10050,0.584586773552138,0.236573312479722,0.495562357276316,0.415184487856256,0.230189953053852,-0.00638335942586973,"max_iter reached without violation"
82,100,"forward",0.503912853250174,0.274187264057314,0.482804308182932,0.375632799419859,0.27489429029691,0.000707026239595898,"violation in forward orientation",1,0.590344827586207,1,100,0.503912853250174,0.274187264057314,0.482804308182932,0.375632799419859,0.27489429029691,0.000707026239595898,"violation",0,10050,0.536676930793941,0.260801405805118,0.499661032102076,0.430131438205025,0.256738529841835,-0.00406287596328325,"max_iter reached without violation"
83,9720,"forward",0.251961218762969,0.54525925427971,0.424755155191604,0.499283979855246,0.545298116947283,3.88626675731363e-05,"violation in forward orientation",1,0.590344827586207,1,9720,0.251961218762969,0.54525925427971,0.424755155191604,0.499283979855246,0.545298116947283,3.88626675731363e-05,"violation",0,10050,0.585576881632144,0.236165527156632,0.49542788165498,0.414917128901477,0.229641298354168,-0.00652422880246431,"max_iter reached without violation"
84,10050,"forward",0.221573574014724,0.601803987790729,0.404986321309145,0.492930753960226,0.600135982393214,-0.00166800539751499,"max_iter reached without violation in either orientation",0,0.590344827586207,0,10050,0.221573574014724,0.601803987790729,0.404986321309145,0.492930753960226,0.600135982393214,-0.00166800539751499,"max_iter reached without violation",0,10050,0.550382861661585,0.260903063901164,0.498965996007397,0.430190394649994,0.24914357779979,-0.0117594861013735,"max_iter reached without violation"
85,9560,"forward",0.239195054438328,0.568050484166037,0.416683624474746,0.497546005624706,0.568336072251,0.00028558808496304,"violation in forward orientation",1,0.590344827586207,1,9560,0.239195054438328,0.568050484166037,0.416683624474746,0.497546005624706,0.568336072251,0.00028558808496304,"violation",0,10050,0.598837123919505,0.23382036694452,0.493428822798424,0.4133690223815,0.222293318475168,-0.0115270484693523,"max_iter reached without violation"
86,80,"forward",0.819812757386282,0.0962393665961734,0.46837484987988,0.189983551919633,0.099842727205755,0.00360336060958166,"violation in forward orientation",1,0.590344827586207,1,80,0.819812757386282,0.0962393665961734,0.46837484987988,0.189983551919633,0.099842727205755,0.00360336060958166,"violation",0,10050,0.537074398819383,0.259479746899021,0.499646210319607,0.429362169361023,0.256518278432381,-0.00296146846664064,"max_iter reached without violation"
87,4550,"forward",0.253968731945983,0.541627977186824,0.422443424670639,0.499735420880633,0.541675337402401,4.73602155770525e-05,"violation in forward orientation",1,0.590344827586207,1,4550,0.253968731945983,0.541627977186824,0.422443424670639,0.499735420880633,0.541675337402401,4.73602155770525e-05,"violation",0,10050,0.583101472021728,0.247474181205679,0.495760257798111,0.422134257966839,0.231013012355725,-0.0164611688499539,"max_iter reached without violation"
88,10050,"reverse",0.680955627285684,0.186455077214351,0.472449295086061,0.377932991030506,0.176788485505158,-0.00966659170919285,"max_iter reached without violation in either orientation",0,0.590344827586207,0,10050,0.246965106902453,0.58419070949537,0.421818037981903,0.495615577962178,0.554314153307771,-0.0298765561875992,"max_iter reached without violation",0,10050,0.680955627285684,0.186455077214351,0.472449295086061,0.377932991030506,0.176788485505158,-0.00966659170919285,"max_iter reached without violation"
89,10050,"forward",0.230760442524815,0.594385557510973,0.411321861346975,0.494141174773385,0.583557262212705,-0.0108282952982676,"max_iter reached without violation in either orientation",0,0.590344827586207,0,10050,0.230760442524815,0.594385557510973,0.411321861346975,0.494141174773385,0.583557262212705,-0.0108282952982676,"max_iter reached without violation",0,10050,0.581913110465289,0.242993287430735,0.495915287101428,0.419323080388371,0.231671526477599,-0.0113217609531363,"max_iter reached without violation"
90,8020,"reverse",0.581023014146341,0.232097841262052,0.496253085838713,0.411228277801187,0.232164761043021,6.69197809686495e-05,"violation in reverse orientation",1,0.590344827586207,0,10050,0.257446047833427,0.545517848166183,0.428168349416666,0.499256138335873,0.535400136335373,-0.0101177118308092,"max_iter reached without violation",1,8020,0.581023014146341,0.232097841262052,0.496253085838713,0.411228277801187,0.232164761043021,6.69197809686495e-05,"violation"
91,5650,"reverse",0.582863057472161,0.230824126680889,0.496408307356138,0.408625038916267,0.231145126481178,0.000320999800289129,"violation in reverse orientation",1,0.590344827586207,1,9550,0.246949548869742,0.554227918972451,0.421602670425847,0.498730880220652,0.554342229498323,0.000114310525872074,"violation",1,5650,0.582863057472161,0.230824126680889,0.496408307356138,0.408625038916267,0.231145126481178,0.000320999800289129,"violation"
92,6640,"reverse",0.527731081531059,0.261386515591427,0.499963708945697,0.428757839516687,0.261695748492876,0.000309232901448075,"violation in reverse orientation",1,0.590344827586207,0,10050,0.244826664852984,0.572996999445846,0.420480889119117,0.496985033887163,0.558173208471284,-0.0148237909745617,"max_iter reached without violation",1,6640,0.527731081531059,0.261386515591427,0.499963708945697,0.428757839516687,0.261695748492876,0.000309232901448075,"violation"
93,10050,"reverse",0.574780700580586,0.239121513899849,0.496784183411668,0.416842986381162,0.235623852776457,-0.00349766112339159,"max_iter reached without violation in either orientation",0,0.590344827586207,0,10050,0.231678541951576,0.59972725436124,0.411939349146886,0.493281351683314,0.581900450266672,-0.0178268040945685,"max_iter reached without violation",0,10050,0.574780700580586,0.239121513899849,0.496784183411668,0.416842986381162,0.235623852776457,-0.00349766112339159,"max_iter reached without violation"
94,10050,"forward",0.254801549001866,0.552963587296539,0.426597510546017,0.498792621591851,0.540172426925793,-0.0127911603707462,"max_iter reached without violation in either orientation",0,0.590344827586207,0,10050,0.254801549001866,0.552963587296539,0.426597510546017,0.498792621591851,0.540172426925793,-0.0127911603707462,"max_iter reached without violation",0,10050,0.62294775568233,0.223105471231242,0.488834657925397,0.406062824755084,0.208932745325456,-0.0141727259057864,"max_iter reached without violation"
95,10050,"reverse",0.582012144677557,0.238611936388347,0.495902479652015,0.416513003520812,0.231616648038479,-0.00699528834986826,"max_iter reached without violation in either orientation",0,0.590344827586207,0,10050,0.220143526744887,0.621565593019015,0.403974021472303,0.489132014360226,0.602716660837177,-0.0188489321818381,"max_iter reached without violation",0,10050,0.582012144677557,0.238611936388347,0.495902479652015,0.416513003520812,0.231616648038479,-0.00699528834986826,"max_iter reached without violation"
96,10050,"forward",0.223207586872305,0.603484908923372,0.406134295173647,0.492640262621453,0.597187225490094,-0.00629768343327886,"max_iter reached without violation in either orientation",0,0.590344827586207,0,10050,0.223207586872305,0.603484908923372,0.406134295173647,0.492640262621453,0.597187225490094,-0.00629768343327886,"max_iter reached without violation",0,10050,0.55276508743573,0.256429025601585,0.49880643659796,0.427566716081335,0.247823500332402,-0.00860552526918379,"max_iter reached without violation"
97,10050,"reverse",0.611688610412545,0.228719843740238,0.491135862349977,0.409939332318549,0.215171844966641,-0.0135479987735971,"max_iter reached without violation in either orientation",0,0.590344827586207,0,10050,0.221369297943928,0.621170661548771,0.404842155490393,0.489216211578021,0.600504621153373,-0.0206660403953979,"max_iter reached without violation",0,10050,0.611688610412545,0.228719843740238,0.491135862349977,0.409939332318549,0.215171844966641,-0.0135479987735971,"max_iter reached without violation"
98,10050,"forward",0.222594872736759,0.601902871552924,0.405704917748283,0.492913831662715,0.598292935906292,-0.00360993564663181,"max_iter reached without violation in either orientation",0,0.590344827586207,0,10050,0.222594872736759,0.601902871552924,0.405704917748283,0.492913831662715,0.598292935906292,-0.00360993564663181,"max_iter reached without violation",0,10050,0.571807732632537,0.243502598688067,0.497115304182873,0.419645781128879,0.237271281849756,-0.00623131683831118,"max_iter reached without violation"
99,330,"forward",0.429795662376683,0.313151191740459,0.478375349706286,0.430356377401623,0.315965306604468,0.0028141148640089,"violation in forward orientation",1,0.590344827586207,1,330,0.429795662376683,0.313151191740459,0.478375349706286,0.430356377401623,0.315965306604468,0.0028141148640089,"violation",0,10050,0.582903419186907,0.235859674863387,0.495786299079644,0.414716245901625,0.231122760595139,-0.00473691426824777,"max_iter reached without violation"
100,10050,"reverse",0.562984031382388,0.250629773155202,0.497991063304563,0.424076531923303,0.242160813868804,-0.00846895928639718,"max_iter reached without violation in either orientation",0,0.590344827586207,0,10050,0.267305251410081,0.531807005748357,0.433842496077993,0.499816842273153,0.517608113175307,-0.0141988925730492,"max_iter reached without violation",0,10050,0.562984031382388,0.250629773155202,0.497991063304563,0.424076531923303,0.242160813868804,-0.00846895928639718,"max_iter reached without violation"
101,10050,"reverse",0.582705363381631,0.234738118630445,0.49581225911848,0.413976999380328,0.23123251048059,-0.00350560814985473,"max_iter reached without violation in either orientation",0,0.590344827586207,0,10050,0.199171604940685,0.665324412644268,0.388277385047613,0.477637115837312,0.640562812968065,-0.0247615996762029,"max_iter reached without violation",0,10050,0.582705363381631,0.234738118630445,0.49581225911848,0.413976999380328,0.23123251048059,-0.00350560814985473,"max_iter reached without violation"
102,9130,"reverse",0.554355467224314,0.246921702480432,0.498746835529607,0.421400394943787,0.246942213366958,2.05108865261039e-05,"violation in reverse orientation",1,0.590344827586207,0,10050,0.202654160662863,0.659912466723172,0.390997946381313,0.479297027379103,0.634278156039797,-0.0256343106833744,"max_iter reached without violation",1,9130,0.554355467224314,0.246921702480432,0.498746835529607,0.421400394943787,0.246942213366958,2.05108865261039e-05,"violation"
103,50,"forward",0.878395081610861,0.0275269587093167,0.458257569495584,0.0707106781186548,0.0673801424098856,0.0398531837005689,"violation in forward orientation",1,0.590344827586207,1,50,0.878395081610861,0.0275269587093167,0.458257569495584,0.0707106781186548,0.0673801424098856,0.0398531837005689,"violation at burn-in",0,10050,0.6546949660889,0.207363074418242,0.480832230276251,0.394602691797901,0.191340467731539,-0.0160226066867027,"max_iter reached without violation"
104,10050,"reverse",0.55236807896388,0.252461528037226,0.498833827289049,0.425189963762696,0.248043497086589,-0.00441803095063714,"max_iter reached without violation in either orientation",0,0.590344827586207,0,10050,0.227086986624461,0.614948863665735,0.408822968288855,0.490497812691194,0.590186419623689,-0.0247624440420458,"max_iter reached without violation",0,10050,0.55236807896388,0.252461528037226,0.498833827289049,0.425189963762696,0.248043497086589,-0.00441803095063714,"max_iter reached without violation"
105,50,"forward",0.894790769027509,0.0275269587093167,0.448998886412873,0.0707106781186548,0.0582946989746082,0.0307677402652915,"violation in forward orientation",1,0.590344827586207,1,50,0.894790769027509,0.0275269587093167,0.448998886412873,0.0707106781186548,0.0582946989746082,0.0307677402652915,"violation at burn-in",1,400,0.584472852434046,0.226901768880774,0.499843725578305,0.377814438580634,0.230253080865954,0.00335131198517946,"violation"
106,10050,"forward",0.249103017189445,0.554154525194397,0.423140643004525,0.498708055887216,0.550456057768455,-0.00369846742594249,"max_iter reached without violation in either orientation",0,0.590344827586207,0,10050,0.249103017189445,0.554154525194397,0.423140643004525,0.498708055887216,0.550456057768455,-0.00369846742594249,"max_iter reached without violation",0,10050,0.569726260500567,0.244317433049271,0.497336297177559,0.42016036145546,0.23842470084565,-0.00589273220362049,"max_iter reached without violation"
107,350,"forward",0.430497176981242,0.314734693734296,0.479157423749955,0.432184767743367,0.315576571988055,0.000841878253758477,"violation in forward orientation",1,0.590344827586207,1,350,0.430497176981242,0.314734693734296,0.479157423749955,0.432184767743367,0.315576571988055,0.000841878253758477,"violation",0,10050,0.597946932459715,0.229536146013152,0.493574625054069,0.410494060406927,0.222786605761573,-0.00674954025157906,"max_iter reached without violation"
108,10050,"forward",0.212886958526803,0.618405795335245,0.39872573695656,0.48979613105231,0.615811940673418,-0.00259385466182704,"max_iter reached without violation in either orientation",0,0.590344827586207,0,10050,0.212886958526803,0.618405795335245,0.39872573695656,0.48979613105231,0.615811940673418,-0.00259385466182704,"max_iter reached without violation",0,10050,0.545915057615843,0.258157894767355,0.499234244439441,0.428587615748127,0.251619349623561,-0.00653854514379409,"max_iter reached without violation"
109,10050,"reverse",0.58141792827458,0.238000402037043,0.495979019957412,0.416115893497077,0.231945924840383,-0.00605447719665989,"max_iter reached without violation in either orientation",0,0.590344827586207,0,10050,0.231780546517201,0.592604505301576,0.412007781623736,0.49441447403654,0.581716371747558,-0.0108881335540184,"max_iter reached without violation",0,10050,0.58141792827458,0.238000402037043,0.495979019957412,0.416115893497077,0.231945924840383,-0.00605447719665989,"max_iter reached without violation"
110,8810,"forward",0.232828805655271,0.579779635345802,0.412142601020144,0.496312473673411,0.579824672208413,4.50368626107034e-05,"violation in forward orientation",1,0.590344827586207,1,8810,0.232828805655271,0.579779635345802,0.412142601020144,0.496312473673411,0.579824672208413,4.50368626107034e-05,"violation",0,10050,0.567347037955792,0.247372368753358,0.497577995680677,0.422071079838138,0.239743114115017,-0.00762925463834158,"max_iter reached without violation"
111,9010,"forward",0.221238555506602,0.600560040863204,0.404264159225385,0.4932821015137,0.600740560340023,0.000180519476818408,"violation in forward orientation",1,0.590344827586207,1,9010,0.221238555506602,0.600560040863204,0.404264159225385,0.4932821015137,0.600740560340023,0.000180519476818408,"violation",0,10050,0.540452408229441,0.266187729250855,0.499507403198742,0.433213582507644,0.254646401234493,-0.011541328016362,"max_iter reached without violation"
112,660,"forward",0.260741486181922,0.527054411323395,0.409872989801225,0.499080881575776,0.529453153400785,0.00239874207738955,"violation in forward orientation",1,0.590344827586207,1,660,0.260741486181922,0.527054411323395,0.409872989801225,0.499080881575776,0.529453153400785,0.00239874207738955,"violation",0,10050,0.647012226967449,0.19783956923608,0.482977992146125,0.387224308102584,0.19559775136608,-0.00224181787000052,"max_iter reached without violation"
113,8660,"forward",0.235614078977406,0.574754558533407,0.413918073116787,0.496918323032494,0.574798338481836,4.3779948428635e-05,"violation in forward orientation",1,0.590344827586207,1,8660,0.235614078977406,0.574754558533407,0.413918073116787,0.496918323032494,0.574798338481836,4.3779948428635e-05,"violation",0,10050,0.561099567035814,0.249713751727907,0.498157432647837,0.423515877941831,0.243205063724972,-0.006508688002935,"max_iter reached without violation"
114,10050,"reverse",0.617615722558614,0.219734892480598,0.489958786415584,0.403683443757962,0.211887417740798,-0.00784747473979999,"max_iter reached without violation in either orientation",0,0.590344827586207,0,10050,0.216362815501927,0.62788280932728,0.401263085839976,0.487738713094606,0.609539372375009,-0.018343436952271,"max_iter reached without violation",0,10050,0.617615722558614,0.219734892480598,0.489958786415584,0.403683443757962,0.211887417740798,-0.00784747473979999,"max_iter reached without violation"
115,10050,"reverse",0.586665914559531,0.233310460082407,0.49527760742649,0.413030031697434,0.229037825818403,-0.00427263426400404,"max_iter reached without violation in either orientation",0,0.590344827586207,0,10050,0.236471368047245,0.593099266379909,0.415117700036438,0.494339223649024,0.573251265549741,-0.019848000830168,"max_iter reached without violation",0,10050,0.586665914559531,0.233310460082407,0.49527760742649,0.413030031697434,0.229037825818403,-0.00427263426400404,"max_iter reached without violation"
116,8260,"reverse",0.555254507322471,0.24622040361462,0.498740138972424,0.420536992671661,0.246444022729976,0.000223619115356094,"violation in reverse orientation",1,0.590344827586207,0,10050,0.220858583885535,0.617714484349694,0.404481087781018,0.489938528176796,0.601426261150402,-0.0162882231992919,"max_iter reached without violation",1,8260,0.555254507322471,0.24622040361462,0.498740138972424,0.420536992671661,0.246444022729976,0.000223619115356094,"violation"
117,10050,"reverse",0.578644565518157,0.240955734827708,0.496326556803922,0.418023865206736,0.233482745457212,-0.00747298937049662,"max_iter reached without violation in either orientation",0,0.590344827586207,0,10050,0.278067312274705,0.51589309597244,0.439717254133363,0.499994297138339,0.498186784194251,-0.0177063117781889,"max_iter reached without violation",0,10050,0.578644565518157,0.240955734827708,0.496326556803922,0.418023865206736,0.233482745457212,-0.00747298937049662,"max_iter reached without violation"
118,10050,"reverse",0.584586773552138,0.242483945487377,0.495562357276316,0.418999540377154,0.230189953053852,-0.012293992433524,"max_iter reached without violation in either orientation",0,0.590344827586207,0,10050,0.266594116497897,0.538862861262379,0.43344270372386,0.499575582846244,0.518891434767072,-0.0199714264953066,"max_iter reached without violation",0,10050,0.584586773552138,0.242483945487377,0.495562357276316,0.418999540377154,0.230189953053852,-0.012293992433524,"max_iter reached without violation"
119,10050,"reverse",0.567247894496113,0.246659647855392,0.497587815185365,0.42162791036604,0.239798053092078,-0.00686159476331333,"max_iter reached without violation in either orientation",0,0.590344827586207,0,10050,0.212784702609322,0.628869586486016,0.398650429941996,0.487513135922092,0.615996472784751,-0.0128731137012649,"max_iter reached without violation",0,10050,0.567247894496113,0.246659647855392,0.497587815185365,0.42162791036604,0.239798053092078,-0.00686159476331333,"max_iter reached without violation"
120,10050,"forward",0.252766783350767,0.55018432390044,0.425374519214527,0.498978774429589,0.543844386563119,-0.00633993733732074,"max_iter reached without violation in either orientation",0,0.590344827586207,0,10050,0.252766783350767,0.55018432390044,0.425374519214527,0.498978774429589,0.543844386563119,-0.00633993733732074,"max_iter reached without violation",0,10050,0.579536066891343,0.241567052433206,0.496216581015658,0.418415047177041,0.232988732300415,-0.008578320132791,"max_iter reached without violation"
121,5820,"reverse",0.59570249532741,0.224024064696454,0.494638744331524,0.404065264492701,0.224030329558654,6.26486219926226e-06,"violation in reverse orientation",1,0.590344827586207,0,10050,0.242687685951587,0.579337960658454,0.419129057218403,0.496241161846361,0.562033232443469,-0.017304728214985,"max_iter reached without violation",1,5820,0.59570249532741,0.224024064696454,0.494638744331524,0.404065264492701,0.224030329558654,6.26486219926226e-06,"violation"
122,7510,"reverse",0.533938411572292,0.25824945477309,0.499822663901739,0.427455416948349,0.258256042395743,6.58762265293156e-06,"violation in reverse orientation",1,0.590344827586207,0,10050,0.196917236489536,0.65774699074221,0.386491037920687,0.479941912114357,0.644631070143434,-0.0131159205987758,"max_iter reached without violation",1,7510,0.533938411572292,0.25824945477309,0.499822663901739,0.427455416948349,0.258256042395743,6.58762265293156e-06,"violation"
123,10050,"reverse",0.581616003376508,0.239834869954332,0.495953587686969,0.417303527546936,0.231836164261959,-0.00799870569237354,"max_iter reached without violation in either orientation",0,0.590344827586207,0,10050,0.228719843740238,0.606846094531107,0.409939332318549,0.492041320191428,0.587239748384465,-0.0196063461466424,"max_iter reached without violation",0,10050,0.581616003376508,0.239834869954332,0.495953587686969,0.417303527546936,0.231836164261959,-0.00799870569237354,"max_iter reached without violation"
124,7430,"forward",0.237638298635276,0.571087061722801,0.414555242410637,0.497446149621948,0.571145410255547,5.83485327452227e-05,"violation in forward orientation",1,0.590344827586207,1,7430,0.237638298635276,0.571087061722801,0.414555242410637,0.497446149621948,0.571145410255547,5.83485327452227e-05,"violation",0,10050,0.622256693314643,0.218202317561851,0.488983854812276,0.402588404982239,0.209315687979357,-0.00888662958249467,"max_iter reached without violation"
125,160,"forward",0.408186562251593,0.302968040723733,0.460934851687307,0.409076704298839,0.327939690592443,0.0249716498687098,"violation in forward orientation",1,0.590344827586207,1,160,0.408186562251593,0.302968040723733,0.460934851687307,0.409076704298839,0.327939690592443,0.0249716498687098,"violation",0,10050,0.602595036725094,0.224534967528685,0.492794796761346,0.407060055355622,0.220210923064579,-0.00432404446410559,"max_iter reached without violation"
126,10050,"reverse",0.586566915289415,0.231576536091318,0.495291370552745,0.411870881261492,0.229092684894812,-0.00248385119650593,"max_iter reached without violation in either orientation",0,0.590344827586207,0,10050,0.215136228936564,0.629856285538089,0.400372651343796,0.487285422512305,0.611752883477513,-0.0181034020605766,"max_iter reached without violation",0,10050,0.586566915289415,0.231576536091318,0.495291370552745,0.411870881261492,0.229092684894812,-0.00248385119650593,"max_iter reached without violation"
127,10050,"reverse",0.582408274105135,0.243197015612021,0.49585104687458,0.419452261288472,0.231397138394519,-0.0117998772175018,"max_iter reached without violation in either orientation",0,0.590344827586207,0,10050,0.262732715696573,0.547603067928985,0.431246306530979,0.499137644005811,0.525859759536238,-0.0217433083927466,"max_iter reached without violation",0,10050,0.582408274105135,0.243197015612021,0.49585104687458,0.419452261288472,0.231397138394519,-0.0117998772175018,"max_iter reached without violation"
128,10050,"reverse",0.576762310220321,0.239732965687303,0.496553344196853,0.417237838262398,0.234525771199571,-0.00520719448773213,"max_iter reached without violation in either orientation",0,0.590344827586207,0,10050,0.220347835637667,0.622454143577123,0.404119084980742,0.488941333022626,0.602347962846119,-0.0201061807310041,"max_iter reached without violation",0,10050,0.576762310220321,0.239732965687303,0.496553344196853,0.417237838262398,0.234525771199571,-0.00520719448773213,"max_iter reached without violation"
129,10050,"forward",0.248288637558608,0.558718813306762,0.422638499670144,0.49835725286821,0.551925695872615,-0.00679311743414668,"max_iter reached without violation in either orientation",0,0.590344827586207,0,10050,0.248288637558608,0.558718813306762,0.422638499670144,0.49835725286821,0.551925695872615,-0.00679311743414668,"max_iter reached without violation",0,10050,0.617516959998106,0.224739159772378,0.489979023610327,0.407201928481613,0.211942145647852,-0.0127970141245264,"max_iter reached without violation"
130,10050,"reverse",0.58141792827458,0.241363284845995,0.495979019957412,0.418284788514791,0.231945924840383,-0.00941736000561272,"max_iter reached without violation in either orientation",0,0.590344827586207,0,10050,0.231372520484319,0.601606217999634,0.411733839194405,0.49296453656027,0.582452699846527,-0.0191535181531071,"max_iter reached without violation",0,10050,0.58141792827458,0.241363284845995,0.495979019957412,0.418284788514791,0.231945924840383,-0.00941736000561272,"max_iter reached without violation"
131,4040,"forward",0.241365256123146,0.563216871728889,0.41377699409592,0.498656168826138,0.564419703313276,0.00120283158438717,"violation in forward orientation",1,0.590344827586207,1,4040,0.241365256123146,0.563216871728889,0.41377699409592,0.498656168826138,0.564419703313276,0.00120283158438717,"violation",0,10050,0.612083836995818,0.219121899798237,0.491059736549211,0.403246448005759,0.214952835621367,-0.00416906417687057,"max_iter reached without violation"
132,5820,"forward",0.269500231860902,0.513469979109546,0.432814117842653,0.499910686275606,0.513647028214108,0.000177049104561955,"violation in forward orientation",1,0.590344827586207,1,5820,0.269500231860902,0.513469979109546,0.432814117842653,0.499910686275606,0.513647028214108,0.000177049104561955,"violation",0,10050,0.615837878838964,0.218202317561851,0.490319838696338,0.402588404982239,0.212872585251081,-0.00532973231076989,"max_iter reached without violation"
133,10050,"reverse",0.6074391538607,0.229025966926817,0.491933133632153,0.410147624320559,0.217526622546339,-0.0114993443804774,"max_iter reached without violation in either orientation",0,0.590344827586207,0,10050,0.192611326245447,0.675256150240696,0.383022867679486,0.474409412309515,0.652401561359318,-0.0228545888813775,"max_iter reached without violation",0,10050,0.6074391538607,0.229025966926817,0.491933133632153,0.410147624320559,0.217526622546339,-0.0114993443804774,"max_iter reached without violation"
134,10050,"reverse",0.563380727018968,0.255411887588962,0.497955116488602,0.426961916111912,0.241940990467956,-0.0134708971210062,"max_iter reached without violation in either orientation",0,0.590344827586207,0,10050,0.234738118630445,0.601210669352794,0.413976999380328,0.493031853839861,0.576379105798309,-0.0248315635544849,"max_iter reached without violation",0,10050,0.563380727018968,0.255411887588962,0.497955116488602,0.426961916111912,0.241940990467956,-0.0134708971210062,"max_iter reached without violation"
135,9820,"forward",0.248599824721698,0.551208636392991,0.422738379182141,0.498923642662775,0.551364124223368,0.000155487830377332,"violation in forward orientation",1,0.590344827586207,1,9820,0.248599824721698,0.551208636392991,0.422738379182141,0.498923642662775,0.551364124223368,0.000155487830377332,"violation",0,10050,0.604770171619847,0.229638177902701,0.492414085795989,0.410563240200105,0.219005602144011,-0.0106325757586897,"max_iter reached without violation"
136,400,"forward",0.449891138206594,0.301496002701335,0.485386443980464,0.427083130081252,0.304829676586768,0.00333367388543337,"violation in forward orientation",1,0.590344827586207,1,400,0.449891138206594,0.301496002701335,0.485386443980464,0.427083130081252,0.304829676586768,0.00333367388543337,"violation",0,10050,0.582903419186907,0.24105762418921,0.495786299079644,0.418089146821268,0.231122760595139,-0.00993486359407081,"max_iter reached without violation"
137,10050,"reverse",0.580922727540158,0.233412444021108,0.496042245638098,0.413097900022614,0.232220333478909,-0.00119211054219956,"max_iter reached without violation in either orientation",0,0.590344827586207,0,10050,0.242483945487377,0.581021769170198,0.418999540377154,0.496029641066653,0.562400904642313,-0.0186208645278848,"max_iter reached without violation",0,10050,0.580922727540158,0.233412444021108,0.496042245638098,0.413097900022614,0.232220333478909,-0.00119211054219956,"max_iter reached without violation"
138,10050,"reverse",0.522957181429911,0.269539893998679,0.499978128775876,0.435089335804088,0.264341139212548,-0.0051987547861308,"max_iter reached without violation in either orientation",0,0.590344827586207,0,10050,0.253580745822457,0.55772670825698,0.42586525313923,0.498437110853916,0.542375501268772,-0.015351206988208,"max_iter reached without violation",0,10050,0.522957181429911,0.269539893998679,0.499978128775876,0.435089335804088,0.264341139212548,-0.0051987547861308,"max_iter reached without violation"
139,10050,"reverse",0.605956454262591,0.226678719475286,0.492202197669825,0.408542431267048,0.218348240023411,-0.0083304794518746,"max_iter reached without violation in either orientation",0,0.590344827586207,0,10050,0.241872694549597,0.574780700580586,0.418610181786042,0.496784183411668,0.563503974556331,-0.0112767260242553,"max_iter reached without violation",0,10050,0.605956454262591,0.226678719475286,0.492202197669825,0.408542431267048,0.218348240023411,-0.0083304794518746,"max_iter reached without violation"
140,480,"forward",0.445622117272995,0.305146318780006,0.485693769262073,0.431803187870997,0.307195295498046,0.00204897671803989,"violation in forward orientation",1,0.590344827586207,1,480,0.445622117272995,0.305146318780006,0.485693769262073,0.431803187870997,0.307195295498046,0.00204897671803989,"violation",1,9640,0.576256062034623,0.234793642315536,0.496650241125434,0.413838988671878,0.234806301630439,1.26593149028242e-05,"violation"
141,9410,"forward",0.253721669190121,0.542040874209743,0.42569032921769,0.499458068488533,0.542121189467439,8.03152576963617e-05,"violation in forward orientation",1,0.590344827586207,1,9410,0.253721669190121,0.542040874209743,0.42569032921769,0.499458068488533,0.542121189467439,8.03152576963617e-05,"violation",0,10050,0.549985783225491,0.25388596240176,0.498991473158504,0.426048749199709,0.249363613323695,-0.0045223490780654,"max_iter reached without violation"
142,10050,"reverse",0.562289785807316,0.252054504467517,0.498053198652914,0.424943438958298,0.242545520453055,-0.00950898401446157,"max_iter reached without violation in either orientation",0,0.590344827586207,0,10050,0.227495232582173,0.608724021832386,0.409102925718686,0.491696160982454,0.589449694646045,-0.0192743271863414,"max_iter reached without violation",0,10050,0.562289785807316,0.252054504467517,0.498053198652914,0.424943438958298,0.242545520453055,-0.00950898401446157,"max_iter reached without violation"
143,10050,"reverse",0.590922177657967,0.237694617912929,0.49466649693958,0.415916874940446,0.226679276485044,-0.0110153414278847,"max_iter reached without violation in either orientation",0,0.590344827586207,0,10050,0.210739283198067,0.64031046442931,0.39713605553734,0.484739529617681,0.619687658310454,-0.0206228061188569,"max_iter reached without violation",0,10050,0.590922177657967,0.237694617912929,0.49466649693958,0.415916874940446,0.226679276485044,-0.0110153414278847,"max_iter reached without violation"
144,10050,"forward",0.245132189322812,0.56020683377387,0.420672806064446,0.498233715962587,0.55762185577825,-0.00258497799562019,"max_iter reached without violation in either orientation",0,0.590344827586207,0,10050,0.245132189322812,0.56020683377387,0.420672806064446,0.498233715962587,0.55762185577825,-0.00258497799562019,"max_iter reached without violation",0,10050,0.616331749291236,0.220041370239767,0.490220229457609,0.403901433411278,0.212598913770012,-0.00744245646975511,"max_iter reached without violation"
145,10050,"reverse",0.603386037261344,0.234432212904784,0.49265751586163,0.413774654990189,0.219772601056678,-0.0146596118481056,"max_iter reached without violation in either orientation",0,0.590344827586207,0,10050,0.238000402037043,0.601408445186782,0.416115893497077,0.492998236514499,0.570491954622901,-0.030916490563881,"max_iter reached without violation",0,10050,0.603386037261344,0.234432212904784,0.49265751586163,0.413774654990189,0.219772601056678,-0.0146596118481056,"max_iter reached without violation"
146,10050,"reverse",0.550085053927177,0.250731547373688,0.498985133755324,0.42413866434681,0.249308603837235,-0.00142294353645286,"max_iter reached without violation in either orientation",0,0.590344827586207,0,10050,0.211046132792567,0.636465146097874,0.39736421498234,0.485704410660727,0.619133914283408,-0.0173312318144651,"max_iter reached without violation",0,10050,0.550085053927177,0.250731547373688,0.498985133755324,0.42413866434681,0.249308603837235,-0.00142294353645286,"max_iter reached without violation"
147,5480,"forward",0.215588752955245,0.610548344340097,0.397654451188402,0.492300425379044,0.610936253842242,0.000387909502144401,"violation in forward orientation",1,0.590344827586207,1,5480,0.215588752955245,0.610548344340097,0.397654451188402,0.492300425379044,0.610936253842242,0.000387909502144401,"violation",0,10050,0.555345358024256,0.253072028082139,0.49862061654586,0.425558785241296,0.246393679070015,-0.00667834901212327,"max_iter reached without violation"
148,10050,"reverse",0.611688610412545,0.22371814482769,0.491135862349977,0.406491093425711,0.215171844966641,-0.00854629986104846,"max_iter reached without violation in either orientation",0,0.590344827586207,0,10050,0.20040094440382,0.660010888009614,0.389243112004013,0.479267456251121,0.638344333957096,-0.021666554052518,"max_iter reached without violation",0,10050,0.611688610412545,0.22371814482769,0.491135862349977,0.406491093425711,0.215171844966641,-0.00854629986104846,"max_iter reached without violation"
149,10050,"reverse",0.609712294270729,0.230352364551028,0.491511480090764,0.411046498320554,0.216266993224863,-0.0140853713261645,"max_iter reached without violation in either orientation",0,0.590344827586207,0,10050,0.22371814482769,0.612973052090013,0.406491093425711,0.490887230444065,0.596265867198206,-0.0167071848918074,"max_iter reached without violation",0,10050,0.609712294270729,0.230352364551028,0.491511480090764,0.411046498320554,0.216266993224863,-0.0140853713261645,"max_iter reached without violation"
150,70,"reverse",0.25834289775755,0.515278239716522,0.349927106111883,0.479157423749955,0.533781671466781,0.0185034317502593,"violation in reverse orientation",1,0.590344827586207,0,10050,0.223820252373757,0.603979255877941,0.406562342444067,0.492553685842763,0.596081602839496,-0.00789765303844525,"max_iter reached without violation",1,70,0.25834289775755,0.515278239716522,0.349927106111883,0.479157423749955,0.533781671466781,0.0185034317502593,"violation"
151,10050,"reverse",0.581715039814707,0.238204251838581,0.495940841117336,0.416248400742293,0.23178128458937,-0.00642296724921063,"max_iter reached without violation in either orientation",0,0.590344827586207,0,10050,0.238713854393169,0.587754857353393,0.416579068537482,0.495124868022986,0.569204450947263,-0.0185504064061294,"max_iter reached without violation",0,10050,0.581715039814707,0.238204251838581,0.495940841117336,0.416248400742293,0.23178128458937,-0.00642296724921063,"max_iter reached without violation"
152,7520,"forward",0.228000868315902,0.588115154476544,0.408138890583019,0.49539739842063,0.58853721904747,0.000422064570926195,"violation in forward orientation",1,0.590344827586207,1,7520,0.228000868315902,0.588115154476544,0.408138890583019,0.49539739842063,0.58853721904747,0.000422064570926195,"violation",1,7760,0.563703150444785,0.241468161746414,0.498110452753941,0.417242410526915,0.241762323985543,0.000294162239129675,"violation"
153,340,"forward",0.451640774433241,0.301106009928401,0.4845002419288,0.424182502995763,0.303860139868633,0.00275412994023144,"violation in forward orientation",1,0.590344827586207,1,340,0.451640774433241,0.301106009928401,0.4845002419288,0.424182502995763,0.303860139868633,0.00275412994023144,"violation",0,10050,0.573987974029249,0.245743205454496,0.496874257356002,0.421055742648602,0.236063131231748,-0.00968007422274775,"max_iter reached without violation"
154,10050,"reverse",0.570816595917081,0.247881418989552,0.497221646360818,0.422386641583565,0.237820506553549,-0.0100609124360029,"max_iter reached without violation in either orientation",0,0.590344827586207,0,10050,0.20367810703748,0.643267579618145,0.391788956797721,0.483974831815402,0.632430331570995,-0.0108372480471494,"max_iter reached without violation",0,10050,0.570816595917081,0.247881418989552,0.497221646360818,0.422386641583565,0.237820506553549,-0.0100609124360029,"max_iter reached without violation"
155,10050,"reverse",0.602891667600006,0.224739159772378,0.492743471604336,0.407201928481613,0.220046549167548,-0.00469261060482956,"max_iter reached without violation in either orientation",0,0.590344827586207,0,10050,0.192201092594972,0.670930505090109,0.382688546342706,0.47584432443136,0.653141873348368,-0.0177886317417403,"max_iter reached without violation",0,10050,0.602891667600006,0.224739159772378,0.492743471604336,0.407201928481613,0.220046549167548,-0.00469261060482956,"max_iter reached without violation"
156,3920,"forward",0.287037482513104,0.481981996612376,0.440405137021246,0.497980093237813,0.48199912000916,1.71233967841133e-05,"violation in forward orientation",1,0.590344827586207,1,3920,0.287037482513104,0.481981996612376,0.440405137021246,0.497980093237813,0.48199912000916,1.71233967841133e-05,"violation",1,5720,0.642345038232556,0.198176705084823,0.48540372714532,0.384536546274607,0.198184009457923,7.3043730999256e-06,"violation"
157,10050,"reverse",0.543035025541041,0.266086129657409,0.49938576662469,0.433156226123781,0.25321527956797,-0.0128708500894395,"max_iter reached without violation in either orientation",0,0.590344827586207,0,10050,0.206237316575068,0.646519576325524,0.393748530158973,0.483110963510745,0.627811954943492,-0.0187076213820325,"max_iter reached without violation",0,10050,0.543035025541041,0.266086129657409,0.49938576662469,0.433156226123781,0.25321527956797,-0.0128708500894395,"max_iter reached without violation"
158,9120,"forward",0.245054125329472,0.557354976839525,0.420226010924802,0.498525015479451,0.557762730887145,0.000407754047619835,"violation in forward orientation",1,0.590344827586207,1,9120,0.245054125329472,0.557354976839525,0.420226010924802,0.498525015479451,0.557762730887145,0.000407754047619835,"violation",0,10050,0.590823210476118,0.238408096620754,0.494681137688164,0.416380770706576,0.226734117780184,-0.0116739788405704,"max_iter reached without violation"
159,6370,"forward",0.22722926078385,0.589854276561076,0.406781897478858,0.495357865973337,0.589929670169309,7.53936082331652e-05,"violation in forward orientation",1,0.590344827586207,1,6370,0.22722926078385,0.589854276561076,0.406781897478858,0.495357865973337,0.589929670169309,7.53936082331652e-05,"violation",0,10050,0.561297944153439,0.246863288426612,0.498140260584176,0.421754695108388,0.243095135788726,-0.00376815263788607,"max_iter reached without violation"
160,10050,"reverse",0.573393398128993,0.243197015612021,0.496940965318625,0.419452261288472,0.236392607244097,-0.00680440836792398,"max_iter reached without violation in either orientation",0,0.590344827586207,0,10050,0.200196069883353,0.668176974211026,0.389082578433263,0.47673426821037,0.638714052685866,-0.0294629215251602,"max_iter reached without violation",0,10050,0.573393398128993,0.243197015612021,0.496940965318625,0.419452261288472,0.236392607244097,-0.00680440836792398,"max_iter reached without violation"
161,10050,"reverse",0.553062836133058,0.253275518697524,0.498785684170762,0.42568146865307,0.247658507009538,-0.00561701168798515,"max_iter reached without violation in either orientation",0,0.590344827586207,0,10050,0.212171137078267,0.645140047833246,0.398197766631063,0.483480365199127,0.6171037196383,-0.0280363281949462,"max_iter reached without violation",0,10050,0.553062836133058,0.253275518697524,0.498785684170762,0.42568146865307,0.247658507009538,-0.00561701168798515,"max_iter reached without violation"
162,110,"forward",0.83733106959523,0.0704096779402481,0.449885201151223,0.162877026065172,0.090135196767335,0.0197255188270869,"violation in forward orientation",1,0.590344827586207,1,110,0.83733106959523,0.0704096779402481,0.449885201151223,0.162877026065172,0.090135196767335,0.0197255188270869,"violation",0,10050,0.612874253471964,0.221471436660922,0.490906481455795,0.404914257041606,0.214514837262296,-0.00695659939862617,"max_iter reached without violation"
163,10050,"reverse",0.555345358024256,0.249306600141351,0.49862061654586,0.423265851843845,0.246393679070015,-0.00291292107133576,"max_iter reached without violation in either orientation",0,0.590344827586207,0,10050,0.201834894599481,0.654301099379259,0.390362157863343,0.480945548969669,0.635756612251866,-0.0185444871273927,"max_iter reached without violation",0,10050,0.555345358024256,0.249306600141351,0.49862061654586,0.423265851843845,0.246393679070015,-0.00291292107133576,"max_iter reached without violation"
164,4720,"reverse",0.59277232317379,0.225489410031786,0.49535325514809,0.403918199667219,0.22565404393432,0.000164633902533906,"violation in reverse orientation",1,0.590344827586207,0,10050,0.231882549788838,0.595572790665403,0.412076178709682,0.493955283385657,0.581532295563588,-0.0140404951018144,"max_iter reached without violation",1,4720,0.59277232317379,0.225489410031786,0.49535325514809,0.403918199667219,0.22565404393432,0.000164633902533906,"violation"
165,10050,"reverse",0.599925052834175,0.231474528935781,0.493248353538919,0.411802377949892,0.221690457712783,-0.00978407122299838,"max_iter reached without violation in either orientation",0,0.590344827586207,0,10050,0.259276397635527,0.55772670825698,0.429243351959706,0.498437110853916,0.532097067703431,-0.0256296405535489,"max_iter reached without violation",0,10050,0.599925052834175,0.231474528935781,0.493248353538919,0.411802377949892,0.221690457712783,-0.00978407122299838,"max_iter reached without violation"
166,60,"forward",0.954387851160112,0.022974813582176,0.386939558874797,0.0645497224367903,0.0252698001177567,0.00229498653558068,"violation in forward orientation",1,0.590344827586207,1,60,0.954387851160112,0.022974813582176,0.386939558874797,0.0645497224367903,0.0252698001177567,0.00229498653558068,"violation",0,10050,0.607340312539115,0.230556406141479,0.491951216691218,0.411184251041726,0.217581394097755,-0.0129750120437242,"max_iter reached without violation"
167,10050,"reverse",0.553757557566657,0.258768004443398,0.498736563675189,0.428945760538005,0.247273536734866,-0.0114944677085325,"max_iter reached without violation in either orientation",0,0.590344827586207,0,10050,0.213398216715506,0.633210476592282,0.39910168676951,0.486495177248656,0.61488931873307,-0.0183211578592116,"max_iter reached without violation",0,10050,0.553757557566657,0.258768004443398,0.498736563675189,0.428945760538005,0.247273536734866,-0.0114944677085325,"max_iter reached without violation"
168,6140,"reverse",0.560468252849815,0.24330747062381,0.498545455095628,0.417313902054161,0.243554897750287,0.000247427126477073,"violation in reverse orientation",1,0.590344827586207,0,10050,0.252054504467517,0.563479899095832,0.424943438958298,0.497946079671227,0.54512977257718,-0.0183501265186513,"max_iter reached without violation",1,6140,0.560468252849815,0.24330747062381,0.498545455095628,0.417313902054161,0.243554897750287,0.000247427126477073,"violation"
169,10050,"reverse",0.703822313302154,0.172683936771355,0.463768499104739,0.365958854275583,0.16411722768745,-0.00856670908390497,"max_iter reached without violation in either orientation",0,0.590344827586207,0,10050,0.22167571000606,0.612083836995818,0.405058348312909,0.491059736549211,0.59995166670187,-0.012132170293948,"max_iter reached without violation",0,10050,0.703822313302154,0.172683936771355,0.463768499104739,0.365958854275583,0.16411722768745,-0.00856670908390497,"max_iter reached without violation"
170,10050,"forward",0.229230042491721,0.590427334273366,0.410286306251739,0.494739496229558,0.586319038315742,-0.00410829595762419,"max_iter reached without violation in either orientation",0,0.590344827586207,0,10050,0.229230042491721,0.590427334273366,0.410286306251739,0.494739496229558,0.586319038315742,-0.00410829595762419,"max_iter reached without violation",0,10050,0.636760982556824,0.213193717716536,0.485631358023394,0.398951423808026,0.201278336685081,-0.0119153810314559,"max_iter reached without violation"
171,8470,"forward",0.219468257353761,0.603643506205411,0.402718996826813,0.492842701082589,0.603935259129909,0.000291752924497346,"violation in forward orientation",1,0.590344827586207,1,8470,0.219468257353761,0.603643506205411,0.402718996826813,0.492842701082589,0.603935259129909,0.000291752924497346,"violation",0,10050,0.631040221145446,0.215749547516677,0.487009342366234,0.400818560483121,0.204448417505054,-0.0113011300116223,"max_iter reached without violation"
172,2360,"forward",0.228869395770663,0.58692694749388,0.401580250744471,0.497095665675224,0.586969865206958,4.29177130782943e-05,"violation in forward orientation",1,0.590344827586207,1,2360,0.228869395770663,0.58692694749388,0.401580250744471,0.497095665675224,0.586969865206958,4.29177130782943e-05,"violation",0,10050,0.545716454345583,0.259683091589158,0.499245231170528,0.429480861679824,0.251729402879161,-0.00795368870999674,"max_iter reached without violation"
173,50,"forward",0.80895608070809,0.0745005976726398,0.485386443980464,0.14,0.10585880444291,0.0313582067702707,"violation in forward orientation",1,0.590344827586207,1,50,0.80895608070809,0.0745005976726398,0.485386443980464,0.14,0.10585880444291,0.0313582067702707,"violation at burn-in",1,280,0.669343629780846,0.155301565923136,0.492598275701905,0.304703770497022,0.183223113332575,0.0279215474094388,"violation"
174,10050,"reverse",0.630053615966086,0.217589200358435,0.487239623218797,0.402148003547215,0.20499513112079,-0.0125940692376447,"max_iter reached without violation in either orientation",0,0.590344827586207,0,10050,0.232086552452725,0.608724021832386,0.412212866779322,0.491696160982454,0.581164150196434,-0.0275598716359524,"max_iter reached without violation",0,10050,0.630053615966086,0.217589200358435,0.487239623218797,0.402148003547215,0.20499513112079,-0.0125940692376447,"max_iter reached without violation"
175,10050,"forward",0.203063757329192,0.63774705270682,0.391314846038304,0.485386443980464,0.633538993559081,-0.0042080591477387,"max_iter reached without violation in either orientation",0,0.590344827586207,0,10050,0.203063757329192,0.63774705270682,0.391314846038304,0.485386443980464,0.633538993559081,-0.0042080591477387,"max_iter reached without violation",0,10050,0.708625012814605,0.173815609110905,0.461774053357858,0.366974778907555,0.16145587817229,-0.0123597309386142,"max_iter reached without violation"
176,7310,"reverse",0.577090188766029,0.234301467702037,0.49681326559474,0.412271163919041,0.234344081837913,4.26141358759735e-05,"violation in reverse orientation",1,0.590344827586207,0,10050,0.225249616937781,0.609119339948121,0.407555970101807,0.491622538618009,0.59350215641367,-0.0156171835344514,"max_iter reached without violation",1,7310,0.577090188766029,0.234301467702037,0.49681326559474,0.412271163919041,0.234344081837913,4.26141358759735e-05,"violation"
177,480,"forward",0.408872852561655,0.325276480357752,0.475639189816072,0.442216638714053,0.327559392308278,0.00228291195052649,"violation in forward orientation",1,0.590344827586207,1,480,0.408872852561655,0.325276480357752,0.475639189816072,0.442216638714053,0.327559392308278,0.00228291195052649,"violation",0,10050,0.548000216265048,0.253275518697524,0.499114078636816,0.42568146865307,0.250463887795123,-0.00281163090240028,"max_iter reached without violation"
178,10050,"reverse",0.59270345901514,0.24034437262102,0.494399464926922,0.41763146338243,0.225692204055468,-0.0146521685655518,"max_iter reached without violation in either orientation",0,0.590344827586207,0,10050,0.234024320716225,0.599529452872368,0.413504373237416,0.493314267341032,0.577667233071741,-0.021862219800627,"max_iter reached without violation",0,10050,0.59270345901514,0.24034437262102,0.494399464926922,0.41763146338243,0.225692204055468,-0.0146521685655518,"max_iter reached without violation"
179,8980,"reverse",0.583030001940405,0.231002808931005,0.495883058731057,0.410999909356974,0.231052616512884,4.9807581879141e-05,"violation in reverse orientation",1,0.590344827586207,0,10050,0.217078231095779,0.627488076618225,0.40177995593578,0.487828346481932,0.608248325819785,-0.0192397507984395,"max_iter reached without violation",1,8980,0.583030001940405,0.231002808931005,0.495883058731057,0.410999909356974,0.231052616512884,4.9807581879141e-05,"violation"
180,10050,"forward",0.235961626895783,0.583695612698775,0.414783241581186,0.495681646369083,0.574171149828622,-0.00952446287015318,"max_iter reached without violation in either orientation",0,0.590344827586207,0,10050,0.235961626895783,0.583695612698775,0.414783241581186,0.495681646369083,0.574171149828622,-0.00952446287015318,"max_iter reached without violation",0,10050,0.602891667600006,0.230148317748225,0.492743471604336,0.410908603040231,0.220046549167548,-0.0101017685806765,"max_iter reached without violation"
181,10050,"reverse",0.570420120614635,0.243095152134814,0.497263619371871,0.419387687616062,0.238040207859284,-0.00505494427553027,"max_iter reached without violation in either orientation",0,0.590344827586207,0,10050,0.226372505180234,0.600518430151287,0.408331647424927,0.493148864019889,0.591475780402609,-0.00904264974867897,"max_iter reached without violation",0,10050,0.570420120614635,0.243095152134814,0.497263619371871,0.419387687616062,0.238040207859284,-0.00505494427553027,"max_iter reached without violation"
182,6780,"reverse",0.521816993485397,0.264405047578029,0.499999912983694,0.430601960109798,0.264972958593597,0.000567911015567801,"violation in reverse orientation",1,0.590344827586207,0,10050,0.231066487347905,0.600320640729806,0.411528010087475,0.493182109723832,0.583004970484667,-0.017315670245139,"max_iter reached without violation",1,6780,0.521816993485397,0.264405047578029,0.499999912983694,0.430601960109798,0.264972958593597,0.000567911015567801,"violation"
183,10050,"reverse",0.561297944153439,0.250833320406069,0.498140260584176,0.424200764330059,0.243095135788726,-0.00773818461734307,"max_iter reached without violation in either orientation",0,0.590344827586207,0,10050,0.209920953977378,0.644351675346458,0.396525889907327,0.483689523925788,0.62116442388628,-0.0231872514601781,"max_iter reached without violation",0,10050,0.561297944153439,0.250833320406069,0.498140260584176,0.424200764330059,0.243095135788726,-0.00773818461734307,"max_iter reached without violation"
184,10050,"reverse",0.564570743554976,0.252461528037226,0.497845351301018,0.425189963762696,0.241281559262042,-0.0111799687751835,"max_iter reached without violation in either orientation",0,0.590344827586207,0,10050,0.251545698465496,0.570221878547138,0.424634557080152,0.497284485091178,0.546047969275478,-0.0241739092716592,"max_iter reached without violation",0,10050,0.564570743554976,0.252461528037226,0.497845351301018,0.425189963762696,0.241281559262042,-0.0111799687751835,"max_iter reached without violation"
185,10050,"reverse",0.557429062489303,0.248390439202584,0.498460678433473,0.422701382187831,0.245239023057618,-0.00315141614496572,"max_iter reached without violation in either orientation",0,0.590344827586207,0,10050,0.217691390033355,0.629066932548452,0.402221498810781,0.487467764234511,0.607141812709133,-0.021925119839319,"max_iter reached without violation",0,10050,0.557429062489303,0.248390439202584,0.498460678433473,0.422701382187831,0.245239023057618,-0.00315141614496572,"max_iter reached without violation"
186,10050,"reverse",0.600419535817805,0.227903457391896,0.493165497189963,0.409382304745608,0.221416446805932,-0.00648701058596357,"max_iter reached without violation in either orientation",0,0.590344827586207,0,10050,0.234840084653614,0.583794633544499,0.414044377711122,0.495668473341273,0.576195096833319,-0.00759953671118074,"max_iter reached without violation",0,10050,0.600419535817805,0.227903457391896,0.493165497189963,0.409382304745608,0.221416446805932,-0.00648701058596357,"max_iter reached without violation"
187,10050,"forward",0.248492239648315,0.551971058826651,0.422764231933218,0.498860898929035,0.551558273385866,-0.000412785440784713,"max_iter reached without violation in either orientation",0,0.590344827586207,0,10050,0.248492239648315,0.551971058826651,0.422764231933218,0.498860898929035,0.551558273385866,-0.000412785440784713,"max_iter reached without violation",0,10050,0.538167376029472,0.257140953291755,0.499603813234805,0.427988191116709,0.255912620226905,-0.00122833306484976,"max_iter reached without violation"
188,7350,"reverse",0.534140856371947,0.258058406905207,0.499822190606042,0.427248665949253,0.258143860409756,8.54535045480831e-05,"violation in reverse orientation",1,0.590344827586207,0,10050,0.224739159772378,0.608229857059094,0.407201928481613,0.491787720465793,0.594423332818889,-0.0138065242402052,"max_iter reached without violation",1,7350,0.534140856371947,0.258058406905207,0.499822190606042,0.427248665949253,0.258143860409756,8.54535045480831e-05,"violation"
189,80,"forward",0.819812757386282,0.0962393665961734,0.46837484987988,0.189983551919633,0.099842727205755,0.00360336060958166,"violation in forward orientation",1,0.590344827586207,1,80,0.819812757386282,0.0962393665961734,0.46837484987988,0.189983551919633,0.099842727205755,0.00360336060958166,"violation",1,6780,0.570386103055612,0.237891541097007,0.497596401602851,0.414286175086052,0.238059058219165,0.000167517122158595,"violation"
190,10050,"forward",0.251647462027744,0.553261331618175,0.424696398052828,0.498771749488352,0.54586432567361,-0.00739700594456527,"max_iter reached without violation in either orientation",0,0.590344827586207,0,10050,0.251647462027744,0.553261331618175,0.424696398052828,0.498771749488352,0.54586432567361,-0.00739700594456527,"max_iter reached without violation",0,10050,0.587853847680531,0.244724820929125,0.495110860304024,0.420416850235786,0.228379549108103,-0.0163452718210223,"max_iter reached without violation"
191,10050,"reverse",0.617023135657484,0.214011679571057,0.490079894014501,0.399551541879086,0.212215791576788,-0.00179588799426889,"max_iter reached without violation in either orientation",0,0.590344827586207,0,10050,0.174535648753094,0.69627082307825,0.367618117911531,0.466782533431251,0.685021120340669,-0.0112497027375812,"max_iter reached without violation",0,10050,0.617023135657484,0.214011679571057,0.490079894014501,0.399551541879086,0.212215791576788,-0.00179588799426889,"max_iter reached without violation"
192,10050,"reverse",0.566355570308225,0.248492239648315,0.49767528678045,0.422764231933218,0.240292522200263,-0.00819971744805198,"max_iter reached without violation in either orientation",0,0.590344827586207,0,10050,0.244724820929125,0.578347385068357,0.420416850235786,0.49636285094677,0.558356997094566,-0.019990387973791,"max_iter reached without violation",0,10050,0.566355570308225,0.248492239648315,0.49767528678045,0.422764231933218,0.240292522200263,-0.00819971744805198,"max_iter reached without violation"
193,480,"forward",0.49476652717318,0.266717565160006,0.494957209149325,0.409076704298839,0.279962600401965,0.0132450352419594,"violation in forward orientation",1,0.590344827586207,1,480,0.49476652717318,0.266717565160006,0.494957209149325,0.409076704298839,0.279962600401965,0.0132450352419594,"violation",0,10050,0.551871801969851,0.256937551159518,0.498867616993398,0.427867927741739,0.248318502119491,-0.00861904904002692,"max_iter reached without violation"
194,70,"forward",0.863377182770204,0.0534488391899587,0.451753951452626,0.118666055184544,0.0757021033601147,0.022253264170156,"violation in forward orientation",1,0.590344827586207,1,70,0.863377182770204,0.0534488391899587,0.451753951452626,0.118666055184544,0.0757021033601147,0.022253264170156,"violation",0,10050,0.627093331436327,0.212171137078267,0.487917638733803,0.398197766631063,0.20663553185325,-0.00553560522501792,"max_iter reached without violation"
195,10050,"forward",0.258768004443398,0.541346446712504,0.428945760538005,0.49946681801642,0.533014519440626,-0.00833192727187759,"max_iter reached without violation in either orientation",0,0.590344827586207,0,10050,0.258768004443398,0.541346446712504,0.428945760538005,0.49946681801642,0.533014519440626,-0.00833192727187759,"max_iter reached without violation",0,10050,0.584586773552138,0.24034437262102,0.495562357276316,0.41763146338243,0.230189953053852,-0.0101544195671676,"max_iter reached without violation"
196,10050,"reverse",0.581120810058717,0.242178325562491,0.496017016214412,0.418805012711536,0.232110568790661,-0.0100677567718297,"max_iter reached without violation in either orientation",0,0.590344827586207,0,10050,0.236573312479722,0.588744727062585,0.415184487856256,0.494983872898745,0.573067295547543,-0.0156774315150423,"max_iter reached without violation",0,10050,0.581120810058717,0.242178325562491,0.496017016214412,0.418805012711536,0.232110568790661,-0.0100677567718297,"max_iter reached without violation"
197,6780,"forward",0.212800689155804,0.615383996843897,0.396756012105548,0.491037019511262,0.615967623293711,0.000583626449814134,"violation in forward orientation",1,0.590344827586207,1,6780,0.212800689155804,0.615383996843897,0.396756012105548,0.491037019511262,0.615967623293711,0.000583626449814134,"violation",0,10050,0.582606334365219,0.234432212904784,0.495825208675876,0.413774654990189,0.231287386040498,-0.00314482686428569,"max_iter reached without violation"
198,10050,"reverse",0.592208682959877,0.231270510736285,0.494474305691543,0.411665264977326,0.225966377363911,-0.00530413337237323,"max_iter reached without violation in either orientation",0,0.590344827586207,0,10050,0.25856463914318,0.540253725022937,0.428826504528191,0.499516203653033,0.533381514614557,-0.00687221040837982,"max_iter reached without violation",0,10050,0.592208682959877,0.231270510736285,0.494474305691543,0.411665264977326,0.225966377363911,-0.00530413337237323,"max_iter reached without violation"
199,9420,"forward",0.221351677532787,0.600479147545328,0.404544629776813,0.493237932559426,0.600536419133876,5.72715885482911e-05,"violation in forward orientation",1,0.590344827586207,1,9420,0.221351677532787,0.600479147545328,0.404544629776813,0.493237932559426,0.600536419133876,5.72715885482911e-05,"violation",0,10050,0.519972801856878,0.273601521155398,0.499997138676499,0.437319138060691,0.265994891880012,-0.00760662927538636,"max_iter reached without violation"
200,10050,"reverse",0.586269913010265,0.24278955433969,0.495332537708557,0.419193765205081,0.229257264600365,-0.0135322897393244,"max_iter reached without violation in either orientation",0,0.590344827586207,0,10050,0.23310648835116,0.594880251124929,0.412894189643413,0.494064079217875,0.579323563075409,-0.0155566880495193,"max_iter reached without violation",0,10050,0.586269913010265,0.24278955433969,0.495332537708557,0.419193765205081,0.229257264600365,-0.0135322897393244,"max_iter reached without violation"
201,10050,"forward",0.204701902927236,0.632618626419198,0.392575851414581,0.486636434548639,0.630582778668766,-0.00203584775043197,"max_iter reached without violation in either orientation",0,0.590344827586207,0,10050,0.204701902927236,0.632618626419198,0.392575851414581,0.486636434548639,0.630582778668766,-0.00203584775043197,"max_iter reached without violation",0,10050,0.619887048893827,0.219734892480598,0.489487517462641,0.403683443757962,0.210628793663793,-0.00910609881680491,"max_iter reached without violation"
202,10050,"reverse",0.614059786374043,0.219734892480598,0.490674087730127,0.403683443757962,0.213857890600117,-0.00587700188048146,"max_iter reached without violation in either orientation",0,0.590344827586207,0,10050,0.228617800051587,0.601012890498286,0.409869829816887,0.493065388553256,0.587423897505407,-0.0135889929928795,"max_iter reached without violation",0,10050,0.614059786374043,0.219734892480598,0.490674087730127,0.403683443757962,0.213857890600117,-0.00587700188048146,"max_iter reached without violation"
203,10050,"reverse",0.6074391538607,0.224330769917997,0.491933133632153,0.406918035440971,0.217526622546339,-0.00680414737165841,"max_iter reached without violation in either orientation",0,0.590344827586207,0,10050,0.261512988622046,0.538664154824785,0.430543480868763,0.499583747924279,0.528060891928953,-0.0106032628958319,"max_iter reached without violation",0,10050,0.6074391538607,0.224330769917997,0.491933133632153,0.406918035440971,0.217526622546339,-0.00680414737165841,"max_iter reached without violation"
204,10050,"reverse",0.611787418204448,0.229332078308324,0.491116862245506,0.410355593450862,0.215117091995235,-0.0142149863130888,"max_iter reached without violation in either orientation",0,0.590344827586207,0,10050,0.233004500557346,0.594385557510973,0.41282621587989,0.494141174773385,0.579507611327936,-0.0148779461830366,"max_iter reached without violation",0,10050,0.611787418204448,0.229332078308324,0.491116862245506,0.410355593450862,0.215117091995235,-0.0142149863130888,"max_iter reached without violation"
205,8740,"forward",0.232903173226995,0.579529212341178,0.412157051323172,0.496350897615244,0.579690467701104,0.000161255359926171,"violation in forward orientation",1,0.590344827586207,1,8740,0.232903173226995,0.579529212341178,0.412157051323172,0.496350897615244,0.579690467701104,0.000161255359926171,"violation",0,10050,0.596957759339067,0.233718388137113,0.493734672053686,0.413301294398513,0.223334742366459,-0.0103836457706538,"max_iter reached without violation"
206,10050,"reverse",0.601803987790729,0.223003354238521,0.492930753960226,0.405991317368328,0.220649271891625,-0.00235408234689582,"max_iter reached without violation in either orientation",0,0.590344827586207,0,10050,0.221879977904242,0.605857601547994,0.405202290608589,0.492219969127092,0.599583042690096,-0.00627455885789774,"max_iter reached without violation",0,10050,0.601803987790729,0.223003354238521,0.492930753960226,0.405991317368328,0.220649271891625,-0.00235408234689582,"max_iter reached without violation"
207,10050,"reverse",0.606944939652441,0.224841253883355,0.492023341056451,0.407272810046805,0.217800484515035,-0.00704076936831965,"max_iter reached without violation in either orientation",0,0.590344827586207,0,10050,0.213398216715506,0.622256693314643,0.39910168676951,0.488983854812276,0.61488931873307,-0.00736737458157333,"max_iter reached without violation",0,10050,0.606944939652441,0.224841253883355,0.492023341056451,0.407272810046805,0.217800484515035,-0.00704076936831965,"max_iter reached without violation"
208,10050,"reverse",0.574087067430803,0.24105762418921,0.496863068748734,0.418089146821268,0.236008219993704,-0.00504940419550576,"max_iter reached without violation in either orientation",0,0.590344827586207,0,10050,0.203780493383279,0.648588573989046,0.391867831060264,0.482548790604103,0.632245564087337,-0.0163430099017094,"max_iter reached without violation",0,10050,0.574087067430803,0.24105762418921,0.496863068748734,0.418089146821268,0.236008219993704,-0.00504940419550576,"max_iter reached without violation"
209,10050,"reverse",0.628474884989228,0.214727321691377,0.487603622972911,0.400074607531886,0.205869963058315,-0.0088573586330617,"max_iter reached without violation in either orientation",0,0.590344827586207,0,10050,0.212273401578716,0.63360502765628,0.398273308392014,0.486400575822431,0.616919172038051,-0.0166858556182282,"max_iter reached without violation",0,10050,0.628474884989228,0.214727321691377,0.487603622972911,0.400074607531886,0.205869963058315,-0.0088573586330617,"max_iter reached without violation"
210,80,"forward",0.852434440271627,0.0732709191287607,0.452596674755792,0.15612494995996,0.0817658727813761,0.00849495365261548,"violation in forward orientation",1,0.590344827586207,1,80,0.852434440271627,0.0732709191287607,0.452596674755792,0.15612494995996,0.0817658727813761,0.00849495365261548,"violation",0,10050,0.58230924286158,0.239631060174338,0.495863935519061,0.417172114901215,0.231452015188567,-0.0081790449857706,"max_iter reached without violation"
211,10050,"reverse",0.556932971595804,0.253072028082139,0.498499558035064,0.425558785241296,0.245513924965486,-0.00755810311665253,"max_iter reached without violation in either orientation",0,0.590344827586207,0,10050,0.254699821826926,0.564769069378084,0.426536664775564,0.497826776319149,0.54035600486274,-0.0244130645153446,"max_iter reached without violation",0,10050,0.556932971595804,0.253072028082139,0.498499558035064,0.425558785241296,0.245513924965486,-0.00755810311665253,"max_iter reached without violation"
212,10050,"forward",0.226576649371711,0.593297165567641,0.408472206310461,0.494308980080198,0.591107379633266,-0.0021897859343748,"max_iter reached without violation in either orientation",0,0.590344827586207,0,10050,0.226576649371711,0.593297165567641,0.408472206310461,0.494308980080198,0.591107379633266,-0.0021897859343748,"max_iter reached without violation",0,10050,0.596957759339067,0.235145975075685,0.493734672053686,0.41424630354416,0.223334742366459,-0.0118112327092259,"max_iter reached without violation"
213,10050,"reverse",0.608131021821471,0.226066278921909,0.491805969922775,0.408120536384178,0.217143233484172,-0.00892304543773698,"max_iter reached without violation in either orientation",0,0.590344827586207,0,10050,0.249103017189445,0.566454720377542,0.423140643004525,0.497665648051047,0.550456057768455,-0.0159986626090869,"max_iter reached without violation",0,10050,0.608131021821471,0.226066278921909,0.491805969922775,0.408120536384178,0.217143233484172,-0.00892304543773698,"max_iter reached without violation"
214,10050,"reverse",0.644154574224814,0.212068871144476,0.483741594806849,0.398122185667821,0.197181280113067,-0.0148875910314093,"max_iter reached without violation in either orientation",0,0.590344827586207,0,10050,0.18891828752521,0.690382882372521,0.379988379474205,0.469030958307124,0.659066058134399,-0.0313168242381215,"max_iter reached without violation",0,10050,0.644154574224814,0.212068871144476,0.483741594806849,0.398122185667821,0.197181280113067,-0.0148875910314093,"max_iter reached without violation"
215,10050,"reverse",0.563182380666424,0.250731547373688,0.497973129985116,0.42413866434681,0.242050901356157,-0.00868064601753041,"max_iter reached without violation in either orientation",0,0.590344827586207,0,10050,0.23045438599747,0.604275854963348,0.411115392492074,0.492501491234641,0.584109575062367,-0.0201662799009805,"max_iter reached without violation",0,10050,0.563182380666424,0.250731547373688,0.497973129985116,0.42413866434681,0.242050901356157,-0.00868064601753041,"max_iter reached without violation"
216,9160,"reverse",0.583794702612387,0.230565922089717,0.495762720410672,0.410792048685708,0.23062886821105,6.29461213326743e-05,"violation in reverse orientation",1,0.590344827586207,0,10050,0.245437702851671,0.573591593046068,0.420864423771427,0.496918810023184,0.557070522829407,-0.0165210702166613,"max_iter reached without violation",1,9160,0.583794702612387,0.230565922089717,0.495762720410672,0.410792048685708,0.23062886821105,6.29461213326743e-05,"violation"
217,10050,"reverse",0.599826153974738,0.231474528935781,0.493264862922985,0.411802377949892,0.221745261148003,-0.00972926778777825,"max_iter reached without violation in either orientation",0,0.590344827586207,0,10050,0.222288497382939,0.633111836861049,0.405489728907526,0.486518773855571,0.598845824113586,-0.0342660127474627,"max_iter reached without violation",0,10050,0.599826153974738,0.231474528935781,0.493264862922985,0.411802377949892,0.221745261148003,-0.00972926778777825,"max_iter reached without violation"
218,10050,"reverse",0.589833497550428,0.240038674752939,0.494826420881411,0.417434803950413,0.227282553510569,-0.0127561212423696,"max_iter reached without violation in either orientation",0,0.590344827586207,0,10050,0.242178325562491,0.577257666447889,0.418805012711536,0.496494371293592,0.562952429594553,-0.0143052368533356,"max_iter reached without violation",0,10050,0.589833497550428,0.240038674752939,0.494826420881411,0.417434803950413,0.227282553510569,-0.0127561212423696,"max_iter reached without violation"
219,10050,"reverse",0.578446445958391,0.234228269367973,0.496350773141105,0.41363958406122,0.233592530671331,-0.000635738696641575,"max_iter reached without violation in either orientation",0,0.590344827586207,0,10050,0.252258018609076,0.559611645336656,0.425066765816964,0.498283670882264,0.54476250880259,-0.0148491365340661,"max_iter reached without violation",0,10050,0.578446445958391,0.234228269367973,0.496350773141105,0.41363958406122,0.233592530671331,-0.000635738696641575,"max_iter reached without violation"
220,10050,"reverse",0.581021769170198,0.239529153414849,0.496029641066653,0.417106357447276,0.232165450929333,-0.00736370248551585,"max_iter reached without violation in either orientation",0,0.590344827586207,0,10050,0.207363074418242,0.646618108059664,0.394602691797901,0.483084413155615,0.625780400420588,-0.0208377076390757,"max_iter reached without violation",0,10050,0.581021769170198,0.239529153414849,0.496029641066653,0.417106357447276,0.232165450929333,-0.00736370248551585,"max_iter reached without violation"
221,60,"forward",0.819765062450468,0.0972236971658371,0.476969600708473,0.17950549357115,0.0998691566948318,0.00264545952899471,"violation in forward orientation",1,0.590344827586207,1,60,0.819765062450468,0.0972236971658371,0.476969600708473,0.17950549357115,0.0998691566948318,0.00264545952899471,"violation",0,10050,0.624132345686208,0.215953975791757,0.488576475692074,0.400966889128111,0.208276321157274,-0.00767765463448333,"max_iter reached without violation"
222,6500,"forward",0.178298700356297,0.6777172365026,0.368591883159899,0.474736924968971,0.678230277575717,0.000513041073117781,"violation in forward orientation",1,0.590344827586207,1,6500,0.178298700356297,0.6777172365026,0.368591883159899,0.474736924968971,0.678230277575717,0.000513041073117781,"violation",0,10050,0.59972725436124,0.224432869394566,0.493281351683314,0.40698906375648,0.221800065001075,-0.00263280439349114,"max_iter reached without violation"
223,7410,"reverse",0.574201789725736,0.235910564608884,0.497121298695493,0.413404380554992,0.235944648220536,3.40836116523302e-05,"violation in reverse orientation",1,0.590344827586207,0,10050,0.247474181205679,0.578149261068255,0.422134257966839,0.496386945839634,0.553395472430277,-0.0247537886379783,"max_iter reached without violation",1,7410,0.574201789725736,0.235910564608884,0.497121298695493,0.413404380554992,0.235944648220536,3.40836116523302e-05,"violation"
224,90,"reverse",0.316774321444153,0.356808336031459,0.4,0.422952584681651,0.428335705631434,0.0715273695999752,"violation in reverse orientation",1,0.590344827586207,1,9100,0.213432313218822,0.614740466353544,0.398675260746105,0.490688861201706,0.614827787822185,8.73214686402113e-05,"violation",1,90,0.316774321444153,0.356808336031459,0.4,0.422952584681651,0.428335705631434,0.0715273695999752,"violation"
225,10050,"reverse",0.552665836411502,0.260801405805118,0.498813314184637,0.430131438205025,0.247878498914871,-0.0129229068902475,"max_iter reached without violation in either orientation",0,0.590344827586207,0,10050,0.214011679571057,0.638634448182407,0.399551541879086,0.485164170839643,0.613782257168822,-0.0248521910135856,"max_iter reached without violation",0,10050,0.552665836411502,0.260801405805118,0.498813314184637,0.430131438205025,0.247878498914871,-0.0129229068902475,"max_iter reached without violation"
226,10050,"reverse",0.549390143720042,0.253580745822457,0.499029091246244,0.42586525313923,0.249693678718152,-0.00388706710430478,"max_iter reached without violation in either orientation",0,0.590344827586207,0,10050,0.236573312479722,0.596759915689689,0.415184487856256,0.493766434610757,0.573067295547543,-0.023692620142146,"max_iter reached without violation",0,10050,0.549390143720042,0.253580745822457,0.499029091246244,0.42586525313923,0.249693678718152,-0.00388706710430478,"max_iter reached without violation"
227,10050,"forward",0.222594872736759,0.606747248650074,0.405704917748283,0.492059278548432,0.598292935906292,-0.00845431274378183,"max_iter reached without violation in either orientation",0,0.590344827586207,0,10050,0.222594872736759,0.606747248650074,0.405704917748283,0.492059278548432,0.598292935906292,-0.00845431274378183,"max_iter reached without violation",0,10050,0.579337960658454,0.24370631461477,0.496241161846361,0.419774626863018,0.233098510129629,-0.010607804485141,"max_iter reached without violation"
228,10050,"reverse",0.710780610778623,0.173198360875228,0.460859002325285,0.366421392680525,0.160261383371701,-0.012936977503527,"max_iter reached without violation in either orientation",0,0.590344827586207,0,10050,0.224228669098275,0.615245208962189,0.406846970389867,0.490438676890096,0.595344569694263,-0.0199006392679257,"max_iter reached without violation",0,10050,0.710780610778623,0.173198360875228,0.460859002325285,0.366421392680525,0.160261383371701,-0.012936977503527,"max_iter reached without violation"
229,10050,"reverse",0.612973052090013,0.223411814102309,0.490887230444065,0.406277125184226,0.214460089374454,-0.00895172472785499,"max_iter reached without violation in either orientation",0,0.590344827586207,0,10050,0.209511754556601,0.635873451857918,0.396219855018091,0.485849932771764,0.621902869493467,-0.0139705823644517,"max_iter reached without violation",0,10050,0.612973052090013,0.223411814102309,0.490887230444065,0.406277125184226,0.214460089374454,-0.00895172472785499,"max_iter reached without violation"
230,10050,"reverse",0.583992673006459,0.23545185403964,0.495642066308547,0.414447915994759,0.230519165655036,-0.0049326883846032,"max_iter reached without violation in either orientation",0,0.590344827586207,0,10050,0.242585816334339,0.577257666447889,0.419064315614288,0.496494371293592,0.562217067433313,-0.0150405990145759,"max_iter reached without violation",0,10050,0.583992673006459,0.23545185403964,0.495642066308547,0.414447915994759,0.230519165655036,-0.0049326883846032,"max_iter reached without violation"
231,10050,"forward",0.222696995143264,0.60536332659356,0.405776573203418,0.492308515127936,0.598108644730279,-0.00725468186328093,"max_iter reached without violation in either orientation",0,0.590344827586207,0,10050,0.222696995143264,0.60536332659356,0.405776573203418,0.492308515127936,0.598108644730279,-0.00725468186328093,"max_iter reached without violation",0,10050,0.629461615297043,0.214011679571057,0.487376764415698,0.399551541879086,0.205323180104376,-0.00868849946668107,"max_iter reached without violation"
232,9930,"forward",0.215422633471236,0.61110327441514,0.400527731614638,0.491265146832247,0.611236034821896,0.000132760406756249,"violation in forward orientation",1,0.590344827586207,1,9930,0.215422633471236,0.61110327441514,0.400527731614638,0.491265146832247,0.611236034821896,0.000132760406756249,"violation",0,10050,0.549787239636962,0.257446047833427,0.499004092200228,0.428168349416666,0.249473633507489,-0.00797241432593754,"max_iter reached without violation"
233,10050,"reverse",0.624428475734631,0.225555875189164,0.488511452802106,0.407767956160893,0.208112224786316,-0.0174436504028478,"max_iter reached without violation in either orientation",0,0.590344827586207,0,10050,0.226780788251665,0.612182641731199,0.40861261992449,0.491040652848048,0.590738988449154,-0.0214436532820447,"max_iter reached without violation",0,10050,0.624428475734631,0.225555875189164,0.488511452802106,0.407767956160893,0.208112224786316,-0.0174436504028478,"max_iter reached without violation"
234,10050,"reverse",0.602891667600006,0.225249616937781,0.492743471604336,0.407555970101807,0.220046549167548,-0.00520306777023211,"max_iter reached without violation in either orientation",0,0.590344827586207,0,10050,0.218406678859245,0.618405795335245,0.4027349017703,0.48979613105231,0.605850994920716,-0.0125548004145292,"max_iter reached without violation",0,10050,0.602891667600006,0.225249616937781,0.492743471604336,0.407555970101807,0.220046549167548,-0.00520306777023211,"max_iter reached without violation"
235,10050,"reverse",0.595177058288985,0.231066487347905,0.494017575614185,0.411528010087475,0.224321493226885,-0.00674499412101964,"max_iter reached without violation in either orientation",0,0.590344827586207,0,10050,0.218100134833099,0.61978830405451,0.402515099698151,0.489508239336487,0.606404187515875,-0.0133841165386344,"max_iter reached without violation",0,10050,0.595177058288985,0.231066487347905,0.494017575614185,0.411528010087475,0.224321493226885,-0.00674499412101964,"max_iter reached without violation"
236,70,"forward",0.788036585503097,0.109699356023279,0.483186700722508,0.202534955410826,0.11745105340141,0.00775169737813068,"violation in forward orientation",1,0.590344827586207,1,70,0.788036585503097,0.109699356023279,0.483186700722508,0.202534955410826,0.11745105340141,0.00775169737813068,"violation",0,10050,0.598342580638127,0.228923927177186,0.493510029988515,0.410078229552137,0.222567362795182,-0.00635656438200408,"max_iter reached without violation"
237,10050,"reverse",0.575870622446891,0.236573312479722,0.496658221890618,0.415184487856256,0.235019887647485,-0.00155342483223714,"max_iter reached without violation in either orientation",0,0.590344827586207,0,10050,0.229638177902701,0.603188291666811,0.410563240200105,0.492691960243841,0.5855825128319,-0.017605778834911,"max_iter reached without violation",0,10050,0.575870622446891,0.236573312479722,0.496658221890618,0.415184487856256,0.235019887647485,-0.00155342483223714,"max_iter reached without violation"
238,10050,"forward",0.228923927177186,0.593099266379909,0.410078229552137,0.494339223649024,0.586871457253388,-0.00622780912652032,"max_iter reached without violation in either orientation",0,0.590344827586207,0,10050,0.228923927177186,0.593099266379909,0.410078229552137,0.494339223649024,0.586871457253388,-0.00622780912652032,"max_iter reached without violation",0,10050,0.6350844820186,0.210943851037887,0.48604275375349,0.397288201313727,0.202207346272918,-0.00873650476496879,"max_iter reached without violation"
239,2360,"reverse",0.527372308987991,0.2616549483911,0.499964807724445,0.423041603753315,0.261894557335917,0.000239608944817116,"violation in reverse orientation",1,0.590344827586207,0,10050,0.253072028082139,0.560901186989949,0.425558785241296,0.498174524623387,0.543293538689066,-0.0176076483008824,"max_iter reached without violation",1,2360,0.527372308987991,0.2616549483911,0.499964807724445,0.423041603753315,0.261894557335917,0.000239608944817116,"violation"
240,10050,"reverse",0.593000315662277,0.233922344470681,0.494354314698154,0.413436715322064,0.225527705049882,-0.00839463942079913,"max_iter reached without violation in either orientation",0,0.590344827586207,0,10050,0.248492239648315,0.566950459709786,0.422764231933218,0.497617153158974,0.551558273385866,-0.0153921863239204,"max_iter reached without violation",0,10050,0.593000315662277,0.233922344470681,0.494354314698154,0.413436715322064,0.225527705049882,-0.00839463942079913,"max_iter reached without violation"
241,10050,"reverse",0.582507304606367,0.235349895657079,0.49583813792738,0.41438074663658,0.231342262011819,-0.00400763364526066,"max_iter reached without violation in either orientation",0,0.590344827586207,0,10050,0.199171604940685,0.66650486788703,0.388277385047613,0.477265846826811,0.640562812968065,-0.0259420549189653,"max_iter reached without violation",0,10050,0.582507304606367,0.235349895657079,0.49583813792738,0.41438074663658,0.231342262011819,-0.00400763364526066,"max_iter reached without violation"
242,10050,"reverse",0.611787418204448,0.225351704357504,0.491116862245506,0.407626668659511,0.215117091995235,-0.010234612362269,"max_iter reached without violation in either orientation",0,0.590344827586207,0,10050,0.196814747248589,0.667685203254712,0.38640934944945,0.476891299202105,0.644816023312766,-0.0228691799419456,"max_iter reached without violation",0,10050,0.611787418204448,0.225351704357504,0.491116862245506,0.407626668659511,0.215117091995235,-0.010234612362269,"max_iter reached without violation"
243,10050,"reverse",0.569428880843954,0.247779611346317,0.497367142962959,0.422323594984605,0.238589489669705,-0.00919012167661165,"max_iter reached without violation in either orientation",0,0.590344827586207,0,10050,0.239019600898881,0.58230924286158,0.416777058221177,0.495863935519061,0.568652697565923,-0.0136565452956566,"max_iter reached without violation",0,10050,0.569428880843954,0.247779611346317,0.497367142962959,0.422323594984605,0.238589489669705,-0.00919012167661165,"max_iter reached without violation"
244,160,"forward",0.442073168320992,0.302968040723733,0.472857007984443,0.409076704298839,0.309161896479069,0.0061938557553356,"violation in forward orientation",1,0.590344827586207,1,160,0.442073168320992,0.302968040723733,0.472857007984443,0.409076704298839,0.309161896479069,0.0061938557553356,"violation",0,10050,0.594187674814511,0.242076449790958,0.494171869382704,0.418740102786137,0.224869746396436,-0.0172067033945223,"max_iter reached without violation"
245,10050,"reverse",0.639817542283745,0.206851388470504,0.484865075288093,0.39421504266563,0.199584586383566,-0.00726680208693797,"max_iter reached without violation in either orientation",0,0.590344827586207,0,10050,0.206032614092755,0.642479085678917,0.393592701875843,0.484180668786696,0.628181363210389,-0.0142977224685286,"max_iter reached without violation",0,10050,0.639817542283745,0.206851388470504,0.484865075288093,0.39421504266563,0.199584586383566,-0.00726680208693797,"max_iter reached without violation"
246,9350,"reverse",0.55312519472793,0.247553025682505,0.498819952106489,0.421891501475694,0.247623951856588,7.092617408333e-05,"violation in reverse orientation",1,0.590344827586207,0,10050,0.236165527156632,0.59745235530282,0.414917128901477,0.493654905740071,0.573803189259073,-0.0236491660437466,"max_iter reached without violation",1,9350,0.55312519472793,0.247553025682505,0.498819952106489,0.421891501475694,0.247623951856588,7.092617408333e-05,"violation"
247,80,"forward",0.863053876615838,0.0732709191287607,0.446514277487294,0.15612494995996,0.0758812589943454,0.0026103398655847,"violation in forward orientation",1,0.590344827586207,1,80,0.863053876615838,0.0732709191287607,0.446514277487294,0.15612494995996,0.0758812589943454,0.0026103398655847,"violation",0,10050,0.545418543985614,0.262021228034755,0.499261562083023,0.430836866383912,0.251894485785141,-0.0101267422496141,"max_iter reached without violation"
248,70,"forward",0.875333786584786,0.0534488391899587,0.444696640464954,0.118666055184544,0.0690765167119389,0.0156276775219802,"violation in forward orientation",1,0.590344827586207,1,70,0.875333786584786,0.0534488391899587,0.444696640464954,0.118666055184544,0.0690765167119389,0.0156276775219802,"violation",0,10050,0.587556874462397,0.235757721562191,0.495152822286096,0.414649215520044,0.228544112709895,-0.00721360885229508,"max_iter reached without violation"
249,2710,"forward",0.224383575312224,0.594293796226687,0.399445429210377,0.496002456211791,0.59506502430048,0.000771228073793151,"violation in forward orientation",1,0.590344827586207,1,2710,0.224383575312224,0.594293796226687,0.399445429210377,0.496002456211791,0.59506502430048,0.000771228073793151,"violation",0,10050,0.6007162165544,0.23218855184626,0.49311553576277,0.412281157798194,0.221252045278739,-0.0109365065675208,"max_iter reached without violation"
250,10050,"forward",0.219939212361173,0.613664620989339,0.403828807785398,0.490751887327469,0.603085368737235,-0.0105792522521045,"max_iter reached without violation in either orientation",0,0.590344827586207,0,10050,0.219939212361173,0.613664620989339,0.403828807785398,0.490751887327469,0.603085368737235,-0.0105792522521045,"max_iter reached without violation",0,10050,0.553856800567939,0.260598086200912,0.498729466658868,0.430013431992845,0.247218542598202,-0.0133795436027102,"max_iter reached without violation"
251,10050,"reverse",0.584586773552138,0.23045438599747,0.495562357276316,0.411115392492074,0.230189953053852,-0.000264432943617054,"max_iter reached without violation in either orientation",0,0.590344827586207,0,10050,0.208181695389887,0.644942959513592,0.395220836891378,0.483532786217894,0.624303108347899,-0.0206398511656934,"max_iter reached without violation",0,10050,0.584586773552138,0.23045438599747,0.495562357276316,0.411115392492074,0.230189953053852,-0.000264432943617054,"max_iter reached without violation"
252,190,"forward",0.778926588478126,0.119865042244596,0.464829519280413,0.252467051688662,0.122499232264705,0.00263419002010988,"violation in forward orientation",1,0.590344827586207,1,190,0.778926588478126,0.119865042244596,0.464829519280413,0.252467051688662,0.122499232264705,0.00263419002010988,"violation",0,10050,0.569131494567344,0.245437702851671,0.497397807689757,0.420864423771427,0.23875428216214,-0.00668342068953076,"max_iter reached without violation"
253,10050,"reverse",0.568437567517686,0.243604457263442,0.49746865478988,0.419710220734939,0.239138812239938,-0.00446564502350397,"max_iter reached without violation in either orientation",0,0.590344827586207,0,10050,0.223411814102309,0.623441348418828,0.406277125184226,0.488727453089026,0.596818674868544,-0.0266226735502839,"max_iter reached without violation",0,10050,0.568437567517686,0.243604457263442,0.49746865478988,0.419710220734939,0.239138812239938,-0.00446564502350397,"max_iter reached without violation"
254,60,"forward",0.848900834988849,0.0622317713624085,0.465176191231762,0.12801909579781,0.0837239712802946,0.0214921999178861,"violation in forward orientation",1,0.590344827586207,1,60,0.848900834988849,0.0622317713624085,0.465176191231762,0.12801909579781,0.0837239712802946,0.0214921999178861,"violation",0,10050,0.600617323730178,0.227189050098887,0.493132210211522,0.408893011936515,0.221306845369628,-0.00588220472925832,"max_iter reached without violation"
255,10050,"reverse",0.620874454829901,0.217895765211693,0.489279137511604,0.402368375246219,0.210081636319799,-0.0078141288918942,"max_iter reached without violation in either orientation",0,0.590344827586207,0,10050,0.199581409416409,0.660995055634602,0.388599968344876,0.4789705076612,0.639823275472313,-0.0211717801622884,"max_iter reached without violation",0,10050,0.620874454829901,0.217895765211693,0.489279137511604,0.402368375246219,0.210081636319799,-0.0078141288918942,"max_iter reached without violation"
256,10050,"reverse",0.574285252020472,0.241159512312372,0.496840630996096,0.418154394566889,0.235898398744163,-0.00526111356820938,"max_iter reached without violation in either orientation",0,0.590344827586207,0,10050,0.203780493383279,0.647800426217266,0.391867831060264,0.482764095343859,0.632245564087337,-0.015554862129929,"max_iter reached without violation",0,10050,0.574285252020472,0.241159512312372,0.496840630996096,0.418154394566889,0.235898398744163,-0.00526111356820938,"max_iter reached without violation"
257,130,"forward",0.845834085454482,0.0729615548553156,0.43947251867956,0.172691879389567,0.0854233681226842,0.0124618132673685,"violation in forward orientation",1,0.590344827586207,1,130,0.845834085454482,0.0729615548553156,0.43947251867956,0.172691879389567,0.0854233681226842,0.0124618132673685,"violation",0,10050,0.5768613829444,0.243808170742616,0.496541590055341,0.419838999528523,0.234470871419664,-0.0093372993229523,"max_iter reached without violation"
258,10050,"reverse",0.610107581910438,0.220347835637667,0.491437024199178,0.404119084980742,0.216047950046009,-0.00429988559165836,"max_iter reached without violation in either orientation",0,0.590344827586207,0,10050,0.225555875189164,0.6007162165544,0.407767956160893,0.49311553576277,0.592949479530673,-0.00776673702372666,"max_iter reached without violation",0,10050,0.610107581910438,0.220347835637667,0.491437024199178,0.404119084980742,0.216047950046009,-0.00429988559165836,"max_iter reached without violation"
259,10050,"reverse",0.586269913010265,0.238204251838581,0.495332537708557,0.416248400742293,0.229257264600365,-0.0089469872382158,"max_iter reached without violation in either orientation",0,0.590344827586207,0,10050,0.16949347011287,0.713915226426074,0.363062748082984,0.45950615048022,0.694120289299556,-0.019794937126517,"max_iter reached without violation",0,10050,0.586269913010265,0.238204251838581,0.495332537708557,0.416248400742293,0.229257264600365,-0.0089469872382158,"max_iter reached without violation"
260,10050,"reverse",0.572600588966648,0.24105762418921,0.497028779830706,0.418089146821268,0.236831931477135,-0.00422569271207507,"max_iter reached without violation in either orientation",0,0.590344827586207,0,10050,0.254699821826926,0.546610146149485,0.426536664775564,0.499195164224226,0.54035600486274,-0.00625414128674517,"max_iter reached without violation",0,10050,0.572600588966648,0.24105762418921,0.497028779830706,0.418089146821268,0.236831931477135,-0.00422569271207507,"max_iter reached without violation"
261,10050,"reverse",0.60615415741484,0.228311661096897,0.492166592480224,0.409661106552992,0.218238685555758,-0.010072975541139,"max_iter reached without violation in either orientation",0,0.590344827586207,0,10050,0.231882549788838,0.596562069033253,0.412076178709682,0.493798114924022,0.581532295563588,-0.0150297734696648,"max_iter reached without violation",0,10050,0.60615415741484,0.228311661096897,0.492166592480224,0.409661106552992,0.218238685555758,-0.010072975541139,"max_iter reached without violation"
262,80,"forward",0.819812757386282,0.0962393665961734,0.46837484987988,0.189983551919633,0.099842727205755,0.00360336060958166,"violation in forward orientation",1,0.590344827586207,1,80,0.819812757386282,0.0962393665961734,0.46837484987988,0.189983551919633,0.099842727205755,0.00360336060958166,"violation",0,10050,0.609811117324111,0.220245681877274,0.491492897391642,0.404046571988717,0.21621223179652,-0.00403345008075431,"max_iter reached without violation"
263,6090,"reverse",0.576389921172993,0.234611833684937,0.497072949085854,0.411577722222079,0.234732125440136,0.000120291755199453,"violation in reverse orientation",1,0.590344827586207,0,10050,0.216056187823132,0.625119418672735,0.40104099584643,0.488358989485523,0.610092715930624,-0.0150267027421119,"max_iter reached without violation",1,6090,0.576389921172993,0.234611833684937,0.497072949085854,0.411577722222079,0.234732125440136,0.000120291755199453,"violation"
264,10050,"reverse",0.611985031496174,0.217895765211693,0.491078799347553,0.402368375246219,0.215007587322549,-0.002888177889144,"max_iter reached without violation in either orientation",0,0.590344827586207,0,10050,0.225657958602489,0.601012890498286,0.407838545142545,0.493065388553256,0.592765258722166,-0.0082476317761202,"max_iter reached without violation",0,10050,0.611985031496174,0.217895765211693,0.491078799347553,0.402368375246219,0.215007587322549,-0.002888177889144,"max_iter reached without violation"
265,10050,"reverse",0.649573686207709,0.198556851826577,0.482277676893469,0.387792241035546,0.194178354152181,-0.00437849767439613,"max_iter reached without violation in either orientation",0,0.590344827586207,0,10050,0.217691390033355,0.621368128830165,0.402221498810781,0.489174155260069,0.607141812709133,-0.0142263161210325,"max_iter reached without violation",0,10050,0.649573686207709,0.198556851826577,0.482277676893469,0.387792241035546,0.194178354152181,-0.00437849767439613,"max_iter reached without violation"
266,50,"forward",0.894790769027509,0.0275269587093167,0.448998886412873,0.0707106781186548,0.0582946989746082,0.0307677402652915,"violation in forward orientation",1,0.590344827586207,1,50,0.894790769027509,0.0275269587093167,0.448998886412873,0.0707106781186548,0.0582946989746082,0.0307677402652915,"violation at burn-in",0,10050,0.647406333022826,0.207465407185686,0.482871219619951,0.394680100678684,0.195379362945843,-0.0120860442398431,"max_iter reached without violation"
267,1390,"forward",0.292435475535473,0.471414018656402,0.436486150309536,0.495106220164823,0.47225784464902,0.000843825992618452,"violation in forward orientation",1,0.590344827586207,1,1390,0.292435475535473,0.471414018656402,0.436486150309536,0.495106220164823,0.47225784464902,0.000843825992618452,"violation",0,10050,0.599232744985497,0.225351704357504,0.493363486201194,0.407626668659511,0.222074090532751,-0.00327761382475361,"max_iter reached without violation"
268,10050,"forward",0.258462954771867,0.537769939930151,0.428766829447896,0.49961950820488,0.533565015307627,-0.00420492462252431,"max_iter reached without violation in either orientation",0,0.590344827586207,0,10050,0.258462954771867,0.537769939930151,0.428766829447896,0.49961950820488,0.533565015307627,-0.00420492462252431,"max_iter reached without violation",0,10050,0.557032191235748,0.249815536644865,0.498491822080137,0.423578302971305,0.245458943774185,-0.00435659287068044,"max_iter reached without violation"
269,10050,"reverse",0.580922727540158,0.232494542280937,0.496042245638098,0.41248581900164,0.232220333478909,-0.000274208802028192,"max_iter reached without violation in either orientation",0,0.590344827586207,0,10050,0.203166152717693,0.64849005833513,0.391393967621055,0.482575780757447,0.633354209756868,-0.0151358485782613,"max_iter reached without violation",0,10050,0.580922727540158,0.232494542280937,0.496042245638098,0.41248581900164,0.232220333478909,-0.000274208802028192,"max_iter reached without violation"
270,10050,"reverse",0.546411553062739,0.26232615809901,0.499206429477032,0.431012526184308,0.251344223538023,-0.0109819345609867,"max_iter reached without violation in either orientation",0,0.590344827586207,0,10050,0.204906644126687,0.654498034361659,0.392732738621381,0.480888934137671,0.630213300532511,-0.0242847338291478,"max_iter reached without violation",0,10050,0.546411553062739,0.26232615809901,0.499206429477032,0.431012526184308,0.251344223538023,-0.0109819345609867,"max_iter reached without violation"
271,10050,"reverse",0.546610146149485,0.255818756719119,0.499195164224226,0.427204216954941,0.251234175925476,-0.00458458079364271,"max_iter reached without violation in either orientation",0,0.590344827586207,0,10050,0.227291112249528,0.612479051350862,0.408963019378316,0.490983276303241,0.589818052359487,-0.0226609989913756,"max_iter reached without violation",0,10050,0.546610146149485,0.255818756719119,0.499195164224226,0.427204216954941,0.251234175925476,-0.00458458079364271,"max_iter reached without violation"
272,10050,"reverse",0.599529452872368,0.227086986624461,0.493314267341032,0.408822968288855,0.221909673960608,-0.00517731266385327,"max_iter reached without violation in either orientation",0,0.590344827586207,0,10050,0.208795599523383,0.637352634136631,0.395682761065942,0.485484669146348,0.623195250448799,-0.0141573836878317,"max_iter reached without violation",0,10050,0.599529452872368,0.227086986624461,0.493314267341032,0.408822968288855,0.221909673960608,-0.00517731266385327,"max_iter reached without violation"
273,7260,"forward",0.227525139987364,0.589181641828758,0.407641271243655,0.495291427382902,0.589395723425987,0.000214081597228799,"violation in forward orientation",1,0.590344827586207,1,7260,0.227525139987364,0.589181641828758,0.407641271243655,0.495291427382902,0.589395723425987,0.000214081597228799,"violation",0,10050,0.60645070644961,0.229332078308324,0.492113028974345,0.410355593450862,0.218074357009311,-0.0112577212990136,"max_iter reached without violation"
274,10050,"forward",0.226780788251665,0.595374925978715,0.40861261992449,0.493986470566898,0.590738988449154,-0.00463593752956093,"max_iter reached without violation in either orientation",0,0.590344827586207,0,10050,0.226780788251665,0.595374925978715,0.40861261992449,0.493986470566898,0.590738988449154,-0.00463593752956093,"max_iter reached without violation",0,10050,0.61662806234498,0.225453790441067,0.49016021181013,0.407697330672873,0.212434715989186,-0.0130190744518815,"max_iter reached without violation"
275,6920,"reverse",0.548909411566188,0.249950976703877,0.499237594922132,0.42206861412837,0.249960069792852,9.09308897470429e-06,"violation in reverse orientation",1,0.590344827586207,0,10050,0.207772396659416,0.640409046475268,0.39491208585653,0.484714355303688,0.625041733170411,-0.0153673133048573,"max_iter reached without violation",1,6920,0.548909411566188,0.249950976703877,0.499237594922132,0.42206861412837,0.249960069792852,9.09308897470429e-06,"violation"
276,10050,"reverse",0.583398545703333,0.244622975787382,0.495721043517735,0.420352778042997,0.23084839308349,-0.0137745827038922,"max_iter reached without violation in either orientation",0,0.590344827586207,0,10050,0.208693285824897,0.647603381228197,0.39560587372605,0.48281770146526,0.623379886832347,-0.0242234943958507,"max_iter reached without violation",0,10050,0.583398545703333,0.244622975787382,0.495721043517735,0.420352778042997,0.23084839308349,-0.0137745827038922,"max_iter reached without violation"
277,60,"reverse",0.424062306087747,0.299311814729174,0.442216638714053,0.372677996249965,0.319142366701657,0.0198305519724827,"violation in reverse orientation",1,0.590344827586207,0,10050,0.207670068305408,0.637549845003999,0.394834797684347,0.485435599839,0.625226396001469,-0.0123234490025304,"max_iter reached without violation",1,60,0.424062306087747,0.299311814729174,0.442216638714053,0.372677996249965,0.319142366701657,0.0198305519724827,"violation"
278,10050,"forward",0.258157894767355,0.5391609154749,0.428587615748127,0.499563186337955,0.534115529821632,-0.00504538565326773,"max_iter reached without violation in either orientation",0,0.590344827586207,0,10050,0.258157894767355,0.5391609154749,0.428587615748127,0.499563186337955,0.534115529821632,-0.00504538565326773,"max_iter reached without violation",0,10050,0.620380761513667,0.216567226949441,0.489383591466392,0.401410954246708,0.210355209643383,-0.0062120173060583,"max_iter reached without violation"
279,8360,"forward",0.252273343142221,0.544708936795271,0.424327315123727,0.499374608885954,0.544734853987825,2.59171925544033e-05,"violation in forward orientation",1,0.590344827586207,1,8360,0.252273343142221,0.544708936795271,0.424327315123727,0.499374608885954,0.544734853987825,2.59171925544033e-05,"violation",0,10050,0.626599882429447,0.224841253883355,0.488028774612097,0.407272810046805,0.206908969796184,-0.0179322840871708,"max_iter reached without violation"
280,10050,"reverse",0.604473583899227,0.231474528935781,0.492466591233961,0.411802377949892,0.219169952127687,-0.0123045768080938,"max_iter reached without violation in either orientation",0,0.590344827586207,0,10050,0.225964200840753,0.617615722558614,0.408050093238703,0.489958786415584,0.592212610736614,-0.0254031118219995,"max_iter reached without violation",0,10050,0.604473583899227,0.231474528935781,0.492466591233961,0.411802377949892,0.219169952127687,-0.0123045768080938,"max_iter reached without violation"
281,10050,"reverse",0.634788605320734,0.212068871144476,0.486114705846182,0.398122185667821,0.202371302253168,-0.00969756889130788,"max_iter reached without violation in either orientation",0,0.590344827586207,0,10050,0.249713751727907,0.567148750301856,0.423515877941831,0.497597614599187,0.549353919754113,-0.0177948305477431,"max_iter reached without violation",0,10050,0.634788605320734,0.212068871144476,0.486114705846182,0.398122185667821,0.202371302253168,-0.00969756889130788,"max_iter reached without violation"
282,10050,"reverse",0.614553725867712,0.223616035934232,0.490576366791315,0.406419807555886,0.213584180860712,-0.0100318550735208,"max_iter reached without violation in either orientation",0,0.590344827586207,0,10050,0.236471368047245,0.586962907900203,0.415117700036438,0.495236195800998,0.573251265549741,-0.0137116423504623,"max_iter reached without violation",0,10050,0.614553725867712,0.223616035934232,0.490576366791315,0.406419807555886,0.213584180860712,-0.0100318550735208,"max_iter reached without violation"
283,10050,"forward",0.215238452220614,0.615146427963752,0.400447065825688,0.490458409802752,0.611568410256812,-0.00357801770693988,"max_iter reached without violation in either orientation",0,0.590344827586207,0,10050,0.215238452220614,0.615146427963752,0.400447065825688,0.490458409802752,0.611568410256812,-0.00357801770693988,"max_iter reached without violation",0,10050,0.556536085730832,0.253682485853288,0.498530302055723,0.4259264505216,0.245733853778767,-0.00794863207452054,"max_iter reached without violation"
284,10050,"reverse",0.567545322671247,0.249306600141351,0.497558296393938,0.423265851843845,0.239633237382156,-0.00967336275919492,"max_iter reached without violation in either orientation",0,0.590344827586207,0,10050,0.246354177941545,0.568734969236206,0.421437485540804,0.497438412403288,0.555416642178918,-0.0133183270572883,"max_iter reached without violation",0,10050,0.567545322671247,0.249306600141351,0.497558296393938,0.423265851843845,0.239633237382156,-0.00967336275919492,"max_iter reached without violation"
285,2230,"reverse",0.53724123577249,0.256409195665923,0.499990146497451,0.41941462152162,0.256425828042114,1.66323761909282e-05,"violation in reverse orientation",1,0.590344827586207,0,10050,0.209716357173451,0.64031046442931,0.396372951955172,0.484739529617681,0.621533641444843,-0.0187768229844679,"max_iter reached without violation",1,2230,0.53724123577249,0.256409195665923,0.499990146497451,0.41941462152162,0.256425828042114,1.66323761909282e-05,"violation"
286,10050,"reverse",0.595572790665403,0.235859674863387,0.493955283385657,0.414716245901625,0.224102203603335,-0.0117574712600523,"max_iter reached without violation in either orientation",0,0.590344827586207,0,10050,0.246048697146175,0.571708622275238,0.421246763103131,0.497126029046185,0.555967916056561,-0.0157407062186773,"max_iter reached without violation",0,10050,0.595572790665403,0.235859674863387,0.493955283385657,0.414716245901625,0.224102203603335,-0.0117574712600523,"max_iter reached without violation"
287,10050,"reverse",0.584586773552138,0.233718388137113,0.495562357276316,0.413301294398513,0.230189953053852,-0.00352843508326059,"max_iter reached without violation in either orientation",0,0.590344827586207,0,10050,0.222084240361273,0.626994643192774,0.405346084087355,0.487939908516318,0.599214428497483,-0.0277802146952907,"max_iter reached without violation",0,10050,0.584586773552138,0.233718388137113,0.495562357276316,0.413301294398513,0.230189953053852,-0.00352843508326059,"max_iter reached without violation"
288,10050,"forward",0.235655766991578,0.582903419186907,0.41458215041961,0.495786299079644,0.574723107850083,-0.00818031133682373,"max_iter reached without violation in either orientation",0,0.590344827586207,0,10050,0.235655766991578,0.582903419186907,0.41458215041961,0.495786299079644,0.574723107850083,-0.00818031133682373,"max_iter reached without violation",0,10050,0.684098932848096,0.18973914573687,0.471334114644308,0.380667713656009,0.175046666198571,-0.0146924795382999,"max_iter reached without violation"
289,10050,"reverse",0.575177046142322,0.242382073410128,0.496738661958877,0.4189347314914,0.235404223364743,-0.00697785004538545,"max_iter reached without violation in either orientation",0,0.590344827586207,0,10050,0.229025966926817,0.597749103854366,0.410147624320559,0.493606799069183,0.586687315240846,-0.01106178861352,"max_iter reached without violation",0,10050,0.575177046142322,0.242382073410128,0.496738661958877,0.4189347314914,0.235404223364743,-0.00697785004538545,"max_iter reached without violation"
290,10050,"reverse",0.579337960658454,0.24034437262102,0.496241161846361,0.41763146338243,0.233098510129629,-0.00724586249139073,"max_iter reached without violation in either orientation",0,0.590344827586207,0,10050,0.230046292390552,0.597848018533324,0.410839601895534,0.493590722353084,0.584846025106157,-0.0130019934271675,"max_iter reached without violation",0,10050,0.579337960658454,0.24034437262102,0.496241161846361,0.41763146338243,0.233098510129629,-0.00724586249139073,"max_iter reached without violation"
291,10050,"reverse",0.608328691535843,0.218202317561851,0.491769450198677,0.402588404982239,0.217033697545656,-0.00116862001619558,"max_iter reached without violation in either orientation",0,0.590344827586207,0,10050,0.241567052433206,0.584586773552138,0.418415047177041,0.495562357276316,0.564055539555598,-0.0205312339965404,"max_iter reached without violation",0,10050,0.608328691535843,0.218202317561851,0.491769450198677,0.402588404982239,0.217033697545656,-0.00116862001619558,"max_iter reached without violation"
292,10050,"forward",0.24105762418921,0.571510399350812,0.418089146821268,0.497147418333391,0.564974859158351,-0.00653554019246083,"max_iter reached without violation in either orientation",0,0.590344827586207,0,10050,0.24105762418921,0.571510399350812,0.418089146821268,0.497147418333391,0.564974859158351,-0.00653554019246083,"max_iter reached without violation",0,10050,0.591318038908012,0.235247936002634,0.494607729437837,0.414313542492024,0.226459915447955,-0.0087880205546792,"max_iter reached without violation"
293,10050,"reverse",0.616035429323715,0.218202317561851,0.490280058011521,0.402588404982239,0.212763115382011,-0.00543920217984006,"max_iter reached without violation in either orientation",0,0.590344827586207,0,10050,0.268117910535704,0.532005812274667,0.434297583153421,0.499811414647193,0.516141579913073,-0.0158642323615945,"max_iter reached without violation",0,10050,0.616035429323715,0.218202317561851,0.490280058011521,0.402588404982239,0.212763115382011,-0.00543920217984006,"max_iter reached without violation"
294,10010,"forward",0.240574631066974,0.565681594372143,0.417763118797151,0.497743162424421,0.565846473660492,0.000164879288349629,"violation in forward orientation",1,0.590344827586207,1,10010,0.240574631066974,0.565681594372143,0.417763118797151,0.497743162424421,0.565846473660492,0.000164879288349629,"violation",0,10050,0.583497568778133,0.237490755541967,0.495707931455697,0.415784023918283,0.230793520816044,-0.00669723472592304,"max_iter reached without violation"
295,10050,"reverse",0.574087067430803,0.237286888134803,0.496863068748734,0.415651035154699,0.236008219993704,-0.00127866814109884,"max_iter reached without violation in either orientation",0,0.590344827586207,0,10050,0.164137615601401,0.727813437784033,0.358092518389372,0.453184360882949,0.703785521056778,-0.0240279167272546,"max_iter reached without violation",0,10050,0.574087067430803,0.237286888134803,0.496863068748734,0.415651035154699,0.236008219993704,-0.00127866814109884,"max_iter reached without violation"
296,10050,"reverse",0.547205907948832,0.256632439294744,0.499160890905953,0.427687295650479,0.250904042763547,-0.00572839653119689,"max_iter reached without violation in either orientation",0,0.590344827586207,0,10050,0.249510178319428,0.562984031382388,0.42339093011772,0.497991063304563,0.549721290482413,-0.0132627408999743,"max_iter reached without violation",0,10050,0.547205907948832,0.256632439294744,0.499160890905953,0.427687295650479,0.250904042763547,-0.00572839653119689,"max_iter reached without violation"
297,9450,"forward",0.218158471363573,0.606294110857551,0.4022832986985,0.492225324699155,0.606298912795335,4.80193778473748e-06,"violation in forward orientation",1,0.590344827586207,1,9450,0.218158471363573,0.606294110857551,0.4022832986985,0.492225324699155,0.606298912795335,4.80193778473748e-06,"violation",0,10050,0.597353437614325,0.229944265727821,0.493670900144583,0.410770565057184,0.223115482722318,-0.00682878300550357,"max_iter reached without violation"
298,10050,"reverse",0.595572790665403,0.232902511477224,0.493955283385657,0.412758206935536,0.224102203603335,-0.00880030787388955,"max_iter reached without violation in either orientation",0,0.590344827586207,0,10050,0.207465407185686,0.643661807432103,0.394680100678684,0.483871389417676,0.625595729624997,-0.0180660778071061,"max_iter reached without violation",0,10050,0.595572790665403,0.232902511477224,0.493955283385657,0.412758206935536,0.224102203603335,-0.00880030787388955,"max_iter reached without violation"
299,10050,"forward",0.234840084653614,0.588843709930289,0.414044377711122,0.49496966116233,0.576195096833319,-0.0126486130969704,"max_iter reached without violation in either orientation",0,0.590344827586207,0,10050,0.234840084653614,0.588843709930289,0.414044377711122,0.49496966116233,0.576195096833319,-0.0126486130969704,"max_iter reached without violation",0,10050,0.609514645877576,0.23045438599747,0.49154858295565,0.411115392492074,0.216376517348521,-0.0140778686489489,"max_iter reached without violation"
300,10050,"forward",0.244622975787382,0.571609511181315,0.420352778042997,0.497136733762591,0.558540787915655,-0.0130687232656599,"max_iter reached without violation in either orientation",0,0.590344827586207,0,10050,0.244622975787382,0.571609511181315,0.420352778042997,0.497136733762591,0.558540787915655,-0.0130687232656599,"max_iter reached without violation",0,10050,0.65882977835861,0.202346947269431,0.479620827028355,0.390759836942175,0.189049218695296,-0.0132977285741349,"max_iter reached without violation"
301,10050,"reverse",0.659912466723172,0.200503379361739,0.479297027379103,0.389323315820513,0.188449261911278,-0.0120541174504611,"max_iter reached without violation in either orientation",0,0.590344827586207,0,10050,0.214420626420962,0.625218121699527,0.399850668890206,0.48833712402836,0.613044267353704,-0.012173854345823,"max_iter reached without violation",0,10050,0.659912466723172,0.200503379361739,0.479297027379103,0.389323315820513,0.188449261911278,-0.0120541174504611,"max_iter reached without violation"
302,10050,"reverse",0.569428880843954,0.243910025647541,0.497367142962959,0.419903338746842,0.238589489669705,-0.00532053597783594,"max_iter reached without violation in either orientation",0,0.590344827586207,0,10050,0.260496424691814,0.553856800567939,0.42995438220002,0.498729466658868,0.529895393960455,-0.0239614066074837,"max_iter reached without violation",0,10050,0.569428880843954,0.243910025647541,0.497367142962959,0.419903338746842,0.238589489669705,-0.00532053597783594,"max_iter reached without violation"
303,10050,"reverse",0.572798795680558,0.245132189322812,0.497006947181719,0.420672806064446,0.236722097967752,-0.00841009135506054,"max_iter reached without violation in either orientation",0,0.590344827586207,0,10050,0.234330241775432,0.593989789118387,0.413707137003992,0.494202481950476,0.577115164689315,-0.0168746244290719,"max_iter reached without violation",0,10050,0.572798795680558,0.245132189322812,0.497006947181719,0.420672806064446,0.236722097967752,-0.00841009135506054,"max_iter reached without violation"
304,9560,"forward",0.232975501378049,0.579509018765498,0.412595582782295,0.49626710707128,0.579559943553927,5.0924788429163e-05,"violation in forward orientation",1,0.590344827586207,1,9560,0.232975501378049,0.579509018765498,0.412595582782295,0.49626710707128,0.579559943553927,5.0924788429163e-05,"violation",0,10050,0.598342580638127,0.228821886115216,0.493510029988515,0.410008798890879,0.222567362795182,-0.00625452332003362,"max_iter reached without violation"
305,6590,"reverse",0.611857389868136,0.215070254336329,0.491752575408545,0.398282705384177,0.215078318165487,8.0638291579116e-06,"violation in reverse orientation",1,0.590344827586207,0,10050,0.228719843740238,0.604869032677544,0.409939332318549,0.492396542524641,0.587239748384465,-0.0176292842930796,"max_iter reached without violation",1,6590,0.611857389868136,0.215070254336329,0.491752575408545,0.398282705384177,0.215078318165487,8.0638291579116e-06,"violation"
306,10050,"forward",0.237083015686602,0.577753004189428,0.415517908517437,0.49643489279271,0.572147479743857,-0.00560552444557061,"max_iter reached without violation in either orientation",0,0.590344827586207,0,10050,0.237083015686602,0.577753004189428,0.415517908517437,0.49643489279271,0.572147479743857,-0.00560552444557061,"max_iter reached without violation",0,10050,0.645140047833246,0.209818656301609,0.483480365199127,0.396449440792862,0.196635193541712,-0.013183462759897,"max_iter reached without violation"
307,10050,"reverse",0.620479501721596,0.219939212361173,0.489362742922912,0.403828807785399,0.210300494122702,-0.00963871823847115,"max_iter reached without violation in either orientation",0,0.590344827586207,0,10050,0.232698529455515,0.598738216769549,0.412622083434741,0.493445105434661,0.580059770017809,-0.0186784467517396,"max_iter reached without violation",0,10050,0.620479501721596,0.219939212361173,0.489362742922912,0.403828807785399,0.210300494122702,-0.00963871823847115,"max_iter reached without violation"
308,6030,"forward",0.226982028494526,0.58987997114045,0.40632470237142,0.495423364088033,0.590375828176228,0.000495857035778813,"violation in forward orientation",1,0.590344827586207,1,6030,0.226982028494526,0.58987997114045,0.40632470237142,0.495423364088033,0.590375828176228,0.000495857035778813,"violation",0,10050,0.569528008131774,0.241974572786851,0.497356881153774,0.418675159149536,0.238534559654056,-0.00344001313279546,"max_iter reached without violation"
309,6120,"forward",0.2373561705005,0.570551024283229,0.413426430906976,0.497671084117835,0.571654541674634,0.00110351739140457,"violation in forward orientation",1,0.590344827586207,1,6120,0.2373561705005,0.570551024283229,0.413426430906976,0.497671084117835,0.571654541674634,0.00110351739140457,"violation",0,10050,0.606648402009425,0.225453790441067,0.492077216129739,0.407697330672873,0.2179648067489,-0.00748898369216738,"max_iter reached without violation"
310,6030,"forward",0.281721349038184,0.491535794981495,0.439645416704138,0.499037353442185,0.491592670763273,5.68757817784316e-05,"violation in forward orientation",1,0.590344827586207,1,6030,0.281721349038184,0.491535794981495,0.439645416704138,0.499037353442185,0.491592670763273,5.68757817784316e-05,"violation",0,10050,0.619097068581242,0.220449988026805,0.489652701741312,0.404191560468574,0.211066550328859,-0.00938343769794575,"max_iter reached without violation"
311,10050,"reverse",0.573195200262121,0.247372368753358,0.496963039936367,0.422071079838138,0.236502435851016,-0.0108699329023419,"max_iter reached without violation in either orientation",0,0.590344827586207,0,10050,0.221471436660922,0.627192018900756,0.404914257041606,0.487895347642029,0.600320300543277,-0.0268717183574785,"max_iter reached without violation",0,10050,0.573195200262121,0.247372368753358,0.496963039936367,0.422071079838138,0.236502435851016,-0.0108699329023419,"max_iter reached without violation"
312,10050,"reverse",0.613269443353379,0.218304498903648,0.490829351849816,0.40266167233272,0.214295848254848,-0.00400865064879974,"max_iter reached without violation in either orientation",0,0.590344827586207,0,10050,0.249510178319428,0.562388965944483,0.42339093011772,0.498044382286917,0.549721290482413,-0.0126676754620699,"max_iter reached without violation",0,10050,0.613269443353379,0.218304498903648,0.490829351849816,0.40266167233272,0.214295848254848,-0.00400865064879974,"max_iter reached without violation"
313,7970,"reverse",0.612750911726012,0.214422069115065,0.491279859330742,0.398771450138804,0.214583185385042,0.000161116269977085,"violation in reverse orientation",1,0.590344827586207,0,10050,0.237184952541135,0.582804391655547,0.415584489078556,0.495799289253601,0.571963523416897,-0.01084086823865,"max_iter reached without violation",1,7970,0.612750911726012,0.214422069115065,0.491279859330742,0.398771450138804,0.214583185385042,0.000161116269977085,"violation"
314,10050,"reverse",0.629461615297043,0.215238452220614,0.487376764415698,0.400447065825688,0.205323180104376,-0.00991527211623786,"max_iter reached without violation in either orientation",0,0.590344827586207,0,10050,0.249917320371006,0.563975748484459,0.423640695431602,0.497900594849441,0.548986557625467,-0.0149891908589919,"max_iter reached without violation",0,10050,0.629461615297043,0.215238452220614,0.487376764415698,0.400447065825688,0.205323180104376,-0.00991527211623786,"max_iter reached without violation"
315,10050,"forward",0.217691390033355,0.609613470455189,0.402221498810781,0.491530041944646,0.607141812709133,-0.00247165774605596,"max_iter reached without violation in either orientation",0,0.590344827586207,0,10050,0.217691390033355,0.609613470455189,0.402221498810781,0.491530041944646,0.607141812709133,-0.00247165774605596,"max_iter reached without violation",0,10050,0.570816595917081,0.244215583030413,0.497221646360818,0.420096155872329,0.237820506553549,-0.00639507647686371,"max_iter reached without violation"
316,9330,"reverse",0.538026401413209,0.255973617106676,0.499631783947225,0.427004803753582,0.255990739360877,1.71222542010296e-05,"violation in reverse orientation",1,0.590344827586207,0,10050,0.242585816334339,0.581616003376508,0.419064315614288,0.495953587686969,0.562217067433313,-0.0193989359431952,"max_iter reached without violation",1,9330,0.538026401413209,0.255973617106676,0.499631783947225,0.427004803753582,0.255990739360877,1.71222542010296e-05,"violation"
317,300,"forward",0.442406415357125,0.299187759847811,0.480959688770506,0.420832508250016,0.308977232242686,0.00978947239487493,"violation in forward orientation",1,0.590344827586207,1,300,0.442406415357125,0.299187759847811,0.480959688770506,0.420832508250016,0.308977232242686,0.00978947239487493,"violation",1,3770,0.594551529641298,0.224150972252376,0.4954399493472,0.401582751867567,0.224668121276158,0.000517149023781194,"violation"
318,60,"forward",0.848900834988849,0.0622317713624085,0.465176191231762,0.12801909579781,0.0837239712802946,0.0214921999178861,"violation in forward orientation",1,0.590344827586207,1,60,0.848900834988849,0.0622317713624085,0.465176191231762,0.12801909579781,0.0837239712802946,0.0214921999178861,"violation",0,10050,0.560306029285921,0.25347900461989,0.498225320103602,0.425804023709573,0.243644791694723,-0.00983421292516634,"max_iter reached without violation"
319,10050,"reverse",0.58498282571097,0.238510017131075,0.495508811178865,0.416446904249282,0.229970486227299,-0.00853953090377535,"max_iter reached without violation in either orientation",0,0.590344827586207,0,10050,0.223922358573142,0.607340312539115,0.406633554630325,0.491951216691218,0.595897340911022,-0.0114429716280926,"max_iter reached without violation",0,10050,0.58498282571097,0.238510017131075,0.495508811178865,0.416446904249282,0.229970486227299,-0.00853953090377535,"max_iter reached without violation"
320,10050,"reverse",0.59191180834369,0.234126295681779,0.49451896446215,0.413571996144745,0.226130886326799,-0.0079954093549803,"max_iter reached without violation in either orientation",0,0.590344827586207,0,10050,0.254903275011093,0.551772544384113,0.426658324433928,0.498874315121121,0.539988851092504,-0.0117836932916093,"max_iter reached without violation",0,10050,0.59191180834369,0.234126295681779,0.49451896446215,0.413571996144745,0.226130886326799,-0.0079954093549803,"max_iter reached without violation"
321,10050,"reverse",0.587457881898667,0.236471368047245,0.495166768833697,0.415117700036438,0.228598968070054,-0.00787239997719152,"max_iter reached without violation in either orientation",0,0.590344827586207,0,10050,0.24869583694718,0.560901186989949,0.422889833165539,0.498174524623387,0.551190859544721,-0.00971032744522793,"max_iter reached without violation",0,10050,0.587457881898667,0.236471368047245,0.495166768833697,0.415117700036438,0.228598968070054,-0.00787239997719152,"max_iter reached without violation"
322,10050,"reverse",0.589734522148587,0.241872694549597,0.494840836811087,0.418610181786042,0.227337399360704,-0.0145352951888929,"max_iter reached without violation in either orientation",0,0.590344827586207,0,10050,0.228719843740238,0.60635185753061,0.409939332318549,0.492130904242179,0.587239748384465,-0.0191121091461457,"max_iter reached without violation",0,10050,0.589734522148587,0.241872694549597,0.494840836811087,0.418610181786042,0.227337399360704,-0.0145352951888929,"max_iter reached without violation"
323,10050,"forward",0.255106723534402,0.546610146149485,0.426779856616631,0.499195164224226,0.539621705733302,-0.00698844041618263,"max_iter reached without violation in either orientation",0,0.590344827586207,0,10050,0.255106723534402,0.546610146149485,0.426779856616631,0.499195164224226,0.539621705733302,-0.00698844041618263,"max_iter reached without violation",0,10050,0.586566915289415,0.237286888134803,0.495291370552745,0.415651035154699,0.229092684894812,-0.00819420323999115,"max_iter reached without violation"
324,60,"forward",0.501117648712451,0.25432432379694,0.471404520791032,0.339934634239519,0.276443214234782,0.0221188904378419,"violation in forward orientation",1,0.590344827586207,1,60,0.501117648712451,0.25432432379694,0.471404520791032,0.339934634239519,0.276443214234782,0.0221188904378419,"violation",1,110,0.567708589227794,0.238827444645879,0.495933879890395,0.352558535084824,0.239542765477765,0.000715320831886274,"violation"
325,6490,"reverse",0.593337190291145,0.225325184053469,0.494839837906501,0.405552761748243,0.225341030633153,1.58465796845086e-05,"violation in reverse orientation",1,0.590344827586207,0,10050,0.261106376683476,0.549588693135072,0.430308214281619,0.499016631560806,0.528794668138354,-0.0207940249967187,"max_iter reached without violation",1,6490,0.593337190291145,0.225325184053469,0.494839837906501,0.405552761748243,0.225341030633153,1.58465796845086e-05,"violation"
326,10050,"reverse",0.559314041242255,0.249917320371006,0.498308378236606,0.423640695431602,0.244194488150271,-0.0057228322207348,"max_iter reached without violation in either orientation",0,0.590344827586207,0,10050,0.223820252373757,0.617220667700969,0.406562342444067,0.490039608956338,0.596081602839496,-0.0211390648614733,"max_iter reached without violation",0,10050,0.559314041242255,0.249917320371006,0.498308378236606,0.423640695431602,0.244194488150271,-0.0057228322207348,"max_iter reached without violation"
327,6780,"reverse",0.564362925509306,0.240926536706205,0.498154437111659,0.416264222071213,0.241396718757999,0.000470182051793638,"violation in reverse orientation",1,0.590344827586207,0,10050,0.252766783350767,0.556833751225307,0.425374519214527,0.49850727400916,0.543844386563119,-0.0129893646621881,"max_iter reached without violation",1,6780,0.564362925509306,0.240926536706205,0.498154437111659,0.416264222071213,0.241396718757999,0.000470182051793638,"violation"
328,50,"forward",0.501594493296846,0.246504271019468,0.466476151587624,0.324961536185438,0.276178977402934,0.0296747063834661,"violation in forward orientation",1,0.590344827586207,1,50,0.501594493296846,0.246504271019468,0.466476151587624,0.324961536185438,0.276178977402934,0.0296747063834661,"violation at burn-in",0,10050,0.61978830405451,0.218713210416397,0.489508239336487,0.40295436281227,0.210683511750894,-0.00802969866550329,"max_iter reached without violation"
329,10050,"reverse",0.550482129449411,0.259683091589158,0.498959576909412,0.429480861679824,0.249088569928005,-0.0105945216611526,"max_iter reached without violation in either orientation",0,0.590344827586207,0,10050,0.226474577940256,0.612281445702225,0.408401945036003,0.491021548241626,0.591291578819165,-0.02098986688306,"max_iter reached without violation",0,10050,0.550482129449411,0.259683091589158,0.498959576909412,0.429480861679824,0.249088569928005,-0.0105945216611526,"max_iter reached without violation"
330,6680,"forward",0.231065228565525,0.582868173720989,0.409654122685305,0.496218534250516,0.583007242096678,0.000139068375688223,"violation in forward orientation",1,0.590344827586207,1,6680,0.231065228565525,0.582868173720989,0.409654122685305,0.496218534250516,0.583007242096678,0.000139068375688223,"violation",1,9810,0.533035078048382,0.258753443195243,0.499787467000313,0.42884438268945,0.258756612175229,3.16897998586807e-06,"violation"
331,3780,"reverse",0.557242822855855,0.245002808730572,0.499105537946089,0.415739709641549,0.245342225174864,0.000339416444292168,"violation in reverse orientation",1,0.590344827586207,0,10050,0.238510017131075,0.600320640729806,0.416446904249282,0.493182109723832,0.569572297828593,-0.030748342901213,"max_iter reached without violation",1,3780,0.557242822855855,0.245002808730572,0.499105537946089,0.415739709641549,0.245342225174864,0.000339416444292168,"violation"
332,10050,"reverse",0.593099266379909,0.231984551767132,0.494339223649024,0.412144540422344,0.22547287287816,-0.00651167888897136,"max_iter reached without violation in either orientation",0,0.590344827586207,0,10050,0.236777197551748,0.584091691622576,0.415317959758339,0.495628832300382,0.572699362387905,-0.0113923292346706,"max_iter reached without violation",0,10050,0.593099266379909,0.231984551767132,0.494339223649024,0.412144540422344,0.22547287287816,-0.00651167888897136,"max_iter reached without violation"
333,6780,"forward",0.238195099607417,0.567301459210981,0.414485349300824,0.497891478292805,0.570140601326017,0.00283914211503533,"violation in forward orientation",1,0.590344827586207,1,6780,0.238195099607417,0.567301459210981,0.414485349300824,0.497891478292805,0.570140601326017,0.00283914211503533,"violation",0,10050,0.631434841285643,0.206953728611018,0.486916630191769,0.394292653201783,0.204229744211823,-0.00272398439919497,"max_iter reached without violation"
334,10050,"forward",0.238102327565532,0.582012144677557,0.416182164287994,0.495902479652015,0.570308018735039,-0.0117041259425182,"max_iter reached without violation in either orientation",0,0.590344827586207,0,10050,0.238102327565532,0.582012144677557,0.416182164287994,0.495902479652015,0.570308018735039,-0.0117041259425182,"max_iter reached without violation",0,10050,0.5871608997353,0.241770815078622,0.495208486161353,0.418545170679949,0.228763536628724,-0.013007278449898,"max_iter reached without violation"
335,10050,"forward",0.219224068691379,0.608229857059094,0.403319374882352,0.491787720465793,0.604375924575423,-0.00385393248367161,"max_iter reached without violation in either orientation",0,0.590344827586207,0,10050,0.219224068691379,0.608229857059094,0.403319374882352,0.491787720465793,0.604375924575423,-0.00385393248367161,"max_iter reached without violation",0,10050,0.579139851463272,0.241159512312372,0.496265661657566,0.418154394566889,0.233208289600358,-0.00795122271201423,"max_iter reached without violation"
336,4320,"forward",0.262193877697667,0.526158656038462,0.427111310937473,0.499999946416321,0.526832152294082,0.000673496255620298,"violation in forward orientation",1,0.590344827586207,1,4320,0.262193877697667,0.526158656038462,0.427111310937473,0.499999946416321,0.526832152294082,0.000673496255620298,"violation",0,10050,0.600419535817805,0.234228269367973,0.493165497189963,0.41363958406122,0.221416446805932,-0.0128118225620407,"max_iter reached without violation"
337,10050,"reverse",0.620775717711535,0.216465021925669,0.48930007055545,0.401337039188114,0.210136350128441,-0.00632867179722807,"max_iter reached without violation in either orientation",0,0.590344827586207,0,10050,0.190457310519893,0.671618785061092,0.381259774780849,0.475619028280902,0.656288720943582,-0.0153300641175094,"max_iter reached without violation",0,10050,0.620775717711535,0.216465021925669,0.48930007055545,0.401337039188114,0.210136350128441,-0.00632867179722807,"max_iter reached without violation"
338,10050,"reverse",0.638831638462973,0.206237316575068,0.485114538477963,0.393748530158973,0.20013091135114,-0.00610640522392794,"max_iter reached without violation in either orientation",0,0.590344827586207,0,10050,0.222186369551165,0.613467033702403,0.405417925069885,0.490790661463084,0.599030125080097,-0.014436908622306,"max_iter reached without violation",0,10050,0.638831638462973,0.206237316575068,0.485114538477963,0.393748530158973,0.20013091135114,-0.00610640522392794,"max_iter reached without violation"
339,5090,"reverse",0.60465766804885,0.218976091085193,0.493436918707531,0.399705002749605,0.219067944441994,9.18533568006474e-05,"violation in reverse orientation",1,0.590344827586207,1,5500,0.243754574283311,0.559767643551398,0.417042360652383,0.498675932796454,0.560107914464217,0.000340270912819185,"violation",1,5090,0.60465766804885,0.218976091085193,0.493436918707531,0.399705002749605,0.219067944441994,9.18533568006474e-05,"violation"
340,10050,"reverse",0.583497568778133,0.239732965687303,0.495707931455697,0.417237838262398,0.230793520816044,-0.00893944487125869,"max_iter reached without violation in either orientation",0,0.590344827586207,0,10050,0.279589268349865,0.50543951828486,0.440521864813067,0.499835214547693,0.495440246147104,-0.00999927213775609,"max_iter reached without violation",0,10050,0.583497568778133,0.239732965687303,0.495707931455697,0.417237838262398,0.230793520816044,-0.00893944487125869,"max_iter reached without violation"
341,10050,"reverse",0.623836208653992,0.215953975791757,0.488641307573502,0.400966889128111,0.208440421398204,-0.007513554393553,"max_iter reached without violation in either orientation",0,0.590344827586207,0,10050,0.219837053108364,0.618307038932839,0.403756144574392,0.489816536672691,0.603269726406478,-0.0150373125263605,"max_iter reached without violation",0,10050,0.623836208653992,0.215953975791757,0.488641307573502,0.400966889128111,0.208440421398204,-0.007513554393553,"max_iter reached without violation"
342,10050,"reverse",0.577852069518829,0.234534182756653,0.496422936404853,0.413842138036921,0.233921896155295,-0.00061228660135848,"max_iter reached without violation in either orientation",0,0.590344827586207,0,10050,0.251749224408555,0.571411286783779,0.424758206712885,0.497158082759884,0.545680684203775,-0.0257306025800038,"max_iter reached without violation",0,10050,0.577852069518829,0.234534182756653,0.496422936404853,0.413842138036921,0.233921896155295,-0.00061228660135848,"max_iter reached without violation"
343,1180,"reverse",0.367231743250337,0.350566210036524,0.468532950323281,0.462214142193119,0.350634237151078,6.80271145540035e-05,"violation in reverse orientation",1,0.590344827586207,0,10050,0.237694617912929,0.584883813786904,0.415916874940446,0.495522228216322,0.571043775890807,-0.013840037896097,"max_iter reached without violation",1,1180,0.367231743250337,0.350566210036524,0.468532950323281,0.462214142193119,0.350634237151078,6.80271145540035e-05,"violation"
344,10050,"reverse",0.549985783225491,0.262834352273769,0.498991473158504,0.431304674429914,0.249363613323695,-0.0134707389500748,"max_iter reached without violation in either orientation",0,0.590344827586207,0,10050,0.231066487347905,0.604275854963348,0.411528010087475,0.492501491234641,0.583004970484667,-0.0212708844786811,"max_iter reached without violation",0,10050,0.549985783225491,0.262834352273769,0.498991473158504,0.431304674429914,0.249363613323695,-0.0134707389500748,"max_iter reached without violation"
345,2370,"reverse",0.548422776718011,0.250014351210638,0.499769214483599,0.415833648951364,0.250229731763978,0.000215380553340139,"violation in reverse orientation",1,0.590344827586207,0,10050,0.241567052433206,0.574384343208488,0.418415047177041,0.496829381847993,0.564055539555598,-0.0103288036528901,"max_iter reached without violation",1,2370,0.548422776718011,0.250014351210638,0.499769214483599,0.415833648951364,0.250229731763978,0.000215380553340139,"violation"
346,7010,"forward",0.226542295981594,0.59091868374033,0.406789260036183,0.495089860587996,0.591169374124793,0.000250690384462682,"violation in forward orientation",1,0.590344827586207,1,7010,0.226542295981594,0.59091868374033,0.406789260036183,0.495089860587996,0.591169374124793,0.000250690384462682,"violation",0,10050,0.634887231674671,0.207874723544007,0.486090743366773,0.394989333839766,0.202316649823103,-0.00555807372090419,"max_iter reached without violation"
347,10050,"reverse",0.588843709930289,0.234228269367973,0.49496966116233,0.41363958406122,0.22783103063185,-0.00639723873612225,"max_iter reached without violation in either orientation",0,0.590344827586207,0,10050,0.234126295681779,0.594484497734155,0.413571996144745,0.494125796698369,0.577483207969228,-0.0170012897649271,"max_iter reached without violation",0,10050,0.588843709930289,0.234228269367973,0.49496966116233,0.41363958406122,0.22783103063185,-0.00639723873612225,"max_iter reached without violation"
348,10050,"reverse",0.639718955472341,0.207567738481119,0.48489011926589,0.39475746929961,0.199639216901685,-0.0079285215794348,"max_iter reached without violation in either orientation",0,0.590344827586207,0,10050,0.238204251838581,0.581715039814707,0.416248400742293,0.495940841117336,0.570124085112758,-0.0115909547019494,"max_iter reached without violation",0,10050,0.639718955472341,0.207567738481119,0.48489011926589,0.39475746929961,0.199639216901685,-0.0079285215794348,"max_iter reached without violation"
349,10050,"reverse",0.597749103854366,0.225249616937781,0.493606799069183,0.407555970101807,0.222896229747326,-0.00235338719045458,"max_iter reached without violation in either orientation",0,0.590344827586207,0,10050,0.217180427735934,0.614652511467236,0.401853641700294,0.490556759719578,0.608063900680941,-0.00658861078629469,"max_iter reached without violation",0,10050,0.597749103854366,0.225249616937781,0.493606799069183,0.407555970101807,0.222896229747326,-0.00235338719045458,"max_iter reached without violation"
350,10050,"reverse",0.609909939615248,0.221982109812539,0.491474293844916,0.405274205940183,0.216157470790565,-0.00582463902197475,"max_iter reached without violation in either orientation",0,0.590344827586207,0,10050,0.262935987723005,0.538068018093179,0.431363011478832,0.499607766749102,0.525492932685169,-0.0125750854080108,"max_iter reached without violation",0,10050,0.609909939615248,0.221982109812539,0.491474293844916,0.405274205940183,0.216157470790565,-0.00582463902197475,"max_iter reached without violation"
351,10050,"reverse",0.567446180680852,0.240955734827708,0.497568156083932,0.418023865206736,0.239688175545034,-0.00126755928267377,"max_iter reached without violation in either orientation",0,0.590344827586207,0,10050,0.219224068691379,0.620183278781473,0.403319374882352,0.489425225201044,0.604375924575423,-0.0158073542060508,"max_iter reached without violation",0,10050,0.567446180680852,0.240955734827708,0.497568156083932,0.418023865206736,0.239688175545034,-0.00126755928267377,"max_iter reached without violation"
352,7410,"reverse",0.624339415816661,0.208102122823915,0.489054079194249,0.393691454016577,0.208161576108192,5.9453284276173e-05,"violation in reverse orientation",1,0.590344827586207,0,10050,0.230046292390552,0.595275992509195,0.410839601895534,0.494002033356316,0.584846025106157,-0.010429967403038,"max_iter reached without violation",1,7410,0.624339415816661,0.208102122823915,0.489054079194249,0.393691454016577,0.208161576108192,5.9453284276173e-05,"violation"
353,8520,"forward",0.235450032554777,0.574740737348171,0.413737571971731,0.496934537675911,0.575094378392975,0.000353641044803732,"violation in forward orientation",1,0.590344827586207,1,8520,0.235450032554777,0.574740737348171,0.413737571971731,0.496934537675911,0.575094378392975,0.000353641044803732,"violation",0,10050,0.541843109338455,0.259581419815522,0.499443575444064,0.429421531149253,0.253875763447846,-0.00570565636767628,"max_iter reached without violation"
354,6720,"forward",0.223576809374035,0.596061223467122,0.404504004628493,0.49438806041413,0.596520922654278,0.000459699187155715,"violation in forward orientation",1,0.590344827586207,1,6720,0.223576809374035,0.596061223467122,0.404504004628493,0.49438806041413,0.596520922654278,0.000459699187155715,"violation",0,10050,0.592208682959877,0.239019600898881,0.494474305691543,0.416777058221177,0.225966377363911,-0.0130532235349696,"max_iter reached without violation"
355,6930,"forward",0.256559390500465,0.536613882394937,0.426095041019285,0.499765983270607,0.53700020754604,0.00038632515110304,"violation in forward orientation",1,0.590344827586207,1,6930,0.256559390500465,0.536613882394937,0.426095041019285,0.499765983270607,0.53700020754604,0.00038632515110304,"violation",0,10050,0.592802411979824,0.231576536091318,0.494384435335231,0.411870881261492,0.225637370638574,-0.00593916545274409,"max_iter reached without violation"
356,10050,"reverse",0.626303803681358,0.21626060767744,0.488095200579347,0.401189094181122,0.207073037739772,-0.0091875699376687,"max_iter reached without violation in either orientation",0,0.590344827586207,0,10050,0.209204839717346,0.632717270078613,0.395989911112304,0.486612945378496,0.622456731261888,-0.0102605388167253,"max_iter reached without violation",0,10050,0.626303803681358,0.21626060767744,0.488095200579347,0.401189094181122,0.207073037739772,-0.0091875699376687,"max_iter reached without violation"
357,290,"reverse",0.316643315869328,0.420575197198075,0.429984929083568,0.474172412539276,0.428572119678802,0.00799692248072736,"violation in reverse orientation",1,0.590344827586207,0,10050,0.203882878225148,0.650164714822177,0.391946664189931,0.482113949754626,0.632060799317687,-0.0181039155044898,"max_iter reached without violation",1,290,0.316643315869328,0.420575197198075,0.429984929083568,0.474172412539276,0.428572119678802,0.00799692248072736,"violation"
358,6500,"forward",0.19028624903726,0.656163310914842,0.378844677857336,0.481408584107171,0.656597420306277,0.000434109391435511,"violation in forward orientation",1,0.590344827586207,1,6500,0.19028624903726,0.656163310914842,0.378844677857336,0.481408584107171,0.656597420306277,0.000434109391435511,"violation",1,9360,0.542206550900233,0.253635354623494,0.49945225997429,0.425616997227925,0.253674367332658,3.90127091640102e-05,"violation"
359,10050,"reverse",0.579040795754958,0.239325336153939,0.496277881184609,0.41697474019661,0.233263179951214,-0.00606215620272488,"max_iter reached without violation in either orientation",0,0.590344827586207,0,10050,0.230964473706261,0.59972725436124,0.411459329379193,0.493281351683314,0.58318906538246,-0.0165381889787805,"max_iter reached without violation",0,10050,0.579040795754958,0.239325336153939,0.496277881184609,0.41697474019661,0.233263179951214,-0.00606215620272488,"max_iter reached without violation"
360,10050,"reverse",0.5439288940245,0.261614638770641,0.49934053190959,0.430602219948939,0.252719954709752,-0.00889468406088956,"max_iter reached without violation in either orientation",0,0.590344827586207,0,10050,0.270758565511698,0.528128562165562,0.435763291588316,0.499902953379904,0.511376225985105,-0.0167523361804565,"max_iter reached without violation",0,10050,0.5439288940245,0.261614638770641,0.49934053190959,0.430602219948939,0.252719954709752,-0.00889468406088956,"max_iter reached without violation"
361,10050,"reverse",0.624922010288215,0.213091466079602,0.488402656648093,0.398876233867485,0.207838739438859,-0.00525272664074267,"max_iter reached without violation in either orientation",0,0.590344827586207,0,10050,0.24034437262102,0.583398545703333,0.41763146338243,0.495721043517735,0.566262000489953,-0.0171365452133797,"max_iter reached without violation",0,10050,0.624922010288215,0.213091466079602,0.488402656648093,0.398876233867485,0.207838739438859,-0.00525272664074267,"max_iter reached without violation"
362,10050,"reverse",0.54521993344286,0.255208446049479,0.499272349909519,0.426840574938642,0.252004543070694,-0.00320390297878514,"max_iter reached without violation in either orientation",0,0.590344827586207,0,10050,0.19578976840307,0.682429161565258,0.385590100689012,0.471929557235401,0.64666571098949,-0.0357634505757681,"max_iter reached without violation",0,10050,0.54521993344286,0.255208446049479,0.499272349909519,0.426840574938642,0.252004543070694,-0.00320390297878514,"max_iter reached without violation"
363,10050,"reverse",0.621960512115882,0.217691390033355,0.489047478727365,0.402221498810781,0.209479812694567,-0.00821157733878816,"max_iter reached without violation in either orientation",0,0.590344827586207,0,10050,0.226780788251665,0.615047646198237,0.40861261992449,0.490478121735608,0.590738988449154,-0.0243086577490831,"max_iter reached without violation",0,10050,0.621960512115882,0.217691390033355,0.489047478727365,0.402221498810781,0.209479812694567,-0.00821157733878816,"max_iter reached without violation"
364,10050,"reverse",0.619195818819388,0.219632730477132,0.489632127526808,0.403610705315789,0.211011829250072,-0.00862090122706047,"max_iter reached without violation in either orientation",0,0.590344827586207,0,10050,0.234840084653614,0.590031446113214,0.414044377711122,0.494797527732968,0.576195096833319,-0.0138363492798952,"max_iter reached without violation",0,10050,0.619195818819388,0.219632730477132,0.489632127526808,0.403610705315789,0.211011829250072,-0.00862090122706047,"max_iter reached without violation"
365,60,"forward",0.53818458826428,0.230926430345563,0.481894409826699,0.321022671404304,0.255903082305025,0.0249766519594622,"violation in forward orientation",1,0.590344827586207,1,60,0.53818458826428,0.230926430345563,0.481894409826699,0.321022671404304,0.255903082305025,0.0249766519594622,"violation",0,10050,0.655778032351182,0.202244539772666,0.480518766226589,0.390680384195297,0.190740301540726,-0.0115042382319403,"max_iter reached without violation"
366,10050,"reverse",0.557032191235748,0.254292901460052,0.498491822080137,0.426292962595173,0.245458943774185,-0.00883395768586731,"max_iter reached without violation in either orientation",0,0.590344827586207,0,10050,0.257140953291755,0.561694689602757,0.427988191116709,0.49810567615935,0.535950713175504,-0.025743976427253,"max_iter reached without violation",0,10050,0.557032191235748,0.254292901460052,0.498491822080137,0.426292962595173,0.245458943774185,-0.00883395768586731,"max_iter reached without violation"
367,9090,"reverse",0.50254795317531,0.275552673717032,0.499727621351703,0.438006296855104,0.275650630797302,9.79570802698282e-05,"violation in reverse orientation",1,0.590344827586207,0,10050,0.242585816334339,0.568437567517686,0.419064315614288,0.49746865478988,0.562217067433313,-0.00622050008437336,"max_iter reached without violation",1,9090,0.50254795317531,0.275552673717032,0.499727621351703,0.438006296855104,0.275650630797302,9.79570802698282e-05,"violation"
368,10050,"reverse",0.561297944153439,0.24676146874444,0.498140260584176,0.421691319241393,0.243095135788726,-0.00366633295571361,"max_iter reached without violation in either orientation",0,0.590344827586207,0,10050,0.278270253560564,0.509124071120393,0.439824913241692,0.499916193070456,0.497820554201122,-0.0113035169192705,"max_iter reached without violation",0,10050,0.561297944153439,0.24676146874444,0.498140260584176,0.421691319241393,0.243095135788726,-0.00366633295571361,"max_iter reached without violation"
369,10050,"forward",0.22810756187979,0.593099266379909,0.409521777728003,0.494339223649024,0.588344678712445,-0.00475458766746362,"max_iter reached without violation in either orientation",0,0.590344827586207,0,10050,0.22810756187979,0.593099266379909,0.409521777728003,0.494339223649024,0.588344678712445,-0.00475458766746362,"max_iter reached without violation",0,10050,0.566553869712627,0.246150525287935,0.497655989240201,0.421310370342007,0.240182637327726,-0.00596788796020892,"max_iter reached without violation"
370,10050,"reverse",0.565264871098538,0.253377262245081,0.497779987760602,0.4257427622188,0.24089691808332,-0.0124803441617604,"max_iter reached without violation in either orientation",0,0.590344827586207,0,10050,0.203473329830456,0.645829831720798,0.391631084774586,0.483296201552616,0.632799874686897,-0.0130299570339015,"max_iter reached without violation",0,10050,0.565264871098538,0.253377262245081,0.497779987760602,0.4257427622188,0.24089691808332,-0.0124803441617604,"max_iter reached without violation"
371,10050,"reverse",0.537074398819383,0.257751131998729,0.499646210319607,0.428348223920236,0.256518278432381,-0.00123285356634772,"max_iter reached without violation in either orientation",0,0.590344827586207,0,10050,0.221573574014724,0.605956454262591,0.404986321309145,0.492202197669825,0.600135982393214,-0.00582047186937729,"max_iter reached without violation",0,10050,0.537074398819383,0.257751131998729,0.499646210319607,0.428348223920236,0.256518278432381,-0.00123285356634772,"max_iter reached without violation"
372,10050,"reverse",0.662372751908786,0.200298507911341,0.478550994337936,0.389162866216919,0.187085928900559,-0.013212579010782,"max_iter reached without violation in either orientation",0,0.590344827586207,0,10050,0.240955734827708,0.59577065234848,0.418023865206736,0.493924014054902,0.565158729778885,-0.0306119225695951,"max_iter reached without violation",0,10050,0.662372751908786,0.200298507911341,0.478550994337936,0.389162866216919,0.187085928900559,-0.013212579010782,"max_iter reached without violation"
373,10050,"reverse",0.559810044408799,0.253377262245081,0.498267099280288,0.4257427622188,0.243919634855082,-0.00945762738999856,"max_iter reached without violation in either orientation",0,0.590344827586207,0,10050,0.259581419815522,0.551871801969851,0.429421531149253,0.498867616993398,0.531546621447948,-0.0203251805219034,"max_iter reached without violation",0,10050,0.559810044408799,0.253377262245081,0.498267099280288,0.4257427622188,0.243919634855082,-0.00945762738999856,"max_iter reached without violation"
374,90,"reverse",0.0417124095892459,0.89914708400473,0.104822012578407,0.415739709641549,0.924715344019538,0.0255682600148076,"violation in reverse orientation",1,0.590344827586207,1,6370,0.252928970698444,0.542944289693097,0.423512152970012,0.499563872103773,0.543551701558322,0.000607411865224505,"violation",1,90,0.0417124095892459,0.89914708400473,0.104822012578407,0.415739709641549,0.924715344019538,0.0255682600148076,"violation"
375,5110,"forward",0.249088552195333,0.550379734083444,0.420038958419757,0.499311875932459,0.550482161449979,0.000102427366534763,"violation in forward orientation",1,0.590344827586207,1,5110,0.249088552195333,0.550379734083444,0.420038958419757,0.499311875932459,0.550482161449979,0.000102427366534763,"violation",0,10050,0.666799962978224,0.196199778828057,0.477172517591142,0.385918316751456,0.18463265111322,-0.0115671277148374,"max_iter reached without violation"
376,7980,"reverse",0.578750314148311,0.233371489334809,0.496533846041432,0.412059725500185,0.233424146316279,5.26569814698064e-05,"violation in reverse orientation",1,0.590344827586207,0,10050,0.235961626895783,0.580328462191129,0.414783241581186,0.496117447256434,0.574171149828622,-0.00615731236250738,"max_iter reached without violation",1,7980,0.578750314148311,0.233371489334809,0.496533846041432,0.412059725500185,0.233424146316279,5.26569814698064e-05,"violation"
377,10050,"forward",0.21350046407915,0.616825600538568,0.399176759834463,0.490120094958866,0.61470480205808,-0.00212079848048841,"max_iter reached without violation in either orientation",0,0.590344827586207,0,10050,0.21350046407915,0.616825600538568,0.399176759834463,0.490120094958866,0.61470480205808,-0.00212079848048841,"max_iter reached without violation",0,10050,0.613269443353379,0.219530567097223,0.490829351849816,0.403537929227526,0.214295848254848,-0.00523471884237514,"max_iter reached without violation"
378,7040,"forward",0.217977454274326,0.606247696425311,0.40074381123162,0.492658177150417,0.606625578151133,0.000377881725822427,"violation in forward orientation",1,0.590344827586207,1,7040,0.217977454274326,0.606247696425311,0.40074381123162,0.492658177150417,0.606625578151133,0.000377881725822427,"violation",0,10050,0.539856349896853,0.266187729250855,0.499533566256795,0.433213582507644,0.254976698716217,-0.0112110305346378,"max_iter reached without violation"
379,4000,"reverse",0.582844735992692,0.228428003790339,0.49682586235018,0.404974613401877,0.231155279075646,0.00272727528530697,"violation in reverse orientation",1,0.590344827586207,0,10050,0.256327317018546,0.573591593046068,0.42750637880413,0.496918810023184,0.537419009808619,-0.0361725832374495,"max_iter reached without violation",1,4000,0.582844735992692,0.228428003790339,0.49682586235018,0.404974613401877,0.231155279075646,0.00272727528530697,"violation"
380,50,"forward",0.654021127930363,0.185611725055255,0.498397431775085,0.271293199325011,0.191713865828145,0.00610214077289051,"violation in forward orientation",1,0.590344827586207,1,50,0.654021127930363,0.185611725055255,0.498397431775085,0.271293199325011,0.191713865828145,0.00610214077289051,"violation at burn-in",0,10050,0.654498034361659,0.202961360430376,0.480888934137671,0.391235683148052,0.191449594724693,-0.0115117657056835,"max_iter reached without violation"
381,8870,"forward",0.220389899856202,0.601964126053022,0.403590361340393,0.493066861126303,0.60227205331199,0.000307927258968443,"violation in forward orientation",1,0.590344827586207,1,8870,0.220389899856202,0.601964126053022,0.403590361340393,0.493066861126303,0.60227205331199,0.000307927258968443,"violation",0,10050,0.632914555041103,0.213091466079602,0.486565902591737,0.398876233867485,0.203409781298162,-0.00968168478143991,"max_iter reached without violation"
382,10050,"reverse",0.552268825023127,0.263037622044738,0.498840625108047,0.431421317690248,0.248098497285209,-0.0149391247595286,"max_iter reached without violation in either orientation",0,0.590344827586207,0,10050,0.215851762356532,0.635183106008359,0.400892744014111,0.486018726613231,0.610461624292032,-0.0247214817163274,"max_iter reached without violation",0,10050,0.552268825023127,0.263037622044738,0.498840625108047,0.431421317690248,0.248098497285209,-0.0149391247595286,"max_iter reached without violation"
383,9610,"reverse",0.603989427627845,0.219390924407125,0.492611203211253,0.403240830843586,0.219438240629761,4.73162226365675e-05,"violation in reverse orientation",1,0.590344827586207,0,10050,0.242483945487377,0.565364029241615,0.418999540377154,0.49777056985061,0.562400904642313,-0.00296312459930226,"max_iter reached without violation",1,9610,0.603989427627845,0.219390924407125,0.492611203211253,0.403240830843586,0.219438240629761,4.73162226365675e-05,"violation"
384,10050,"reverse",0.561595504338764,0.254496363977912,0.498114352305347,0.426414877532428,0.242930246927182,-0.0115661170507295,"max_iter reached without violation in either orientation",0,0.590344827586207,0,10050,0.246659647855392,0.574978874837952,0.42162791036604,0.496761463067866,0.554865387938186,-0.0201134868997652,"max_iter reached without violation",0,10050,0.561595504338764,0.254496363977912,0.498114352305347,0.426414877532428,0.242930246927182,-0.0115661170507295,"max_iter reached without violation"
385,10050,"forward",0.253784224712887,0.551077720876143,0.425987615870494,0.498920643856433,0.542008301108741,-0.00906941976740228,"max_iter reached without violation in either orientation",0,0.590344827586207,0,10050,0.253784224712887,0.551077720876143,0.425987615870494,0.498920643856433,0.542008301108741,-0.00906941976740228,"max_iter reached without violation",0,10050,0.615245208962189,0.222901235893428,0.490438676890096,0.405919772993844,0.213201005066878,-0.00970023082655058,"max_iter reached without violation"
386,3170,"forward",0.252476034036523,0.543965180218174,0.419387076348495,0.499789385330283,0.544369075853952,0.000403895635777696,"violation in forward orientation",1,0.590344827586207,1,3170,0.252476034036523,0.543965180218174,0.419387076348495,0.499789385330283,0.544369075853952,0.000403895635777696,"violation",0,10050,0.613368238910607,0.221777844635658,0.490810017123822,0.405130338072773,0.214241102063119,-0.00753674257253897,"max_iter reached without violation"
387,10050,"reverse",0.558818019790835,0.255615324477522,0.498349157096858,0.427083130081252,0.244469351577771,-0.0111459728997514,"max_iter reached without violation in either orientation",0,0.590344827586207,0,10050,0.233004500557346,0.596067439240079,0.41282621587989,0.493876955994291,0.579507611327936,-0.0165598279121428,"max_iter reached without violation",0,10050,0.558818019790835,0.255615324477522,0.498349157096858,0.427083130081252,0.244469351577771,-0.0111459728997514,"max_iter reached without violation"
388,6880,"forward",0.238829748816826,0.568679487973459,0.414971286604335,0.49774971922725,0.568995306643283,0.000315818669823886,"violation in forward orientation",1,0.590344827586207,1,6880,0.238829748816826,0.568679487973459,0.414971286604335,0.49774971922725,0.568995306643283,0.000315818669823886,"violation",0,10050,0.584091691622576,0.232392546759725,0.495628832300382,0.412417633891826,0.230464295858308,-0.00192825090141688,"max_iter reached without violation"
389,10050,"forward",0.207363074418242,0.629362945782204,0.394602691797901,0.487399546433333,0.625780400420588,-0.00358254536161573,"max_iter reached without violation in either orientation",0,0.590344827586207,0,10050,0.207363074418242,0.629362945782204,0.394602691797901,0.487399546433333,0.625780400420588,-0.00358254536161573,"max_iter reached without violation",0,10050,0.579932270468475,0.238815771146135,0.496167176247558,0.416645099315585,0.232769181567505,-0.00604658957863061,"max_iter reached without violation"
390,7820,"forward",0.239382639759113,0.567893076750993,0.41592943939143,0.497719680934594,0.567997553795025,0.000104477044032603,"violation in forward orientation",1,0.590344827586207,1,7820,0.239382639759113,0.567893076750993,0.41592943939143,0.497719680934594,0.567997553795025,0.000104477044032603,"violation",0,10050,0.586863910864987,0.231882549788838,0.495250020052319,0.412076178709682,0.228928108903955,-0.00295444088488356,"max_iter reached without violation"
391,10050,"forward",0.259581419815522,0.537173764011946,0.429421531149253,0.499642455266142,0.531546621447948,-0.0056271425639981,"max_iter reached without violation in either orientation",0,0.590344827586207,0,10050,0.259581419815522,0.537173764011946,0.429421531149253,0.499642455266142,0.531546621447948,-0.0056271425639981,"max_iter reached without violation",0,10050,0.577653938120321,0.244113731790878,0.496446828949397,0.420031916903399,0.23403168792969,-0.0100820438611886,"max_iter reached without violation"
392,10050,"reverse",0.579932270468475,0.238102327565532,0.496167176247558,0.416182164287994,0.232769181567505,-0.00533314599802751,"max_iter reached without violation in either orientation",0,0.590344827586207,0,10050,0.240650059307358,0.579932270468475,0.417827816990887,0.496167176247558,0.56571035505929,-0.0142219154091849,"max_iter reached without violation",0,10050,0.579932270468475,0.238102327565532,0.496167176247558,0.416182164287994,0.232769181567505,-0.00533314599802751,"max_iter reached without violation"
393,10050,"forward",0.207670068305408,0.632519981974489,0.394834797684347,0.486659902240773,0.625226396001469,-0.00729358597302021,"max_iter reached without violation in either orientation",0,0.590344827586207,0,10050,0.207670068305408,0.632519981974489,0.394834797684347,0.486659902240773,0.625226396001469,-0.00729358597302021,"max_iter reached without violation",0,10050,0.589239633937507,0.237184952541135,0.494912610085351,0.415584489078556,0.227611634818742,-0.00957331772239278,"max_iter reached without violation"
394,730,"forward",0.41728312064525,0.321549735554801,0.48125687698732,0.445298198985681,0.322898958560838,0.00134922300603746,"violation in forward orientation",1,0.590344827586207,1,730,0.41728312064525,0.321549735554801,0.48125687698732,0.445298198985681,0.322898958560838,0.00134922300603746,"violation",0,10050,0.602990543045503,0.237083015686602,0.492726321842993,0.415517908517437,0.21999175870684,-0.0170912569797621,"max_iter reached without violation"
395,10050,"forward",0.22810756187979,0.590031446113214,0.409521777728003,0.494797527732968,0.588344678712445,-0.0016867674007689,"max_iter reached without violation in either orientation",0,0.590344827586207,0,10050,0.22810756187979,0.590031446113214,0.409521777728003,0.494797527732968,0.588344678712445,-0.0016867674007689,"max_iter reached without violation",0,10050,0.563281554209153,0.24553953826588,0.497964133259536,0.420928229913662,0.24199594570899,-0.00354359255689013,"max_iter reached without violation"
396,10050,"reverse",0.597056680035927,0.22698492182557,0.493718759928764,0.408752888416724,0.223279926830333,-0.00370499499523705,"max_iter reached without violation in either orientation",0,0.590344827586207,0,10050,0.21626060767744,0.628968259907821,0.401189094181122,0.487490460760964,0.609723817697217,-0.0192444422106047,"max_iter reached without violation",0,10050,0.597056680035927,0.22698492182557,0.493718759928764,0.408752888416724,0.223279926830333,-0.00370499499523705,"max_iter reached without violation"
397,10050,"forward",0.265882927129401,0.528824560002777,0.433041421975663,0.499888742850678,0.520174854631271,-0.00864970537150545,"max_iter reached without violation in either orientation",0,0.590344827586207,0,10050,0.265882927129401,0.528824560002777,0.433041421975663,0.499888742850678,0.520174854631271,-0.00864970537150545,"max_iter reached without violation",0,10050,0.63774705270682,0.210432420599738,0.485386443980464,0.396907540434259,0.200731919548468,-0.00970050105126979,"max_iter reached without violation"
398,8290,"forward",0.244353716039102,0.558825181052136,0.419376701300666,0.498470160504188,0.559026696908224,0.000201515856087964,"violation in forward orientation",1,0.590344827586207,1,8290,0.244353716039102,0.558825181052136,0.419376701300666,0.498470160504188,0.559026696908224,0.000201515856087964,"violation",0,10050,0.592406595628079,0.232494542280937,0.494444430817014,0.41248581900164,0.225856706795891,-0.00663783548504598,"max_iter reached without violation"
399,10050,"reverse",0.580130367811834,0.244419281848012,0.496142352285953,0.420224533668094,0.2326594086643,-0.0117598731837129,"max_iter reached without violation in either orientation",0,0.590344827586207,0,10050,0.220960729429439,0.627586760965086,0.404553376049952,0.487805970123883,0.601241928220393,-0.0263448327446927,"max_iter reached without violation",0,10050,0.580130367811834,0.244419281848012,0.496142352285953,0.420224533668094,0.2326594086643,-0.0117598731837129,"max_iter reached without violation"
400,100,"reverse",0.525284595613564,0.261683564317147,0.487749935930288,0.366606055596467,0.263051434830005,0.00136787051285792,"violation in reverse orientation",1,0.590344827586207,0,10050,0.225045438087068,0.606846094531107,0.407414463277266,0.492041320191428,0.593870619729437,-0.0129754748016697,"max_iter reached without violation",1,100,0.525284595613564,0.261683564317147,0.487749935930288,0.366606055596467,0.263051434830005,0.00136787051285792,"violation"
