"trial","stopped_at_n","selected_direction","T1_","T2_","s1","s2","beta_allowed","margin","reason","violation","eps","fwd_violation","fwd_stopped_at_n","fwd_T1_","fwd_T2_","fwd_s1","fwd_s2","fwd_beta_allowed","fwd_margin","fwd_reason","rev_violation","rev_stopped_at_n","rev_T1_","rev_T2_","rev_s1","rev_s2","rev_beta_allowed","rev_margin","rev_reason"
1,160,"forward",0.726162040908508,0.107204222849119,0.485693769262073,0.230403857389585,0.107853722171692,0.000649499322573466,"violation in forward orientation",1,0.931724137931035,1,160,0.726162040908508,0.107204222849119,0.485693769262073,0.230403857389585,0.107853722171692,0.000649499322573466,"violation",1,280,0.101256746636353,0.717413496050053,0.238805488262916,0.481229293220042,0.742910988563209,0.0254974925131556,"violation"
2,230,"forward",0.70787152996874,0.111183001110608,0.486023951738509,0.246909058513055,0.115057879452859,0.00387487834225128,"violation in forward orientation",1,0.931724137931035,1,230,0.70787152996874,0.111183001110608,0.486023951738509,0.246909058513055,0.115057879452859,0.00387487834225128,"violation",1,820,0.0830571536351127,0.674974061260537,0.234755305668604,0.484279947160619,0.789117622024521,0.114143560763984,"violation"
3,90,"forward",0.732531618198095,0.104606694841303,0.492035329455212,0.206080411011016,0.105344911085996,0.000738216244693141,"violation in forward orientation",1,0.931724137931035,1,90,0.732531618198095,0.104606694841303,0.492035329455212,0.206080411011016,0.105344911085996,0.000738216244693141,"violation",1,280,0.115151520161963,0.703773210178169,0.257539376818856,0.485031032038999,0.707633787183923,0.00386057700575404,"violation"
4,160,"forward",0.761288001011107,0.0795152004044429,0.474958879799083,0.189983551919633,0.0940185186574524,0.0145033182530094,"violation in forward orientation",1,0.931724137931035,1,160,0.761288001011107,0.0795152004044429,0.474958879799083,0.189983551919633,0.0940185186574524,0.0145033182530094,"violation",1,280,0.0821505148830761,0.71060295169345,0.210411404595078,0.483186700722508,0.791419471549085,0.0808165198556354,"violation"
5,50,"forward",0.808956080708089,0.0745005976726397,0.485386443980464,0.14,0.0752432999356177,0.000742702262977984,"violation in forward orientation",1,0.931724137931035,1,50,0.808956080708089,0.0745005976726397,0.485386443980464,0.14,0.0752432999356177,0.000742702262977984,"violation at burn-in",1,70,0.0534488391899587,0.813795356759835,0.118666055184544,0.474664220738176,0.864289662019109,0.0504943052592738,"violation"
6,280,"reverse",0.067220023482452,0.717413496050053,0.185576872239523,0.481229293220042,0.82932623921685,0.111912743166796,"violation in reverse orientation",1,0.931724137931035,1,480,0.673027388516018,0.124950336538467,0.488122821520249,0.282566363886433,0.128782081919333,0.00383174538086556,"violation",1,280,0.067220023482452,0.717413496050053,0.185576872239523,0.481229293220042,0.82932623921685,0.111912743166796,"violation"
7,50,"forward",0.910755917550709,0.0275269587093166,0.438634243989226,0.0707106781186548,0.0351469877972396,0.00762002908792297,"violation in forward orientation",1,0.931724137931035,1,50,0.910755917550709,0.0275269587093166,0.438634243989226,0.0707106781186548,0.0351469877972396,0.00762002908792297,"violation at burn-in",1,140,0.0794670791069046,0.782166588346298,0.185576872239523,0.469693777793531,0.798232400460082,0.0160658121137838,"violation"
8,280,"forward",0.751169375419505,0.082150514883076,0.469693777793531,0.210411404595078,0.098003982511972,0.0158534676288959,"violation in forward orientation",1,0.931724137931035,1,280,0.751169375419505,0.082150514883076,0.469693777793531,0.210411404595078,0.098003982511972,0.0158534676288959,"violation",1,4000,0.0983081553123653,0.617812668439321,0.27663649433869,0.49155645657442,0.75039711633131,0.132584447891989,"violation"
9,50,"forward",0.878395081610861,0.0275269587093166,0.458257569495584,0.0707106781186548,0.0478930807100306,0.020366122000714,"violation in forward orientation",1,0.931724137931035,1,50,0.878395081610861,0.0275269587093166,0.458257569495584,0.0707106781186548,0.0478930807100306,0.020366122000714,"violation at burn-in",1,820,0.10606774922896,0.638022131145387,0.268248333363269,0.492445910146473,0.730696416876751,0.0926742857313642,"violation"
10,260,"forward",0.722901023382547,0.108831156020063,0.480446045219298,0.247203291757252,0.109138152291279,0.000306996271216234,"violation in forward orientation",1,0.931724137931035,1,260,0.722901023382547,0.108831156020063,0.480446045219298,0.247203291757252,0.109138152291279,0.000306996271216234,"violation",1,280,0.115151520161963,0.690056992291969,0.257539376818856,0.488385511827762,0.707633787183923,0.0175767948919546,"violation"
11,50,"forward",0.808956080708089,0.0745005976726397,0.485386443980464,0.14,0.0752432999356177,0.000742702262977984,"violation in forward orientation",1,0.931724137931035,1,50,0.808956080708089,0.0745005976726397,0.485386443980464,0.14,0.0752432999356177,0.000742702262977984,"violation at burn-in",1,220,0.110041851817653,0.710541156942727,0.24410402876541,0.485832335123178,0.720606636207432,0.010065479264705,"violation"
12,480,"forward",0.666955683148177,0.127433602351082,0.489468071538436,0.285583892616902,0.131173568990355,0.00373996663927273,"violation in forward orientation",1,0.931724137931035,1,480,0.666955683148177,0.127433602351082,0.489468071538436,0.285583892616902,0.131173568990355,0.00373996663927273,"violation",1,490,0.120032145731923,0.690047278835986,0.276897489891786,0.483725132864658,0.695242450918456,0.00519517208246978,"violation"
13,250,"reverse",0.133655587999128,0.644942560928585,0.277387815161373,0.496854103334168,0.660654127801606,0.0157115668730213,"violation in reverse orientation",1,0.931724137931035,1,280,0.744458720921921,0.0965495261969029,0.472239562173303,0.232115382989599,0.100647135052618,0.00409760885571538,"violation",1,250,0.133655587999128,0.644942560928585,0.277387815161373,0.496854103334168,0.660654127801606,0.0157115668730213,"violation"
14,120,"forward",0.771119296036274,0.0789160685510231,0.476969600708473,0.17950549357115,0.0901462268514943,0.0112301583004712,"violation in forward orientation",1,0.931724137931035,1,120,0.771119296036274,0.0789160685510231,0.476969600708473,0.17950549357115,0.0901462268514943,0.0112301583004712,"violation",0,10050,1,0.000182358314524332,0.00498754668053816,0.00498754668053816,0,-0.000182358314524332,"max_iter reached without violation"
15,720,"reverse",0.144286289640278,0.628303450073426,0.312543206889607,0.494551720572265,0.633664022356076,0.00536057228264952,"violation in reverse orientation",1,0.931724137931035,1,820,0.646393946054406,0.11314285454695,0.490868428803679,0.277607158916583,0.139272303273138,0.0261294487261879,"violation",1,720,0.144286289640278,0.628303450073426,0.312543206889607,0.494551720572265,0.633664022356076,0.00536057228264952,"violation"
16,160,"forward",0.720240586751941,0.098198912696676,0.487179381747627,0.217944947177034,0.110186029192398,0.0119871164957223,"violation in forward orientation",1,0.931724137931035,1,160,0.720240586751941,0.098198912696676,0.487179381747627,0.217944947177034,0.110186029192398,0.0119871164957223,"violation",1,300,0.124602468571871,0.680542593431339,0.271293199325011,0.489897948556636,0.683638936913996,0.00309634348265719,"violation"
17,60,"forward",0.819765062450468,0.0622317713624084,0.476969600708473,0.12801909579781,0.0709859227208539,0.00875415135844549,"violation in forward orientation",1,0.931724137931035,1,60,0.819765062450468,0.0622317713624084,0.476969600708473,0.12801909579781,0.0709859227208539,0.00875415135844549,"violation",1,190,0.0981317034565967,0.734834768954364,0.223296878269436,0.480909802589994,0.750845106911237,0.0160103379568727,"violation"
18,250,"forward",0.752302027981902,0.0971586157174473,0.470930992821666,0.229921725811199,0.0975578600809862,0.000399244363538831,"violation in forward orientation",1,0.931724137931035,1,250,0.752302027981902,0.0971586157174473,0.470930992821666,0.229921725811199,0.0975578600809862,0.000399244363538831,"violation",0,10050,1,0.000182358314524332,0.00498754668053816,0.00498754668053816,0,-0.000182358314524332,"max_iter reached without violation"
19,160,"forward",0.726162040908508,0.107204222849119,0.485693769262073,0.230403857389585,0.107853722171692,0.000649499322573466,"violation in forward orientation",1,0.931724137931035,1,160,0.726162040908508,0.107204222849119,0.485693769262073,0.230403857389585,0.107853722171692,0.000649499322573466,"violation",1,800,0.133101175717771,0.660279409151497,0.301659472750318,0.48803016044093,0.662061715601473,0.00178230644997612,"violation"
20,820,"reverse",0.0946403371181901,0.660708099605002,0.252247482416544,0.48780487804878,0.75970927682245,0.0990011772174481,"violation in reverse orientation",1,0.931724137931035,1,820,0.654749670549915,0.120172511651689,0.489136900870278,0.286530871829896,0.135981200380388,0.0158086887286991,"violation",1,820,0.0946403371181901,0.660708099605002,0.252247482416544,0.48780487804878,0.75970927682245,0.0990011772174481,"violation"
21,240,"reverse",0.133766669413116,0.653021739825846,0.276385399196283,0.496078370824611,0.660372105111309,0.00735036528546373,"violation in reverse orientation",1,0.931724137931035,1,820,0.661898783918775,0.0903166216202504,0.487528885338359,0.245879184698855,0.133165350276486,0.042848728656236,"violation",1,240,0.133766669413116,0.653021739825846,0.276385399196283,0.496078370824611,0.660372105111309,0.00735036528546373,"violation"
22,160,"forward",0.696369530078241,0.116032322209533,0.49228421668788,0.242061459137964,0.119588218519493,0.00355589630995916,"violation in forward orientation",1,0.931724137931035,1,160,0.696369530078241,0.116032322209533,0.49228421668788,0.242061459137964,0.119588218519493,0.00355589630995916,"violation",1,4000,0.102895094481004,0.617070109853573,0.282930976564957,0.491695472320012,0.738751415415902,0.121681305562329,"violation"
23,90,"forward",0.794279587966123,0.0652551788198453,0.475186772896513,0.147405546238018,0.0810239892994748,0.0157688104796295,"violation in forward orientation",1,0.931724137931035,1,90,0.794279587966123,0.0652551788198453,0.475186772896513,0.147405546238018,0.0810239892994748,0.0157688104796295,"violation",1,280,0.105924175370542,0.7242046079812,0.245261210191277,0.479157423749955,0.731060934075025,0.00685632609382469,"violation"
24,300,"reverse",0.107676947896352,0.715739748690459,0.249443825784929,0.480959688770506,0.726610850073938,0.010871101383479,"violation in reverse orientation",1,0.931724137931035,1,310,0.660546880388185,0.132755448164572,0.493453501315431,0.281976818406454,0.133697829970214,0.000942381805642128,"violation",1,300,0.107676947896352,0.715739748690459,0.249443825784929,0.480959688770506,0.726610850073938,0.010871101383479,"violation"
25,80,"reverse",0.0732709191287605,0.808698556974645,0.15612494995996,0.472857007984443,0.813963724394537,0.00526516741989214,"violation in reverse orientation",1,0.931724137931035,1,230,0.716160788314705,0.111183001110608,0.483840964982385,0.246909058513055,0.111792955850385,0.000609954739777388,"violation",1,80,0.0732709191287605,0.808698556974645,0.15612494995996,0.472857007984443,0.813963724394537,0.00526516741989214,"violation"
26,90,"reverse",0.0417124095892458,0.843429898606731,0.104822012578407,0.453246178986025,0.894087081151925,0.0506571825451935,"violation in reverse orientation",1,0.931724137931035,1,110,0.813298314638503,0.070409677940248,0.462118728259594,0.162877026065172,0.0735330067519373,0.00312332881168927,"violation",1,90,0.0417124095892458,0.843429898606731,0.104822012578407,0.453246178986025,0.894087081151925,0.0506571825451935,"violation"
27,120,"forward",0.747935774039918,0.0924095701582629,0.484122918275927,0.199826313471363,0.0992776141234595,0.00686804396519652,"violation in forward orientation",1,0.931724137931035,1,120,0.747935774039918,0.0924095701582629,0.484122918275927,0.199826313471363,0.0992776141234595,0.00686804396519652,"violation",1,480,0.0919944248141773,0.709220206946063,0.238257199378226,0.478260011802042,0.76642693803575,0.0572067310896879,"violation"
28,190,"forward",0.724893559055121,0.105482927250777,0.483781274265179,0.233544291919303,0.108353344233109,0.00287041698233281,"violation in forward orientation",1,0.931724137931035,1,190,0.724893559055121,0.105482927250777,0.483781274265179,0.233544291919303,0.108353344233109,0.00287041698233281,"violation",1,480,0.112433930079456,0.703216899623175,0.266723626729159,0.480121331598124,0.71453342987549,0.0113165302523153,"violation"
29,50,"forward",0.808956080708089,0.0275269587093166,0.485386443980464,0.0707106781186548,0.0752432999356177,0.0477163412263011,"violation in forward orientation",1,0.931724137931035,1,50,0.808956080708089,0.0275269587093166,0.485386443980464,0.0707106781186548,0.0752432999356177,0.0477163412263011,"violation at burn-in",1,160,0.079515200404443,0.732064644419067,0.189983551919633,0.484122918275927,0.798110226125915,0.0660455817068482,"violation"
30,50,"forward",0.790712364249548,0.0745005976726397,0.489897948556636,0.14,0.0824290260858141,0.0079284284131744,"violation in forward orientation",1,0.931724137931035,1,50,0.790712364249548,0.0745005976726397,0.489897948556636,0.14,0.0824290260858141,0.0079284284131744,"violation at burn-in",1,150,0.0846963054729334,0.761883242638884,0.195959179422654,0.475908487935327,0.784956007632789,0.0230727649939053,"violation"
31,150,"reverse",0.0947762719803733,0.755694795128144,0.210923893594085,0.478005113873156,0.759364154140251,0.00366935901210641,"violation in reverse orientation",1,0.931724137931035,1,170,0.830077090827866,0.065710879856701,0.441176470588235,0.168957724898177,0.0669242825313987,0.00121340267469766,"violation",1,150,0.0947762719803733,0.755694795128144,0.210923893594085,0.478005113873156,0.759364154140251,0.00366935901210641,"violation"
32,50,"forward",0.808956080708089,0.0745005976726397,0.485386443980464,0.14,0.0752432999356177,0.000742702262977984,"violation in forward orientation",1,0.931724137931035,1,50,0.808956080708089,0.0745005976726397,0.485386443980464,0.14,0.0752432999356177,0.000742702262977984,"violation at burn-in",1,130,0.0974169204747039,0.748677896538399,0.209818179953629,0.482596527426404,0.752659857122764,0.00398196058436451,"violation"
33,480,"reverse",0.107376093693359,0.675048821828396,0.259999666132264,0.48765577995367,0.727374683632304,0.0523258618039076,"violation in reverse orientation",1,0.931724137931035,1,2360,0.621339580879677,0.106555245366923,0.492094753559613,0.282875402340088,0.149140567089984,0.0425853217230608,"violation",1,480,0.107376093693359,0.675048821828396,0.259999666132264,0.48765577995367,0.727374683632304,0.0523258618039076,"violation"
34,50,"forward",0.808956080708089,0.0745005976726397,0.485386443980464,0.14,0.0752432999356177,0.000742702262977984,"violation in forward orientation",1,0.931724137931035,1,50,0.808956080708089,0.0745005976726397,0.485386443980464,0.14,0.0752432999356177,0.000742702262977984,"violation at burn-in",1,160,0.0697287809828361,0.75548267551641,0.173992636338438,0.476969600708473,0.822956797974089,0.0674741224576793,"violation"
35,160,"forward",0.75548267551641,0.0795152004044429,0.476969600708473,0.189983551919633,0.0963050856139412,0.0167898852094983,"violation in forward orientation",1,0.931724137931035,1,160,0.75548267551641,0.0795152004044429,0.476969600708473,0.189983551919633,0.0963050856139412,0.0167898852094983,"violation",1,280,0.105924175370542,0.727592798380722,0.245261210191277,0.478078103942638,0.731060934075025,0.00346813569430271,"violation"
36,80,"forward",0.786130300599852,0.0732709191287606,0.480722113075735,0.15612494995996,0.0842337819678904,0.0109628628391299,"violation in forward orientation",1,0.931724137931035,1,80,0.786130300599852,0.0732709191287606,0.480722113075735,0.15612494995996,0.0842337819678904,0.0109628628391299,"violation",1,2360,0.0925454754714314,0.637230018827162,0.263391343821318,0.48892338002101,0.765027885005465,0.127797866178303,"violation"
37,50,"forward",0.808956080708089,0.0275269587093166,0.485386443980464,0.0707106781186548,0.0752432999356177,0.0477163412263011,"violation in forward orientation",1,0.931724137931035,1,50,0.808956080708089,0.0275269587093166,0.485386443980464,0.0707106781186548,0.0752432999356177,0.0477163412263011,"violation at burn-in",1,260,0.0986708283705256,0.741083592135526,0.233160685634272,0.474481966037356,0.749476331945441,0.00839273980991506,"violation"
38,120,"reverse",0.105343859519633,0.716482191093379,0.217944947177034,0.491525403435288,0.732534288001837,0.0160520969084585,"violation in reverse orientation",1,0.931724137931035,1,160,0.714300453905321,0.107204222849119,0.488580533279827,0.230403857389585,0.112525693264058,0.00532147041493951,"violation",1,120,0.105343859519633,0.716482191093379,0.217944947177034,0.491525403435288,0.732534288001837,0.0160520969084585,"violation"
39,480,"reverse",0.073549815232981,0.689163922294393,0.20912350152216,0.484122918275927,0.81325563987525,0.124091717580856,"violation in reverse orientation",1,0.931724137931035,1,4000,0.621029689249779,0.100468090511354,0.490940360430878,0.27962430151902,0.149262625355565,0.0487945348442108,"violation",1,480,0.073549815232981,0.689163922294393,0.20912350152216,0.484122918275927,0.81325563987525,0.124091717580856,"violation"
40,420,"reverse",0.10769508927936,0.7262537643664,0.257539376818856,0.473869342957541,0.726564791228825,0.000311026862425234,"violation in reverse orientation",1,0.931724137931035,1,430,0.68402824032569,0.122307700978436,0.486291248054104,0.276968835924826,0.124449132067649,0.00214143108921384,"violation",1,420,0.10769508927936,0.7262537643664,0.257539376818856,0.473869342957541,0.726564791228825,0.000311026862425234,"violation"
41,60,"reverse",0.0622317713624083,0.819765062450468,0.12801909579781,0.476969600708473,0.841990826678106,0.0222257642276378,"violation in reverse orientation",1,0.931724137931035,1,280,0.707190466552719,0.101256746636353,0.484122918275927,0.238805488262916,0.115326132646202,0.0140693860098483,"violation",1,60,0.0622317713624083,0.819765062450468,0.12801909579781,0.476969600708473,0.841990826678106,0.0222257642276378,"violation"
42,80,"forward",0.852434440271627,0.0468507967519744,0.452596674755792,0.111102430216445,0.0581183031733991,0.0112675064214247,"violation in forward orientation",1,0.931724137931035,1,80,0.852434440271627,0.0468507967519744,0.452596674755792,0.111102430216445,0.0581183031733991,0.0112675064214247,"violation",1,330,0.128682116954067,0.66824998013629,0.278656095335095,0.491666083017817,0.673281187845966,0.00503120770967569,"violation"
43,770,"reverse",0.115771924563006,0.701840109499356,0.279941684889506,0.476764903436619,0.70605865312709,0.00421854362773411,"violation in reverse orientation",1,0.931724137931035,1,4000,0.612365770469746,0.103703425846932,0.492548474771773,0.284020685866364,0.152675117973631,0.0489716921266988,"violation",1,770,0.115771924563006,0.701840109499356,0.279941684889506,0.476764903436619,0.70605865312709,0.00421854362773411,"violation"
44,160,"forward",0.696369530078241,0.116032322209533,0.49228421668788,0.242061459137964,0.119588218519493,0.00355589630995916,"violation in forward orientation",1,0.931724137931035,1,160,0.696369530078241,0.116032322209533,0.49228421668788,0.242061459137964,0.119588218519493,0.00355589630995916,"violation",1,300,0.11194792501412,0.712560089930008,0.255147016443461,0.481894409826699,0.715767339771871,0.00320724984186327,"violation"
45,170,"reverse",0.0838650680721801,0.766131045239268,0.198698185341818,0.472093181817254,0.787066421964215,0.0209353767249468,"violation in reverse orientation",1,0.931724137931035,1,250,0.741037775326722,0.0971586157174473,0.475041050857713,0.229921725811199,0.101994556685578,0.00483594096813061,"violation",1,170,0.0838650680721801,0.766131045239268,0.198698185341818,0.472093181817254,0.787066421964215,0.0209353767249468,"violation"
46,600,"reverse",0.145598500033116,0.627721042156002,0.310800936649525,0.495308545813168,0.630332473972447,0.00261143181644496,"violation in reverse orientation",1,0.931724137931035,1,2360,0.627616488199371,0.088785938147804,0.490908438013721,0.257841333220491,0.146668256298924,0.0578823181511202,"violation",1,600,0.145598500033116,0.627721042156002,0.310800936649525,0.495308545813168,0.630332473972447,0.00261143181644496,"violation"
47,70,"reverse",0.0534488391899587,0.851237844761596,0.118666055184544,0.458257569495584,0.864289662019109,0.0130518172575127,"violation in reverse orientation",1,0.931724137931035,1,80,0.751467297585606,0.0962393665961732,0.489897948556636,0.189983551919633,0.0978866387073511,0.00164727211117788,"violation",1,70,0.0534488391899587,0.851237844761596,0.118666055184544,0.458257569495584,0.864289662019109,0.0130518172575127,"violation"
48,90,"forward",0.753429237782544,0.0652551788198453,0.487498021521785,0.147405546238018,0.0971138814125147,0.0318587025926694,"violation in forward orientation",1,0.931724137931035,1,90,0.753429237782544,0.0652551788198453,0.487498021521785,0.147405546238018,0.0971138814125147,0.0318587025926694,"violation",1,4000,0.0947928293223054,0.625234759416435,0.271679843749955,0.490101009996919,0.759322116989766,0.134087357573332,"violation"
49,60,"reverse",0.0622317713624083,0.804851254930947,0.12801909579781,0.481894409826699,0.841990826678106,0.0371395717471588,"violation in reverse orientation",1,0.931724137931035,1,280,0.658925548938443,0.133240516801551,0.49434299833213,0.279941684889506,0.134336430324645,0.00109591352309388,"violation",1,60,0.0622317713624083,0.804851254930947,0.12801909579781,0.481894409826699,0.841990826678106,0.0371395717471588,"violation"
50,480,"forward",0.707220412259025,0.112433930079456,0.478890318862263,0.266723626729159,0.115314337810134,0.00288040773067791,"violation in forward orientation",1,0.931724137931035,1,480,0.707220412259025,0.112433930079456,0.478890318862263,0.266723626729159,0.115314337810134,0.00288040773067791,"violation",1,4000,0.101816801636555,0.616327487944211,0.281468359678313,0.491833305094317,0.741489074561574,0.125161586617363,"violation"
51,260,"forward",0.741083592135526,0.0986708283705257,0.474481966037356,0.233160685634272,0.101976510634386,0.00330568226386056,"violation in forward orientation",1,0.931724137931035,1,260,0.741083592135526,0.0986708283705257,0.474481966037356,0.233160685634272,0.101976510634386,0.00330568226386056,"violation",1,320,0.124844446215872,0.681189097096039,0.27321866242993,0.489249664665189,0.683024584038006,0.00183548694196767,"violation"
52,820,"reverse",0.103223908000592,0.657134041465374,0.26437269314441,0.48861365878885,0.7379165964298,0.0807825549644257,"violation in reverse orientation",1,0.931724137931035,1,2360,0.639318131756795,0.0925454754714314,0.488465048896137,0.263391343821318,0.142059282776345,0.0495138073049138,"violation",1,820,0.103223908000592,0.657134041465374,0.26437269314441,0.48861365878885,0.7379165964298,0.0807825549644257,"violation"
53,260,"reverse",0.113844807983371,0.708249178877346,0.253846153846154,0.484615384615385,0.710951376246026,0.00270219736868005,"violation in reverse orientation",1,0.931724137931035,1,480,0.705219308125957,0.102285497677251,0.479510746027193,0.253028530999964,0.116102520762381,0.0138170230851305,"violation",1,260,0.113844807983371,0.708249178877346,0.253846153846154,0.484615384615385,0.710951376246026,0.00270219736868005,"violation"
54,160,"forward",0.672208614013715,0.124707709657426,0.496078370824611,0.253028530999964,0.129104575933405,0.00439686627597967,"violation in forward orientation",1,0.931724137931035,1,160,0.672208614013715,0.124707709657426,0.496078370824611,0.253028530999964,0.129104575933405,0.00439686627597967,"violation",1,450,0.111622274147112,0.716154647232986,0.264285666618996,0.476618749210273,0.716594129153764,0.000439481920777807,"violation"
55,340,"forward",0.749053263473661,0.095329398974179,0.467822756487849,0.235294117647059,0.0988374640550859,0.00350806508090698,"violation in forward orientation",1,0.931724137931035,1,340,0.749053263473661,0.095329398974179,0.467822756487849,0.235294117647059,0.0988374640550859,0.00350806508090698,"violation",1,1390,0.0999730030296756,0.64359289249767,0.267695511949013,0.489301726225022,0.74617026311336,0.10257737061569,"violation"
56,450,"reverse",0.130382303671944,0.658203033711094,0.287767052567193,0.491628686543105,0.668964613047651,0.010761579336557,"violation in reverse orientation",1,0.931724137931035,0,10050,0.000182358314524332,1,0.00498754668053816,0.00498754668053816,0.999527013613586,-0.000472986386413909,"max_iter reached without violation",1,450,0.130382303671944,0.658203033711094,0.287767052567193,0.491628686543105,0.668964613047651,0.010761579336557,"violation"
57,820,"reverse",0.118770008011685,0.6880079544399,0.284778946176862,0.48063480480086,0.698446870655355,0.010438916215455,"violation in reverse orientation",1,0.931724137931035,1,2360,0.631379905603492,0.098632652133597,0.490155711354227,0.272078775536926,0.145185943913926,0.0465532917803287,"violation",1,820,0.118770008011685,0.6880079544399,0.284778946176862,0.48063480480086,0.698446870655355,0.010438916215455,"violation"
58,120,"forward",0.816367655586762,0.0646455958718564,0.458257569495584,0.15612494995996,0.0723240730587452,0.00767847718688877,"violation in forward orientation",1,0.931724137931035,1,120,0.816367655586762,0.0646455958718564,0.458257569495584,0.15612494995996,0.0723240730587452,0.00767847718688877,"violation",1,220,0.110041851817653,0.71487211850734,0.24410402876541,0.484704050456488,0.720606636207432,0.00573451770009137,"violation"
59,80,"forward",0.797470093848425,0.0732709191287606,0.476969600708473,0.15612494995996,0.0797673318852407,0.00649641275648012,"violation in forward orientation",1,0.931724137931035,1,80,0.797470093848425,0.0732709191287606,0.476969600708473,0.15612494995996,0.0797673318852407,0.00649641275648012,"violation",1,1390,0.117753422586742,0.64359289249767,0.291166997767598,0.489301726225022,0.701027861895614,0.0574349693979437,"violation"
60,50,"forward",0.910755917550709,0.0275269587093166,0.438634243989226,0.0707106781186548,0.0351469877972396,0.00762002908792297,"violation in forward orientation",1,0.931724137931035,1,50,0.910755917550709,0.0275269587093166,0.438634243989226,0.0707106781186548,0.0351469877972396,0.00762002908792297,"violation at burn-in",1,200,0.0933422121316439,0.754205377642123,0.217944947177034,0.47370877129308,0.76300506401045,0.00879968636832673,"violation"
61,350,"forward",0.680528979488355,0.125058939860864,0.488696725788007,0.275666169006452,0.125827400040753,0.000768460179889796,"violation in forward orientation",1,0.931724137931035,1,350,0.680528979488355,0.125058939860864,0.488696725788007,0.275666169006452,0.125827400040753,0.000768460179889796,"violation",1,820,0.111731614310527,0.640415710833611,0.275771590733709,0.492010831122346,0.716316527294582,0.0759008164609706,"violation"
62,310,"forward",0.682443383260211,0.124735215110324,0.4892284056373,0.272289403486034,0.125073366109305,0.000338150998980755,"violation in forward orientation",1,0.931724137931035,1,310,0.682443383260211,0.124735215110324,0.4892284056373,0.272289403486034,0.125073366109305,0.000338150998980755,"violation",1,4000,0.0961456912050779,0.620287405694042,0.273601443709641,0.49108451411137,0.755887359237943,0.135599953543901,"violation"
63,400,"forward",0.651067839379247,0.137220226844139,0.493558507170123,0.293214938227915,0.137431378066706,0.000211151222566458,"violation in forward orientation",1,0.931724137931035,1,400,0.651067839379247,0.137220226844139,0.493558507170123,0.293214938227915,0.137431378066706,0.000211151222566458,"violation",1,480,0.122460695431921,0.683122117272995,0.279500732954714,0.485693769262073,0.689076647879743,0.00595453060674744,"violation"
64,100,"forward",0.791390072744453,0.0773148667427289,0.47370877129308,0.17058722109232,0.0821620943087766,0.00484722756604762,"violation in forward orientation",1,0.931724137931035,1,100,0.791390072744453,0.0773148667427289,0.47370877129308,0.17058722109232,0.0821620943087766,0.00484722756604762,"violation",1,280,0.101256746636353,0.707190466552719,0.238805488262916,0.484122918275927,0.742910988563209,0.0357205220104896,"violation"
65,90,"forward",0.78418865915957,0.0652551788198453,0.478681316189734,0.147405546238018,0.0849985441096091,0.0197433652897638,"violation in forward orientation",1,0.931724137931035,1,90,0.78418865915957,0.0652551788198453,0.478681316189734,0.147405546238018,0.0849985441096091,0.0197433652897638,"violation",1,320,0.105135822224503,0.732033876386782,0.247625441695719,0.474958879799083,0.733062470310183,0.00102859392340071,"violation"
66,200,"reverse",0.0862260960971793,0.768144632915628,0.207304124416279,0.46837484987988,0.781072048544129,0.0129274156285015,"violation in reverse orientation",1,0.931724137931035,1,280,0.720811496463454,0.105924175370542,0.480207756909359,0.245261210191277,0.109961162682729,0.00403698731218698,"violation",1,200,0.0862260960971793,0.768144632915628,0.207304124416279,0.46837484987988,0.781072048544129,0.0129274156285015,"violation"
67,60,"reverse",0.0622317713624083,0.774366575369875,0.12801909579781,0.489897948556636,0.841990826678106,0.0676242513082301,"violation in reverse orientation",1,0.931724137931035,1,6780,0.607482322274109,0.0920865467286421,0.492498946030525,0.271885962926116,0.154598581401835,0.0625120346731926,"violation",1,60,0.0622317713624083,0.774366575369875,0.12801909579781,0.489897948556636,0.841990826678106,0.0676242513082301,"violation"
68,180,"forward",0.69175868333679,0.118817871160874,0.492035329455212,0.249443825784929,0.121404311313956,0.00258644015308164,"violation in forward orientation",1,0.931724137931035,1,180,0.69175868333679,0.118817871160874,0.492035329455212,0.249443825784929,0.121404311313956,0.00258644015308164,"violation",1,820,0.10748662970547,0.667847166727406,0.270157047766777,0.486100681644065,0.727094045653449,0.0592468789260434,"violation"
69,50,"forward",0.772137383051339,0.0745005976726397,0.493558507170123,0.14,0.0897452288145013,0.0152446311418616,"violation in forward orientation",1,0.931724137931035,1,50,0.772137383051339,0.0745005976726397,0.493558507170123,0.14,0.0897452288145013,0.0152446311418616,"violation at burn-in",1,320,0.105135822224503,0.732033876386782,0.247625441695719,0.474958879799083,0.733062470310183,0.00102859392340071,"violation"
70,130,"forward",0.811962137162469,0.0729615548553156,0.458257569495584,0.172691879389567,0.0740592923611583,0.00109773750584272,"violation in forward orientation",1,0.931724137931035,1,130,0.811962137162469,0.0729615548553156,0.458257569495584,0.172691879389567,0.0740592923611583,0.00109773750584272,"violation",1,280,0.105924175370542,0.707190466552719,0.245261210191277,0.484122918275927,0.731060934075025,0.0238704675223055,"violation"
71,200,"reverse",0.120740502382309,0.687809762139105,0.255147016443461,0.491833305094317,0.693444016409395,0.00563425427029007,"violation in reverse orientation",1,0.931724137931035,1,310,0.682443383260211,0.124735215110324,0.4892284056373,0.272289403486034,0.125073366109305,0.000338150998980755,"violation",1,200,0.120740502382309,0.687809762139105,0.255147016443461,0.491833305094317,0.693444016409395,0.00563425427029007,"violation"
72,10050,"reverse",1,0.000182358314524332,0.00498754668053816,0.00498754668053816,0,-0.000182358314524332,"max_iter reached without violation in either orientation",0,0.931724137931035,0,10050,0.000182358314524332,1,0.00498754668053816,0.00498754668053816,0.999527013613586,-0.000472986386413909,"max_iter reached without violation",0,10050,1,0.000182358314524332,0.00498754668053816,0.00498754668053816,0,-0.000182358314524332,"max_iter reached without violation"
73,50,"forward",0.808956080708089,0.0745005976726397,0.485386443980464,0.14,0.0752432999356177,0.000742702262977984,"violation in forward orientation",1,0.931724137931035,1,50,0.808956080708089,0.0745005976726397,0.485386443980464,0.14,0.0752432999356177,0.000742702262977984,"violation at burn-in",1,510,0.120146114681048,0.687906079757612,0.277857735512546,0.48399608540586,0.694953097114893,0.00704701735728008,"violation"
74,170,"forward",0.73870751044869,0.0925546506561992,0.481347589305383,0.211764705882353,0.10291238750744,0.0103577368512408,"violation in forward orientation",1,0.931724137931035,1,170,0.73870751044869,0.0925546506561992,0.481347589305383,0.211764705882353,0.10291238750744,0.0103577368512408,"violation",1,460,0.103940174490539,0.73518640985031,0.254412849362222,0.46958031376699,0.736098079765205,0.000911669914895441,"violation"
75,160,"reverse",0.0889840203618664,0.767073168320992,0.20453835214942,0.472857007984443,0.774070002091565,0.00699683377057292,"violation in reverse orientation",1,0.931724137931035,1,260,0.708249178877346,0.113844807983371,0.484615384615385,0.253846153846154,0.114909133354753,0.00106432537138157,"violation",1,160,0.0889840203618664,0.767073168320992,0.20453835214942,0.472857007984443,0.774070002091565,0.00699683377057292,"violation"
76,820,"forward",0.683273202228773,0.0830571536351127,0.482006699186514,0.234755305668604,0.124746521966782,0.0416893683316693,"violation in forward orientation",1,0.931724137931035,1,820,0.683273202228773,0.0830571536351127,0.482006699186514,0.234755305668604,0.124746521966782,0.0416893683316693,"violation",1,6780,0.0935016964917809,0.612750743346008,0.27392378668769,0.491539150974802,0.762600151913176,0.149849408567169,"violation"
77,130,"forward",0.741478838888317,0.0974169204747038,0.484615384615385,0.209818179953628,0.101820833202446,0.0044039127277419,"violation in forward orientation",1,0.931724137931035,1,130,0.741478838888317,0.0974169204747038,0.484615384615385,0.209818179953628,0.101820833202446,0.0044039127277419,"violation",1,280,0.110554876727001,0.703773210178169,0.251500598449404,0.485031032038999,0.719304126094094,0.0155309159159247,"violation"
78,70,"forward",0.863377182770204,0.0534488391899586,0.451753951452626,0.118666055184544,0.0538082410703413,0.000359401880382665,"violation in forward orientation",1,0.931724137931035,1,70,0.863377182770204,0.0534488391899586,0.451753951452626,0.118666055184544,0.0538082410703413,0.000359401880382665,"violation",1,80,0.0468507967519745,0.863053876615837,0.111102430216445,0.446514277487294,0.881041318414575,0.0179874417987379,"violation"
79,290,"forward",0.721480964992665,0.106843852301608,0.479595548985206,0.247436320012555,0.109697476414199,0.00285362411259033,"violation in forward orientation",1,0.931724137931035,1,290,0.721480964992665,0.106843852301608,0.479595548985206,0.247436320012555,0.109697476414199,0.00285362411259033,"violation",1,2360,0.0995668525194424,0.640570691764911,0.273380951236013,0.48818543030665,0.747201431654063,0.106630739889152,"violation"
80,100,"forward",0.716895688006175,0.110450226382149,0.493558507170123,0.217944947177034,0.111503497946193,0.00105327156404379,"violation in forward orientation",1,0.931724137931035,1,100,0.716895688006175,0.110450226382149,0.493558507170123,0.217944947177034,0.111503497946193,0.00105327156404379,"violation",1,620,0.11472393176608,0.707912248642882,0.274757484589937,0.476459366132561,0.708719384003563,0.00080713536068111,"violation"
81,90,"forward",0.71133125754252,0.104606694841303,0.495535624910617,0.206080411011016,0.113695182605648,0.00908848776434482,"violation in forward orientation",1,0.931724137931035,1,90,0.71133125754252,0.104606694841303,0.495535624910617,0.206080411011016,0.113695182605648,0.00908848776434482,"violation",1,480,0.112433930079456,0.673027388516018,0.266723626729159,0.488122821520249,0.71453342987549,0.0415060413594718,"violation"
82,110,"reverse",0.0859405919145952,0.780482926783159,0.187193275290673,0.475516248386255,0.781796910199851,0.00131398341669142,"violation in reverse orientation",1,0.931724137931035,1,180,0.765223179283915,0.0875296626215911,0.471404520791032,0.206080411011016,0.0924685541266586,0.00493889150506743,"violation",1,110,0.0859405919145952,0.780482926783159,0.187193275290673,0.475516248386255,0.781796910199851,0.00131398341669142,"violation"
83,4000,"reverse",0.0937097900621038,0.623256157992782,0.270128557357418,0.490500764525398,0.762071826728711,0.138815668735929,"violation in reverse orientation",1,0.931724137931035,1,6780,0.619625112472628,0.0911425907005667,0.490196705255435,0.270515266823973,0.149815851673266,0.0586732609726991,"violation",1,4000,0.0937097900621038,0.623256157992782,0.270128557357418,0.490500764525398,0.762071826728711,0.138815668735929,"violation"
84,210,"forward",0.676834554373354,0.121475744780102,0.493403194170995,0.257539376818856,0.127282538154697,0.00580679337459489,"violation in forward orientation",1,0.931724137931035,1,210,0.676834554373354,0.121475744780102,0.493403194170995,0.257539376818856,0.127282538154697,0.00580679337459489,"violation",1,4000,0.0931680165616704,0.620287405694042,0.269348171517833,0.49108451411137,0.763447326145202,0.143159920451161,"violation"
85,440,"forward",0.647601933954835,0.138666817183236,0.493631968840306,0.296945538596831,0.138796508208851,0.000129691025614553,"violation in forward orientation",1,0.931724137931035,1,440,0.647601933954835,0.138666817183236,0.493631968840306,0.296945538596831,0.138796508208851,0.000129691025614553,"violation",1,1390,0.116950208114539,0.632980031659698,0.290160037153844,0.491446953042628,0.703067129296009,0.0700870976363106,"violation"
86,160,"forward",0.720240586751941,0.107204222849119,0.487179381747627,0.230403857389585,0.110186029192398,0.00298180634327971,"violation in forward orientation",1,0.931724137931035,1,160,0.720240586751941,0.107204222849119,0.487179381747627,0.230403857389585,0.110186029192398,0.00298180634327971,"violation",1,480,0.107376093693359,0.701213191720884,0.259999666132264,0.480722113075735,0.727374683632304,0.0261614919114198,"violation"
87,60,"forward",0.819765062450468,0.0622317713624084,0.476969600708473,0.12801909579781,0.0709859227208539,0.00875415135844549,"violation in forward orientation",1,0.931724137931035,1,60,0.819765062450468,0.0622317713624084,0.476969600708473,0.12801909579781,0.0709859227208539,0.00875415135844549,"violation",1,280,0.115151520161963,0.707190466552719,0.257539376818856,0.484122918275927,0.707633787183923,0.000443320631203892,"violation"
88,460,"forward",0.68306036364296,0.122419924455689,0.486023951738509,0.278557925678685,0.124830353558625,0.00241042910293605,"violation in forward orientation",1,0.931724137931035,1,460,0.68306036364296,0.122419924455689,0.486023951738509,0.278557925678685,0.124830353558625,0.00241042910293605,"violation",1,580,0.132503841951528,0.662995670057576,0.295346387660191,0.489181412383142,0.663578276020652,0.000582605963075911,"violation"
89,280,"forward",0.696924489716726,0.101256746636353,0.486763572497166,0.238805488262916,0.119369634329389,0.0181128876930357,"violation in forward orientation",1,0.931724137931035,1,280,0.696924489716726,0.101256746636353,0.486763572497166,0.238805488262916,0.119369634329389,0.0181128876930357,"violation",0,10050,1,0.000182358314524332,0.00498754668053816,0.00498754668053816,0,-0.000182358314524332,"max_iter reached without violation"
90,130,"forward",0.784181578795643,0.0729615548553156,0.470490113334555,0.172691879389567,0.0850013328810928,0.0120397780257773,"violation in forward orientation",1,0.931724137931035,1,130,0.784181578795643,0.0729615548553156,0.470490113334555,0.172691879389567,0.0850013328810928,0.0120397780257773,"violation",0,10050,1,0.000182358314524332,0.00498754668053816,0.00498754668053816,0,-0.000182358314524332,"max_iter reached without violation"
91,200,"forward",0.740160847768457,0.100337912250668,0.478513322698543,0.22798026230356,0.102339955678243,0.0020020434275759,"violation in forward orientation",1,0.931724137931035,1,200,0.740160847768457,0.100337912250668,0.478513322698543,0.22798026230356,0.102339955678243,0.0020020434275759,"violation",1,220,0.110041851817653,0.71487211850734,0.24410402876541,0.484704050456488,0.720606636207432,0.00573451770009137,"violation"
92,60,"forward",0.74303982794241,0.097223697165837,0.495535624910617,0.17950549357115,0.101206000150657,0.00398230298482043,"violation in forward orientation",1,0.931724137931035,1,60,0.74303982794241,0.097223697165837,0.495535624910617,0.17950549357115,0.101206000150657,0.00398230298482043,"violation",1,320,0.109122932755236,0.711219320697192,0.253028530999965,0.48160498271405,0.722939664000683,0.0117203433034907,"violation"
93,160,"forward",0.749657445752236,0.0795152004044429,0.478890318862263,0.189983551919633,0.0985994923452917,0.0190842919408488,"violation in forward orientation",1,0.931724137931035,1,160,0.749657445752236,0.0795152004044429,0.478890318862263,0.189983551919633,0.0985994923452917,0.0190842919408488,"violation",1,280,0.110554876727001,0.693493076113908,0.251500598449404,0.487588296556404,0.719304126094094,0.0258110499801857,"violation"
94,120,"forward",0.732284822975348,0.105343859519633,0.488122821520249,0.217944947177034,0.105442117315323,9.82577956895325e-05,"violation in forward orientation",1,0.931724137931035,1,120,0.732284822975348,0.105343859519633,0.488122821520249,0.217944947177034,0.105442117315323,9.82577956895325e-05,"violation",1,740,0.131229781504291,0.665401406566122,0.298189692592558,0.487257272269085,0.666812966163944,0.00141155959782213,"violation"
95,150,"forward",0.804523913458941,0.074276719595535,0.458257569495584,0.17950549357115,0.07698901551811,0.00271229592257508,"violation in forward orientation",1,0.931724137931035,1,150,0.804523913458941,0.074276719595535,0.458257569495584,0.17950549357115,0.07698901551811,0.00271229592257508,"violation",1,350,0.114431374831917,0.702542591345166,0.262235289270486,0.483186700722508,0.709462151768894,0.00691956042372832,"violation"
96,220,"reverse",0.0850532852600292,0.766150676742922,0.208298895225265,0.467519390148996,0.784049677794847,0.0178990010519247,"violation in reverse orientation",1,0.931724137931035,1,330,0.723588465353574,0.105905100971564,0.477443451908633,0.249443825784929,0.108867386750761,0.00296228577919627,"violation",1,220,0.0850532852600292,0.766150676742922,0.208298895225265,0.467519390148996,0.784049677794847,0.0178990010519247,"violation"
97,100,"reverse",0.0773148667427289,0.800420391058284,0.17058722109232,0.47021271782035,0.803696615392558,0.00327622433427466,"violation in reverse orientation",1,0.931724137931035,1,280,0.730976034254487,0.091798967420613,0.476969600708473,0.225170003802116,0.105957615205127,0.0141586477845143,"violation",1,100,0.0773148667427289,0.800420391058284,0.17058722109232,0.47021271782035,0.803696615392558,0.00327622433427466,"violation"
98,100,"forward",0.791390072744453,0.0773148667427289,0.47370877129308,0.17058722109232,0.0821620943087766,0.00484722756604762,"violation in forward orientation",1,0.931724137931035,1,100,0.791390072744453,0.0773148667427289,0.47370877129308,0.17058722109232,0.0821620943087766,0.00484722756604762,"violation",1,300,0.107676947896352,0.715739748690459,0.249443825784929,0.480959688770506,0.726610850073938,0.010871101383479,"violation"
99,130,"forward",0.726985816786762,0.0974169204747038,0.488264648386411,0.209818179953628,0.107529258245511,0.0101123377708073,"violation in forward orientation",1,0.931724137931035,1,130,0.726985816786762,0.0974169204747038,0.488264648386411,0.209818179953628,0.107529258245511,0.0101123377708073,"violation",1,6780,0.092243831795168,0.622987567853768,0.27211346120012,0.489502648343647,0.765793722943932,0.142806155090164,"violation"
100,480,"forward",0.664929324179309,0.124950336538467,0.489897948556636,0.282566363886433,0.131971699166592,0.00702136262812456,"violation in forward orientation",1,0.931724137931035,1,480,0.664929324179309,0.124950336538467,0.489897948556636,0.282566363886433,0.131971699166592,0.00702136262812456,"violation",1,510,0.120146114681048,0.693586811755607,0.277857735512546,0.482432641271391,0.694953097114893,0.00136628535928562,"violation"
101,90,"forward",0.804286524269363,0.0417124095892457,0.471404520791032,0.104822012578407,0.0770825169552322,0.0353701073659865,"violation in forward orientation",1,0.931724137931035,1,90,0.804286524269363,0.0417124095892457,0.471404520791032,0.104822012578407,0.0770825169552322,0.0353701073659865,"violation",1,820,0.142406154783145,0.628434837152146,0.312585502877471,0.494062003733955,0.638437464388296,0.0100026272361499,"violation"
102,140,"forward",0.742490623520931,0.101384098296982,0.483186700722508,0.217944947177034,0.101422317510237,3.82192132553083e-05,"violation in forward orientation",1,0.931724137931035,1,140,0.742490623520931,0.101384098296982,0.483186700722508,0.217944947177034,0.101422317510237,3.82192132553083e-05,"violation",1,330,0.121166657503809,0.691689117037881,0.26940740328355,0.486559481007523,0.69236205850542,0.000672941467539712,"violation"
103,60,"forward",0.710899562289484,0.097223697165837,0.498887651569859,0.17950549357115,0.11386521615532,0.016641518989483,"violation in forward orientation",1,0.931724137931035,1,60,0.710899562289484,0.097223697165837,0.498887651569859,0.17950549357115,0.11386521615532,0.016641518989483,"violation",1,100,0.0943521513629653,0.754629046470215,0.195959179422654,0.485386443980464,0.7604409466768,0.00581190020658506,"violation"
104,210,"reverse",0.0890029667096958,0.771530237360186,0.21295885499998,0.466107536763422,0.774021899535121,0.00249166217493546,"violation in reverse orientation",1,0.931724137931035,1,270,0.741101444306007,0.0951094290958476,0.473958319201375,0.229061423645426,0.101969479128028,0.00686005003218079,"violation",1,210,0.0890029667096958,0.771530237360186,0.21295885499998,0.466107536763422,0.774021899535121,0.00249166217493546,"violation"
105,70,"forward",0.77493133917732,0.083553645447262,0.486763572497166,0.166598625567009,0.0886447620514608,0.00509111660419881,"violation in forward orientation",1,0.931724137931035,1,70,0.77493133917732,0.083553645447262,0.486763572497166,0.166598625567009,0.0886447620514608,0.00509111660419881,"violation",1,130,0.0729615548553156,0.811962137162469,0.172691879389567,0.458257569495584,0.81474916402432,0.00278702686185084,"violation"
106,110,"reverse",0.0859405919145952,0.772149232602021,0.187193275290673,0.478375349706286,0.781796910199851,0.00964767759783003,"violation in reverse orientation",1,0.931724137931035,1,480,0.687151249190533,0.0997270603193343,0.48465605645195,0.249443825784929,0.123219059975793,0.0234919996564583,"violation",1,110,0.0859405919145952,0.772149232602021,0.187193275290673,0.478375349706286,0.781796910199851,0.00964767759783003,"violation"
107,280,"reverse",0.110554876727001,0.693493076113908,0.251500598449404,0.487588296556404,0.719304126094094,0.0258110499801857,"violation in reverse orientation",1,0.931724137931035,1,400,0.704321470227133,0.116000689637653,0.481430161082581,0.267383152049638,0.116456155795182,0.000455466157528367,"violation",1,280,0.110554876727001,0.693493076113908,0.251500598449404,0.487588296556404,0.719304126094094,0.0258110499801857,"violation"
108,160,"reverse",0.079515200404443,0.75548267551641,0.189983551919633,0.476969600708473,0.798110226125915,0.0426275506095053,"violation in reverse orientation",1,0.931724137931035,1,2360,0.639318131756795,0.103763626991936,0.488465048896137,0.27913374793945,0.142059282776345,0.038295655784409,"violation",1,160,0.079515200404443,0.75548267551641,0.189983551919633,0.476969600708473,0.798110226125915,0.0426275506095053,"violation"
109,90,"forward",0.71133125754252,0.104606694841303,0.495535624910617,0.206080411011016,0.113695182605648,0.00908848776434482,"violation in forward orientation",1,0.931724137931035,1,90,0.71133125754252,0.104606694841303,0.495535624910617,0.206080411011016,0.113695182605648,0.00908848776434482,"violation",1,4000,0.10558826107902,0.607411104651333,0.286539591505258,0.493395378981198,0.731913781088788,0.124502676437455,"violation"
110,640,"forward",0.669259286677153,0.129524010875856,0.487179381747627,0.293646091994683,0.130266239381529,0.00074222850567332,"violation in forward orientation",1,0.931724137931035,1,640,0.669259286677153,0.129524010875856,0.487179381747627,0.293646091994683,0.130266239381529,0.00074222850567332,"violation",1,820,0.135497168225599,0.635627250644128,0.304817067071951,0.49286853543143,0.65597857145766,0.0203513208135322,"violation"
111,280,"reverse",0.0965495261969029,0.7242046079812,0.232115382989599,0.479157423749955,0.754862069527077,0.0306574615458771,"violation in reverse orientation",1,0.931724137931035,1,290,0.661762668942201,0.133084055938024,0.493669797742711,0.280669320622409,0.133218962431051,0.000134906493027026,"violation",1,280,0.0965495261969029,0.7242046079812,0.232115382989599,0.479157423749955,0.754862069527077,0.0306574615458771,"violation"
112,160,"forward",0.720240586751941,0.107204222849119,0.487179381747627,0.230403857389585,0.110186029192398,0.00298180634327971,"violation in forward orientation",1,0.931724137931035,1,160,0.720240586751941,0.107204222849119,0.487179381747627,0.230403857389585,0.110186029192398,0.00298180634327971,"violation",1,270,0.100030145381257,0.741101444306007,0.2361092955631,0.473958319201375,0.746025185380334,0.00492374107432625,"violation"
113,50,"reverse",0.0275269587093166,0.826859192020479,0.0707106781186548,0.48,0.930102278263621,0.103243086243142,"violation in reverse orientation",1,0.931724137931035,1,420,0.680528329372475,0.125135481174295,0.487316451869869,0.279941684889506,0.125827656104516,0.000692174930220751,"violation",1,50,0.0275269587093166,0.826859192020479,0.0707106781186548,0.48,0.930102278263621,0.103243086243142,"violation at burn-in"
114,110,"forward",0.813298314638503,0.070409677940248,0.462118728259594,0.162877026065172,0.0735330067519373,0.00312332881168927,"violation in forward orientation",1,0.931724137931035,1,110,0.813298314638503,0.070409677940248,0.462118728259594,0.162877026065172,0.0735330067519373,0.00312332881168927,"violation",1,160,0.0889840203618664,0.7379482131575,0.20453835214942,0.482465996211132,0.774070002091565,0.036121788934065,"violation"
115,180,"forward",0.69175868333679,0.111190471612539,0.492035329455212,0.239534012636779,0.121404311313956,0.0102138397014173,"violation in forward orientation",1,0.931724137931035,1,180,0.69175868333679,0.111190471612539,0.492035329455212,0.239534012636779,0.121404311313956,0.0102138397014173,"violation",1,220,0.122095415886174,0.688758997969067,0.259688306492467,0.490803860775428,0.690004049832088,0.00124505186302071,"violation"
116,420,"reverse",0.113550210555255,0.708049865885325,0.265302633851126,0.479860854737388,0.711699324586337,0.0036494587010123,"violation in reverse orientation",1,0.931724137931035,0,10050,0.000182358314524332,1,0.00498754668053816,0.00498754668053816,0.999527013613586,-0.000472986386413909,"max_iter reached without violation",1,420,0.113550210555255,0.708049865885325,0.265302633851126,0.479860854737388,0.711699324586337,0.0036494587010123,"violation"
117,170,"forward",0.798452700483977,0.074937126867772,0.458257569495584,0.184522201663037,0.0793803086483639,0.00444318178059196,"violation in forward orientation",1,0.931724137931035,1,170,0.798452700483977,0.074937126867772,0.458257569495584,0.184522201663037,0.0793803086483639,0.00444318178059196,"violation",1,200,0.0933422121316439,0.754205377642123,0.217944947177034,0.47370877129308,0.76300506401045,0.00879968636832673,"violation"
118,330,"forward",0.66824998013629,0.124933159682986,0.491666083017817,0.274087516939661,0.13066377901775,0.0057306193347635,"violation in forward orientation",1,0.931724137931035,1,330,0.66824998013629,0.124933159682986,0.491666083017817,0.274087516939661,0.13066377901775,0.0057306193347635,"violation",1,480,0.102285497677251,0.695194319762474,0.253028530999965,0.482465996211132,0.740299110249971,0.0451047904874966,"violation"
119,60,"forward",0.819765062450468,0.0622317713624084,0.476969600708473,0.12801909579781,0.0709859227208539,0.00875415135844549,"violation in forward orientation",1,0.931724137931035,1,60,0.819765062450468,0.0622317713624084,0.476969600708473,0.12801909579781,0.0709859227208539,0.00875415135844549,"violation",1,280,0.101256746636353,0.71060295169345,0.238805488262916,0.483186700722508,0.742910988563209,0.0323080368697592,"violation"
120,50,"reverse",0.0275269587093166,0.894790769027509,0.0707106781186548,0.448998886412873,0.930102278263621,0.0353115092361124,"violation in reverse orientation",1,0.931724137931035,1,50,0.878395081610861,0.0275269587093166,0.458257569495584,0.0707106781186548,0.0478930807100306,0.020366122000714,"violation at burn-in",1,50,0.0275269587093166,0.894790769027509,0.0707106781186548,0.448998886412873,0.930102278263621,0.0353115092361124,"violation at burn-in"
121,230,"forward",0.712020016255003,0.111183001110608,0.484953177245992,0.246909058513055,0.113423898434864,0.00224089732425685,"violation in forward orientation",1,0.931724137931035,1,230,0.712020016255003,0.111183001110608,0.484953177245992,0.246909058513055,0.113423898434864,0.00224089732425685,"violation",1,700,0.143406285280798,0.632458947267969,0.311100744887227,0.494013137064023,0.635898250279748,0.00343930301177897,"violation"
122,180,"reverse",0.111190471612539,0.713032290883364,0.239534012636779,0.487498021521785,0.7176904251776,0.00465813429423556,"violation in reverse orientation",1,0.931724137931035,1,820,0.713947650040383,0.10748662970547,0.472118203269496,0.270157047766777,0.112664653544654,0.00517802383918393,"violation",1,180,0.111190471612539,0.713032290883364,0.239534012636779,0.487498021521785,0.7176904251776,0.00465813429423556,"violation"
123,50,"forward",0.878395081610861,0.0275269587093166,0.458257569495584,0.0707106781186548,0.0478930807100306,0.020366122000714,"violation in forward orientation",1,0.931724137931035,1,50,0.878395081610861,0.0275269587093166,0.458257569495584,0.0707106781186548,0.0478930807100306,0.020366122000714,"violation at burn-in",1,160,0.0981989126966759,0.708341802636892,0.217944947177034,0.489897948556636,0.750674470528251,0.042332667891359,"violation"
124,110,"forward",0.780482926783159,0.0859405919145952,0.475516248386255,0.187193275290673,0.0864581358601888,0.000517543945593557,"violation in forward orientation",1,0.931724137931035,1,110,0.780482926783159,0.0859405919145952,0.475516248386255,0.187193275290673,0.0864581358601888,0.000517543945593557,"violation",1,410,0.101166549526079,0.742262450418387,0.24802611595139,0.468146572734817,0.743139988454219,0.000877538035831793,"violation"
125,100,"forward",0.791390072744453,0.0773148667427289,0.47370877129308,0.17058722109232,0.0821620943087766,0.00484722756604762,"violation in forward orientation",1,0.931724137931035,1,100,0.791390072744453,0.0773148667427289,0.47370877129308,0.17058722109232,0.0821620943087766,0.00484722756604762,"violation",1,230,0.105379715438308,0.70787152996874,0.239090905823783,0.486023951738509,0.732443254026983,0.0245717240582425,"violation"
126,610,"forward",0.664700470239261,0.131901118650456,0.488513587729552,0.295577907465843,0.132061838790572,0.000160720140116311,"violation in forward orientation",1,0.931724137931035,1,610,0.664700470239261,0.131901118650456,0.488513587729552,0.295577907465843,0.132061838790572,0.000160720140116311,"violation",1,730,0.12351639962378,0.6845316256941,0.288716301316534,0.482396049510383,0.686396338675385,0.00186471298128466,"violation"
127,60,"forward",0.789716484604452,0.0622317713624084,0.486198404860494,0.12801909579781,0.082821277216469,0.0205895058540606,"violation in forward orientation",1,0.931724137931035,1,60,0.789716484604452,0.0622317713624084,0.486198404860494,0.12801909579781,0.082821277216469,0.0205895058540606,"violation",1,80,0.0732709191287605,0.786130300599852,0.15612494995996,0.480722113075735,0.813963724394537,0.0278334237946848,"violation"
128,100,"reverse",0.0773148667427289,0.782294511589708,0.17058722109232,0.476969600708473,0.803696615392558,0.0214021038028501,"violation in reverse orientation",1,0.931724137931035,1,100,0.754629046470215,0.0773148667427289,0.485386443980464,0.17058722109232,0.0966413079277307,0.0193264411850018,"violation",1,100,0.0773148667427289,0.782294511589708,0.17058722109232,0.476969600708473,0.803696615392558,0.0214021038028501,"violation"
129,480,"reverse",0.119964466890261,0.679087964524846,0.276385399196283,0.486693599425986,0.695414279564817,0.0163263150399714,"violation in reverse orientation",1,0.931724137931035,1,4000,0.624492837108924,0.101007688671982,0.490251912285919,0.280364049050516,0.147898581346769,0.0468908926747867,"violation",1,480,0.119964466890261,0.679087964524846,0.276385399196283,0.486693599425986,0.695414279564817,0.0163263150399714,"violation"
130,210,"forward",0.672219896445198,0.127746269603396,0.49416091644106,0.265302633851126,0.129100132076633,0.00135386247323693,"violation in forward orientation",1,0.931724137931035,1,210,0.672219896445198,0.127746269603396,0.49416091644106,0.265302633851126,0.129100132076633,0.00135386247323693,"violation",1,480,0.0945819611471967,0.673027388516018,0.242061459137964,0.488122821520249,0.759857486570572,0.0868300980545534,"violation"
131,50,"forward",0.878395081610861,0.0275269587093166,0.458257569495584,0.0707106781186548,0.0478930807100306,0.020366122000714,"violation in forward orientation",1,0.931724137931035,1,50,0.878395081610861,0.0275269587093166,0.458257569495584,0.0707106781186548,0.0478930807100306,0.020366122000714,"violation at burn-in",1,6780,0.106042431000289,0.600307337433073,0.291146258259856,0.493710584656117,0.730760696891806,0.130453359458733,"violation"
132,200,"forward",0.697424882220148,0.114026032901119,0.489897948556636,0.246525860712421,0.119172542716758,0.00514650981563911,"violation in forward orientation",1,0.931724137931035,1,200,0.697424882220148,0.114026032901119,0.489897948556636,0.246525860712421,0.119172542716758,0.00514650981563911,"violation",1,480,0.0893962518437228,0.683122117272995,0.234372685173754,0.485693769262073,0.77302339467666,0.0899012774036643,"violation"
133,110,"forward",0.772149232602021,0.0859405919145952,0.478375349706286,0.187193275290673,0.0897405615842035,0.0037999696696083,"violation in forward orientation",1,0.931724137931035,1,110,0.772149232602021,0.0859405919145952,0.478375349706286,0.187193275290673,0.0897405615842035,0.0037999696696083,"violation",1,340,0.128630425144911,0.670305886610887,0.279318870006787,0.491061980316243,0.673412427290631,0.00310654067974336,"violation"
134,740,"reverse",0.155811081081492,0.601683877175271,0.325277316084885,0.497757938830081,0.604403927704184,0.00272005052891278,"violation in reverse orientation",1,0.931724137931035,1,820,0.664279146547662,0.115959924171328,0.48696726867568,0.28122649283744,0.132227787251529,0.0162678630802006,"violation",1,740,0.155811081081492,0.601683877175271,0.325277316084885,0.497757938830081,0.604403927704184,0.00272005052891278,"violation"
135,50,"forward",0.878395081610861,0.0275269587093166,0.458257569495584,0.0707106781186548,0.0478930807100306,0.020366122000714,"violation in forward orientation",1,0.931724137931035,1,50,0.878395081610861,0.0275269587093166,0.458257569495584,0.0707106781186548,0.0478930807100306,0.020366122000714,"violation at burn-in",1,480,0.0997270603193344,0.699208189284869,0.249443825784929,0.48131312717283,0.746794682828045,0.0475864935431762,"violation"
136,90,"reverse",0.0652551788198452,0.763761939446244,0.147405546238018,0.484831649539365,0.834314749516355,0.070552810070111,"violation in reverse orientation",1,0.931724137931035,1,480,0.675048821828396,0.124950336538467,0.48765577995367,0.282566363886433,0.127985891831275,0.00303555529280744,"violation",1,90,0.0652551788198452,0.763761939446244,0.147405546238018,0.484831649539365,0.834314749516355,0.070552810070111,"violation"
137,340,"forward",0.664592798609495,0.128630425144911,0.49215295678475,0.279318870006787,0.132104247849461,0.00347382270455043,"violation in forward orientation",1,0.931724137931035,1,340,0.664592798609495,0.128630425144911,0.49215295678475,0.279318870006787,0.132104247849461,0.00347382270455043,"violation",0,10050,1,0.000182358314524332,0.00498754668053816,0.00498754668053816,0,-0.000182358314524332,"max_iter reached without violation"
138,50,"forward",0.808956080708089,0.0745005976726397,0.485386443980464,0.14,0.0752432999356177,0.000742702262977984,"violation in forward orientation",1,0.931724137931035,1,50,0.808956080708089,0.0745005976726397,0.485386443980464,0.14,0.0752432999356177,0.000742702262977984,"violation at burn-in",1,280,0.110554876727001,0.690056992291969,0.251500598449404,0.488385511827762,0.719304126094094,0.0292471338021253,"violation"
139,320,"forward",0.632452812370107,0.144070500303316,0.497169723912267,0.295787481775345,0.144763353800387,0.000692853497070739,"violation in forward orientation",1,0.931724137931035,1,320,0.632452812370107,0.144070500303316,0.497169723912267,0.295787481775345,0.144763353800387,0.000692853497070739,"violation",1,2360,0.103297881405641,0.634305586614456,0.27850299534161,0.48954891911987,0.737728786624782,0.103423200010326,"violation"
140,90,"forward",0.721968833534088,0.0857374138515052,0.493913572686508,0.17950549357115,0.10950531766497,0.0237679038134646,"violation in forward orientation",1,0.931724137931035,1,90,0.721968833534088,0.0857374138515052,0.493913572686508,0.17950549357115,0.10950531766497,0.0237679038134646,"violation",1,420,0.150697536255752,0.613007674309666,0.309294787065871,0.498159879261791,0.61738661865968,0.00437894435001407,"violation"
141,330,"forward",0.685847884830992,0.121166657503809,0.487954069102532,0.26940740328355,0.123732421350536,0.00256576384672699,"violation in forward orientation",1,0.931724137931035,1,330,0.685847884830992,0.121166657503809,0.487954069102532,0.26940740328355,0.123732421350536,0.00256576384672699,"violation",1,650,0.12758796634073,0.671676506998595,0.291614562829839,0.48650425541052,0.676059108008161,0.00438260100956622,"violation"
142,90,"reverse",0.0652551788198452,0.814207428738857,0.147405546238018,0.46732757432918,0.834314749516355,0.0201073207774976,"violation in reverse orientation",1,0.931724137931035,1,280,0.71060295169345,0.0965495261969029,0.483186700722508,0.232115382989599,0.113982043366551,0.0174325171696485,"violation",1,90,0.0652551788198452,0.814207428738857,0.147405546238018,0.46732757432918,0.834314749516355,0.0201073207774976,"violation"
143,50,"forward",0.753238465893973,0.0275269587093166,0.496386945839634,0.0707106781186548,0.0971890215053539,0.0696620627960373,"violation in forward orientation",1,0.931724137931035,1,50,0.753238465893973,0.0275269587093166,0.496386945839634,0.0707106781186548,0.0971890215053539,0.0696620627960373,"violation at burn-in",1,650,0.134712065303404,0.655182149025513,0.3,0.490209470985401,0.657971855755436,0.00278970672992318,"violation"
144,60,"forward",0.74303982794241,0.097223697165837,0.495535624910617,0.17950549357115,0.101206000150657,0.00398230298482043,"violation in forward orientation",1,0.931724137931035,1,60,0.74303982794241,0.097223697165837,0.495535624910617,0.17950549357115,0.101206000150657,0.00398230298482043,"violation",1,480,0.127433602351082,0.6568116879023,0.285583892616902,0.491525403435288,0.676451020084922,0.0196393321826218,"violation"
145,200,"reverse",0.0933422121316439,0.75886366220779,0.217944947177034,0.471990466005406,0.76300506401045,0.00414140180265976,"violation in reverse orientation",1,0.931724137931035,1,1390,0.649244646643729,0.0967129847980513,0.488056196550305,0.263100912111563,0.138149486339558,0.0414365015415072,"violation",1,200,0.0933422121316439,0.75886366220779,0.217944947177034,0.471990466005406,0.76300506401045,0.00414140180265976,"violation"
146,100,"forward",0.791390072744453,0.0773148667427289,0.47370877129308,0.17058722109232,0.0821620943087766,0.00484722756604762,"violation in forward orientation",1,0.931724137931035,1,100,0.791390072744453,0.0773148667427289,0.47370877129308,0.17058722109232,0.0821620943087766,0.00484722756604762,"violation",1,380,0.115454087671451,0.705211663084073,0.265502711381056,0.481650843065845,0.706865603741182,0.00165394065710878,"violation"
147,50,"forward",0.808956080708089,0.0745005976726397,0.485386443980464,0.14,0.0752432999356177,0.000742702262977984,"violation in forward orientation",1,0.931724137931035,1,50,0.808956080708089,0.0745005976726397,0.485386443980464,0.14,0.0752432999356177,0.000742702262977984,"violation at burn-in",1,1390,0.107275859862208,0.642179033130641,0.277646582662451,0.489602042407515,0.727629165581221,0.0854501324505801,"violation"
148,90,"forward",0.804286524269363,0.0652551788198453,0.471404520791032,0.147405546238018,0.0770825169552322,0.011827338135387,"violation in forward orientation",1,0.931724137931035,1,90,0.804286524269363,0.0652551788198453,0.471404520791032,0.147405546238018,0.0770825169552322,0.011827338135387,"violation",0,10050,1,0.000182358314524332,0.00498754668053816,0.00498754668053816,0,-0.000182358314524332,"max_iter reached without violation"
149,90,"reverse",0.0417124095892458,0.784188659159569,0.104822012578407,0.478681316189734,0.894087081151925,0.109898421992355,"violation in reverse orientation",1,0.931724137931035,1,210,0.690623315706406,0.121475744780102,0.490845907811626,0.257539376818856,0.121851503139716,0.000375758359613426,"violation",1,90,0.0417124095892458,0.784188659159569,0.104822012578407,0.478681316189734,0.894087081151925,0.109898421992355,"violation"
150,220,"forward",0.72350810889204,0.103916762507717,0.482311068649838,0.235794769988053,0.108899037074219,0.00498227456650137,"violation in forward orientation",1,0.931724137931035,1,220,0.72350810889204,0.103916762507717,0.482311068649838,0.235794769988053,0.108899037074219,0.00498227456650137,"violation",1,2360,0.104229235096302,0.623851023544913,0.279762436669016,0.491630431506806,0.735364188767881,0.111513165222967,"violation"
151,90,"reverse",0.0652551788198452,0.814207428738857,0.147405546238018,0.46732757432918,0.834314749516355,0.0201073207774976,"violation in reverse orientation",1,0.931724137931035,1,230,0.728536273193136,0.105379715438308,0.48025276898442,0.239090905823783,0.106918573730142,0.00153885829183367,"violation",1,90,0.0652551788198452,0.814207428738857,0.147405546238018,0.46732757432918,0.834314749516355,0.0201073207774976,"violation"
152,70,"forward",0.863377182770204,0.0534488391899586,0.451753951452626,0.118666055184544,0.0538082410703413,0.000359401880382665,"violation in forward orientation",1,0.931724137931035,1,70,0.863377182770204,0.0534488391899586,0.451753951452626,0.118666055184544,0.0538082410703413,0.000359401880382665,"violation",1,200,0.100337912250668,0.735456499876045,0.22798026230356,0.48,0.745243801372162,0.00978730149611762,"violation"
153,270,"reverse",0.10490582116825,0.730610198302965,0.242896332326957,0.477548035489912,0.733646416033656,0.0030362177306904,"violation in reverse orientation",1,0.931724137931035,1,880,0.683980915862853,0.123919895987793,0.481366372642236,0.292270871618597,0.124467771944613,0.000547875956819613,"violation",1,270,0.10490582116825,0.730610198302965,0.242896332326957,0.477548035489912,0.733646416033656,0.0030362177306904,"violation"
154,2360,"reverse",0.109342107120917,0.625943200554441,0.286545650708002,0.49123311004032,0.72238320597558,0.0964400054211395,"violation in reverse orientation",1,0.931724137931035,0,10050,0.000182358314524332,1,0.00498754668053816,0.00498754668053816,0.999527013613586,-0.000472986386413909,"max_iter reached without violation",1,2360,0.109342107120917,0.625943200554441,0.286545650708002,0.49123311004032,0.72238320597558,0.0964400054211395,"violation"
155,280,"reverse",0.110554876727001,0.693493076113908,0.251500598449404,0.487588296556404,0.719304126094094,0.0258110499801857,"violation in reverse orientation",1,0.931724137931035,1,420,0.696613447323931,0.119362534080146,0.483186700722508,0.272761971268946,0.119492145850592,0.00012961177044532,"violation",1,280,0.110554876727001,0.693493076113908,0.251500598449404,0.487588296556404,0.719304126094094,0.0258110499801857,"violation"
156,50,"forward",0.734021127930363,0.0745005976726397,0.498397431775084,0.14,0.104758231882861,0.0302576342102209,"violation in forward orientation",1,0.931724137931035,1,50,0.734021127930363,0.0745005976726397,0.498397431775084,0.14,0.104758231882861,0.0302576342102209,"violation at burn-in",1,230,0.0935726447665421,0.761182977451325,0.222377597435555,0.468779535931474,0.762420022559384,0.00123704510805889,"violation"
157,280,"forward",0.707190466552719,0.110554876727001,0.484122918275927,0.251500598449404,0.115326132646202,0.00477125591920054,"violation in forward orientation",1,0.931724137931035,1,280,0.707190466552719,0.110554876727001,0.484122918275927,0.251500598449404,0.115326132646202,0.00477125591920054,"violation",1,4000,0.0926260718491739,0.624245515473601,0.268564587203898,0.4903019477832,0.764823260249054,0.140577744775453,"violation"
158,120,"forward",0.747935774039918,0.0924095701582629,0.484122918275927,0.199826313471363,0.0992776141234595,0.00686804396519652,"violation in forward orientation",1,0.931724137931035,1,120,0.747935774039918,0.0924095701582629,0.484122918275927,0.199826313471363,0.0992776141234595,0.00686804396519652,"violation",1,190,0.105482927250777,0.729870450264948,0.233544291919303,0.48237638894272,0.732181211332551,0.00231076106760275,"violation"
159,150,"forward",0.724409955836057,0.104584519467397,0.486986196473325,0.224697327284703,0.108543822982626,0.0039593035152288,"violation in forward orientation",1,0.931724137931035,1,150,0.724409955836057,0.104584519467397,0.486986196473325,0.224697327284703,0.108543822982626,0.0039593035152288,"violation",1,280,0.101256746636353,0.707190466552719,0.238805488262916,0.484122918275927,0.742910988563209,0.0357205220104896,"violation"
160,50,"forward",0.808956080708089,0.0745005976726397,0.485386443980464,0.14,0.0752432999356177,0.000742702262977984,"violation in forward orientation",1,0.931724137931035,1,50,0.808956080708089,0.0745005976726397,0.485386443980464,0.14,0.0752432999356177,0.000742702262977984,"violation at burn-in",1,2360,0.0774370872398988,0.655583251257427,0.240136879835579,0.4845573816132,0.803386311875672,0.147803060618245,"violation"
161,50,"forward",0.844410079701748,0.0275269587093166,0.47370877129308,0.0707106781186548,0.0612788904208835,0.0337519317115669,"violation in forward orientation",1,0.931724137931035,1,50,0.844410079701748,0.0275269587093166,0.47370877129308,0.0707106781186548,0.0612788904208835,0.0337519317115669,"violation at burn-in",1,110,0.0859405919145952,0.746851440774935,0.187193275290673,0.485832335123178,0.781796910199851,0.0349454694249153,"violation"
162,1390,"forward",0.644299684359431,0.102412096566168,0.489149911837579,0.271070315578422,0.140097178569854,0.0376850820036856,"violation in forward orientation",1,0.931724137931035,1,1390,0.644299684359431,0.102412096566168,0.489149911837579,0.271070315578422,0.140097178569854,0.0376850820036856,"violation",1,2360,0.0745814559492888,0.648915161133968,0.235434268412417,0.48623227538371,0.810636425014843,0.161721263880875,"violation"
163,130,"reverse",0.0729615548553156,0.805071421651877,0.172691879389567,0.461538461538462,0.81474916402432,0.00967774237244245,"violation in reverse orientation",1,0.931724137931035,1,1390,0.645712992011428,0.116950208114539,0.488842965326532,0.290160037153844,0.13954051338728,0.0225903052727402,"violation",1,130,0.0729615548553156,0.805071421651877,0.172691879389567,0.461538461538462,0.81474916402432,0.00967774237244245,"violation"
164,50,"forward",0.826859192020479,0.0275269587093166,0.48,0.0707106781186548,0.0681917293074695,0.0406647705981528,"violation in forward orientation",1,0.931724137931035,1,50,0.826859192020479,0.0275269587093166,0.48,0.0707106781186548,0.0681917293074695,0.0406647705981528,"violation at burn-in",1,330,0.124933159682986,0.679994219074356,0.274087516939661,0.489269615506097,0.682799350943081,0.00280513186872522,"violation"
165,410,"forward",0.742262450418387,0.101166549526079,0.468146572734817,0.24802611595139,0.101512188970005,0.00034563944392571,"violation in forward orientation",1,0.931724137931035,1,410,0.742262450418387,0.101166549526079,0.468146572734817,0.24802611595139,0.101512188970005,0.00034563944392571,"violation",0,10050,1,0.000182358314524332,0.00498754668053816,0.00498754668053816,0,-0.000182358314524332,"max_iter reached without violation"
166,480,"reverse",0.109908947872479,0.666955683148177,0.263391343821318,0.489468071538436,0.720944063746597,0.0539883805984204,"violation in reverse orientation",1,0.931724137931035,1,530,0.639968835662084,0.14022764197905,0.493979416511806,0.302499378472922,0.141802987405887,0.00157534542683696,"violation",1,480,0.109908947872479,0.666955683148177,0.263391343821318,0.489468071538436,0.720944063746597,0.0539883805984204,"violation"
167,210,"reverse",0.102249430566805,0.735970960811101,0.232115382989599,0.479157423749955,0.740390680415979,0.00441971960487753,"violation in reverse orientation",1,0.931724137931035,1,820,0.653556987057854,0.100371657353403,0.48939375382403,0.260416542732471,0.136450967435653,0.0360793100822495,"violation",1,210,0.102249430566805,0.735970960811101,0.232115382989599,0.479157423749955,0.740390680415979,0.00441971960487753,"violation"
168,230,"reverse",0.0995119632962558,0.74492538697532,0.230926464780687,0.474869398023903,0.747340788958184,0.00241540198286483,"violation in reverse orientation",1,0.931724137931035,1,480,0.701213191720884,0.117461425577544,0.480722113075735,0.27321866242993,0.117680425981314,0.00021900040377025,"violation",1,230,0.0995119632962558,0.74492538697532,0.230926464780687,0.474869398023903,0.747340788958184,0.00241540198286483,"violation"
169,380,"reverse",0.105637737548669,0.727829170325513,0.252467051688662,0.47441464150842,0.731788166131471,0.00395899580595815,"violation in reverse orientation",1,0.931724137931035,1,1390,0.666867948689711,0.0810889916487475,0.483702081383793,0.239607229976703,0.131208125315208,0.0501191336664603,"violation",1,380,0.105637737548669,0.727829170325513,0.252467051688662,0.47441464150842,0.731788166131471,0.00395899580595815,"violation"
170,70,"forward",0.77493133917732,0.083553645447262,0.486763572497166,0.166598625567009,0.0886447620514608,0.00509111660419881,"violation in forward orientation",1,0.931724137931035,1,70,0.77493133917732,0.083553645447262,0.486763572497166,0.166598625567009,0.0886447620514608,0.00509111660419881,"violation",1,430,0.125115863862387,0.672767330828126,0.280432718249093,0.488925489340201,0.682335486446284,0.00956815561815805,"violation"
171,210,"reverse",0.115140645848919,0.699769324871587,0.249443825784929,0.48890177266058,0.707661395790169,0.00789207091858191,"violation in reverse orientation",1,0.931724137931035,1,6780,0.613921157195595,0.0919292500145942,0.491317815874458,0.271658194056547,0.152062491533454,0.0601332415188596,"violation",1,210,0.115140645848919,0.699769324871587,0.249443825784929,0.48890177266058,0.707661395790169,0.00789207091858191,"violation"
172,160,"forward",0.761288001011107,0.0889840203618663,0.474958879799083,0.20453835214942,0.0940185186574524,0.00503449829558604,"violation in forward orientation",1,0.931724137931035,1,160,0.761288001011107,0.0889840203618663,0.474958879799083,0.20453835214942,0.0940185186574524,0.00503449829558604,"violation",1,630,0.120419398128601,0.688335013894642,0.282276495932996,0.48233078184911,0.694259262473026,0.00592424857838381,"violation"
173,50,"forward",0.753238465893973,0.0745005976726397,0.496386945839634,0.14,0.0971890215053539,0.0226884238327142,"violation in forward orientation",1,0.931724137931035,1,50,0.753238465893973,0.0745005976726397,0.496386945839634,0.14,0.0971890215053539,0.0226884238327142,"violation at burn-in",0,10050,1,0.000182358314524332,0.00498754668053816,0.00498754668053816,0,-0.000182358314524332,"max_iter reached without violation"
174,360,"reverse",0.118250414511632,0.695488968420973,0.267821573182088,0.484831649539365,0.699766057650592,0.00427708922961956,"violation in reverse orientation",1,0.931724137931035,1,480,0.695194319762474,0.0893962518437228,0.482465996211132,0.234372685173754,0.120051103344368,0.0306548515006448,"violation",1,360,0.118250414511632,0.695488968420973,0.267821573182088,0.484831649539365,0.699766057650592,0.00427708922961956,"violation"
175,100,"reverse",0.0773148667427289,0.745284595613564,0.17058722109232,0.487749935930288,0.803696615392558,0.0584120197789942,"violation in reverse orientation",1,0.931724137931035,1,160,0.784304934308671,0.0795152004044429,0.465991885658967,0.189983551919633,0.0849527463478748,0.00543754594343186,"violation",1,100,0.0773148667427289,0.745284595613564,0.17058722109232,0.487749935930288,0.803696615392558,0.0584120197789942,"violation"
176,250,"forward",0.710709556800942,0.113065392884655,0.484380016103059,0.251745903640953,0.11394005438309,0.000874661498435542,"violation in forward orientation",1,0.931724137931035,1,250,0.710709556800942,0.113065392884655,0.484380016103059,0.251745903640953,0.11394005438309,0.000874661498435542,"violation",1,2360,0.103297881405641,0.62803474695645,0.27850299534161,0.490826321941713,0.737728786624782,0.109694039668332,"violation"
177,230,"reverse",0.116927763884771,0.687015084044708,0.254412849362222,0.490765383483502,0.703124112564709,0.016109028520001,"violation in reverse orientation",1,0.931724137931035,1,2360,0.638900560423702,0.0883152256150589,0.488557484524747,0.257136017200175,0.14222375328073,0.0539085276656707,"violation",1,230,0.116927763884771,0.687015084044708,0.254412849362222,0.490765383483502,0.703124112564709,0.016109028520001,"violation"
178,820,"forward",0.6880079544399,0.0815965842987087,0.48063480480086,0.232447469966599,0.122881626025458,0.0412850417267497,"violation in forward orientation",1,0.931724137931035,1,820,0.6880079544399,0.0815965842987087,0.48063480480086,0.232447469966599,0.122881626025458,0.0412850417267497,"violation",1,4000,0.0988483729830609,0.612118103552019,0.277387815161373,0.492592059923828,0.749025566984165,0.136907463432146,"violation"
179,110,"forward",0.721123744751963,0.100621191018396,0.491666083017817,0.208298895225265,0.109838176190521,0.00921698517212484,"violation in forward orientation",1,0.931724137931035,1,110,0.721123744751963,0.100621191018396,0.491666083017817,0.208298895225265,0.109838176190521,0.00921698517212484,"violation",1,440,0.127821197926499,0.671956174757734,0.284218153321856,0.488948103518036,0.675466960348898,0.00351078559116347,"violation"
180,200,"reverse",0.100337912250668,0.735456499876045,0.22798026230356,0.48,0.745243801372162,0.00978730149611762,"violation in reverse orientation",1,0.931724137931035,1,210,0.722468248820483,0.10873446536619,0.483186700722508,0.240982493883428,0.109308610952749,0.000574145586558328,"violation",1,200,0.100337912250668,0.735456499876045,0.22798026230356,0.48,0.745243801372162,0.00978730149611762,"violation"
181,50,"forward",0.772137383051339,0.0745005976726397,0.493558507170123,0.14,0.0897452288145013,0.0152446311418616,"violation in forward orientation",1,0.931724137931035,1,50,0.772137383051339,0.0745005976726397,0.493558507170123,0.14,0.0897452288145013,0.0152446311418616,"violation at burn-in",1,120,0.0646455958718563,0.823754344968081,0.15612494995996,0.454529671443155,0.835862409172264,0.0121080642041829,"violation"
182,280,"forward",0.662402744362131,0.128759205607598,0.493787940934411,0.274582242986078,0.132966853344969,0.0042076477373712,"violation in forward orientation",1,0.931724137931035,1,280,0.662402744362131,0.128759205607598,0.493787940934411,0.274582242986078,0.132966853344969,0.0042076477373712,"violation",0,10050,1,0.000182358314524332,0.00498754668053816,0.00498754668053816,0,-0.000182358314524332,"max_iter reached without violation"
183,670,"reverse",0.135967463100165,0.653011635922426,0.301979804263653,0.490497812691194,0.654784547894258,0.00177291197183227,"violation in reverse orientation",1,0.931724137931035,1,1390,0.645712992011428,0.114537901573268,0.488842965326532,0.287107150762289,0.13954051338728,0.0250026118140112,"violation",1,670,0.135967463100165,0.653011635922426,0.301979804263653,0.490497812691194,0.654784547894258,0.00177291197183227,"violation"
184,500,"forward",0.692820399583296,0.120092497711045,0.482804308182932,0.277387815161373,0.120986128855686,0.000893631144641457,"violation in forward orientation",1,0.931724137931035,1,500,0.692820399583296,0.120092497711045,0.482804308182932,0.277387815161373,0.120986128855686,0.000893631144641457,"violation",1,2360,0.103297881405641,0.62343251260527,0.27850299534161,0.491708761833323,0.737728786624782,0.114296274019512,"violation"
185,140,"forward",0.722287757135399,0.101384098296982,0.488385511827762,0.217944947177034,0.109379701940396,0.0079956036434148,"violation in forward orientation",1,0.931724137931035,1,140,0.722287757135399,0.101384098296982,0.488385511827762,0.217944947177034,0.109379701940396,0.0079956036434148,"violation",1,280,0.110554876727001,0.714010637810815,0.251500598449404,0.482222215691192,0.719304126094094,0.00529348828327925,"violation"
186,280,"forward",0.68661626108519,0.119716448276641,0.48915535281102,0.263391343821318,0.123429777897623,0.00371332962098234,"violation in forward orientation",1,0.931724137931035,1,280,0.68661626108519,0.119716448276641,0.48915535281102,0.263391343821318,0.123429777897623,0.00371332962098234,"violation",1,4000,0.0945221325205008,0.619545058578053,0.271293199325011,0.491227480399865,0.760009384441257,0.140464325863204,"violation"
187,280,"reverse",0.101256746636353,0.696924489716726,0.238805488262916,0.486763572497166,0.742910988563209,0.0459864988464825,"violation in reverse orientation",1,0.931724137931035,1,480,0.648674673510961,0.127433602351082,0.493006648591635,0.285583892616902,0.138373983955181,0.0109403816040995,"violation",1,280,0.101256746636353,0.696924489716726,0.238805488262916,0.486763572497166,0.742910988563209,0.0459864988464825,"violation"
188,190,"forward",0.739786399732828,0.0981317034565967,0.479380948915187,0.223296878269436,0.102487441035606,0.00435573757900919,"violation in forward orientation",1,0.931724137931035,1,190,0.739786399732828,0.0981317034565967,0.479380948915187,0.223296878269436,0.102487441035606,0.00435573757900919,"violation",1,280,0.091798967420613,0.700351209320513,0.225170003802116,0.485911199580284,0.766923181448508,0.0665719721279945,"violation"
189,80,"forward",0.873537587753285,0.0468507967519744,0.439992897669951,0.111102430216445,0.0498063213984684,0.00295552464649405,"violation in forward orientation",1,0.931724137931035,1,80,0.873537587753285,0.0468507967519744,0.439992897669951,0.111102430216445,0.0498063213984684,0.00295552464649405,"violation",1,160,0.0981989126966759,0.720240586751941,0.217944947177034,0.487179381747627,0.750674470528251,0.0304338837763093,"violation"
190,60,"forward",0.804851254930947,0.0622317713624084,0.481894409826699,0.12801909579781,0.0768600842128697,0.0146283128504612,"violation in forward orientation",1,0.931724137931035,1,60,0.804851254930947,0.0622317713624084,0.481894409826699,0.12801909579781,0.0768600842128697,0.0146283128504612,"violation",1,1390,0.107275859862208,0.655595782345315,0.277646582662451,0.48656979788182,0.727629165581221,0.0720333832359056,"violation"
191,80,"reverse",0.0732709191287605,0.774681766062824,0.15612494995996,0.484122918275927,0.813963724394537,0.0392819583317127,"violation in reverse orientation",1,0.931724137931035,1,440,0.643154508238598,0.138666817183236,0.49434299833213,0.296945538596831,0.140548233705289,0.00188141652205304,"violation",1,80,0.0732709191287605,0.774681766062824,0.15612494995996,0.484122918275927,0.813963724394537,0.0392819583317127,"violation"
192,160,"reverse",0.0487472130312072,0.761288001011107,0.135640840088817,0.474958879799083,0.876226539759987,0.114938538748879,"violation in reverse orientation",1,0.931724137931035,1,480,0.636433193839847,0.142209779648608,0.494957209149325,0.302757867592056,0.143195584904183,0.000985805255575234,"violation",1,160,0.0487472130312072,0.761288001011107,0.135640840088817,0.474958879799083,0.876226539759987,0.114938538748879,"violation"
193,280,"reverse",0.105924175370542,0.71060295169345,0.245261210191277,0.483186700722508,0.731060934075025,0.0204579823815751,"violation in reverse orientation",1,0.931724137931035,1,750,0.634919893209056,0.141713463933469,0.493340540487895,0.310380411753061,0.143791634724432,0.00207817079096259,"violation",1,280,0.105924175370542,0.71060295169345,0.245261210191277,0.483186700722508,0.731060934075025,0.0204579823815751,"violation"
194,110,"forward",0.763765547029947,0.0859405919145952,0.481045692920835,0.187193275290673,0.0930426776189036,0.00710208570430841,"violation in forward orientation",1,0.931724137931035,1,110,0.763765547029947,0.0859405919145952,0.481045692920835,0.187193275290673,0.0930426776189036,0.00710208570430841,"violation",1,820,0.10748662970547,0.660708099605002,0.270157047766777,0.48780487804878,0.727094045653449,0.0663859460484473,"violation"
195,160,"forward",0.749657445752236,0.0795152004044429,0.478890318862263,0.189983551919633,0.0985994923452917,0.0190842919408488,"violation in forward orientation",1,0.931724137931035,1,160,0.749657445752236,0.0795152004044429,0.478890318862263,0.189983551919633,0.0985994923452917,0.0190842919408488,"violation",1,480,0.102285497677251,0.683122117272995,0.253028530999965,0.485693769262073,0.740299110249971,0.0571769929769758,"violation"
196,820,"forward",0.654749670549915,0.104646856667423,0.489136900870278,0.266320355636391,0.135981200380388,0.0313343437129653,"violation in forward orientation",1,0.931724137931035,1,820,0.654749670549915,0.104646856667423,0.489136900870278,0.266320355636391,0.135981200380388,0.0313343437129653,"violation",1,2360,0.0920761197987636,0.643909719907967,0.262706396881323,0.487422789059412,0.76621952404533,0.122309804137364,"violation"
197,100,"forward",0.844536423902243,0.0588310525346865,0.448998886412873,0.14,0.0612291267212839,0.00239807418659741,"violation in forward orientation",1,0.931724137931035,1,100,0.844536423902243,0.0588310525346865,0.448998886412873,0.14,0.0612291267212839,0.00239807418659741,"violation",1,220,0.103916762507717,0.7278130087087,0.235794769988053,0.481045692920835,0.736157520045479,0.00834451133677838,"violation"
198,280,"forward",0.730976034254487,0.105924175370542,0.476969600708473,0.245261210191277,0.105957615205127,3.34398345848141e-05,"violation in forward orientation",1,0.931724137931035,1,280,0.730976034254487,0.105924175370542,0.476969600708473,0.245261210191277,0.105957615205127,3.34398345848141e-05,"violation",1,410,0.122190001552486,0.686282093812129,0.275771590733709,0.486100681644065,0.689763907911679,0.00348181409955006,"violation"
199,200,"forward",0.692622575932987,0.120740502382309,0.490892045158607,0.255147016443461,0.12106404645435,0.000323544072040827,"violation in forward orientation",1,0.931724137931035,1,200,0.692622575932987,0.120740502382309,0.490892045158607,0.255147016443461,0.12106404645435,0.000323544072040827,"violation",1,480,0.114951331779512,0.668980815745437,0.269998713988707,0.489028941429396,0.708142042022947,0.0391612262775096,"violation"
200,310,"reverse",0.112544993663279,0.713416715726148,0.256770951511386,0.481294214288512,0.714251452453893,0.0008347367277457,"violation in reverse orientation",1,0.931724137931035,1,480,0.666955683148177,0.124950336538467,0.489468071538436,0.282566363886433,0.131173568990355,0.00622323245188722,"violation",1,310,0.112544993663279,0.713416715726148,0.256770951511386,0.481294214288512,0.714251452453893,0.0008347367277457,"violation"
201,110,"forward",0.694981316500521,0.114689026904347,0.495933879890395,0.227090836305396,0.120134999797866,0.00544597289351834,"violation in forward orientation",1,0.931724137931035,1,110,0.694981316500521,0.114689026904347,0.495933879890395,0.227090836305396,0.120134999797866,0.00544597289351834,"violation",1,260,0.0986708283705256,0.741083592135526,0.233160685634272,0.474481966037356,0.749476331945441,0.00839273980991506,"violation"
202,280,"forward",0.707190466552719,0.110554876727001,0.484122918275927,0.251500598449404,0.115326132646202,0.00477125591920054,"violation in forward orientation",1,0.931724137931035,1,280,0.707190466552719,0.110554876727001,0.484122918275927,0.251500598449404,0.115326132646202,0.00477125591920054,"violation",0,10050,1,0.000182358314524332,0.00498754668053816,0.00498754668053816,0,-0.000182358314524332,"max_iter reached without violation"
203,50,"reverse",0.0275269587093166,0.826859192020479,0.0707106781186548,0.48,0.930102278263621,0.103243086243142,"violation in reverse orientation",1,0.931724137931035,1,2360,0.630961849502813,0.094421274369001,0.490240869688695,0.266106755322714,0.145350605355673,0.0509293309866725,"violation",1,50,0.0275269587093166,0.826859192020479,0.0707106781186548,0.48,0.930102278263621,0.103243086243142,"violation at burn-in"
204,160,"forward",0.7379482131575,0.0889840203618663,0.482465996211132,0.20453835214942,0.103211454992592,0.0142274346307255,"violation in forward orientation",1,0.931724137931035,1,160,0.7379482131575,0.0889840203618663,0.482465996211132,0.20453835214942,0.103211454992592,0.0142274346307255,"violation",1,2360,0.102831997401183,0.634723439211998,0.277870164820835,0.489460705811769,0.738911611505976,0.104188172293978,"violation"
205,170,"reverse",0.101047620659349,0.733172066877688,0.223916074243227,0.482962312355436,0.74344193490723,0.0102698680295422,"violation in reverse orientation",1,0.931724137931035,1,1390,0.64359289249767,0.104035444564561,0.489301726225022,0.273287564393876,0.140375565529843,0.0363401209652826,"violation",1,170,0.101047620659349,0.733172066877688,0.223916074243227,0.482962312355436,0.74344193490723,0.0102698680295422,"violation"
206,50,"reverse",0.0275269587093166,0.861594493296845,0.0707106781186548,0.466476151587624,0.930102278263621,0.0685077849667756,"violation in reverse orientation",1,0.931724137931035,1,320,0.687222225385485,0.120945510273304,0.487890468624875,0.268368188083089,0.12319110429575,0.00224559402244598,"violation",1,50,0.0275269587093166,0.861594493296845,0.0707106781186548,0.466476151587624,0.930102278263621,0.0685077849667756,"violation at burn-in"
207,70,"forward",0.838923452768525,0.0534488391899586,0.464230765979198,0.118666055184544,0.063439930290146,0.00999109110018738,"violation in forward orientation",1,0.931724137931035,1,70,0.838923452768525,0.0534488391899586,0.464230765979198,0.118666055184544,0.063439930290146,0.00999109110018738,"violation",0,10050,1,0.000182358314524332,0.00498754668053816,0.00498754668053816,0,-0.000182358314524332,"max_iter reached without violation"
208,360,"reverse",0.118250414511632,0.690139954074771,0.267821573182088,0.486198404860494,0.699766057650592,0.00962610357582117,"violation in reverse orientation",1,0.931724137931035,1,480,0.699208189284869,0.114951331779512,0.48131312717283,0.269998713988707,0.118470144373859,0.00351881259434669,"violation",1,360,0.118250414511632,0.690139954074771,0.267821573182088,0.486198404860494,0.699766057650592,0.00962610357582117,"violation"
209,80,"forward",0.797470093848425,0.0732709191287606,0.476969600708473,0.15612494995996,0.0797673318852407,0.00649641275648012,"violation in forward orientation",1,0.931724137931035,1,80,0.797470093848425,0.0732709191287606,0.476969600708473,0.15612494995996,0.0797673318852407,0.00649641275648012,"violation",1,340,0.114024093680207,0.701522951666033,0.26100351984263,0.483740829692325,0.710496190875784,0.00897323920975102,"violation"
210,210,"reverse",0.0752947547253701,0.793404675181575,0.191426202307065,0.456149714850592,0.808825443027908,0.0154207678463332,"violation in reverse orientation",1,0.931724137931035,1,310,0.641641505162766,0.140700412613107,0.496229278013662,0.291199392802194,0.141144166326367,0.000443753713259776,"violation",1,210,0.0752947547253701,0.793404675181575,0.191426202307065,0.456149714850592,0.808825443027908,0.0154207678463332,"violation"
211,170,"forward",0.73870751044869,0.101047620659349,0.481347589305383,0.223916074243227,0.10291238750744,0.00186476684809106,"violation in forward orientation",1,0.931724137931035,1,170,0.73870751044869,0.101047620659349,0.481347589305383,0.223916074243227,0.10291238750744,0.00186476684809106,"violation",1,280,0.0965495261969029,0.734354280976135,0.232115382989599,0.475831710089324,0.754862069527077,0.0205077885509425,"violation"
212,280,"forward",0.741095662148092,0.0965495261969029,0.473466913698673,0.232115382989599,0.101971756569877,0.00542223037297414,"violation in forward orientation",1,0.931724137931035,1,280,0.741095662148092,0.0965495261969029,0.473466913698673,0.232115382989599,0.101971756569877,0.00542223037297414,"violation",1,480,0.109908947872479,0.658842920898949,0.263391343821318,0.491132301421928,0.720944063746597,0.0621011428476482,"violation"
213,280,"reverse",0.0965495261969029,0.71060295169345,0.232115382989599,0.483186700722508,0.754862069527077,0.0442591178336276,"violation in reverse orientation",1,0.931724137931035,1,410,0.674482233737151,0.128098755029909,0.488876870882636,0.283010921060688,0.128209056166946,0.000110301137037749,"violation",1,280,0.0965495261969029,0.71060295169345,0.232115382989599,0.483186700722508,0.754862069527077,0.0442591178336276,"violation"
214,120,"forward",0.823754344968081,0.0646455958718564,0.454529671443155,0.15612494995996,0.0694146479330398,0.0047690520611834,"violation in forward orientation",1,0.931724137931035,1,120,0.823754344968081,0.0646455958718564,0.454529671443155,0.15612494995996,0.0694146479330398,0.0047690520611834,"violation",1,480,0.107376093693359,0.673027388516018,0.259999666132264,0.488122821520249,0.727374683632304,0.0543472951162856,"violation"
215,90,"reverse",0.0417124095892458,0.804286524269363,0.104822012578407,0.471404520791032,0.894087081151925,0.0898005568825614,"violation in reverse orientation",1,0.931724137931035,1,100,0.763912853250174,0.0773148667427289,0.482804308182932,0.17058722109232,0.0929846575240848,0.0156697907813559,"violation",1,90,0.0417124095892458,0.804286524269363,0.104822012578407,0.471404520791032,0.894087081151925,0.0898005568825614,"violation"
216,480,"reverse",0.114951331779512,0.677069015045202,0.269998713988707,0.487179381747627,0.708142042022947,0.0310730269777446,"violation in reverse orientation",1,0.931724137931035,1,480,0.701213191720884,0.114951331779512,0.480722113075735,0.269998713988707,0.117680425981314,0.00272909420180197,"violation",1,480,0.114951331779512,0.677069015045202,0.269998713988707,0.487179381747627,0.708142042022947,0.0310730269777446,"violation"
217,90,"reverse",0.0652551788198452,0.833781791811234,0.147405546238018,0.458257569495584,0.834314749516355,0.000532957705121184,"violation in reverse orientation",1,0.931724137931035,1,220,0.697497117628721,0.116099332114423,0.488948103518036,0.252057647872941,0.11914409106517,0.00304475895074668,"violation",1,90,0.0652551788198452,0.833781791811234,0.147405546238018,0.458257569495584,0.834314749516355,0.000532957705121184,"violation"
218,90,"forward",0.804286524269363,0.0417124095892457,0.471404520791032,0.104822012578407,0.0770825169552322,0.0353701073659865,"violation in forward orientation",1,0.931724137931035,1,90,0.804286524269363,0.0417124095892457,0.471404520791032,0.104822012578407,0.0770825169552322,0.0353701073659865,"violation",1,170,0.0838650680721801,0.771563616971373,0.198698185341818,0.469999631892663,0.787066421964215,0.0155028049928422,"violation"
219,270,"forward",0.716545906811284,0.109740133091011,0.481894409826699,0.249443825784929,0.111641267675551,0.00190113458453986,"violation in forward orientation",1,0.931724137931035,1,270,0.716545906811284,0.109740133091011,0.481894409826699,0.249443825784929,0.111641267675551,0.00190113458453986,"violation",1,4000,0.0926260718491739,0.617565155950002,0.268564587203898,0.491602926659311,0.764823260249054,0.147258104299052,"violation"
220,50,"forward",0.772137383051339,0.0275269587093166,0.493558507170123,0.0707106781186548,0.0897452288145013,0.0622182701051846,"violation in forward orientation",1,0.931724137931035,1,50,0.772137383051339,0.0275269587093166,0.493558507170123,0.0707106781186548,0.0897452288145013,0.0622182701051846,"violation at burn-in",1,50,0.0275269587093166,0.878395081610861,0.0707106781186548,0.458257569495584,0.930102278263621,0.0517071966527601,"violation at burn-in"
221,50,"forward",0.772137383051339,0.0745005976726397,0.493558507170123,0.14,0.0897452288145013,0.0152446311418616,"violation in forward orientation",1,0.931724137931035,1,50,0.772137383051339,0.0745005976726397,0.493558507170123,0.14,0.0897452288145013,0.0152446311418616,"violation at burn-in",1,310,0.112544993663279,0.701071630311025,0.256770951511386,0.484741153020704,0.714251452453893,0.0131798221428677,"violation"
222,120,"forward",0.747935774039918,0.0924095701582629,0.484122918275927,0.199826313471363,0.0992776141234595,0.00686804396519652,"violation in forward orientation",1,0.931724137931035,1,120,0.747935774039918,0.0924095701582629,0.484122918275927,0.199826313471363,0.0992776141234595,0.00686804396519652,"violation",1,280,0.0515056290320374,0.717413496050053,0.15612494995996,0.481229293220042,0.869223244846991,0.151809748796938,"violation"
223,80,"reverse",0.0732709191287605,0.786130300599852,0.15612494995996,0.480722113075735,0.813963724394537,0.0278334237946848,"violation in reverse orientation",1,0.931724137931035,1,280,0.720811496463454,0.105924175370542,0.480207756909359,0.245261210191277,0.109961162682729,0.00403698731218698,"violation",1,80,0.0732709191287605,0.786130300599852,0.15612494995996,0.480722113075735,0.813963724394537,0.0278334237946848,"violation"
224,210,"forward",0.699769324871587,0.115140645848919,0.48890177266058,0.249443825784929,0.118249127638127,0.00310848178920853,"violation in forward orientation",1,0.931724137931035,1,210,0.699769324871587,0.115140645848919,0.48890177266058,0.249443825784929,0.118249127638127,0.00310848178920853,"violation",1,420,0.119362534080146,0.692026445340759,0.272761971268946,0.484428737601372,0.696942516417335,0.00491607107657621,"violation"
225,280,"reverse",0.0965495261969029,0.71060295169345,0.232115382989599,0.483186700722508,0.754862069527077,0.0442591178336276,"violation in reverse orientation",1,0.931724137931035,1,380,0.659427900357374,0.131548951984397,0.492400699383604,0.285426249746447,0.134138567146064,0.00258961516166761,"violation",1,280,0.0965495261969029,0.71060295169345,0.232115382989599,0.483186700722508,0.754862069527077,0.0442591178336276,"violation"
226,50,"reverse",0.0275269587093166,0.878395081610861,0.0707106781186548,0.458257569495584,0.930102278263621,0.0517071966527601,"violation in reverse orientation",1,0.931724137931035,1,60,0.819765062450468,0.0622317713624084,0.476969600708473,0.12801909579781,0.0709859227208539,0.00875415135844549,"violation",1,50,0.0275269587093166,0.878395081610861,0.0707106781186548,0.458257569495584,0.930102278263621,0.0517071966527601,"violation at burn-in"
227,100,"forward",0.782294511589708,0.0773148667427289,0.476969600708473,0.17058722109232,0.0857445996491158,0.00842973290638685,"violation in forward orientation",1,0.931724137931035,1,100,0.782294511589708,0.0773148667427289,0.476969600708473,0.17058722109232,0.0857445996491158,0.00842973290638685,"violation",1,670,0.120411412087918,0.692200207675866,0.283381704535742,0.480775437353909,0.694279538094279,0.0020793304184139,"violation"
228,60,"forward",0.834450982045784,0.0622317713624084,0.471404520791032,0.12801909579781,0.0652015203642638,0.00296974900185534,"violation in forward orientation",1,0.931724137931035,1,60,0.834450982045784,0.0622317713624084,0.471404520791032,0.12801909579781,0.0652015203642638,0.00296974900185534,"violation",0,10050,1,0.000182358314524332,0.00498754668053816,0.00498754668053816,0,-0.000182358314524332,"max_iter reached without violation"
229,50,"forward",0.790712364249548,0.0275269587093166,0.489897948556636,0.0707106781186548,0.0824290260858141,0.0549020673764975,"violation in forward orientation",1,0.931724137931035,1,50,0.790712364249548,0.0275269587093166,0.489897948556636,0.0707106781186548,0.0824290260858141,0.0549020673764975,"violation at burn-in",1,2360,0.089256476248464,0.632633921507064,0.258544030679607,0.489897948556636,0.773378268529966,0.140744347022902,"violation"
230,150,"forward",0.743248570837247,0.0947762719803733,0.481894409826699,0.210923893594085,0.101123781745131,0.00634750976475779,"violation in forward orientation",1,0.931724137931035,1,150,0.743248570837247,0.0947762719803733,0.481894409826699,0.210923893594085,0.101123781745131,0.00634750976475779,"violation",1,480,0.107376093693359,0.691175327954928,0.259999666132264,0.483580217119031,0.727374683632304,0.0361993556773761,"violation"
231,290,"forward",0.708331258664572,0.11128742394575,0.483447783953707,0.253395490632743,0.114876804258057,0.00358938031230736,"violation in forward orientation",1,0.931724137931035,1,290,0.708331258664572,0.11128742394575,0.483447783953707,0.253395490632743,0.114876804258057,0.00358938031230736,"violation",1,480,0.104835055328556,0.719199353368747,0.256546237981036,0.474958879799083,0.733826082206194,0.0146267288374469,"violation"
232,100,"forward",0.735880378407413,0.0943521513629653,0.489897948556636,0.195959179422654,0.104025921401985,0.00967377003901999,"violation in forward orientation",1,0.931724137931035,1,100,0.735880378407413,0.0943521513629653,0.489897948556636,0.195959179422654,0.104025921401985,0.00967377003901999,"violation",1,390,0.122028853767796,0.681297592638003,0.274442834056608,0.487692038070512,0.690173043248924,0.00887545061092065,"violation"
233,50,"forward",0.861594493296846,0.0275269587093166,0.466476151587624,0.0707106781186548,0.0545103961600404,0.0269834374507238,"violation in forward orientation",1,0.931724137931035,1,50,0.861594493296846,0.0275269587093166,0.466476151587624,0.0707106781186548,0.0545103961600404,0.0269834374507238,"violation at burn-in",1,160,0.079515200404443,0.778581931084374,0.189983551919633,0.46837484987988,0.798110226125915,0.0195282950415409,"violation"
234,450,"forward",0.735225401019291,0.103451644925988,0.46980952273695,0.253265098022888,0.104283899986355,0.000832255060366882,"violation in forward orientation",1,0.931724137931035,1,450,0.735225401019291,0.103451644925988,0.46980952273695,0.253265098022888,0.104283899986355,0.000832255060366882,"violation",1,1390,0.106466525590819,0.635104244978429,0.276566076328696,0.491037630489983,0.72968397043445,0.0945797254560207,"violation"
235,200,"forward",0.682986501056824,0.120740502382309,0.492722031169705,0.255147016443461,0.1248594461132,0.00411894373089053,"violation in forward orientation",1,0.931724137931035,1,200,0.682986501056824,0.120740502382309,0.492722031169705,0.255147016443461,0.1248594461132,0.00411894373089053,"violation",1,280,0.0870009272749997,0.707190466552719,0.217944947177034,0.484122918275927,0.779104843001373,0.0719143764486537,"violation"
236,90,"forward",0.753429237782544,0.0857374138515052,0.487498021521785,0.17950549357115,0.0971138814125147,0.0113764675610095,"violation in forward orientation",1,0.931724137931035,1,90,0.753429237782544,0.0857374138515052,0.487498021521785,0.17950549357115,0.0971138814125147,0.0113764675610095,"violation",1,530,0.13360425675002,0.658415161596801,0.294901495642921,0.490653112736577,0.660784451826571,0.00236929022976962,"violation"
237,260,"forward",0.700888844522337,0.108831156020063,0.48650425541052,0.247203291757252,0.117808177919996,0.0089770218999338,"violation in forward orientation",1,0.931724137931035,1,260,0.700888844522337,0.108831156020063,0.48650425541052,0.247203291757252,0.117808177919996,0.0089770218999338,"violation",1,2360,0.0939525657173466,0.637230018827162,0.26543152141298,0.48892338002101,0.761455447795712,0.12422542896855,"violation"
238,820,"reverse",0.10748662970547,0.638022131145387,0.270157047766777,0.492445910146473,0.727094045653449,0.0890719145080618,"violation in reverse orientation",1,0.931724137931035,1,6780,0.617870370292641,0.0957012141473603,0.490549119436113,0.277051303309766,0.150506999049857,0.0548057849024964,"violation",1,820,0.10748662970547,0.638022131145387,0.270157047766777,0.492445910146473,0.727094045653449,0.0890719145080618,"violation"
239,280,"forward",0.690056992291969,0.115151520161963,0.488385511827762,0.257539376818856,0.122074563226066,0.00692304306410257,"violation in forward orientation",1,0.931724137931035,1,280,0.690056992291969,0.115151520161963,0.488385511827762,0.257539376818856,0.122074563226066,0.00692304306410257,"violation",1,660,0.129224645169403,0.665169589056685,0.293841751979891,0.487954069102532,0.671903772296795,0.00673418324010966,"violation"
240,50,"forward",0.826859192020479,0.0275269587093166,0.48,0.0707106781186548,0.0681917293074695,0.0406647705981528,"violation in forward orientation",1,0.931724137931035,1,50,0.826859192020479,0.0275269587093166,0.48,0.0707106781186548,0.0681917293074695,0.0406647705981528,"violation at burn-in",1,1390,0.113732895896009,0.644299684359431,0.286078664039332,0.489149911837579,0.711235507918657,0.0669358235592254,"violation"
241,300,"reverse",0.116191389765804,0.702996718846682,0.260682863946895,0.484550192331908,0.704993680142576,0.00199696129589433,"violation in reverse orientation",1,0.931724137931035,1,350,0.708018543912941,0.114431374831917,0.481629885844697,0.262235289270486,0.114999974477977,0.000568599646060208,"violation",1,300,0.116191389765804,0.702996718846682,0.260682863946895,0.484550192331908,0.704993680142576,0.00199696129589433,"violation"
242,210,"reverse",0.0890029667096958,0.753833900989017,0.21295885499998,0.473061146230128,0.774021899535121,0.0201879985461043,"violation in reverse orientation",1,0.931724137931035,1,280,0.672807287117073,0.128759205607598,0.491963475498425,0.274582242986078,0.128868774144664,0.000109568537065508,"violation",1,210,0.0890029667096958,0.753833900989017,0.21295885499998,0.473061146230128,0.774021899535121,0.0201879985461043,"violation"
243,460,"forward",0.70819447014229,0.111910931950906,0.478971803614623,0.265137193861967,0.114930681704785,0.00301974975387916,"violation in forward orientation",1,0.931724137931035,1,460,0.70819447014229,0.111910931950906,0.478971803614623,0.265137193861967,0.114930681704785,0.00301974975387916,"violation",1,490,0.132174428568673,0.662340505424816,0.291658287101222,0.490310104254468,0.664414617989276,0.00207411256446011,"violation"
244,90,"forward",0.804286524269363,0.0652551788198453,0.471404520791032,0.147405546238018,0.0770825169552322,0.011827338135387,"violation in forward orientation",1,0.931724137931035,1,90,0.804286524269363,0.0652551788198453,0.471404520791032,0.147405546238018,0.0770825169552322,0.011827338135387,"violation",1,360,0.125100117566981,0.682097434567484,0.276385399196283,0.488122821520249,0.682375464444701,0.000278029877216923,"violation"
245,90,"reverse",0.0652551788198452,0.794279587966123,0.147405546238018,0.475186772896513,0.834314749516355,0.0400351615502317,"violation in reverse orientation",1,0.931724137931035,1,220,0.736396271198652,0.0977166433764952,0.478375349706286,0.227090836305396,0.103822724628503,0.00610608125200759,"violation",1,90,0.0652551788198452,0.794279587966123,0.147405546238018,0.475186772896513,0.834314749516355,0.0400351615502317,"violation"
246,50,"forward",0.894790769027509,0.0275269587093166,0.448998886412873,0.0707106781186548,0.0414352452088056,0.0139082864994889,"violation in forward orientation",1,0.931724137931035,1,50,0.894790769027509,0.0275269587093166,0.448998886412873,0.0707106781186548,0.0414352452088056,0.0139082864994889,"violation at burn-in",0,10050,1,0.000182358314524332,0.00498754668053816,0.00498754668053816,0,-0.000182358314524332,"max_iter reached without violation"
247,130,"reverse",0.0974169204747039,0.734248022778745,0.209818179953629,0.48650425541052,0.752659857122764,0.0184118343440182,"violation in reverse orientation",1,0.931724137931035,1,480,0.743010899995646,0.0997270603193343,0.465991885658967,0.249443825784929,0.101217394117671,0.00149033379833678,"violation",1,130,0.0974169204747039,0.734248022778745,0.209818179953629,0.48650425541052,0.752659857122764,0.0184118343440182,"violation"
248,170,"reverse",0.0925546506561992,0.760680808895855,0.211764705882353,0.474104510108468,0.76500459028676,0.00432378139090439,"violation in reverse orientation",1,0.931724137931035,1,410,0.700381003387762,0.116240823764518,0.482341354881983,0.268248333363269,0.118008203355009,0.00176737959049073,"violation",1,170,0.0925546506561992,0.760680808895855,0.211764705882353,0.474104510108468,0.76500459028676,0.00432378139090439,"violation"
249,360,"reverse",0.11133992556825,0.716781765113749,0.258855505716039,0.478681316189734,0.717310979101502,0.000529213987753407,"violation in reverse orientation",1,0.931724137931035,0,10050,0.000182358314524332,1,0.00498754668053816,0.00498754668053816,0.999527013613586,-0.000472986386413909,"max_iter reached without violation",1,360,0.11133992556825,0.716781765113749,0.258855505716039,0.478681316189734,0.717310979101502,0.000529213987753407,"violation"
250,50,"forward",0.734021127930363,0.0745005976726397,0.498397431775084,0.14,0.104758231882861,0.0302576342102209,"violation in forward orientation",1,0.931724137931035,1,50,0.734021127930363,0.0745005976726397,0.498397431775084,0.14,0.104758231882861,0.0302576342102209,"violation at burn-in",1,160,0.0889840203618664,0.767073168320992,0.20453835214942,0.472857007984443,0.774070002091565,0.00699683377057292,"violation"
251,80,"reverse",0.0732709191287605,0.797470093848425,0.15612494995996,0.476969600708473,0.813963724394537,0.016493630546112,"violation in reverse orientation",1,0.931724137931035,1,80,0.808698556974645,0.0732709191287606,0.472857007984443,0.15612494995996,0.0753447318467042,0.00207381271794362,"violation",1,80,0.0732709191287605,0.797470093848425,0.15612494995996,0.476969600708473,0.813963724394537,0.016493630546112,"violation"
252,160,"reverse",0.0889840203618664,0.732064644419067,0.20453835214942,0.484122918275927,0.774070002091565,0.0420053576724979,"violation in reverse orientation",1,0.931724137931035,1,370,0.65470700408227,0.134999583819235,0.493382061176451,0.288873280343511,0.135998005594007,0.000998421774772384,"violation",1,160,0.0889840203618664,0.732064644419067,0.20453835214942,0.484122918275927,0.774070002091565,0.0420053576724979,"violation"
253,480,"reverse",0.0919944248141773,0.701213191720884,0.238257199378226,0.480722113075735,0.76642693803575,0.0652137463148663,"violation in reverse orientation",1,0.931724137931035,1,480,0.673027388516018,0.102285497677251,0.488122821520249,0.253028530999964,0.128782081919333,0.0264965842420821,"violation",1,480,0.0919944248141773,0.701213191720884,0.238257199378226,0.480722113075735,0.76642693803575,0.0652137463148663,"violation"
254,350,"forward",0.677765117838532,0.125058939860864,0.489306047544137,0.275666169006452,0.126916013371145,0.00185707351028175,"violation in forward orientation",1,0.931724137931035,1,350,0.677765117838532,0.125058939860864,0.489306047544137,0.275666169006452,0.126916013371145,0.00185707351028175,"violation",1,390,0.115739166936169,0.705989672963596,0.266469355010596,0.481177604338047,0.706141820902118,0.000152147938521918,"violation"
255,50,"forward",0.790712364249548,0.0745005976726397,0.489897948556636,0.14,0.0824290260858141,0.0079284284131744,"violation in forward orientation",1,0.931724137931035,1,50,0.790712364249548,0.0745005976726397,0.489897948556636,0.14,0.0824290260858141,0.0079284284131744,"violation at burn-in",1,150,0.0947762719803733,0.724409955836057,0.210923893594085,0.486986196473325,0.759364154140251,0.0349541983041938,"violation"
256,60,"forward",0.904119734820393,0.022974813582176,0.433012701892219,0.0645497224367903,0.0377608078426827,0.0147859942605068,"violation in forward orientation",1,0.931724137931035,1,60,0.904119734820393,0.022974813582176,0.433012701892219,0.0645497224367903,0.0377608078426827,0.0147859942605068,"violation",1,190,0.119865042244596,0.694773901447792,0.252467051688662,0.490942899681748,0.69566670708663,0.000892805638837757,"violation"
257,130,"forward",0.784181578795643,0.0729615548553156,0.470490113334555,0.172691879389567,0.0850013328810928,0.0120397780257773,"violation in forward orientation",1,0.931724137931035,1,130,0.784181578795643,0.0729615548553156,0.470490113334555,0.172691879389567,0.0850013328810928,0.0120397780257773,"violation",1,6780,0.106355124969228,0.614067450048147,0.291557667709366,0.491289942717947,0.729966803555434,0.115899353507287,"violation"
258,160,"forward",0.743812550300503,0.098198912696676,0.480722113075735,0.217944947177034,0.100901644880282,0.00270273218360606,"violation in forward orientation",1,0.931724137931035,1,160,0.743812550300503,0.098198912696676,0.480722113075735,0.217944947177034,0.100901644880282,0.00270273218360606,"violation",1,6780,0.0895683813390224,0.627517901530172,0.268208718812841,0.488528350260708,0.77258637806334,0.145068476533168,"violation"
259,280,"forward",0.703773210178169,0.091798967420613,0.485031032038999,0.225170003802116,0.116672101190951,0.0248731337703383,"violation in forward orientation",1,0.931724137931035,1,280,0.703773210178169,0.091798967420613,0.485031032038999,0.225170003802116,0.116672101190951,0.0248731337703383,"violation",1,2360,0.0967624611742508,0.633051875964211,0.269447549977776,0.489811264357181,0.754321452577636,0.121269576613425,"violation"
260,90,"forward",0.824040028479255,0.0652551788198453,0.462948147911104,0.147405546238018,0.0693021246167744,0.00404694579692917,"violation in forward orientation",1,0.931724137931035,1,90,0.824040028479255,0.0652551788198453,0.462948147911104,0.147405546238018,0.0693021246167744,0.00404694579692917,"violation",1,280,0.0772418865865491,0.720811496463454,0.202534955410826,0.480207756909359,0.803881903455117,0.0830704069916621,"violation"
261,110,"forward",0.763765547029947,0.0859405919145952,0.481045692920835,0.187193275290673,0.0930426776189036,0.00710208570430841,"violation in forward orientation",1,0.931724137931035,1,110,0.763765547029947,0.0859405919145952,0.481045692920835,0.187193275290673,0.0930426776189036,0.00710208570430841,"violation",1,280,0.0722679624007254,0.730976034254487,0.194273896699416,0.476969600708473,0.816510113970761,0.0855340797162737,"violation"
262,170,"forward",0.710866827261238,0.109374448441529,0.488660339433885,0.235294117647059,0.113878109632865,0.00450366119133631,"violation in forward orientation",1,0.931724137931035,1,170,0.710866827261238,0.109374448441529,0.488660339433885,0.235294117647059,0.113878109632865,0.00450366119133631,"violation",1,190,0.105482927250777,0.729870450264948,0.233544291919303,0.48237638894272,0.732181211332551,0.00231076106760275,"violation"
263,150,"forward",0.755694795128144,0.0947762719803733,0.478005113873156,0.210923893594085,0.0962215372073172,0.00144526522694387,"violation in forward orientation",1,0.931724137931035,1,150,0.755694795128144,0.0947762719803733,0.478005113873156,0.210923893594085,0.0962215372073172,0.00144526522694387,"violation",1,1390,0.0893425367557909,0.659825671061782,0.252337552622958,0.48552837018099,0.773159770988989,0.113334099927207,"violation"
264,70,"reverse",0.0534488391899587,0.813795356759835,0.118666055184544,0.474664220738176,0.864289662019109,0.0504943052592738,"violation in reverse orientation",1,0.931724137931035,1,370,0.665234475453376,0.131721364336708,0.491483346823195,0.285016627095621,0.131851508004072,0.000130143667364441,"violation",1,70,0.0534488391899587,0.813795356759835,0.118666055184544,0.474664220738176,0.864289662019109,0.0504943052592738,"violation"
265,90,"forward",0.763761939446244,0.0857374138515052,0.484831649539365,0.17950549357115,0.0930440985524407,0.00730668470093546,"violation in forward orientation",1,0.931724137931035,1,90,0.763761939446244,0.0857374138515052,0.484831649539365,0.17950549357115,0.0930440985524407,0.00730668470093546,"violation",1,340,0.128630425144911,0.673158185089809,0.279318870006787,0.49048912809061,0.673412427290631,0.000254242200822152,"violation"
266,220,"forward",0.662346604861533,0.12803536693787,0.495329425402349,0.267023693504082,0.132988965236394,0.0049535982985241,"violation in forward orientation",1,0.931724137931035,1,220,0.662346604861533,0.12803536693787,0.495329425402349,0.267023693504082,0.132988965236394,0.0049535982985241,"violation",1,530,0.131387812704195,0.665767064267432,0.292300629902447,0.489112505540216,0.666411743470177,0.000644679202744802,"violation"
267,90,"forward",0.814207428738857,0.0417124095892457,0.46732757432918,0.104822012578407,0.0731749303161806,0.0314625207269349,"violation in forward orientation",1,0.931724137931035,1,90,0.814207428738857,0.0417124095892457,0.46732757432918,0.104822012578407,0.0731749303161806,0.0314625207269349,"violation",1,280,0.115151520161963,0.703773210178169,0.257539376818856,0.485031032038999,0.707633787183923,0.00386057700575404,"violation"
268,50,"reverse",0.0275269587093166,0.861594493296845,0.0707106781186548,0.466476151587624,0.930102278263621,0.0685077849667756,"violation in reverse orientation",1,0.931724137931035,1,80,0.797470093848425,0.0732709191287606,0.476969600708473,0.15612494995996,0.0797673318852407,0.00649641275648012,"violation",1,50,0.0275269587093166,0.861594493296845,0.0707106781186548,0.466476151587624,0.930102278263621,0.0685077849667756,"violation at burn-in"
269,170,"forward",0.727620124888192,0.101047620659349,0.4845002419288,0.223916074243227,0.107279420756418,0.00623180009706911,"violation in forward orientation",1,0.931724137931035,1,170,0.727620124888192,0.101047620659349,0.4845002419288,0.223916074243227,0.107279420756418,0.00623180009706911,"violation",1,350,0.114431374831917,0.705281959047564,0.262235289270486,0.482417382162215,0.709462151768894,0.00418019272133019,"violation"
270,570,"forward",0.690756335824973,0.11827885024313,0.48237638894272,0.277703283332062,0.121799109969351,0.00352025972622137,"violation in forward orientation",1,0.931724137931035,1,570,0.690756335824973,0.11827885024313,0.48237638894272,0.277703283332062,0.121799109969351,0.00352025972622137,"violation",1,4000,0.0926260718491739,0.626718412140887,0.268564587203898,0.489795620641916,0.764823260249054,0.138104848108167,"violation"
271,50,"forward",0.808956080708089,0.0745005976726397,0.485386443980464,0.14,0.0752432999356177,0.000742702262977984,"violation in forward orientation",1,0.931724137931035,1,50,0.808956080708089,0.0745005976726397,0.485386443980464,0.14,0.0752432999356177,0.000742702262977984,"violation at burn-in",1,70,0.0534488391899587,0.838923452768525,0.118666055184544,0.464230765979198,0.864289662019109,0.0253662092505835,"violation"
272,130,"forward",0.712368559941964,0.108992882626137,0.49140542319029,0.225713857709557,0.113286616127744,0.00429373350160635,"violation in forward orientation",1,0.931724137931035,1,130,0.712368559941964,0.108992882626137,0.49140542319029,0.225713857709557,0.113286616127744,0.00429373350160635,"violation",1,140,0.0906080826802677,0.762453411583652,0.202534955410826,0.476969600708473,0.769946698221001,0.00749328663734949,"violation"
273,150,"reverse",0.0947762719803733,0.755694795128144,0.210923893594085,0.478005113873156,0.759364154140251,0.00366935901210641,"violation in reverse orientation",1,0.931724137931035,1,550,0.645086691064232,0.139515584774455,0.492955331320887,0.302409060164244,0.139787197066254,0.000271612291799228,"violation",1,150,0.0947762719803733,0.755694795128144,0.210923893594085,0.478005113873156,0.759364154140251,0.00366935901210641,"violation"
274,210,"reverse",0.102249430566805,0.731479956557962,0.232115382989599,0.480551459487347,0.740390680415979,0.00891072385801628,"violation in reverse orientation",1,0.931724137931035,1,260,0.787628473332029,0.0776849056624724,0.454822938433676,0.201290217048146,0.0836436906340559,0.00595878497158354,"violation",1,210,0.102249430566805,0.731479956557962,0.232115382989599,0.480551459487347,0.740390680415979,0.00891072385801628,"violation"
275,120,"forward",0.716482191093379,0.105343859519633,0.491525403435288,0.217944947177034,0.111666363642229,0.00632250412259577,"violation in forward orientation",1,0.931724137931035,1,120,0.716482191093379,0.105343859519633,0.491525403435288,0.217944947177034,0.111666363642229,0.00632250412259577,"violation",1,2360,0.0850152301336907,0.646412906978155,0.252123629063379,0.486834534641397,0.78414629530019,0.137733388322036,"violation"
276,340,"forward",0.726797927932518,0.106611303319878,0.476034658969063,0.25113927262787,0.107603262785997,0.000991959466119033,"violation in forward orientation",1,0.931724137931035,1,340,0.726797927932518,0.106611303319878,0.476034658969063,0.25113927262787,0.107603262785997,0.000991959466119033,"violation",1,1390,0.120160466693855,0.637935255901545,0.294156641968143,0.490476562562858,0.694916659036571,0.0569814031350259,"violation"
277,50,"forward",0.808956080708089,0.0745005976726397,0.485386443980464,0.14,0.0752432999356177,0.000742702262977984,"violation in forward orientation",1,0.931724137931035,1,50,0.808956080708089,0.0745005976726397,0.485386443980464,0.14,0.0752432999356177,0.000742702262977984,"violation at burn-in",1,280,0.101256746636353,0.720811496463454,0.238805488262916,0.480207756909359,0.742910988563209,0.0220994920997546,"violation"
278,110,"forward",0.813298314638503,0.070409677940248,0.462118728259594,0.162877026065172,0.0735330067519373,0.00312332881168927,"violation in forward orientation",1,0.931724137931035,1,110,0.813298314638503,0.070409677940248,0.462118728259594,0.162877026065172,0.0735330067519373,0.00312332881168927,"violation",0,10050,1,0.000182358314524332,0.00498754668053816,0.00498754668053816,0,-0.000182358314524332,"max_iter reached without violation"
279,130,"reverse",0.0974169204747039,0.748677896538399,0.209818179953629,0.482596527426404,0.752659857122764,0.00398196058436451,"violation in reverse orientation",1,0.931724137931035,1,260,0.704571850282683,0.113844807983371,0.485575971057711,0.253846153846154,0.116357537593307,0.00251272960993576,"violation",1,130,0.0974169204747039,0.748677896538399,0.209818179953629,0.482596527426404,0.752659857122764,0.00398196058436451,"violation"
280,50,"forward",0.878395081610861,0.0275269587093166,0.458257569495584,0.0707106781186548,0.0478930807100306,0.020366122000714,"violation in forward orientation",1,0.931724137931035,1,50,0.878395081610861,0.0275269587093166,0.458257569495584,0.0707106781186548,0.0478930807100306,0.020366122000714,"violation at burn-in",1,190,0.105482927250777,0.729870450264948,0.233544291919303,0.48237638894272,0.732181211332551,0.00231076106760275,"violation"
281,60,"forward",0.819765062450468,0.0622317713624084,0.476969600708473,0.12801909579781,0.0709859227208539,0.00875415135844549,"violation in forward orientation",1,0.931724137931035,1,60,0.819765062450468,0.0622317713624084,0.476969600708473,0.12801909579781,0.0709859227208539,0.00875415135844549,"violation",1,2360,0.100033732670285,0.634723439211998,0.274028735830573,0.489460705811769,0.746016077673957,0.111292638461959,"violation"
282,480,"reverse",0.112433930079456,0.677069015045202,0.266723626729159,0.487179381747627,0.71453342987549,0.0374644148302883,"violation in reverse orientation",1,0.931724137931035,1,2360,0.646830014215703,0.0831254477146523,0.486735132045752,0.24919829800084,0.13910054734846,0.0559750996338077,"violation",1,480,0.112433930079456,0.677069015045202,0.266723626729159,0.487179381747627,0.71453342987549,0.0374644148302883,"violation"
283,300,"forward",0.712560089930008,0.107676947896352,0.481894409826699,0.249443825784929,0.113211177439209,0.00553422954285739,"violation in forward orientation",1,0.931724137931035,1,300,0.712560089930008,0.107676947896352,0.481894409826699,0.249443825784929,0.113211177439209,0.00553422954285739,"violation",1,1390,0.103224037552927,0.644299684359431,0.272182148554264,0.489149911837579,0.737916267511606,0.0936165831521751,"violation"
284,90,"forward",0.804286524269363,0.0417124095892457,0.471404520791032,0.104822012578407,0.0770825169552322,0.0353701073659865,"violation in forward orientation",1,0.931724137931035,1,90,0.804286524269363,0.0417124095892457,0.471404520791032,0.104822012578407,0.0770825169552322,0.0353701073659865,"violation",1,260,0.0986708283705256,0.737459060283599,0.233160685634272,0.475742956802038,0.749476331945441,0.0120172716618421,"violation"
285,150,"forward",0.73071173515061,0.104584519467397,0.485386443980464,0.224697327284703,0.106061715758681,0.00147719629128394,"violation in forward orientation",1,0.931724137931035,1,150,0.73071173515061,0.104584519467397,0.485386443980464,0.224697327284703,0.106061715758681,0.00147719629128394,"violation",1,200,0.120740502382309,0.668454580079936,0.255147016443461,0.495075751779463,0.693444016409395,0.0249894363294596,"violation"
286,50,"forward",0.734021127930363,0.0275269587093166,0.498397431775084,0.0707106781186548,0.104758231882861,0.077231273173544,"violation in forward orientation",1,0.931724137931035,1,50,0.734021127930363,0.0275269587093166,0.498397431775084,0.0707106781186548,0.104758231882861,0.077231273173544,"violation at burn-in",1,80,0.0732709191287605,0.808698556974645,0.15612494995996,0.472857007984443,0.813963724394537,0.00526516741989214,"violation"
287,130,"forward",0.748677896538399,0.0974169204747038,0.482596527426404,0.209818179953628,0.0989853113431513,0.00156839086844748,"violation in forward orientation",1,0.931724137931035,1,130,0.748677896538399,0.0974169204747038,0.482596527426404,0.209818179953628,0.0989853113431513,0.00156839086844748,"violation",1,140,0.0794670791069046,0.795164307935639,0.185576872239523,0.464230765979198,0.798232400460082,0.0030680925244424,"violation"
288,180,"reverse",0.0875296626215912,0.775481923462412,0.206080411011016,0.46732757432918,0.777762445929289,0.00228052246687716,"violation in reverse orientation",1,0.931724137931035,1,240,0.740958773566907,0.101100413047608,0.475639189816072,0.234372685173754,0.102025673427208,0.000925260379600792,"violation",1,180,0.0875296626215912,0.775481923462412,0.206080411011016,0.46732757432918,0.777762445929289,0.00228052246687716,"violation"
289,70,"forward",0.813795356759835,0.0534488391899586,0.474664220738176,0.118666055184544,0.0733372347678066,0.019888395577848,"violation in forward orientation",1,0.931724137931035,1,70,0.813795356759835,0.0534488391899586,0.474664220738176,0.118666055184544,0.0733372347678066,0.019888395577848,"violation",1,150,0.0947762719803733,0.749483141796254,0.210923893594085,0.48,0.759364154140251,0.00988101234399674,"violation"
290,130,"reverse",0.0854464256882823,0.748677896538399,0.192307692307692,0.482596527426404,0.783051540327384,0.0343736437889848,"violation in reverse orientation",1,0.931724137931035,1,6780,0.620648579955994,0.0927156174008457,0.489988060863273,0.27279433921465,0.149412734409532,0.0566971170086866,"violation",1,130,0.0854464256882823,0.748677896538399,0.192307692307692,0.482596527426404,0.783051540327384,0.0343736437889848,"violation"
291,50,"forward",0.844410079701748,0.0275269587093166,0.47370877129308,0.0707106781186548,0.0612788904208835,0.0337519317115669,"violation in forward orientation",1,0.931724137931035,1,50,0.844410079701748,0.0275269587093166,0.47370877129308,0.0707106781186548,0.0612788904208835,0.0337519317115669,"violation at burn-in",1,320,0.109122932755236,0.714203451063248,0.253028530999965,0.480722113075735,0.722939664000683,0.00873621293743454,"violation"
292,50,"forward",0.772137383051339,0.0275269587093166,0.493558507170123,0.0707106781186548,0.0897452288145013,0.0622182701051846,"violation in forward orientation",1,0.931724137931035,1,50,0.772137383051339,0.0275269587093166,0.493558507170123,0.0707106781186548,0.0897452288145013,0.0622182701051846,"violation at burn-in",1,820,0.111731614310527,0.661898783918775,0.275771590733709,0.487528885338359,0.716316527294582,0.0544177433758067,"violation"
293,300,"reverse",0.107676947896352,0.712560089930008,0.249443825784929,0.481894409826699,0.726610850073938,0.0140507601439296,"violation in reverse orientation",1,0.931724137931035,1,480,0.748932278544624,0.0919944248141773,0.463512405443479,0.238257199378226,0.0988851168768308,0.00689069206265353,"violation",1,300,0.107676947896352,0.712560089930008,0.249443825784929,0.481894409826699,0.726610850073938,0.0140507601439296,"violation"
294,150,"forward",0.660213790465475,0.132792456161149,0.497817458735853,0.260682863946895,0.133829025440908,0.00103656927975912,"violation in forward orientation",1,0.931724137931035,1,150,0.660213790465475,0.132792456161149,0.497817458735853,0.260682863946895,0.133829025440908,0.00103656927975912,"violation",0,10050,1,0.000182358314524332,0.00498754668053816,0.00498754668053816,0,-0.000182358314524332,"max_iter reached without violation"
295,140,"forward",0.827121733167634,0.0678497888323966,0.448296093843234,0.166598625567009,0.0680883211674175,0.0002385323350209,"violation in forward orientation",1,0.931724137931035,1,140,0.827121733167634,0.0678497888323966,0.448296093843234,0.166598625567009,0.0680883211674175,0.0002385323350209,"violation",1,320,0.117026410896764,0.693241936034716,0.263391343821318,0.486447180457447,0.702873659363644,0.00963172332892781,"violation"
296,50,"forward",0.9262591846095,0.0275269587093166,0.427083130081252,0.0707106781186548,0.0290406535001137,0.00151369479079711,"violation in forward orientation",1,0.931724137931035,1,50,0.9262591846095,0.0275269587093166,0.427083130081252,0.0707106781186548,0.0290406535001137,0.00151369479079711,"violation at burn-in",1,100,0.0773148667427289,0.800420391058284,0.17058722109232,0.47021271782035,0.803696615392558,0.00327622433427466,"violation"
297,270,"reverse",0.10490582116825,0.720070005088075,0.242896332326957,0.480854292359036,0.733646416033656,0.0135764109455804,"violation in reverse orientation",1,0.931724137931035,1,2360,0.64432698239435,0.0920761197987637,0.487325717047474,0.262706396881323,0.140086426582789,0.0480103067840258,"violation",1,270,0.10490582116825,0.720070005088075,0.242896332326957,0.480854292359036,0.733646416033656,0.0135764109455804,"violation"
298,90,"reverse",0.0652551788198452,0.824040028479255,0.147405546238018,0.462948147911104,0.834314749516355,0.0102747210371,"violation in reverse orientation",1,0.931724137931035,1,310,0.722635924640056,0.104295892036736,0.478464418522301,0.245670100189158,0.109242567801716,0.00494667576497984,"violation",1,90,0.0652551788198452,0.824040028479255,0.147405546238018,0.462948147911104,0.834314749516355,0.0102747210371,"violation"
299,50,"forward",0.844410079701748,0.0275269587093166,0.47370877129308,0.0707106781186548,0.0612788904208835,0.0337519317115669,"violation in forward orientation",1,0.931724137931035,1,50,0.844410079701748,0.0275269587093166,0.47370877129308,0.0707106781186548,0.0612788904208835,0.0337519317115669,"violation at burn-in",1,290,0.106843852301608,0.728028922223076,0.247436320012555,0.47750839649969,0.728725982142106,0.000697059919029352,"violation"
300,50,"reverse",0.0275269587093166,0.826859192020479,0.0707106781186548,0.48,0.930102278263621,0.103243086243142,"violation in reverse orientation",1,0.931724137931035,1,50,0.753238465893973,0.0745005976726397,0.496386945839634,0.14,0.0971890215053539,0.0226884238327142,"violation at burn-in",1,50,0.0275269587093166,0.826859192020479,0.0707106781186548,0.48,0.930102278263621,0.103243086243142,"violation at burn-in"
301,50,"forward",0.9262591846095,0.0275269587093166,0.427083130081252,0.0707106781186548,0.0290406535001137,0.00151369479079711,"violation in forward orientation",1,0.931724137931035,1,50,0.9262591846095,0.0275269587093166,0.427083130081252,0.0707106781186548,0.0290406535001137,0.00151369479079711,"violation at burn-in",1,450,0.117023027396957,0.701234391662038,0.271293199325011,0.481274029382456,0.702882249673076,0.00164785801103795,"violation"
302,80,"reverse",0.0732709191287605,0.774681766062824,0.15612494995996,0.484122918275927,0.813963724394537,0.0392819583317127,"violation in reverse orientation",1,0.931724137931035,1,460,0.695652973980592,0.119804445213769,0.482687028503794,0.275289845535247,0.119870451358435,6.60061446658977e-05,"violation",1,80,0.0732709191287605,0.774681766062824,0.15612494995996,0.484122918275927,0.813963724394537,0.0392819583317127,"violation"
303,70,"forward",0.863377182770204,0.0534488391899586,0.451753951452626,0.118666055184544,0.0538082410703413,0.000359401880382665,"violation in forward orientation",1,0.931724137931035,1,70,0.863377182770204,0.0534488391899586,0.451753951452626,0.118666055184544,0.0538082410703413,0.000359401880382665,"violation",1,280,0.110554876727001,0.700351209320513,0.251500598449404,0.485911199580284,0.719304126094094,0.0189529167735807,"violation"
304,110,"forward",0.845223976917025,0.0535671930751075,0.445361771415123,0.133608531424537,0.0609583174435145,0.00739112436840707,"violation in forward orientation",1,0.931724137931035,1,110,0.845223976917025,0.0535671930751075,0.445361771415123,0.133608531424537,0.0609583174435145,0.00739112436840707,"violation",1,360,0.114803149726382,0.70082775085414,0.263391343821318,0.483397186075977,0.708518258887469,0.00769050803332949,"violation"
305,100,"reverse",0.0773148667427289,0.791390072744453,0.17058722109232,0.47370877129308,0.803696615392558,0.0123065426481056,"violation in reverse orientation",1,0.931724137931035,1,140,0.694990039892699,0.111867868253534,0.493787940934411,0.232115382989599,0.120131563880221,0.00826369562668669,"violation",1,100,0.0773148667427289,0.791390072744453,0.17058722109232,0.47370877129308,0.803696615392558,0.0123065426481056,"violation"
306,100,"forward",0.697680196938796,0.110450226382149,0.496386945839634,0.217944947177034,0.119071980879235,0.0086217544970859,"violation in forward orientation",1,0.931724137931035,1,100,0.697680196938796,0.110450226382149,0.496386945839634,0.217944947177034,0.119071980879235,0.0086217544970859,"violation",1,190,0.112723105439729,0.709888513105292,0.24324673701666,0.487630939869493,0.713799247529914,0.00391073442462253,"violation"
307,50,"forward",0.844410079701748,0.0275269587093166,0.47370877129308,0.0707106781186548,0.0612788904208835,0.0337519317115669,"violation in forward orientation",1,0.931724137931035,1,50,0.844410079701748,0.0275269587093166,0.47370877129308,0.0707106781186548,0.0612788904208835,0.0337519317115669,"violation at burn-in",1,480,0.0919944248141773,0.689163922294393,0.238257199378226,0.484122918275927,0.76642693803575,0.0772630157413571,"violation"
308,500,"forward",0.663743393258422,0.131971485121432,0.489897948556636,0.291828716887149,0.132438806559425,0.000467321437993523,"violation in forward orientation",1,0.931724137931035,1,500,0.663743393258422,0.131971485121432,0.489897948556636,0.291828716887149,0.132438806559425,0.000467321437993523,"violation",1,1390,0.0967129847980513,0.642886008726448,0.263100912111563,0.489452436075001,0.754447067297695,0.111561058571247,"violation"
309,220,"reverse",0.0977166433764952,0.749203681325888,0.227090836305396,0.474014854877596,0.751898895805547,0.00269521447965915,"violation in reverse orientation",1,0.931724137931035,1,2360,0.636394594471476,0.098632652133597,0.489104022576886,0.272078775536926,0.143210788193015,0.0445781360594177,"violation",1,220,0.0977166433764952,0.749203681325888,0.227090836305396,0.474014854877596,0.751898895805547,0.00269521447965915,"violation"
310,50,"forward",0.894790769027509,0.0275269587093166,0.448998886412873,0.0707106781186548,0.0414352452088056,0.0139082864994889,"violation in forward orientation",1,0.931724137931035,1,50,0.894790769027509,0.0275269587093166,0.448998886412873,0.0707106781186548,0.0414352452088056,0.0139082864994889,"violation at burn-in",1,330,0.105905100971564,0.717817742455596,0.249443825784929,0.47928627684285,0.731109361738326,0.0132916192827292,"violation"
311,160,"reverse",0.107204222849119,0.726162040908508,0.230403857389585,0.485693769262073,0.727811043560901,0.00164900265239321,"violation in reverse orientation",1,0.931724137931035,1,200,0.795692178694723,0.0789699528880592,0.456042761152943,0.195959179422654,0.0804676064944092,0.00149765360634994,"violation",1,160,0.107204222849119,0.726162040908508,0.230403857389585,0.485693769262073,0.727811043560901,0.00164900265239321,"violation"
312,110,"reverse",0.0859405919145952,0.763765547029947,0.187193275290673,0.481045692920835,0.781796910199851,0.0180313631699034,"violation in reverse orientation",1,0.931724137931035,1,210,0.717947706896965,0.10873446536619,0.484428737601372,0.240982493883428,0.111089135024513,0.00235466965832276,"violation",1,110,0.0859405919145952,0.763765547029947,0.187193275290673,0.481045692920835,0.781796910199851,0.0180313631699034,"violation"
313,160,"forward",0.778581931084374,0.0697287809828361,0.46837484987988,0.173992636338438,0.0872068886998425,0.0174781077170064,"violation in forward orientation",1,0.931724137931035,1,160,0.778581931084374,0.0697287809828361,0.46837484987988,0.173992636338438,0.0872068886998425,0.0174781077170064,"violation",0,10050,1,0.000182358314524332,0.00498754668053816,0.00498754668053816,0,-0.000182358314524332,"max_iter reached without violation"
314,190,"forward",0.739786399732828,0.0981317034565967,0.479380948915187,0.223296878269436,0.102487441035606,0.00435573757900919,"violation in forward orientation",1,0.931724137931035,1,190,0.739786399732828,0.0981317034565967,0.479380948915187,0.223296878269436,0.102487441035606,0.00435573757900919,"violation",1,440,0.144047907228176,0.629776954661629,0.303006627863031,0.496220217375543,0.634269247359673,0.00449229269804408,"violation"
315,70,"forward",0.826440685532036,0.0534488391899586,0.469693777793531,0.118666055184544,0.0683565681452615,0.0149077289553029,"violation in forward orientation",1,0.931724137931035,1,70,0.826440685532036,0.0534488391899586,0.469693777793531,0.118666055184544,0.0683565681452615,0.0149077289553029,"violation",1,650,0.143560447969731,0.629552975833064,0.309991410455537,0.494743971800704,0.635506849281912,0.00595387344884768,"violation"
316,60,"reverse",0.0622317713624083,0.834450982045785,0.12801909579781,0.471404520791032,0.841990826678106,0.00753984463232094,"violation in reverse orientation",1,0.931724137931035,1,180,0.744522316204202,0.0955657359846167,0.478681316189734,0.217944947177034,0.100622086522405,0.0050563505377885,"violation",1,60,0.0622317713624083,0.834450982045785,0.12801909579781,0.471404520791032,0.841990826678106,0.00753984463232094,"violation"
317,110,"forward",0.772149232602021,0.0859405919145952,0.478375349706286,0.187193275290673,0.0897405615842035,0.0037999696696083,"violation in forward orientation",1,0.931724137931035,1,110,0.772149232602021,0.0859405919145952,0.478375349706286,0.187193275290673,0.0897405615842035,0.0037999696696083,"violation",1,480,0.0919944248141773,0.671004718664347,0.238257199378226,0.488580533279827,0.76642693803575,0.0954222193714039,"violation"
318,250,"forward",0.767224719728661,0.0862665969390842,0.464912895067452,0.213766227454198,0.0916801993225717,0.00541360238348741,"violation in forward orientation",1,0.931724137931035,1,250,0.767224719728661,0.0862665969390842,0.464912895067452,0.213766227454198,0.0916801993225717,0.00541360238348741,"violation",1,380,0.121928891808575,0.684951540613294,0.273722163360371,0.487026991920084,0.690426834946874,0.00547529433357996,"violation"
319,350,"forward",0.710752332268063,0.110855333661117,0.480824122455076,0.257539376818856,0.113923206237408,0.00306787257629079,"violation in forward orientation",1,0.931724137931035,1,350,0.710752332268063,0.110855333661117,0.480824122455076,0.257539376818856,0.113923206237408,0.00306787257629079,"violation",1,820,0.0859693715682148,0.666658163961993,0.239285571589617,0.486392773182012,0.781723842032565,0.115065678070572,"violation"
320,120,"forward",0.831094078652423,0.0646455958718564,0.450616861153192,0.15612494995996,0.0665237174370028,0.00187812156514641,"violation in forward orientation",1,0.931724137931035,1,120,0.831094078652423,0.0646455958718564,0.450616861153192,0.15612494995996,0.0665237174370028,0.00187812156514641,"violation",1,210,0.0890029667096958,0.76270333573734,0.21295885499998,0.469693777793531,0.774021899535121,0.0113185637977814,"violation"
321,190,"reverse",0.0906533665183651,0.764349732458986,0.212425642848532,0.470780574185544,0.769831727863777,0.00548199540479077,"violation in reverse orientation",1,0.931724137931035,1,240,0.71730702984738,0.106670086249735,0.483027920748089,0.242061459137964,0.111341481076892,0.00467139482715687,"violation",1,190,0.0906533665183651,0.764349732458986,0.212425642848532,0.470780574185544,0.769831727863777,0.00548199540479077,"violation"
322,160,"forward",0.708341802636892,0.0889840203618663,0.489897948556636,0.20453835214942,0.114872651261172,0.025888630899306,"violation in forward orientation",1,0.931724137931035,1,160,0.708341802636892,0.0889840203618663,0.489897948556636,0.20453835214942,0.114872651261172,0.025888630899306,"violation",1,280,0.110554876727001,0.717413496050053,0.251500598449404,0.481229293220042,0.719304126094094,0.00189063004404055,"violation"
323,60,"forward",0.834450982045784,0.0622317713624084,0.471404520791032,0.12801909579781,0.0652015203642638,0.00296974900185534,"violation in forward orientation",1,0.931724137931035,1,60,0.834450982045784,0.0622317713624084,0.471404520791032,0.12801909579781,0.0652015203642638,0.00296974900185534,"violation",1,540,0.13337369417066,0.654349280207688,0.294997151877628,0.491351820793393,0.661369823191394,0.00702054298370558,"violation"
324,380,"reverse",0.11869799971155,0.697630977466288,0.2696565991042,0.483781274265179,0.698629691289327,0.000998713823039732,"violation in reverse orientation",1,0.931724137931035,1,740,0.67461233489112,0.128125799770662,0.484982660673685,0.294517098658946,0.128157812700936,3.20129302741889e-05,"violation",1,380,0.11869799971155,0.697630977466288,0.2696565991042,0.483781274265179,0.698629691289327,0.000998713823039732,"violation"
325,480,"reverse",0.119964466890261,0.693185461900067,0.276385399196283,0.483027920748089,0.695414279564817,0.00222881766475047,"violation in reverse orientation",1,0.931724137931035,0,10050,0.000182358314524332,1,0.00498754668053816,0.00498754668053816,0.999527013613586,-0.000472986386413909,"max_iter reached without violation",1,480,0.119964466890261,0.693185461900067,0.276385399196283,0.483027920748089,0.695414279564817,0.00222881766475047,"violation"
326,50,"forward",0.790712364249548,0.0745005976726397,0.489897948556636,0.14,0.0824290260858141,0.0079284284131744,"violation in forward orientation",1,0.931724137931035,1,50,0.790712364249548,0.0745005976726397,0.489897948556636,0.14,0.0824290260858141,0.0079284284131744,"violation at burn-in",1,280,0.091798967420613,0.764527623822377,0.225170003802116,0.464230765979198,0.766923181448508,0.00239555762613064,"violation"
327,210,"forward",0.717947706896965,0.10873446536619,0.484428737601372,0.240982493883428,0.111089135024513,0.00235466965832276,"violation in forward orientation",1,0.931724137931035,1,210,0.717947706896965,0.10873446536619,0.484428737601372,0.240982493883428,0.111089135024513,0.00235466965832276,"violation",1,310,0.128755224558793,0.673080474054731,0.27719420721214,0.491170743501272,0.673095576206487,1.51021517565963e-05,"violation"
328,260,"forward",0.787628473332029,0.0830298683807768,0.454822938433676,0.209818179953628,0.0836436906340559,0.000613822253279092,"violation in forward orientation",1,0.931724137931035,1,260,0.787628473332029,0.0830298683807768,0.454822938433676,0.209818179953628,0.0836436906340559,0.000613822253279092,"violation",1,780,0.13202943893935,0.663575668415396,0.3,0.487400422237849,0.664782729663939,0.00120706124854253,"violation"
329,50,"forward",0.910755917550709,0.0275269587093166,0.438634243989226,0.0707106781186548,0.0351469877972396,0.00762002908792297,"violation in forward orientation",1,0.931724137931035,1,50,0.910755917550709,0.0275269587093166,0.438634243989226,0.0707106781186548,0.0351469877972396,0.00762002908792297,"violation at burn-in",1,170,0.101047620659349,0.733172066877688,0.223916074243227,0.482962312355436,0.74344193490723,0.0102698680295422,"violation"
330,480,"forward",0.6568116879023,0.102285497677251,0.491525403435288,0.253028530999964,0.13516902529288,0.032883527615629,"violation in forward orientation",1,0.931724137931035,1,480,0.6568116879023,0.102285497677251,0.491525403435288,0.253028530999964,0.13516902529288,0.032883527615629,"violation",1,820,0.0859693715682148,0.673787096537823,0.239285571589617,0.484591550535793,0.781723842032565,0.107936745494742,"violation"
331,180,"forward",0.749720003515,0.0955657359846167,0.476969600708473,0.217944947177034,0.0985748524670731,0.00300911648245637,"violation in forward orientation",1,0.931724137931035,1,180,0.749720003515,0.0955657359846167,0.476969600708473,0.217944947177034,0.0985748524670731,0.00300911648245637,"violation",1,1390,0.0983441457802434,0.644299684359431,0.265412054778993,0.489149911837579,0.750305740751799,0.106006056392368,"violation"
332,60,"forward",0.819765062450468,0.0622317713624084,0.476969600708473,0.12801909579781,0.0709859227208539,0.00875415135844549,"violation in forward orientation",1,0.931724137931035,1,60,0.819765062450468,0.0622317713624084,0.476969600708473,0.12801909579781,0.0709859227208539,0.00875415135844549,"violation",1,280,0.110554876727001,0.703773210178169,0.251500598449404,0.485031032038999,0.719304126094094,0.0155309159159247,"violation"
333,200,"reverse",0.0789699528880592,0.781974971274185,0.195959179422654,0.462493243193887,0.799494545661715,0.0175195743875305,"violation in reverse orientation",1,0.931724137931035,1,820,0.676160684051937,0.0697919798968402,0.483965070199401,0.212835451015108,0.127547958174869,0.0577559782780291,"violation",1,200,0.0789699528880592,0.781974971274185,0.195959179422654,0.462493243193887,0.799494545661715,0.0175195743875305,"violation"
334,50,"forward",0.808956080708089,0.0745005976726397,0.485386443980464,0.14,0.0752432999356177,0.000742702262977984,"violation in forward orientation",1,0.931724137931035,1,50,0.808956080708089,0.0745005976726397,0.485386443980464,0.14,0.0752432999356177,0.000742702262977984,"violation at burn-in",1,70,0.0534488391899587,0.863377182770204,0.118666055184544,0.451753951452626,0.864289662019109,0.000912479248904585,"violation"
335,400,"forward",0.697115263891067,0.116000689637653,0.483470526506012,0.267383152049638,0.119294493336244,0.00329380369859103,"violation in forward orientation",1,0.931724137931035,1,400,0.697115263891067,0.116000689637653,0.483470526506012,0.267383152049638,0.119294493336244,0.00329380369859103,"violation",1,1390,0.108893025012658,0.635104244978429,0.279789528058837,0.491037630489983,0.72352337281167,0.088419127833241,"violation"
336,90,"forward",0.732531618198095,0.104606694841303,0.492035329455212,0.206080411011016,0.105344911085996,0.000738216244693141,"violation in forward orientation",1,0.931724137931035,1,90,0.732531618198095,0.104606694841303,0.492035329455212,0.206080411011016,0.105344911085996,0.000738216244693141,"violation",1,610,0.133805136563936,0.65990703659525,0.297801674173524,0.489560459696175,0.660274441524101,0.00036740492885079,"violation"
337,160,"forward",0.696369530078241,0.0889840203618663,0.49228421668788,0.20453835214942,0.119588218519493,0.0306041981576262,"violation in forward orientation",1,0.931724137931035,1,160,0.696369530078241,0.0889840203618663,0.49228421668788,0.20453835214942,0.119588218519493,0.0306041981576262,"violation",1,6780,0.100250572984553,0.605432805171948,0.283372104119409,0.492856246570441,0.745465545531819,0.140032740359871,"violation"
338,170,"forward",0.665498246220975,0.125616805750592,0.496527735768651,0.256135777142085,0.131747615548459,0.00613080979786668,"violation in forward orientation",1,0.931724137931035,1,170,0.665498246220975,0.125616805750592,0.496527735768651,0.256135777142085,0.131747615548459,0.00613080979786668,"violation",1,6780,0.0949159236377247,0.621525760196408,0.275940176180109,0.489807419950033,0.759009594950765,0.137483834754356,"violation"
339,200,"forward",0.648935435590452,0.133951456766124,0.49749371855331,0.271293199325011,0.138271276543682,0.0043198197775578,"violation in forward orientation",1,0.931724137931035,1,200,0.648935435590452,0.133951456766124,0.49749371855331,0.271293199325011,0.138271276543682,0.0043198197775578,"violation",1,2360,0.0859589953358732,0.64432698239435,0.25356939105812,0.487325717047474,0.781750186070285,0.137423203675935,"violation"
340,60,"forward",0.789716484604452,0.0622317713624084,0.486198404860494,0.12801909579781,0.082821277216469,0.0205895058540606,"violation in forward orientation",1,0.931724137931035,1,60,0.789716484604452,0.0622317713624084,0.486198404860494,0.12801909579781,0.082821277216469,0.0205895058540606,"violation",1,280,0.101256746636353,0.683170904402714,0.238805488262916,0.489897948556636,0.742910988563209,0.0597400841604951,"violation"
341,480,"forward",0.673027388516018,0.0841657942284463,0.488122821520249,0.226346280925685,0.128782081919333,0.0446162876908865,"violation in forward orientation",1,0.931724137931035,1,480,0.673027388516018,0.0841657942284463,0.488122821520249,0.226346280925685,0.128782081919333,0.0446162876908865,"violation",1,850,0.126828129732421,0.677928066963912,0.295235522660859,0.483276017760617,0.677988244096436,6.0177132524375e-05,"violation"
342,60,"forward",0.74303982794241,0.097223697165837,0.495535624910617,0.17950549357115,0.101206000150657,0.00398230298482043,"violation in forward orientation",1,0.931724137931035,1,60,0.74303982794241,0.097223697165837,0.495535624910617,0.17950549357115,0.101206000150657,0.00398230298482043,"violation",0,10050,1,0.000182358314524332,0.00498754668053816,0.00498754668053816,0,-0.000182358314524332,"max_iter reached without violation"
343,80,"forward",0.873537587753285,0.0468507967519744,0.439992897669951,0.111102430216445,0.0498063213984684,0.00295552464649405,"violation in forward orientation",1,0.931724137931035,1,80,0.873537587753285,0.0468507967519744,0.439992897669951,0.111102430216445,0.0498063213984684,0.00295552464649405,"violation",1,530,0.129166851301951,0.669437240461632,0.289664123389112,0.488296637573489,0.672050504152255,0.00261326369062298,"violation"
344,480,"forward",0.687151249190533,0.112433930079456,0.48465605645195,0.266723626729159,0.123219059975793,0.0107851298963365,"violation in forward orientation",1,0.931724137931035,1,480,0.687151249190533,0.112433930079456,0.48465605645195,0.266723626729159,0.123219059975793,0.0107851298963365,"violation",1,1390,0.0918050517757789,0.641471965794398,0.255993827884811,0.489750546233855,0.766907733983887,0.125435768189489,"violation"
345,50,"forward",0.826859192020479,0.0275269587093166,0.48,0.0707106781186548,0.0681917293074695,0.0406647705981528,"violation in forward orientation",1,0.931724137931035,1,50,0.826859192020479,0.0275269587093166,0.48,0.0707106781186548,0.0681917293074695,0.0406647705981528,"violation at burn-in",1,60,0.0622317713624083,0.834450982045785,0.12801909579781,0.471404520791032,0.841990826678106,0.00753984463232094,"violation"
346,230,"forward",0.753070927017768,0.0935726447665421,0.471914413438058,0.222377597435555,0.0972550107179498,0.00368236595140764,"violation in forward orientation",1,0.931724137931035,1,230,0.753070927017768,0.0935726447665421,0.471914413438058,0.222377597435555,0.0972550107179498,0.00368236595140764,"violation",1,320,0.0970827721544414,0.749733336370066,0.236325219506933,0.46837484987988,0.753508220542486,0.00377488417241989,"violation"
347,80,"forward",0.808698556974645,0.0732709191287606,0.472857007984443,0.15612494995996,0.0753447318467042,0.00207381271794362,"violation in forward orientation",1,0.931724137931035,1,80,0.808698556974645,0.0732709191287606,0.472857007984443,0.15612494995996,0.0753447318467042,0.00207381271794362,"violation",1,480,0.102285497677251,0.660872939948922,0.253028530999965,0.490730040065026,0.740299110249971,0.0794261703010495,"violation"
348,180,"forward",0.744522316204202,0.0955657359846167,0.478681316189734,0.217944947177034,0.100622086522405,0.0050563505377885,"violation in forward orientation",1,0.931724137931035,1,180,0.744522316204202,0.0955657359846167,0.478681316189734,0.217944947177034,0.100622086522405,0.0050563505377885,"violation",1,370,0.105023897784476,0.727608521273272,0.251002373256847,0.474791869360779,0.733346633344781,0.00573811207150843,"violation"
349,70,"reverse",0.083553645447262,0.77493133917732,0.166598625567009,0.486763572497166,0.78785708750713,0.0129257483298103,"violation in reverse orientation",1,0.931724137931035,1,220,0.732109087000877,0.103916762507717,0.479733913851391,0.235794769988053,0.105511335152059,0.00159457264434155,"violation",1,70,0.083553645447262,0.77493133917732,0.166598625567009,0.486763572497166,0.78785708750713,0.0129257483298103,"violation"
350,480,"reverse",0.0893962518437228,0.691175327954928,0.234372685173754,0.483580217119031,0.77302339467666,0.0818480667217317,"violation in reverse orientation",1,0.931724137931035,1,2360,0.625524815551655,0.0920761197987637,0.49131333092137,0.262706396881323,0.147492111837159,0.0554159920383949,"violation",1,480,0.0893962518437228,0.691175327954928,0.234372685173754,0.483580217119031,0.77302339467666,0.0818480667217317,"violation"
351,50,"forward",0.753238465893973,0.0745005976726397,0.496386945839634,0.14,0.0971890215053539,0.0226884238327142,"violation in forward orientation",1,0.931724137931035,1,50,0.753238465893973,0.0745005976726397,0.496386945839634,0.14,0.0971890215053539,0.0226884238327142,"violation at burn-in",1,160,0.0981989126966759,0.743812550300503,0.217944947177034,0.480722113075735,0.750674470528251,0.00686192022774723,"violation"
352,50,"forward",0.808956080708089,0.0745005976726397,0.485386443980464,0.14,0.0752432999356177,0.000742702262977984,"violation in forward orientation",1,0.931724137931035,1,50,0.808956080708089,0.0745005976726397,0.485386443980464,0.14,0.0752432999356177,0.000742702262977984,"violation at burn-in",1,480,0.114951331779512,0.671004718664347,0.269998713988707,0.488580533279827,0.708142042022947,0.0371373233586,"violation"
353,120,"forward",0.68443380981172,0.117848771206546,0.496585563847986,0.234372685173754,0.124289388779153,0.00644061757260664,"violation in forward orientation",1,0.931724137931035,1,120,0.68443380981172,0.117848771206546,0.496585563847986,0.234372685173754,0.124289388779153,0.00644061757260664,"violation",1,280,0.0965495261969029,0.703773210178169,0.232115382989599,0.485031032038999,0.754862069527077,0.0510888593489081,"violation"
354,90,"reverse",0.0652551788198452,0.784188659159569,0.147405546238018,0.478681316189734,0.834314749516355,0.0501260903567853,"violation in reverse orientation",1,0.931724137931035,1,2360,0.620083520647042,0.110270035572514,0.492321827044728,0.28775367260701,0.149635296597559,0.0393652610250445,"violation",1,90,0.0652551788198452,0.784188659159569,0.147405546238018,0.478681316189734,0.834314749516355,0.0501260903567853,"violation"
355,280,"forward",0.7242046079812,0.082150514883076,0.479157423749955,0.210411404595078,0.108624704170068,0.026474189286992,"violation in forward orientation",1,0.931724137931035,1,280,0.7242046079812,0.082150514883076,0.479157423749955,0.210411404595078,0.108624704170068,0.026474189286992,"violation",1,300,0.124602468571871,0.677319185385687,0.271293199325011,0.490566565876187,0.683638936913996,0.00631975152830866,"violation"
356,50,"forward",0.772137383051339,0.0745005976726397,0.493558507170123,0.14,0.0897452288145013,0.0152446311418616,"violation in forward orientation",1,0.931724137931035,1,50,0.772137383051339,0.0745005976726397,0.493558507170123,0.14,0.0897452288145013,0.0152446311418616,"violation at burn-in",1,170,0.0838650680721801,0.766131045239268,0.198698185341818,0.472093181817254,0.787066421964215,0.0209353767249468,"violation"
357,50,"forward",0.808956080708089,0.0745005976726397,0.485386443980464,0.14,0.0752432999356177,0.000742702262977984,"violation in forward orientation",1,0.931724137931035,1,50,0.808956080708089,0.0745005976726397,0.485386443980464,0.14,0.0752432999356177,0.000742702262977984,"violation at burn-in",1,90,0.0652551788198452,0.804286524269363,0.147405546238018,0.471404520791032,0.834314749516355,0.0300282252469913,"violation"
358,130,"forward",0.690214801084429,0.120252653576091,0.495183905828649,0.240315374643282,0.122012406440781,0.00175975286468961,"violation in forward orientation",1,0.931724137931035,1,130,0.690214801084429,0.120252653576091,0.495183905828649,0.240315374643282,0.122012406440781,0.00175975286468961,"violation",1,280,0.105924175370542,0.730976034254487,0.245261210191277,0.476969600708473,0.731060934075025,8.48998205379425e-05,"violation"
359,120,"reverse",0.0789160685510231,0.771119296036274,0.17950549357115,0.476969600708473,0.799631351677683,0.0285120556414094,"violation in reverse orientation",1,0.931724137931035,1,120,0.823754344968081,0.0646455958718564,0.454529671443155,0.15612494995996,0.0694146479330398,0.0047690520611834,"violation",1,120,0.0789160685510231,0.771119296036274,0.17950549357115,0.476969600708473,0.799631351677683,0.0285120556414094,"violation"
360,90,"forward",0.774015565121441,0.0857374138515052,0.481894409826699,0.17950549357115,0.089005461670749,0.00326804781924371,"violation in forward orientation",1,0.931724137931035,1,90,0.774015565121441,0.0857374138515052,0.481894409826699,0.17950549357115,0.089005461670749,0.00326804781924371,"violation",1,150,0.0947762719803733,0.743248570837247,0.210923893594085,0.481894409826699,0.759364154140251,0.0161155833030038,"violation"
361,170,"forward",0.693970127259557,0.117558191789263,0.49215295678475,0.246006160780312,0.120533280980765,0.00297508919150249,"violation in forward orientation",1,0.931724137931035,1,170,0.693970127259557,0.117558191789263,0.49215295678475,0.246006160780312,0.120533280980765,0.00297508919150249,"violation",1,2360,0.128271300803108,0.612542434001218,0.309908893025746,0.493613332861489,0.674324201901612,0.0617817679003938,"violation"
362,210,"forward",0.753833900989017,0.0956761273668015,0.473061146230128,0.222794048862659,0.0969544950840009,0.00127836771719943,"violation in forward orientation",1,0.931724137931035,1,210,0.753833900989017,0.0956761273668015,0.473061146230128,0.222794048862659,0.0969544950840009,0.00127836771719943,"violation",1,230,0.105379715438308,0.724418973930808,0.239090905823783,0.481491067822857,0.732443254026983,0.00802428009617417,"violation"
363,190,"reverse",0.0981317034565967,0.734834768954364,0.223296878269436,0.480909802589994,0.750845106911237,0.0160103379568727,"violation in reverse orientation",1,0.931724137931035,1,320,0.711219320697192,0.113085982507837,0.48160498271405,0.258280824636673,0.113739271622185,0.000653289114348282,"violation",1,190,0.0981317034565967,0.734834768954364,0.223296878269436,0.480909802589994,0.750845106911237,0.0160103379568727,"violation"
364,160,"forward",0.790006592849108,0.0697287809828361,0.463512405443479,0.173992636338438,0.0827070111125891,0.012978230129753,"violation in forward orientation",1,0.931724137931035,1,160,0.790006592849108,0.0697287809828361,0.463512405443479,0.173992636338438,0.0827070111125891,0.012978230129753,"violation",1,310,0.112544993663279,0.713416715726148,0.256770951511386,0.481294214288512,0.714251452453893,0.0008347367277457,"violation"
365,90,"forward",0.732531618198095,0.104606694841303,0.492035329455212,0.206080411011016,0.105344911085996,0.000738216244693141,"violation in forward orientation",1,0.931724137931035,1,90,0.732531618198095,0.104606694841303,0.492035329455212,0.206080411011016,0.105344911085996,0.000738216244693141,"violation",0,10050,1,0.000182358314524332,0.00498754668053816,0.00498754668053816,0,-0.000182358314524332,"max_iter reached without violation"
366,50,"forward",0.714489213358372,0.0745005976726397,0.499599839871872,0.14,0.11245134581731,0.0379507481446707,"violation in forward orientation",1,0.931724137931035,1,50,0.714489213358372,0.0745005976726397,0.499599839871872,0.14,0.11245134581731,0.0379507481446707,"violation at burn-in",1,270,0.10490582116825,0.716545906811284,0.242896332326957,0.481894409826699,0.733646416033656,0.0171005092223719,"violation"
367,2360,"reverse",0.134236051394032,0.610026945388644,0.316758473867742,0.49401691746047,0.659180399277884,0.0491534538892402,"violation in reverse orientation",1,0.931724137931035,0,10050,0.000182358314524332,1,0.00498754668053816,0.00498754668053816,0.999527013613586,-0.000472986386413909,"max_iter reached without violation",1,2360,0.134236051394032,0.610026945388644,0.316758473867742,0.49401691746047,0.659180399277884,0.0491534538892402,"violation"
368,170,"reverse",0.101047620659349,0.73870751044869,0.223916074243227,0.481347589305383,0.74344193490723,0.00473442445854022,"violation in reverse orientation",1,0.931724137931035,1,460,0.697746803360844,0.117181312799265,0.482094320478295,0.271965123417301,0.119045746339262,0.00186443353999698,"violation",1,170,0.101047620659349,0.73870751044869,0.223916074243227,0.481347589305383,0.74344193490723,0.00473442445854022,"violation"
369,130,"reverse",0.0974169204747039,0.734248022778745,0.209818179953629,0.48650425541052,0.752659857122764,0.0184118343440182,"violation in reverse orientation",1,0.931724137931035,1,1390,0.65912092418865,0.0893425367557909,0.485704760564554,0.252337552622958,0.1342594770872,0.0449169403314088,"violation",1,130,0.0974169204747039,0.734248022778745,0.209818179953629,0.48650425541052,0.752659857122764,0.0184118343440182,"violation"
370,520,"reverse",0.122480822116034,0.685028743987643,0.281157529177182,0.484615384615385,0.689025548587821,0.00399680460017782,"violation in reverse orientation",1,0.931724137931035,1,660,0.617645436333424,0.150110369824361,0.4963133137624,0.31736909190384,0.150595594695184,0.000485224870822448,"violation",1,520,0.122480822116034,0.685028743987643,0.281157529177182,0.484615384615385,0.689025548587821,0.00399680460017782,"violation"
371,150,"forward",0.711740763682334,0.104584519467397,0.489897948556636,0.224697327284703,0.113533888771455,0.00894936930405837,"violation in forward orientation",1,0.931724137931035,1,150,0.711740763682334,0.104584519467397,0.489897948556636,0.224697327284703,0.113533888771455,0.00894936930405837,"violation",1,240,0.106670086249735,0.721266859476291,0.242061459137964,0.481894409826699,0.729167153780744,0.00790029430445305,"violation"
372,280,"reverse",0.0870009272749997,0.7242046079812,0.217944947177034,0.479157423749955,0.779104843001373,0.0549002350201729,"violation in reverse orientation",1,0.931724137931035,1,430,0.695248191598505,0.119490670372902,0.483363016065733,0.273441302704764,0.120029884627128,0.00053921425422622,"violation",1,280,0.0870009272749997,0.7242046079812,0.217944947177034,0.479157423749955,0.779104843001373,0.0549002350201729,"violation"
373,110,"reverse",0.0859405919145952,0.780482926783159,0.187193275290673,0.475516248386255,0.781796910199851,0.00131398341669142,"violation in reverse orientation",1,0.931724137931035,1,1390,0.642179033130641,0.10078658612765,0.489602042407515,0.268827079273647,0.140932448018641,0.0401458618909912,"violation",1,110,0.0859405919145952,0.780482926783159,0.187193275290673,0.475516248386255,0.781796910199851,0.00131398341669142,"violation"
374,260,"reverse",0.0986708283705256,0.74831435132104,0.233160685634272,0.471855834968778,0.749476331945441,0.00116198062440076,"violation in reverse orientation",1,0.931724137931035,1,4000,0.628696217072247,0.0953340979730589,0.489380986553421,0.272450798310447,0.14624297913489,0.0509088811618307,"violation",1,260,0.0986708283705256,0.74831435132104,0.233160685634272,0.471855834968778,0.749476331945441,0.00116198062440076,"violation"
375,380,"reverse",0.108924664267063,0.715287213948211,0.256912738346415,0.478592986301927,0.723443044453163,0.00815583050495183,"violation in reverse orientation",1,0.931724137931035,1,820,0.661898783918775,0.09464033711819,0.487528885338359,0.252247482416544,0.133165350276486,0.0385250131582964,"violation",1,380,0.108924664267063,0.715287213948211,0.256912738346415,0.478592986301927,0.723443044453163,0.00815583050495183,"violation"
376,230,"forward",0.678620109867867,0.122619039506902,0.492380506648092,0.261629328405746,0.126579254213692,0.00396021470678989,"violation in forward orientation",1,0.931724137931035,1,230,0.678620109867867,0.122619039506902,0.492380506648092,0.261629328405746,0.126579254213692,0.00396021470678989,"violation",1,820,0.0946403371181901,0.644003633755279,0.252247482416544,0.491334789196084,0.75970927682245,0.11570564306717,"violation"
377,100,"forward",0.716895688006175,0.110450226382149,0.493558507170123,0.217944947177034,0.111503497946193,0.00105327156404379,"violation in forward orientation",1,0.931724137931035,1,100,0.716895688006175,0.110450226382149,0.493558507170123,0.217944947177034,0.111503497946193,0.00105327156404379,"violation",1,150,0.123562278642941,0.673220838285771,0.249443825784929,0.496386945839634,0.686279857223201,0.0130590189374302,"violation"
378,150,"forward",0.73071173515061,0.104584519467397,0.485386443980464,0.224697327284703,0.106061715758681,0.00147719629128394,"violation in forward orientation",1,0.931724137931035,1,150,0.73071173515061,0.104584519467397,0.485386443980464,0.224697327284703,0.106061715758681,0.00147719629128394,"violation",1,6780,0.0966431997719421,0.61318966333234,0.278376222941394,0.491456493977472,0.754624243299504,0.141434579967164,"violation"
379,180,"forward",0.734082966371579,0.10344541255513,0.481894409826699,0.229061423645426,0.10473387532672,0.0012884627715902,"violation in forward orientation",1,0.931724137931035,1,180,0.734082966371579,0.10344541255513,0.481894409826699,0.229061423645426,0.10473387532672,0.0012884627715902,"violation",1,570,0.148991618286233,0.613630234761011,0.313544652812768,0.497222200728715,0.621717744434158,0.0080875096731462,"violation"
380,50,"forward",0.808956080708089,0.0745005976726397,0.485386443980464,0.14,0.0752432999356177,0.000742702262977984,"violation in forward orientation",1,0.931724137931035,1,50,0.808956080708089,0.0745005976726397,0.485386443980464,0.14,0.0752432999356177,0.000742702262977984,"violation at burn-in",1,110,0.0859405919145952,0.772149232602021,0.187193275290673,0.478375349706286,0.781796910199851,0.00964767759783003,"violation"
381,220,"reverse",0.110041851817653,0.719194456807432,0.24410402876541,0.483530405344444,0.720606636207432,0.00141217939999949,"violation in reverse orientation",1,0.931724137931035,1,300,0.674091908955519,0.124602468571871,0.491211653861031,0.271293199325011,0.128362794962263,0.00376032639039225,"violation",1,220,0.110041851817653,0.719194456807432,0.24410402876541,0.483530405344444,0.720606636207432,0.00141217939999949,"violation"
382,230,"reverse",0.0935726447665421,0.757131179384822,0.222377597435555,0.470369681262557,0.762420022559384,0.00528884317456124,"violation in reverse orientation",1,0.931724137931035,1,320,0.720161172147864,0.109122932755236,0.478890318862263,0.253028530999964,0.110217308542662,0.0010943757874268,"violation",1,230,0.0935726447665421,0.757131179384822,0.222377597435555,0.470369681262557,0.762420022559384,0.00528884317456124,"violation"
383,820,"forward",0.658325727821529,0.0845147207971296,0.488347259443593,0.237034399118058,0.134572684286114,0.0500579634889841,"violation in forward orientation",1,0.931724137931035,1,820,0.658325727821529,0.0845147207971296,0.488347259443593,0.237034399118058,0.134572684286114,0.0500579634889841,"violation",1,1390,0.10078658612765,0.654185070649078,0.268827079273647,0.486907941729511,0.744104670987434,0.089919600338356,"violation"
384,240,"reverse",0.112183847876025,0.713340172499471,0.249443825784929,0.484122918275927,0.715168359277943,0.00182818677847152,"violation in reverse orientation",1,0.931724137931035,1,440,0.645378959530366,0.138666817183236,0.493992839644296,0.296945538596831,0.139672080107232,0.0010052629239953,"violation",1,240,0.112183847876025,0.713340172499471,0.249443825784929,0.484122918275927,0.715168359277943,0.00182818677847152,"violation"
385,90,"forward",0.814207428738857,0.0417124095892457,0.46732757432918,0.104822012578407,0.0731749303161806,0.0314625207269349,"violation in forward orientation",1,0.931724137931035,1,90,0.814207428738857,0.0417124095892457,0.46732757432918,0.104822012578407,0.0731749303161806,0.0314625207269349,"violation",1,170,0.0838650680721801,0.776978286940161,0.198698185341818,0.467822756487849,0.787066421964215,0.0100881350240539,"violation"
386,280,"reverse",0.115151520161963,0.68661626108519,0.257539376818856,0.48915535281102,0.707633787183923,0.0210175260987332,"violation in reverse orientation",1,0.931724137931035,1,480,0.662901742064423,0.119964466890261,0.490318596821382,0.276385399196283,0.132770311108282,0.0128058442180208,"violation",1,280,0.115151520161963,0.68661626108519,0.257539376818856,0.48915535281102,0.707633787183923,0.0210175260987332,"violation"
387,90,"forward",0.743018751298959,0.0857374138515052,0.489897948556636,0.17950549357115,0.101214301693183,0.0154768878416779,"violation in forward orientation",1,0.931724137931035,1,90,0.743018751298959,0.0857374138515052,0.489897948556636,0.17950549357115,0.101214301693183,0.0154768878416779,"violation",1,480,0.0919944248141773,0.721191178609296,0.238257199378226,0.474268442504407,0.76642693803575,0.0452357594264545,"violation"
388,70,"reverse",0.083553645447262,0.77493133917732,0.166598625567009,0.486763572497166,0.78785708750713,0.0129257483298103,"violation in reverse orientation",1,0.931724137931035,1,120,0.732284822975348,0.105343859519633,0.488122821520249,0.217944947177034,0.105442117315323,9.82577956895325e-05,"violation",1,70,0.083553645447262,0.77493133917732,0.166598625567009,0.486763572497166,0.78785708750713,0.0129257483298103,"violation"
389,110,"reverse",0.100621191018396,0.729746374608727,0.208298895225265,0.489897948556636,0.744524589783919,0.0147782151751922,"violation in reverse orientation",1,0.931724137931035,1,390,0.742621074137893,0.0997818657335234,0.468613858160945,0.244935553519779,0.101370936399828,0.00158907066630511,"violation",1,110,0.100621191018396,0.729746374608727,0.208298895225265,0.489897948556636,0.744524589783919,0.0147782151751922,"violation"
390,210,"reverse",0.102249430566805,0.735970960811101,0.232115382989599,0.479157423749955,0.740390680415979,0.00441971960487753,"violation in reverse orientation",1,0.931724137931035,1,260,0.697200194033856,0.113844807983371,0.487400422237849,0.253846153846154,0.119261041558512,0.0054162335751408,"violation",1,210,0.102249430566805,0.735970960811101,0.232115382989599,0.479157423749955,0.740390680415979,0.00441971960487753,"violation"
391,80,"reverse",0.0962393665961733,0.715878168740764,0.189983551919633,0.496078370824611,0.755649528399616,0.039771359658852,"violation in reverse orientation",1,0.931724137931035,1,310,0.651109829022673,0.132755448164572,0.494937955308116,0.281976818406454,0.13741483943657,0.00465939127199794,"violation",1,80,0.0962393665961733,0.715878168740764,0.189983551919633,0.496078370824611,0.755649528399616,0.039771359658852,"violation"
392,270,"reverse",0.128721545966774,0.659460349558381,0.273573115742509,0.494482589734026,0.673181082204164,0.0137207326457832,"violation in reverse orientation",1,0.931724137931035,1,400,0.687479151260237,0.122115439724191,0.485997685179672,0.275124971603815,0.123089907865677,0.000974468141485663,"violation",1,270,0.128721545966774,0.659460349558381,0.273573115742509,0.494482589734026,0.673181082204164,0.0137207326457832,"violation"
393,280,"forward",0.696924489716726,0.0965495261969029,0.486763572497166,0.232115382989599,0.119369634329389,0.022820108132486,"violation in forward orientation",1,0.931724137931035,1,280,0.696924489716726,0.0965495261969029,0.486763572497166,0.232115382989599,0.119369634329389,0.022820108132486,"violation",1,290,0.0978557323723488,0.734558637939474,0.234913397658636,0.475312025934146,0.751545765147654,0.0169871272081804,"violation"
394,120,"reverse",0.0646455958718563,0.831094078652423,0.15612494995996,0.450616861153192,0.835862409172264,0.00476833051984138,"violation in reverse orientation",1,0.931724137931035,1,160,0.767073168320992,0.0889840203618663,0.472857007984443,0.20453835214942,0.0917398914864828,0.00275587112461646,"violation",1,120,0.0646455958718563,0.831094078652423,0.15612494995996,0.450616861153192,0.835862409172264,0.00476833051984138,"violation"
395,280,"forward",0.690056992291969,0.119716448276641,0.488385511827762,0.263391343821318,0.122074563226066,0.00235811494942509,"violation in forward orientation",1,0.931724137931035,1,280,0.690056992291969,0.119716448276641,0.488385511827762,0.263391343821318,0.122074563226066,0.00235811494942509,"violation",1,480,0.117461425577544,0.650710733953229,0.27321866242993,0.492649970116264,0.701769208077085,0.0510584741238564,"violation"
396,160,"reverse",0.107204222849119,0.684324833300536,0.230403857389585,0.49434299833213,0.727811043560901,0.043486210260365,"violation in reverse orientation",1,0.931724137931035,1,160,0.784304934308671,0.0795152004044429,0.465991885658967,0.189983551919633,0.0849527463478748,0.00543754594343186,"violation",1,160,0.107204222849119,0.684324833300536,0.230403857389585,0.49434299833213,0.727811043560901,0.043486210260365,"violation"
397,240,"forward",0.705385562907525,0.112183847876025,0.486198404860494,0.249443825784929,0.116037037321317,0.00385318944529213,"violation in forward orientation",1,0.931724137931035,1,240,0.705385562907525,0.112183847876025,0.486198404860494,0.249443825784929,0.116037037321317,0.00385318944529213,"violation",1,2360,0.0953582168370239,0.645578614776655,0.267450094950973,0.487032173009835,0.757886664358797,0.112308049582142,"violation"
398,50,"forward",0.861594493296846,0.0275269587093166,0.466476151587624,0.0707106781186548,0.0545103961600404,0.0269834374507238,"violation in forward orientation",1,0.931724137931035,1,50,0.861594493296846,0.0275269587093166,0.466476151587624,0.0707106781186548,0.0545103961600404,0.0269834374507238,"violation at burn-in",1,6780,0.0985260044917429,0.609677807207357,0.280998961361017,0.492106221426088,0.749844022798907,0.14016621559155,"violation"
399,50,"forward",0.790712364249548,0.0745005976726397,0.489897948556636,0.14,0.0824290260858141,0.0079284284131744,"violation in forward orientation",1,0.931724137931035,1,50,0.790712364249548,0.0745005976726397,0.489897948556636,0.14,0.0824290260858141,0.0079284284131744,"violation at burn-in",1,310,0.112544993663279,0.713416715726148,0.256770951511386,0.481294214288512,0.714251452453893,0.0008347367277457,"violation"
400,50,"forward",0.861594493296846,0.0275269587093166,0.466476151587624,0.0707106781186548,0.0545103961600404,0.0269834374507238,"violation in forward orientation",1,0.931724137931035,1,50,0.861594493296846,0.0275269587093166,0.466476151587624,0.0707106781186548,0.0545103961600404,0.0269834374507238,"violation at burn-in",1,160,0.079515200404443,0.7379482131575,0.189983551919633,0.482465996211132,0.798110226125915,0.0601620129684153,"violation"
