"trial","stopped_at_n","selected_direction","T1_","T2_","s1","s2","beta_allowed","margin","reason","violation","eps","fwd_violation","fwd_stopped_at_n","fwd_T1_","fwd_T2_","fwd_s1","fwd_s2","fwd_beta_allowed","fwd_margin","fwd_reason","rev_violation","rev_stopped_at_n","rev_T1_","rev_T2_","rev_s1","rev_s2","rev_beta_allowed","rev_margin","rev_reason"
1,130,"forward",0.503478792009515,0.351399993541752,0.48650425541052,0.430769230769231,0.36153710493389,0.0101371113921376,"violation in forward orientation",1,0.317241379310345,1,130,0.503478792009515,0.351399993541752,0.48650425541052,0.430769230769231,0.36153710493389,0.0101371113921376,"violation",1,160,0.36678871548486,0.468812550300504,0.443309640657633,0.480722113075735,0.496266576546777,0.0274540262462732,"violation"
2,180,"forward",0.496623410290188,0.365280019289988,0.488731035121935,0.44510367775454,0.366528885220287,0.00124886593029949,"violation in forward orientation",1,0.317241379310345,1,180,0.496623410290188,0.365280019289988,0.488731035121935,0.44510367775454,0.366528885220287,0.00124886593029949,"violation",1,320,0.455498109237098,0.386457490494183,0.484919049301015,0.463512405443479,0.396474477672158,0.0100169871779741,"violation"
3,90,"forward",0.554753840420317,0.261362863693741,0.492035329455212,0.362433476228891,0.324200923475239,0.0628380597814983,"violation in forward orientation",1,0.317241379310345,1,90,0.554753840420317,0.261362863693741,0.492035329455212,0.362433476228891,0.324200923475239,0.0628380597814983,"violation",1,160,0.317349074358807,0.527856174668703,0.417582327212252,0.493354271796647,0.564163717955268,0.0363075432865645,"violation"
4,240,"reverse",0.423784429172843,0.419352720376636,0.472857007984443,0.471404520791032,0.41956695150298,0.000214231126343445,"violation in reverse orientation",1,0.317241379310345,1,320,0.491048286623086,0.366425657967372,0.49228421668788,0.455478800275051,0.370588439240045,0.00416278127267272,"violation",1,240,0.423784429172843,0.419352720376636,0.472857007984443,0.471404520791032,0.41956695150298,0.000214231126343445,"violation"
5,160,"reverse",0.29573068172561,0.553623923094054,0.404612082740988,0.49682586235018,0.593852992153234,0.0402290690591794,"violation in reverse orientation",1,0.317241379310345,1,200,0.407377207826676,0.423510125500694,0.464515877016061,0.47021271782035,0.440525018935885,0.0170148934351914,"violation",1,160,0.29573068172561,0.553623923094054,0.404612082740988,0.49682586235018,0.593852992153234,0.0402290690591794,"violation"
6,230,"forward",0.459424227604878,0.385311121256757,0.482687028503794,0.458257569495584,0.39361565506056,0.00830453380380253,"violation in forward orientation",1,0.317241379310345,1,230,0.459424227604878,0.385311121256757,0.482687028503794,0.458257569495584,0.39361565506056,0.00830453380380253,"violation",1,230,0.375890519635587,0.482160311505982,0.4543634280658,0.488042267840079,0.483766759205493,0.00160644769951113,"violation"
7,190,"reverse",0.364532665862752,0.488835881526345,0.44584881230626,0.487630939869493,0.499364886257932,0.0105290047315873,"violation in reverse orientation",1,0.317241379310345,1,280,0.541716405199999,0.323513388125722,0.498159879261791,0.433012701892219,0.333694196757818,0.0101808086320965,"violation",1,190,0.364532665862752,0.488835881526345,0.44584881230626,0.487630939869493,0.499364886257932,0.0105290047315873,"violation"
8,90,"forward",0.458651873183302,0.382890080077361,0.46732757432918,0.436173031697567,0.394178048773059,0.011287968695698,"violation in forward orientation",1,0.317241379310345,1,90,0.458651873183302,0.382890080077361,0.46732757432918,0.436173031697567,0.394178048773059,0.011287968695698,"violation",1,480,0.566268213992942,0.314110300928438,0.5,0.436561493377508,0.315816675104649,0.00170637417621106,"violation"
9,50,"forward",0.501594493296846,0.302716065288689,0.466476151587624,0.366606055596467,0.362909166410944,0.0601931011222546,"violation in forward orientation",1,0.317241379310345,1,50,0.501594493296846,0.302716065288689,0.466476151587624,0.366606055596467,0.362909166410944,0.0601931011222546,"violation at burn-in",1,160,0.310173845011429,0.572764456021478,0.413398642353842,0.498591766879478,0.574017704564821,0.00125324854334319,"violation"
10,160,"forward",0.585437582923543,0.295730681725611,0.499374608885954,0.404612082740988,0.301858403800707,0.00612772207509682,"violation in forward orientation",1,0.317241379310345,1,160,0.585437582923543,0.295730681725611,0.499374608885954,0.404612082740988,0.301858403800707,0.00612772207509682,"violation",1,480,0.415385353669572,0.428374855951536,0.477619785731519,0.48131312717283,0.429527159761935,0.00115230381039921,"violation"
11,50,"forward",0.654021127930363,0.185611725055255,0.498397431775085,0.271293199325011,0.251918954481481,0.0663072294262259,"violation in forward orientation",1,0.317241379310345,1,50,0.654021127930363,0.185611725055255,0.498397431775085,0.271293199325011,0.251918954481481,0.0663072294262259,"violation at burn-in",1,260,0.401162717855682,0.437884241113899,0.466178597971958,0.478162162089848,0.449059589469405,0.0111753483555064,"violation"
12,280,"forward",0.527186912422269,0.291919277935724,0.496723961448963,0.415208332266675,0.344273919169883,0.0523546412341592,"violation in forward orientation",1,0.317241379310345,1,280,0.527186912422269,0.291919277935724,0.496723961448963,0.415208332266675,0.344273919169883,0.0523546412341592,"violation",1,730,0.545360646313991,0.330219856317084,0.499908041834557,0.449400676776007,0.331040624470163,0.000820768153078966,"violation"
13,90,"reverse",0.330249254092939,0.543018751298959,0.408097059382377,0.489897948556636,0.546447462180471,0.00342871088151198,"violation in reverse orientation",1,0.317241379310345,1,360,0.442382165651477,0.398713031765806,0.482654376250315,0.469403351258637,0.406024917211304,0.00731188544549799,"violation",1,90,0.330249254092939,0.543018751298959,0.408097059382377,0.489897948556636,0.546447462180471,0.00342871088151198,"violation"
14,160,"reverse",0.2365484833143,0.635437582923543,0.363092188706945,0.499374608885954,0.675129918985143,0.0396923360616002,"violation in reverse orientation",1,0.317241379310345,1,280,0.464636923606228,0.38163250583752,0.485911199580284,0.459799756770848,0.389820004547743,0.00818749871022245,"violation",1,160,0.2365484833143,0.635437582923543,0.363092188706945,0.499374608885954,0.675129918985143,0.0396923360616002,"violation"
15,50,"forward",0.56895608070809,0.302716065288689,0.485386443980464,0.366606055596467,0.313859491590956,0.0111434263022674,"violation in forward orientation",1,0.317241379310345,1,50,0.56895608070809,0.302716065288689,0.485386443980464,0.366606055596467,0.313859491590956,0.0111434263022674,"violation at burn-in",1,300,0.470189445376404,0.38247628586746,0.487749935930288,0.461109772421082,0.385776908211616,0.00330062234415596,"violation"
16,90,"forward",0.433781791811234,0.408536760814643,0.458257569495584,0.447903208238808,0.412287322187286,0.00375056137264373,"violation in forward orientation",1,0.317241379310345,1,90,0.433781791811234,0.408536760814643,0.458257569495584,0.447903208238808,0.412287322187286,0.00375056137264373,"violation",1,160,0.317349074358807,0.547208614013715,0.417582327212252,0.496078370824611,0.564163717955268,0.0169551039415529,"violation"
17,130,"forward",0.622160706789534,0.270157006058721,0.5,0.381603592455768,0.275118278556861,0.00496127249813999,"violation in forward orientation",1,0.317241379310345,1,130,0.622160706789534,0.270157006058721,0.5,0.381603592455768,0.275118278556861,0.00496127249813999,"violation",1,290,0.376537802840671,0.478254401816586,0.458257569495584,0.489181412383142,0.482877823155273,0.00462342133868654,"violation"
18,90,"forward",0.554753840420317,0.275464716989807,0.492035329455212,0.372677996249965,0.324200923475239,0.0487362064854323,"violation in forward orientation",1,0.317241379310345,1,90,0.554753840420317,0.275464716989807,0.492035329455212,0.372677996249965,0.324200923475239,0.0487362064854323,"violation",1,140,0.343956010304985,0.522975342090722,0.428809457708675,0.491301893971933,0.527623507483709,0.00464816539298685,"violation"
19,210,"forward",0.573244369343493,0.304804736399551,0.499432784842929,0.416795898326361,0.310736952898145,0.00593221649859416,"violation in forward orientation",1,0.317241379310345,1,210,0.573244369343493,0.304804736399551,0.499432784842929,0.416795898326361,0.310736952898145,0.00593221649859416,"violation",1,480,0.354117533211751,0.492643085284968,0.455478800275051,0.494654586274324,0.513668342316405,0.0210252570314372,"violation"
20,140,"forward",0.559967969201867,0.302689270193088,0.496723961448963,0.40525879864298,0.320404229676396,0.0177149594833083,"violation in forward orientation",1,0.317241379310345,1,140,0.559967969201867,0.302689270193088,0.496723961448963,0.40525879864298,0.320404229676396,0.0177149594833083,"violation",1,160,0.331611385567067,0.501800453905321,0.42555111326373,0.488580533279827,0.544576800678702,0.0427763467733803,"violation"
21,100,"forward",0.638682330481023,0.249038993743375,0.5,0.357071421427142,0.263087976114337,0.014048982370962,"violation in forward orientation",1,0.317241379310345,1,100,0.638682330481023,0.249038993743375,0.5,0.357071421427142,0.263087976114337,0.014048982370962,"violation",1,300,0.31753770789798,0.552055340592506,0.431071017608726,0.499099188538711,0.563904661097412,0.0118493205049062,"violation"
22,50,"reverse",0.302716065288689,0.546859192020479,0.366606055596467,0.48,0.584259727219016,0.0374005351985365,"violation in reverse orientation",1,0.317241379310345,1,50,0.674489213358372,0.216786995012799,0.499599839871872,0.3,0.237015016302257,0.0202280212894572,"violation at burn-in",1,50,0.302716065288689,0.546859192020479,0.366606055596467,0.48,0.584259727219016,0.0374005351985365,"violation at burn-in"
23,70,"forward",0.59189294941248,0.295810536031579,0.494871659305393,0.376883027379226,0.297157896593341,0.00134736056176216,"violation in forward orientation",1,0.317241379310345,1,70,0.59189294941248,0.295810536031579,0.494871659305393,0.376883027379226,0.297157896593341,0.00134736056176216,"violation",1,180,0.32803729666281,0.542640132739817,0.426404722833039,0.49625137994646,0.549485218584085,0.00684508584426757,"violation"
24,60,"forward",0.609706494609077,0.277090389131333,0.495535624910617,0.357071421427142,0.284186875082966,0.00709648595163315,"violation in forward orientation",1,0.317241379310345,1,60,0.609706494609077,0.277090389131333,0.495535624910617,0.357071421427142,0.284186875082966,0.00709648595163315,"violation",1,280,0.362409411343029,0.464636923606228,0.451753951452626,0.485911199580284,0.50228082393645,0.0376439003302219,"violation"
25,60,"reverse",0.299311814729174,0.556383151271119,0.372677996249965,0.486198404860494,0.588934900346587,0.0325517490754675,"violation in reverse orientation",1,0.317241379310345,1,160,0.5600216206812,0.310173845011429,0.49749371855331,0.413398642353842,0.320365163084945,0.0101913180735156,"violation",1,60,0.299311814729174,0.556383151271119,0.372677996249965,0.486198404860494,0.588934900346587,0.0325517490754675,"violation"
26,100,"reverse",0.310945864384819,0.525284595613564,0.4,0.487749935930288,0.572957464090351,0.047672868476787,"violation in reverse orientation",1,0.317241379310345,1,230,0.549251218757345,0.328202504621124,0.498106053799548,0.431750295402725,0.328207684800184,5.18017905948298e-06,"violation",1,100,0.310945864384819,0.525284595613564,0.4,0.487749935930288,0.572957464090351,0.047672868476787,"violation"
27,170,"forward",0.474348537465923,0.379062543688314,0.482962312355436,0.450144152228447,0.382748444626104,0.00368590093778998,"violation in forward orientation",1,0.317241379310345,1,170,0.474348537465923,0.379062543688314,0.482962312355436,0.450144152228447,0.382748444626104,0.00368590093778998,"violation",1,290,0.413283965180094,0.431477198085146,0.471809328867269,0.47750839649969,0.432413068077097,0.000935869991950999,"violation"
28,100,"reverse",0.310945864384819,0.525284595613564,0.4,0.487749935930288,0.572957464090351,0.047672868476787,"violation in reverse orientation",1,0.317241379310345,1,170,0.486757723471435,0.359488855533748,0.48596210711348,0.441176470588235,0.373712634133171,0.0142237785994229,"violation",1,100,0.310945864384819,0.525284595613564,0.4,0.487749935930288,0.572957464090351,0.047672868476787,"violation"
29,60,"reverse",0.644232895622817,0.25432432379694,0.498887651569859,0.339934634239519,0.259046304506897,0.00472198070995716,"violation in reverse orientation",1,0.317241379310345,1,450,0.406970276694324,0.439341808814771,0.474453551825156,0.483689523925788,0.441083871306322,0.0017420624915514,"violation",1,60,0.644232895622817,0.25432432379694,0.498887651569859,0.339934634239519,0.259046304506897,0.00472198070995716,"violation"
30,90,"reverse",0.343591528449175,0.507348898454775,0.415739709641549,0.481894409826699,0.528124062818277,0.0207751643635025,"violation in reverse orientation",1,0.317241379310345,1,470,0.399379361101692,0.450218573631567,0.47239792634478,0.486620444255858,0.451508733980764,0.00129016034919693,"violation",1,90,0.343591528449175,0.507348898454775,0.415739709641549,0.481894409826699,0.528124062818277,0.0207751643635025,"violation"
31,290,"forward",0.456756920442452,0.391295579920627,0.484344685196894,0.464033395001454,0.395557868033708,0.00426228811308138,"violation in forward orientation",1,0.317241379310345,1,290,0.456756920442452,0.391295579920627,0.484344685196894,0.464033395001454,0.395557868033708,0.00426228811308138,"violation",1,440,0.396735955538191,0.448799334577391,0.470866091402915,0.485832335123178,0.455139012786539,0.00633967820914799,"violation"
32,160,"reverse",0.310173845011429,0.566401777618562,0.413398642353842,0.498082259772419,0.574017704564821,0.0076159269462589,"violation in reverse orientation",1,0.317241379310345,1,280,0.494235858545645,0.362409411343029,0.491963475498425,0.451753951452626,0.368267392894858,0.00585798155182959,"violation",1,160,0.310173845011429,0.566401777618562,0.413398642353842,0.498082259772419,0.574017704564821,0.0076159269462589,"violation"
33,160,"reverse",0.653901777618562,0.251578187192657,0.498082259772419,0.374530956664466,0.252005860004472,0.000427672811814495,"violation in reverse orientation",1,0.317241379310345,1,160,0.534324833300536,0.33870010349401,0.49434299833213,0.42934361238989,0.339076406590015,0.000376303096005781,"violation",1,160,0.653901777618562,0.251578187192657,0.498082259772419,0.374530956664466,0.252005860004472,0.000427672811814495,"violation"
34,50,"reverse",0.246504271019468,0.633238465893974,0.324961536185438,0.496386945839634,0.66145729697061,0.0282188310766363,"violation in reverse orientation",1,0.317241379310345,1,100,0.546417177917328,0.322972911087052,0.491833305094318,0.407308237088326,0.330271305729731,0.00729839464267873,"violation",1,50,0.246504271019468,0.633238465893974,0.324961536185438,0.496386945839634,0.66145729697061,0.0282188310766363,"violation at burn-in"
35,370,"forward",0.416929598224115,0.422591197071733,0.475675675675676,0.477392479260965,0.42740639617019,0.00481519909845657,"violation in forward orientation",1,0.317241379310345,1,370,0.416929598224115,0.422591197071733,0.475675675675676,0.477392479260965,0.42740639617019,0.00481519909845657,"violation",1,490,0.379535940907811,0.476879472421856,0.465842869798327,0.492238805932452,0.478760378132001,0.00188090571014543,"violation"
36,130,"forward",0.487139434999938,0.360177427802966,0.482596527426404,0.43521062030202,0.373434688985683,0.0132572611827162,"violation in forward orientation",1,0.317241379310345,1,130,0.487139434999938,0.360177427802966,0.482596527426404,0.43521062030202,0.373434688985683,0.0132572611827162,"violation",1,280,0.327431562235758,0.479473403942333,0.435055122006021,0.48915535281102,0.550317094283682,0.0708436903413485,"violation"
37,50,"forward",0.612137383051339,0.246504271019468,0.493558507170123,0.324961536185438,0.282416811576465,0.0359125405569967,"violation in forward orientation",1,0.317241379310345,1,50,0.612137383051339,0.246504271019468,0.493558507170123,0.324961536185438,0.282416811576465,0.0359125405569967,"violation at burn-in",1,120,0.340735816085425,0.480097915215229,0.422952584681651,0.479510746027193,0.532045909776857,0.0519479945616271,"violation"
38,280,"forward",0.508925548938443,0.331343161645705,0.49434299833213,0.43705881545081,0.357571021792821,0.0262278601471158,"violation in forward orientation",1,0.317241379310345,1,280,0.508925548938443,0.331343161645705,0.49434299833213,0.43705881545081,0.357571021792821,0.0262278601471158,"violation",1,320,0.356354572553516,0.497469023349019,0.451116237099708,0.493354271796647,0.510596140070096,0.0131271167210771,"violation"
39,70,"reverse",0.332011213630856,0.53089372836024,0.4,0.483186700722508,0.544027703194014,0.0131339748337732,"violation in reverse orientation",1,0.317241379310345,1,280,0.460916067321027,0.389282349868419,0.485031032038999,0.462786039512156,0.392529364553272,0.00324701468485311,"violation",1,70,0.332011213630856,0.53089372836024,0.4,0.483186700722508,0.544027703194014,0.0131339748337732,"violation"
40,80,"forward",0.538126767493411,0.32367253060101,0.487179381747627,0.4,0.336308009302864,0.0126354787018546,"violation in forward orientation",1,0.317241379310345,1,80,0.538126767493411,0.32367253060101,0.487179381747627,0.4,0.336308009302864,0.0126354787018546,"violation",1,370,0.408418173909881,0.433884439999695,0.472972972972973,0.480625353534528,0.439095424793552,0.00521098479385718,"violation"
41,220,"forward",0.521314523805911,0.342382843371854,0.494682467651374,0.438135606767306,0.348549928140552,0.00616708476869737,"violation in forward orientation",1,0.317241379310345,1,220,0.521314523805911,0.342382843371854,0.494682467651374,0.438135606767306,0.348549928140552,0.00616708476869737,"violation",1,250,0.382033340415895,0.4752312956228,0.458257569495584,0.487294572101927,0.475330614410182,9.93187873816193e-05,"violation"
42,100,"forward",0.274187264057314,0.608432477215472,0.375632799419859,0.499099188538711,0.623439300680779,0.0150068234653069,"violation in forward orientation",1,0.317241379310345,1,100,0.274187264057314,0.608432477215472,0.375632799419859,0.499099188538711,0.623439300680779,0.0150068234653069,"violation",1,330,0.49577349344055,0.365601373173368,0.49326036240911,0.455564514234741,0.367147756400449,0.00154638322708145,"violation"
43,50,"forward",0.654021127930363,0.216786995012799,0.498397431775085,0.3,0.251918954481481,0.0351319594686813,"violation in forward orientation",1,0.317241379310345,1,50,0.654021127930363,0.216786995012799,0.498397431775085,0.3,0.251918954481481,0.0351319594686813,"violation at burn-in",1,250,0.390643586215897,0.458523093967477,0.461666546329708,0.483338390778138,0.463505870877881,0.00498277691040466,"violation"
44,50,"reverse",0.302716065288689,0.546859192020479,0.366606055596467,0.48,0.584259727219016,0.0374005351985365,"violation in reverse orientation",1,0.317241379310345,1,50,0.654021127930363,0.246504271019468,0.498397431775085,0.324961536185438,0.251918954481481,0.00541468346201252,"violation at burn-in",1,50,0.302716065288689,0.546859192020479,0.366606055596467,0.48,0.584259727219016,0.0374005351985365,"violation at burn-in"
45,90,"forward",0.577997924209187,0.289392299544533,0.495535624910617,0.382325567424117,0.307275628286274,0.0178833287417414,"violation in forward orientation",1,0.317241379310345,1,90,0.577997924209187,0.289392299544533,0.495535624910617,0.382325567424117,0.307275628286274,0.0178833287417414,"violation",1,130,0.368911008531405,0.487139434999938,0.43947251867956,0.482596527426404,0.49335195929209,0.0062125242921523,"violation"
46,280,"forward",0.523543521736558,0.346925563978323,0.49630008614769,0.444696640464954,0.346926872213957,1.30823563426752e-06,"violation in forward orientation",1,0.317241379310345,1,280,0.523543521736558,0.346925563978323,0.49630008614769,0.444696640464954,0.346926872213957,1.30823563426752e-06,"violation",1,430,0.383517873338554,0.468251649203455,0.465935325362037,0.489897948556636,0.473291854834271,0.00504020563081586,"violation"
47,270,"forward",0.571486288684461,0.302257082495071,0.49978047306993,0.420594653824545,0.312017108071841,0.00976002557677014,"violation in forward orientation",1,0.317241379310345,1,270,0.571486288684461,0.302257082495071,0.49978047306993,0.420594653824545,0.312017108071841,0.00976002557677014,"violation",1,480,0.362938916554027,0.469206273282255,0.459161184177796,0.490730040065026,0.501553636413061,0.0323473631308058,"violation"
48,130,"reverse",0.360177427802966,0.495324992734472,0.43521062030202,0.484615384615385,0.50534608287825,0.0100210901437785,"violation in reverse orientation",1,0.317241379310345,1,480,0.566268213992942,0.250723021749044,0.5,0.398428989560527,0.315816675104649,0.0650936533556052,"violation",1,130,0.360177427802966,0.495324992734472,0.43521062030202,0.484615384615385,0.50534608287825,0.0100210901437785,"violation"
49,90,"reverse",0.356808336031459,0.483168476855012,0.422952584681651,0.475186772896513,0.509972971245926,0.0268044943909136,"violation in reverse orientation",1,0.317241379310345,1,180,0.582209449932649,0.296431936873643,0.499505928733089,0.408097059382377,0.304208984889487,0.00777704801584383,"violation",1,90,0.356808336031459,0.483168476855012,0.422952584681651,0.475186772896513,0.509972971245926,0.0268044943909136,"violation"
50,70,"forward",0.636172957540227,0.258342897757551,0.499183005990176,0.349927106111883,0.2649151884987,0.00657229074114957,"violation in forward orientation",1,0.317241379310345,1,70,0.636172957540227,0.258342897757551,0.499183005990176,0.349927106111883,0.2649151884987,0.00657229074114957,"violation",1,430,0.39086469397821,0.461069268138474,0.468591666967672,0.488421924368013,0.463202216064408,0.00213294792593399,"violation"
51,190,"forward",0.49433604997336,0.364532665862752,0.48879409528965,0.44584881230626,0.368194438008579,0.00366177214582736,"violation in forward orientation",1,0.317241379310345,1,190,0.49433604997336,0.364532665862752,0.48879409528965,0.44584881230626,0.368194438008579,0.00366177214582736,"violation",1,280,0.45719046655272,0.377799257205771,0.484122918275927,0.458257569495584,0.395242179277767,0.0174429220719959,"violation"
52,80,"reverse",0.308177297821902,0.511130300599852,0.3903123748999,0.480722113075735,0.576759630755395,0.0656293301555427,"violation in reverse orientation",1,0.317241379310345,1,140,0.522975342090722,0.327572698663508,0.491301893971933,0.419912527334259,0.34734059504827,0.0197678963847616,"violation",1,80,0.308177297821902,0.511130300599852,0.3903123748999,0.480722113075735,0.576759630755395,0.0656293301555427,"violation"
53,100,"reverse",0.346724065972573,0.514629046470215,0.420832508250016,0.485386443980464,0.523822042448604,0.00919299597838941,"violation in reverse orientation",1,0.317241379310345,1,160,0.514864781968424,0.331611385567067,0.491132301421928,0.42555111326373,0.353246339729998,0.0216349541629307,"violation",1,100,0.346724065972573,0.514629046470215,0.420832508250016,0.485386443980464,0.523822042448604,0.00919299597838941,"violation"
54,50,"forward",0.430755917550709,0.329560327676681,0.438634243989226,0.384187454245971,0.414490627575842,0.0849302998991613,"violation in forward orientation",1,0.317241379310345,1,50,0.430755917550709,0.329560327676681,0.438634243989226,0.384187454245971,0.414490627575842,0.0849302998991613,"violation at burn-in",1,90,0.382890080077361,0.47095319093603,0.436173031697567,0.471404520791032,0.474154024681375,0.0032008337453443,"violation"
55,90,"reverse",0.261362863693741,0.61230983413901,0.362433476228891,0.498887651569859,0.641051486067491,0.0287416519284817,"violation in reverse orientation",1,0.317241379310345,1,130,0.487139434999938,0.368911008531405,0.482596527426404,0.43947251867956,0.373434688985683,0.00452368045427748,"violation",1,90,0.261362863693741,0.61230983413901,0.362433476228891,0.498887651569859,0.641051486067491,0.0287416519284817,"violation"
56,50,"reverse",0.302716065288689,0.546859192020479,0.366606055596467,0.48,0.584259727219016,0.0374005351985365,"violation in reverse orientation",1,0.317241379310345,1,80,0.763126767493411,0.156435685071958,0.487179381747627,0.263391343821318,0.172473140520438,0.0160374554484799,"violation",1,50,0.302716065288689,0.546859192020479,0.366606055596467,0.48,0.584259727219016,0.0374005351985365,"violation at burn-in"
57,170,"reverse",0.352921590561406,0.505250364003919,0.437988481623207,0.489897948556636,0.515310771051676,0.0100604070477563,"violation in reverse orientation",1,0.317241379310345,1,370,0.422591197071733,0.419761656730631,0.477392479260965,0.476542514833797,0.42043580939059,0.000674152659959681,"violation",1,170,0.352921590561406,0.505250364003919,0.437988481623207,0.489897948556636,0.515310771051676,0.0100604070477563,"violation"
58,100,"forward",0.460420391058284,0.381661638370415,0.47021271782035,0.438634243989226,0.392890293688673,0.0112286553182573,"violation in forward orientation",1,0.317241379310345,1,100,0.460420391058284,0.381661638370415,0.47021271782035,0.438634243989226,0.392890293688673,0.0112286553182573,"violation",1,230,0.399373720256194,0.445689107738688,0.463731882642552,0.478971803614623,0.451516480745824,0.00582737300713598,"violation"
59,210,"forward",0.49520100521645,0.363076997417881,0.489897948556636,0.447112175021162,0.367564616547449,0.00448761912956774,"violation in forward orientation",1,0.317241379310345,1,210,0.49520100521645,0.363076997417881,0.489897948556636,0.447112175021162,0.367564616547449,0.00448761912956774,"violation",1,260,0.363920269053073,0.494057928211961,0.451231057724999,0.49140542319029,0.500205911634287,0.00614798342232542,"violation"
60,270,"reverse",0.367154542532886,0.488426345224446,0.453246178986025,0.490639402534709,0.495764173813967,0.0073378285895207,"violation in reverse orientation",1,0.317241379310345,1,350,0.477943689071655,0.379284384143469,0.49047249189544,0.461903780067685,0.380130617107979,0.000846232964510529,"violation",1,270,0.367154542532886,0.488426345224446,0.453246178986025,0.490639402534709,0.495764173813967,0.0073378285895207,"violation"
61,60,"forward",0.556383151271119,0.321054517826778,0.486198404860494,0.386939558874797,0.323014532677697,0.00196001485091907,"violation in forward orientation",1,0.317241379310345,1,60,0.556383151271119,0.321054517826778,0.486198404860494,0.386939558874797,0.323014532677697,0.00196001485091907,"violation",1,190,0.399100845020492,0.449988378696932,0.460518796931102,0.477789230180479,0.451891229591959,0.00190285089502767,"violation"
62,90,"reverse",0.369905994351297,0.483168476855012,0.429757324573638,0.475186772896513,0.491985511409905,0.00881703455489324,"violation in reverse orientation",1,0.317241379310345,1,280,0.541716405199999,0.283947521565939,0.498159879261791,0.410325903324145,0.333694196757818,0.0497466751918791,"violation",1,90,0.369905994351297,0.483168476855012,0.429757324573638,0.475186772896513,0.491985511409905,0.00881703455489324,"violation"
63,160,"reverse",0.331611385567067,0.514864781968424,0.42555111326373,0.491132301421928,0.544576800678702,0.0297120187102782,"violation in reverse orientation",1,0.317241379310345,1,420,0.493396924069008,0.367057763412319,0.49416091644106,0.459289355437442,0.368878267205511,0.00182050379319176,"violation",1,160,0.331611385567067,0.514864781968424,0.42555111326373,0.491132301421928,0.544576800678702,0.0297120187102782,"violation"
64,110,"forward",0.604951973890729,0.272841182473027,0.499255644281672,0.378011325205305,0.28764890298525,0.0148077205122232,"violation in forward orientation",1,0.317241379310345,1,110,0.604951973890729,0.272841182473027,0.499255644281672,0.378011325205305,0.28764890298525,0.0148077205122232,"violation",1,130,0.324790251442971,0.52775317532658,0.416309511622609,0.49140542319029,0.553944496269558,0.0261913209429783,"violation"
65,80,"reverse",0.32367253060101,0.551467297585606,0.4,0.489897948556636,0.555479500333773,0.00401220274816716,"violation in reverse orientation",1,0.317241379310345,1,160,0.501800453905321,0.33870010349401,0.488580533279827,0.42934361238989,0.36275919516977,0.0240590916757608,"violation",1,80,0.32367253060101,0.551467297585606,0.4,0.489897948556636,0.555479500333773,0.00401220274816716,"violation"
66,50,"reverse",0.216786995012799,0.590712364249548,0.3,0.489897948556636,0.702269043280731,0.111556679031183,"violation in reverse orientation",1,0.317241379310345,1,160,0.482064644419067,0.36678871548486,0.484122918275927,0.443309640657633,0.377129922980862,0.0103412074960013,"violation",1,50,0.216786995012799,0.590712364249548,0.3,0.489897948556636,0.702269043280731,0.111556679031183,"violation at burn-in"
67,280,"reverse",0.346925563978323,0.523543521736558,0.444696640464954,0.49630008614769,0.523545318381069,1.79664451105399e-06,"violation in reverse orientation",1,0.317241379310345,1,330,0.501986228714156,0.362353544052593,0.494227467584851,0.454181672610793,0.362623922318977,0.000270378266384874,"violation",1,280,0.346925563978323,0.523543521736558,0.444696640464954,0.49630008614769,0.523545318381069,1.79664451105399e-06,"violation"
68,130,"forward",0.598953602352903,0.270157006058721,0.499467171715321,0.381603592455768,0.292016647046619,0.0218596409878976,"violation in forward orientation",1,0.317241379310345,1,130,0.598953602352903,0.270157006058721,0.499467171715321,0.381603592455768,0.292016647046619,0.0218596409878976,"violation",1,310,0.405113912498506,0.442448973790664,0.469861714994403,0.481294214288512,0.44363327942172,0.00118430563105587,"violation"
69,240,"forward",0.397079275854865,0.445831901197557,0.463512405443479,0.479510746027193,0.454667519313717,0.00883561811615996,"violation in forward orientation",1,0.317241379310345,1,240,0.397079275854865,0.445831901197557,0.463512405443479,0.479510746027193,0.454667519313717,0.00883561811615996,"violation",1,820,0.299105894497366,0.517957530586262,0.435104451141029,0.498832664692945,0.589217697607641,0.0712601670213788,"violation"
70,120,"reverse",0.350374561746575,0.506796146148222,0.428093317968044,0.486198404860494,0.518808692389155,0.012012546240933,"violation in reverse orientation",1,0.317241379310345,1,250,0.479392783543031,0.373393327523893,0.488196681676555,0.454682306671372,0.379075451763218,0.00568212423932501,"violation",1,120,0.350374561746575,0.506796146148222,0.428093317968044,0.486198404860494,0.518808692389155,0.012012546240933,"violation"
71,80,"reverse",0.354108657851495,0.511130300599852,0.417582327212252,0.480722113075735,0.513680531150641,0.00255023055078851,"violation in reverse orientation",1,0.317241379310345,1,210,0.514929792468592,0.35260184694871,0.493403194170995,0.442216638714053,0.353199002011044,0.000597155062333821,"violation",1,80,0.354108657851495,0.511130300599852,0.417582327212252,0.480722113075735,0.513680531150641,0.00255023055078851,"violation"
72,170,"forward",0.474348537465923,0.379062543688314,0.482962312355436,0.450144152228447,0.382748444626104,0.00368590093778998,"violation in forward orientation",1,0.317241379310345,1,170,0.474348537465923,0.379062543688314,0.482962312355436,0.450144152228447,0.382748444626104,0.00368590093778998,"violation",1,480,0.302900894529296,0.499009854998739,0.430580196427513,0.495535624910617,0.584005894933827,0.0849960399350875,"violation"
73,110,"forward",0.500787243770971,0.348881957255449,0.483530405344444,0.424848052565379,0.36349696916715,0.0146150119117009,"violation in forward orientation",1,0.317241379310345,1,110,0.500787243770971,0.348881957255449,0.483530405344444,0.424848052565379,0.36349696916715,0.0146150119117009,"violation",1,270,0.426498756445327,0.414734533522123,0.475186772896513,0.471404520791032,0.417590500602891,0.00285596708076802,"violation"
74,50,"forward",0.734021127930363,0.185611725055255,0.498397431775084,0.271293199325011,0.193666556692173,0.0080548316369187,"violation in forward orientation",1,0.317241379310345,1,50,0.734021127930363,0.185611725055255,0.498397431775084,0.271293199325011,0.193666556692173,0.0080548316369187,"violation at burn-in",1,70,0.314054244758118,0.561680056860571,0.388875931109034,0.489897948556636,0.568688619556889,0.00700856269631855,"violation"
75,50,"reverse",0.4062591846095,0.4062591846095,0.427083130081252,0.427083130081252,0.442060438262272,0.0358012536527716,"violation in reverse orientation",1,0.317241379310345,1,480,0.530685092492824,0.334179407382864,0.498744082393187,0.446514277487294,0.341726701957276,0.00754729457441206,"violation",1,50,0.4062591846095,0.4062591846095,0.427083130081252,0.427083130081252,0.442060438262272,0.0358012536527716,"violation at burn-in"
76,50,"forward",0.546859192020479,0.246504271019468,0.48,0.324961536185438,0.329949450962666,0.0834451799431976,"violation in forward orientation",1,0.317241379310345,1,50,0.546859192020479,0.246504271019468,0.48,0.324961536185438,0.329949450962666,0.0834451799431976,"violation at burn-in",1,220,0.387117227572064,0.464649002261978,0.458257569495584,0.483530405344444,0.468348739192537,0.00369973693055969,"violation"
77,180,"forward",0.437848385566506,0.401862018058301,0.473332029210514,0.460642331993806,0.409326211723791,0.00746419366548934,"violation in forward orientation",1,0.317241379310345,1,180,0.437848385566506,0.401862018058301,0.473332029210514,0.460642331993806,0.409326211723791,0.00746419366548934,"violation",1,210,0.336792989159324,0.524738966234754,0.434378645027856,0.494871659305394,0.537460728154445,0.0127217619196907,"violation"
78,300,"reverse",0.353818506213433,0.511393859906474,0.448998886412873,0.495075751779463,0.51407900626799,0.00268514636151573,"violation in reverse orientation",1,0.317241379310345,1,330,0.355846286144225,0.508186997997579,0.451342248773597,0.495118503406063,0.511294187091102,0.00310718909352303,"violation",1,300,0.353818506213433,0.511393859906474,0.448998886412873,0.495075751779463,0.51407900626799,0.00268514636151573,"violation"
79,160,"forward",0.468812550300504,0.373747426619383,0.480722113075735,0.446514277487294,0.38677950120756,0.0130320745881771,"violation in forward orientation",1,0.317241379310345,1,160,0.468812550300504,0.373747426619383,0.480722113075735,0.446514277487294,0.38677950120756,0.0130320745881771,"violation",1,480,0.371736526770858,0.454215488495063,0.462664197579867,0.48765577995367,0.489471578951803,0.0352560904567401,"violation"
80,50,"forward",0.275078575707952,0.546859192020479,0.346987031457949,0.48,0.622215232062883,0.075356040042404,"violation in forward orientation",1,0.317241379310345,1,50,0.275078575707952,0.546859192020479,0.346987031457949,0.48,0.622215232062883,0.075356040042404,"violation at burn-in",1,70,0.219286761535403,0.66501401703857,0.318157963590287,0.5,0.698836028857332,0.0338220118187618,"violation"
81,100,"forward",0.460420391058284,0.381661638370415,0.47021271782035,0.438634243989226,0.392890293688673,0.0112286553182573,"violation in forward orientation",1,0.317241379310345,1,100,0.460420391058284,0.381661638370415,0.47021271782035,0.438634243989226,0.392890293688673,0.0112286553182573,"violation",1,320,0.376459633287376,0.481392662703194,0.459608784049,0.49052546761101,0.482985176062636,0.00159251335944233,"violation"
82,280,"reverse",0.343039395495662,0.512586729286539,0.44284274170133,0.494871659305394,0.528882325790401,0.0162955965038618,"violation in reverse orientation",1,0.317241379310345,1,480,0.536988703245666,0.329731221437826,0.49914858064063,0.444390187660449,0.337136696443732,0.0074054750059056,"violation",1,280,0.343039395495662,0.512586729286539,0.44284274170133,0.494871659305394,0.528882325790401,0.0162955965038618,"violation"
83,160,"forward",0.482064644419067,0.373747426619383,0.484122918275927,0.446514277487294,0.377129922980862,0.00338249636147842,"violation in forward orientation",1,0.317241379310345,1,160,0.482064644419067,0.373747426619383,0.484122918275927,0.446514277487294,0.377129922980862,0.00338249636147842,"violation",1,280,0.275944412445548,0.552567508021396,0.40525879864298,0.498965767096996,0.621026149009887,0.068458640988491,"violation"
84,180,"reverse",0.334293780447042,0.536934934325295,0.429757324573638,0.495535624910617,0.54089297651795,0.0039580421926545,"violation in reverse orientation",1,0.317241379310345,1,360,0.544862178082998,0.330492562064598,0.499065484705856,0.440739768128401,0.331403586591128,0.000911024526529913,"violation",1,180,0.334293780447042,0.536934934325295,0.429757324573638,0.495535624910617,0.54089297651795,0.0039580421926545,"violation"
85,70,"forward",0.515278239716522,0.332011213630856,0.479157423749955,0.4,0.352945278414856,0.020934064784,"violation in forward orientation",1,0.317241379310345,1,70,0.515278239716522,0.332011213630856,0.479157423749955,0.4,0.352945278414856,0.020934064784,"violation",1,320,0.396420134941191,0.45224607951356,0.467195338563004,0.484122918275927,0.455572739958618,0.00332666044505875,"violation"
86,80,"forward",0.483698556974645,0.354108657851495,0.472857007984443,0.417582327212252,0.375940181429106,0.0218315235776105,"violation in forward orientation",1,0.317241379310345,1,80,0.483698556974645,0.354108657851495,0.472857007984443,0.417582327212252,0.375940181429106,0.0218315235776105,"violation",1,270,0.371152964404927,0.484594608714441,0.454952928721794,0.489897948556636,0.490273005005427,0.00567839629098582,"violation"
87,90,"forward",0.47095319093603,0.356808336031459,0.471404520791032,0.422952584681651,0.385220783084752,0.0284124470532928,"violation in forward orientation",1,0.317241379310345,1,90,0.47095319093603,0.356808336031459,0.471404520791032,0.422952584681651,0.385220783084752,0.0284124470532928,"violation",1,210,0.368295982940779,0.490245515347777,0.449464281772834,0.48890177266058,0.494196594862767,0.00395107951498969,"violation"
88,160,"forward",0.553623923094054,0.324494638919108,0.49682586235018,0.421631874388073,0.325023678394721,0.00052903947561278,"violation in forward orientation",1,0.317241379310345,1,160,0.553623923094054,0.324494638919108,0.49682586235018,0.421631874388073,0.325023678394721,0.00052903947561278,"violation",1,320,0.379796219069338,0.468472225385485,0.460934851687307,0.487890468624875,0.478402929276462,0.00993070389097722,"violation"
89,50,"reverse",0.329560327676681,0.524410079701748,0.384187454245971,0.47370877129308,0.547393588269563,0.0229835085678155,"violation in reverse orientation",1,0.317241379310345,1,90,0.623601442490623,0.247071505072811,0.499505928733089,0.351539822656808,0.274069199692248,0.0269976946194365,"violation",1,50,0.329560327676681,0.524410079701748,0.384187454245971,0.47370877129308,0.547393588269563,0.0229835085678155,"violation at burn-in"
90,120,"reverse",0.261302669646642,0.618616552533164,0.372677996249965,0.499930550732355,0.641134152600555,0.0225176000673912,"violation in reverse orientation",1,0.317241379310345,1,580,0.461401211638112,0.391915472497341,0.490246728632228,0.471809328867269,0.392176104306471,0.000260631809130385,"violation",1,120,0.261302669646642,0.618616552533164,0.372677996249965,0.499930550732355,0.641134152600555,0.0225176000673912,"violation"
91,90,"forward",0.721968833534088,0.139488250402838,0.493913572686508,0.249443825784929,0.202442494785244,0.0629542443824055,"violation in forward orientation",1,0.317241379310345,1,90,0.721968833534088,0.139488250402838,0.493913572686508,0.249443825784929,0.202442494785244,0.0629542443824055,"violation",1,90,0.289392299544533,0.577997924209187,0.382325567424117,0.495535624910617,0.60255770807446,0.0245597838652732,"violation"
92,110,"forward",0.520140641333334,0.348881957255449,0.487954069102532,0.424848052565379,0.349404696499932,0.000522739244483872,"violation in forward orientation",1,0.317241379310345,1,110,0.520140641333334,0.348881957255449,0.487954069102532,0.424848052565379,0.349404696499932,0.000522739244483872,"violation",1,280,0.335248276375803,0.501589728998951,0.439024312468883,0.493206397992167,0.539582134780978,0.0379924057820269,"violation"
93,140,"forward",0.581867813465497,0.302689270193088,0.498722858706034,0.40525879864298,0.304457749181785,0.00176847898869731,"violation in forward orientation",1,0.317241379310345,1,140,0.581867813465497,0.302689270193088,0.498722858706034,0.40525879864298,0.304457749181785,0.00176847898869731,"violation",1,220,0.445487180289561,0.401839643899268,0.478375349706286,0.463970467854714,0.403763985363312,0.00192434146404463,"violation"
94,110,"forward",0.461492994741696,0.39067852237157,0.472464962188592,0.445361771415123,0.392109271983218,0.00143074961164724,"violation in forward orientation",1,0.317241379310345,1,110,0.461492994741696,0.39067852237157,0.472464962188592,0.445361771415123,0.392109271983218,0.00143074961164724,"violation",1,280,0.373960382911406,0.483170904402714,0.456682245625323,0.489897948556636,0.486417481644301,0.00324657724158667,"violation"
95,160,"forward",0.514864781968424,0.352796350711866,0.491132301421928,0.436561493377508,0.353246339729998,0.00044998901813148,"violation in forward orientation",1,0.317241379310345,1,160,0.514864781968424,0.352796350711866,0.491132301421928,0.436561493377508,0.353246339729998,0.00044998901813148,"violation",1,1100,0.432069302955637,0.411603507161772,0.487126843833792,0.482061688038347,0.413534279462611,0.00193077230083921,"violation"
96,280,"reverse",0.354679507151871,0.497915058352275,0.448296093843234,0.492598275701905,0.512896564382522,0.0149815060302473,"violation in reverse orientation",1,0.317241379310345,1,1070,0.417899379470019,0.424597068571827,0.483575099939874,0.485247468950437,0.426074562587083,0.00147749401525588,"violation",1,280,0.354679507151871,0.497915058352275,0.448296093843234,0.492598275701905,0.512896564382522,0.0149815060302473,"violation"
97,170,"reverse",0.372558896878605,0.461873347802852,0.447252280124009,0.479655297221087,0.488342190100588,0.0264688422977367,"violation in reverse orientation",1,0.317241379310345,1,170,0.468119275154572,0.385545813249943,0.481347589305383,0.452941176470588,0.387284312952288,0.00173849970234563,"violation",1,170,0.372558896878605,0.461873347802852,0.447252280124009,0.479655297221087,0.488342190100588,0.0264688422977367,"violation"
98,160,"forward",0.540775613696132,0.317349074358807,0.495250883391438,0.417582327212252,0.334379238769319,0.0170301644105125,"violation in forward orientation",1,0.317241379310345,1,160,0.540775613696132,0.317349074358807,0.495250883391438,0.417582327212252,0.334379238769319,0.0170301644105125,"violation",1,280,0.31171846442978,0.497915058352275,0.426647467148804,0.492598275701905,0.571896426159853,0.0739813678075784,"violation"
99,60,"forward",0.482234168322183,0.363298063516486,0.465176191231762,0.411973569810276,0.377006483307873,0.0137084197913871,"violation in forward orientation",1,0.317241379310345,1,60,0.482234168322183,0.363298063516486,0.465176191231762,0.411973569810276,0.377006483307873,0.0137084197913871,"violation",1,330,0.365601373173368,0.49577349344055,0.455564514234741,0.49326036240911,0.497897194144064,0.00212370070351359,"violation"
100,110,"forward",0.586418960663303,0.294997309582735,0.497929597731969,0.393017569476678,0.301143808719731,0.00614649913699633,"violation in forward orientation",1,0.317241379310345,1,110,0.586418960663303,0.294997309582735,0.497929597731969,0.393017569476678,0.301143808719731,0.00614649913699633,"violation",1,240,0.401549541293642,0.4414370072088,0.465176191231762,0.478260011802041,0.448528351679869,0.00709134447106918,"violation"
101,220,"forward",0.497849907059976,0.362373831913801,0.490803860775428,0.447652277983114,0.365635805498775,0.0032619735849736,"violation in forward orientation",1,0.317241379310345,1,220,0.497849907059976,0.362373831913801,0.490803860775428,0.447652277983114,0.365635805498775,0.0032619735849736,"violation",1,280,0.291919277935724,0.534460452689494,0.415208332266675,0.49749371855331,0.599087322666009,0.0646268699765148,"violation"
102,50,"forward",0.546859192020479,0.275078575707952,0.48,0.346987031457949,0.329949450962666,0.0548708752547136,"violation in forward orientation",1,0.317241379310345,1,50,0.546859192020479,0.275078575707952,0.48,0.346987031457949,0.329949450962666,0.0548708752547136,"violation at burn-in",1,460,0.443785251312281,0.403095726101107,0.484953177245992,0.473414177002303,0.405003253410733,0.00190752730962662,"violation"
103,50,"reverse",0.275078575707952,0.524410079701748,0.346987031457949,0.47370877129308,0.622215232062883,0.0978051523611353,"violation in reverse orientation",1,0.317241379310345,1,50,0.56895608070809,0.302716065288689,0.485386443980464,0.366606055596467,0.313859491590956,0.0111434263022674,"violation at burn-in",1,50,0.275078575707952,0.524410079701748,0.346987031457949,0.47370877129308,0.622215232062883,0.0978051523611353,"violation at burn-in"
104,200,"reverse",0.412767043137921,0.42886366220779,0.466476151587624,0.471990466005406,0.433122974706579,0.00425931249878875,"violation in reverse orientation",1,0.317241379310345,1,320,0.516653677363885,0.346245289327667,0.496078370824611,0.446514277487294,0.351943746652749,0.0056984573250819,"violation",1,200,0.412767043137921,0.42886366220779,0.466476151587624,0.471990466005406,0.433122974706579,0.00425931249878875,"violation"
105,60,"forward",0.661196578770763,0.206777284463185,0.499722145018832,0.3,0.246694114273073,0.0399168298098882,"violation in forward orientation",1,0.317241379310345,1,60,0.661196578770763,0.206777284463185,0.499722145018832,0.3,0.246694114273073,0.0399168298098882,"violation",1,520,0.420962826105287,0.420962826105287,0.479887653272423,0.479887653272423,0.421867427084989,0.00090460097970213,"violation"
106,70,"forward",0.650660936341786,0.219286761535403,0.499795876701026,0.318157963590287,0.254365694694806,0.0350789331594031,"violation in forward orientation",1,0.317241379310345,1,70,0.650660936341786,0.219286761535403,0.499795876701026,0.318157963590287,0.254365694694806,0.0350789331594031,"violation",1,820,0.33253499806141,0.505659541798783,0.451588510952472,0.497847836962852,0.543308372213066,0.0376488304142828,"violation"
107,70,"forward",0.707263868466018,0.199008410223142,0.498159879261791,0.3,0.213149988218033,0.0141415779948907,"violation in forward orientation",1,0.317241379310345,1,70,0.707263868466018,0.199008410223142,0.498159879261791,0.3,0.213149988218033,0.0141415779948907,"violation",1,190,0.329389635732299,0.53790861492356,0.428357683144754,0.495995040632878,0.547628005324805,0.00971939040124492,"violation"
108,50,"forward",0.524410079701748,0.246504271019468,0.47370877129308,0.324961536185438,0.34629588372276,0.0997916127032922,"violation in forward orientation",1,0.317241379310345,1,50,0.524410079701748,0.246504271019468,0.47370877129308,0.324961536185438,0.34629588372276,0.0997916127032922,"violation at burn-in",1,130,0.403430675553994,0.445720040334105,0.454822938433676,0.470490113334555,0.445944925992012,0.000224885657906737,"violation"
109,50,"forward",0.633238465893974,0.246504271019468,0.496386945839634,0.324961536185438,0.267051953182287,0.0205476821628185,"violation in forward orientation",1,0.317241379310345,1,50,0.633238465893974,0.246504271019468,0.496386945839634,0.324961536185438,0.267051953182287,0.0205476821628185,"violation at burn-in",1,90,0.343591528449175,0.519317495001799,0.415739709641549,0.484831649539365,0.528124062818277,0.00880656781647782,"violation"
110,50,"forward",0.674489213358372,0.185611725055255,0.499599839871872,0.271293199325011,0.237015016302257,0.0514032912470019,"violation in forward orientation",1,0.317241379310345,1,50,0.674489213358372,0.185611725055255,0.499599839871872,0.271293199325011,0.237015016302257,0.0514032912470019,"violation at burn-in",1,210,0.470328659277918,0.373502835177504,0.484428737601372,0.451753951452626,0.385675538917007,0.0121727037395025,"violation"
111,200,"forward",0.56418994193591,0.308043640345364,0.498773495687171,0.417582327212252,0.317329979236907,0.00928633889154284,"violation in forward orientation",1,0.317241379310345,1,200,0.56418994193591,0.308043640345364,0.498773495687171,0.417582327212252,0.317329979236907,0.00928633889154284,"violation",1,580,0.381113251864869,0.475506458133943,0.468051848302266,0.492810981508974,0.476594203324553,0.00108774519061011,"violation"
112,110,"forward",0.510487804411299,0.338260821129089,0.485832335123178,0.419070202604222,0.356433457702154,0.0181726365730649,"violation in forward orientation",1,0.317241379310345,1,110,0.510487804411299,0.338260821129089,0.485832335123178,0.419070202604222,0.356433457702154,0.0181726365730649,"violation",1,220,0.337356383268003,0.535295647096653,0.435605401844034,0.496495986351159,0.536686999854755,0.00139135275810276,"violation"
113,160,"forward",0.572764456021478,0.302968040723733,0.498591766879478,0.409076704298839,0.311086404169875,0.00811836344614247,"violation in forward orientation",1,0.317241379310345,1,160,0.572764456021478,0.302968040723733,0.498591766879478,0.409076704298839,0.311086404169875,0.00811836344614247,"violation",1,190,0.347037056045802,0.516216676743844,0.437475761101397,0.492857572994083,0.523392202531133,0.00717552578728931,"violation"
114,190,"forward",0.381884873942699,0.466712555528106,0.453518103674055,0.48237638894272,0.475534508469594,0.0088219529414878,"violation in forward orientation",1,0.317241379310345,1,190,0.381884873942699,0.466712555528106,0.453518103674055,0.48237638894272,0.475534508469594,0.0088219529414878,"violation",1,280,0.339146993140407,0.483170904402714,0.440952123830019,0.489897948556636,0.534227894389081,0.0510569899863673,"violation"
115,70,"reverse",0.295810536031579,0.59189294941248,0.376883027379226,0.494871659305394,0.593743325517698,0.00185037610521743,"violation in reverse orientation",1,0.317241379310345,1,280,0.490552112022985,0.331343161645705,0.491301893971933,0.43705881545081,0.370949731242271,0.0396065695965658,"violation",1,70,0.295810536031579,0.59189294941248,0.376883027379226,0.494871659305394,0.593743325517698,0.00185037610521743,"violation"
116,60,"reverse",0.230926430345563,0.677962140771975,0.321022671404304,0.5,0.682850875625001,0.00488873485302554,"violation in reverse orientation",1,0.317241379310345,1,90,0.61230983413901,0.247071505072811,0.498887651569859,0.351539822656808,0.282291240459488,0.0352197353866767,"violation",1,60,0.230926430345563,0.677962140771975,0.321022671404304,0.5,0.682850875625001,0.00488873485302554,"violation"
117,50,"forward",0.546859192020479,0.329560327676681,0.48,0.384187454245971,0.329949450962666,0.000389123285984561,"violation in forward orientation",1,0.317241379310345,1,50,0.546859192020479,0.329560327676681,0.48,0.384187454245971,0.329949450962666,0.000389123285984561,"violation at burn-in",1,90,0.232572423955049,0.589508511541965,0.339934634239519,0.496903994999953,0.680590376593955,0.0910818650519896,"violation"
118,50,"forward",0.501594493296846,0.275078575707952,0.466476151587624,0.346987031457949,0.362909166410944,0.0878305907029915,"violation in forward orientation",1,0.317241379310345,1,50,0.501594493296846,0.275078575707952,0.466476151587624,0.346987031457949,0.362909166410944,0.0878305907029915,"violation at burn-in",1,160,0.302968040723733,0.527856174668703,0.409076704298839,0.493354271796647,0.583913680780268,0.0560575061115642,"violation"
119,50,"forward",0.612137383051339,0.246504271019468,0.493558507170123,0.324961536185438,0.282416811576465,0.0359125405569967,"violation in forward orientation",1,0.317241379310345,1,50,0.612137383051339,0.246504271019468,0.493558507170123,0.324961536185438,0.282416811576465,0.0359125405569967,"violation at burn-in",1,280,0.315656938241354,0.508925548938443,0.428809457708675,0.49434299833213,0.566487586062566,0.0575620371241234,"violation"
120,160,"reverse",0.317349074358807,0.553623923094054,0.417582327212252,0.49682586235018,0.564163717955268,0.0105397948612137,"violation in reverse orientation",1,0.317241379310345,1,240,0.315152301376142,0.566123219797039,0.42555111326373,0.499374608885954,0.567180621040507,0.00105740124346854,"violation",1,160,0.317349074358807,0.553623923094054,0.417582327212252,0.49682586235018,0.564163717955268,0.0105397948612137,"violation"
121,90,"forward",0.577997924209187,0.303158498150334,0.495535624910617,0.391420332306856,0.307275628286274,0.00411713013594028,"violation in forward orientation",1,0.317241379310345,1,90,0.577997924209187,0.303158498150334,0.495535624910617,0.391420332306856,0.307275628286274,0.00411713013594028,"violation",1,160,0.373747426619383,0.448788001011108,0.446514277487294,0.474958879799083,0.486709941766259,0.0379219407551518,"violation"
122,120,"forward",0.576331088782478,0.301574017175407,0.49749371855331,0.4,0.308489342790349,0.00691532561494174,"violation in forward orientation",1,0.317241379310345,1,120,0.576331088782478,0.301574017175407,0.49749371855331,0.4,0.308489342790349,0.00691532561494174,"violation",1,160,0.36678871548486,0.488662040908508,0.443309640657633,0.485693769262073,0.496266576546777,0.00760453563826879,"violation"
123,120,"reverse",0.321281192805974,0.550531010507825,0.411973569810276,0.49434299833213,0.558763605896171,0.00823259538834598,"violation in reverse orientation",1,0.317241379310345,1,180,0.513980905559012,0.346746223030849,0.492035329455212,0.436173031697567,0.353889938732468,0.00714371570161926,"violation",1,120,0.321281192805974,0.550531010507825,0.411973569810276,0.49434299833213,0.558763605896171,0.00823259538834598,"violation"
124,50,"forward",0.524410079701748,0.185611725055255,0.47370877129308,0.271293199325011,0.34629588372276,0.160684158667506,"violation in forward orientation",1,0.317241379310345,1,50,0.524410079701748,0.185611725055255,0.47370877129308,0.271293199325011,0.34629588372276,0.160684158667506,"violation at burn-in",1,70,0.332011213630856,0.53089372836024,0.4,0.483186700722508,0.544027703194014,0.0131339748337732,"violation"
125,60,"forward",0.556383151271119,0.321054517826778,0.486198404860494,0.386939558874797,0.323014532677697,0.00196001485091907,"violation in forward orientation",1,0.317241379310345,1,60,0.556383151271119,0.321054517826778,0.486198404860494,0.386939558874797,0.323014532677697,0.00196001485091907,"violation",1,180,0.365280019289988,0.496623410290188,0.44510367775454,0.488731035121935,0.498338520366606,0.00171511007641822,"violation"
126,50,"reverse",0.216786995012799,0.654021127930363,0.3,0.498397431775084,0.702269043280731,0.0482479153503687,"violation in reverse orientation",1,0.317241379310345,1,310,0.452550594231148,0.391417622111777,0.483913976583205,0.464963941851026,0.398620725379864,0.00720310326808771,"violation",1,50,0.216786995012799,0.654021127930363,0.3,0.498397431775084,0.702269043280731,0.0482479153503687,"violation at burn-in"
127,110,"reverse",0.316792091153819,0.539305562933781,0.406659440842637,0.491666083017817,0.564928641942778,0.0256230790089966,"violation in reverse orientation",1,0.317241379310345,1,270,0.383110770095487,0.46921705255693,0.459856242819815,0.486639043130573,0.473850943570209,0.00463389101327866,"violation",1,110,0.316792091153819,0.539305562933781,0.406659440842637,0.491666083017817,0.564928641942778,0.0256230790089966,"violation"
128,50,"forward",0.56895608070809,0.216786995012799,0.485386443980464,0.3,0.313859491590956,0.0970724965781571,"violation in forward orientation",1,0.317241379310345,1,50,0.56895608070809,0.216786995012799,0.485386443980464,0.3,0.313859491590956,0.0970724965781571,"violation at burn-in",1,50,0.329560327676681,0.501594493296846,0.384187454245971,0.466476151587624,0.547393588269563,0.0457990949727176,"violation at burn-in"
129,90,"reverse",0.261362863693741,0.623601442490622,0.362433476228891,0.499505928733089,0.641051486067491,0.017450043576869,"violation in reverse orientation",1,0.317241379310345,1,220,0.626678212540374,0.270840871541677,0.498986576278145,0.396550206298903,0.271828834281693,0.000987962740015613,"violation",1,90,0.261362863693741,0.623601442490622,0.362433476228891,0.499505928733089,0.641051486067491,0.017450043576869,"violation"
130,160,"forward",0.401344476533183,0.408186562251593,0.458257569495584,0.460934851687307,0.448809974093011,0.0406234118414179,"violation in forward orientation",1,0.317241379310345,1,160,0.401344476533183,0.408186562251593,0.458257569495584,0.460934851687307,0.448809974093011,0.0406234118414179,"violation",1,290,0.402311566276345,0.445949486184155,0.468051848302266,0.481574903450927,0.4474818368422,0.00153235065804502,"violation"
131,90,"forward",0.589508511541965,0.289392299544533,0.496903994999953,0.382325567424117,0.298894136885055,0.00950183734052212,"violation in forward orientation",1,0.317241379310345,1,90,0.589508511541965,0.289392299544533,0.496903994999953,0.382325567424117,0.298894136885055,0.00950183734052212,"violation",1,100,0.322972911087052,0.535880378407413,0.407308237088326,0.489897948556636,0.556440311617783,0.0205599332103694,"violation"
132,330,"forward",0.397874881083014,0.445631017955166,0.468091096437243,0.482722612163391,0.453574887582365,0.00794386962719967,"violation in forward orientation",1,0.317241379310345,1,330,0.397874881083014,0.445631017955166,0.468091096437243,0.482722612163391,0.453574887582365,0.00794386962719967,"violation",1,480,0.391446939095786,0.424050232956508,0.469910600244581,0.480121331598124,0.46240259903277,0.0383523660762619,"violation"
133,160,"forward",0.553623923094054,0.28115698818386,0.49682586235018,0.395235293844059,0.325023678394721,0.0438666902108612,"violation in forward orientation",1,0.317241379310345,1,160,0.553623923094054,0.28115698818386,0.49682586235018,0.395235293844059,0.325023678394721,0.0438666902108612,"violation",1,180,0.352943065884975,0.508208733407478,0.439240365592044,0.490999233108953,0.515281278259092,0.00707254485161402,"violation"
134,50,"reverse",0.329560327676681,0.546859192020479,0.384187454245971,0.48,0.547393588269563,0.000534396249084246,"violation in reverse orientation",1,0.317241379310345,1,170,0.541811513604276,0.333085006469814,0.495795470722482,0.427797125542981,0.33362494310033,0.000539936630516547,"violation",1,50,0.329560327676681,0.546859192020479,0.384187454245971,0.48,0.547393588269563,0.000534396249084246,"violation at burn-in"
135,140,"forward",0.454767023275975,0.39222269413651,0.474664220738176,0.451753951452626,0.397006821549976,0.00478412741346651,"violation in forward orientation",1,0.317241379310345,1,140,0.454767023275975,0.39222269413651,0.474664220738176,0.451753951452626,0.397006821549976,0.00478412741346651,"violation",1,170,0.352921590561406,0.499102121378885,0.437988481623207,0.488660339433885,0.515310771051676,0.0162086496727901,"violation"
136,120,"reverse",0.397760745319089,0.443936787615569,0.450616861153192,0.46837484987988,0.453731634110585,0.00979484649501572,"violation in reverse orientation",1,0.317241379310345,1,220,0.662346604861533,0.239286488093452,0.495329425402349,0.374027665039467,0.245856717056728,0.00657022896327564,"violation",1,120,0.397760745319089,0.443936787615569,0.450616861153192,0.46837484987988,0.453731634110585,0.00979484649501572,"violation"
137,60,"forward",0.53818458826428,0.277090389131333,0.481894409826699,0.357071421427142,0.33626590682105,0.0591755176897167,"violation in forward orientation",1,0.317241379310345,1,60,0.53818458826428,0.277090389131333,0.481894409826699,0.357071421427142,0.33626590682105,0.0591755176897167,"violation",1,170,0.339720188690802,0.52360068774411,0.431301241878197,0.493171362793487,0.533440705435976,0.0098400176918666,"violation"
138,50,"forward",0.478395081610861,0.355715993350399,0.458257569495584,0.4,0.379801933386067,0.0240859400356679,"violation in forward orientation",1,0.317241379310345,1,50,0.478395081610861,0.355715993350399,0.458257569495584,0.4,0.379801933386067,0.0240859400356679,"violation at burn-in",1,180,0.536934934325295,0.334293780447042,0.495535624910617,0.429757324573638,0.337175848550459,0.00288206810341707,"violation"
139,100,"reverse",0.261683564317147,0.608432477215472,0.366606055596467,0.499099188538711,0.640611056989099,0.0321785797736269,"violation in reverse orientation",1,0.317241379310345,1,100,0.618571340202755,0.274187264057314,0.499599839871872,0.375632799419859,0.27773189368467,0.00354462962735635,"violation",1,100,0.261683564317147,0.608432477215472,0.366606055596467,0.499099188538711,0.640611056989099,0.0321785797736269,"violation"
140,190,"forward",0.53790861492356,0.335289554908548,0.495995040632878,0.431482659348623,0.336466858181335,0.00117730327278764,"violation in forward orientation",1,0.317241379310345,1,190,0.53790861492356,0.335289554908548,0.495995040632878,0.431482659348623,0.336466858181335,0.00117730327278764,"violation",1,320,0.478167536506022,0.369774388887642,0.489897948556636,0.45688098491292,0.379967621485593,0.0101932325979512,"violation"
141,200,"reverse",0.363797270986704,0.492216616898357,0.446514277487294,0.488850692952357,0.500374829064004,0.00815821216564788,"violation in reverse orientation",1,0.317241379310345,1,210,0.480306193153399,0.357845686081477,0.486763572497166,0.444696640464954,0.378410348013622,0.0205646619321445,"violation",1,200,0.363797270986704,0.492216616898357,0.446514277487294,0.488850692952357,0.500374829064004,0.00815821216564788,"violation"
142,50,"forward",0.790712364249548,0.116284945699819,0.489897948556636,0.195959179422654,0.152386551076763,0.0361016053769439,"violation in forward orientation",1,0.317241379310345,1,50,0.790712364249548,0.116284945699819,0.489897948556636,0.195959179422654,0.152386551076763,0.0361016053769439,"violation at burn-in",1,230,0.404043470317428,0.441094804966932,0.465461130785602,0.477647828441754,0.445103354092224,0.00400854912529214,"violation"
143,50,"forward",0.633238465893974,0.246504271019468,0.496386945839634,0.324961536185438,0.267051953182287,0.0205476821628185,"violation in forward orientation",1,0.317241379310345,1,50,0.633238465893974,0.246504271019468,0.496386945839634,0.324961536185438,0.267051953182287,0.0205476821628185,"violation at burn-in",1,260,0.392933255764321,0.44597794645947,0.463122282470526,0.480446045219298,0.460361389777953,0.014383443318483,"violation"
144,90,"forward",0.634820744786182,0.202857682846242,0.499876527964533,0.314269680527354,0.265899808939255,0.0630421260930121,"violation in forward orientation",1,0.317241379310345,1,90,0.634820744786182,0.202857682846242,0.499876527964533,0.314269680527354,0.265899808939255,0.0630421260930121,"violation",1,280,0.475771278006254,0.38163250583752,0.488385511827762,0.459799756770848,0.381712469027274,7.996318975384e-05,"violation"
145,60,"forward",0.574366575369876,0.299311814729174,0.489897948556636,0.372677996249965,0.309919813000015,0.010607998270841,"violation in forward orientation",1,0.317241379310345,1,60,0.574366575369876,0.299311814729174,0.489897948556636,0.372677996249965,0.309919813000015,0.010607998270841,"violation",1,70,0.314054244758118,0.561680056860571,0.388875931109034,0.489897948556636,0.568688619556889,0.00700856269631855,"violation"
146,240,"reverse",0.379117776298729,0.476397899680183,0.456416446047053,0.487179381747627,0.479334657818265,0.00293675813808186,"violation in reverse orientation",1,0.317241379310345,1,330,0.535943973543095,0.3362289758243,0.49819693260269,0.442216638714053,0.337897421571438,0.00166844574713776,"violation",1,240,0.379117776298729,0.476397899680183,0.456416446047053,0.487179381747627,0.479334657818265,0.00293675813808186,"violation"
147,270,"forward",0.434313902006669,0.406863527543606,0.477548035489912,0.468719763542411,0.411899863502633,0.00503633595902725,"violation in forward orientation",1,0.317241379310345,1,270,0.434313902006669,0.406863527543606,0.477548035489912,0.468719763542411,0.411899863502633,0.00503633595902725,"violation",1,310,0.452550594231148,0.398274015297037,0.483913976583205,0.467463766006111,0.398620725379864,0.000346710082826829,"violation"
148,160,"reverse",0.331611385567067,0.534324833300536,0.42555111326373,0.49434299833213,0.544576800678702,0.0102519673781655,"violation in reverse orientation",1,0.317241379310345,1,180,0.576595745763101,0.302797954213182,0.499227798766984,0.411973569810276,0.308296631493936,0.00549867728075487,"violation",1,160,0.331611385567067,0.534324833300536,0.42555111326373,0.49434299833213,0.544576800678702,0.0102519673781655,"violation"
149,50,"forward",0.4062591846095,0.355715993350399,0.427083130081252,0.4,0.442060438262272,0.0863444449118725,"violation in forward orientation",1,0.317241379310345,1,50,0.4062591846095,0.355715993350399,0.427083130081252,0.4,0.442060438262272,0.0863444449118725,"violation at burn-in",1,70,0.239040057693904,0.66501401703857,0.334724986110285,0.5,0.671708155110474,0.00669413807190367,"violation"
150,50,"forward",0.772137383051339,0.116284945699819,0.493558507170123,0.195959179422654,0.16591201599785,0.0496270702980309,"violation in forward orientation",1,0.317241379310345,1,50,0.772137383051339,0.116284945699819,0.493558507170123,0.195959179422654,0.16591201599785,0.0496270702980309,"violation at burn-in",1,140,0.327572698663508,0.545245544285079,0.419912527334259,0.494871659305394,0.550123266825096,0.00487772254001673,"violation"
151,50,"reverse",0.501594493296846,0.275078575707952,0.466476151587624,0.346987031457949,0.362909166410944,0.0878305907029915,"violation in reverse orientation",1,0.317241379310345,1,140,0.559967969201867,0.294306564960633,0.496723961448963,0.4,0.320404229676396,0.0260976647157631,"violation",1,50,0.501594493296846,0.275078575707952,0.466476151587624,0.346987031457949,0.362909166410944,0.0878305907029915,"violation at burn-in"
152,100,"reverse",0.274187264057314,0.587987176577287,0.375632799419859,0.49749371855331,0.623439300680779,0.0354521241034924,"violation in reverse orientation",1,0.317241379310345,1,160,0.553623923094054,0.310173845011429,0.49682586235018,0.413398642353842,0.325023678394721,0.0148498333832917,"violation",1,100,0.274187264057314,0.587987176577287,0.375632799419859,0.49749371855331,0.623439300680779,0.0354521241034924,"violation"
153,50,"forward",0.694644991687999,0.152451248673278,0.5,0.237486841740758,0.222338486089625,0.0698872374163469,"violation in forward orientation",1,0.317241379310345,1,50,0.694644991687999,0.152451248673278,0.5,0.237486841740758,0.222338486089625,0.0698872374163469,"violation at burn-in",1,190,0.387638346168515,0.466712555528106,0.455924375320162,0.48237638894272,0.467633069292272,0.000920513764166464,"violation"
154,160,"reverse",0.331611385567067,0.540775613696132,0.42555111326373,0.495250883391438,0.544576800678702,0.00380118698257004,"violation in reverse orientation",1,0.317241379310345,1,170,0.613295621663496,0.279091697031821,0.499965396726489,0.395519893506217,0.281573434371837,0.00248173734001528,"violation",1,160,0.331611385567067,0.540775613696132,0.42555111326373,0.495250883391438,0.544576800678702,0.00380118698257004,"violation"
155,120,"forward",0.497935774039918,0.359957099047924,0.484122918275927,0.433012701892219,0.365573281030368,0.00561618198244357,"violation in forward orientation",1,0.317241379310345,1,120,0.497935774039918,0.359957099047924,0.484122918275927,0.433012701892219,0.365573281030368,0.00561618198244357,"violation",1,370,0.327793742830324,0.539293917620422,0.439810371515523,0.498763994569612,0.549819699349484,0.0105257817290622,"violation"
156,480,"forward",0.421885974792624,0.419720412259025,0.479510746027193,0.478890318862263,0.420949320499747,0.00122890824072169,"violation in forward orientation",1,0.317241379310345,1,480,0.421885974792624,0.419720412259025,0.479510746027193,0.478890318862263,0.420949320499747,0.00122890824072169,"violation",1,820,0.384679357357456,0.438698889189375,0.472118203269496,0.487249684053618,0.471696749310062,0.0329978601206873,"violation"
157,50,"reverse",0.355715993350399,0.501594493296846,0.4,0.466476151587624,0.51147312261825,0.00987862932140415,"violation in reverse orientation",1,0.317241379310345,1,170,0.517499539024263,0.339720188690802,0.49215295678475,0.431301241878197,0.351327828278811,0.0116076395880082,"violation",1,50,0.355715993350399,0.501594493296846,0.4,0.466476151587624,0.51147312261825,0.00987862932140415,"violation at burn-in"
158,100,"reverse",0.334897285537307,0.525284595613564,0.41424630354416,0.487749935930288,0.540064162442419,0.0147795668288543,"violation in reverse orientation",1,0.317241379310345,1,220,0.590503305596287,0.291555422491102,0.499979338416074,0.409872989801225,0.29816977264792,0.00661435015681783,"violation",1,100,0.334897285537307,0.525284595613564,0.41424630354416,0.487749935930288,0.540064162442419,0.0147795668288543,"violation"
159,90,"forward",0.446262250701477,0.395765536459536,0.462948147911104,0.442216638714053,0.403199613988942,0.00743407752940595,"violation in forward orientation",1,0.317241379310345,1,90,0.446262250701477,0.395765536459536,0.462948147911104,0.442216638714053,0.403199613988942,0.00743407752940595,"violation",1,330,0.401082409592562,0.448788389833803,0.469217741838689,0.483530405344444,0.449169879539744,0.000381489705940596,"violation"
160,130,"reverse",0.315822436282835,0.543783283898899,0.411088898950381,0.494047406871736,0.566260301970907,0.0224770180720087,"violation in reverse orientation",1,0.317241379310345,1,290,0.503141979287028,0.357974050096554,0.493669797742711,0.4503400749604,0.361782356792525,0.00380830669597143,"violation",1,130,0.315822436282835,0.543783283898899,0.411088898950381,0.494047406871736,0.566260301970907,0.0224770180720087,"violation"
161,90,"forward",0.566413277978533,0.289392299544533,0.493913572686508,0.382325567424117,0.31571104604223,0.0263187464976972,"violation in forward orientation",1,0.317241379310345,1,90,0.566413277978533,0.289392299544533,0.493913572686508,0.382325567424117,0.31571104604223,0.0263187464976972,"violation",1,160,0.259030400808886,0.604317250201883,0.379967103839267,0.499960935974002,0.64425473671244,0.0399374865105567,"violation"
162,480,"reverse",0.320815086996334,0.505365987459366,0.439992897669951,0.496336404456583,0.559403724864424,0.0540377374050585,"violation in reverse orientation",1,0.317241379310345,1,510,0.499231643925458,0.363236375960381,0.495795470722482,0.459949180617251,0.364629686929673,0.00139331096929141,"violation",1,480,0.320815086996334,0.505365987459366,0.439992897669951,0.496336404456583,0.559403724864424,0.0540377374050585,"violation"
163,90,"forward",0.543018751298959,0.303158498150334,0.489897948556636,0.391420332306856,0.332745886970119,0.0295873888197849,"violation in forward orientation",1,0.317241379310345,1,90,0.543018751298959,0.303158498150334,0.489897948556636,0.391420332306856,0.332745886970119,0.0295873888197849,"violation",1,90,0.330249254092939,0.519317495001799,0.408097059382377,0.484831649539365,0.546447462180471,0.0271299671786716,"violation"
164,170,"forward",0.517499539024263,0.34633220374292,0.49215295678475,0.43469752439629,0.351327828278811,0.00499562453589086,"violation in forward orientation",1,0.317241379310345,1,170,0.517499539024263,0.34633220374292,0.49215295678475,0.43469752439629,0.351327828278811,0.00499562453589086,"violation",1,280,0.259839260139821,0.606236527962533,0.394541842275471,0.499540605283025,0.643143902670744,0.0369073747082107,"violation"
165,160,"forward",0.547208614013715,0.317349074358807,0.496078370824611,0.417582327212252,0.329695017600837,0.0123459432420299,"violation in forward orientation",1,0.317241379310345,1,160,0.547208614013715,0.317349074358807,0.496078370824611,0.417582327212252,0.329695017600837,0.0123459432420299,"violation",1,280,0.483170904402714,0.370115824531522,0.489897948556636,0.455073441034185,0.376324394273039,0.00620856974151723,"violation"
166,90,"forward",0.589508511541965,0.275464716989807,0.496903994999953,0.372677996249965,0.298894136885055,0.0234294198952477,"violation in forward orientation",1,0.317241379310345,1,90,0.589508511541965,0.275464716989807,0.496903994999953,0.372677996249965,0.298894136885055,0.0234294198952477,"violation",1,430,0.366309579956362,0.494464560572866,0.459265526933291,0.494430855915945,0.496924589671292,0.0024600290984268,"violation"
167,50,"forward",0.501594493296846,0.302716065288689,0.466476151587624,0.366606055596467,0.362909166410944,0.0601931011222546,"violation in forward orientation",1,0.317241379310345,1,50,0.501594493296846,0.302716065288689,0.466476151587624,0.366606055596467,0.362909166410944,0.0601931011222546,"violation at burn-in",1,430,0.52284537379026,0.346525948620168,0.497831968107155,0.450803021263756,0.347435232112501,0.000909283492333601,"violation"
168,180,"reverse",0.315461385009563,0.554010979502965,0.419398452224606,0.49749371855331,0.566756145969745,0.0127451664667799,"violation in reverse orientation",1,0.317241379310345,1,280,0.566974652268826,0.267908759077483,0.499681020701186,0.4,0.315302278561394,0.0473935194839115,"violation",1,180,0.315461385009563,0.554010979502965,0.419398452224606,0.49749371855331,0.566756145969745,0.0127451664667799,"violation"
169,50,"forward",0.546859192020479,0.185611725055255,0.48,0.271293199325011,0.329949450962666,0.144337725907411,"violation in forward orientation",1,0.317241379310345,1,50,0.546859192020479,0.185611725055255,0.48,0.271293199325011,0.329949450962666,0.144337725907411,"violation at burn-in",1,50,0.216786995012799,0.674489213358372,0.3,0.499599839871872,0.702269043280731,0.0277798299223592,"violation at burn-in"
170,50,"forward",0.430755917550709,0.4062591846095,0.438634243989226,0.427083130081252,0.414490627575842,0.00823144296634243,"violation in forward orientation",1,0.317241379310345,1,50,0.430755917550709,0.4062591846095,0.438634243989226,0.427083130081252,0.414490627575842,0.00823144296634243,"violation at burn-in",1,80,0.227252112493843,0.654590663251262,0.330718913883074,0.5,0.68789694135436,0.0333062781030978,"violation"
171,70,"reverse",0.314054244758118,0.561680056860571,0.388875931109034,0.489897948556636,0.568688619556889,0.00700856269631855,"violation in reverse orientation",1,0.317241379310345,1,130,0.559693473732081,0.297728565431627,0.496198566857543,0.4,0.320604104917612,0.022875539485985,"violation",1,70,0.314054244758118,0.561680056860571,0.388875931109034,0.489897948556636,0.568688619556889,0.00700856269631855,"violation"
172,80,"forward",0.497470093848425,0.354108657851495,0.476969600708473,0.417582327212252,0.365912368377336,0.0118037105258413,"violation in forward orientation",1,0.317241379310345,1,80,0.497470093848425,0.354108657851495,0.476969600708473,0.417582327212252,0.365912368377336,0.0118037105258413,"violation",1,290,0.312850120653341,0.569684704451041,0.427919780896236,0.499809714088537,0.570342284161917,0.000657579710875766,"violation"
173,160,"reverse",0.380681875412019,0.462157445752236,0.449609205310567,0.478890318862263,0.477186627285414,0.0150291815331781,"violation in reverse orientation",1,0.317241379310345,1,420,0.493396924069008,0.359472784242165,0.49416091644106,0.456149714850592,0.368878267205511,0.00940548296334626,"violation",1,160,0.380681875412019,0.462157445752236,0.449609205310567,0.478890318862263,0.477186627285414,0.0150291815331781,"violation"
174,100,"forward",0.668432477215472,0.236241940338561,0.499099188538711,0.346987031457949,0.24142525884102,0.00518331850245912,"violation in forward orientation",1,0.317241379310345,1,100,0.668432477215472,0.236241940338561,0.499099188538711,0.346987031457949,0.24142525884102,0.00518331850245912,"violation",1,410,0.391042938223265,0.454657490179589,0.468146572734817,0.486681633609246,0.462957427177675,0.00829993699808584,"violation"
175,100,"forward",0.546417177917328,0.322972911087052,0.491833305094318,0.407308237088326,0.330271305729731,0.00729839464267873,"violation in forward orientation",1,0.317241379310345,1,100,0.546417177917328,0.322972911087052,0.491833305094318,0.407308237088326,0.330271305729731,0.00729839464267873,"violation",1,280,0.449724923525101,0.389282349868419,0.482222215691192,0.462786039512156,0.400678251554743,0.0113959016863233,"violation"
176,50,"forward",0.381261936620275,0.430755917550709,0.41424630354416,0.438634243989226,0.476390009490756,0.0456340919400469,"violation in forward orientation",1,0.317241379310345,1,50,0.381261936620275,0.430755917550709,0.41424630354416,0.438634243989226,0.476390009490756,0.0456340919400469,"violation at burn-in",1,90,0.261362863693741,0.634820744786183,0.362433476228891,0.499876527964533,0.641051486067491,0.00623074128130885,"violation"
177,50,"reverse",0.430755917550709,0.4062591846095,0.438634243989226,0.427083130081252,0.414490627575842,0.00823144296634243,"violation in reverse orientation",1,0.317241379310345,1,160,0.4754482131575,0.331611385567067,0.482465996211132,0.42555111326373,0.381947710303292,0.0503363247362248,"violation",1,50,0.430755917550709,0.4062591846095,0.438634243989226,0.427083130081252,0.414490627575842,0.00823144296634243,"violation at burn-in"
178,280,"forward",0.552567508021396,0.291919277935724,0.498965767096996,0.415208332266675,0.32579291228276,0.0338736343470355,"violation in forward orientation",1,0.317241379310345,1,280,0.552567508021396,0.291919277935724,0.498965767096996,0.415208332266675,0.32579291228276,0.0338736343470355,"violation",1,510,0.369436415638767,0.491248349709981,0.462412642289684,0.494708641276803,0.492630399833869,0.00138205012388776,"violation"
179,130,"reverse",0.511601201402147,0.342577334592128,0.488264648386411,0.426142737983524,0.35562273214705,0.0130453975549223,"violation in reverse orientation",1,0.317241379310345,1,160,0.553623923094054,0.324494638919108,0.49682586235018,0.421631874388073,0.325023678394721,0.00052903947561278,"violation",1,130,0.511601201402147,0.342577334592128,0.488264648386411,0.426142737983524,0.35562273214705,0.0130453975549223,"violation"
180,50,"forward",0.546859192020479,0.329560327676681,0.48,0.384187454245971,0.329949450962666,0.000389123285984561,"violation in forward orientation",1,0.317241379310345,1,50,0.546859192020479,0.329560327676681,0.48,0.384187454245971,0.329949450962666,0.000389123285984561,"violation at burn-in",1,130,0.333707961152927,0.52775317532658,0.421325044234743,0.49140542319029,0.541697502087845,0.0139443267612651,"violation"
181,110,"forward",0.558286251516634,0.305937471255794,0.494682467651374,0.4,0.321628780771014,0.0156913095152206,"violation in forward orientation",1,0.317241379310345,1,110,0.558286251516634,0.305937471255794,0.494682467651374,0.4,0.321628780771014,0.0156913095152206,"violation",1,340,0.34269063431619,0.5241977213589,0.445770201633487,0.497189331979187,0.529361291385237,0.00516357002633649,"violation"
182,240,"forward",0.428208646895778,0.406011938391521,0.474268442504407,0.466796856839842,0.416345435369194,0.0103334969776728,"violation in forward orientation",1,0.317241379310345,1,240,0.428208646895778,0.406011938391521,0.474268442504407,0.466796856839842,0.416345435369194,0.0103334969776728,"violation",1,280,0.319588545832247,0.541716405199999,0.430931004468517,0.498159879261791,0.561088175579773,0.0193717703797736,"violation"
183,80,"reverse",0.32367253060101,0.551467297585606,0.4,0.489897948556636,0.555479500333773,0.00401220274816716,"violation in reverse orientation",1,0.317241379310345,1,270,0.484594608714441,0.371152964404927,0.489897948556636,0.454952928721794,0.375287716899275,0.00413475249434803,"violation",1,80,0.32367253060101,0.551467297585606,0.4,0.489897948556636,0.555479500333773,0.00401220274816716,"violation"
184,90,"reverse",0.303158498150334,0.554753840420317,0.391420332306856,0.492035329455212,0.583652119115747,0.0288982786954299,"violation in reverse orientation",1,0.317241379310345,1,140,0.581867813465497,0.302689270193088,0.498722858706034,0.40525879864298,0.304457749181785,0.00176847898869731,"violation",1,90,0.303158498150334,0.554753840420317,0.391420332306856,0.492035329455212,0.583652119115747,0.0288982786954299,"violation"
185,90,"reverse",0.303158498150334,0.566413277978533,0.391420332306856,0.493913572686508,0.583652119115747,0.0172388411372144,"violation in reverse orientation",1,0.317241379310345,1,110,0.614152440296948,0.261614030131997,0.499669312133138,0.369945271806833,0.280949537623472,0.019335507491475,"violation",1,90,0.303158498150334,0.566413277978533,0.391420332306856,0.493913572686508,0.583652119115747,0.0172388411372144,"violation"
186,50,"forward",0.633238465893974,0.246504271019468,0.496386945839634,0.324961536185438,0.267051953182287,0.0205476821628185,"violation in forward orientation",1,0.317241379310345,1,50,0.633238465893974,0.246504271019468,0.496386945839634,0.324961536185438,0.267051953182287,0.0205476821628185,"violation at burn-in",1,160,0.373747426619383,0.442073168320992,0.446514277487294,0.472857007984443,0.486709941766259,0.0446367734452675,"violation"
187,160,"forward",0.623041328914409,0.228966979922067,0.499843725578305,0.357071421427142,0.274477049177857,0.0455100692557898,"violation in forward orientation",1,0.317241379310345,1,160,0.623041328914409,0.228966979922067,0.499843725578305,0.357071421427142,0.274477049177857,0.0455100692557898,"violation",1,160,0.317349074358807,0.5600216206812,0.417582327212252,0.49749371855331,0.564163717955268,0.00414209727406822,"violation"
188,150,"forward",0.573679409779001,0.306772885452399,0.498397431775085,0.409661106552992,0.31042017604185,0.00364729058945046,"violation in forward orientation",1,0.317241379310345,1,150,0.573679409779001,0.306772885452399,0.498397431775085,0.409661106552992,0.31042017604185,0.00364729058945046,"violation",1,240,0.361022910402932,0.48939396927696,0.448589610767892,0.489897948556636,0.504184952855039,0.014790983578079,"violation"
189,160,"reverse",0.345761529163151,0.501800453905321,0.433012701892219,0.488580533279827,0.52514392700059,0.0233434730952684,"violation in reverse orientation",1,0.317241379310345,1,480,0.473478354568967,0.371736526770858,0.491525403435288,0.462664197579867,0.38338207262939,0.0116455458585328,"violation",1,160,0.345761529163151,0.501800453905321,0.433012701892219,0.488580533279827,0.52514392700059,0.0233434730952684,"violation"
190,50,"reverse",0.185611725055255,0.633238465893974,0.271293199325011,0.496386945839634,0.74508310229379,0.111844636399817,"violation in reverse orientation",1,0.317241379310345,1,200,0.444853851314386,0.401974971274185,0.476969600708473,0.462493243193887,0.40422514700573,0.00225017573154462,"violation",1,50,0.185611725055255,0.633238465893974,0.271293199325011,0.496386945839634,0.74508310229379,0.111844636399817,"violation at burn-in"
191,50,"reverse",0.302716065288689,0.56895608070809,0.366606055596467,0.485386443980464,0.584259727219016,0.0153036465109259,"violation in reverse orientation",1,0.317241379310345,1,210,0.529629898262914,0.336792989159324,0.495535624910617,0.434378645027856,0.342495046882597,0.00570205772327281,"violation",1,50,0.302716065288689,0.56895608070809,0.366606055596467,0.485386443980464,0.584259727219016,0.0153036465109259,"violation at burn-in"
192,160,"forward",0.553623923094054,0.324494638919108,0.49682586235018,0.421631874388073,0.325023678394721,0.00052903947561278,"violation in forward orientation",1,0.317241379310345,1,160,0.553623923094054,0.324494638919108,0.49682586235018,0.421631874388073,0.325023678394721,0.00052903947561278,"violation",1,420,0.38468456168225,0.471435636142297,0.466107536763422,0.490377937454317,0.471689602033739,0.000253965891441721,"violation"
193,50,"reverse",0.329560327676681,0.524410079701748,0.384187454245971,0.47370877129308,0.547393588269563,0.0229835085678155,"violation in reverse orientation",1,0.317241379310345,1,100,0.535880378407413,0.334897285537307,0.489897948556636,0.41424630354416,0.337943728685703,0.00304644314839603,"violation",1,50,0.329560327676681,0.524410079701748,0.384187454245971,0.47370877129308,0.547393588269563,0.0229835085678155,"violation at burn-in"
194,50,"reverse",0.329560327676681,0.454790769027509,0.384187454245971,0.448998886412873,0.547393588269563,0.0926028192420543,"violation in reverse orientation",1,0.317241379310345,1,160,0.653901777618562,0.228966979922067,0.498082259772419,0.357071421427142,0.252005860004472,0.0230388800824043,"violation",1,50,0.329560327676681,0.454790769027509,0.384187454245971,0.448998886412873,0.547393588269563,0.0926028192420543,"violation at burn-in"
195,160,"forward",0.514864781968424,0.33870010349401,0.491132301421928,0.42934361238989,0.353246339729998,0.0145462362359878,"violation in forward orientation",1,0.317241379310345,1,160,0.514864781968424,0.33870010349401,0.491132301421928,0.42934361238989,0.353246339729998,0.0145462362359878,"violation",1,180,0.365280019289988,0.479141499332433,0.44510367775454,0.484831649539365,0.498338520366606,0.0191970210341731,"violation"
196,280,"forward",0.548954840431468,0.239507736279974,0.498722858706034,0.379967103839267,0.328423494151872,0.0889157578718982,"violation in forward orientation",1,0.317241379310345,1,280,0.548954840431468,0.239507736279974,0.498722858706034,0.379967103839267,0.328423494151872,0.0889157578718982,"violation",1,480,0.354117533211751,0.46278901648151,0.455478800275051,0.489468071538436,0.513668342316405,0.0508793258348946,"violation"
197,100,"reverse",0.346724065972573,0.503912853250174,0.420832508250016,0.482804308182932,0.523822042448604,0.0199091891984298,"violation in reverse orientation",1,0.317241379310345,1,240,0.445831901197557,0.397079275854865,0.479510746027193,0.463512405443479,0.403512975120077,0.00643369926521198,"violation",1,100,0.346724065972573,0.503912853250174,0.420832508250016,0.482804308182932,0.523822042448604,0.0199091891984298,"violation"
198,150,"reverse",0.31448538914479,0.532575700052613,0.41424630354416,0.493558507170123,0.568096514300406,0.0355208142477932,"violation in reverse orientation",1,0.317241379310345,1,230,0.418000744602214,0.418000744602214,0.470369681262557,0.470369681262557,0.425935354401955,0.00793460979974159,"violation",1,150,0.31448538914479,0.532575700052613,0.41424630354416,0.493558507170123,0.568096514300406,0.0355208142477932,"violation"
199,200,"forward",0.554030328127282,0.313689996399174,0.497970882682913,0.420832508250016,0.324727752548981,0.0110377561498076,"violation in forward orientation",1,0.317241379310345,1,200,0.554030328127282,0.313689996399174,0.497970882682913,0.420832508250016,0.324727752548981,0.0110377561498076,"violation",1,780,0.435242207069628,0.408866905524522,0.486198404860494,0.479320895340542,0.411223913555167,0.00235700803064509,"violation"
200,50,"reverse",0.302716065288689,0.56895608070809,0.366606055596467,0.485386443980464,0.584259727219016,0.0153036465109259,"violation in reverse orientation",1,0.317241379310345,1,200,0.518152849121887,0.341678721153031,0.493558507170123,0.43586121644395,0.350852117282729,0.0091733961296982,"violation",1,50,0.302716065288689,0.56895608070809,0.366606055596467,0.485386443980464,0.584259727219016,0.0153036465109259,"violation at burn-in"
201,50,"forward",0.524410079701748,0.246504271019468,0.47370877129308,0.324961536185438,0.34629588372276,0.0997916127032922,"violation in forward orientation",1,0.317241379310345,1,50,0.524410079701748,0.246504271019468,0.47370877129308,0.324961536185438,0.34629588372276,0.0997916127032922,"violation at burn-in",1,90,0.289392299544533,0.600945650434495,0.382325567424117,0.498020774022555,0.60255770807446,0.00161205763996575,"violation"
202,50,"reverse",0.302716065288689,0.56895608070809,0.366606055596467,0.485386443980464,0.584259727219016,0.0153036465109259,"violation in reverse orientation",1,0.317241379310345,1,160,0.641609709427252,0.251578187192657,0.499022481958478,0.374530956664466,0.26095639057864,0.00937820338598305,"violation",1,50,0.302716065288689,0.56895608070809,0.366606055596467,0.485386443980464,0.584259727219016,0.0153036465109259,"violation at burn-in"
203,100,"reverse",0.310945864384819,0.535880378407413,0.4,0.489897948556636,0.572957464090351,0.0370770856829379,"violation in reverse orientation",1,0.317241379310345,1,150,0.546359993931634,0.329804537087069,0.495535624910617,0.422952584681651,0.330312944533254,0.0005084074461843,"violation",1,100,0.310945864384819,0.535880378407413,0.4,0.489897948556636,0.572957464090351,0.0370770856829379,"violation"
204,70,"forward",0.546359910605891,0.314054244758118,0.486763572497166,0.388875931109034,0.330313005207308,0.01625876044919,"violation in forward orientation",1,0.317241379310345,1,70,0.546359910605891,0.314054244758118,0.486763572497166,0.388875931109034,0.330313005207308,0.01625876044919,"violation",1,170,0.285936562350599,0.595626257104346,0.4,0.499861572533338,0.607303589548982,0.0116773324446361,"violation"
205,90,"forward",0.577997924209187,0.232572423955049,0.495535624910617,0.339934634239519,0.307275628286274,0.0747032043312255,"violation in forward orientation",1,0.317241379310345,1,90,0.577997924209187,0.232572423955049,0.495535624910617,0.339934634239519,0.307275628286274,0.0747032043312255,"violation",1,120,0.271486962828648,0.610230297686019,0.379967103839267,0.499722145018832,0.627147716239475,0.0169174185534563,"violation"
206,120,"reverse",0.301574017175407,0.576331088782478,0.4,0.49749371855331,0.585828140752704,0.0094970519702261,"violation in reverse orientation",1,0.317241379310345,1,480,0.417553540279396,0.415385353669572,0.478260011802041,0.477619785731519,0.426549515315207,0.0111641616456353,"violation",1,120,0.301574017175407,0.576331088782478,0.4,0.49749371855331,0.585828140752704,0.0094970519702261,"violation"
207,50,"forward",0.546859192020479,0.246504271019468,0.48,0.324961536185438,0.329949450962666,0.0834451799431976,"violation in forward orientation",1,0.317241379310345,1,50,0.546859192020479,0.246504271019468,0.48,0.324961536185438,0.329949450962666,0.0834451799431976,"violation at burn-in",1,160,0.324494638919108,0.527856174668703,0.421631874388073,0.493354271796647,0.55435047100719,0.0264942963384871,"violation"
208,50,"forward",0.753238465893974,0.152451248673278,0.496386945839634,0.237486841740758,0.179673356498326,0.0272221078250476,"violation in forward orientation",1,0.317241379310345,1,50,0.753238465893974,0.152451248673278,0.496386945839634,0.237486841740758,0.179673356498326,0.0272221078250476,"violation at burn-in",1,100,0.322972911087052,0.535880378407413,0.407308237088326,0.489897948556636,0.556440311617783,0.0205599332103694,"violation"
209,160,"reverse",0.331611385567067,0.514864781968424,0.42555111326373,0.491132301421928,0.544576800678702,0.0297120187102782,"violation in reverse orientation",1,0.317241379310345,1,630,0.450970489312506,0.393596669408806,0.488558948652969,0.473061146230128,0.399771286633234,0.0061746172244278,"violation",1,160,0.331611385567067,0.514864781968424,0.42555111326373,0.491132301421928,0.544576800678702,0.0297120187102782,"violation"
210,50,"reverse",0.275078575707952,0.546859192020479,0.346987031457949,0.48,0.622215232062883,0.075356040042404,"violation in reverse orientation",1,0.317241379310345,1,50,0.654021127930363,0.185611725055255,0.498397431775085,0.271293199325011,0.251918954481481,0.0663072294262259,"violation at burn-in",1,50,0.275078575707952,0.546859192020479,0.346987031457949,0.48,0.622215232062883,0.075356040042404,"violation at burn-in"
211,50,"forward",0.590712364249548,0.275078575707952,0.489897948556636,0.346987031457949,0.298017545550031,0.0229389698420793,"violation in forward orientation",1,0.317241379310345,1,50,0.590712364249548,0.275078575707952,0.489897948556636,0.346987031457949,0.298017545550031,0.0229389698420793,"violation at burn-in",1,90,0.303158498150334,0.554753840420317,0.391420332306856,0.492035329455212,0.583652119115747,0.0288982786954299,"violation"
212,100,"forward",0.638682330481023,0.261683564317147,0.5,0.366606055596467,0.263087976114337,0.00140441179719009,"violation in forward orientation",1,0.317241379310345,1,100,0.638682330481023,0.261683564317147,0.5,0.366606055596467,0.263087976114337,0.00140441179719009,"violation",1,170,0.392009080827701,0.449330778908264,0.455645099553814,0.476034658969063,0.461630590664705,0.0122998117564413,"violation"
213,50,"reverse",0.355715993350399,0.478395081610861,0.4,0.458257569495584,0.51147312261825,0.0330780410073885,"violation in reverse orientation",1,0.317241379310345,1,480,0.515936040402471,0.338621131309421,0.49749371855331,0.448589610767892,0.352466297574557,0.0138451662651357,"violation",1,50,0.355715993350399,0.478395081610861,0.4,0.458257569495584,0.51147312261825,0.0330780410073885,"violation at burn-in"
214,90,"reverse",0.343591528449175,0.483168476855012,0.415739709641549,0.475186772896513,0.528124062818277,0.0449555859632651,"violation in reverse orientation",1,0.317241379310345,1,100,0.482294511589708,0.370102421252595,0.476969600708473,0.433012701892219,0.376962544057575,0.00686012280498011,"violation",1,90,0.343591528449175,0.483168476855012,0.415739709641549,0.475186772896513,0.528124062818277,0.0449555859632651,"violation"
215,400,"reverse",0.373945705817967,0.47825260817497,0.46145828630549,0.491369260332797,0.486437638196128,0.00818503002115828,"violation in reverse orientation",1,0.317241379310345,1,480,0.488392634666348,0.371736526770858,0.494022428359505,0.462664197579867,0.372522165417218,0.000785638646360554,"violation",1,400,0.373945705817967,0.47825260817497,0.46145828630549,0.491369260332797,0.486437638196128,0.00818503002115828,"violation"
216,90,"reverse",0.369905994351297,0.458651873183302,0.429757324573638,0.46732757432918,0.491985511409905,0.0333336382266035,"violation in reverse orientation",1,0.317241379310345,1,190,0.472261980107753,0.370332291562764,0.483781274265179,0.448481587216267,0.384267781741583,0.0139354901788187,"violation",1,90,0.369905994351297,0.458651873183302,0.429757324573638,0.46732757432918,0.491985511409905,0.0333336382266035,"violation"
217,160,"forward",0.553623923094054,0.324494638919108,0.49682586235018,0.421631874388073,0.325023678394721,0.00052903947561278,"violation in forward orientation",1,0.317241379310345,1,160,0.553623923094054,0.324494638919108,0.49682586235018,0.421631874388073,0.325023678394721,0.00052903947561278,"violation",1,250,0.399224719728662,0.450131100998563,0.464912895067452,0.481148625686492,0.451721108240227,0.0015900072416643,"violation"
218,270,"forward",0.499891557883101,0.359138544590739,0.492690048838989,0.449721755160312,0.364149167300081,0.00501062270934177,"violation in forward orientation",1,0.317241379310345,1,270,0.499891557883101,0.359138544590739,0.492690048838989,0.449721755160312,0.364149167300081,0.00501062270934177,"violation",1,530,0.409473274105272,0.436848168590531,0.476671890439992,0.484244465150808,0.437646419794024,0.000798251203492251,"violation"
219,160,"forward",0.488662040908508,0.359805211874103,0.485693769262073,0.439992897669951,0.372325995922403,0.0125207840482996,"violation in forward orientation",1,0.317241379310345,1,160,0.488662040908508,0.359805211874103,0.485693769262073,0.439992897669951,0.372325995922403,0.0125207840482996,"violation",1,390,0.369479392527772,0.484538912098466,0.45936811644223,0.492341077927814,0.492571378209852,0.00803246611138525,"violation"
220,170,"forward",0.455610578367449,0.385545813249943,0.477884612037409,0.452941176470588,0.396392582715654,0.0108467694657118,"violation in forward orientation",1,0.317241379310345,1,170,0.455610578367449,0.385545813249943,0.477884612037409,0.452941176470588,0.396392582715654,0.0108467694657118,"violation",1,180,0.389736978234911,0.461532142613808,0.455792621243748,0.480322679605294,0.464750946466721,0.00321880385291273,"violation"
221,70,"reverse",0.239040057693904,0.621549582751732,0.334724986110285,0.498159879261791,0.671708155110474,0.0501585723587421,"violation in reverse orientation",1,0.317241379310345,1,160,0.553623923094054,0.259030400808886,0.49682586235018,0.379967103839267,0.325023678394721,0.0659932775858348,"violation",1,70,0.239040057693904,0.621549582751732,0.334724986110285,0.498159879261791,0.671708155110474,0.0501585723587421,"violation"
222,90,"forward",0.566413277978533,0.275464716989807,0.493913572686508,0.372677996249965,0.31571104604223,0.0402463290524228,"violation in forward orientation",1,0.317241379310345,1,90,0.566413277978533,0.275464716989807,0.493913572686508,0.372677996249965,0.31571104604223,0.0402463290524228,"violation",1,170,0.34633220374292,0.52360068774411,0.43469752439629,0.493171362793487,0.524360200182226,0.000759512438115784,"violation"
223,100,"reverse",0.310945864384819,0.556895688006175,0.4,0.493558507170123,0.572957464090351,0.0160617760841762,"violation in reverse orientation",1,0.317241379310345,1,160,0.591748113255807,0.273818275903645,0.499648313816829,0.3903123748999,0.297263359761001,0.0234450838573556,"violation",1,100,0.310945864384819,0.556895688006175,0.4,0.493558507170123,0.572957464090351,0.0160617760841762,"violation"
224,50,"forward",0.478395081610861,0.302716065288689,0.458257569495584,0.366606055596467,0.379801933386067,0.0770858680973781,"violation in forward orientation",1,0.317241379310345,1,50,0.478395081610861,0.302716065288689,0.458257569495584,0.366606055596467,0.379801933386067,0.0770858680973781,"violation at burn-in",1,360,0.436594316063483,0.407495800982755,0.481117205504125,0.472377425475398,0.41023936866811,0.00274356768535494,"violation"
225,270,"forward",0.492253067903861,0.367154542532886,0.491351820793393,0.453246178986025,0.369711171759835,0.00255662922694855,"violation in forward orientation",1,0.317241379310345,1,270,0.492253067903861,0.367154542532886,0.491351820793393,0.453246178986025,0.369711171759835,0.00255662922694855,"violation",1,280,0.339146993140407,0.530825885874022,0.440952123830019,0.497121818109823,0.534227894389081,0.00340200851505934,"violation"
226,50,"forward",0.546859192020479,0.329560327676681,0.48,0.384187454245971,0.329949450962666,0.000389123285984561,"violation in forward orientation",1,0.317241379310345,1,50,0.546859192020479,0.329560327676681,0.48,0.384187454245971,0.329949450962666,0.000389123285984561,"violation at burn-in",1,770,0.393822349153549,0.456580632908491,0.474664220738176,0.490677125158338,0.459140367573932,0.00255973466544079,"violation"
227,60,"forward",0.644232895622817,0.25432432379694,0.498887651569859,0.339934634239519,0.259046304506897,0.00472198070995716,"violation in forward orientation",1,0.317241379310345,1,60,0.644232895622817,0.25432432379694,0.498887651569859,0.339934634239519,0.259046304506897,0.00472198070995716,"violation",1,120,0.43479120276108,0.407087678301415,0.465176191231762,0.454529671443155,0.411552314584994,0.00446463628357985,"violation"
228,90,"forward",0.531207015560322,0.316774321444153,0.487498021521785,0.4,0.341346661080484,0.0245723396363313,"violation in forward orientation",1,0.317241379310345,1,90,0.531207015560322,0.316774321444153,0.487498021521785,0.4,0.341346661080484,0.0245723396363313,"violation",1,320,0.393103113421022,0.458746722636616,0.465991885658967,0.485693769262073,0.460128118478372,0.00138139584175578,"violation"
229,280,"forward",0.497915058352275,0.346925563978323,0.492598275701905,0.444696640464954,0.365588365261332,0.0186628012830088,"violation in forward orientation",1,0.317241379310345,1,280,0.497915058352275,0.346925563978323,0.492598275701905,0.444696640464954,0.365588365261332,0.0186628012830088,"violation",1,390,0.385783364965307,0.463432285757562,0.465679429117805,0.488264648386411,0.470180578096861,0.00674829233929941,"violation"
230,50,"reverse",0.246504271019468,0.633238465893974,0.324961536185438,0.496386945839634,0.66145729697061,0.0282188310766363,"violation in reverse orientation",1,0.317241379310345,1,220,0.507260380242572,0.352400930888011,0.492484844755704,0.44301278827875,0.358783522658547,0.00638259177053624,"violation",1,50,0.246504271019468,0.633238465893974,0.324961536185438,0.496386945839634,0.66145729697061,0.0282188310766363,"violation at burn-in"
231,90,"forward",0.577997924209187,0.275464716989807,0.495535624910617,0.372677996249965,0.307275628286274,0.031810911296467,"violation in forward orientation",1,0.317241379310345,1,90,0.577997924209187,0.275464716989807,0.495535624910617,0.372677996249965,0.307275628286274,0.031810911296467,"violation",1,260,0.450015986975191,0.397051226077712,0.481537847136497,0.464668871093506,0.400466312256285,0.00341508617857361,"violation"
232,160,"forward",0.508341802636892,0.317349074358807,0.489897948556636,0.417582327212252,0.357996079564895,0.0406470052060885,"violation in forward orientation",1,0.317241379310345,1,160,0.508341802636892,0.317349074358807,0.489897948556636,0.417582327212252,0.357996079564895,0.0406470052060885,"violation",1,320,0.322501483976731,0.542054711861889,0.434801948448946,0.498591766879478,0.557087738509327,0.0150330266474379,"violation"
233,90,"reverse",0.261362863693741,0.634820744786183,0.362433476228891,0.499876527964533,0.641051486067491,0.00623074128130885,"violation in reverse orientation",1,0.317241379310345,1,140,0.439309445489155,0.408041743115843,0.469693777793531,0.458257569495584,0.408262333676189,0.000220590560346012,"violation",1,90,0.261362863693741,0.634820744786183,0.362433476228891,0.499876527964533,0.641051486067491,0.00623074128130885,"violation"
234,90,"forward",0.61230983413901,0.261362863693741,0.498887651569859,0.362433476228891,0.282291240459488,0.0209283767657465,"violation in forward orientation",1,0.317241379310345,1,90,0.61230983413901,0.261362863693741,0.498887651569859,0.362433476228891,0.282291240459488,0.0209283767657465,"violation",1,90,0.330249254092939,0.531207015560322,0.408097059382377,0.487498021521785,0.546447462180471,0.0152404466201487,"violation"
235,50,"reverse",0.430755917550709,0.381261936620275,0.438634243989226,0.41424630354416,0.414490627575842,0.033228690955568,"violation in reverse orientation",1,0.317241379310345,1,300,0.521609429231492,0.346604635020272,0.496386945839634,0.445670531022887,0.348335191288537,0.00173055626826568,"violation",1,50,0.430755917550709,0.381261936620275,0.438634243989226,0.41424630354416,0.414490627575842,0.033228690955568,"violation at burn-in"
236,50,"forward",0.546859192020479,0.329560327676681,0.48,0.384187454245971,0.329949450962666,0.000389123285984561,"violation in forward orientation",1,0.317241379310345,1,50,0.546859192020479,0.329560327676681,0.48,0.384187454245971,0.329949450962666,0.000389123285984561,"violation at burn-in",1,230,0.385311121256757,0.454853756539504,0.458257569495584,0.481491067822857,0.470829126450538,0.0159753699110336,"violation"
237,50,"forward",0.654021127930363,0.216786995012799,0.498397431775085,0.3,0.251918954481481,0.0351319594686813,"violation in forward orientation",1,0.317241379310345,1,50,0.654021127930363,0.216786995012799,0.498397431775085,0.3,0.251918954481481,0.0351319594686813,"violation at burn-in",1,180,0.38364903816153,0.467416299704913,0.453246178986025,0.481894409826699,0.47311172171982,0.00569542201490714,"violation"
238,120,"reverse",0.230215830491362,0.676331088782478,0.348707932548461,0.49749371855331,0.683826766583888,0.00749567780141014,"violation in reverse orientation",1,0.317241379310345,1,160,0.5600216206812,0.317349074358807,0.49749371855331,0.417582327212252,0.320365163084945,0.0030160887261379,"violation",1,120,0.230215830491362,0.676331088782478,0.348707932548461,0.49749371855331,0.683826766583888,0.00749567780141014,"violation"
239,100,"forward",0.503912853250174,0.346724065972573,0.482804308182932,0.420832508250016,0.361221041083192,0.014496975110619,"violation in forward orientation",1,0.317241379310345,1,100,0.503912853250174,0.346724065972573,0.482804308182932,0.420832508250016,0.361221041083192,0.014496975110619,"violation",1,250,0.382033340415895,0.471063619346887,0.458257569495584,0.486357892914261,0.475330614410182,0.00426699506329531,"violation"
240,60,"reverse",0.34236971261758,0.519765062450468,0.4,0.476969600708473,0.529802024073728,0.01003696162326,"violation in reverse orientation",1,0.317241379310345,1,130,0.462388037860006,0.368911008531405,0.475742956802038,0.43947251867956,0.391457541886138,0.0225465333547331,"violation",1,60,0.34236971261758,0.519765062450468,0.4,0.476969600708473,0.529802024073728,0.01003696162326,"violation"
241,150,"forward",0.660213790465476,0.243619130767153,0.497817458735853,0.366606055596467,0.247409736464352,0.0037906056971985,"violation in forward orientation",1,0.317241379310345,1,150,0.660213790465476,0.243619130767153,0.497817458735853,0.366606055596467,0.247409736464352,0.0037906056971985,"violation",1,760,0.432686707687607,0.412377713336854,0.485451427686292,0.480153195774788,0.413084713137064,0.00070699980020994,"violation"
242,90,"forward",0.61230983413901,0.247071505072811,0.498887651569859,0.351539822656808,0.282291240459488,0.0352197353866767,"violation in forward orientation",1,0.317241379310345,1,90,0.61230983413901,0.247071505072811,0.498887651569859,0.351539822656808,0.282291240459488,0.0352197353866767,"violation",1,480,0.404524511942629,0.430535230411463,0.474268442504407,0.481894409826699,0.444442723260249,0.0139074928487856,"violation"
243,60,"reverse",0.34236971261758,0.519765062450468,0.4,0.476969600708473,0.529802024073728,0.01003696162326,"violation in reverse orientation",1,0.317241379310345,1,190,0.543302559140334,0.329389635732299,0.496636888929914,0.428357683144754,0.332539230879225,0.00314959514692581,"violation",1,60,0.34236971261758,0.519765062450468,0.4,0.476969600708473,0.529802024073728,0.01003696162326,"violation"
244,50,"forward",0.612137383051339,0.152451248673278,0.493558507170123,0.237486841740758,0.282416811576465,0.129965562903187,"violation in forward orientation",1,0.317241379310345,1,50,0.612137383051339,0.152451248673278,0.493558507170123,0.237486841740758,0.282416811576465,0.129965562903187,"violation at burn-in",1,450,0.393003178797069,0.45999688747239,0.46980952273695,0.48848973604593,0.460265362097855,0.000268474625464976,"violation"
245,290,"forward",0.49250094018714,0.369128152460196,0.491896279778017,0.455185475256693,0.369530682324253,0.000402529864057033,"violation in forward orientation",1,0.317241379310345,1,290,0.49250094018714,0.369128152460196,0.491896279778017,0.455185475256693,0.369530682324253,0.000402529864057033,"violation",1,470,0.498194168422966,0.356810121499986,0.495342728107336,0.456376779207013,0.36538512987552,0.00857500837553465,"violation"
246,60,"reverse",0.277090389131333,0.609706494609077,0.357071421427142,0.495535624910617,0.619452340233905,0.00974584562482794,"violation in reverse orientation",1,0.317241379310345,1,400,0.462811674640332,0.389806030720797,0.488307024319741,0.467433150300661,0.391149068658067,0.00134303793726998,"violation",1,60,0.277090389131333,0.609706494609077,0.357071421427142,0.495535624910617,0.619452340233905,0.00974584562482794,"violation"
247,60,"reverse",0.277090389131333,0.556383151271119,0.357071421427142,0.486198404860494,0.619452340233905,0.0630691889627857,"violation in reverse orientation",1,0.317241379310345,1,90,0.600945650434495,0.289392299544533,0.498020774022555,0.382325567424117,0.290566127330815,0.00117382778628222,"violation",1,60,0.277090389131333,0.556383151271119,0.357071421427142,0.486198404860494,0.619452340233905,0.0630691889627857,"violation"
248,90,"reverse",0.343591528449175,0.507348898454775,0.415739709641549,0.481894409826699,0.528124062818277,0.0207751643635025,"violation in reverse orientation",1,0.317241379310345,1,280,0.552567508021396,0.279949958143328,0.498965767096996,0.4078158598071,0.32579291228276,0.0458429541394317,"violation",1,90,0.343591528449175,0.507348898454775,0.415739709641549,0.481894409826699,0.528124062818277,0.0207751643635025,"violation"
249,60,"forward",0.677962140771975,0.230926430345563,0.5,0.321022671404304,0.234486186937374,0.00355975659181113,"violation in forward orientation",1,0.317241379310345,1,60,0.677962140771975,0.230926430345563,0.5,0.321022671404304,0.234486186937374,0.00355975659181113,"violation",1,270,0.430409068023717,0.414734533522123,0.476383264912993,0.471404520791032,0.414743187783585,8.65426146218207e-06,"violation"
250,50,"forward",0.633238465893974,0.152451248673278,0.496386945839634,0.237486841740758,0.267051953182287,0.114600704509008,"violation in forward orientation",1,0.317241379310345,1,50,0.633238465893974,0.152451248673278,0.496386945839634,0.237486841740758,0.267051953182287,0.114600704509008,"violation at burn-in",1,290,0.445949486184155,0.402311566276345,0.481574903450927,0.468051848302266,0.40342735502741,0.00111578875106427,"violation"
251,50,"reverse",0.430755917550709,0.355715993350399,0.438634243989226,0.4,0.414490627575842,0.0587746342254433,"violation in reverse orientation",1,0.317241379310345,1,90,0.71133125754252,0.171968943105426,0.495535624910617,0.28458329944146,0.210188298637429,0.0382193555320031,"violation",1,50,0.430755917550709,0.355715993350399,0.438634243989226,0.4,0.414490627575842,0.0587746342254433,"violation at burn-in"
252,50,"forward",0.524410079701748,0.246504271019468,0.47370877129308,0.324961536185438,0.34629588372276,0.0997916127032922,"violation in forward orientation",1,0.317241379310345,1,50,0.524410079701748,0.246504271019468,0.47370877129308,0.324961536185438,0.34629588372276,0.0997916127032922,"violation at burn-in",1,50,0.302716065288689,0.524410079701748,0.366606055596467,0.47370877129308,0.584259727219016,0.0598496475172677,"violation at burn-in"
253,60,"reverse",0.443718815890873,0.404119734820393,0.450616861153192,0.433012701892219,0.405051628693173,0.000931893872779699,"violation in reverse orientation",1,0.317241379310345,1,480,0.595322036579,0.25987584016642,0.49914858064063,0.404612082740988,0.294660989722362,0.0347851495559421,"violation",1,60,0.443718815890873,0.404119734820393,0.450616861153192,0.433012701892219,0.405051628693173,0.000931893872779699,"violation"
254,70,"forward",0.636172957540227,0.239040057693904,0.499183005990176,0.334724986110285,0.2649151884987,0.0258751308047959,"violation in forward orientation",1,0.317241379310345,1,70,0.636172957540227,0.239040057693904,0.499183005990176,0.334724986110285,0.2649151884987,0.0258751308047959,"violation",1,170,0.366034474893156,0.492937950861846,0.444263707964687,0.487348592404894,0.497302400815411,0.00436444995356533,"violation"
255,50,"forward",0.501594493296846,0.329560327676681,0.466476151587624,0.384187454245971,0.362909166410944,0.0333488387342625,"violation in forward orientation",1,0.317241379310345,1,50,0.501594493296846,0.329560327676681,0.466476151587624,0.384187454245971,0.362909166410944,0.0333488387342625,"violation at burn-in",1,100,0.358457767577596,0.482294511589708,0.427083130081252,0.476969600708473,0.507707750779496,0.0254132391897877,"violation"
256,90,"forward",0.600945650434495,0.289392299544533,0.498020774022555,0.382325567424117,0.290566127330815,0.00117382778628222,"violation in forward orientation",1,0.317241379310345,1,90,0.600945650434495,0.289392299544533,0.498020774022555,0.382325567424117,0.290566127330815,0.00117382778628222,"violation",1,390,0.364025156812469,0.489795387188578,0.457129942524442,0.4932216409625,0.500061865705361,0.0102664785167831,"violation"
257,50,"forward",0.674489213358372,0.185611725055255,0.499599839871872,0.271293199325011,0.237015016302257,0.0514032912470019,"violation in forward orientation",1,0.317241379310345,1,50,0.674489213358372,0.185611725055255,0.499599839871872,0.271293199325011,0.237015016302257,0.0514032912470019,"violation at burn-in",1,160,0.324494638919108,0.527856174668703,0.421631874388073,0.493354271796647,0.55435047100719,0.0264942963384871,"violation"
258,120,"forward",0.497935774039918,0.350374561746575,0.484122918275927,0.428093317968044,0.365573281030368,0.0151987192837933,"violation in forward orientation",1,0.317241379310345,1,120,0.497935774039918,0.350374561746575,0.484122918275927,0.428093317968044,0.365573281030368,0.0151987192837933,"violation",1,130,0.583337209882647,0.297728565431627,0.498518515262143,0.4,0.30338780087426,0.00565923544263292,"violation"
259,240,"reverse",0.361022910402932,0.502329402780283,0.448589610767892,0.49228421668788,0.504184952855039,0.00185555007475535,"violation in reverse orientation",1,0.317241379310345,1,280,0.541716405199999,0.319588545832247,0.498159879261791,0.430931004468517,0.333694196757818,0.0141056509255711,"violation",1,240,0.361022910402932,0.502329402780283,0.448589610767892,0.49228421668788,0.504184952855039,0.00185555007475535,"violation"
260,100,"forward",0.503912853250174,0.334897285537307,0.482804308182932,0.41424630354416,0.361221041083192,0.0263237555458856,"violation in forward orientation",1,0.317241379310345,1,100,0.503912853250174,0.334897285537307,0.482804308182932,0.41424630354416,0.361221041083192,0.0263237555458856,"violation",1,280,0.370115824531522,0.479473403942333,0.455073441034185,0.48915535281102,0.49169734448365,0.0122239405413169,"violation"
261,80,"reverse",0.260399815732986,0.642042346118264,0.357071421427142,0.499843725578305,0.642374072600995,0.000331726482731054,"violation in reverse orientation",1,0.317241379310345,1,140,0.581867813465497,0.302689270193088,0.498722858706034,0.40525879864298,0.304457749181785,0.00176847898869731,"violation",1,80,0.260399815732986,0.642042346118264,0.357071421427142,0.499843725578305,0.642374072600995,0.000331726482731054,"violation"
262,60,"forward",0.592139703863035,0.277090389131333,0.493006648591635,0.357071421427142,0.296978221113216,0.0198878319818827,"violation in forward orientation",1,0.317241379310345,1,60,0.592139703863035,0.277090389131333,0.493006648591635,0.357071421427142,0.296978221113216,0.0198878319818827,"violation",1,80,0.383879441563478,0.469812757386282,0.433012701892219,0.46837484987988,0.472795300888139,0.00298254350185723,"violation"
263,50,"reverse",0.302716065288689,0.56895608070809,0.366606055596467,0.485386443980464,0.584259727219016,0.0153036465109259,"violation in reverse orientation",1,0.317241379310345,1,160,0.579109709427252,0.273818275903645,0.499022481958478,0.3903123748999,0.306466076351536,0.0326478004478913,"violation",1,50,0.302716065288689,0.56895608070809,0.366606055596467,0.485386443980464,0.584259727219016,0.0153036465109259,"violation at burn-in"
264,280,"forward",0.516243442611063,0.319588545832247,0.495374008364655,0.430931004468517,0.352242461127854,0.032653915295607,"violation in forward orientation",1,0.317241379310345,1,280,0.516243442611063,0.319588545832247,0.495374008364655,0.430931004468517,0.352242461127854,0.032653915295607,"violation",1,320,0.349619365994701,0.513464260263487,0.448075311052729,0.495674650728681,0.51984582841175,0.00638156814826352,"violation"
265,60,"reverse",0.277090389131333,0.609706494609077,0.357071421427142,0.495535624910617,0.619452340233905,0.00974584562482794,"violation in reverse orientation",1,0.317241379310345,1,380,0.491139413281148,0.367552686422703,0.493299985147233,0.458257569495584,0.370522084910862,0.00296939848815891,"violation",1,60,0.277090389131333,0.609706494609077,0.357071421427142,0.495535624910617,0.619452340233905,0.00974584562482794,"violation"
266,50,"reverse",0.381261936620275,0.381261936620275,0.41424630354416,0.41424630354416,0.476390009490756,0.0951280728704818,"violation in reverse orientation",1,0.317241379310345,1,410,0.556523204408555,0.320872987014253,0.499785795877451,0.437830354581793,0.322912552289278,0.00203956527502508,"violation",1,50,0.381261936620275,0.381261936620275,0.41424630354416,0.41424630354416,0.476390009490756,0.0951280728704818,"violation at burn-in"
267,50,"reverse",0.355715993350399,0.454790769027509,0.4,0.448998886412873,0.51147312261825,0.0566823535907408,"violation in reverse orientation",1,0.317241379310345,1,390,0.505517076264896,0.35856089473526,0.495535624910617,0.454822938433676,0.360052918118238,0.00149202338297788,"violation",1,50,0.355715993350399,0.454790769027509,0.4,0.448998886412873,0.51147312261825,0.0566823535907408,"violation at burn-in"
268,320,"reverse",0.349619365994701,0.516653677363885,0.448075311052729,0.496078370824611,0.51984582841175,0.00319215104786585,"violation in reverse orientation",1,0.317241379310345,1,360,0.430795995707225,0.413337123081921,0.479510746027193,0.474268442504407,0.414461444466893,0.00112432138497148,"violation",1,320,0.349619365994701,0.516653677363885,0.448075311052729,0.496078370824611,0.51984582841175,0.00319215104786585,"violation"
269,50,"reverse",0.329560327676681,0.430755917550709,0.384187454245971,0.438634243989226,0.547393588269563,0.116637670718854,"violation in reverse orientation",1,0.317241379310345,1,70,0.66501401703857,0.239040057693904,0.5,0.334724986110285,0.243914427616668,0.00487436992276347,"violation",1,50,0.329560327676681,0.430755917550709,0.384187454245971,0.438634243989226,0.547393588269563,0.116637670718854,"violation at burn-in"
270,120,"forward",0.668192560636227,0.240672946732219,0.498260864295892,0.357071421427142,0.241599955291151,0.00092700855893163,"violation in forward orientation",1,0.317241379310345,1,120,0.668192560636227,0.240672946732219,0.498260864295892,0.357071421427142,0.241599955291151,0.00092700855893163,"violation",1,500,0.445220143420336,0.403724212474679,0.485876527525255,0.474379594839407,0.403958429587444,0.000234217112764612,"violation"
271,80,"forward",0.642042346118264,0.243974143961777,0.499843725578305,0.344374432848898,0.260641364020852,0.0166672200590753,"violation in forward orientation",1,0.317241379310345,1,80,0.642042346118264,0.243974143961777,0.499843725578305,0.344374432848898,0.260641364020852,0.0166672200590753,"violation",1,330,0.339508715030042,0.532871617751096,0.44380233689475,0.497929597731969,0.533731129409973,0.000859511658876766,"violation"
272,120,"reverse",0.311460526685915,0.567767143145053,0.406116431033707,0.496585563847986,0.57225066084018,0.00448351769512711,"violation in reverse orientation",1,0.317241379310345,1,160,0.572764456021478,0.302968040723733,0.498591766879478,0.409076704298839,0.311086404169875,0.00811836344614247,"violation",1,120,0.311460526685915,0.567767143145053,0.406116431033707,0.496585563847986,0.57225066084018,0.00448351769512711,"violation"
273,140,"forward",0.545245544285079,0.327572698663508,0.494871659305393,0.419912527334259,0.331124436584845,0.00355173792133667,"violation in forward orientation",1,0.317241379310345,1,140,0.545245544285079,0.327572698663508,0.494871659305393,0.419912527334259,0.331124436584845,0.00355173792133667,"violation",1,230,0.390007650126013,0.454853756539504,0.460130662793842,0.481491067822857,0.464379223548696,0.00952546700919216,"violation"
274,60,"forward",0.592139703863035,0.277090389131333,0.493006648591635,0.357071421427142,0.296978221113216,0.0198878319818827,"violation in forward orientation",1,0.317241379310345,1,60,0.592139703863035,0.277090389131333,0.493006648591635,0.357071421427142,0.296978221113216,0.0198878319818827,"violation",1,330,0.359101860395169,0.505088104933985,0.452774327196483,0.494682467651374,0.506823196197002,0.00173509126301719,"violation"
275,50,"forward",0.612137383051339,0.275078575707952,0.493558507170123,0.346987031457949,0.282416811576465,0.00733823586851273,"violation in forward orientation",1,0.317241379310345,1,50,0.612137383051339,0.275078575707952,0.493558507170123,0.346987031457949,0.282416811576465,0.00733823586851273,"violation at burn-in",1,60,0.206777284463185,0.694529912104096,0.3,0.499722145018832,0.71601571937234,0.0214858072682442,"violation"
276,140,"forward",0.674253683487581,0.225358201267209,0.496723961448963,0.349927106111883,0.237186518548814,0.0118283172816049,"violation in forward orientation",1,0.317241379310345,1,140,0.674253683487581,0.225358201267209,0.496723961448963,0.349927106111883,0.237186518548814,0.0118283172816049,"violation",1,150,0.382412101557293,0.469483141796254,0.448998886412873,0.48,0.474810448846844,0.00532730705059004,"violation"
277,50,"reverse",0.329560327676681,0.546859192020479,0.384187454245971,0.48,0.547393588269563,0.000534396249084246,"violation in reverse orientation",1,0.317241379310345,1,180,0.513980905559012,0.352943065884975,0.492035329455212,0.439240365592044,0.353889938732468,0.000946872847492619,"violation",1,50,0.329560327676681,0.546859192020479,0.384187454245971,0.48,0.547393588269563,0.000534396249084246,"violation at burn-in"
278,70,"reverse",0.277251743648749,0.606789975333154,0.363935405795914,0.496723961448963,0.619230746584833,0.0124407712516799,"violation in reverse orientation",1,0.317241379310345,1,80,0.455809380365391,0.369072457693506,0.463512405443479,0.42555111326373,0.396247824052337,0.0271753663588312,"violation",1,70,0.277251743648749,0.606789975333154,0.363935405795914,0.496723961448963,0.619230746584833,0.0124407712516799,"violation"
279,80,"reverse",0.227252112493843,0.667042346118264,0.330718913883074,0.499843725578305,0.68789694135436,0.0208545952360959,"violation in reverse orientation",1,0.317241379310345,1,280,0.438490322266915,0.393099052393806,0.479157423749955,0.464230765979198,0.408858782323444,0.015759729929638,"violation",1,80,0.227252112493843,0.667042346118264,0.330718913883074,0.499843725578305,0.68789694135436,0.0208545952360959,"violation"
280,90,"forward",0.554753840420317,0.261362863693741,0.492035329455212,0.362433476228891,0.324200923475239,0.0628380597814983,"violation in forward orientation",1,0.317241379310345,1,90,0.554753840420317,0.261362863693741,0.492035329455212,0.362433476228891,0.324200923475239,0.0628380597814983,"violation",1,160,0.401344476533183,0.448788001011108,0.458257569495584,0.474958879799083,0.448809974093011,2.19730819033259e-05,"violation"
281,260,"forward",0.501993266821105,0.355568377657252,0.49278822701683,0.447478140684584,0.362618797486406,0.00705041982915439,"violation in forward orientation",1,0.317241379310345,1,260,0.501993266821105,0.355568377657252,0.49278822701683,0.447478140684584,0.362618797486406,0.00705041982915439,"violation",1,260,0.359747904773338,0.501993266821105,0.449374976853947,0.49278822701683,0.505935961469936,0.00394269464883146,"violation"
282,120,"reverse",0.378960967806647,0.471119296036274,0.442216638714053,0.476969600708473,0.47955000825606,0.00843071221978658,"violation in reverse orientation",1,0.317241379310345,1,160,0.653901777618562,0.2365484833143,0.498082259772419,0.363092188706945,0.252005860004472,0.0154573766901715,"violation",1,120,0.378960967806647,0.471119296036274,0.442216638714053,0.476969600708473,0.47955000825606,0.00843071221978658,"violation"
283,90,"reverse",0.275464716989807,0.61230983413901,0.372677996249965,0.498887651569859,0.621684931101537,0.00937509696252692,"violation in reverse orientation",1,0.317241379310345,1,160,0.5600216206812,0.295730681725611,0.49749371855331,0.404612082740988,0.320365163084945,0.0246344813593343,"violation",1,90,0.275464716989807,0.61230983413901,0.372677996249965,0.498887651569859,0.621684931101537,0.00937509696252692,"violation"
284,280,"forward",0.51989570248873,0.339146993140407,0.495850125480246,0.440952123830019,0.349583049937557,0.0104360567971497,"violation in forward orientation",1,0.317241379310345,1,280,0.51989570248873,0.339146993140407,0.495850125480246,0.440952123830019,0.349583049937557,0.0104360567971497,"violation",1,280,0.323513388125722,0.545337808510983,0.433012701892219,0.498454243289252,0.555698056110123,0.0103602475991397,"violation"
285,160,"forward",0.696369530078241,0.205927109800452,0.49228421668788,0.337673566481002,0.221082754885734,0.0151556450852819,"violation in forward orientation",1,0.317241379310345,1,160,0.696369530078241,0.205927109800452,0.49228421668788,0.337673566481002,0.221082754885734,0.0151556450852819,"violation",1,280,0.331343161645705,0.494235858545645,0.43705881545081,0.491963475498425,0.544945161716587,0.0507093031709416,"violation"
286,50,"forward",0.590712364249548,0.275078575707952,0.489897948556636,0.346987031457949,0.298017545550031,0.0229389698420793,"violation in forward orientation",1,0.317241379310345,1,50,0.590712364249548,0.275078575707952,0.489897948556636,0.346987031457949,0.298017545550031,0.0229389698420793,"violation at burn-in",1,300,0.417880981301368,0.424909296518927,0.47370877129308,0.475908487935327,0.426099829418114,0.00119053289918702,"violation"
287,60,"forward",0.758806370529702,0.155449781144742,0.493006648591635,0.249443825784929,0.175619059052159,0.0201692779074168,"violation in forward orientation",1,0.317241379310345,1,60,0.758806370529702,0.155449781144742,0.493006648591635,0.249443825784929,0.175619059052159,0.0201692779074168,"violation",1,160,0.251578187192657,0.585437582923543,0.374530956664466,0.499374608885954,0.654489115243168,0.069051532319625,"violation"
288,190,"reverse",0.352885350316029,0.505300217237266,0.440347382386356,0.490942899681748,0.515360541013775,0.0100603237765091,"violation in reverse orientation",1,0.317241379310345,1,280,0.512586729286539,0.275944412445548,0.494871659305393,0.40525879864298,0.354905115117624,0.0789607026720767,"violation",1,190,0.352885350316029,0.505300217237266,0.440347382386356,0.490942899681748,0.515360541013775,0.0100603237765091,"violation"
289,50,"reverse",0.329560327676681,0.478395081610861,0.384187454245971,0.458257569495584,0.547393588269563,0.068998506658702,"violation in reverse orientation",1,0.317241379310345,1,440,0.45583921804321,0.391963244908734,0.487440396864958,0.469217741838689,0.396226097598869,0.00426285269013499,"violation",1,50,0.329560327676681,0.478395081610861,0.384187454245971,0.458257569495584,0.547393588269563,0.068998506658702,"violation at burn-in"
290,60,"reverse",0.25432432379694,0.609706494609077,0.339934634239519,0.495535624910617,0.650717752403527,0.0410112577944496,"violation in reverse orientation",1,0.317241379310345,1,160,0.4754482131575,0.373747426619383,0.482465996211132,0.446514277487294,0.381947710303292,0.00820028368390857,"violation",1,60,0.25432432379694,0.609706494609077,0.339934634239519,0.495535624910617,0.650717752403527,0.0410112577944496,"violation"
291,50,"forward",0.56895608070809,0.275078575707952,0.485386443980464,0.346987031457949,0.313859491590956,0.0387809158830044,"violation in forward orientation",1,0.317241379310345,1,50,0.56895608070809,0.275078575707952,0.485386443980464,0.346987031457949,0.313859491590956,0.0387809158830044,"violation at burn-in",1,270,0.418661533021016,0.422582925787489,0.472697654640185,0.473958319201375,0.425027871182202,0.00244494539471291,"violation"
292,50,"reverse",0.246504271019468,0.654021127930363,0.324961536185438,0.498397431775084,0.66145729697061,0.00743616904024702,"violation in reverse orientation",1,0.317241379310345,1,100,0.628654591240726,0.236241940338561,0.499899989998,0.346987031457949,0.270389724303753,0.0341477839651922,"violation",1,50,0.246504271019468,0.654021127930363,0.324961536185438,0.498397431775084,0.66145729697061,0.00743616904024702,"violation at burn-in"
293,120,"forward",0.584859227302894,0.301574017175407,0.498260864295892,0.4,0.302279536321679,0.000705519146271982,"violation in forward orientation",1,0.317241379310345,1,120,0.584859227302894,0.301574017175407,0.498260864295892,0.4,0.302279536321679,0.000705519146271982,"violation",1,130,0.351399993541752,0.503478792009515,0.430769230769231,0.48650425541052,0.517400432013145,0.0139216400036304,"violation"
294,80,"forward",0.564705087131815,0.292478733192347,0.49228421668788,0.379967103839267,0.316954873701018,0.0244761405086715,"violation in forward orientation",1,0.317241379310345,1,80,0.564705087131815,0.292478733192347,0.49228421668788,0.379967103839267,0.316954873701018,0.0244761405086715,"violation",1,290,0.416931926997584,0.424213810353267,0.473004915847786,0.475312025934146,0.427403197986345,0.00318938763307819,"violation"
295,50,"reverse",0.355715993350399,0.501594493296846,0.4,0.466476151587624,0.51147312261825,0.00987862932140415,"violation in reverse orientation",1,0.317241379310345,1,160,0.514864781968424,0.352796350711866,0.491132301421928,0.436561493377508,0.353246339729998,0.00044998901813148,"violation",1,50,0.355715993350399,0.501594493296846,0.4,0.466476151587624,0.51147312261825,0.00987862932140415,"violation at burn-in"
296,70,"forward",0.636172957540227,0.258342897757551,0.499183005990176,0.349927106111883,0.2649151884987,0.00657229074114957,"violation in forward orientation",1,0.317241379310345,1,70,0.636172957540227,0.258342897757551,0.499183005990176,0.349927106111883,0.2649151884987,0.00657229074114957,"violation",1,140,0.343956010304985,0.522975342090722,0.428809457708675,0.491301893971933,0.527623507483709,0.00464816539298685,"violation"
297,70,"forward",0.621549582751732,0.258342897757551,0.498159879261791,0.349927106111883,0.275563271563719,0.0172203738061686,"violation in forward orientation",1,0.317241379310345,1,70,0.621549582751732,0.258342897757551,0.498159879261791,0.349927106111883,0.275563271563719,0.0172203738061686,"violation",1,80,0.308177297821902,0.551467297585606,0.3903123748999,0.489897948556636,0.576759630755395,0.025292333169789,"violation"
298,50,"reverse",0.246504271019468,0.633238465893974,0.324961536185438,0.496386945839634,0.66145729697061,0.0282188310766363,"violation in reverse orientation",1,0.317241379310345,1,180,0.467416299704912,0.38364903816153,0.481894409826699,0.453246178986025,0.387796188021409,0.00414714985987946,"violation",1,50,0.246504271019468,0.633238465893974,0.324961536185438,0.496386945839634,0.66145729697061,0.0282188310766363,"violation at burn-in"
299,110,"reverse",0.338260821129089,0.529746374608728,0.419070202604222,0.489897948556636,0.535444904565416,0.0056985299566884,"violation in reverse orientation",1,0.317241379310345,1,140,0.408041743115843,0.423735736507068,0.458257569495584,0.464230765979198,0.439612390011568,0.0158766535045001,"violation",1,110,0.338260821129089,0.529746374608728,0.419070202604222,0.489897948556636,0.535444904565416,0.0056985299566884,"violation"
300,180,"forward",0.37754377129703,0.479141499332433,0.450616861153192,0.484831649539365,0.481496292444729,0.00235479311229586,"violation in forward orientation",1,0.317241379310345,1,180,0.37754377129703,0.479141499332433,0.450616861153192,0.484831649539365,0.481496292444729,0.00235479311229586,"violation",1,230,0.34739934026378,0.522611536891927,0.441448894725159,0.495137032072234,0.522894665287377,0.000283128395450194,"violation"
301,140,"forward",0.515501481774093,0.352089851249444,0.489897948556636,0.433012701892219,0.352782723600595,0.000692872351150509,"violation in forward orientation",1,0.317241379310345,1,140,0.515501481774093,0.352089851249444,0.489897948556636,0.433012701892219,0.352782723600595,0.000692872351150509,"violation",1,820,0.360596842134437,0.477254297942782,0.463388959494163,0.494435123764621,0.504770086905706,0.0275157889629238,"violation"
302,160,"forward",0.647764456021478,0.244084851419326,0.498591766879478,0.368908864084343,0.2564747812424,0.0123899298230739,"violation in forward orientation",1,0.317241379310345,1,160,0.647764456021478,0.244084851419326,0.498591766879478,0.368908864084343,0.2564747812424,0.0123899298230739,"violation",1,250,0.51657285588614,0.351658273763367,0.494788843851597,0.444989887525548,0.352002597213643,0.000344323450276407,"violation"
303,50,"forward",0.590712364249548,0.185611725055255,0.489897948556636,0.271293199325011,0.298017545550031,0.112405820494777,"violation in forward orientation",1,0.317241379310345,1,50,0.590712364249548,0.185611725055255,0.489897948556636,0.271293199325011,0.298017545550031,0.112405820494777,"violation at burn-in",1,150,0.404523913458941,0.433639495883796,0.458257569495584,0.468994195652308,0.444443545178262,0.0108040492944662,"violation"
304,80,"reverse",0.32367253060101,0.551467297585606,0.4,0.489897948556636,0.555479500333773,0.00401220274816716,"violation in reverse orientation",1,0.317241379310345,1,90,0.600945650434495,0.275464716989807,0.498020774022555,0.372677996249965,0.290566127330815,0.0151014103410078,"violation",1,80,0.32367253060101,0.551467297585606,0.4,0.489897948556636,0.555479500333773,0.00401220274816716,"violation"
305,50,"reverse",0.56895608070809,0.302716065288689,0.485386443980464,0.366606055596467,0.313859491590956,0.0111434263022674,"violation in reverse orientation",1,0.317241379310345,1,330,0.46138608673485,0.391449234965831,0.486559481007523,0.4657704893618,0.392187117579988,0.000737882614157026,"violation",1,50,0.56895608070809,0.302716065288689,0.485386443980464,0.366606055596467,0.313859491590956,0.0111434263022674,"violation at burn-in"
306,50,"forward",0.612137383051339,0.246504271019468,0.493558507170123,0.324961536185438,0.282416811576465,0.0359125405569967,"violation in forward orientation",1,0.317241379310345,1,50,0.612137383051339,0.246504271019468,0.493558507170123,0.324961536185438,0.282416811576465,0.0359125405569967,"violation at burn-in",1,460,0.403095726101106,0.446032200638194,0.473414177002303,0.485493726828854,0.446404923472766,0.000372722834572514,"violation"
307,160,"forward",0.591748113255807,0.228966979922067,0.499648313816829,0.357071421427142,0.297263359761001,0.0682963798389333,"violation in forward orientation",1,0.317241379310345,1,160,0.591748113255807,0.228966979922067,0.499648313816829,0.357071421427142,0.297263359761001,0.0682963798389333,"violation",1,160,0.302968040723733,0.527856174668703,0.409076704298839,0.493354271796647,0.583913680780268,0.0560575061115642,"violation"
308,160,"reverse",0.302968040723733,0.572764456021478,0.409076704298839,0.498591766879478,0.583913680780268,0.0111492247587894,"violation in reverse orientation",1,0.317241379310345,1,280,0.563379385105391,0.295893744134178,0.499540605283025,0.417582327212252,0.317920190223435,0.0220264460892567,"violation",1,160,0.302968040723733,0.572764456021478,0.409076704298839,0.498591766879478,0.583913680780268,0.0111492247587894,"violation"
309,280,"reverse",0.377799257205771,0.468353061145298,0.458257569495584,0.486763572497166,0.481145424953004,0.0127923638077061,"violation in reverse orientation",1,0.317241379310345,1,280,0.538090622744335,0.335248276375803,0.497839720949526,0.439024312468883,0.336334328281629,0.00108605190582567,"violation",1,280,0.377799257205771,0.468353061145298,0.458257569495584,0.486763572497166,0.481145424953004,0.0127923638077061,"violation"
310,60,"reverse",0.277090389131333,0.574366575369876,0.357071421427142,0.489897948556636,0.619452340233905,0.0450857648640294,"violation in reverse orientation",1,0.317241379310345,1,190,0.548684983188403,0.323471761400868,0.497222200728715,0.425144590036934,0.328619992045239,0.00514823064437153,"violation",1,60,0.277090389131333,0.574366575369876,0.357071421427142,0.489897948556636,0.619452340233905,0.0450857648640294,"violation"
311,60,"forward",0.609706494609077,0.25432432379694,0.495535624910617,0.339934634239519,0.284186875082966,0.0298625512860264,"violation in forward orientation",1,0.317241379310345,1,60,0.609706494609077,0.25432432379694,0.495535624910617,0.339934634239519,0.284186875082966,0.0298625512860264,"violation",1,110,0.316792091153819,0.558286251516634,0.406659440842637,0.494682467651374,0.564928641942778,0.00664239042614367,"violation"
312,160,"reverse",0.380681875412019,0.4754482131575,0.449609205310567,0.482465996211132,0.477186627285414,0.00173841412791387,"violation in reverse orientation",1,0.317241379310345,1,400,0.491067839379247,0.365984832335208,0.493558507170123,0.458257569495584,0.370574201803423,0.00458936946821437,"violation",1,160,0.380681875412019,0.4754482131575,0.449609205310567,0.482465996211132,0.477186627285414,0.00173841412791387,"violation"
313,100,"forward",0.567316518042841,0.310945864384819,0.495075751779463,0.4,0.315053347298164,0.00410748291334501,"violation in forward orientation",1,0.317241379310345,1,100,0.567316518042841,0.310945864384819,0.495075751779463,0.4,0.315053347298164,0.00410748291334501,"violation",1,370,0.359735384374636,0.498078277149806,0.454632835747336,0.494240014680145,0.505953156159496,0.00787487900969086,"violation"
314,50,"forward",0.430755917550709,0.4062591846095,0.438634243989226,0.427083130081252,0.414490627575842,0.00823144296634243,"violation in forward orientation",1,0.317241379310345,1,50,0.430755917550709,0.4062591846095,0.438634243989226,0.427083130081252,0.414490627575842,0.00823144296634243,"violation at burn-in",1,280,0.339146993140407,0.508925548938443,0.440952123830019,0.49434299833213,0.534227894389081,0.0253023454506386,"violation"
315,50,"forward",0.524410079701748,0.329560327676681,0.47370877129308,0.384187454245971,0.34629588372276,0.0167355560460792,"violation in forward orientation",1,0.317241379310345,1,50,0.524410079701748,0.329560327676681,0.47370877129308,0.384187454245971,0.34629588372276,0.0167355560460792,"violation at burn-in",1,320,0.369774388887642,0.481392662703194,0.45688098491292,0.49052546761101,0.492166249671196,0.0107735869680021,"violation"
316,50,"reverse",0.275078575707952,0.61213738305134,0.346987031457949,0.493558507170123,0.622215232062883,0.0100778490115435,"violation in reverse orientation",1,0.317241379310345,1,160,0.629248113255807,0.266443233185236,0.499648313816829,0.385225177655874,0.269957548297263,0.00351431511202682,"violation",1,50,0.275078575707952,0.61213738305134,0.346987031457949,0.493558507170123,0.622215232062883,0.0100778490115435,"violation at burn-in"
317,140,"forward",0.384264590310491,0.454767023275975,0.448296093843234,0.474664220738176,0.472266363008664,0.0174993397326889,"violation in forward orientation",1,0.317241379310345,1,140,0.384264590310491,0.454767023275975,0.448296093843234,0.474664220738176,0.472266363008664,0.0174993397326889,"violation",1,290,0.343025495016375,0.527827212839417,0.443421997398028,0.496946682005467,0.528901415791587,0.00107420295217031,"violation"
318,160,"forward",0.585437582923543,0.273818275903645,0.499374608885954,0.3903123748999,0.301858403800707,0.0280401278970622,"violation in forward orientation",1,0.317241379310345,1,160,0.585437582923543,0.273818275903645,0.499374608885954,0.3903123748999,0.301858403800707,0.0280401278970622,"violation",1,280,0.366265521563528,0.490552112022985,0.453430799346403,0.491301893971933,0.496985096561318,0.00643298453833291,"violation"
319,80,"forward",0.667042346118264,0.210195306156735,0.499843725578305,0.315980616494114,0.242437489711693,0.0322421835549581,"violation in forward orientation",1,0.317241379310345,1,80,0.667042346118264,0.210195306156735,0.499843725578305,0.315980616494114,0.242437489711693,0.0322421835549581,"violation",1,180,0.352943065884975,0.508208733407478,0.439240365592044,0.490999233108953,0.515281278259092,0.00707254485161402,"violation"
320,150,"forward",0.553220838285771,0.322162232949454,0.496386945839634,0.418675159149536,0.325317186602157,0.00315495365270341,"violation in forward orientation",1,0.317241379310345,1,150,0.553220838285771,0.322162232949454,0.496386945839634,0.418675159149536,0.325317186602157,0.00315495365270341,"violation",1,530,0.448520137319742,0.399647569794833,0.487015452797747,0.47358114709476,0.401555522620813,0.00190795282597983,"violation"
321,100,"forward",0.608432477215472,0.261683564317147,0.499099188538711,0.366606055596467,0.285114557183001,0.0234309928658534,"violation in forward orientation",1,0.317241379310345,1,100,0.608432477215472,0.261683564317147,0.499099188538711,0.366606055596467,0.285114557183001,0.0234309928658534,"violation",1,450,0.338902541653426,0.532506047184533,0.447903208238808,0.498734200220053,0.534563607933942,0.0020575607494091,"violation"
322,330,"reverse",0.388231064464554,0.464527637416218,0.464576191436044,0.487266696781619,0.466819069088288,0.00229143167206924,"violation in reverse orientation",1,0.317241379310345,1,470,0.394923695495256,0.45460570400378,0.470900623287146,0.487605544517196,0.45762785116808,0.00302214716430055,"violation",1,330,0.388231064464554,0.464527637416218,0.464576191436044,0.487266696781619,0.466819069088288,0.00229143167206924,"violation"
323,160,"forward",0.501800453905321,0.359805211874103,0.488580533279827,0.439992897669951,0.36275919516977,0.00295398329566737,"violation in forward orientation",1,0.317241379310345,1,160,0.501800453905321,0.359805211874103,0.488580533279827,0.439992897669951,0.36275919516977,0.00295398329566737,"violation",1,320,0.403042746497091,0.442469320697192,0.469530600041147,0.48160498271405,0.446477682165663,0.00400836146847033,"violation"
324,80,"forward",0.616655263867034,0.260399815732986,0.498591766879478,0.357071421427142,0.279127094195958,0.0187272784629723,"violation in forward orientation",1,0.317241379310345,1,80,0.616655263867034,0.260399815732986,0.498591766879478,0.357071421427142,0.279127094195958,0.0187272784629723,"violation",1,110,0.316792091153819,0.520140641333334,0.406659440842637,0.487954069102532,0.564928641942778,0.0447880006094437,"violation"
325,90,"forward",0.623601442490623,0.247071505072811,0.499505928733089,0.351539822656808,0.274069199692248,0.0269976946194365,"violation in forward orientation",1,0.317241379310345,1,90,0.623601442490623,0.247071505072811,0.499505928733089,0.351539822656808,0.274069199692248,0.0269976946194365,"violation",1,460,0.463957944349512,0.387142379298955,0.489449171511592,0.467967289180463,0.390314406669654,0.00317202737069877,"violation"
326,60,"reverse",0.321054517826778,0.519765062450468,0.386939558874797,0.476969600708473,0.55907490635802,0.039309843907552,"violation in reverse orientation",1,0.317241379310345,1,60,0.694529912104096,0.206777284463185,0.499722145018832,0.3,0.222422281860862,0.0156449973976767,"violation",1,60,0.321054517826778,0.519765062450468,0.386939558874797,0.476969600708473,0.55907490635802,0.039309843907552,"violation"
327,50,"reverse",0.355715993350399,0.501594493296846,0.4,0.466476151587624,0.51147312261825,0.00987862932140415,"violation in reverse orientation",1,0.317241379310345,1,170,0.48056130135878,0.372558896878605,0.4845002419288,0.447252280124009,0.378224589705382,0.00566569282677698,"violation",1,50,0.355715993350399,0.501594493296846,0.4,0.466476151587624,0.51147312261825,0.00987862932140415,"violation at burn-in"
328,50,"reverse",0.216786995012799,0.478395081610861,0.3,0.458257569495584,0.702269043280731,0.22387396166987,"violation in reverse orientation",1,0.317241379310345,1,240,0.48939396927696,0.361022910402932,0.489897948556636,0.448589610767892,0.371793038641499,0.0107701282385671,"violation",1,50,0.216786995012799,0.478395081610861,0.3,0.458257569495584,0.702269043280731,0.22387396166987,"violation at burn-in"
329,200,"forward",0.518152849121887,0.336112243592709,0.493558507170123,0.433012701892219,0.350852117282729,0.0147398736900195,"violation in forward orientation",1,0.317241379310345,1,200,0.518152849121887,0.336112243592709,0.493558507170123,0.433012701892219,0.350852117282729,0.0147398736900195,"violation",1,280,0.350805576236352,0.494235858545645,0.446514277487294,0.491963475498425,0.518216765524497,0.0239809069788522,"violation"
330,50,"reverse",0.185611725055255,0.590712364249548,0.271293199325011,0.489897948556636,0.74508310229379,0.154370738044242,"violation in reverse orientation",1,0.317241379310345,1,180,0.449720003515,0.389736978234911,0.476969600708473,0.455792621243748,0.400681834084561,0.0109448558496501,"violation",1,50,0.185611725055255,0.590712364249548,0.271293199325011,0.489897948556636,0.74508310229379,0.154370738044242,"violation at burn-in"
331,120,"forward",0.515618156308682,0.350374561746575,0.488122821520249,0.428093317968044,0.352697766458085,0.00232320471151076,"violation in forward orientation",1,0.317241379310345,1,120,0.515618156308682,0.350374561746575,0.488122821520249,0.428093317968044,0.352697766458085,0.00232320471151076,"violation",1,160,0.33870010349401,0.508341802636892,0.42934361238989,0.489897948556636,0.534841623146498,0.0264998205096068,"violation"
332,50,"forward",0.56895608070809,0.302716065288689,0.485386443980464,0.366606055596467,0.313859491590956,0.0111434263022674,"violation in forward orientation",1,0.317241379310345,1,50,0.56895608070809,0.302716065288689,0.485386443980464,0.366606055596467,0.313859491590956,0.0111434263022674,"violation at burn-in",1,480,0.307389956781311,0.518046540854939,0.433012701892219,0.497698697060335,0.577840912996772,0.0597943721418334,"violation"
333,220,"forward",0.464649002261978,0.387117227572064,0.483530405344444,0.458257569495584,0.389811209414499,0.0026939818424343,"violation in forward orientation",1,0.317241379310345,1,220,0.464649002261978,0.387117227572064,0.483530405344444,0.458257569495584,0.389811209414499,0.0026939818424343,"violation",1,480,0.298404625874777,0.522264043553374,0.428093317968044,0.498082259772419,0.590180773668649,0.0679167301152749,"violation"
334,240,"reverse",0.315152301376142,0.553480370955802,0.42555111326373,0.498591766879478,0.567180621040507,0.0137002500847053,"violation in reverse orientation",1,0.317241379310345,1,570,0.485198654276768,0.370974082006056,0.494276256924641,0.464130424988958,0.374847878119531,0.00387379611347571,"violation",1,240,0.315152301376142,0.553480370955802,0.42555111326373,0.498591766879478,0.567180621040507,0.0137002500847053,"violation"
335,160,"forward",0.508341802636892,0.324494638919108,0.489897948556636,0.421631874388073,0.357996079564895,0.0335014406457873,"violation in forward orientation",1,0.317241379310345,1,160,0.508341802636892,0.324494638919108,0.489897948556636,0.421631874388073,0.357996079564895,0.0335014406457873,"violation",1,480,0.373932278544624,0.473478354568967,0.463512405443479,0.491525403435288,0.486456078327492,0.0129777237585251,"violation"
336,260,"reverse",0.384677616545184,0.470119613753106,0.459917023645628,0.48650425541052,0.471699140026789,0.0015795262736833,"violation in reverse orientation",1,0.317241379310345,1,480,0.570432579640007,0.257590954749479,0.49998263858747,0.403091353031653,0.312784371551987,0.0551934168025081,"violation",1,260,0.384677616545184,0.470119613753106,0.459917023645628,0.48650425541052,0.471699140026789,0.0015795262736833,"violation"
337,100,"forward",0.648654591240726,0.249038993743375,0.499899989998,0.357071421427142,0.255826624856426,0.00678763111305103,"violation in forward orientation",1,0.317241379310345,1,100,0.648654591240726,0.249038993743375,0.499899989998,0.357071421427142,0.255826624856426,0.00678763111305103,"violation",1,280,0.38163250583752,0.445984924621482,0.459799756770848,0.481229293220042,0.475881094175598,0.0298961695541159,"violation"
338,50,"forward",0.734021127930363,0.116284945699819,0.498397431775084,0.195959179422654,0.193666556692173,0.077381610992354,"violation in forward orientation",1,0.317241379310345,1,50,0.734021127930363,0.116284945699819,0.498397431775084,0.195959179422654,0.193666556692173,0.077381610992354,"violation at burn-in",1,50,0.246504271019468,0.61213738305134,0.324961536185438,0.493558507170123,0.66145729697061,0.0493199139192703,"violation at burn-in"
339,90,"forward",0.589508511541965,0.275464716989807,0.496903994999953,0.372677996249965,0.298894136885055,0.0234294198952477,"violation in forward orientation",1,0.317241379310345,1,90,0.589508511541965,0.275464716989807,0.496903994999953,0.372677996249965,0.298894136885055,0.0234294198952477,"violation",1,160,0.310173845011429,0.540775613696132,0.413398642353842,0.495250883391438,0.574017704564821,0.0332420908686897,"violation"
340,50,"reverse",0.275078575707952,0.56895608070809,0.346987031457949,0.485386443980464,0.622215232062883,0.0532591513547934,"violation in reverse orientation",1,0.317241379310345,1,190,0.532503105751575,0.335289554908548,0.495296436042888,0.431482659348623,0.340402906563088,0.00511335165454058,"violation",1,50,0.275078575707952,0.56895608070809,0.346987031457949,0.485386443980464,0.622215232062883,0.0532591513547934,"violation at burn-in"
341,90,"forward",0.700619622653076,0.217843543370117,0.496903994999953,0.327542288288526,0.21798802884435,0.000144485474233763,"violation in forward orientation",1,0.317241379310345,1,90,0.700619622653076,0.217843543370117,0.496903994999953,0.327542288288526,0.21798802884435,0.000144485474233763,"violation",1,110,0.283966960418264,0.604951973890729,0.385694607919935,0.499255644281672,0.610008510901004,0.00505653701027475,"violation"
342,250,"reverse",0.36037593036599,0.495977513627094,0.448998886412873,0.491463121709045,0.505073472554133,0.00909595892703946,"violation in reverse orientation",1,0.317241379310345,1,280,0.59202014371622,0.243592884835352,0.499948976988489,0.382993046241557,0.297065279428616,0.053472394593264,"violation",1,250,0.36037593036599,0.495977513627094,0.448998886412873,0.491463121709045,0.505073472554133,0.00909595892703946,"violation"
343,110,"reverse",0.305937471255794,0.577086061449853,0.4,0.497015888466787,0.579835660791733,0.00274959934187935,"violation in reverse orientation",1,0.317241379310345,1,130,0.567604099510956,0.297728565431627,0.497092136043185,0.4,0.314843943422195,0.0171153779905682,"violation",1,110,0.305937471255794,0.577086061449853,0.4,0.497015888466787,0.579835660791733,0.00274959934187935,"violation"
344,60,"forward",0.644232895622817,0.206777284463185,0.498887651569859,0.3,0.259046304506897,0.0522690200437117,"violation in forward orientation",1,0.317241379310345,1,60,0.644232895622817,0.206777284463185,0.498887651569859,0.3,0.259046304506897,0.0522690200437117,"violation",1,480,0.367340658776839,0.477745591633641,0.460934851687307,0.49228421668788,0.495508574043292,0.0177629824096511,"violation"
345,50,"reverse",0.275078575707952,0.61213738305134,0.346987031457949,0.493558507170123,0.622215232062883,0.0100778490115435,"violation in reverse orientation",1,0.317241379310345,1,70,0.636172957540227,0.239040057693904,0.499183005990176,0.334724986110285,0.2649151884987,0.0258751308047959,"violation",1,50,0.275078575707952,0.61213738305134,0.346987031457949,0.493558507170123,0.622215232062883,0.0100778490115435,"violation at burn-in"
346,70,"reverse",0.295810536031579,0.59189294941248,0.376883027379226,0.494871659305394,0.593743325517698,0.00185037610521743,"violation in reverse orientation",1,0.317241379310345,1,280,0.501589728998951,0.350805576236352,0.493206397992167,0.446514277487294,0.362912635558146,0.0121070593217933,"violation",1,70,0.295810536031579,0.59189294941248,0.376883027379226,0.494871659305394,0.593743325517698,0.00185037610521743,"violation"
347,190,"forward",0.499824134707545,0.352885350316029,0.489897948556636,0.440347382386356,0.364198261820614,0.0113129115045854,"violation in forward orientation",1,0.317241379310345,1,190,0.499824134707545,0.352885350316029,0.489897948556636,0.440347382386356,0.364198261820614,0.0113129115045854,"violation",1,250,0.4752312956228,0.373393327523893,0.487294572101927,0.454682306671372,0.382105659884776,0.00871233236088365,"violation"
348,70,"reverse",0.401384518782172,0.384376285178422,0.43705881545081,0.428809457708675,0.448754982709983,0.0643786975315609,"violation in reverse orientation",1,0.317241379310345,1,70,0.621549582751732,0.258342897757551,0.498159879261791,0.349927106111883,0.275563271563719,0.0172203738061686,"violation",1,70,0.401384518782172,0.384376285178422,0.43705881545081,0.428809457708675,0.448754982709983,0.0643786975315609,"violation"
349,70,"forward",0.546359910605891,0.314054244758118,0.486763572497166,0.388875931109034,0.330313005207308,0.01625876044919,"violation in forward orientation",1,0.317241379310345,1,70,0.546359910605891,0.314054244758118,0.486763572497166,0.388875931109034,0.330313005207308,0.01625876044919,"violation",1,210,0.347345268027572,0.514929792468592,0.43967107887189,0.493403194170995,0.522968924529242,0.00803913206065054,"violation"
350,90,"reverse",0.330249254092939,0.543018751298959,0.408097059382377,0.489897948556636,0.546447462180471,0.00342871088151198,"violation in reverse orientation",1,0.317241379310345,1,150,0.49071173515061,0.367531806168737,0.485386443980464,0.442216638714053,0.370833500868186,0.00330169469944885,"violation",1,90,0.330249254092939,0.543018751298959,0.408097059382377,0.489897948556636,0.546447462180471,0.00342871088151198,"violation"
351,90,"forward",0.531207015560322,0.330249254092939,0.487498021521785,0.408097059382377,0.341346661080484,0.011097406987545,"violation in forward orientation",1,0.317241379310345,1,90,0.531207015560322,0.330249254092939,0.487498021521785,0.408097059382377,0.341346661080484,0.011097406987545,"violation",1,160,0.302968040723733,0.501800453905321,0.409076704298839,0.488580533279827,0.583913680780268,0.0821132268749462,"violation"
352,50,"reverse",0.329560327676681,0.501594493296846,0.384187454245971,0.466476151587624,0.547393588269563,0.0457990949727176,"violation in reverse orientation",1,0.317241379310345,1,90,0.519317495001799,0.316774321444153,0.484831649539365,0.4,0.350004074594224,0.0332297531500717,"violation",1,50,0.329560327676681,0.501594493296846,0.384187454245971,0.466476151587624,0.547393588269563,0.0457990949727176,"violation at burn-in"
353,240,"forward",0.51091977763703,0.351923288700044,0.493692858859523,0.444390187660449,0.356118914249909,0.00419562554986513,"violation in forward orientation",1,0.317241379310345,1,240,0.51091977763703,0.351923288700044,0.493692858859523,0.444390187660449,0.356118914249909,0.00419562554986513,"violation",1,260,0.441934044963676,0.405267793842494,0.479320895340542,0.467651820109867,0.406351218518346,0.0010834246758521,"violation"
354,50,"forward",0.524410079701748,0.329560327676681,0.47370877129308,0.384187454245971,0.34629588372276,0.0167355560460792,"violation in forward orientation",1,0.317241379310345,1,50,0.524410079701748,0.329560327676681,0.47370877129308,0.384187454245971,0.34629588372276,0.0167355560460792,"violation at burn-in",1,160,0.310173845011429,0.540775613696132,0.413398642353842,0.495250883391438,0.574017704564821,0.0332420908686897,"violation"
355,60,"forward",0.661196578770763,0.206777284463185,0.499722145018832,0.3,0.246694114273073,0.0399168298098882,"violation in forward orientation",1,0.317241379310345,1,60,0.661196578770763,0.206777284463185,0.499722145018832,0.3,0.246694114273073,0.0399168298098882,"violation",1,70,0.349704765490709,0.515278239716522,0.410325903324145,0.479157423749955,0.519728546378051,0.00445030666152912,"violation"
356,100,"reverse",0.322972911087052,0.535880378407413,0.407308237088326,0.489897948556636,0.556440311617783,0.0205599332103694,"violation in reverse orientation",1,0.317241379310345,1,280,0.566974652268826,0.287937248326568,0.499681020701186,0.412789786893117,0.315302278561394,0.027365030234826,"violation",1,100,0.322972911087052,0.535880378407413,0.407308237088326,0.489897948556636,0.556440311617783,0.0205599332103694,"violation"
357,160,"reverse",0.324494638919108,0.553623923094054,0.421631874388073,0.49682586235018,0.55435047100719,0.000726547913136311,"violation in reverse orientation",1,0.317241379310345,1,170,0.455610578367449,0.392009080827701,0.477884612037409,0.455645099553814,0.396392582715654,0.00438350188795333,"violation",1,160,0.324494638919108,0.553623923094054,0.421631874388073,0.49682586235018,0.55435047100719,0.000726547913136311,"violation"
358,50,"forward",0.633238465893974,0.216786995012799,0.496386945839634,0.3,0.267051953182287,0.0502649581694872,"violation in forward orientation",1,0.317241379310345,1,50,0.633238465893974,0.216786995012799,0.496386945839634,0.3,0.267051953182287,0.0502649581694872,"violation at burn-in",1,110,0.305937471255794,0.558286251516634,0.4,0.494682467651374,0.579835660791733,0.0215494092750987,"violation"
359,50,"reverse",0.430755917550709,0.355715993350399,0.438634243989226,0.4,0.414490627575842,0.0587746342254433,"violation in reverse orientation",1,0.317241379310345,1,430,0.473031884524528,0.383517873338554,0.49082440774969,0.465935325362037,0.383707172012261,0.000189298673707261,"violation",1,50,0.430755917550709,0.355715993350399,0.438634243989226,0.4,0.414490627575842,0.0587746342254433,"violation at burn-in"
360,70,"forward",0.546359910605891,0.314054244758118,0.486763572497166,0.388875931109034,0.330313005207308,0.01625876044919,"violation in forward orientation",1,0.317241379310345,1,70,0.546359910605891,0.314054244758118,0.486763572497166,0.388875931109034,0.330313005207308,0.01625876044919,"violation",1,90,0.289392299544533,0.577997924209187,0.382325567424117,0.495535624910617,0.60255770807446,0.0245597838652732,"violation"
361,160,"reverse",0.33870010349401,0.488662040908508,0.42934361238989,0.485693769262073,0.534841623146498,0.0461795822379903,"violation in reverse orientation",1,0.317241379310345,1,260,0.413458938022962,0.429766752591291,0.470490113334555,0.475742956802038,0.432172771918301,0.00240601932700968,"violation",1,160,0.33870010349401,0.488662040908508,0.42934361238989,0.485693769262073,0.534841623146498,0.0461795822379903,"violation"
362,210,"forward",0.485280598226112,0.363076997417881,0.487857084756789,0.447112175021162,0.374788210225361,0.0117112128074805,"violation in forward orientation",1,0.317241379310345,1,210,0.485280598226112,0.363076997417881,0.487857084756789,0.447112175021162,0.374788210225361,0.0117112128074805,"violation",1,230,0.375890519635587,0.482160311505982,0.4543634280658,0.488042267840079,0.483766759205493,0.00160644769951113,"violation"
363,50,"forward",0.826859192020479,0.0745005976726398,0.48,0.14,0.12606605870009,0.0515654610274505,"violation in forward orientation",1,0.317241379310345,1,50,0.826859192020479,0.0745005976726398,0.48,0.14,0.12606605870009,0.0515654610274505,"violation at burn-in",1,200,0.39113263255365,0.460740912732716,0.458257569495584,0.481430161082581,0.462834246901788,0.00209333416907181,"violation"
364,160,"reverse",0.359805211874103,0.495240586751941,0.439992897669951,0.487179381747627,0.505857259678504,0.0106166729265626,"violation in reverse orientation",1,0.317241379310345,1,480,0.49476652717318,0.358531231758114,0.494957209149325,0.457342679387009,0.36788098389504,0.00934975213692513,"violation",1,160,0.359805211874103,0.495240586751941,0.439992897669951,0.487179381747627,0.505857259678504,0.0106166729265626,"violation"
365,160,"reverse",0.345761529163151,0.508341802636892,0.433012701892219,0.489897948556636,0.52514392700059,0.0168021243636982,"violation in reverse orientation",1,0.317241379310345,1,220,0.576808004296824,0.301825693538233,0.499669312133138,0.416076717337973,0.308142074387179,0.00631638084894587,"violation",1,160,0.345761529163151,0.508341802636892,0.433012701892219,0.489897948556636,0.52514392700059,0.0168021243636982,"violation"
366,110,"forward",0.491038274302675,0.369912791387257,0.481045692920835,0.435605401844034,0.370595729760937,0.000682938373680442,"violation in forward orientation",1,0.317241379310345,1,110,0.491038274302675,0.369912791387257,0.481045692920835,0.435605401844034,0.370595729760937,0.000682938373680442,"violation",1,120,0.321281192805974,0.541858331145758,0.411973569810276,0.493006648591635,0.558763605896171,0.0169052747504128,"violation"
367,160,"forward",0.553623923094054,0.324494638919108,0.49682586235018,0.421631874388073,0.325023678394721,0.00052903947561278,"violation in forward orientation",1,0.317241379310345,1,160,0.553623923094054,0.324494638919108,0.49682586235018,0.421631874388073,0.325023678394721,0.00052903947561278,"violation",1,170,0.339720188690802,0.52360068774411,0.431301241878197,0.493171362793487,0.533440705435976,0.0098400176918666,"violation"
368,50,"forward",0.612137383051339,0.246504271019468,0.493558507170123,0.324961536185438,0.282416811576465,0.0359125405569967,"violation in forward orientation",1,0.317241379310345,1,50,0.612137383051339,0.246504271019468,0.493558507170123,0.324961536185438,0.282416811576465,0.0359125405569967,"violation at burn-in",1,800,0.496208116758516,0.365348976282061,0.49682586235018,0.465011760603966,0.366831283270366,0.00148230698830443,"violation"
369,90,"forward",0.507348898454775,0.330249254092939,0.481894409826699,0.408097059382377,0.358719067682187,0.028469813589248,"violation in forward orientation",1,0.317241379310345,1,90,0.507348898454775,0.330249254092939,0.481894409826699,0.408097059382377,0.358719067682187,0.028469813589248,"violation",1,90,0.343591528449175,0.519317495001799,0.415739709641549,0.484831649539365,0.528124062818277,0.00880656781647782,"violation"
370,100,"reverse",0.334897285537307,0.514629046470215,0.41424630354416,0.485386443980464,0.540064162442419,0.0254351159722037,"violation in reverse orientation",1,0.317241379310345,1,220,0.474177520579091,0.382189517959428,0.485832335123178,0.456246815906471,0.382872971422609,0.000683453463181383,"violation",1,100,0.334897285537307,0.514629046470215,0.41424630354416,0.485386443980464,0.540064162442419,0.0254351159722037,"violation"
371,50,"forward",0.546859192020479,0.329560327676681,0.48,0.384187454245971,0.329949450962666,0.000389123285984561,"violation in forward orientation",1,0.317241379310345,1,50,0.546859192020479,0.329560327676681,0.48,0.384187454245971,0.329949450962666,0.000389123285984561,"violation at burn-in",1,950,0.410272138074216,0.436170267513856,0.480909802589994,0.487391155545682,0.436549312723055,0.000379045209198736,"violation"
372,50,"reverse",0.329560327676681,0.524410079701748,0.384187454245971,0.47370877129308,0.547393588269563,0.0229835085678155,"violation in reverse orientation",1,0.317241379310345,1,70,0.636172957540227,0.219286761535403,0.499183005990176,0.318157963590287,0.2649151884987,0.0456284269632969,"violation",1,50,0.329560327676681,0.524410079701748,0.384187454245971,0.47370877129308,0.547393588269563,0.0229835085678155,"violation at burn-in"
373,50,"reverse",0.329560327676681,0.501594493296846,0.384187454245971,0.466476151587624,0.547393588269563,0.0457990949727176,"violation in reverse orientation",1,0.317241379310345,1,110,0.586418960663303,0.294997309582735,0.497929597731969,0.393017569476678,0.301143808719731,0.00614649913699633,"violation",1,50,0.329560327676681,0.501594493296846,0.384187454245971,0.466476151587624,0.547393588269563,0.0457990949727176,"violation at burn-in"
374,50,"reverse",0.216786995012799,0.454790769027509,0.3,0.448998886412873,0.702269043280731,0.247478274253222,"violation in reverse orientation",1,0.317241379310345,1,250,0.462709556800942,0.382033340415895,0.484380016103059,0.458257569495584,0.391223426270585,0.00919008585469011,"violation",1,50,0.216786995012799,0.454790769027509,0.3,0.448998886412873,0.702269043280731,0.247478274253222,"violation at burn-in"
375,80,"reverse",0.413053876615838,0.427434440271627,0.446514277487294,0.452596674755792,0.432729056531462,0.00529461625983485,"violation in reverse orientation",1,0.317241379310345,1,210,0.53938463513255,0.326186929275849,0.496723961448963,0.428809457708675,0.335392086726846,0.00920515745099693,"violation",1,80,0.413053876615838,0.427434440271627,0.446514277487294,0.452596674755792,0.432729056531462,0.00529461625983485,"violation"
376,210,"forward",0.558786452204585,0.320863076276535,0.498546640580866,0.42591770999996,0.321264557152902,0.000401480876366989,"violation in forward orientation",1,0.317241379310345,1,210,0.558786452204585,0.320863076276535,0.498546640580866,0.42591770999996,0.321264557152902,0.000401480876366989,"violation",1,480,0.389262530693501,0.437008661288261,0.46914797920154,0.483580217119031,0.465402521419053,0.0283938601307915,"violation"
377,50,"forward",0.772137383051339,0.152451248673278,0.493558507170123,0.237486841740758,0.16591201599785,0.0134607673245721,"violation in forward orientation",1,0.317241379310345,1,50,0.772137383051339,0.152451248673278,0.493558507170123,0.237486841740758,0.16591201599785,0.0134607673245721,"violation at burn-in",1,290,0.33927428655708,0.527827212839417,0.441608238045478,0.496946682005467,0.534053078008635,0.00622586516921819,"violation"
378,100,"reverse",0.404536423902243,0.415857557760775,0.448998886412873,0.453762052181537,0.444426364160791,0.0285688064000164,"violation in reverse orientation",1,0.317241379310345,1,160,0.598041328914409,0.228966979922067,0.499843725578305,0.357071421427142,0.292680923487016,0.0637139435649483,"violation",1,100,0.404536423902243,0.415857557760775,0.448998886412873,0.453762052181537,0.444426364160791,0.0285688064000164,"violation"
379,70,"forward",0.59189294941248,0.295810536031579,0.494871659305393,0.376883027379226,0.297157896593341,0.00134736056176216,"violation in forward orientation",1,0.317241379310345,1,70,0.59189294941248,0.295810536031579,0.494871659305393,0.376883027379226,0.297157896593341,0.00134736056176216,"violation",1,120,0.311460526685915,0.567767143145053,0.406116431033707,0.496585563847986,0.57225066084018,0.00448351769512711,"violation"
380,90,"forward",0.589508511541965,0.275464716989807,0.496903994999953,0.372677996249965,0.298894136885055,0.0234294198952477,"violation in forward orientation",1,0.317241379310345,1,90,0.589508511541965,0.275464716989807,0.496903994999953,0.372677996249965,0.298894136885055,0.0234294198952477,"violation",1,90,0.330249254092939,0.543018751298959,0.408097059382377,0.489897948556636,0.546447462180471,0.00342871088151198,"violation"
381,70,"reverse",0.25834289775755,0.59189294941248,0.349927106111883,0.494871659305394,0.645198908046053,0.0533059586335723,"violation in reverse orientation",1,0.317241379310345,1,140,0.581867813465497,0.302689270193088,0.498722858706034,0.40525879864298,0.304457749181785,0.00176847898869731,"violation",1,70,0.25834289775755,0.59189294941248,0.349927106111883,0.494871659305394,0.645198908046053,0.0533059586335723,"violation"
382,60,"forward",0.627070094348715,0.25432432379694,0.49749371855331,0.339934634239519,0.27154348359437,0.0172191597974301,"violation in forward orientation",1,0.317241379310345,1,60,0.627070094348715,0.25432432379694,0.49749371855331,0.339934634239519,0.27154348359437,0.0172191597974301,"violation",1,110,0.338260821129089,0.520140641333334,0.419070202604222,0.487954069102532,0.535444904565416,0.0153042632320819,"violation"
383,70,"reverse",0.178102889634612,0.721075689618868,0.279941684889506,0.496723961448963,0.755395241475153,0.034319551856285,"violation in reverse orientation",1,0.317241379310345,1,280,0.501589728998951,0.362409411343029,0.493206397992167,0.451753951452626,0.362912635558146,0.000503224215116949,"violation",1,70,0.178102889634612,0.721075689618868,0.279941684889506,0.496723961448963,0.755395241475153,0.034319551856285,"violation"
384,140,"forward",0.617883206200791,0.268868325058554,0.5,0.382993046241557,0.278232961879854,0.00936463682130018,"violation in forward orientation",1,0.317241379310345,1,140,0.617883206200791,0.268868325058554,0.5,0.382993046241557,0.278232961879854,0.00936463682130018,"violation",1,160,0.345761529163151,0.508341802636892,0.433012701892219,0.489897948556636,0.52514392700059,0.0168021243636982,"violation"
385,90,"reverse",0.261362863693741,0.623601442490622,0.362433476228891,0.499505928733089,0.641051486067491,0.017450043576869,"violation in reverse orientation",1,0.317241379310345,1,330,0.47393361301375,0.378554829025733,0.489269615506097,0.460855195781083,0.38305057392911,0.00449574490337762,"violation",1,90,0.261362863693741,0.623601442490622,0.362433476228891,0.499505928733089,0.641051486067491,0.017450043576869,"violation"
386,50,"forward",0.430755917550709,0.329560327676681,0.438634243989226,0.384187454245971,0.414490627575842,0.0849302998991613,"violation in forward orientation",1,0.317241379310345,1,50,0.430755917550709,0.329560327676681,0.438634243989226,0.384187454245971,0.414490627575842,0.0849302998991613,"violation at burn-in",1,90,0.247071505072811,0.554753840420317,0.351539822656808,0.492035329455212,0.660678295144255,0.105924454723938,"violation"
387,130,"forward",0.454071097313765,0.368911008531405,0.473186353822452,0.43947251867956,0.397513563499758,0.0286025549683533,"violation in forward orientation",1,0.317241379310345,1,130,0.454071097313765,0.368911008531405,0.473186353822452,0.43947251867956,0.397513563499758,0.0286025549683533,"violation",1,520,0.456702817083425,0.394936061819771,0.488684836906656,0.471855834968778,0.395597263663605,0.000661201843834502,"violation"
388,190,"forward",0.483323542678605,0.364532665862752,0.486408056865769,0.44584881230626,0.376213249953475,0.0116805840907236,"violation in forward orientation",1,0.317241379310345,1,190,0.483323542678605,0.364532665862752,0.486408056865769,0.44584881230626,0.376213249953475,0.0116805840907236,"violation",1,400,0.569494454551268,0.312349805950448,0.499993749960937,0.433012701892219,0.313467472000054,0.00111766604960589,"violation"
389,90,"reverse",0.289392299544533,0.600945650434495,0.382325567424117,0.498020774022555,0.60255770807446,0.00161205763996575,"violation in reverse orientation",1,0.317241379310345,1,160,0.616817250201883,0.266443233185236,0.499960935974002,0.385225177655874,0.279009143040782,0.0125659098555462,"violation",1,90,0.289392299544533,0.600945650434495,0.382325567424117,0.498020774022555,0.60255770807446,0.00161205763996575,"violation"
390,130,"forward",0.614453941353311,0.270157006058721,0.499940824900674,0.381603592455768,0.280729998130108,0.0105729920713872,"violation in forward orientation",1,0.317241379310345,1,130,0.614453941353311,0.270157006058721,0.499940824900674,0.381603592455768,0.280729998130108,0.0105729920713872,"violation",1,190,0.381884873942699,0.466712555528106,0.453518103674055,0.48237638894272,0.475534508469594,0.0088219529414878,"violation"
391,170,"reverse",0.372558896878605,0.486757723471435,0.447252280124009,0.48596210711348,0.488342190100588,0.00158446662915335,"violation in reverse orientation",1,0.317241379310345,1,210,0.524738966234754,0.342075726717464,0.494871659305393,0.43705881545081,0.346056403358407,0.00398067664094359,"violation",1,170,0.372558896878605,0.486757723471435,0.447252280124009,0.48596210711348,0.488342190100588,0.00158446662915335,"violation"
392,90,"reverse",0.303158498150334,0.543018751298959,0.391420332306856,0.489897948556636,0.583652119115747,0.0406333678167883,"violation in reverse orientation",1,0.317241379310345,1,270,0.549064778405022,0.326807340893444,0.498626371030973,0.434076602192107,0.328343442269777,0.00153610137633264,"violation",1,90,0.303158498150334,0.543018751298959,0.391420332306856,0.489897948556636,0.583652119115747,0.0406333678167883,"violation"
393,50,"reverse",0.246504271019468,0.654021127930363,0.324961536185438,0.498397431775084,0.66145729697061,0.00743616904024702,"violation in reverse orientation",1,0.317241379310345,1,190,0.554055927707904,0.31753552163125,0.497751175475237,0.421841366516082,0.324709112087061,0.00717359045581084,"violation",1,50,0.246504271019468,0.654021127930363,0.324961536185438,0.498397431775084,0.66145729697061,0.00743616904024702,"violation at burn-in"
394,100,"reverse",0.381661638370415,0.471390072744453,0.438634243989226,0.47370877129308,0.4758410854769,0.00445101273244708,"violation in reverse orientation",1,0.317241379310345,1,150,0.573679409779001,0.299023510456273,0.498397431775085,0.404914257041606,0.31042017604185,0.0113966655855768,"violation",1,100,0.381661638370415,0.471390072744453,0.438634243989226,0.47370877129308,0.4758410854769,0.00445101273244708,"violation"
395,160,"forward",0.521369530078241,0.345761529163151,0.49228421668788,0.433012701892219,0.348509875049844,0.0027483458866927,"violation in forward orientation",1,0.317241379310345,1,160,0.521369530078241,0.345761529163151,0.49228421668788,0.433012701892219,0.348509875049844,0.0027483458866927,"violation",1,220,0.337356383268003,0.5306433330911,0.435605401844034,0.495933879890395,0.536686999854755,0.0060436667636552,"violation"
396,110,"reverse",0.272841182473027,0.614152440296948,0.378011325205305,0.499669312133138,0.625287920322711,0.0111354800257624,"violation in reverse orientation",1,0.317241379310345,1,150,0.440855933319083,0.382412101557293,0.471404520791032,0.448998886412873,0.407136250873123,0.0247241493158295,"violation",1,110,0.272841182473027,0.614152440296948,0.378011325205305,0.499669312133138,0.625287920322711,0.0111354800257624,"violation"
397,70,"forward",0.467494881339954,0.367154334451918,0.464230765979198,0.419912527334259,0.387738968413117,0.0205846339611994,"violation in forward orientation",1,0.317241379310345,1,70,0.467494881339954,0.367154334451918,0.464230765979198,0.419912527334259,0.387738968413117,0.0205846339611994,"violation",1,480,0.314110300928438,0.492643085284968,0.436561493377508,0.494654586274324,0.568611635710802,0.0759685504258346,"violation"
398,60,"forward",0.443718815890873,0.383872428163307,0.450616861153192,0.422952584681651,0.405051628693173,0.021179200529866,"violation in forward orientation",1,0.317241379310345,1,60,0.443718815890873,0.383872428163307,0.450616861153192,0.422952584681651,0.405051628693173,0.021179200529866,"violation",1,160,0.45548267551641,0.387592559593228,0.476969600708473,0.452596674755792,0.396485715812619,0.0088931562193903,"violation"
399,160,"reverse",0.28115698818386,0.591748113255807,0.395235293844059,0.499648313816829,0.613867541383584,0.0221194281277775,"violation in reverse orientation",1,0.317241379310345,1,160,0.653901777618562,0.2365484833143,0.498082259772419,0.363092188706945,0.252005860004472,0.0154573766901715,"violation",1,160,0.28115698818386,0.591748113255807,0.395235293844059,0.499648313816829,0.613867541383584,0.0221194281277775,"violation"
400,90,"reverse",0.289392299544533,0.600945650434495,0.382325567424117,0.498020774022555,0.60255770807446,0.00161205763996575,"violation in reverse orientation",1,0.317241379310345,1,140,0.574592224678815,0.302689270193088,0.498159879261791,0.40525879864298,0.3097555053337,0.00706623514061261,"violation",1,90,0.289392299544533,0.600945650434495,0.382325567424117,0.498020774022555,0.60255770807446,0.00161205763996575,"violation"
