"trial","stopped_at_n","selected_direction","T1_","T2_","s1","s2","beta_allowed","margin","reason","violation","eps","fwd_violation","fwd_stopped_at_n","fwd_T1_","fwd_T2_","fwd_s1","fwd_s2","fwd_beta_allowed","fwd_margin","fwd_reason","rev_violation","rev_stopped_at_n","rev_T1_","rev_T2_","rev_s1","rev_s2","rev_beta_allowed","rev_margin","rev_reason"
1,50,"forward",0.654021127930363,0.275078575707952,0.498397431775085,0.346987031457949,0.309183518866344,0.0341049431583919,"violation in forward orientation",1,0.112413793103448,1,50,0.654021127930363,0.275078575707952,0.498397431775085,0.346987031457949,0.309183518866344,0.0341049431583919,"violation at burn-in",1,90,0.356808336031459,0.589508511541965,0.422952584681651,0.496903994999953,0.600730110551586,0.0112215990096214,"violation"
2,50,"forward",0.56895608070809,0.302716065288689,0.485386443980464,0.366606055596467,0.385203972600749,0.08248790731206,"violation in forward orientation",1,0.112413793103448,1,50,0.56895608070809,0.302716065288689,0.485386443980464,0.366606055596467,0.385203972600749,0.08248790731206,"violation at burn-in",1,50,0.302716065288689,0.590712364249548,0.366606055596467,0.489897948556636,0.66125805190234,0.0705456876527916,"violation at burn-in"
3,50,"forward",0.546859192020479,0.246504271019468,0.48,0.324961536185438,0.404951396002061,0.158447124982593,"violation in forward orientation",1,0.112413793103448,1,50,0.546859192020479,0.246504271019468,0.48,0.324961536185438,0.404951396002061,0.158447124982593,"violation at burn-in",1,50,0.329560327676681,0.501594493296846,0.384187454245971,0.466476151587624,0.631219972207899,0.129625478911053,"violation at burn-in"
4,70,"forward",0.650660936341786,0.295810536031579,0.499795876701026,0.376883027379226,0.312186436016683,0.016375899985104,"violation in forward orientation",1,0.112413793103448,1,70,0.650660936341786,0.295810536031579,0.499795876701026,0.376883027379226,0.312186436016683,0.016375899985104,"violation",1,100,0.236241940338561,0.716895688006175,0.346987031457949,0.493558507170123,0.735640988338074,0.018745300331899,"violation"
5,50,"reverse",0.185611725055255,0.633238465893974,0.271293199325011,0.496386945839634,0.792294973448388,0.159056507554415,"violation in reverse orientation",1,0.112413793103448,1,50,0.56895608070809,0.275078575707952,0.485386443980464,0.346987031457949,0.385203972600749,0.110125396892797,"violation at burn-in",1,50,0.185611725055255,0.633238465893974,0.271293199325011,0.496386945839634,0.792294973448388,0.159056507554415,"violation at burn-in"
6,50,"reverse",0.302716065288689,0.546859192020479,0.366606055596467,0.48,0.66125805190234,0.114398859881861,"violation in reverse orientation",1,0.112413793103448,1,50,0.734021127930363,0.216786995012799,0.498397431775084,0.3,0.237689568091695,0.0209025730788955,"violation at burn-in",1,50,0.302716065288689,0.546859192020479,0.366606055596467,0.48,0.66125805190234,0.114398859881861,"violation at burn-in"
7,50,"forward",0.546859192020479,0.302716065288689,0.48,0.366606055596467,0.404951396002061,0.102235330713372,"violation in forward orientation",1,0.112413793103448,1,50,0.546859192020479,0.302716065288689,0.48,0.366606055596467,0.404951396002061,0.102235330713372,"violation at burn-in",1,50,0.116284945699819,0.826859192020479,0.195959179422654,0.48,0.869869961098972,0.0430107690784927,"violation at burn-in"
8,50,"forward",0.612137383051339,0.302716065288689,0.493558507170123,0.366606055596467,0.34661394879933,0.0438978835106407,"violation in forward orientation",1,0.112413793103448,1,50,0.612137383051339,0.302716065288689,0.493558507170123,0.366606055596467,0.34661394879933,0.0438978835106407,"violation at burn-in",1,70,0.239040057693904,0.679232364913215,0.334724986110285,0.499795876701026,0.732509962761756,0.0532775978485412,"violation"
9,50,"forward",0.56895608070809,0.329560327676681,0.485386443980464,0.384187454245971,0.385203972600749,0.0556436449240679,"violation in forward orientation",1,0.112413793103448,1,50,0.56895608070809,0.329560327676681,0.485386443980464,0.384187454245971,0.385203972600749,0.0556436449240679,"violation at burn-in",1,90,0.275464716989807,0.689834539323384,0.372677996249965,0.498020774022555,0.691751650875242,0.00191711155185836,"violation"
10,50,"forward",0.694644991687999,0.246504271019468,0.5,0.324961536185438,0.272879012419288,0.0263747413998197,"violation in forward orientation",1,0.112413793103448,1,50,0.694644991687999,0.246504271019468,0.5,0.324961536185438,0.272879012419288,0.0263747413998197,"violation at burn-in",1,160,0.317349074358807,0.635437582923543,0.417582327212252,0.499374608885954,0.64488406902791,0.00944648610436705,"violation"
11,70,"forward",0.636172957540227,0.295810536031579,0.499183005990176,0.376883027379226,0.325133971557468,0.0293234355258898,"violation in forward orientation",1,0.112413793103448,1,70,0.636172957540227,0.295810536031579,0.499183005990176,0.376883027379226,0.325133971557468,0.0293234355258898,"violation",1,80,0.308177297821902,0.629397303997039,0.3903123748999,0.499374608885954,0.655147064917803,0.0257497609207644,"violation"
12,50,"forward",0.753238465893974,0.0745005976726398,0.496386945839634,0.14,0.220515525411818,0.146014927739178,"violation in forward orientation",1,0.112413793103448,1,50,0.753238465893974,0.0745005976726398,0.496386945839634,0.14,0.220515525411818,0.146014927739178,"violation at burn-in",1,50,0.275078575707952,0.633238465893974,0.346987031457949,0.496386945839634,0.692183733620896,0.0589452677269229,"violation at burn-in"
13,50,"forward",0.524410079701748,0.275078575707952,0.47370877129308,0.346987031457949,0.425013592640185,0.149935016932233,"violation in forward orientation",1,0.112413793103448,1,50,0.524410079701748,0.275078575707952,0.47370877129308,0.346987031457949,0.425013592640185,0.149935016932233,"violation at burn-in",1,90,0.275464716989807,0.634820744786183,0.372677996249965,0.499876527964533,0.691751650875242,0.0569309060890594,"violation"
14,80,"reverse",0.383879441563478,0.564705087131815,0.433012701892219,0.49228421668788,0.570438198871005,0.00573311173918967,"violation in reverse orientation",1,0.112413793103448,1,90,0.634820744786182,0.303158498150334,0.499876527964533,0.391420332306856,0.326342409458399,0.0231839113080657,"violation",1,80,0.383879441563478,0.564705087131815,0.433012701892219,0.49228421668788,0.570438198871005,0.00573311173918967,"violation"
15,110,"reverse",0.369912791387257,0.577086061449853,0.435605401844034,0.497015888466787,0.586066542276163,0.00898048082630987,"violation in reverse orientation",1,0.112413793103448,1,130,0.622160706789534,0.333707961152927,0.5,0.421325044234743,0.337656361125119,0.00394839997219248,"violation",1,110,0.369912791387257,0.577086061449853,0.435605401844034,0.497015888466787,0.586066542276163,0.00898048082630987,"violation"
16,50,"reverse",0.246504271019468,0.694644991687999,0.324961536185438,0.5,0.724157688764096,0.0295126970760965,"violation in reverse orientation",1,0.112413793103448,1,90,0.577997924209187,0.330249254092939,0.495535624910617,0.408097059382377,0.377123508673505,0.0468742545805656,"violation",1,50,0.246504271019468,0.694644991687999,0.324961536185438,0.5,0.724157688764096,0.0295126970760965,"violation at burn-in"
17,50,"forward",0.674489213358372,0.216786995012799,0.499599839871872,0.3,0.290891715215826,0.0741047202030269,"violation in forward orientation",1,0.112413793103448,1,50,0.674489213358372,0.216786995012799,0.499599839871872,0.3,0.290891715215826,0.0741047202030269,"violation at burn-in",1,70,0.277251743648749,0.650660936341786,0.363935405795914,0.499795876701026,0.689752011309008,0.0390910749672218,"violation"
18,50,"reverse",0.216786995012799,0.61213738305134,0.3,0.493558507170123,0.757410601140236,0.145273218088896,"violation in reverse orientation",1,0.112413793103448,1,170,0.619155668869052,0.339720188690802,0.499861572533338,0.431301241878197,0.340341886539656,0.000621697848853298,"violation",1,50,0.216786995012799,0.61213738305134,0.3,0.493558507170123,0.757410601140236,0.145273218088896,"violation at burn-in"
19,60,"reverse",0.424062306087747,0.519765062450468,0.442216638714053,0.476969600708473,0.525474546322636,0.0057094838721683,"violation in reverse orientation",1,0.112413793103448,1,70,0.561680056860571,0.384376285178422,0.489897948556636,0.428809457708675,0.39170636873562,0.0073300835571985,"violation",1,60,0.424062306087747,0.519765062450468,0.442216638714053,0.476969600708473,0.525474546322636,0.0057094838721683,"violation"
20,60,"forward",0.592139703863035,0.321054517826778,0.493006648591635,0.386939558874797,0.364485362443028,0.0434308446162496,"violation in forward orientation",1,0.112413793103448,1,60,0.592139703863035,0.321054517826778,0.493006648591635,0.386939558874797,0.364485362443028,0.0434308446162496,"violation",1,90,0.275464716989807,0.645967901805191,0.372677996249965,0.5,0.691751650875242,0.0457837490700509,"violation"
21,50,"forward",0.790712364249548,0.185611725055255,0.489897948556636,0.271293199325011,0.187026062357222,0.00141433730196716,"violation in forward orientation",1,0.112413793103448,1,50,0.790712364249548,0.185611725055255,0.489897948556636,0.271293199325011,0.187026062357222,0.00141433730196716,"violation at burn-in",1,90,0.261362863693741,0.645967901805191,0.362433476228891,0.5,0.707531283298148,0.0615633814929566,"violation"
22,50,"forward",0.612137383051339,0.329560327676681,0.493558507170123,0.384187454245971,0.34661394879933,0.0170536211226486,"violation in forward orientation",1,0.112413793103448,1,50,0.612137383051339,0.329560327676681,0.493558507170123,0.384187454245971,0.34661394879933,0.0170536211226486,"violation at burn-in",1,120,0.331038786191009,0.610230297686019,0.417582327212252,0.499722145018832,0.629565612924844,0.0193353152388257,"violation"
23,50,"forward",0.694644991687999,0.116284945699819,0.5,0.195959179422654,0.272879012419288,0.156594066719468,"violation in forward orientation",1,0.112413793103448,1,50,0.694644991687999,0.116284945699819,0.5,0.195959179422654,0.272879012419288,0.156594066719468,"violation at burn-in",1,50,0.355715993350399,0.56895608070809,0.4,0.485386443980464,0.601952415565339,0.0329963348572488,"violation at burn-in"
24,50,"forward",0.714489213358372,0.116284945699819,0.499599839871872,0.195959179422654,0.255144739828502,0.138859794128682,"violation in forward orientation",1,0.112413793103448,1,50,0.714489213358372,0.116284945699819,0.499599839871872,0.195959179422654,0.255144739828502,0.138859794128682,"violation at burn-in",1,90,0.261362863693741,0.668045886935067,0.362433476228891,0.499505928733089,0.707531283298148,0.0394853963630807,"violation"
25,50,"reverse",0.216786995012799,0.714489213358372,0.3,0.499599839871872,0.757410601140236,0.0429213877818636,"violation in reverse orientation",1,0.112413793103448,1,100,0.598237834688651,0.322972911087052,0.498397431775085,0.407308237088326,0.359035619129728,0.0360627080426761,"violation",1,50,0.216786995012799,0.714489213358372,0.3,0.499599839871872,0.757410601140236,0.0429213877818636,"violation at burn-in"
26,50,"forward",0.714489213358372,0.216786995012799,0.499599839871872,0.3,0.255144739828502,0.0383577448157023,"violation in forward orientation",1,0.112413793103448,1,50,0.714489213358372,0.216786995012799,0.499599839871872,0.3,0.255144739828502,0.0383577448157023,"violation at burn-in",1,80,0.210195306156735,0.739705087131815,0.315980616494113,0.49228421668788,0.764786541380933,0.0250814542491177,"violation"
27,50,"forward",0.714489213358372,0.246504271019468,0.499599839871872,0.324961536185438,0.255144739828502,0.00864046880903352,"violation in forward orientation",1,0.112413793103448,1,50,0.714489213358372,0.246504271019468,0.499599839871872,0.324961536185438,0.255144739828502,0.00864046880903352,"violation at burn-in",1,70,0.199008410223142,0.761680056860571,0.3,0.489897948556636,0.777304407088318,0.0156243502277471,"violation"
28,80,"reverse",0.243974143961777,0.703815767828986,0.344374432848898,0.49749371855331,0.726988839685568,0.0231730718565818,"violation in reverse orientation",1,0.112413793103448,1,130,0.606718250157931,0.342577334592128,0.499763257562486,0.426142737983524,0.351456889053363,0.00887955446123484,"violation",1,80,0.243974143961777,0.703815767828986,0.344374432848898,0.49749371855331,0.726988839685568,0.0231730718565818,"violation"
29,50,"reverse",0.381261936620275,0.478395081610861,0.41424630354416,0.458257569495584,0.573367123530887,0.094972041920026,"violation in reverse orientation",1,0.112413793103448,1,120,0.635283219199831,0.321281192805974,0.499930550732355,0.411973569810276,0.325929107921351,0.00464791511537704,"violation",1,50,0.381261936620275,0.478395081610861,0.41424630354416,0.458257569495584,0.573367123530887,0.094972041920026,"violation at burn-in"
30,50,"reverse",0.185611725055255,0.734021127930363,0.271293199325011,0.498397431775084,0.792294973448388,0.0582738455180253,"violation in reverse orientation",1,0.112413793103448,1,80,0.564705087131815,0.369072457693506,0.49228421668788,0.42555111326373,0.389002976669318,0.0199305189758123,"violation",1,50,0.185611725055255,0.734021127930363,0.271293199325011,0.498397431775084,0.792294973448388,0.0582738455180253,"violation at burn-in"
31,60,"forward",0.661196578770763,0.277090389131333,0.499722145018832,0.357071421427142,0.302771002251726,0.0256806131203928,"violation in forward orientation",1,0.112413793103448,1,60,0.661196578770763,0.277090389131333,0.499722145018832,0.357071421427142,0.302771002251726,0.0256806131203928,"violation",1,120,0.281590846830816,0.68443380981172,0.386939558874797,0.496585563847986,0.684896659900894,0.000462850089173905,"violation"
32,50,"forward",0.694644991687999,0.216786995012799,0.5,0.3,0.272879012419288,0.0560920174064884,"violation in forward orientation",1,0.112413793103448,1,50,0.694644991687999,0.216786995012799,0.5,0.3,0.272879012419288,0.0560920174064884,"violation at burn-in",1,90,0.356808336031459,0.531207015560322,0.422952584681651,0.487498021521785,0.600730110551586,0.0695230949912641,"violation"
33,60,"forward",0.609706494609077,0.277090389131333,0.495535624910617,0.357071421427142,0.348786371532202,0.071695982400869,"violation in forward orientation",1,0.112413793103448,1,60,0.609706494609077,0.277090389131333,0.495535624910617,0.357071421427142,0.348786371532202,0.071695982400869,"violation",1,110,0.338260821129089,0.604951973890729,0.419070202604222,0.499255644281672,0.621484330679477,0.016532356788748,"violation"
34,50,"reverse",0.216786995012799,0.674489213358372,0.3,0.499599839871872,0.757410601140236,0.0829213877818636,"violation in reverse orientation",1,0.112413793103448,1,50,0.478395081610861,0.430755917550709,0.458257569495584,0.438634243989226,0.466136017745253,0.0353801001945434,"violation at burn-in",1,50,0.216786995012799,0.674489213358372,0.3,0.499599839871872,0.757410601140236,0.0829213877818636,"violation at burn-in"
35,50,"reverse",0.152451248673278,0.56895608070809,0.237486841740758,0.485386443980464,0.829400743682292,0.260444662974202,"violation in reverse orientation",1,0.112413793103448,1,60,0.74303982794241,0.206777284463185,0.495535624910617,0.3,0.229629786907787,0.0228525024446016,"violation",1,50,0.152451248673278,0.56895608070809,0.237486841740758,0.485386443980464,0.829400743682292,0.260444662974202,"violation at burn-in"
36,50,"reverse",0.302716065288689,0.654021127930363,0.366606055596467,0.498397431775084,0.66125805190234,0.00723692397197706,"violation in reverse orientation",1,0.112413793103448,1,160,0.641609709427252,0.244084851419326,0.499022481958478,0.368908864084343,0.320275285660156,0.0761904342408299,"violation",1,50,0.302716065288689,0.654021127930363,0.366606055596467,0.498397431775084,0.66125805190234,0.00723692397197706,"violation at burn-in"
37,50,"forward",0.674489213358372,0.216786995012799,0.499599839871872,0.3,0.290891715215826,0.0741047202030269,"violation in forward orientation",1,0.112413793103448,1,50,0.674489213358372,0.216786995012799,0.499599839871872,0.3,0.290891715215826,0.0741047202030269,"violation at burn-in",1,50,0.216786995012799,0.753238465893974,0.3,0.496386945839634,0.757410601140236,0.00417213524626225,"violation at burn-in"
38,70,"reverse",0.314054244758118,0.621549582751732,0.388875931109034,0.498159879261791,0.648570903581031,0.0270213208292994,"violation in reverse orientation",1,0.112413793103448,1,90,0.577997924209187,0.356808336031459,0.495535624910617,0.422952584681651,0.377123508673505,0.0203151726420456,"violation",1,70,0.314054244758118,0.621549582751732,0.388875931109034,0.498159879261791,0.648570903581031,0.0270213208292994,"violation"
39,50,"reverse",0.355715993350399,0.56895608070809,0.4,0.485386443980464,0.601952415565339,0.0329963348572488,"violation in reverse orientation",1,0.112413793103448,1,60,0.677962140771975,0.277090389131333,0.5,0.357071421427142,0.287788048946426,0.0106976598150927,"violation",1,50,0.355715993350399,0.56895608070809,0.4,0.485386443980464,0.601952415565339,0.0329963348572488,"violation at burn-in"
40,60,"forward",0.592139703863035,0.299311814729174,0.493006648591635,0.372677996249965,0.364485362443028,0.0651735477138536,"violation in forward orientation",1,0.112413793103448,1,60,0.592139703863035,0.299311814729174,0.493006648591635,0.372677996249965,0.364485362443028,0.0651735477138536,"violation",1,110,0.400967433231594,0.539305562933781,0.449885201151223,0.491666083017817,0.551317149906202,0.0120115869724213,"violation"
41,60,"forward",0.609706494609077,0.299311814729174,0.495535624910617,0.372677996249965,0.348786371532202,0.0494745568030274,"violation in forward orientation",1,0.112413793103448,1,60,0.609706494609077,0.299311814729174,0.495535624910617,0.372677996249965,0.348786371532202,0.0494745568030274,"violation",1,90,0.247071505072811,0.678976500805676,0.351539822656808,0.498887651569859,0.723522967591524,0.0445464667858481,"violation"
42,50,"forward",0.524410079701748,0.302716065288689,0.47370877129308,0.366606055596467,0.425013592640185,0.122297527351496,"violation in forward orientation",1,0.112413793103448,1,50,0.524410079701748,0.302716065288689,0.47370877129308,0.366606055596467,0.425013592640185,0.122297527351496,"violation at burn-in",1,60,0.25432432379694,0.710899562289484,0.339934634239519,0.498887651569859,0.715407239034864,0.00450767674538,"violation"
43,50,"forward",0.654021127930363,0.302716065288689,0.498397431775085,0.366606055596467,0.309183518866344,0.00646745357765494,"violation in forward orientation",1,0.112413793103448,1,50,0.654021127930363,0.302716065288689,0.498397431775085,0.366606055596467,0.309183518866344,0.00646745357765494,"violation at burn-in",1,90,0.316774321444153,0.61230983413901,0.4,0.498887651569859,0.645527203624252,0.033217369485242,"violation"
44,50,"forward",0.694644991687999,0.185611725055255,0.5,0.271293199325011,0.272879012419288,0.0872672873640331,"violation in forward orientation",1,0.112413793103448,1,50,0.694644991687999,0.185611725055255,0.5,0.271293199325011,0.272879012419288,0.0872672873640331,"violation at burn-in",1,60,0.25432432379694,0.710899562289484,0.339934634239519,0.498887651569859,0.715407239034864,0.00450767674538,"violation"
45,50,"reverse",0.246504271019468,0.633238465893974,0.324961536185438,0.496386945839634,0.724157688764096,0.090919222870122,"violation in reverse orientation",1,0.112413793103448,1,50,0.633238465893974,0.302716065288689,0.496386945839634,0.366606055596467,0.327756451573791,0.0250403862851022,"violation at burn-in",1,50,0.246504271019468,0.633238465893974,0.324961536185438,0.496386945839634,0.724157688764096,0.090919222870122,"violation at burn-in"
46,50,"forward",0.633238465893974,0.275078575707952,0.496386945839634,0.346987031457949,0.327756451573791,0.0526778758658391,"violation in forward orientation",1,0.112413793103448,1,50,0.633238465893974,0.275078575707952,0.496386945839634,0.346987031457949,0.327756451573791,0.0526778758658391,"violation at burn-in",1,90,0.343591528449175,0.61230983413901,0.415739709641549,0.498887651569859,0.615519398248325,0.00320956410931539,"violation"
47,50,"reverse",0.246504271019468,0.478395081610861,0.324961536185438,0.458257569495584,0.724157688764096,0.245762607153234,"violation in reverse orientation",1,0.112413793103448,1,50,0.734021127930363,0.185611725055255,0.498397431775084,0.271293199325011,0.237689568091695,0.0520778430364401,"violation at burn-in",1,50,0.246504271019468,0.478395081610861,0.324961536185438,0.458257569495584,0.724157688764096,0.245762607153234,"violation at burn-in"
48,50,"forward",0.590712364249548,0.275078575707952,0.489897948556636,0.346987031457949,0.365760939293845,0.0906823635858925,"violation in forward orientation",1,0.112413793103448,1,50,0.590712364249548,0.275078575707952,0.489897948556636,0.346987031457949,0.365760939293845,0.0906823635858925,"violation at burn-in",1,50,0.275078575707952,0.61213738305134,0.346987031457949,0.493558507170123,0.692183733620896,0.0800463505695569,"violation at burn-in"
49,50,"reverse",0.355715993350399,0.56895608070809,0.4,0.485386443980464,0.601952415565339,0.0329963348572488,"violation in reverse orientation",1,0.112413793103448,1,100,0.648654591240726,0.286560022992806,0.499899989998,0.384187454245971,0.313979455240335,0.0274194322475294,"violation",1,50,0.355715993350399,0.56895608070809,0.4,0.485386443980464,0.601952415565339,0.0329963348572488,"violation at burn-in"
50,50,"reverse",0.275078575707952,0.674489213358372,0.346987031457949,0.499599839871872,0.692183733620896,0.0176945202625242,"violation in reverse orientation",1,0.112413793103448,1,60,0.609706494609077,0.321054517826778,0.495535624910617,0.386939558874797,0.348786371532202,0.0277318537054235,"violation",1,50,0.275078575707952,0.674489213358372,0.346987031457949,0.499599839871872,0.692183733620896,0.0176945202625242,"violation at burn-in"
51,50,"forward",0.612137383051339,0.302716065288689,0.493558507170123,0.366606055596467,0.34661394879933,0.0438978835106407,"violation in forward orientation",1,0.112413793103448,1,50,0.612137383051339,0.302716065288689,0.493558507170123,0.366606055596467,0.34661394879933,0.0438978835106407,"violation at burn-in",1,90,0.232572423955049,0.634820744786183,0.339934634239519,0.499876527964533,0.739747088329755,0.104926343543572,"violation"
52,50,"forward",0.734021127930363,0.216786995012799,0.498397431775084,0.3,0.237689568091695,0.0209025730788955,"violation in forward orientation",1,0.112413793103448,1,50,0.734021127930363,0.216786995012799,0.498397431775084,0.3,0.237689568091695,0.0209025730788955,"violation at burn-in",1,130,0.394860794489534,0.52775317532658,0.451231057724999,0.49140542319029,0.558150330812719,0.030397155486139,"violation"
53,50,"reverse",0.216786995012799,0.714489213358372,0.3,0.499599839871872,0.757410601140236,0.0429213877818636,"violation in reverse orientation",1,0.112413793103448,1,60,0.710899562289484,0.230926430345563,0.498887651569859,0.321022671404304,0.258352719038718,0.0274262886931544,"violation",1,50,0.216786995012799,0.714489213358372,0.3,0.499599839871872,0.757410601140236,0.0429213877818636,"violation at burn-in"
54,50,"reverse",0.275078575707952,0.633238465893974,0.346987031457949,0.496386945839634,0.692183733620896,0.0589452677269229,"violation in reverse orientation",1,0.112413793103448,1,80,0.703815767828986,0.260399815732986,0.49749371855331,0.357071421427142,0.264683324694425,0.00428350896143914,"violation",1,50,0.275078575707952,0.633238465893974,0.346987031457949,0.496386945839634,0.692183733620896,0.0589452677269229,"violation at burn-in"
55,50,"forward",0.546859192020479,0.381261936620275,0.48,0.41424630354416,0.404951396002061,0.0236894593817862,"violation in forward orientation",1,0.112413793103448,1,50,0.546859192020479,0.381261936620275,0.48,0.41424630354416,0.404951396002061,0.0236894593817862,"violation at burn-in",1,120,0.369485323132463,0.567767143145053,0.43771819955563,0.496585563847986,0.586544868903982,0.0187777257589292,"violation"
56,60,"forward",0.644232895622817,0.277090389131333,0.498887651569859,0.357071421427142,0.317931011350925,0.0408406222195922,"violation in forward orientation",1,0.112413793103448,1,60,0.644232895622817,0.277090389131333,0.498887651569859,0.357071421427142,0.317931011350925,0.0408406222195922,"violation",1,60,0.363298063516486,0.574366575369876,0.411973569810276,0.489897948556636,0.593468262616527,0.0191016872466515,"violation"
57,60,"reverse",0.299311814729174,0.592139703863035,0.372677996249965,0.493006648591635,0.665067325859232,0.0729276219961965,"violation in reverse orientation",1,0.112413793103448,1,140,0.64626201502557,0.294306564960633,0.499183005990176,0.4,0.316117639317222,0.021811074356589,"violation",1,60,0.299311814729174,0.592139703863035,0.372677996249965,0.493006648591635,0.665067325859232,0.0729276219961965,"violation"
58,60,"forward",0.710899562289484,0.230926430345563,0.498887651569859,0.321022671404304,0.258352719038718,0.0274262886931544,"violation in forward orientation",1,0.112413793103448,1,60,0.710899562289484,0.230926430345563,0.498887651569859,0.321022671404304,0.258352719038718,0.0274262886931544,"violation",1,70,0.277251743648749,0.66501401703857,0.363935405795914,0.5,0.689752011309008,0.0247379942704378,"violation"
59,50,"reverse",0.216786995012799,0.590712364249548,0.3,0.489897948556636,0.757410601140236,0.166698236890688,"violation in reverse orientation",1,0.112413793103448,1,50,0.714489213358372,0.216786995012799,0.499599839871872,0.3,0.255144739828502,0.0383577448157023,"violation at burn-in",1,50,0.216786995012799,0.590712364249548,0.3,0.489897948556636,0.757410601140236,0.166698236890688,"violation at burn-in"
60,90,"reverse",0.289392299544533,0.657042967008405,0.382325567424117,0.499876527964533,0.676167023192684,0.0191240561842791,"violation in reverse orientation",1,0.112413793103448,1,160,0.635437582923543,0.310173845011429,0.499374608885954,0.413398642353842,0.325791157015545,0.0156173120041155,"violation",1,90,0.289392299544533,0.657042967008405,0.382325567424117,0.499876527964533,0.676167023192684,0.0191240561842791,"violation"
61,70,"reverse",0.384376285178422,0.546359910605891,0.428809457708675,0.486763572497166,0.569882242894802,0.0235223322889113,"violation in reverse orientation",1,0.112413793103448,1,70,0.650660936341786,0.295810536031579,0.499795876701026,0.376883027379226,0.312186436016683,0.016375899985104,"violation",1,70,0.384376285178422,0.546359910605891,0.428809457708675,0.486763572497166,0.569882242894802,0.0235223322889113,"violation"
62,50,"reverse",0.275078575707952,0.56895608070809,0.346987031457949,0.485386443980464,0.692183733620896,0.123227652912807,"violation in reverse orientation",1,0.112413793103448,1,130,0.52775317532658,0.420456037036493,0.49140542319029,0.461538461538462,0.422025953714727,0.00156991667823358,"violation",1,50,0.275078575707952,0.56895608070809,0.346987031457949,0.485386443980464,0.692183733620896,0.123227652912807,"violation at burn-in"
63,50,"forward",0.524410079701748,0.355715993350399,0.47370877129308,0.4,0.425013592640185,0.0692975992897858,"violation in forward orientation",1,0.112413793103448,1,50,0.524410079701748,0.355715993350399,0.47370877129308,0.4,0.425013592640185,0.0692975992897858,"violation at burn-in",1,80,0.338978878076396,0.603815767828986,0.409076704298839,0.49749371855331,0.620680842340084,0.0168650745110981,"violation"
64,60,"reverse",0.321054517826778,0.609706494609077,0.386939558874797,0.495535624910617,0.640737767498539,0.0310312728894617,"violation in reverse orientation",1,0.112413793103448,1,80,0.679397303997039,0.260399815732986,0.499374608885954,0.357071421427142,0.286505480334347,0.0261056646013615,"violation",1,60,0.321054517826778,0.609706494609077,0.386939558874797,0.495535624910617,0.640737767498539,0.0310312728894617,"violation"
65,60,"forward",0.501117648712451,0.383872428163307,0.471404520791032,0.422952584681651,0.445829441572318,0.0619570134090117,"violation in forward orientation",1,0.112413793103448,1,60,0.501117648712451,0.383872428163307,0.471404520791032,0.422952584681651,0.445829441572318,0.0619570134090117,"violation",1,60,0.299311814729174,0.661196578770763,0.372677996249965,0.499722145018832,0.665067325859232,0.0038707470884688,"violation"
66,50,"reverse",0.246504271019468,0.61213738305134,0.324961536185438,0.493558507170123,0.724157688764096,0.112020305712756,"violation in reverse orientation",1,0.112413793103448,1,50,0.633238465893974,0.246504271019468,0.496386945839634,0.324961536185438,0.327756451573791,0.0812521805543231,"violation at burn-in",1,50,0.246504271019468,0.61213738305134,0.324961536185438,0.493558507170123,0.724157688764096,0.112020305712756,"violation at burn-in"
67,50,"reverse",0.275078575707952,0.61213738305134,0.346987031457949,0.493558507170123,0.692183733620896,0.0800463505695569,"violation in reverse orientation",1,0.112413793103448,1,50,0.790712364249548,0.152451248673278,0.489897948556636,0.237486841740758,0.187026062357222,0.0345748136839437,"violation at burn-in",1,50,0.275078575707952,0.61213738305134,0.346987031457949,0.493558507170123,0.692183733620896,0.0800463505695569,"violation at burn-in"
68,50,"reverse",0.185611725055255,0.694644991687999,0.271293199325011,0.5,0.792294973448388,0.0976499817603891,"violation in reverse orientation",1,0.112413793103448,1,90,0.668045886935067,0.289392299544533,0.499505928733089,0.382325567424117,0.296649950992486,0.00725765144795343,"violation",1,50,0.185611725055255,0.694644991687999,0.271293199325011,0.5,0.792294973448388,0.0976499817603891,"violation at burn-in"
69,50,"forward",0.612137383051339,0.302716065288689,0.493558507170123,0.366606055596467,0.34661394879933,0.0438978835106407,"violation in forward orientation",1,0.112413793103448,1,50,0.612137383051339,0.302716065288689,0.493558507170123,0.366606055596467,0.34661394879933,0.0438978835106407,"violation at burn-in",1,60,0.34236971261758,0.592139703863035,0.4,0.493006648591635,0.616886580582893,0.0247468767198579,"violation"
70,50,"reverse",0.246504271019468,0.633238465893974,0.324961536185438,0.496386945839634,0.724157688764096,0.090919222870122,"violation in reverse orientation",1,0.112413793103448,1,50,0.714489213358372,0.185611725055255,0.499599839871872,0.271293199325011,0.255144739828502,0.0695330147732469,"violation at burn-in",1,50,0.246504271019468,0.633238465893974,0.324961536185438,0.496386945839634,0.724157688764096,0.090919222870122,"violation at burn-in"
71,50,"reverse",0.329560327676681,0.61213738305134,0.384187454245971,0.493558507170123,0.631219972207899,0.0190825891565591,"violation in reverse orientation",1,0.112413793103448,1,80,0.642042346118264,0.276559731956136,0.499843725578305,0.368908864084343,0.319888649331525,0.0433289173753883,"violation",1,50,0.329560327676681,0.61213738305134,0.384187454245971,0.493558507170123,0.631219972207899,0.0190825891565591,"violation at burn-in"
72,90,"reverse",0.202857682846242,0.753429237782545,0.314269680527354,0.487498021521785,0.772997164216558,0.0195679264340137,"violation in reverse orientation",1,0.112413793103448,1,100,0.618571340202755,0.334897285537307,0.499599839871872,0.41424630354416,0.340864086100961,0.00596680056365462,"violation",1,90,0.202857682846242,0.753429237782545,0.314269680527354,0.487498021521785,0.772997164216558,0.0195679264340137,"violation"
73,50,"forward",0.590712364249548,0.355715993350399,0.489897948556636,0.4,0.365760939293845,0.0100449459434455,"violation in forward orientation",1,0.112413793103448,1,50,0.590712364249548,0.355715993350399,0.489897948556636,0.4,0.365760939293845,0.0100449459434455,"violation at burn-in",1,90,0.382890080077361,0.543018751298959,0.436173031697567,0.489897948556636,0.57154527042086,0.0285265191219006,"violation"
74,50,"forward",0.753238465893974,0.116284945699819,0.496386945839634,0.195959179422654,0.220515525411818,0.104230579711998,"violation in forward orientation",1,0.112413793103448,1,50,0.753238465893974,0.116284945699819,0.496386945839634,0.195959179422654,0.220515525411818,0.104230579711998,"violation at burn-in",1,60,0.321054517826778,0.609706494609077,0.386939558874797,0.495535624910617,0.640737767498539,0.0310312728894617,"violation"
75,50,"reverse",0.355715993350399,0.478395081610861,0.4,0.458257569495584,0.601952415565339,0.123557333954477,"violation in reverse orientation",1,0.112413793103448,1,160,0.696369530078241,0.2365484833143,0.49228421668788,0.363092188706945,0.271337836634526,0.0347893533202259,"violation",1,50,0.355715993350399,0.478395081610861,0.4,0.458257569495584,0.601952415565339,0.123557333954477,"violation at burn-in"
76,50,"forward",0.612137383051339,0.216786995012799,0.493558507170123,0.3,0.34661394879933,0.12982695378653,"violation in forward orientation",1,0.112413793103448,1,50,0.612137383051339,0.216786995012799,0.493558507170123,0.3,0.34661394879933,0.12982695378653,"violation at burn-in",1,50,0.454790769027509,0.430755917550709,0.448998886412873,0.438634243989226,0.491090140249883,0.0603342226991735,"violation at burn-in"
77,70,"forward",0.621549582751732,0.332011213630856,0.498159879261791,0.4,0.338202507023567,0.00619129339271085,"violation in forward orientation",1,0.112413793103448,1,70,0.621549582751732,0.332011213630856,0.498159879261791,0.4,0.338202507023567,0.00619129339271085,"violation",1,140,0.384264590310491,0.545245544285079,0.448296093843234,0.494871659305394,0.570007226747809,0.0247616824627296,"violation"
78,80,"forward",0.691655263867034,0.260399815732986,0.498591766879478,0.357071421427142,0.275550855590058,0.0151510398570727,"violation in forward orientation",1,0.112413793103448,1,80,0.691655263867034,0.260399815732986,0.498591766879478,0.357071421427142,0.275550855590058,0.0151510398570727,"violation",1,120,0.25103315076085,0.700531010507825,0.365053268563492,0.49434299833213,0.719089981980726,0.0185589714729014,"violation"
79,50,"reverse",0.275078575707952,0.633238465893974,0.346987031457949,0.496386945839634,0.692183733620896,0.0589452677269229,"violation in reverse orientation",1,0.112413793103448,1,80,0.629397303997039,0.260399815732986,0.499374608885954,0.357071421427142,0.331189199568503,0.0707893838355172,"violation",1,50,0.275078575707952,0.633238465893974,0.346987031457949,0.496386945839634,0.692183733620896,0.0589452677269229,"violation at burn-in"
80,50,"forward",0.56895608070809,0.355715993350399,0.485386443980464,0.4,0.385203972600749,0.0294879792503498,"violation in forward orientation",1,0.112413793103448,1,50,0.56895608070809,0.355715993350399,0.485386443980464,0.4,0.385203972600749,0.0294879792503498,"violation at burn-in",1,60,0.277090389131333,0.661196578770763,0.357071421427142,0.499722145018832,0.689932563107495,0.0287359843367323,"violation"
81,90,"forward",0.657042967008405,0.232572423955049,0.499876527964533,0.339934634239519,0.306482978687664,0.073910554732615,"violation in forward orientation",1,0.112413793103448,1,90,0.657042967008405,0.232572423955049,0.499876527964533,0.339934634239519,0.306482978687664,0.073910554732615,"violation",1,120,0.350374561746575,0.60180871274986,0.428093317968044,0.499374608885954,0.607929348210352,0.00612063546049135,"violation"
82,50,"forward",0.633238465893974,0.275078575707952,0.496386945839634,0.346987031457949,0.327756451573791,0.0526778758658391,"violation in forward orientation",1,0.112413793103448,1,50,0.633238465893974,0.275078575707952,0.496386945839634,0.346987031457949,0.327756451573791,0.0526778758658391,"violation at burn-in",1,70,0.401384518782172,0.546359910605891,0.43705881545081,0.486763572497166,0.550850441273028,0.00449053066713723,"violation"
83,60,"forward",0.661196578770763,0.277090389131333,0.499722145018832,0.357071421427142,0.302771002251726,0.0256806131203928,"violation in forward orientation",1,0.112413793103448,1,60,0.661196578770763,0.277090389131333,0.499722145018832,0.357071421427142,0.302771002251726,0.0256806131203928,"violation",1,80,0.32367253060101,0.616655263867034,0.4,0.498591766879478,0.637808274588031,0.0211530107209971,"violation"
84,50,"reverse",0.329560327676681,0.524410079701748,0.384187454245971,0.47370877129308,0.631219972207899,0.106809892506151,"violation in reverse orientation",1,0.112413793103448,1,190,0.580739597782769,0.364532665862752,0.499556590091254,0.44584881230626,0.374673345229632,0.0101406793668808,"violation",1,50,0.329560327676681,0.524410079701748,0.384187454245971,0.47370877129308,0.631219972207899,0.106809892506151,"violation at burn-in"
85,70,"reverse",0.418190929441929,0.483583542674893,0.444696640464954,0.469693777793531,0.532044474639312,0.0484609319644193,"violation in reverse orientation",1,0.112413793103448,1,160,0.610575889280711,0.331611385567067,0.5,0.42555111326373,0.348009415783983,0.0163980302169162,"violation",1,70,0.418190929441929,0.483583542674893,0.444696640464954,0.469693777793531,0.532044474639312,0.0484609319644193,"violation"
86,50,"forward",0.612137383051339,0.302716065288689,0.493558507170123,0.366606055596467,0.34661394879933,0.0438978835106407,"violation in forward orientation",1,0.112413793103448,1,50,0.612137383051339,0.302716065288689,0.493558507170123,0.366606055596467,0.34661394879933,0.0438978835106407,"violation at burn-in",1,80,0.210195306156735,0.739705087131815,0.315980616494113,0.49228421668788,0.764786541380933,0.0250814542491177,"violation"
87,50,"reverse",0.246504271019468,0.694644991687999,0.324961536185438,0.5,0.724157688764096,0.0295126970760965,"violation in reverse orientation",1,0.112413793103448,1,80,0.703815767828986,0.260399815732986,0.49749371855331,0.357071421427142,0.264683324694425,0.00428350896143914,"violation",1,50,0.246504271019468,0.694644991687999,0.324961536185438,0.5,0.724157688764096,0.0295126970760965,"violation at burn-in"
88,50,"reverse",0.185611725055255,0.790712364249548,0.271293199325011,0.489897948556636,0.792294973448388,0.0015826091988399,"violation in reverse orientation",1,0.112413793103448,1,70,0.679232364913215,0.258342897757551,0.499795876701026,0.349927106111883,0.286652882168594,0.0283099844110431,"violation",1,50,0.185611725055255,0.790712364249548,0.271293199325011,0.489897948556636,0.792294973448388,0.0015826091988399,"violation at burn-in"
89,50,"forward",0.590712364249548,0.275078575707952,0.489897948556636,0.346987031457949,0.365760939293845,0.0906823635858925,"violation in forward orientation",1,0.112413793103448,1,50,0.590712364249548,0.275078575707952,0.489897948556636,0.346987031457949,0.365760939293845,0.0906823635858925,"violation at burn-in",1,50,0.302716065288689,0.654021127930363,0.366606055596467,0.498397431775084,0.66125805190234,0.00723692397197706,"violation at burn-in"
90,60,"forward",0.694529912104096,0.230926430345563,0.499722145018832,0.321022671404304,0.272981856095622,0.0420554257500586,"violation in forward orientation",1,0.112413793103448,1,60,0.694529912104096,0.230926430345563,0.499722145018832,0.321022671404304,0.272981856095622,0.0420554257500586,"violation",1,70,0.199008410223142,0.77493133917732,0.3,0.486763572497166,0.777304407088318,0.00237306791099789,"violation"
91,50,"reverse",0.216786995012799,0.56895608070809,0.3,0.485386443980464,0.757410601140236,0.188454520432146,"violation in reverse orientation",1,0.112413793103448,1,100,0.648654591240726,0.298810407487868,0.499899989998,0.392300904918661,0.313979455240335,0.0151690477524667,"violation",1,50,0.216786995012799,0.56895608070809,0.3,0.485386443980464,0.757410601140236,0.188454520432146,"violation at burn-in"
92,50,"reverse",0.246504271019468,0.714489213358372,0.324961536185438,0.499599839871872,0.724157688764096,0.00966847540572324,"violation in reverse orientation",1,0.112413793103448,1,70,0.66501401703857,0.277251743648749,0.5,0.363935405795914,0.299359455456677,0.0221077118079279,"violation",1,50,0.246504271019468,0.714489213358372,0.324961536185438,0.499599839871872,0.724157688764096,0.00966847540572324,"violation at burn-in"
93,90,"reverse",0.247071505072811,0.634820744786183,0.351539822656808,0.499876527964533,0.723522967591524,0.0887022228053419,"violation in reverse orientation",1,0.112413793103448,1,90,0.577997924209187,0.330249254092939,0.495535624910617,0.408097059382377,0.377123508673505,0.0468742545805656,"violation",1,90,0.247071505072811,0.634820744786183,0.351539822656808,0.499876527964533,0.723522967591524,0.0887022228053419,"violation"
94,50,"forward",0.674489213358372,0.246504271019468,0.499599839871872,0.324961536185438,0.290891715215826,0.0443874441963582,"violation in forward orientation",1,0.112413793103448,1,50,0.674489213358372,0.246504271019468,0.499599839871872,0.324961536185438,0.290891715215826,0.0443874441963582,"violation at burn-in",1,80,0.227252112493843,0.727841623971563,0.330718913883074,0.49434299833213,0.74570038804651,0.0178587640749474,"violation"
95,50,"reverse",0.216786995012799,0.546859192020479,0.3,0.48,0.757410601140236,0.210551409119757,"violation in reverse orientation",1,0.112413793103448,1,100,0.707316518042841,0.249038993743375,0.495075751779463,0.357071421427142,0.261554793901129,0.0125158001577532,"violation",1,50,0.216786995012799,0.546859192020479,0.3,0.48,0.757410601140236,0.210551409119757,"violation at burn-in"
96,70,"forward",0.576856954805403,0.367154334451918,0.492598275701905,0.419912527334259,0.378143163803374,0.010988829351456,"violation in forward orientation",1,0.112413793103448,1,70,0.576856954805403,0.367154334451918,0.492598275701905,0.419912527334259,0.378143163803374,0.010988829351456,"violation",1,90,0.247071505072811,0.678976500805676,0.351539822656808,0.498887651569859,0.723522967591524,0.0445464667858481,"violation"
97,50,"reverse",0.185611725055255,0.694644991687999,0.271293199325011,0.5,0.792294973448388,0.0976499817603891,"violation in reverse orientation",1,0.112413793103448,1,50,0.654021127930363,0.275078575707952,0.498397431775085,0.346987031457949,0.309183518866344,0.0341049431583919,"violation at burn-in",1,50,0.185611725055255,0.694644991687999,0.271293199325011,0.5,0.792294973448388,0.0976499817603891,"violation at burn-in"
98,50,"forward",0.56895608070809,0.329560327676681,0.485386443980464,0.384187454245971,0.385203972600749,0.0556436449240679,"violation in forward orientation",1,0.112413793103448,1,50,0.56895608070809,0.329560327676681,0.485386443980464,0.384187454245971,0.385203972600749,0.0556436449240679,"violation at burn-in",1,80,0.308177297821902,0.654590663251262,0.3903123748999,0.5,0.655147064917803,0.000556401666540918,"violation"
99,50,"forward",0.590712364249548,0.152451248673278,0.489897948556636,0.237486841740758,0.365760939293845,0.213309690620566,"violation in forward orientation",1,0.112413793103448,1,50,0.590712364249548,0.152451248673278,0.489897948556636,0.237486841740758,0.365760939293845,0.213309690620566,"violation at burn-in",1,60,0.230926430345563,0.694529912104096,0.321022671404304,0.499722145018832,0.741588915328152,0.047059003224056,"violation"
100,60,"reverse",0.181705607971508,0.74303982794241,0.276385399196283,0.495535624910617,0.796665823895368,0.0536259959529574,"violation in reverse orientation",1,0.112413793103448,1,100,0.763912853250174,0.196784561353059,0.482804308182932,0.31288975694324,0.210976098859396,0.0141915375063366,"violation",1,60,0.181705607971508,0.74303982794241,0.276385399196283,0.495535624910617,0.796665823895368,0.0536259959529574,"violation"
101,50,"reverse",0.355715993350399,0.546859192020479,0.4,0.48,0.601952415565339,0.0550932235448595,"violation in reverse orientation",1,0.112413793103448,1,90,0.600945650434495,0.303158498150334,0.498020774022555,0.391420332306856,0.356615713559226,0.0534572154088927,"violation",1,50,0.355715993350399,0.546859192020479,0.4,0.48,0.601952415565339,0.0550932235448595,"violation at burn-in"
102,50,"forward",0.56895608070809,0.381261936620275,0.485386443980464,0.41424630354416,0.385203972600749,0.00394203598047455,"violation in forward orientation",1,0.112413793103448,1,50,0.56895608070809,0.381261936620275,0.485386443980464,0.41424630354416,0.385203972600749,0.00394203598047455,"violation at burn-in",1,70,0.349704765490709,0.59189294941248,0.410325903324145,0.494871659305394,0.608678834004446,0.0167858845919658,"violation"
103,60,"reverse",0.230926430345563,0.694529912104096,0.321022671404304,0.499722145018832,0.741588915328152,0.047059003224056,"violation in reverse orientation",1,0.112413793103448,1,110,0.805174551389589,0.167046295165211,0.4657704893618,0.287479787288035,0.174101576163674,0.00705528099846345,"violation",1,60,0.230926430345563,0.694529912104096,0.321022671404304,0.499722145018832,0.741588915328152,0.047059003224056,"violation"
104,50,"reverse",0.275078575707952,0.61213738305134,0.346987031457949,0.493558507170123,0.692183733620896,0.0800463505695569,"violation in reverse orientation",1,0.112413793103448,1,60,0.627070094348715,0.321054517826778,0.49749371855331,0.386939558874797,0.333268967218997,0.0122144493922187,"violation",1,50,0.275078575707952,0.61213738305134,0.346987031457949,0.493558507170123,0.692183733620896,0.0800463505695569,"violation at burn-in"
105,60,"forward",0.574366575369876,0.299311814729174,0.489897948556636,0.372677996249965,0.380368752113046,0.0810569373838718,"violation in forward orientation",1,0.112413793103448,1,60,0.574366575369876,0.299311814729174,0.489897948556636,0.372677996249965,0.380368752113046,0.0810569373838718,"violation",1,60,0.230926430345563,0.677962140771975,0.321022671404304,0.5,0.741588915328152,0.0636267745561768,"violation"
106,60,"reverse",0.321054517826778,0.627070094348715,0.386939558874797,0.49749371855331,0.640737767498539,0.0136676731498238,"violation in reverse orientation",1,0.112413793103448,1,70,0.576856954805403,0.349704765490709,0.492598275701905,0.410325903324145,0.378143163803374,0.0284383983126649,"violation",1,60,0.321054517826778,0.627070094348715,0.386939558874797,0.49749371855331,0.640737767498539,0.0136676731498238,"violation"
107,50,"reverse",0.302716065288689,0.654021127930363,0.366606055596467,0.498397431775084,0.66125805190234,0.00723692397197706,"violation in reverse orientation",1,0.112413793103448,1,90,0.645967901805191,0.247071505072811,0.5,0.351539822656808,0.316380480768471,0.0693089756956599,"violation",1,50,0.302716065288689,0.654021127930363,0.366606055596467,0.498397431775084,0.66125805190234,0.00723692397197706,"violation at burn-in"
108,50,"forward",0.674489213358372,0.185611725055255,0.499599839871872,0.271293199325011,0.290891715215826,0.105279990160572,"violation in forward orientation",1,0.112413793103448,1,50,0.674489213358372,0.185611725055255,0.499599839871872,0.271293199325011,0.290891715215826,0.105279990160572,"violation at burn-in",1,50,0.246504271019468,0.694644991687999,0.324961536185438,0.5,0.724157688764096,0.0295126970760965,"violation at burn-in"
109,50,"reverse",0.152451248673278,0.826859192020479,0.237486841740758,0.48,0.829400743682292,0.00254155166181258,"violation in reverse orientation",1,0.112413793103448,1,90,0.732531618198095,0.171968943105426,0.492035329455212,0.28458329944146,0.239020704785159,0.0670517616797332,"violation",1,50,0.152451248673278,0.826859192020479,0.237486841740758,0.48,0.829400743682292,0.00254155166181258,"violation at burn-in"
110,70,"forward",0.734750092269623,0.219286761535403,0.494871659305394,0.318157963590287,0.237038111334351,0.0177513497989475,"violation in forward orientation",1,0.112413793103448,1,70,0.734750092269623,0.219286761535403,0.494871659305394,0.318157963590287,0.237038111334351,0.0177513497989475,"violation",1,70,0.277251743648749,0.679232364913215,0.363935405795914,0.499795876701026,0.689752011309008,0.0105196463957933,"violation"
111,60,"reverse",0.321054517826778,0.609706494609077,0.386939558874797,0.495535624910617,0.640737767498539,0.0310312728894617,"violation in reverse orientation",1,0.112413793103448,1,90,0.774015565121441,0.187580741083115,0.481894409826699,0.3,0.20194756404421,0.0143668229610957,"violation",1,60,0.321054517826778,0.609706494609077,0.386939558874797,0.495535624910617,0.640737767498539,0.0310312728894617,"violation"
112,50,"reverse",0.275078575707952,0.654021127930363,0.346987031457949,0.498397431775084,0.692183733620896,0.0381626056905336,"violation in reverse orientation",1,0.112413793103448,1,50,0.590712364249548,0.355715993350399,0.489897948556636,0.4,0.365760939293845,0.0100449459434455,"violation at burn-in",1,50,0.275078575707952,0.654021127930363,0.346987031457949,0.498397431775084,0.692183733620896,0.0381626056905336,"violation at burn-in"
113,50,"forward",0.790712364249548,0.152451248673278,0.489897948556636,0.237486841740758,0.187026062357222,0.0345748136839437,"violation in forward orientation",1,0.112413793103448,1,50,0.790712364249548,0.152451248673278,0.489897948556636,0.237486841740758,0.187026062357222,0.0345748136839437,"violation at burn-in",1,130,0.386251568800868,0.559693473732081,0.447478140684584,0.496198566857543,0.567783845923168,0.00809037219108732,"violation"
114,50,"forward",0.694644991687999,0.216786995012799,0.5,0.3,0.272879012419288,0.0560920174064884,"violation in forward orientation",1,0.112413793103448,1,50,0.694644991687999,0.216786995012799,0.5,0.3,0.272879012419288,0.0560920174064884,"violation at burn-in",1,60,0.299311814729174,0.644232895622817,0.372677996249965,0.498887651569859,0.665067325859232,0.0208344302364142,"violation"
115,60,"reverse",0.277090389131333,0.574366575369876,0.357071421427142,0.489897948556636,0.689932563107495,0.115565987737619,"violation in reverse orientation",1,0.112413793103448,1,100,0.678237834688651,0.274187264057314,0.498397431775084,0.375632799419859,0.287541668355079,0.0133544042977658,"violation",1,60,0.277090389131333,0.574366575369876,0.357071421427142,0.489897948556636,0.689932563107495,0.115565987737619,"violation"
116,50,"forward",0.56895608070809,0.216786995012799,0.485386443980464,0.3,0.385203972600749,0.16841697758795,"violation in forward orientation",1,0.112413793103448,1,50,0.56895608070809,0.216786995012799,0.485386443980464,0.3,0.385203972600749,0.16841697758795,"violation at burn-in",1,50,0.216786995012799,0.674489213358372,0.3,0.499599839871872,0.757410601140236,0.0829213877818636,"violation at burn-in"
117,50,"reverse",0.329560327676681,0.546859192020479,0.384187454245971,0.48,0.631219972207899,0.0843607801874197,"violation in reverse orientation",1,0.112413793103448,1,80,0.679397303997039,0.276559731956136,0.499374608885954,0.368908864084343,0.286505480334347,0.00994574837821083,"violation",1,50,0.329560327676681,0.546859192020479,0.384187454245971,0.48,0.631219972207899,0.0843607801874197,"violation at burn-in"
118,60,"reverse",0.404119734820393,0.501117648712452,0.433012701892219,0.471404520791032,0.547789800747686,0.0466721520352349,"violation in reverse orientation",1,0.112413793103448,1,90,0.634820744786182,0.247071505072811,0.499876527964533,0.351539822656808,0.326342409458399,0.0792709043855884,"violation",1,60,0.404119734820393,0.501117648712452,0.433012701892219,0.471404520791032,0.547789800747686,0.0466721520352349,"violation"
119,50,"forward",0.674489213358372,0.185611725055255,0.499599839871872,0.271293199325011,0.290891715215826,0.105279990160572,"violation in forward orientation",1,0.112413793103448,1,50,0.674489213358372,0.185611725055255,0.499599839871872,0.271293199325011,0.290891715215826,0.105279990160572,"violation at burn-in",1,90,0.316774321444153,0.589508511541965,0.4,0.496903994999953,0.645527203624252,0.0560186920822867,"violation"
120,50,"reverse",0.246504271019468,0.590712364249548,0.324961536185438,0.489897948556636,0.724157688764096,0.133445324514547,"violation in reverse orientation",1,0.112413793103448,1,50,0.790712364249548,0.185611725055255,0.489897948556636,0.271293199325011,0.187026062357222,0.00141433730196716,"violation at burn-in",1,50,0.246504271019468,0.590712364249548,0.324961536185438,0.489897948556636,0.724157688764096,0.133445324514547,"violation at burn-in"
121,50,"forward",0.714489213358372,0.216786995012799,0.499599839871872,0.3,0.255144739828502,0.0383577448157023,"violation in forward orientation",1,0.112413793103448,1,50,0.714489213358372,0.216786995012799,0.499599839871872,0.3,0.255144739828502,0.0383577448157023,"violation at burn-in",1,50,0.246504271019468,0.694644991687999,0.324961536185438,0.5,0.724157688764096,0.0295126970760965,"violation at burn-in"
122,60,"reverse",0.277090389131333,0.644232895622817,0.357071421427142,0.498887651569859,0.689932563107495,0.0456996674846777,"violation in reverse orientation",1,0.112413793103448,1,80,0.679397303997039,0.276559731956136,0.499374608885954,0.368908864084343,0.286505480334347,0.00994574837821083,"violation",1,60,0.277090389131333,0.644232895622817,0.357071421427142,0.498887651569859,0.689932563107495,0.0456996674846777,"violation"
123,50,"reverse",0.275078575707952,0.56895608070809,0.346987031457949,0.485386443980464,0.692183733620896,0.123227652912807,"violation in reverse orientation",1,0.112413793103448,1,60,0.661196578770763,0.25432432379694,0.499722145018832,0.339934634239519,0.302771002251726,0.0484466784547861,"violation",1,50,0.275078575707952,0.56895608070809,0.346987031457949,0.485386443980464,0.692183733620896,0.123227652912807,"violation at burn-in"
124,50,"forward",0.790712364249548,0.152451248673278,0.489897948556636,0.237486841740758,0.187026062357222,0.0345748136839437,"violation in forward orientation",1,0.112413793103448,1,50,0.790712364249548,0.152451248673278,0.489897948556636,0.237486841740758,0.187026062357222,0.0345748136839437,"violation at burn-in",1,70,0.219286761535403,0.707263868466018,0.318157963590287,0.498159879261791,0.754613422922478,0.0473495544564605,"violation"
125,50,"forward",0.674489213358372,0.275078575707952,0.499599839871872,0.346987031457949,0.290891715215826,0.0158131395078742,"violation in forward orientation",1,0.112413793103448,1,50,0.674489213358372,0.275078575707952,0.499599839871872,0.346987031457949,0.290891715215826,0.0158131395078742,"violation at burn-in",1,110,0.272841182473027,0.686176970540763,0.378011325205305,0.497015888466787,0.694687322481977,0.00851035194121408,"violation"
126,50,"forward",0.654021127930363,0.216786995012799,0.498397431775085,0.3,0.309183518866344,0.0923965238535446,"violation in forward orientation",1,0.112413793103448,1,50,0.654021127930363,0.216786995012799,0.498397431775085,0.3,0.309183518866344,0.0923965238535446,"violation at burn-in",1,90,0.343591528449175,0.61230983413901,0.415739709641549,0.498887651569859,0.615519398248325,0.00320956410931539,"violation"
127,50,"forward",0.753238465893974,0.216786995012799,0.496386945839634,0.3,0.220515525411818,0.00372853039901813,"violation in forward orientation",1,0.112413793103448,1,50,0.753238465893974,0.216786995012799,0.496386945839634,0.3,0.220515525411818,0.00372853039901813,"violation at burn-in",1,90,0.261362863693741,0.689834539323384,0.362433476228891,0.498020774022555,0.707531283298148,0.0176967439747641,"violation"
128,80,"reverse",0.227252112493843,0.715878168740764,0.330718913883074,0.496078370824611,0.74570038804651,0.029822219305746,"violation in reverse orientation",1,0.112413793103448,1,100,0.648654591240726,0.310945864384819,0.499899989998,0.4,0.313979455240335,0.00303359085551647,"violation",1,80,0.227252112493843,0.715878168740764,0.330718913883074,0.496078370824611,0.74570038804651,0.029822219305746,"violation"
129,120,"reverse",0.25103315076085,0.708524997812425,0.365053268563492,0.493006648591635,0.719089981980726,0.0105649841683016,"violation in reverse orientation",1,0.112413793103448,1,140,0.537847182749842,0.400148175429016,0.493787940934411,0.455073441034185,0.413005197841756,0.0128570224127404,"violation",1,120,0.25103315076085,0.708524997812425,0.365053268563492,0.493006648591635,0.719089981980726,0.0105649841683016,"violation"
130,50,"forward",0.546859192020479,0.275078575707952,0.48,0.346987031457949,0.404951396002061,0.129872820294109,"violation in forward orientation",1,0.112413793103448,1,50,0.546859192020479,0.275078575707952,0.48,0.346987031457949,0.404951396002061,0.129872820294109,"violation at burn-in",1,50,0.216786995012799,0.674489213358372,0.3,0.499599839871872,0.757410601140236,0.0829213877818636,"violation at burn-in"
131,50,"forward",0.654021127930363,0.185611725055255,0.498397431775085,0.271293199325011,0.309183518866344,0.123571793811089,"violation in forward orientation",1,0.112413793103448,1,50,0.654021127930363,0.185611725055255,0.498397431775085,0.271293199325011,0.309183518866344,0.123571793811089,"violation at burn-in",1,50,0.302716065288689,0.56895608070809,0.366606055596467,0.485386443980464,0.66125805190234,0.0923019711942502,"violation at burn-in"
132,50,"forward",0.694644991687999,0.246504271019468,0.5,0.324961536185438,0.272879012419288,0.0263747413998197,"violation in forward orientation",1,0.112413793103448,1,50,0.694644991687999,0.246504271019468,0.5,0.324961536185438,0.272879012419288,0.0263747413998197,"violation at burn-in",1,80,0.292478733192347,0.616655263867034,0.379967103839267,0.498591766879478,0.672713378665423,0.0560581147983885,"violation"
133,80,"reverse",0.260399815732986,0.654590663251262,0.357071421427142,0.5,0.708608910650191,0.0540182473989294,"violation in reverse orientation",1,0.112413793103448,1,90,0.71133125754252,0.232572423955049,0.495535624910617,0.339934634239519,0.25796692404909,0.025394500094041,"violation",1,80,0.260399815732986,0.654590663251262,0.357071421427142,0.5,0.708608910650191,0.0540182473989294,"violation"
134,50,"reverse",0.185611725055255,0.790712364249548,0.271293199325011,0.489897948556636,0.792294973448388,0.0015826091988399,"violation in reverse orientation",1,0.112413793103448,1,110,0.659497428436184,0.294997309582735,0.499255644281672,0.393017569476678,0.304289489381465,0.00929217979873009,"violation",1,50,0.185611725055255,0.790712364249548,0.271293199325011,0.489897948556636,0.792294973448388,0.0015826091988399,"violation at burn-in"
135,50,"reverse",0.329560327676681,0.524410079701748,0.384187454245971,0.47370877129308,0.631219972207899,0.106809892506151,"violation in reverse orientation",1,0.112413793103448,1,100,0.608432477215472,0.334897285537307,0.499099188538711,0.41424630354416,0.349924928242507,0.0150276427052006,"violation",1,50,0.329560327676681,0.524410079701748,0.384187454245971,0.47370877129308,0.631219972207899,0.106809892506151,"violation at burn-in"
136,60,"reverse",0.299311814729174,0.661196578770763,0.372677996249965,0.499722145018832,0.665067325859232,0.0038707470884688,"violation in reverse orientation",1,0.112413793103448,1,80,0.654590663251262,0.308177297821902,0.5,0.3903123748999,0.308674539738884,0.000497241916982583,"violation",1,60,0.299311814729174,0.661196578770763,0.372677996249965,0.499722145018832,0.665067325859232,0.0038707470884688,"violation"
137,50,"reverse",0.216786995012799,0.714489213358372,0.3,0.499599839871872,0.757410601140236,0.0429213877818636,"violation in reverse orientation",1,0.112413793103448,1,70,0.734750092269623,0.219286761535403,0.494871659305394,0.318157963590287,0.237038111334351,0.0177513497989475,"violation",1,50,0.216786995012799,0.714489213358372,0.3,0.499599839871872,0.757410601140236,0.0429213877818636,"violation at burn-in"
138,70,"forward",0.66501401703857,0.277251743648749,0.5,0.363935405795914,0.299359455456677,0.0221077118079279,"violation in forward orientation",1,0.112413793103448,1,70,0.66501401703857,0.277251743648749,0.5,0.363935405795914,0.299359455456677,0.0221077118079279,"violation",1,80,0.398537587753285,0.551467297585606,0.439992897669951,0.489897948556636,0.55403608816823,0.00256879058262405,"violation"
139,70,"forward",0.788036585503097,0.178102889634612,0.483186700722508,0.279941684889506,0.189417337282004,0.0113144476473926,"violation in forward orientation",1,0.112413793103448,1,70,0.788036585503097,0.178102889634612,0.483186700722508,0.279941684889506,0.189417337282004,0.0113144476473926,"violation",1,130,0.241997616054892,0.712368559941964,0.36080121229411,0.49140542319029,0.729200526560296,0.0168319666183314,"violation"
140,50,"forward",0.612137383051339,0.246504271019468,0.493558507170123,0.324961536185438,0.34661394879933,0.100109677779862,"violation in forward orientation",1,0.112413793103448,1,50,0.612137383051339,0.246504271019468,0.493558507170123,0.324961536185438,0.34661394879933,0.100109677779862,"violation at burn-in",1,80,0.210195306156735,0.751467297585606,0.315980616494113,0.489897948556636,0.764786541380933,0.0133192437953267,"violation"
141,50,"reverse",0.355715993350399,0.478395081610861,0.4,0.458257569495584,0.601952415565339,0.123557333954477,"violation in reverse orientation",1,0.112413793103448,1,60,0.677962140771975,0.277090389131333,0.5,0.357071421427142,0.287788048946426,0.0106976598150927,"violation",1,50,0.355715993350399,0.478395081610861,0.4,0.458257569495584,0.601952415565339,0.123557333954477,"violation at burn-in"
142,60,"reverse",0.277090389131333,0.644232895622817,0.357071421427142,0.498887651569859,0.689932563107495,0.0456996674846777,"violation in reverse orientation",1,0.112413793103448,1,90,0.634820744786182,0.275464716989807,0.499876527964533,0.372677996249965,0.326342409458399,0.0508776924685924,"violation",1,60,0.277090389131333,0.644232895622817,0.357071421427142,0.498887651569859,0.689932563107495,0.0456996674846777,"violation"
143,50,"forward",0.633238465893974,0.302716065288689,0.496386945839634,0.366606055596467,0.327756451573791,0.0250403862851022,"violation in forward orientation",1,0.112413793103448,1,50,0.633238465893974,0.302716065288689,0.496386945839634,0.366606055596467,0.327756451573791,0.0250403862851022,"violation at burn-in",1,90,0.247071505072811,0.700619622653076,0.351539822656808,0.496903994999953,0.723522967591524,0.0229033449384483,"violation"
144,50,"reverse",0.185611725055255,0.590712364249548,0.271293199325011,0.489897948556636,0.792294973448388,0.20158260919884,"violation in reverse orientation",1,0.112413793103448,1,50,0.694644991687999,0.246504271019468,0.5,0.324961536185438,0.272879012419288,0.0263747413998197,"violation at burn-in",1,50,0.185611725055255,0.590712364249548,0.271293199325011,0.489897948556636,0.792294973448388,0.20158260919884,"violation at burn-in"
145,60,"forward",0.661196578770763,0.277090389131333,0.499722145018832,0.357071421427142,0.302771002251726,0.0256806131203928,"violation in forward orientation",1,0.112413793103448,1,60,0.661196578770763,0.277090389131333,0.499722145018832,0.357071421427142,0.302771002251726,0.0256806131203928,"violation",1,130,0.43733427682899,0.495324992734472,0.467651820109867,0.484615384615385,0.51062353238656,0.0152985396520888,"violation"
146,50,"forward",0.674489213358372,0.275078575707952,0.499599839871872,0.346987031457949,0.290891715215826,0.0158131395078742,"violation in forward orientation",1,0.112413793103448,1,50,0.674489213358372,0.275078575707952,0.499599839871872,0.346987031457949,0.290891715215826,0.0158131395078742,"violation at burn-in",1,60,0.363298063516486,0.574366575369876,0.411973569810276,0.489897948556636,0.593468262616527,0.0191016872466515,"violation"
147,50,"reverse",0.116284945699819,0.734021127930363,0.195959179422654,0.498397431775084,0.869869961098972,0.135848833168609,"violation in reverse orientation",1,0.112413793103448,1,80,0.616655263867034,0.32367253060101,0.498591766879478,0.4,0.342576434441292,0.0189039038402824,"violation",1,50,0.116284945699819,0.734021127930363,0.195959179422654,0.498397431775084,0.869869961098972,0.135848833168609,"violation at burn-in"
148,60,"reverse",0.321054517826778,0.627070094348715,0.386939558874797,0.49749371855331,0.640737767498539,0.0136676731498238,"violation in reverse orientation",1,0.112413793103448,1,150,0.566880457132142,0.367531806168737,0.497817458735852,0.442216638714053,0.387058904222818,0.0195270980540809,"violation",1,60,0.321054517826778,0.627070094348715,0.386939558874797,0.49749371855331,0.640737767498539,0.0136676731498238,"violation"
149,50,"reverse",0.381261936620275,0.56895608070809,0.41424630354416,0.485386443980464,0.573367123530887,0.00441104282279758,"violation in reverse orientation",1,0.112413793103448,1,90,0.657042967008405,0.289392299544533,0.499876527964533,0.382325567424117,0.306482978687664,0.0170906791431309,"violation",1,50,0.381261936620275,0.56895608070809,0.41424630354416,0.485386443980464,0.573367123530887,0.00441104282279758,"violation at burn-in"
150,50,"forward",0.694644991687999,0.216786995012799,0.5,0.3,0.272879012419288,0.0560920174064884,"violation in forward orientation",1,0.112413793103448,1,50,0.694644991687999,0.216786995012799,0.5,0.3,0.272879012419288,0.0560920174064884,"violation at burn-in",1,50,0.216786995012799,0.714489213358372,0.3,0.499599839871872,0.757410601140236,0.0429213877818636,"violation at burn-in"
151,50,"forward",0.674489213358372,0.116284945699819,0.499599839871872,0.195959179422654,0.290891715215826,0.174606769516007,"violation in forward orientation",1,0.112413793103448,1,50,0.674489213358372,0.116284945699819,0.499599839871872,0.195959179422654,0.290891715215826,0.174606769516007,"violation at burn-in",1,50,0.216786995012799,0.694644991687999,0.3,0.5,0.757410601140236,0.0627656094522369,"violation at burn-in"
152,60,"reverse",0.34236971261758,0.609706494609077,0.4,0.495535624910617,0.616886580582893,0.00718008597381581,"violation in reverse orientation",1,0.112413793103448,1,80,0.751467297585606,0.210195306156735,0.489897948556636,0.315980616494114,0.222098373159968,0.0119030670032329,"violation",1,60,0.34236971261758,0.609706494609077,0.4,0.495535624910617,0.616886580582893,0.00718008597381581,"violation"
153,60,"reverse",0.155449781144742,0.789716484604453,0.249443825784929,0.486198404860494,0.82604545844322,0.036328973838767,"violation in reverse orientation",1,0.112413793103448,1,120,0.668192560636227,0.291618594854466,0.498260864295892,0.393612189287318,0.296518872462853,0.0049002776083869,"violation",1,60,0.155449781144742,0.789716484604453,0.249443825784929,0.486198404860494,0.82604545844322,0.036328973838767,"violation"
154,70,"reverse",0.25834289775755,0.707263868466018,0.349927106111883,0.498159879261791,0.71091055206533,0.00364668359931242,"violation in reverse orientation",1,0.112413793103448,1,70,0.606789975333154,0.349704765490709,0.496723961448963,0.410325903324145,0.351392790101529,0.00168802461082057,"violation",1,70,0.25834289775755,0.707263868466018,0.349927106111883,0.498159879261791,0.71091055206533,0.00364668359931242,"violation"
155,50,"forward",0.734021127930363,0.216786995012799,0.498397431775084,0.3,0.237689568091695,0.0209025730788955,"violation in forward orientation",1,0.112413793103448,1,50,0.734021127930363,0.216786995012799,0.498397431775084,0.3,0.237689568091695,0.0209025730788955,"violation at burn-in",1,80,0.398537587753285,0.551467297585606,0.439992897669951,0.489897948556636,0.55403608816823,0.00256879058262405,"violation"
156,50,"forward",0.753238465893974,0.116284945699819,0.496386945839634,0.195959179422654,0.220515525411818,0.104230579711998,"violation in forward orientation",1,0.112413793103448,1,50,0.753238465893974,0.116284945699819,0.496386945839634,0.195959179422654,0.220515525411818,0.104230579711998,"violation at burn-in",1,60,0.34236971261758,0.592139703863035,0.4,0.493006648591635,0.616886580582893,0.0247468767198579,"violation"
157,60,"reverse",0.277090389131333,0.644232895622817,0.357071421427142,0.498887651569859,0.689932563107495,0.0456996674846777,"violation in reverse orientation",1,0.112413793103448,1,60,0.694529912104096,0.25432432379694,0.499722145018832,0.339934634239519,0.272981856095622,0.0186575322986822,"violation",1,60,0.277090389131333,0.644232895622817,0.357071421427142,0.498887651569859,0.689932563107495,0.0456996674846777,"violation"
158,50,"reverse",0.275078575707952,0.61213738305134,0.346987031457949,0.493558507170123,0.692183733620896,0.0800463505695569,"violation in reverse orientation",1,0.112413793103448,1,50,0.694644991687999,0.216786995012799,0.5,0.3,0.272879012419288,0.0560920174064884,"violation at burn-in",1,50,0.275078575707952,0.61213738305134,0.346987031457949,0.493558507170123,0.692183733620896,0.0800463505695569,"violation at burn-in"
159,50,"reverse",0.246504271019468,0.633238465893974,0.324961536185438,0.496386945839634,0.724157688764096,0.090919222870122,"violation in reverse orientation",1,0.112413793103448,1,60,0.609706494609077,0.299311814729174,0.495535624910617,0.372677996249965,0.348786371532202,0.0494745568030274,"violation",1,50,0.246504271019468,0.633238465893974,0.324961536185438,0.496386945839634,0.724157688764096,0.090919222870122,"violation at burn-in"
160,60,"reverse",0.155449781144742,0.804851254930947,0.249443825784929,0.481894409826699,0.82604545844322,0.0211942035122727,"violation in reverse orientation",1,0.112413793103448,1,70,0.59189294941248,0.349704765490709,0.494871659305393,0.410325903324145,0.364705880574796,0.0150011150840869,"violation",1,60,0.155449781144742,0.804851254930947,0.249443825784929,0.481894409826699,0.82604545844322,0.0211942035122727,"violation"
161,50,"forward",0.633238465893974,0.246504271019468,0.496386945839634,0.324961536185438,0.327756451573791,0.0812521805543231,"violation in forward orientation",1,0.112413793103448,1,50,0.633238465893974,0.246504271019468,0.496386945839634,0.324961536185438,0.327756451573791,0.0812521805543231,"violation at burn-in",1,90,0.247071505072811,0.700619622653076,0.351539822656808,0.496903994999953,0.723522967591524,0.0229033449384483,"violation"
162,50,"reverse",0.430755917550709,0.501594493296846,0.438634243989226,0.466476151587624,0.517984557152435,0.0163900638555896,"violation in reverse orientation",1,0.112413793103448,1,50,0.790712364249548,0.185611725055255,0.489897948556636,0.271293199325011,0.187026062357222,0.00141433730196716,"violation at burn-in",1,50,0.430755917550709,0.501594493296846,0.438634243989226,0.466476151587624,0.517984557152435,0.0163900638555896,"violation at burn-in"
163,90,"forward",0.743018751298959,0.217843543370117,0.489897948556636,0.327542288288526,0.229648622564154,0.0118050791940378,"violation in forward orientation",1,0.112413793103448,1,90,0.743018751298959,0.217843543370117,0.489897948556636,0.327542288288526,0.229648622564154,0.0118050791940378,"violation",1,110,0.338260821129089,0.595707531877815,0.419070202604222,0.498675932796454,0.621484330679477,0.0257767988016619,"violation"
164,50,"forward",0.524410079701748,0.355715993350399,0.47370877129308,0.4,0.425013592640185,0.0692975992897858,"violation in forward orientation",1,0.112413793103448,1,50,0.524410079701748,0.355715993350399,0.47370877129308,0.4,0.425013592640185,0.0692975992897858,"violation at burn-in",1,60,0.34236971261758,0.609706494609077,0.4,0.495535624910617,0.616886580582893,0.00718008597381581,"violation"
165,50,"forward",0.654021127930363,0.302716065288689,0.498397431775085,0.366606055596467,0.309183518866344,0.00646745357765494,"violation in forward orientation",1,0.112413793103448,1,50,0.654021127930363,0.302716065288689,0.498397431775085,0.366606055596467,0.309183518866344,0.00646745357765494,"violation at burn-in",1,60,0.25432432379694,0.710899562289484,0.339934634239519,0.498887651569859,0.715407239034864,0.00450767674538,"violation"
166,50,"reverse",0.246504271019468,0.694644991687999,0.324961536185438,0.5,0.724157688764096,0.0295126970760965,"violation in reverse orientation",1,0.112413793103448,1,90,0.843429898606732,0.122426786343621,0.453246178986025,0.229061423645426,0.139913752278555,0.017486965934934,"violation",1,50,0.246504271019468,0.694644991687999,0.324961536185438,0.5,0.724157688764096,0.0295126970760965,"violation at burn-in"
167,60,"forward",0.424062306087747,0.519765062450468,0.442216638714053,0.476969600708473,0.525474546322636,0.0057094838721683,"violation in forward orientation",1,0.112413793103448,1,60,0.424062306087747,0.519765062450468,0.442216638714053,0.476969600708473,0.525474546322636,0.0057094838721683,"violation",1,80,0.369072457693506,0.564705087131815,0.42555111326373,0.49228421668788,0.587006855334424,0.0223017682026094,"violation"
168,50,"reverse",0.355715993350399,0.546859192020479,0.4,0.48,0.601952415565339,0.0550932235448595,"violation in reverse orientation",1,0.112413793103448,1,100,0.567316518042841,0.358457767577596,0.495075751779463,0.427083130081252,0.386669207756765,0.0282114401791684,"violation",1,50,0.355715993350399,0.546859192020479,0.4,0.48,0.601952415565339,0.0550932235448595,"violation at burn-in"
169,50,"reverse",0.329560327676681,0.61213738305134,0.384187454245971,0.493558507170123,0.631219972207899,0.0190825891565591,"violation in reverse orientation",1,0.112413793103448,1,70,0.679232364913215,0.277251743648749,0.499795876701026,0.363935405795914,0.286652882168594,0.00940113851984453,"violation",1,50,0.329560327676681,0.61213738305134,0.384187454245971,0.493558507170123,0.631219972207899,0.0190825891565591,"violation at burn-in"
170,50,"reverse",0.302716065288689,0.590712364249548,0.366606055596467,0.489897948556636,0.66125805190234,0.0705456876527916,"violation in reverse orientation",1,0.112413793103448,1,70,0.693315814683084,0.239040057693904,0.499183005990176,0.334724986110285,0.27406686386129,0.0350268061673862,"violation",1,50,0.302716065288689,0.590712364249548,0.366606055596467,0.489897948556636,0.66125805190234,0.0705456876527916,"violation at burn-in"
171,50,"forward",0.56895608070809,0.302716065288689,0.485386443980464,0.366606055596467,0.385203972600749,0.08248790731206,"violation in forward orientation",1,0.112413793103448,1,50,0.56895608070809,0.302716065288689,0.485386443980464,0.366606055596467,0.385203972600749,0.08248790731206,"violation at burn-in",1,160,0.273818275903645,0.641609709427252,0.3903123748999,0.499022481958478,0.693593978589207,0.0519842691619542,"violation"
172,90,"reverse",0.316774321444153,0.634820744786183,0.4,0.499876527964533,0.645527203624252,0.0107064588380692,"violation in reverse orientation",1,0.112413793103448,1,140,0.81443388971473,0.161284132776532,0.455073441034185,0.290232137913001,0.165826742683381,0.00454260990684854,"violation",1,90,0.316774321444153,0.634820744786183,0.4,0.499876527964533,0.645527203624252,0.0107064588380692,"violation"
173,70,"forward",0.693315814683084,0.239040057693904,0.499183005990176,0.334724986110285,0.27406686386129,0.0350268061673862,"violation in forward orientation",1,0.112413793103448,1,70,0.693315814683084,0.239040057693904,0.499183005990176,0.334724986110285,0.27406686386129,0.0350268061673862,"violation",1,90,0.247071505072811,0.657042967008405,0.351539822656808,0.499876527964533,0.723522967591524,0.0664800005831198,"violation"
174,50,"reverse",0.246504271019468,0.590712364249548,0.324961536185438,0.489897948556636,0.724157688764096,0.133445324514547,"violation in reverse orientation",1,0.112413793103448,1,50,0.612137383051339,0.275078575707952,0.493558507170123,0.346987031457949,0.34661394879933,0.0715353730913776,"violation at burn-in",1,50,0.246504271019468,0.590712364249548,0.324961536185438,0.489897948556636,0.724157688764096,0.133445324514547,"violation at burn-in"
175,90,"reverse",0.289392299544533,0.668045886935067,0.382325567424117,0.499505928733089,0.676167023192684,0.0081211362576169,"violation in reverse orientation",1,0.112413793103448,1,90,0.61230983413901,0.343591528449175,0.498887651569859,0.415739709641549,0.346459833679668,0.00286830523049342,"violation",1,90,0.289392299544533,0.668045886935067,0.382325567424117,0.499505928733089,0.676167023192684,0.0081211362576169,"violation"
176,90,"reverse",0.275464716989807,0.600945650434495,0.372677996249965,0.498020774022555,0.691751650875242,0.0908060004407473,"violation in reverse orientation",1,0.112413793103448,1,90,0.700619622653076,0.232572423955049,0.496903994999953,0.339934634239519,0.267539637767864,0.0349672138128152,"violation",1,90,0.275464716989807,0.600945650434495,0.372677996249965,0.498020774022555,0.691751650875242,0.0908060004407473,"violation"
177,50,"reverse",0.246504271019468,0.478395081610861,0.324961536185438,0.458257569495584,0.724157688764096,0.245762607153234,"violation in reverse orientation",1,0.112413793103448,1,50,0.546859192020479,0.275078575707952,0.48,0.346987031457949,0.404951396002061,0.129872820294109,"violation at burn-in",1,50,0.246504271019468,0.478395081610861,0.324961536185438,0.458257569495584,0.724157688764096,0.245762607153234,"violation at burn-in"
178,60,"reverse",0.230926430345563,0.677962140771975,0.321022671404304,0.5,0.741588915328152,0.0636267745561768,"violation in reverse orientation",1,0.112413793103448,1,90,0.668045886935067,0.289392299544533,0.499505928733089,0.382325567424117,0.296649950992486,0.00725765144795343,"violation",1,60,0.230926430345563,0.677962140771975,0.321022671404304,0.5,0.741588915328152,0.0636267745561768,"violation"
179,70,"reverse",0.295810536031579,0.636172957540227,0.376883027379226,0.499183005990176,0.668985171953519,0.0328122144132927,"violation in reverse orientation",1,0.112413793103448,1,70,0.734750092269623,0.219286761535403,0.494871659305394,0.318157963590287,0.237038111334351,0.0177513497989475,"violation",1,70,0.295810536031579,0.636172957540227,0.376883027379226,0.499183005990176,0.668985171953519,0.0328122144132927,"violation"
180,60,"forward",0.661196578770763,0.25432432379694,0.499722145018832,0.339934634239519,0.302771002251726,0.0484466784547861,"violation in forward orientation",1,0.112413793103448,1,60,0.661196578770763,0.25432432379694,0.499722145018832,0.339934634239519,0.302771002251726,0.0484466784547861,"violation",1,90,0.356808336031459,0.566413277978533,0.422952584681651,0.493913572686508,0.600730110551586,0.0343168325730535,"violation"
181,50,"reverse",0.302716065288689,0.590712364249548,0.366606055596467,0.489897948556636,0.66125805190234,0.0705456876527916,"violation in reverse orientation",1,0.112413793103448,1,90,0.721968833534088,0.247071505072811,0.493913572686508,0.351539822656808,0.248460394870305,0.00138888979749421,"violation",1,50,0.302716065288689,0.590712364249548,0.366606055596467,0.489897948556636,0.66125805190234,0.0705456876527916,"violation at burn-in"
182,50,"reverse",0.355715993350399,0.546859192020479,0.4,0.48,0.601952415565339,0.0550932235448595,"violation in reverse orientation",1,0.112413793103448,1,130,0.637487480927162,0.315822436282835,0.499763257562486,0.411088898950381,0.323959215678498,0.00813677939566232,"violation",1,50,0.355715993350399,0.546859192020479,0.4,0.48,0.601952415565339,0.0550932235448595,"violation at burn-in"
183,50,"reverse",0.302716065288689,0.61213738305134,0.366606055596467,0.493558507170123,0.66125805190234,0.0491206688510003,"violation in reverse orientation",1,0.112413793103448,1,70,0.721075689618868,0.239040057693904,0.496723961448963,0.334724986110285,0.249258574709173,0.0102185170152692,"violation",1,50,0.302716065288689,0.61213738305134,0.366606055596467,0.493558507170123,0.66125805190234,0.0491206688510003,"violation at burn-in"
184,50,"reverse",0.302716065288689,0.590712364249548,0.366606055596467,0.489897948556636,0.66125805190234,0.0705456876527916,"violation in reverse orientation",1,0.112413793103448,1,80,0.616655263867034,0.32367253060101,0.498591766879478,0.4,0.342576434441292,0.0189039038402824,"violation",1,50,0.302716065288689,0.590712364249548,0.366606055596467,0.489897948556636,0.66125805190234,0.0705456876527916,"violation at burn-in"
185,50,"forward",0.633238465893974,0.116284945699819,0.496386945839634,0.195959179422654,0.327756451573791,0.211471505873972,"violation in forward orientation",1,0.112413793103448,1,50,0.633238465893974,0.116284945699819,0.496386945839634,0.195959179422654,0.327756451573791,0.211471505873972,"violation at burn-in",1,60,0.155449781144742,0.727070094348715,0.249443825784929,0.49749371855331,0.82604545844322,0.0989753640945046,"violation"
186,50,"reverse",0.216786995012799,0.524410079701748,0.3,0.47370877129308,0.757410601140236,0.233000521438488,"violation in reverse orientation",1,0.112413793103448,1,50,0.56895608070809,0.329560327676681,0.485386443980464,0.384187454245971,0.385203972600749,0.0556436449240679,"violation at burn-in",1,50,0.216786995012799,0.524410079701748,0.3,0.47370877129308,0.757410601140236,0.233000521438488,"violation at burn-in"
187,50,"forward",0.633238465893974,0.216786995012799,0.496386945839634,0.3,0.327756451573791,0.110969456560992,"violation in forward orientation",1,0.112413793103448,1,50,0.633238465893974,0.216786995012799,0.496386945839634,0.3,0.327756451573791,0.110969456560992,"violation at burn-in",1,80,0.354108657851495,0.577841623971563,0.417582327212252,0.49434299833213,0.603750985073934,0.0259093611023714,"violation"
188,50,"reverse",0.185611725055255,0.77213738305134,0.271293199325011,0.493558507170123,0.792294973448388,0.0201575903970486,"violation in reverse orientation",1,0.112413793103448,1,70,0.606789975333154,0.332011213630856,0.496723961448963,0.4,0.351392790101529,0.0193815764706731,"violation",1,50,0.185611725055255,0.77213738305134,0.271293199325011,0.493558507170123,0.792294973448388,0.0201575903970486,"violation at burn-in"
189,50,"forward",0.753238465893974,0.216786995012799,0.496386945839634,0.3,0.220515525411818,0.00372853039901813,"violation in forward orientation",1,0.112413793103448,1,50,0.753238465893974,0.216786995012799,0.496386945839634,0.3,0.220515525411818,0.00372853039901813,"violation at burn-in",1,160,0.401344476533183,0.521369530078241,0.458257569495584,0.49228421668788,0.550895247580197,0.0295257175019566,"violation"
190,50,"forward",0.654021127930363,0.302716065288689,0.498397431775085,0.366606055596467,0.309183518866344,0.00646745357765494,"violation in forward orientation",1,0.112413793103448,1,50,0.654021127930363,0.302716065288689,0.498397431775085,0.366606055596467,0.309183518866344,0.00646745357765494,"violation at burn-in",1,70,0.314054244758118,0.636172957540227,0.388875931109034,0.499183005990176,0.648570903581031,0.0123979460408047,"violation"
191,50,"forward",0.546859192020479,0.329560327676681,0.48,0.384187454245971,0.404951396002061,0.0753910683253796,"violation in forward orientation",1,0.112413793103448,1,50,0.546859192020479,0.329560327676681,0.48,0.384187454245971,0.404951396002061,0.0753910683253796,"violation at burn-in",1,50,0.246504271019468,0.674489213358372,0.324961536185438,0.499599839871872,0.724157688764096,0.0496684754057233,"violation at burn-in"
192,50,"forward",0.734021127930363,0.185611725055255,0.498397431775084,0.271293199325011,0.237689568091695,0.0520778430364401,"violation in forward orientation",1,0.112413793103448,1,50,0.734021127930363,0.185611725055255,0.498397431775084,0.271293199325011,0.237689568091695,0.0520778430364401,"violation at burn-in",1,50,0.185611725055255,0.753238465893974,0.271293199325011,0.496386945839634,0.792294973448388,0.0390565075544145,"violation at burn-in"
193,50,"forward",0.546859192020479,0.381261936620275,0.48,0.41424630354416,0.404951396002061,0.0236894593817862,"violation in forward orientation",1,0.112413793103448,1,50,0.546859192020479,0.381261936620275,0.48,0.41424630354416,0.404951396002061,0.0236894593817862,"violation at burn-in",1,60,0.363298063516486,0.556383151271119,0.411973569810276,0.486198404860494,0.593468262616527,0.0370851113454078,"violation"
194,70,"forward",0.734750092269623,0.178102889634612,0.494871659305394,0.279941684889506,0.237038111334351,0.0589352216997389,"violation in forward orientation",1,0.112413793103448,1,70,0.734750092269623,0.178102889634612,0.494871659305394,0.279941684889506,0.237038111334351,0.0589352216997389,"violation",1,100,0.370102421252595,0.567316518042841,0.433012701892219,0.495075751779463,0.585854351047917,0.0185378330050758,"violation"
195,100,"reverse",0.358457767577596,0.567316518042841,0.427083130081252,0.495075751779463,0.598884436585311,0.0315679185424699,"violation in reverse orientation",1,0.112413793103448,1,130,0.503478792009515,0.420456037036493,0.48650425541052,0.461538461538462,0.443719348289166,0.0232633112526734,"violation",1,100,0.358457767577596,0.567316518042841,0.427083130081252,0.495075751779463,0.598884436585311,0.0315679185424699,"violation"
196,70,"reverse",0.295810536031579,0.66501401703857,0.376883027379226,0.5,0.668985171953519,0.00397115491494904,"violation in reverse orientation",1,0.112413793103448,1,80,0.524681766062824,0.413053876615838,0.484122918275927,0.446514277487294,0.424770793498623,0.0117169168827856,"violation",1,70,0.295810536031579,0.66501401703857,0.376883027379226,0.5,0.668985171953519,0.00397115491494904,"violation"
197,50,"forward",0.524410079701748,0.246504271019468,0.47370877129308,0.324961536185438,0.425013592640185,0.178509321620717,"violation in forward orientation",1,0.112413793103448,1,50,0.524410079701748,0.246504271019468,0.47370877129308,0.324961536185438,0.425013592640185,0.178509321620717,"violation at burn-in",1,90,0.261362863693741,0.61230983413901,0.362433476228891,0.498887651569859,0.707531283298148,0.0952214491591379,"violation"
198,50,"forward",0.612137383051339,0.216786995012799,0.493558507170123,0.3,0.34661394879933,0.12982695378653,"violation in forward orientation",1,0.112413793103448,1,50,0.612137383051339,0.216786995012799,0.493558507170123,0.3,0.34661394879933,0.12982695378653,"violation at burn-in",1,50,0.329560327676681,0.590712364249548,0.384187454245971,0.489897948556636,0.631219972207899,0.0405076079583504,"violation at burn-in"
199,50,"reverse",0.152451248673278,0.674489213358372,0.237486841740758,0.499599839871872,0.829400743682292,0.154911530323919,"violation in reverse orientation",1,0.112413793103448,1,50,0.654021127930363,0.275078575707952,0.498397431775085,0.346987031457949,0.309183518866344,0.0341049431583919,"violation at burn-in",1,50,0.152451248673278,0.674489213358372,0.237486841740758,0.499599839871872,0.829400743682292,0.154911530323919,"violation at burn-in"
200,50,"reverse",0.329560327676681,0.56895608070809,0.384187454245971,0.485386443980464,0.631219972207899,0.062263891499809,"violation in reverse orientation",1,0.112413793103448,1,70,0.66501401703857,0.277251743648749,0.5,0.363935405795914,0.299359455456677,0.0221077118079279,"violation",1,50,0.329560327676681,0.56895608070809,0.384187454245971,0.485386443980464,0.631219972207899,0.062263891499809,"violation at burn-in"
201,50,"forward",0.590712364249548,0.152451248673278,0.489897948556636,0.237486841740758,0.365760939293845,0.213309690620566,"violation in forward orientation",1,0.112413793103448,1,50,0.590712364249548,0.152451248673278,0.489897948556636,0.237486841740758,0.365760939293845,0.213309690620566,"violation at burn-in",1,130,0.333707961152927,0.622160706789534,0.421325044234743,0.5,0.626578870764988,0.00441816397545347,"violation"
202,90,"forward",0.645967901805191,0.261362863693741,0.5,0.362433476228891,0.316380480768471,0.0550176170747297,"violation in forward orientation",1,0.112413793103448,1,90,0.645967901805191,0.261362863693741,0.5,0.362433476228891,0.316380480768471,0.0550176170747297,"violation",1,90,0.343591528449175,0.600945650434495,0.415739709641549,0.498020774022555,0.615519398248325,0.0145737478138305,"violation"
203,50,"forward",0.478395081610861,0.329560327676681,0.458257569495584,0.384187454245971,0.466136017745253,0.136575690068572,"violation in forward orientation",1,0.112413793103448,1,50,0.478395081610861,0.329560327676681,0.458257569495584,0.384187454245971,0.466136017745253,0.136575690068572,"violation at burn-in",1,50,0.216786995012799,0.714489213358372,0.3,0.499599839871872,0.757410601140236,0.0429213877818636,"violation at burn-in"
204,60,"reverse",0.0972236971658371,0.863104996184793,0.17950549357115,0.458257569495584,0.891199036722798,0.028094040538005,"violation in reverse orientation",1,0.112413793103448,1,90,0.700619622653076,0.187580741083115,0.496903994999953,0.3,0.267539637767864,0.0799588966847492,"violation",1,60,0.0972236971658371,0.863104996184793,0.17950549357115,0.458257569495584,0.891199036722798,0.028094040538005,"violation"
205,50,"forward",0.654021127930363,0.275078575707952,0.498397431775085,0.346987031457949,0.309183518866344,0.0341049431583919,"violation in forward orientation",1,0.112413793103448,1,50,0.654021127930363,0.275078575707952,0.498397431775085,0.346987031457949,0.309183518866344,0.0341049431583919,"violation at burn-in",1,50,0.246504271019468,0.714489213358372,0.324961536185438,0.499599839871872,0.724157688764096,0.00966847540572324,"violation at burn-in"
206,60,"reverse",0.321054517826778,0.609706494609077,0.386939558874797,0.495535624910617,0.640737767498539,0.0310312728894617,"violation in reverse orientation",1,0.112413793103448,1,80,0.564705087131815,0.369072457693506,0.49228421668788,0.42555111326373,0.389002976669318,0.0199305189758123,"violation",1,60,0.321054517826778,0.609706494609077,0.386939558874797,0.495535624910617,0.640737767498539,0.0310312728894617,"violation"
207,90,"reverse",0.343591528449175,0.577997924209187,0.415739709641549,0.495535624910617,0.615519398248325,0.037521474039138,"violation in reverse orientation",1,0.112413793103448,1,100,0.668432477215472,0.274187264057314,0.499099188538711,0.375632799419859,0.296304465161521,0.0221172011042069,"violation",1,90,0.343591528449175,0.577997924209187,0.415739709641549,0.495535624910617,0.615519398248325,0.037521474039138,"violation"
208,50,"forward",0.80895608070809,0.116284945699819,0.485386443980464,0.195959179422654,0.170722120276802,0.0544371745769823,"violation in forward orientation",1,0.112413793103448,1,50,0.80895608070809,0.116284945699819,0.485386443980464,0.195959179422654,0.170722120276802,0.0544371745769823,"violation at burn-in",1,100,0.310945864384819,0.628654591240726,0.4,0.499899989998,0.652049105962765,0.0233945147220396,"violation"
209,50,"reverse",0.216786995012799,0.654021127930363,0.3,0.498397431775084,0.757410601140236,0.103389473209873,"violation in reverse orientation",1,0.112413793103448,1,90,0.600945650434495,0.275464716989807,0.498020774022555,0.372677996249965,0.356615713559226,0.0811509965694194,"violation",1,50,0.216786995012799,0.654021127930363,0.3,0.498397431775084,0.757410601140236,0.103389473209873,"violation at burn-in"
210,60,"reverse",0.299311814729174,0.609706494609077,0.372677996249965,0.495535624910617,0.665067325859232,0.0553608312501545,"violation in reverse orientation",1,0.112413793103448,1,80,0.564705087131815,0.383879441563478,0.49228421668788,0.433012701892219,0.389002976669318,0.0051235351058399,"violation",1,60,0.299311814729174,0.609706494609077,0.372677996249965,0.495535624910617,0.665067325859232,0.0553608312501545,"violation"
211,70,"forward",0.693315814683084,0.258342897757551,0.499183005990176,0.349927106111883,0.27406686386129,0.0157239661037399,"violation in forward orientation",1,0.112413793103448,1,70,0.693315814683084,0.258342897757551,0.499183005990176,0.349927106111883,0.27406686386129,0.0157239661037399,"violation",1,70,0.314054244758118,0.636172957540227,0.388875931109034,0.499183005990176,0.648570903581031,0.0123979460408047,"violation"
212,140,"reverse",0.522975342090722,0.408041743115843,0.491301893971933,0.458257569495584,0.4262957808919,0.0182540377760574,"violation in reverse orientation",1,0.112413793103448,1,150,0.58721595995273,0.367531806168737,0.499288382489407,0.442216638714053,0.368885586252408,0.00135378008367076,"violation",1,140,0.522975342090722,0.408041743115843,0.491301893971933,0.458257569495584,0.4262957808919,0.0182540377760574,"violation"
213,50,"forward",0.590712364249548,0.152451248673278,0.489897948556636,0.237486841740758,0.365760939293845,0.213309690620566,"violation in forward orientation",1,0.112413793103448,1,50,0.590712364249548,0.152451248673278,0.489897948556636,0.237486841740758,0.365760939293845,0.213309690620566,"violation at burn-in",1,50,0.275078575707952,0.590712364249548,0.346987031457949,0.489897948556636,0.692183733620896,0.101471369371348,"violation at burn-in"
214,50,"reverse",0.185611725055255,0.694644991687999,0.271293199325011,0.5,0.792294973448388,0.0976499817603891,"violation in reverse orientation",1,0.112413793103448,1,70,0.66501401703857,0.295810536031579,0.5,0.376883027379226,0.299359455456677,0.00354891942509844,"violation",1,50,0.185611725055255,0.694644991687999,0.271293199325011,0.5,0.792294973448388,0.0976499817603891,"violation at burn-in"
215,100,"forward",0.735880378407413,0.223278688067167,0.489897948556636,0.336303434416005,0.236028003565645,0.0127493154984781,"violation in forward orientation",1,0.112413793103448,1,100,0.735880378407413,0.223278688067167,0.489897948556636,0.336303434416005,0.236028003565645,0.0127493154984781,"violation",1,130,0.386251568800868,0.55175326262289,0.447478140684584,0.495183905828649,0.567783845923168,0.016030583300278,"violation"
216,50,"forward",0.633238465893974,0.216786995012799,0.496386945839634,0.3,0.327756451573791,0.110969456560992,"violation in forward orientation",1,0.112413793103448,1,50,0.633238465893974,0.216786995012799,0.496386945839634,0.3,0.327756451573791,0.110969456560992,"violation at burn-in",1,160,0.310173845011429,0.647764456021478,0.413398642353842,0.498591766879478,0.652912976950477,0.0051485209289992,"violation"
217,90,"reverse",0.217843543370117,0.721968833534088,0.327542288288526,0.493913572686508,0.756228349108147,0.034259515574059,"violation in reverse orientation",1,0.112413793103448,1,120,0.567767143145053,0.378960967806647,0.496585563847986,0.442216638714053,0.386266495645822,0.00730552783917537,"violation",1,90,0.217843543370117,0.721968833534088,0.327542288288526,0.493913572686508,0.756228349108147,0.034259515574059,"violation"
218,50,"forward",0.734021127930363,0.185611725055255,0.498397431775084,0.271293199325011,0.237689568091695,0.0520778430364401,"violation in forward orientation",1,0.112413793103448,1,50,0.734021127930363,0.185611725055255,0.498397431775084,0.271293199325011,0.237689568091695,0.0520778430364401,"violation at burn-in",1,130,0.288598057539014,0.675296407203263,0.394113490998446,0.497092136043185,0.677055760767724,0.00175935356446055,"violation"
219,50,"reverse",0.246504271019468,0.590712364249548,0.324961536185438,0.489897948556636,0.724157688764096,0.133445324514547,"violation in reverse orientation",1,0.112413793103448,1,60,0.627070094348715,0.25432432379694,0.49749371855331,0.339934634239519,0.333268967218997,0.0789446434220574,"violation",1,50,0.246504271019468,0.590712364249548,0.324961536185438,0.489897948556636,0.724157688764096,0.133445324514547,"violation at burn-in"
220,50,"reverse",0.152451248673278,0.56895608070809,0.237486841740758,0.485386443980464,0.829400743682292,0.260444662974202,"violation in reverse orientation",1,0.112413793103448,1,60,0.644232895622817,0.299311814729174,0.498887651569859,0.372677996249965,0.317931011350925,0.0186191966217507,"violation",1,50,0.152451248673278,0.56895608070809,0.237486841740758,0.485386443980464,0.829400743682292,0.260444662974202,"violation at burn-in"
221,50,"forward",0.56895608070809,0.216786995012799,0.485386443980464,0.3,0.385203972600749,0.16841697758795,"violation in forward orientation",1,0.112413793103448,1,50,0.56895608070809,0.216786995012799,0.485386443980464,0.3,0.385203972600749,0.16841697758795,"violation at burn-in",1,130,0.270157006058721,0.697629437745052,0.381603592455768,0.494047406871736,0.697690850903861,6.14131588089206e-05,"violation"
222,110,"reverse",0.327565307208637,0.632421839069742,0.413011516058202,0.5,0.633452351810847,0.00103051274110433,"violation in reverse orientation",1,0.112413793103448,1,140,0.567292309215636,0.352089851249444,0.49749371855331,0.433012701892219,0.386690842565521,0.0346009913160763,"violation",1,110,0.327565307208637,0.632421839069742,0.413011516058202,0.5,0.633452351810847,0.00103051274110433,"violation"
223,130,"forward",0.726985816786762,0.232462922708656,0.488264648386411,0.353260384714001,0.243976845449006,0.0115139227403501,"violation in forward orientation",1,0.112413793103448,1,130,0.726985816786762,0.232462922708656,0.488264648386411,0.353260384714001,0.243976845449006,0.0115139227403501,"violation",1,160,0.198139076009143,0.714300453905321,0.330718913883074,0.488580533279827,0.778277171026614,0.0639767171212926,"violation"
224,70,"reverse",0.199008410223142,0.707263868466018,0.3,0.498159879261791,0.777304407088318,0.0700405386223001,"violation in reverse orientation",1,0.112413793103448,1,70,0.621549582751732,0.314054244758118,0.498159879261791,0.388875931109034,0.338202507023567,0.0241482622654491,"violation",1,70,0.199008410223142,0.707263868466018,0.3,0.498159879261791,0.777304407088318,0.0700405386223001,"violation"
225,50,"forward",0.590712364249548,0.246504271019468,0.489897948556636,0.324961536185438,0.365760939293845,0.119256668274377,"violation in forward orientation",1,0.112413793103448,1,50,0.590712364249548,0.246504271019468,0.489897948556636,0.324961536185438,0.365760939293845,0.119256668274377,"violation at burn-in",1,50,0.246504271019468,0.694644991687999,0.324961536185438,0.5,0.724157688764096,0.0295126970760965,"violation at burn-in"
226,50,"forward",0.734021127930363,0.152451248673278,0.498397431775084,0.237486841740758,0.237689568091695,0.0852383194184166,"violation in forward orientation",1,0.112413793103448,1,50,0.734021127930363,0.152451248673278,0.498397431775084,0.237486841740758,0.237689568091695,0.0852383194184166,"violation at burn-in",1,50,0.275078575707952,0.633238465893974,0.346987031457949,0.496386945839634,0.692183733620896,0.0589452677269229,"violation at burn-in"
227,50,"reverse",0.216786995012799,0.654021127930363,0.3,0.498397431775084,0.757410601140236,0.103389473209873,"violation in reverse orientation",1,0.112413793103448,1,50,0.590712364249548,0.329560327676681,0.489897948556636,0.384187454245971,0.365760939293845,0.0362006116171635,"violation at burn-in",1,50,0.216786995012799,0.654021127930363,0.3,0.498397431775084,0.757410601140236,0.103389473209873,"violation at burn-in"
228,50,"reverse",0.185611725055255,0.674489213358372,0.271293199325011,0.499599839871872,0.792294973448388,0.117805760090016,"violation in reverse orientation",1,0.112413793103448,1,60,0.834450982045785,0.0972236971658371,0.471404520791032,0.17950549357115,0.14793798001128,0.0507142828454431,"violation",1,50,0.185611725055255,0.674489213358372,0.271293199325011,0.499599839871872,0.792294973448388,0.117805760090016,"violation at burn-in"
229,60,"forward",0.694529912104096,0.230926430345563,0.499722145018832,0.321022671404304,0.272981856095622,0.0420554257500586,"violation in forward orientation",1,0.112413793103448,1,60,0.694529912104096,0.230926430345563,0.499722145018832,0.321022671404304,0.272981856095622,0.0420554257500586,"violation",1,210,0.357845686081477,0.58762268180825,0.444696640464954,0.499909288823637,0.599569340960562,0.0119466591523117,"violation"
230,50,"forward",0.612137383051339,0.275078575707952,0.493558507170123,0.346987031457949,0.34661394879933,0.0715353730913776,"violation in forward orientation",1,0.112413793103448,1,50,0.612137383051339,0.275078575707952,0.493558507170123,0.346987031457949,0.34661394879933,0.0715353730913776,"violation at burn-in",1,90,0.408536760814643,0.519317495001799,0.447903208238808,0.484831649539365,0.542847255599304,0.0235297605975041,"violation"
231,60,"forward",0.694529912104096,0.25432432379694,0.499722145018832,0.339934634239519,0.272981856095622,0.0186575322986822,"violation in forward orientation",1,0.112413793103448,1,60,0.694529912104096,0.25432432379694,0.499722145018832,0.339934634239519,0.272981856095622,0.0186575322986822,"violation",1,80,0.260399815732986,0.679397303997039,0.357071421427142,0.499374608885954,0.708608910650191,0.0292116066531528,"violation"
232,50,"forward",0.694644991687999,0.246504271019468,0.5,0.324961536185438,0.272879012419288,0.0263747413998197,"violation in forward orientation",1,0.112413793103448,1,50,0.694644991687999,0.246504271019468,0.5,0.324961536185438,0.272879012419288,0.0263747413998197,"violation at burn-in",1,80,0.469812757386282,0.441684683216467,0.46837484987988,0.458257569495584,0.4742808989689,0.0325962157524322,"violation"
233,60,"reverse",0.383872428163307,0.556383151271119,0.422952584681651,0.486198404860494,0.570446046695998,0.0140628954248783,"violation in reverse orientation",1,0.112413793103448,1,70,0.788036585503097,0.133747440669977,0.483186700722508,0.232115382989599,0.189417337282004,0.0556698966120274,"violation",1,60,0.383872428163307,0.556383151271119,0.422952584681651,0.486198404860494,0.570446046695998,0.0140628954248783,"violation"
234,50,"forward",0.612137383051339,0.275078575707952,0.493558507170123,0.346987031457949,0.34661394879933,0.0715353730913776,"violation in forward orientation",1,0.112413793103448,1,50,0.612137383051339,0.275078575707952,0.493558507170123,0.346987031457949,0.34661394879933,0.0715353730913776,"violation at burn-in",1,80,0.243974143961777,0.679397303997039,0.344374432848898,0.499374608885954,0.726988839685568,0.047591535688529,"violation"
235,50,"forward",0.56895608070809,0.329560327676681,0.485386443980464,0.384187454245971,0.385203972600749,0.0556436449240679,"violation in forward orientation",1,0.112413793103448,1,50,0.56895608070809,0.329560327676681,0.485386443980464,0.384187454245971,0.385203972600749,0.0556436449240679,"violation at burn-in",1,140,0.277398168861188,0.681190519459066,0.388875931109034,0.495850125480246,0.689588165041343,0.00839764558227662,"violation"
236,50,"forward",0.612137383051339,0.216786995012799,0.493558507170123,0.3,0.34661394879933,0.12982695378653,"violation in forward orientation",1,0.112413793103448,1,50,0.612137383051339,0.216786995012799,0.493558507170123,0.3,0.34661394879933,0.12982695378653,"violation at burn-in",1,110,0.327565307208637,0.623309040262332,0.413011516058202,0.499917348540637,0.633452351810847,0.0101433115485147,"violation"
237,50,"reverse",0.185611725055255,0.674489213358372,0.271293199325011,0.499599839871872,0.792294973448388,0.117805760090016,"violation in reverse orientation",1,0.112413793103448,1,70,0.734750092269623,0.219286761535403,0.494871659305394,0.318157963590287,0.237038111334351,0.0177513497989475,"violation",1,50,0.185611725055255,0.674489213358372,0.271293199325011,0.499599839871872,0.792294973448388,0.117805760090016,"violation at burn-in"
238,50,"reverse",0.185611725055255,0.694644991687999,0.271293199325011,0.5,0.792294973448388,0.0976499817603891,"violation in reverse orientation",1,0.112413793103448,1,90,0.61230983413901,0.330249254092939,0.498887651569859,0.408097059382377,0.346459833679668,0.016210579586729,"violation",1,50,0.185611725055255,0.694644991687999,0.271293199325011,0.5,0.792294973448388,0.0976499817603891,"violation at burn-in"
239,90,"reverse",0.408536760814643,0.519317495001799,0.447903208238808,0.484831649539365,0.542847255599304,0.0235297605975041,"violation in reverse orientation",1,0.112413793103448,1,90,0.421207676384509,0.519317495001799,0.453246178986025,0.484831649539365,0.528668807848046,0.00935131284624668,"violation",1,90,0.408536760814643,0.519317495001799,0.447903208238808,0.484831649539365,0.542847255599304,0.0235297605975041,"violation"
240,60,"reverse",0.206777284463185,0.74303982794241,0.3,0.495535624910617,0.768611224903402,0.0255713969609913,"violation in reverse orientation",1,0.112413793103448,1,80,0.691655263867034,0.243974143961777,0.498591766879478,0.344374432848898,0.275550855590058,0.0315767116282819,"violation",1,60,0.206777284463185,0.74303982794241,0.3,0.495535624910617,0.768611224903402,0.0255713969609913,"violation"
241,50,"forward",0.80895608070809,0.116284945699819,0.485386443980464,0.195959179422654,0.170722120276802,0.0544371745769823,"violation in forward orientation",1,0.112413793103448,1,50,0.80895608070809,0.116284945699819,0.485386443980464,0.195959179422654,0.170722120276802,0.0544371745769823,"violation at burn-in",1,90,0.356808336031459,0.554753840420317,0.422952584681651,0.492035329455212,0.600730110551586,0.045976270131269,"violation"
242,50,"forward",0.694644991687999,0.246504271019468,0.5,0.324961536185438,0.272879012419288,0.0263747413998197,"violation in forward orientation",1,0.112413793103448,1,50,0.694644991687999,0.246504271019468,0.5,0.324961536185438,0.272879012419288,0.0263747413998197,"violation at burn-in",1,80,0.227252112493843,0.703815767828986,0.330718913883074,0.49749371855331,0.74570038804651,0.0418846202175245,"violation"
243,90,"forward",0.743018751298959,0.217843543370117,0.489897948556636,0.327542288288526,0.229648622564154,0.0118050791940378,"violation in forward orientation",1,0.112413793103448,1,90,0.743018751298959,0.217843543370117,0.489897948556636,0.327542288288526,0.229648622564154,0.0118050791940378,"violation",1,100,0.381661638370415,0.567316518042841,0.438634243989226,0.495075751779463,0.572919866949529,0.00560334890668812,"violation"
244,60,"forward",0.661196578770763,0.277090389131333,0.499722145018832,0.357071421427142,0.302771002251726,0.0256806131203928,"violation in forward orientation",1,0.112413793103448,1,60,0.661196578770763,0.277090389131333,0.499722145018832,0.357071421427142,0.302771002251726,0.0256806131203928,"violation",1,70,0.199008410223142,0.734750092269623,0.3,0.494871659305394,0.777304407088318,0.0425543148186948,"violation"
245,60,"forward",0.710899562289484,0.206777284463185,0.498887651569859,0.3,0.258352719038718,0.0515754345755324,"violation in forward orientation",1,0.112413793103448,1,60,0.710899562289484,0.206777284463185,0.498887651569859,0.3,0.258352719038718,0.0515754345755324,"violation",1,90,0.275464716989807,0.689834539323384,0.372677996249965,0.498020774022555,0.691751650875242,0.00191711155185836,"violation"
246,70,"forward",0.761680056860571,0.199008410223142,0.489897948556636,0.3,0.212971491798998,0.0139630815758554,"violation in forward orientation",1,0.112413793103448,1,70,0.761680056860571,0.199008410223142,0.489897948556636,0.3,0.212971491798998,0.0139630815758554,"violation",1,100,0.183209398288614,0.745284595613564,0.3,0.487749935930288,0.794983118938306,0.0496985233247416,"violation"
247,50,"reverse",0.275078575707952,0.524410079701748,0.346987031457949,0.47370877129308,0.692183733620896,0.167773653919149,"violation in reverse orientation",1,0.112413793103448,1,50,0.654021127930363,0.275078575707952,0.498397431775085,0.346987031457949,0.309183518866344,0.0341049431583919,"violation at burn-in",1,50,0.275078575707952,0.524410079701748,0.346987031457949,0.47370877129308,0.692183733620896,0.167773653919149,"violation at burn-in"
248,130,"reverse",0.297728565431627,0.645107448506749,0.4,0.499467171715321,0.666838943491652,0.0217314949849027,"violation in reverse orientation",1,0.112413793103448,1,140,0.60354936649719,0.335784022647121,0.499795876701026,0.424444414764159,0.354288839209008,0.0185048165618869,"violation",1,130,0.297728565431627,0.645107448506749,0.4,0.499467171715321,0.666838943491652,0.0217314949849027,"violation"
249,60,"forward",0.53818458826428,0.34236971261758,0.481894409826699,0.4,0.412703667176252,0.0703339545586714,"violation in forward orientation",1,0.112413793103448,1,60,0.53818458826428,0.34236971261758,0.481894409826699,0.4,0.412703667176252,0.0703339545586714,"violation",1,120,0.369485323132463,0.584859227302894,0.43771819955563,0.498260864295892,0.586544868903982,0.00168564160108864,"violation"
250,100,"reverse",0.322972911087052,0.618571340202755,0.407308237088326,0.499599839871872,0.638591131885889,0.0200197916831342,"violation in reverse orientation",1,0.112413793103448,1,150,0.573679409779001,0.360048031523678,0.498397431775085,0.438634243989226,0.380982854399646,0.0209348228759689,"violation",1,100,0.322972911087052,0.618571340202755,0.407308237088326,0.499599839871872,0.638591131885889,0.0200197916831342,"violation"
251,70,"forward",0.418190929441929,0.515278239716522,0.444696640464954,0.479157423749955,0.532044474639312,0.0167662349227903,"violation in forward orientation",1,0.112413793103448,1,70,0.418190929441929,0.515278239716522,0.444696640464954,0.479157423749955,0.532044474639312,0.0167662349227903,"violation",1,120,0.321281192805974,0.626967521469259,0.411973569810276,0.5,0.640484123684774,0.0135166022155148,"violation"
252,50,"forward",0.674489213358372,0.216786995012799,0.499599839871872,0.3,0.290891715215826,0.0741047202030269,"violation in forward orientation",1,0.112413793103448,1,50,0.674489213358372,0.216786995012799,0.499599839871872,0.3,0.290891715215826,0.0741047202030269,"violation at burn-in",1,60,0.443718815890873,0.501117648712452,0.450616861153192,0.471404520791032,0.503479387750315,0.00236173903786363,"violation"
253,50,"reverse",0.329560327676681,0.546859192020479,0.384187454245971,0.48,0.631219972207899,0.0843607801874197,"violation in reverse orientation",1,0.112413793103448,1,90,0.794279587966123,0.122426786343621,0.475186772896513,0.229061423645426,0.183838125897285,0.0614113395536636,"violation",1,50,0.329560327676681,0.546859192020479,0.384187454245971,0.48,0.631219972207899,0.0843607801874197,"violation at burn-in"
254,60,"forward",0.74303982794241,0.206777284463185,0.495535624910617,0.3,0.229629786907787,0.0228525024446016,"violation in forward orientation",1,0.112413793103448,1,60,0.74303982794241,0.206777284463185,0.495535624910617,0.3,0.229629786907787,0.0228525024446016,"violation",1,90,0.217843543370117,0.743018751298959,0.327542288288526,0.489897948556636,0.756228349108147,0.0132095978091884,"violation"
255,50,"forward",0.674489213358372,0.216786995012799,0.499599839871872,0.3,0.290891715215826,0.0741047202030269,"violation in forward orientation",1,0.112413793103448,1,50,0.674489213358372,0.216786995012799,0.499599839871872,0.3,0.290891715215826,0.0741047202030269,"violation at burn-in",1,50,0.302716065288689,0.633238465893974,0.366606055596467,0.496386945839634,0.66125805190234,0.0280195860083663,"violation at burn-in"
256,50,"reverse",0.275078575707952,0.524410079701748,0.346987031457949,0.47370877129308,0.692183733620896,0.167773653919149,"violation in reverse orientation",1,0.112413793103448,1,70,0.636172957540227,0.314054244758118,0.499183005990176,0.388875931109034,0.325133971557468,0.0110797267993505,"violation",1,50,0.275078575707952,0.524410079701748,0.346987031457949,0.47370877129308,0.692183733620896,0.167773653919149,"violation at burn-in"
257,50,"forward",0.694644991687999,0.152451248673278,0.5,0.237486841740758,0.272879012419288,0.12042776374601,"violation in forward orientation",1,0.112413793103448,1,50,0.694644991687999,0.152451248673278,0.5,0.237486841740758,0.272879012419288,0.12042776374601,"violation at burn-in",1,80,0.292478733192347,0.642042346118264,0.379967103839267,0.499843725578305,0.672713378665423,0.0306710325471589,"violation"
258,90,"forward",0.657042967008405,0.275464716989807,0.499876527964533,0.372677996249965,0.306482978687664,0.0310182616978565,"violation in forward orientation",1,0.112413793103448,1,90,0.657042967008405,0.275464716989807,0.499876527964533,0.372677996249965,0.306482978687664,0.0310182616978565,"violation",1,150,0.291235951496879,0.647124557285881,0.4,0.498887651569859,0.674104021294068,0.0269794640081862,"violation"
259,50,"reverse",0.116284945699819,0.694644991687999,0.195959179422654,0.5,0.869869961098972,0.175224969410973,"violation in reverse orientation",1,0.112413793103448,1,60,0.727070094348715,0.230926430345563,0.49749371855331,0.321022671404304,0.243901528750686,0.0129750984051224,"violation",1,50,0.116284945699819,0.694644991687999,0.195959179422654,0.5,0.869869961098972,0.175224969410973,"violation at burn-in"
260,50,"reverse",0.275078575707952,0.674489213358372,0.346987031457949,0.499599839871872,0.692183733620896,0.0176945202625242,"violation in reverse orientation",1,0.112413793103448,1,60,0.644232895622817,0.299311814729174,0.498887651569859,0.372677996249965,0.317931011350925,0.0186191966217507,"violation",1,50,0.275078575707952,0.674489213358372,0.346987031457949,0.499599839871872,0.692183733620896,0.0176945202625242,"violation at burn-in"
261,50,"forward",0.633238465893974,0.246504271019468,0.496386945839634,0.324961536185438,0.327756451573791,0.0812521805543231,"violation in forward orientation",1,0.112413793103448,1,50,0.633238465893974,0.246504271019468,0.496386945839634,0.324961536185438,0.327756451573791,0.0812521805543231,"violation at burn-in",1,90,0.247071505072811,0.668045886935067,0.351539822656808,0.499505928733089,0.723522967591524,0.0554770806564575,"violation"
262,50,"forward",0.674489213358372,0.0745005976726398,0.499599839871872,0.14,0.290891715215826,0.216391117543187,"violation in forward orientation",1,0.112413793103448,1,50,0.674489213358372,0.0745005976726398,0.499599839871872,0.14,0.290891715215826,0.216391117543187,"violation at burn-in",1,50,0.329560327676681,0.524410079701748,0.384187454245971,0.47370877129308,0.631219972207899,0.106809892506151,"violation at burn-in"
263,50,"reverse",0.216786995012799,0.633238465893974,0.3,0.496386945839634,0.757410601140236,0.124172135246262,"violation in reverse orientation",1,0.112413793103448,1,90,0.689834539323383,0.232572423955049,0.498020774022555,0.339934634239519,0.277177990476283,0.0446055665212345,"violation",1,50,0.216786995012799,0.633238465893974,0.3,0.496386945839634,0.757410601140236,0.124172135246262,"violation at burn-in"
264,50,"reverse",0.216786995012799,0.694644991687999,0.3,0.5,0.757410601140236,0.0627656094522369,"violation in reverse orientation",1,0.112413793103448,1,80,0.577841623971563,0.338978878076396,0.49434299833213,0.409076704298839,0.377263190192189,0.0382843121157935,"violation",1,50,0.216786995012799,0.694644991687999,0.3,0.5,0.757410601140236,0.0627656094522369,"violation at burn-in"
265,50,"reverse",0.275078575707952,0.633238465893974,0.346987031457949,0.496386945839634,0.692183733620896,0.0589452677269229,"violation in reverse orientation",1,0.112413793103448,1,60,0.694529912104096,0.206777284463185,0.499722145018832,0.3,0.272981856095622,0.0662045716324367,"violation",1,50,0.275078575707952,0.633238465893974,0.346987031457949,0.496386945839634,0.692183733620896,0.0589452677269229,"violation at burn-in"
266,50,"forward",0.694644991687999,0.216786995012799,0.5,0.3,0.272879012419288,0.0560920174064884,"violation in forward orientation",1,0.112413793103448,1,50,0.694644991687999,0.216786995012799,0.5,0.3,0.272879012419288,0.0560920174064884,"violation at burn-in",1,50,0.381261936620275,0.56895608070809,0.41424630354416,0.485386443980464,0.573367123530887,0.00441104282279758,"violation at burn-in"
267,50,"reverse",0.185611725055255,0.694644991687999,0.271293199325011,0.5,0.792294973448388,0.0976499817603891,"violation in reverse orientation",1,0.112413793103448,1,50,0.454790769027509,0.4062591846095,0.448998886412873,0.427083130081252,0.491090140249883,0.0848309556403829,"violation at burn-in",1,50,0.185611725055255,0.694644991687999,0.271293199325011,0.5,0.792294973448388,0.0976499817603891,"violation at burn-in"
268,50,"reverse",0.381261936620275,0.546859192020479,0.41424630354416,0.48,0.573367123530887,0.0265079315104082,"violation in reverse orientation",1,0.112413793103448,1,90,0.753429237782545,0.187580741083115,0.487498021521785,0.3,0.220345037461684,0.0327642963785694,"violation",1,50,0.381261936620275,0.546859192020479,0.41424630354416,0.48,0.573367123530887,0.0265079315104082,"violation at burn-in"
269,50,"reverse",0.216786995012799,0.734021127930363,0.3,0.498397431775084,0.757410601140236,0.0233894732098731,"violation in reverse orientation",1,0.112413793103448,1,90,0.600945650434495,0.330249254092939,0.498020774022555,0.408097059382377,0.356615713559226,0.0263664594662874,"violation",1,50,0.216786995012799,0.734021127930363,0.3,0.498397431775084,0.757410601140236,0.0233894732098731,"violation at burn-in"
270,50,"reverse",0.302716065288689,0.654021127930363,0.366606055596467,0.498397431775084,0.66125805190234,0.00723692397197706,"violation in reverse orientation",1,0.112413793103448,1,90,0.531207015560322,0.356808336031459,0.487498021521785,0.422952584681651,0.418939345169043,0.0621310091375836,"violation",1,50,0.302716065288689,0.654021127930363,0.366606055596467,0.498397431775084,0.66125805190234,0.00723692397197706,"violation at burn-in"
271,80,"forward",0.577841623971563,0.338978878076396,0.49434299833213,0.409076704298839,0.377263190192189,0.0382843121157935,"violation in forward orientation",1,0.112413793103448,1,80,0.577841623971563,0.338978878076396,0.49434299833213,0.409076704298839,0.377263190192189,0.0382843121157935,"violation",1,90,0.261362863693741,0.645967901805191,0.362433476228891,0.5,0.707531283298148,0.0615633814929566,"violation"
272,50,"forward",0.590712364249548,0.302716065288689,0.489897948556636,0.366606055596467,0.365760939293845,0.0630448740051556,"violation in forward orientation",1,0.112413793103448,1,50,0.590712364249548,0.302716065288689,0.489897948556636,0.366606055596467,0.365760939293845,0.0630448740051556,"violation at burn-in",1,80,0.308177297821902,0.564705087131815,0.3903123748999,0.49228421668788,0.655147064917803,0.0904419777859881,"violation"
273,50,"forward",0.714489213358372,0.216786995012799,0.499599839871872,0.3,0.255144739828502,0.0383577448157023,"violation in forward orientation",1,0.112413793103448,1,50,0.714489213358372,0.216786995012799,0.499599839871872,0.3,0.255144739828502,0.0383577448157023,"violation at burn-in",1,100,0.43827928159571,0.503912853250174,0.462493243193887,0.482804308182932,0.509566094931804,0.00565324168162995,"violation"
274,50,"forward",0.753238465893974,0.185611725055255,0.496386945839634,0.271293199325011,0.220515525411818,0.0349038003565628,"violation in forward orientation",1,0.112413793103448,1,50,0.753238465893974,0.185611725055255,0.496386945839634,0.271293199325011,0.220515525411818,0.0349038003565628,"violation at burn-in",1,80,0.32367253060101,0.629397303997039,0.4,0.499374608885954,0.637808274588031,0.00841097059099294,"violation"
275,50,"reverse",0.152451248673278,0.654021127930363,0.237486841740758,0.498397431775084,0.829400743682292,0.175379615751929,"violation in reverse orientation",1,0.112413793103448,1,70,0.693315814683084,0.258342897757551,0.499183005990176,0.349927106111883,0.27406686386129,0.0157239661037399,"violation",1,50,0.152451248673278,0.654021127930363,0.237486841740758,0.498397431775084,0.829400743682292,0.175379615751929,"violation at burn-in"
276,50,"forward",0.714489213358372,0.216786995012799,0.499599839871872,0.3,0.255144739828502,0.0383577448157023,"violation in forward orientation",1,0.112413793103448,1,50,0.714489213358372,0.216786995012799,0.499599839871872,0.3,0.255144739828502,0.0383577448157023,"violation at burn-in",1,110,0.316792091153819,0.64149085844415,0.406659440842637,0.499917348540637,0.645507319749352,0.00401646130520139,"violation"
277,50,"reverse",0.216786995012799,0.546859192020479,0.3,0.48,0.757410601140236,0.210551409119757,"violation in reverse orientation",1,0.112413793103448,1,90,0.589508511541965,0.343591528449175,0.496903994999953,0.415739709641549,0.366836791621543,0.0232452631723685,"violation",1,50,0.216786995012799,0.546859192020479,0.3,0.48,0.757410601140236,0.210551409119757,"violation at burn-in"
278,50,"reverse",0.152451248673278,0.633238465893974,0.237486841740758,0.496386945839634,0.829400743682292,0.196162277788318,"violation in reverse orientation",1,0.112413793103448,1,50,0.654021127930363,0.246504271019468,0.498397431775085,0.324961536185438,0.309183518866344,0.0626792478468758,"violation at burn-in",1,50,0.152451248673278,0.633238465893974,0.237486841740758,0.496386945839634,0.829400743682292,0.196162277788318,"violation at burn-in"
279,50,"forward",0.501594493296846,0.355715993350399,0.466476151587624,0.4,0.44540329778177,0.089687304431371,"violation in forward orientation",1,0.112413793103448,1,50,0.501594493296846,0.355715993350399,0.466476151587624,0.4,0.44540329778177,0.089687304431371,"violation at burn-in",1,50,0.355715993350399,0.590712364249548,0.4,0.489897948556636,0.601952415565339,0.0112400513157902,"violation at burn-in"
280,50,"forward",0.633238465893974,0.185611725055255,0.496386945839634,0.271293199325011,0.327756451573791,0.142144726518537,"violation in forward orientation",1,0.112413793103448,1,50,0.633238465893974,0.185611725055255,0.496386945839634,0.271293199325011,0.327756451573791,0.142144726518537,"violation at burn-in",1,60,0.321054517826778,0.627070094348715,0.386939558874797,0.49749371855331,0.640737767498539,0.0136676731498238,"violation"
281,50,"forward",0.694644991687999,0.216786995012799,0.5,0.3,0.272879012419288,0.0560920174064884,"violation in forward orientation",1,0.112413793103448,1,50,0.694644991687999,0.216786995012799,0.5,0.3,0.272879012419288,0.0560920174064884,"violation at burn-in",1,50,0.355715993350399,0.590712364249548,0.4,0.489897948556636,0.601952415565339,0.0112400513157902,"violation at burn-in"
282,70,"forward",0.748285526233975,0.199008410223142,0.492598275701905,0.3,0.22494184071484,0.0259334304916976,"violation in forward orientation",1,0.112413793103448,1,70,0.748285526233975,0.199008410223142,0.492598275701905,0.3,0.22494184071484,0.0259334304916976,"violation",1,90,0.217843543370117,0.732531618198095,0.327542288288526,0.492035329455212,0.756228349108147,0.0236967309100522,"violation"
283,60,"reverse",0.155449781144742,0.819765062450468,0.249443825784929,0.476969600708473,0.82604545844322,0.00628039599275165,"violation in reverse orientation",1,0.112413793103448,1,90,0.554753840420317,0.382890080077361,0.492035329455212,0.436173031697567,0.397896150951046,0.0150060708736842,"violation",1,60,0.155449781144742,0.819765062450468,0.249443825784929,0.476969600708473,0.82604545844322,0.00628039599275165,"violation"
284,50,"forward",0.734021127930363,0.152451248673278,0.498397431775084,0.237486841740758,0.237689568091695,0.0852383194184166,"violation in forward orientation",1,0.112413793103448,1,50,0.734021127930363,0.152451248673278,0.498397431775084,0.237486841740758,0.237689568091695,0.0852383194184166,"violation at burn-in",1,50,0.275078575707952,0.633238465893974,0.346987031457949,0.496386945839634,0.692183733620896,0.0589452677269229,"violation at burn-in"
285,50,"forward",0.734021127930363,0.216786995012799,0.498397431775084,0.3,0.237689568091695,0.0209025730788955,"violation in forward orientation",1,0.112413793103448,1,50,0.734021127930363,0.216786995012799,0.498397431775084,0.3,0.237689568091695,0.0209025730788955,"violation at burn-in",1,50,0.246504271019468,0.714489213358372,0.324961536185438,0.499599839871872,0.724157688764096,0.00966847540572324,"violation at burn-in"
286,50,"reverse",0.152451248673278,0.753238465893974,0.237486841740758,0.496386945839634,0.829400743682292,0.076162277788318,"violation in reverse orientation",1,0.112413793103448,1,90,0.700619622653076,0.217843543370117,0.496903994999953,0.327542288288526,0.267539637767864,0.0496960943977473,"violation",1,50,0.152451248673278,0.753238465893974,0.237486841740758,0.496386945839634,0.829400743682292,0.076162277788318,"violation at burn-in"
287,70,"reverse",0.277251743648749,0.66501401703857,0.363935405795914,0.5,0.689752011309008,0.0247379942704378,"violation in reverse orientation",1,0.112413793103448,1,160,0.616817250201883,0.317349074358807,0.499960935974002,0.417582327212252,0.342431671403169,0.0250825970443619,"violation",1,70,0.277251743648749,0.66501401703857,0.363935405795914,0.5,0.689752011309008,0.0247379942704378,"violation"
288,50,"reverse",0.216786995012799,0.633238465893974,0.3,0.496386945839634,0.757410601140236,0.124172135246262,"violation in reverse orientation",1,0.112413793103448,1,50,0.753238465893974,0.152451248673278,0.496386945839634,0.237486841740758,0.220515525411818,0.0680642767385393,"violation at burn-in",1,50,0.216786995012799,0.633238465893974,0.3,0.496386945839634,0.757410601140236,0.124172135246262,"violation at burn-in"
289,50,"reverse",0.275078575707952,0.654021127930363,0.346987031457949,0.498397431775084,0.692183733620896,0.0381626056905336,"violation in reverse orientation",1,0.112413793103448,1,100,0.763912853250174,0.196784561353059,0.482804308182932,0.31288975694324,0.210976098859396,0.0141915375063366,"violation",1,50,0.275078575707952,0.654021127930363,0.346987031457949,0.498397431775084,0.692183733620896,0.0381626056905336,"violation at burn-in"
290,50,"reverse",0.275078575707952,0.674489213358372,0.346987031457949,0.499599839871872,0.692183733620896,0.0176945202625242,"violation in reverse orientation",1,0.112413793103448,1,70,0.748285526233975,0.199008410223142,0.492598275701905,0.3,0.22494184071484,0.0259334304916976,"violation",1,50,0.275078575707952,0.674489213358372,0.346987031457949,0.499599839871872,0.692183733620896,0.0176945202625242,"violation at burn-in"
291,50,"reverse",0.302716065288689,0.590712364249548,0.366606055596467,0.489897948556636,0.66125805190234,0.0705456876527916,"violation in reverse orientation",1,0.112413793103448,1,50,0.633238465893974,0.302716065288689,0.496386945839634,0.366606055596467,0.327756451573791,0.0250403862851022,"violation at burn-in",1,50,0.302716065288689,0.590712364249548,0.366606055596467,0.489897948556636,0.66125805190234,0.0705456876527916,"violation at burn-in"
292,50,"forward",0.56895608070809,0.116284945699819,0.485386443980464,0.195959179422654,0.385203972600749,0.26891902690093,"violation in forward orientation",1,0.112413793103448,1,50,0.56895608070809,0.116284945699819,0.485386443980464,0.195959179422654,0.385203972600749,0.26891902690093,"violation at burn-in",1,50,0.355715993350399,0.56895608070809,0.4,0.485386443980464,0.601952415565339,0.0329963348572488,"violation at burn-in"
293,50,"forward",0.590712364249548,0.329560327676681,0.489897948556636,0.384187454245971,0.365760939293845,0.0362006116171635,"violation in forward orientation",1,0.112413793103448,1,50,0.590712364249548,0.329560327676681,0.489897948556636,0.384187454245971,0.365760939293845,0.0362006116171635,"violation at burn-in",1,50,0.355715993350399,0.590712364249548,0.4,0.489897948556636,0.601952415565339,0.0112400513157902,"violation at burn-in"
294,50,"reverse",0.275078575707952,0.654021127930363,0.346987031457949,0.498397431775084,0.692183733620896,0.0381626056905336,"violation in reverse orientation",1,0.112413793103448,1,50,0.694644991687999,0.246504271019468,0.5,0.324961536185438,0.272879012419288,0.0263747413998197,"violation at burn-in",1,50,0.275078575707952,0.654021127930363,0.346987031457949,0.498397431775084,0.692183733620896,0.0381626056905336,"violation at burn-in"
295,50,"forward",0.772137383051339,0.185611725055255,0.493558507170123,0.271293199325011,0.203626047250031,0.0180143221947768,"violation in forward orientation",1,0.112413793103448,1,50,0.772137383051339,0.185611725055255,0.493558507170123,0.271293199325011,0.203626047250031,0.0180143221947768,"violation at burn-in",1,100,0.286560022992805,0.658571340202755,0.384187454245971,0.499599839871872,0.679336272082739,0.020764931879984,"violation"
296,50,"reverse",0.246504271019468,0.694644991687999,0.324961536185438,0.5,0.724157688764096,0.0295126970760965,"violation in reverse orientation",1,0.112413793103448,1,110,0.604951973890729,0.348881957255449,0.499255644281672,0.424848052565379,0.353035364909635,0.00415340765418615,"violation",1,50,0.246504271019468,0.694644991687999,0.324961536185438,0.5,0.724157688764096,0.0295126970760965,"violation at burn-in"
297,50,"reverse",0.4062591846095,0.501594493296846,0.427083130081252,0.466476151587624,0.5453958082312,0.0438013149343542,"violation in reverse orientation",1,0.112413793103448,1,60,0.609706494609077,0.34236971261758,0.495535624910617,0.4,0.348786371532202,0.00641665891462179,"violation",1,50,0.4062591846095,0.501594493296846,0.427083130081252,0.466476151587624,0.5453958082312,0.0438013149343542,"violation at burn-in"
298,50,"reverse",0.152451248673278,0.674489213358372,0.237486841740758,0.499599839871872,0.829400743682292,0.154911530323919,"violation in reverse orientation",1,0.112413793103448,1,50,0.430755917550709,0.501594493296846,0.438634243989226,0.466476151587624,0.517984557152435,0.0163900638555896,"violation at burn-in",1,50,0.152451248673278,0.674489213358372,0.237486841740758,0.499599839871872,0.829400743682292,0.154911530323919,"violation at burn-in"
299,50,"reverse",0.246504271019468,0.694644991687999,0.324961536185438,0.5,0.724157688764096,0.0295126970760965,"violation in reverse orientation",1,0.112413793103448,1,60,0.694529912104096,0.230926430345563,0.499722145018832,0.321022671404304,0.272981856095622,0.0420554257500586,"violation",1,50,0.246504271019468,0.694644991687999,0.324961536185438,0.5,0.724157688764096,0.0295126970760965,"violation at burn-in"
300,50,"reverse",0.185611725055255,0.61213738305134,0.271293199325011,0.493558507170123,0.792294973448388,0.180157590397049,"violation in reverse orientation",1,0.112413793103448,1,140,0.632120795068619,0.327572698663508,0.499795876701026,0.419912527334259,0.328755285360919,0.00118258669741056,"violation",1,50,0.185611725055255,0.61213738305134,0.271293199325011,0.493558507170123,0.792294973448388,0.180157590397049,"violation at burn-in"
301,50,"forward",0.714489213358372,0.216786995012799,0.499599839871872,0.3,0.255144739828502,0.0383577448157023,"violation in forward orientation",1,0.112413793103448,1,50,0.714489213358372,0.216786995012799,0.499599839871872,0.3,0.255144739828502,0.0383577448157023,"violation at burn-in",1,60,0.206777284463185,0.727070094348715,0.3,0.49749371855331,0.768611224903402,0.0415411305546866,"violation"
302,70,"forward",0.606789975333154,0.314054244758118,0.496723961448963,0.388875931109034,0.351392790101529,0.0373385453434114,"violation in forward orientation",1,0.112413793103448,1,70,0.606789975333154,0.314054244758118,0.496723961448963,0.388875931109034,0.351392790101529,0.0373385453434114,"violation",1,110,0.294997309582735,0.668434804605088,0.393017569476678,0.498675932796454,0.669895152661014,0.0014603480559261,"violation"
303,50,"reverse",0.275078575707952,0.633238465893974,0.346987031457949,0.496386945839634,0.692183733620896,0.0589452677269229,"violation in reverse orientation",1,0.112413793103448,1,50,0.454790769027509,0.454790769027509,0.448998886412873,0.448998886412873,0.491090140249883,0.0362993712223739,"violation at burn-in",1,50,0.275078575707952,0.633238465893974,0.346987031457949,0.496386945839634,0.692183733620896,0.0589452677269229,"violation at burn-in"
304,60,"forward",0.556383151271119,0.383872428163307,0.486198404860494,0.422952584681651,0.396440077578998,0.012567649415691,"violation in forward orientation",1,0.112413793103448,1,60,0.556383151271119,0.383872428163307,0.486198404860494,0.422952584681651,0.396440077578998,0.012567649415691,"violation",1,140,0.37627310295803,0.552619090887638,0.444696640464954,0.495850125480246,0.578949507615907,0.0263304167282694,"violation"
305,50,"reverse",0.4062591846095,0.524410079701748,0.427083130081252,0.47370877129308,0.5453958082312,0.0209857285294521,"violation in reverse orientation",1,0.112413793103448,1,60,0.727070094348715,0.230926430345563,0.49749371855331,0.321022671404304,0.243901528750686,0.0129750984051224,"violation",1,50,0.4062591846095,0.524410079701748,0.427083130081252,0.47370877129308,0.5453958082312,0.0209857285294521,"violation at burn-in"
306,90,"forward",0.657042967008405,0.289392299544533,0.499876527964533,0.382325567424117,0.306482978687664,0.0170906791431309,"violation in forward orientation",1,0.112413793103448,1,90,0.657042967008405,0.289392299544533,0.499876527964533,0.382325567424117,0.306482978687664,0.0170906791431309,"violation",1,180,0.26423076183564,0.697097622296367,0.386939558874797,0.490999233108953,0.704322174711114,0.00722455241474718,"violation"
307,50,"reverse",0.329560327676681,0.430755917550709,0.384187454245971,0.438634243989226,0.631219972207899,0.200464054657189,"violation in reverse orientation",1,0.112413793103448,1,50,0.612137383051339,0.329560327676681,0.493558507170123,0.384187454245971,0.34661394879933,0.0170536211226486,"violation at burn-in",1,50,0.329560327676681,0.430755917550709,0.384187454245971,0.438634243989226,0.631219972207899,0.200464054657189,"violation at burn-in"
308,50,"reverse",0.329560327676681,0.56895608070809,0.384187454245971,0.485386443980464,0.631219972207899,0.062263891499809,"violation in reverse orientation",1,0.112413793103448,1,50,0.633238465893974,0.302716065288689,0.496386945839634,0.366606055596467,0.327756451573791,0.0250403862851022,"violation at burn-in",1,50,0.329560327676681,0.56895608070809,0.384187454245971,0.485386443980464,0.631219972207899,0.062263891499809,"violation at burn-in"
309,90,"forward",0.689834539323383,0.171968943105426,0.498020774022555,0.28458329944146,0.277177990476283,0.105209047370858,"violation in forward orientation",1,0.112413793103448,1,90,0.689834539323383,0.171968943105426,0.498020774022555,0.28458329944146,0.277177990476283,0.105209047370858,"violation",1,110,0.380327651765266,0.567708589227794,0.440604393311005,0.495933879890395,0.574412565663974,0.00670397643618004,"violation"
310,50,"reverse",0.246504271019468,0.714489213358372,0.324961536185438,0.499599839871872,0.724157688764096,0.00966847540572324,"violation in reverse orientation",1,0.112413793103448,1,130,0.682770396809004,0.279408486245356,0.496198566857543,0.387985237320569,0.283491033691135,0.00408254744577852,"violation",1,50,0.246504271019468,0.714489213358372,0.324961536185438,0.499599839871872,0.724157688764096,0.00966847540572324,"violation at burn-in"
311,50,"forward",0.674489213358372,0.246504271019468,0.499599839871872,0.324961536185438,0.290891715215826,0.0443874441963582,"violation in forward orientation",1,0.112413793103448,1,50,0.674489213358372,0.246504271019468,0.499599839871872,0.324961536185438,0.290891715215826,0.0443874441963582,"violation at burn-in",1,60,0.321054517826778,0.592139703863035,0.386939558874797,0.493006648591635,0.640737767498539,0.0485980636355038,"violation"
312,60,"reverse",0.230926430345563,0.694529912104096,0.321022671404304,0.499722145018832,0.741588915328152,0.047059003224056,"violation in reverse orientation",1,0.112413793103448,1,280,0.61685322230711,0.31171846442978,0.498965767096996,0.426647467148804,0.342399524054164,0.0306810596243839,"violation",1,60,0.230926430345563,0.694529912104096,0.321022671404304,0.499722145018832,0.741588915328152,0.047059003224056,"violation"
313,50,"forward",0.590712364249548,0.302716065288689,0.489897948556636,0.366606055596467,0.365760939293845,0.0630448740051556,"violation in forward orientation",1,0.112413793103448,1,50,0.590712364249548,0.302716065288689,0.489897948556636,0.366606055596467,0.365760939293845,0.0630448740051556,"violation at burn-in",1,50,0.246504271019468,0.714489213358372,0.324961536185438,0.499599839871872,0.724157688764096,0.00966847540572324,"violation at burn-in"
314,60,"reverse",0.155449781144742,0.774366575369876,0.249443825784929,0.489897948556636,0.82604545844322,0.0516788830733441,"violation in reverse orientation",1,0.112413793103448,1,90,0.753429237782545,0.202857682846242,0.487498021521785,0.314269680527354,0.220345037461684,0.0174873546154416,"violation",1,60,0.155449781144742,0.774366575369876,0.249443825784929,0.489897948556636,0.82604545844322,0.0516788830733441,"violation"
315,70,"reverse",0.332011213630856,0.59189294941248,0.4,0.494871659305394,0.628477490162781,0.0365845407503006,"violation in reverse orientation",1,0.112413793103448,1,120,0.471119296036274,0.43479120276108,0.476969600708473,0.465176191231762,0.472818913851742,0.0380277110906612,"violation",1,70,0.332011213630856,0.59189294941248,0.4,0.494871659305394,0.628477490162781,0.0365845407503006,"violation"
316,50,"forward",0.753238465893974,0.152451248673278,0.496386945839634,0.237486841740758,0.220515525411818,0.0680642767385393,"violation in forward orientation",1,0.112413793103448,1,50,0.753238465893974,0.152451248673278,0.496386945839634,0.237486841740758,0.220515525411818,0.0680642767385393,"violation at burn-in",1,60,0.230926430345563,0.727070094348715,0.321022671404304,0.49749371855331,0.741588915328152,0.0145188209794368,"violation"
317,50,"reverse",0.329560327676681,0.546859192020479,0.384187454245971,0.48,0.631219972207899,0.0843607801874197,"violation in reverse orientation",1,0.112413793103448,1,60,0.574366575369876,0.363298063516486,0.489897948556636,0.411973569810276,0.380368752113046,0.0170706885965606,"violation",1,50,0.329560327676681,0.546859192020479,0.384187454245971,0.48,0.631219972207899,0.0843607801874197,"violation at burn-in"
318,50,"reverse",0.216786995012799,0.56895608070809,0.3,0.485386443980464,0.757410601140236,0.188454520432146,"violation in reverse orientation",1,0.112413793103448,1,50,0.734021127930363,0.185611725055255,0.498397431775084,0.271293199325011,0.237689568091695,0.0520778430364401,"violation at burn-in",1,50,0.216786995012799,0.56895608070809,0.3,0.485386443980464,0.757410601140236,0.188454520432146,"violation at burn-in"
319,50,"forward",0.478395081610861,0.381261936620275,0.458257569495584,0.41424630354416,0.466136017745253,0.0848740811249782,"violation in forward orientation",1,0.112413793103448,1,50,0.478395081610861,0.381261936620275,0.458257569495584,0.41424630354416,0.466136017745253,0.0848740811249782,"violation at burn-in",1,60,0.25432432379694,0.694529912104096,0.339934634239519,0.499722145018832,0.715407239034864,0.020877326930768,"violation"
320,50,"forward",0.56895608070809,0.355715993350399,0.485386443980464,0.4,0.385203972600749,0.0294879792503498,"violation in forward orientation",1,0.112413793103448,1,50,0.56895608070809,0.355715993350399,0.485386443980464,0.4,0.385203972600749,0.0294879792503498,"violation at burn-in",1,60,0.25432432379694,0.694529912104096,0.339934634239519,0.499722145018832,0.715407239034864,0.020877326930768,"violation"
321,50,"forward",0.674489213358372,0.275078575707952,0.499599839871872,0.346987031457949,0.290891715215826,0.0158131395078742,"violation in forward orientation",1,0.112413793103448,1,50,0.674489213358372,0.275078575707952,0.499599839871872,0.346987031457949,0.290891715215826,0.0158131395078742,"violation at burn-in",1,100,0.236241940338561,0.716895688006175,0.346987031457949,0.493558507170123,0.735640988338074,0.018745300331899,"violation"
322,50,"forward",0.714489213358372,0.116284945699819,0.499599839871872,0.195959179422654,0.255144739828502,0.138859794128682,"violation in forward orientation",1,0.112413793103448,1,50,0.714489213358372,0.116284945699819,0.499599839871872,0.195959179422654,0.255144739828502,0.138859794128682,"violation at burn-in",1,50,0.216786995012799,0.694644991687999,0.3,0.5,0.757410601140236,0.0627656094522369,"violation at burn-in"
323,50,"reverse",0.152451248673278,0.77213738305134,0.237486841740758,0.493558507170123,0.829400743682292,0.0572633606309521,"violation in reverse orientation",1,0.112413793103448,1,60,0.592139703863035,0.363298063516486,0.493006648591635,0.411973569810276,0.364485362443028,0.0011872989265424,"violation",1,50,0.152451248673278,0.77213738305134,0.237486841740758,0.493558507170123,0.829400743682292,0.0572633606309521,"violation at burn-in"
324,60,"reverse",0.443718815890873,0.482234168322183,0.450616861153192,0.465176191231762,0.503479387750315,0.0212452194281324,"violation in reverse orientation",1,0.112413793103448,1,210,0.549103414082894,0.394212458496668,0.497727260961116,0.460306513279793,0.40294579223134,0.00873333373467217,"violation",1,60,0.443718815890873,0.482234168322183,0.450616861153192,0.465176191231762,0.503479387750315,0.0212452194281324,"violation"
325,50,"reverse",0.216786995012799,0.590712364249548,0.3,0.489897948556636,0.757410601140236,0.166698236890688,"violation in reverse orientation",1,0.112413793103448,1,50,0.694644991687999,0.246504271019468,0.5,0.324961536185438,0.272879012419288,0.0263747413998197,"violation at burn-in",1,50,0.216786995012799,0.590712364249548,0.3,0.489897948556636,0.757410601140236,0.166698236890688,"violation at burn-in"
326,50,"reverse",0.185611725055255,0.77213738305134,0.271293199325011,0.493558507170123,0.792294973448388,0.0201575903970486,"violation in reverse orientation",1,0.112413793103448,1,110,0.677328051572394,0.261614030131997,0.497929597731969,0.369945271806833,0.288354718221695,0.0267406880896985,"violation",1,50,0.185611725055255,0.77213738305134,0.271293199325011,0.493558507170123,0.792294973448388,0.0201575903970486,"violation at burn-in"
327,50,"forward",0.714489213358372,0.0745005976726398,0.499599839871872,0.14,0.255144739828502,0.180644142155862,"violation in forward orientation",1,0.112413793103448,1,50,0.714489213358372,0.0745005976726398,0.499599839871872,0.14,0.255144739828502,0.180644142155862,"violation at burn-in",1,50,0.381261936620275,0.501594493296846,0.41424630354416,0.466476151587624,0.573367123530887,0.0717726302340416,"violation at burn-in"
328,50,"forward",0.56895608070809,0.302716065288689,0.485386443980464,0.366606055596467,0.385203972600749,0.08248790731206,"violation in forward orientation",1,0.112413793103448,1,50,0.56895608070809,0.302716065288689,0.485386443980464,0.366606055596467,0.385203972600749,0.08248790731206,"violation at burn-in",1,50,0.275078575707952,0.654021127930363,0.346987031457949,0.498397431775084,0.692183733620896,0.0381626056905336,"violation at burn-in"
329,50,"forward",0.674489213358372,0.275078575707952,0.499599839871872,0.346987031457949,0.290891715215826,0.0158131395078742,"violation in forward orientation",1,0.112413793103448,1,50,0.674489213358372,0.275078575707952,0.499599839871872,0.346987031457949,0.290891715215826,0.0158131395078742,"violation at burn-in",1,70,0.483583542674893,0.451237844761596,0.469693777793531,0.458257569495584,0.461499222996402,0.0102613782348055,"violation"
330,60,"forward",0.627070094348715,0.321054517826778,0.49749371855331,0.386939558874797,0.333268967218997,0.0122144493922187,"violation in forward orientation",1,0.112413793103448,1,60,0.627070094348715,0.321054517826778,0.49749371855331,0.386939558874797,0.333268967218997,0.0122144493922187,"violation",1,80,0.338978878076396,0.616655263867034,0.409076704298839,0.498591766879478,0.620680842340084,0.00402557847304941,"violation"
331,50,"reverse",0.275078575707952,0.674489213358372,0.346987031457949,0.499599839871872,0.692183733620896,0.0176945202625242,"violation in reverse orientation",1,0.112413793103448,1,100,0.658571340202755,0.286560022992806,0.499599839871872,0.384187454245971,0.305117110713637,0.0185570877208313,"violation",1,50,0.275078575707952,0.674489213358372,0.346987031457949,0.499599839871872,0.692183733620896,0.0176945202625242,"violation at burn-in"
332,50,"forward",0.694644991687999,0.246504271019468,0.5,0.324961536185438,0.272879012419288,0.0263747413998197,"violation in forward orientation",1,0.112413793103448,1,50,0.694644991687999,0.246504271019468,0.5,0.324961536185438,0.272879012419288,0.0263747413998197,"violation at burn-in",1,90,0.247071505072811,0.721968833534088,0.351539822656808,0.493913572686508,0.723522967591524,0.0015541340574361,"violation"
333,50,"reverse",0.246504271019468,0.590712364249548,0.324961536185438,0.489897948556636,0.724157688764096,0.133445324514547,"violation in reverse orientation",1,0.112413793103448,1,70,0.748285526233975,0.199008410223142,0.492598275701905,0.3,0.22494184071484,0.0259334304916976,"violation",1,50,0.246504271019468,0.590712364249548,0.324961536185438,0.489897948556636,0.724157688764096,0.133445324514547,"violation at burn-in"
334,50,"reverse",0.430755917550709,0.501594493296846,0.438634243989226,0.466476151587624,0.517984557152435,0.0163900638555896,"violation in reverse orientation",1,0.112413793103448,1,80,0.603815767828986,0.338978878076396,0.49749371855331,0.409076704298839,0.354050763162736,0.0150718850863404,"violation",1,50,0.430755917550709,0.501594493296846,0.438634243989226,0.466476151587624,0.517984557152435,0.0163900638555896,"violation at burn-in"
335,50,"reverse",0.4062591846095,0.430755917550709,0.427083130081252,0.438634243989226,0.5453958082312,0.114639890680491,"violation in reverse orientation",1,0.112413793103448,1,50,0.654021127930363,0.302716065288689,0.498397431775085,0.366606055596467,0.309183518866344,0.00646745357765494,"violation at burn-in",1,50,0.4062591846095,0.430755917550709,0.427083130081252,0.438634243989226,0.5453958082312,0.114639890680491,"violation at burn-in"
336,50,"reverse",0.216786995012799,0.56895608070809,0.3,0.485386443980464,0.757410601140236,0.188454520432146,"violation in reverse orientation",1,0.112413793103448,1,50,0.633238465893974,0.246504271019468,0.496386945839634,0.324961536185438,0.327756451573791,0.0812521805543231,"violation at burn-in",1,50,0.216786995012799,0.56895608070809,0.3,0.485386443980464,0.757410601140236,0.188454520432146,"violation at burn-in"
337,50,"forward",0.674489213358372,0.216786995012799,0.499599839871872,0.3,0.290891715215826,0.0741047202030269,"violation in forward orientation",1,0.112413793103448,1,50,0.674489213358372,0.216786995012799,0.499599839871872,0.3,0.290891715215826,0.0741047202030269,"violation at burn-in",1,90,0.303158498150334,0.61230983413901,0.391420332306856,0.498887651569859,0.660762980241758,0.0484531461027481,"violation"
338,50,"reverse",0.246504271019468,0.61213738305134,0.324961536185438,0.493558507170123,0.724157688764096,0.112020305712756,"violation in reverse orientation",1,0.112413793103448,1,70,0.621549582751732,0.314054244758118,0.498159879261791,0.388875931109034,0.338202507023567,0.0241482622654491,"violation",1,50,0.246504271019468,0.61213738305134,0.324961536185438,0.493558507170123,0.724157688764096,0.112020305712756,"violation at burn-in"
339,50,"forward",0.633238465893974,0.185611725055255,0.496386945839634,0.271293199325011,0.327756451573791,0.142144726518537,"violation in forward orientation",1,0.112413793103448,1,50,0.633238465893974,0.185611725055255,0.496386945839634,0.271293199325011,0.327756451573791,0.142144726518537,"violation at burn-in",1,50,0.246504271019468,0.714489213358372,0.324961536185438,0.499599839871872,0.724157688764096,0.00966847540572324,"violation at burn-in"
340,90,"forward",0.634820744786182,0.275464716989807,0.499876527964533,0.372677996249965,0.326342409458399,0.0508776924685924,"violation in forward orientation",1,0.112413793103448,1,90,0.634820744786182,0.275464716989807,0.499876527964533,0.372677996249965,0.326342409458399,0.0508776924685924,"violation",1,140,0.343956010304985,0.60354936649719,0.428809457708675,0.499795876701026,0.615111551876025,0.0115621853788349,"violation"
341,50,"forward",0.633238465893974,0.275078575707952,0.496386945839634,0.346987031457949,0.327756451573791,0.0526778758658391,"violation in forward orientation",1,0.112413793103448,1,50,0.633238465893974,0.275078575707952,0.496386945839634,0.346987031457949,0.327756451573791,0.0526778758658391,"violation at burn-in",1,90,0.289392299544533,0.623601442490622,0.382325567424117,0.499505928733089,0.676167023192684,0.0525655807020614,"violation"
342,50,"forward",0.633238465893974,0.302716065288689,0.496386945839634,0.366606055596467,0.327756451573791,0.0250403862851022,"violation in forward orientation",1,0.112413793103448,1,50,0.633238465893974,0.302716065288689,0.496386945839634,0.366606055596467,0.327756451573791,0.0250403862851022,"violation at burn-in",1,50,0.185611725055255,0.77213738305134,0.271293199325011,0.493558507170123,0.792294973448388,0.0201575903970486,"violation at burn-in"
343,50,"reverse",0.381261936620275,0.454790769027509,0.41424630354416,0.448998886412873,0.573367123530887,0.118576354503378,"violation in reverse orientation",1,0.112413793103448,1,130,0.454071097313765,0.487139434999938,0.473186353822452,0.482596527426404,0.491895435473824,0.0047560004738863,"violation",1,50,0.381261936620275,0.454790769027509,0.41424630354416,0.448998886412873,0.573367123530887,0.118576354503378,"violation at burn-in"
344,50,"forward",0.654021127930363,0.246504271019468,0.498397431775085,0.324961536185438,0.309183518866344,0.0626792478468758,"violation in forward orientation",1,0.112413793103448,1,50,0.654021127930363,0.246504271019468,0.498397431775085,0.324961536185438,0.309183518866344,0.0626792478468758,"violation at burn-in",1,70,0.295810536031579,0.66501401703857,0.376883027379226,0.5,0.668985171953519,0.00397115491494904,"violation"
345,50,"forward",0.56895608070809,0.381261936620275,0.485386443980464,0.41424630354416,0.385203972600749,0.00394203598047455,"violation in forward orientation",1,0.112413793103448,1,50,0.56895608070809,0.381261936620275,0.485386443980464,0.41424630354416,0.385203972600749,0.00394203598047455,"violation at burn-in",1,100,0.393138664440465,0.535880378407413,0.443959457608462,0.489897948556636,0.560077352643696,0.0241969742362822,"violation"
346,90,"reverse",0.202857682846242,0.732531618198095,0.314269680527354,0.492035329455212,0.772997164216558,0.0404655460184632,"violation in reverse orientation",1,0.112413793103448,1,100,0.668432477215472,0.274187264057314,0.499099188538711,0.375632799419859,0.296304465161521,0.0221172011042069,"violation",1,90,0.202857682846242,0.732531618198095,0.314269680527354,0.492035329455212,0.772997164216558,0.0404655460184632,"violation"
347,60,"forward",0.710899562289484,0.25432432379694,0.498887651569859,0.339934634239519,0.258352719038718,0.00402839524177789,"violation in forward orientation",1,0.112413793103448,1,60,0.710899562289484,0.25432432379694,0.498887651569859,0.339934634239519,0.258352719038718,0.00402839524177789,"violation",1,110,0.359431711356376,0.558286251516634,0.430356377401623,0.494682467651374,0.597794617076693,0.0395083655600594,"violation"
348,50,"reverse",0.216786995012799,0.633238465893974,0.3,0.496386945839634,0.757410601140236,0.124172135246262,"violation in reverse orientation",1,0.112413793103448,1,80,0.590878168740764,0.354108657851495,0.496078370824611,0.417582327212252,0.36561276406718,0.0115041062156845,"violation",1,50,0.216786995012799,0.633238465893974,0.3,0.496386945839634,0.757410601140236,0.124172135246262,"violation at burn-in"
349,60,"forward",0.710899562289484,0.25432432379694,0.498887651569859,0.339934634239519,0.258352719038718,0.00402839524177789,"violation in forward orientation",1,0.112413793103448,1,60,0.710899562289484,0.25432432379694,0.498887651569859,0.339934634239519,0.258352719038718,0.00402839524177789,"violation",1,70,0.25834289775755,0.679232364913215,0.349927106111883,0.499795876701026,0.71091055206533,0.0316781871521152,"violation"
350,50,"forward",0.694644991687999,0.185611725055255,0.5,0.271293199325011,0.272879012419288,0.0872672873640331,"violation in forward orientation",1,0.112413793103448,1,50,0.694644991687999,0.185611725055255,0.5,0.271293199325011,0.272879012419288,0.0872672873640331,"violation at burn-in",1,60,0.230926430345563,0.661196578770763,0.321022671404304,0.499722145018832,0.741588915328152,0.0803923365573892,"violation"
351,70,"reverse",0.384376285178422,0.546359910605891,0.428809457708675,0.486763572497166,0.569882242894802,0.0235223322889113,"violation in reverse orientation",1,0.112413793103448,1,110,0.64149085844415,0.316792091153819,0.499917348540637,0.406659440842637,0.320381499739349,0.00358940858552931,"violation",1,70,0.384376285178422,0.546359910605891,0.428809457708675,0.486763572497166,0.569882242894802,0.0235223322889113,"violation"
352,50,"forward",0.674489213358372,0.246504271019468,0.499599839871872,0.324961536185438,0.290891715215826,0.0443874441963582,"violation in forward orientation",1,0.112413793103448,1,50,0.674489213358372,0.246504271019468,0.499599839871872,0.324961536185438,0.290891715215826,0.0443874441963582,"violation at burn-in",1,60,0.25432432379694,0.694529912104096,0.339934634239519,0.499722145018832,0.715407239034864,0.020877326930768,"violation"
353,90,"reverse",0.316774321444153,0.566413277978533,0.4,0.493913572686508,0.645527203624252,0.0791139256457188,"violation in reverse orientation",1,0.112413793103448,1,130,0.629838556737926,0.324790251442971,0.499940824900674,0.416309511622609,0.330794863296801,0.00600461185383017,"violation",1,90,0.316774321444153,0.566413277978533,0.4,0.493913572686508,0.645527203624252,0.0791139256457188,"violation"
354,50,"reverse",0.302716065288689,0.654021127930363,0.366606055596467,0.498397431775084,0.66125805190234,0.00723692397197706,"violation in reverse orientation",1,0.112413793103448,1,60,0.592139703863035,0.363298063516486,0.493006648591635,0.411973569810276,0.364485362443028,0.0011872989265424,"violation",1,50,0.302716065288689,0.654021127930363,0.366606055596467,0.498397431775084,0.66125805190234,0.00723692397197706,"violation at burn-in"
355,90,"forward",0.814207428738858,0.104606694841303,0.46732757432918,0.206080411011016,0.166029125056648,0.0614224302153453,"violation in forward orientation",1,0.112413793103448,1,90,0.814207428738858,0.104606694841303,0.46732757432918,0.206080411011016,0.166029125056648,0.0614224302153453,"violation",1,140,0.294306564960633,0.660306510393101,0.4,0.498159879261791,0.670668079169752,0.0103615687766516,"violation"
356,50,"reverse",0.302716065288689,0.590712364249548,0.366606055596467,0.489897948556636,0.66125805190234,0.0705456876527916,"violation in reverse orientation",1,0.112413793103448,1,50,0.753238465893974,0.216786995012799,0.496386945839634,0.3,0.220515525411818,0.00372853039901813,"violation at burn-in",1,50,0.302716065288689,0.590712364249548,0.366606055596467,0.489897948556636,0.66125805190234,0.0705456876527916,"violation at burn-in"
357,70,"reverse",0.199008410223142,0.761680056860571,0.3,0.489897948556636,0.777304407088318,0.0156243502277471,"violation in reverse orientation",1,0.112413793103448,1,160,0.635437582923543,0.295730681725611,0.499374608885954,0.404612082740988,0.325791157015545,0.0300604752899342,"violation",1,70,0.199008410223142,0.761680056860571,0.3,0.489897948556636,0.777304407088318,0.0156243502277471,"violation"
358,50,"reverse",0.275078575707952,0.633238465893974,0.346987031457949,0.496386945839634,0.692183733620896,0.0589452677269229,"violation in reverse orientation",1,0.112413793103448,1,110,0.64149085844415,0.305937471255794,0.499917348540637,0.4,0.320381499739349,0.0144440284835548,"violation",1,50,0.275078575707952,0.633238465893974,0.346987031457949,0.496386945839634,0.692183733620896,0.0589452677269229,"violation at burn-in"
359,50,"reverse",0.246504271019468,0.56895608070809,0.324961536185438,0.485386443980464,0.724157688764096,0.155201608056006,"violation in reverse orientation",1,0.112413793103448,1,90,0.668045886935067,0.261362863693741,0.499505928733089,0.362433476228891,0.296649950992486,0.035287087298745,"violation",1,50,0.246504271019468,0.56895608070809,0.324961536185438,0.485386443980464,0.724157688764096,0.155201608056006,"violation at burn-in"
360,50,"reverse",0.329560327676681,0.590712364249548,0.384187454245971,0.489897948556636,0.631219972207899,0.0405076079583504,"violation in reverse orientation",1,0.112413793103448,1,80,0.679397303997039,0.276559731956136,0.499374608885954,0.368908864084343,0.286505480334347,0.00994574837821083,"violation",1,50,0.329560327676681,0.590712364249548,0.384187454245971,0.489897948556636,0.631219972207899,0.0405076079583504,"violation at burn-in"
361,50,"reverse",0.246504271019468,0.590712364249548,0.324961536185438,0.489897948556636,0.724157688764096,0.133445324514547,"violation in reverse orientation",1,0.112413793103448,1,140,0.61072831954556,0.327572698663508,0.499948976988489,0.419912527334259,0.347873192760837,0.0203004940973285,"violation",1,50,0.246504271019468,0.590712364249548,0.324961536185438,0.489897948556636,0.724157688764096,0.133445324514547,"violation at burn-in"
362,60,"forward",0.592139703863035,0.321054517826778,0.493006648591635,0.386939558874797,0.364485362443028,0.0434308446162496,"violation in forward orientation",1,0.112413793103448,1,60,0.592139703863035,0.321054517826778,0.493006648591635,0.386939558874797,0.364485362443028,0.0434308446162496,"violation",1,80,0.32367253060101,0.629397303997039,0.4,0.499374608885954,0.637808274588031,0.00841097059099294,"violation"
363,50,"reverse",0.4062591846095,0.524410079701748,0.427083130081252,0.47370877129308,0.5453958082312,0.0209857285294521,"violation in reverse orientation",1,0.112413793103448,1,140,0.64626201502557,0.302689270193088,0.499183005990176,0.40525879864298,0.316117639317222,0.0134283691241341,"violation",1,50,0.4062591846095,0.524410079701748,0.427083130081252,0.47370877129308,0.5453958082312,0.0209857285294521,"violation at burn-in"
364,50,"forward",0.753238465893974,0.185611725055255,0.496386945839634,0.271293199325011,0.220515525411818,0.0349038003565628,"violation in forward orientation",1,0.112413793103448,1,50,0.753238465893974,0.185611725055255,0.496386945839634,0.271293199325011,0.220515525411818,0.0349038003565628,"violation at burn-in",1,60,0.299311814729174,0.661196578770763,0.372677996249965,0.499722145018832,0.665067325859232,0.0038707470884688,"violation"
365,60,"forward",0.404119734820393,0.519765062450468,0.433012701892219,0.476969600708473,0.547789800747686,0.0280247382972184,"violation in forward orientation",1,0.112413793103448,1,60,0.404119734820393,0.519765062450468,0.433012701892219,0.476969600708473,0.547789800747686,0.0280247382972184,"violation",1,70,0.25834289775755,0.693315814683084,0.349927106111883,0.499183005990176,0.71091055206533,0.0175947373822463,"violation"
366,50,"forward",0.654021127930363,0.275078575707952,0.498397431775085,0.346987031457949,0.309183518866344,0.0341049431583919,"violation in forward orientation",1,0.112413793103448,1,50,0.654021127930363,0.275078575707952,0.498397431775085,0.346987031457949,0.309183518866344,0.0341049431583919,"violation at burn-in",1,60,0.25432432379694,0.677962140771975,0.339934634239519,0.5,0.715407239034864,0.0374450982628889,"violation"
367,50,"reverse",0.355715993350399,0.590712364249548,0.4,0.489897948556636,0.601952415565339,0.0112400513157902,"violation in reverse orientation",1,0.112413793103448,1,70,0.606789975333154,0.332011213630856,0.496723961448963,0.4,0.351392790101529,0.0193815764706731,"violation",1,50,0.355715993350399,0.590712364249548,0.4,0.489897948556636,0.601952415565339,0.0112400513157902,"violation at burn-in"
368,50,"reverse",0.246504271019468,0.694644991687999,0.324961536185438,0.5,0.724157688764096,0.0295126970760965,"violation in reverse orientation",1,0.112413793103448,1,50,0.654021127930363,0.302716065288689,0.498397431775085,0.366606055596467,0.309183518866344,0.00646745357765494,"violation at burn-in",1,50,0.246504271019468,0.694644991687999,0.324961536185438,0.5,0.724157688764096,0.0295126970760965,"violation at burn-in"
369,50,"forward",0.633238465893974,0.302716065288689,0.496386945839634,0.366606055596467,0.327756451573791,0.0250403862851022,"violation in forward orientation",1,0.112413793103448,1,50,0.633238465893974,0.302716065288689,0.496386945839634,0.366606055596467,0.327756451573791,0.0250403862851022,"violation at burn-in",1,90,0.247071505072811,0.645967901805191,0.351539822656808,0.5,0.723522967591524,0.0775550657863334,"violation"
370,120,"reverse",0.301574017175407,0.660018390556222,0.4,0.498887651569859,0.662535976091346,0.00251758553512416,"violation in reverse orientation",1,0.112413793103448,1,140,0.61072831954556,0.343956010304985,0.499948976988489,0.428809457708675,0.347873192760837,0.00391718245585138,"violation",1,120,0.301574017175407,0.660018390556222,0.4,0.498887651569859,0.662535976091346,0.00251758553512416,"violation"
371,50,"reverse",0.302716065288689,0.654021127930363,0.366606055596467,0.498397431775084,0.66125805190234,0.00723692397197706,"violation in reverse orientation",1,0.112413793103448,1,90,0.600945650434495,0.316774321444153,0.498020774022555,0.4,0.356615713559226,0.0398413921150737,"violation",1,50,0.302716065288689,0.654021127930363,0.366606055596467,0.498397431775084,0.66125805190234,0.00723692397197706,"violation at burn-in"
372,90,"reverse",0.343591528449175,0.600945650434495,0.415739709641549,0.498020774022555,0.615519398248325,0.0145737478138305,"violation in reverse orientation",1,0.112413793103448,1,160,0.5600216206812,0.36678871548486,0.49749371855331,0.443309640657633,0.393188470667756,0.0263997551828957,"violation",1,90,0.343591528449175,0.600945650434495,0.415739709641549,0.498020774022555,0.615519398248325,0.0145737478138305,"violation"
373,50,"forward",0.674489213358372,0.152451248673278,0.499599839871872,0.237486841740758,0.290891715215826,0.138440466542548,"violation in forward orientation",1,0.112413793103448,1,50,0.674489213358372,0.152451248673278,0.499599839871872,0.237486841740758,0.290891715215826,0.138440466542548,"violation at burn-in",1,70,0.332011213630856,0.621549582751732,0.4,0.498159879261791,0.628477490162781,0.00692790741104887,"violation"
374,80,"forward",0.564705087131815,0.354108657851495,0.49228421668788,0.417582327212252,0.389002976669318,0.0348943188178233,"violation in forward orientation",1,0.112413793103448,1,80,0.564705087131815,0.354108657851495,0.49228421668788,0.417582327212252,0.389002976669318,0.0348943188178233,"violation",1,90,0.289392299544533,0.668045886935067,0.382325567424117,0.499505928733089,0.676167023192684,0.0081211362576169,"violation"
375,50,"forward",0.714489213358372,0.216786995012799,0.499599839871872,0.3,0.255144739828502,0.0383577448157023,"violation in forward orientation",1,0.112413793103448,1,50,0.714489213358372,0.216786995012799,0.499599839871872,0.3,0.255144739828502,0.0383577448157023,"violation at burn-in",1,90,0.275464716989807,0.657042967008405,0.372677996249965,0.499876527964533,0.691751650875242,0.0347086838668372,"violation"
376,50,"reverse",0.216786995012799,0.654021127930363,0.3,0.498397431775084,0.757410601140236,0.103389473209873,"violation in reverse orientation",1,0.112413793103448,1,90,0.71133125754252,0.232572423955049,0.495535624910617,0.339934634239519,0.25796692404909,0.025394500094041,"violation",1,50,0.216786995012799,0.654021127930363,0.3,0.498397431775084,0.757410601140236,0.103389473209873,"violation at burn-in"
377,50,"forward",0.734021127930363,0.116284945699819,0.498397431775084,0.195959179422654,0.237689568091695,0.121404622391875,"violation in forward orientation",1,0.112413793103448,1,50,0.734021127930363,0.116284945699819,0.498397431775084,0.195959179422654,0.237689568091695,0.121404622391875,"violation at burn-in",1,140,0.311026780427886,0.64626201502557,0.410325903324145,0.499183005990176,0.651958562869604,0.00569654784403451,"violation"
378,50,"forward",0.734021127930363,0.185611725055255,0.498397431775084,0.271293199325011,0.237689568091695,0.0520778430364401,"violation in forward orientation",1,0.112413793103448,1,50,0.734021127930363,0.185611725055255,0.498397431775084,0.271293199325011,0.237689568091695,0.0520778430364401,"violation at burn-in",1,70,0.199008410223142,0.77493133917732,0.3,0.486763572497166,0.777304407088318,0.00237306791099789,"violation"
379,50,"reverse",0.246504271019468,0.674489213358372,0.324961536185438,0.499599839871872,0.724157688764096,0.0496684754057233,"violation in reverse orientation",1,0.112413793103448,1,120,0.584859227302894,0.369485323132463,0.498260864295892,0.43771819955563,0.370991737853112,0.00150641472064933,"violation",1,50,0.246504271019468,0.674489213358372,0.324961536185438,0.499599839871872,0.724157688764096,0.0496684754057233,"violation at burn-in"
380,50,"forward",0.654021127930363,0.246504271019468,0.498397431775085,0.324961536185438,0.309183518866344,0.0626792478468758,"violation in forward orientation",1,0.112413793103448,1,50,0.654021127930363,0.246504271019468,0.498397431775085,0.324961536185438,0.309183518866344,0.0626792478468758,"violation at burn-in",1,120,0.331038786191009,0.626967521469259,0.417582327212252,0.5,0.629565612924844,0.00259809145558532,"violation"
381,50,"forward",0.844410079701748,0.116284945699819,0.47370877129308,0.195959179422654,0.139037789541588,0.0227528438417691,"violation in forward orientation",1,0.112413793103448,1,50,0.844410079701748,0.116284945699819,0.47370877129308,0.195959179422654,0.139037789541588,0.0227528438417691,"violation at burn-in",1,60,0.230926430345563,0.710899562289484,0.321022671404304,0.498887651569859,0.741588915328152,0.0306893530386679,"violation"
382,50,"forward",0.654021127930363,0.216786995012799,0.498397431775085,0.3,0.309183518866344,0.0923965238535446,"violation in forward orientation",1,0.112413793103448,1,50,0.654021127930363,0.216786995012799,0.498397431775085,0.3,0.309183518866344,0.0923965238535446,"violation at burn-in",1,90,0.303158498150334,0.657042967008405,0.391420332306856,0.499876527964533,0.660762980241758,0.00372001323335314,"violation"
383,50,"forward",0.654021127930363,0.216786995012799,0.498397431775085,0.3,0.309183518866344,0.0923965238535446,"violation in forward orientation",1,0.112413793103448,1,50,0.654021127930363,0.216786995012799,0.498397431775085,0.3,0.309183518866344,0.0923965238535446,"violation at burn-in",1,50,0.275078575707952,0.654021127930363,0.346987031457949,0.498397431775084,0.692183733620896,0.0381626056905336,"violation at burn-in"
384,50,"forward",0.633238465893974,0.302716065288689,0.496386945839634,0.366606055596467,0.327756451573791,0.0250403862851022,"violation in forward orientation",1,0.112413793103448,1,50,0.633238465893974,0.302716065288689,0.496386945839634,0.366606055596467,0.327756451573791,0.0250403862851022,"violation at burn-in",1,70,0.156423785657551,0.813795356759835,0.257539376818856,0.474664220738176,0.824955570974694,0.0111602142148588,"violation"
385,50,"forward",0.56895608070809,0.329560327676681,0.485386443980464,0.384187454245971,0.385203972600749,0.0556436449240679,"violation in forward orientation",1,0.112413793103448,1,50,0.56895608070809,0.329560327676681,0.485386443980464,0.384187454245971,0.385203972600749,0.0556436449240679,"violation at burn-in",1,100,0.223278688067167,0.745284595613564,0.336303434416005,0.487749935930288,0.750146553780672,0.00486195816710755,"violation"
386,50,"forward",0.714489213358372,0.216786995012799,0.499599839871872,0.3,0.255144739828502,0.0383577448157023,"violation in forward orientation",1,0.112413793103448,1,50,0.714489213358372,0.216786995012799,0.499599839871872,0.3,0.255144739828502,0.0383577448157023,"violation at burn-in",1,80,0.292478733192347,0.654590663251262,0.379967103839267,0.5,0.672713378665423,0.0181227154141609,"violation"
387,50,"reverse",0.329560327676681,0.56895608070809,0.384187454245971,0.485386443980464,0.631219972207899,0.062263891499809,"violation in reverse orientation",1,0.112413793103448,1,90,0.566413277978533,0.247071505072811,0.493913572686508,0.351539822656808,0.387476410265456,0.140404905192645,"violation",1,50,0.329560327676681,0.56895608070809,0.384187454245971,0.485386443980464,0.631219972207899,0.062263891499809,"violation at burn-in"
388,60,"reverse",0.321054517826778,0.627070094348715,0.386939558874797,0.49749371855331,0.640737767498539,0.0136676731498238,"violation in reverse orientation",1,0.112413793103448,1,80,0.654590663251262,0.308177297821902,0.5,0.3903123748999,0.308674539738884,0.000497241916982583,"violation",1,60,0.321054517826778,0.627070094348715,0.386939558874797,0.49749371855331,0.640737767498539,0.0136676731498238,"violation"
389,50,"forward",0.612137383051339,0.329560327676681,0.493558507170123,0.384187454245971,0.34661394879933,0.0170536211226486,"violation in forward orientation",1,0.112413793103448,1,50,0.612137383051339,0.329560327676681,0.493558507170123,0.384187454245971,0.34661394879933,0.0170536211226486,"violation at burn-in",1,110,0.215539360174888,0.746851440774935,0.333278232360425,0.485832335123178,0.758806674317777,0.0119552335428412,"violation"
390,50,"reverse",0.116284945699819,0.694644991687999,0.195959179422654,0.5,0.869869961098972,0.175224969410973,"violation in reverse orientation",1,0.112413793103448,1,50,0.546859192020479,0.381261936620275,0.48,0.41424630354416,0.404951396002061,0.0236894593817862,"violation at burn-in",1,50,0.116284945699819,0.694644991687999,0.195959179422654,0.5,0.869869961098972,0.175224969410973,"violation at burn-in"
391,50,"forward",0.612137383051339,0.302716065288689,0.493558507170123,0.366606055596467,0.34661394879933,0.0438978835106407,"violation in forward orientation",1,0.112413793103448,1,50,0.612137383051339,0.302716065288689,0.493558507170123,0.366606055596467,0.34661394879933,0.0438978835106407,"violation at burn-in",1,60,0.230926430345563,0.710899562289484,0.321022671404304,0.498887651569859,0.741588915328152,0.0306893530386679,"violation"
392,50,"forward",0.478395081610861,0.355715993350399,0.458257569495584,0.4,0.466136017745253,0.110420024394854,"violation in forward orientation",1,0.112413793103448,1,50,0.478395081610861,0.355715993350399,0.458257569495584,0.4,0.466136017745253,0.110420024394854,"violation at burn-in",1,140,0.36018664607018,0.589119157882713,0.43705881545081,0.499183005990176,0.596949863409426,0.00783070552671306,"violation"
393,50,"reverse",0.329560327676681,0.56895608070809,0.384187454245971,0.485386443980464,0.631219972207899,0.062263891499809,"violation in reverse orientation",1,0.112413793103448,1,60,0.53818458826428,0.383872428163307,0.481894409826699,0.422952584681651,0.412703667176252,0.0288312390129449,"violation",1,50,0.329560327676681,0.56895608070809,0.384187454245971,0.485386443980464,0.631219972207899,0.062263891499809,"violation at burn-in"
394,50,"reverse",0.246504271019468,0.654021127930363,0.324961536185438,0.498397431775084,0.724157688764096,0.0701365608337328,"violation in reverse orientation",1,0.112413793103448,1,60,0.758806370529702,0.181705607971508,0.493006648591635,0.276385399196283,0.215539631662509,0.0338340236910005,"violation",1,50,0.246504271019468,0.654021127930363,0.324961536185438,0.498397431775084,0.724157688764096,0.0701365608337328,"violation at burn-in"
395,50,"reverse",0.185611725055255,0.56895608070809,0.271293199325011,0.485386443980464,0.792294973448388,0.223338892740299,"violation in reverse orientation",1,0.112413793103448,1,70,0.576856954805403,0.367154334451918,0.492598275701905,0.419912527334259,0.378143163803374,0.010988829351456,"violation",1,50,0.185611725055255,0.56895608070809,0.271293199325011,0.485386443980464,0.792294973448388,0.223338892740299,"violation at burn-in"
396,50,"forward",0.546859192020479,0.302716065288689,0.48,0.366606055596467,0.404951396002061,0.102235330713372,"violation in forward orientation",1,0.112413793103448,1,50,0.546859192020479,0.302716065288689,0.48,0.366606055596467,0.404951396002061,0.102235330713372,"violation at burn-in",1,50,0.185611725055255,0.694644991687999,0.271293199325011,0.5,0.792294973448388,0.0976499817603891,"violation at burn-in"
397,110,"forward",0.529746374608728,0.400967433231594,0.489897948556636,0.449885201151223,0.420244682572702,0.0192772493411085,"violation in forward orientation",1,0.112413793103448,1,110,0.529746374608728,0.400967433231594,0.489897948556636,0.449885201151223,0.420244682572702,0.0192772493411085,"violation",1,120,0.407087678301415,0.524402256602221,0.454529671443155,0.489897948556636,0.544468743848339,0.0200664872461181,"violation"
398,50,"forward",0.674489213358372,0.246504271019468,0.499599839871872,0.324961536185438,0.290891715215826,0.0443874441963582,"violation in forward orientation",1,0.112413793103448,1,50,0.674489213358372,0.246504271019468,0.499599839871872,0.324961536185438,0.290891715215826,0.0443874441963582,"violation at burn-in",1,60,0.206777284463185,0.710899562289484,0.3,0.498887651569859,0.768611224903402,0.0577116626139177,"violation"
399,90,"reverse",0.217843543370117,0.623601442490622,0.327542288288526,0.499505928733089,0.756228349108147,0.132626906617525,"violation in reverse orientation",1,0.112413793103448,1,90,0.61230983413901,0.303158498150334,0.498887651569859,0.391420332306856,0.346459833679668,0.0433013355293344,"violation",1,90,0.217843543370117,0.623601442490622,0.327542288288526,0.499505928733089,0.756228349108147,0.132626906617525,"violation"
400,50,"reverse",0.152451248673278,0.826859192020479,0.237486841740758,0.48,0.829400743682292,0.00254155166181258,"violation in reverse orientation",1,0.112413793103448,1,60,0.574366575369876,0.34236971261758,0.489897948556636,0.4,0.380368752113046,0.0379990394954661,"violation",1,50,0.152451248673278,0.826859192020479,0.237486841740758,0.48,0.829400743682292,0.00254155166181258,"violation at burn-in"
