"trial","stopped_at_n","T1_","T2_","s1","s2","beta_allowed","reason"
1,50,0.788104219020765,0.0737552580909872,0.489897948556636,0.14,0.209787382730642,"violation at burn-in"
2,90,0.761826269781543,0.216535844765974,0.484831649539365,0.327542288288526,0.235803862006202,"violation"
3,60,0.460874403956208,0.460874403956208,0.458257569495584,0.458257569495584,0.534493731279216,"violation"
4,100,0.636785737882091,0.356837762170314,0.5,0.427083130081252,0.359600219825163,"violation"
5,200,0.83936075793685,0.15884440958474,0.430087200460558,0.3,0.159040854898214,"violation"
6,90,0.587524643553347,0.381148677867296,0.496903994999953,0.436173031697567,0.408371158075637,"violation"
7,80,0.701712213282046,0.290872116869043,0.49749371855331,0.379967103839267,0.295319773649518,"violation"
8,50,0.806371954071688,0.184167399628897,0.485386443980464,0.271293199325011,0.191701414680502,"violation at burn-in"
9,90,0.666051630837089,0.287865881036984,0.499505928733089,0.382325567424117,0.330625527370546,"violation"
10,50,0.769509749542373,0.184167399628897,0.493558507170123,0.271293199325011,0.228196834146377,"violation at burn-in"
11,80,0.689547066438259,0.274999873229261,0.498591766879478,0.368908864084343,0.307363875259744,"violation"
12,60,0.589739968709288,0.402012023279954,0.493006648591635,0.433012701892219,0.406177875773298,"violation"
13,50,0.691983064610668,0.273231267358911,0.5,0.346987031457949,0.304952115674136,"violation at burn-in"
14,50,0.588104219020765,0.379056549716098,0.489897948556636,0.41424630354416,0.407797349480475,"violation at burn-in"
15,50,0.630595774190046,0.244774223194942,0.496386945839634,0.324961536185438,0.365728592349385,"violation at burn-in"
16,140,0.720713057861359,0.276144317893911,0.488385511827762,0.388875931109034,0.276507990632675,"violation"
17,160,0.694880651543539,0.287250939927347,0.49228421668788,0.4,0.302083360212974,"violation"
18,50,0.731367732692535,0.215189838766401,0.498397431775084,0.3,0.265959331587418,"violation at burn-in"
19,130,0.635817625868531,0.323399239732086,0.499763257562486,0.416309511622609,0.360558698963238,"violation"
20,90,0.730567188148835,0.231215249438691,0.492035329455212,0.339934634239519,0.266751910579817,"violation"
21,50,0.609509749542373,0.327514969702225,0.493558507170123,0.384187454245971,0.386604807546244,"violation at burn-in"
22,90,0.851192970819909,0.121512268387698,0.447903208238808,0.229061423645426,0.147326374500457,"violation"
23,80,0.79545332150557,0.191485906831076,0.476969600708473,0.3,0.202511405037355,"violation"
24,50,0.630595774190046,0.300764308116478,0.496386945839634,0.366606055596467,0.365728592349385,"violation at burn-in"
25,110,0.666628624976073,0.326069399871242,0.498675932796454,0.413011516058202,0.330054274419171,"violation"
26,110,0.630610863734632,0.357872981786812,0.5,0.430356377401623,0.365713652948276,"violation"
27,50,0.691983064610668,0.273231267358911,0.5,0.346987031457949,0.304952115674136,"violation at burn-in"
28,50,0.630595774190046,0.184167399628897,0.496386945839634,0.271293199325011,0.365728592349385,"violation at burn-in"
29,60,0.708471201052039,0.229363836023723,0.498887651569859,0.321022671404304,0.288628038931523,"violation"
30,70,0.73251653889192,0.237529310191456,0.494871659305394,0.334724986110285,0.264821956200706,"violation"
31,50,0.769509749542373,0.184167399628897,0.493558507170123,0.271293199325011,0.228196834146377,"violation at burn-in"
32,60,0.740627782866692,0.205317019072889,0.495535624910617,0.3,0.256791420451985,"violation"
33,50,0.544303742026242,0.273231267358911,0.48,0.346987031457949,0.451162004447038,"violation at burn-in"
34,90,0.655047231308815,0.287865881036984,0.499876527964533,0.382325567424117,0.341520431294023,"violation"
35,50,0.750595774190046,0.215189838766401,0.496386945839634,0.3,0.246922612299485,"violation at burn-in"
36,110,0.5939013522488,0.389065444005103,0.498675932796454,0.445361771415123,0.402057898691837,"violation"
37,50,0.691983064610668,0.273231267358911,0.5,0.346987031457949,0.304952115674136,"violation at burn-in"
38,140,0.700264131461518,0.293016846706586,0.492598275701905,0.4,0.296753446815187,"violation"
39,50,0.711829416675202,0.273231267358911,0.499599839871872,0.346987031457949,0.285303238112117,"violation at burn-in"
40,50,0.769509749542373,0.215189838766401,0.493558507170123,0.3,0.228196834146377,"violation at burn-in"
41,50,0.630595774190046,0.353586451688535,0.496386945839634,0.4,0.365728592349385,"violation at burn-in"
42,50,0.609509749542373,0.327514969702225,0.493558507170123,0.384187454245971,0.386604807546244,"violation at burn-in"
43,160,0.583927260002877,0.406792497637475,0.499374608885954,0.460934851687307,0.411932747061712,"violation"
44,50,0.750595774190046,0.215189838766401,0.496386945839634,0.3,0.246922612299485,"violation at burn-in"
45,70,0.718833776062053,0.256763537018035,0.496723961448963,0.349927106111883,0.278368573265646,"violation"
46,90,0.632825009086593,0.355119715891762,0.499876527964533,0.422952584681651,0.363521538710671,"violation"
47,60,0.624648518151739,0.361292761030784,0.49749371855331,0.411973569810276,0.371616672201375,"violation"
48,80,0.689547066438259,0.306526938550361,0.498591766879478,0.3903123748999,0.307363875259744,"violation"
49,80,0.614547066438259,0.352342992938813,0.498591766879478,0.417582327212252,0.381617612790931,"violation"
50,50,0.691983064610668,0.215189838766401,0.5,0.3,0.304952115674136,"violation at burn-in"
51,60,0.641804534385373,0.340422692097186,0.498887651569859,0.4,0.354631361181468,"violation"
52,100,0.656676265485297,0.32142791551116,0.499599839871872,0.407308237088326,0.339907606278426,"violation"
53,90,0.751482922741524,0.231215249438691,0.487498021521785,0.339934634239519,0.246044291023583,"violation"
54,70,0.759468951825249,0.21785078762003,0.489897948556636,0.318157963590287,0.238137724256926,"violation"
55,140,0.665688242390407,0.326218776534493,0.49749371855331,0.419912527334259,0.33098530004177,"violation"
56,60,0.692097488926978,0.252669674525797,0.499722145018832,0.339934634239519,0.304838829898797,"violation"
57,70,0.705015474038818,0.256763537018035,0.498159879261791,0.349927106111883,0.292049380886445,"violation"
58,90,0.792382425059707,0.170832756430458,0.475186772896513,0.28458329944146,0.205551745553043,"violation"
59,120,0.566042617536194,0.414776234144856,0.496585563847986,0.458257569495584,0.429639434362515,"violation"
60,80,0.588780598713908,0.396677164141894,0.496078370824611,0.439992897669951,0.407127699877728,"violation"
61,50,0.8418881232916,0.115241687608306,0.47370877129308,0.195959179422654,0.156538637248921,"violation at burn-in"
62,70,0.718833776062053,0.275609157859896,0.496723961448963,0.363935405795914,0.278368573265646,"violation"
63,60,0.724648518151739,0.252669674525797,0.49749371855331,0.339934634239519,0.272611688826458,"violation"
64,90,0.709352852713072,0.216535844765974,0.495535624910617,0.327542288288526,0.287755159851093,"violation"
65,60,0.675528365121482,0.319171069673574,0.5,0.386939558874797,0.321243088167797,"violation"
66,200,0.557759675371185,0.427580001005714,0.498397431775085,0.471990466005406,0.437839959875937,"violation"
67,50,0.609509749542373,0.379056549716098,0.493558507170123,0.41424630354416,0.386604807546244,"violation at burn-in"
68,90,0.709352852713072,0.259915863511152,0.495535624910617,0.362433476228891,0.287755159851093,"violation"
69,50,0.630595774190046,0.273231267358911,0.496386945839634,0.346987031457949,0.365728592349385,"violation at burn-in"
70,50,0.671829416675202,0.300764308116478,0.499599839871872,0.366606055596467,0.324905231462084,"violation at burn-in"
71,60,0.771981971973028,0.205317019072889,0.489897948556636,0.3,0.225749210739916,"violation"
72,50,0.651367732692534,0.327514969702225,0.498397431775085,0.384187454245971,0.345163318287352,"violation at burn-in"
73,50,0.651367732692534,0.215189838766401,0.498397431775085,0.3,0.345163318287352,"violation at burn-in"
74,70,0.589659396034777,0.382440896892092,0.494871659305393,0.428809457708675,0.406257646736302,"violation"
75,50,0.671829416675202,0.300764308116478,0.499599839871872,0.366606055596467,0.324905231462084,"violation at burn-in"
76,100,0.705438604029369,0.285102728828154,0.495075751779463,0.384187454245971,0.291630461109646,"violation"
77,50,0.731367732692535,0.244774223194942,0.498397431775084,0.324961536185438,0.265959331587418,"violation at burn-in"
78,160,0.688864059828574,0.301730817381138,0.493354271796647,0.409076704298839,0.308040085840112,"violation"
79,60,0.724648518151739,0.252669674525797,0.49749371855331,0.339934634239519,0.272611688826458,"violation"
80,50,0.711829416675202,0.273231267358911,0.499599839871872,0.346987031457949,0.285303238112117,"violation at burn-in"
81,160,0.771414421388945,0.189312912321427,0.470662764089109,0.323494107365188,0.226311114101332,"violation"
82,60,0.624648518151739,0.319171069673574,0.49749371855331,0.386939558874797,0.371616672201375,"violation"
83,50,0.711829416675202,0.273231267358911,0.499599839871872,0.346987031457949,0.285303238112117,"violation at burn-in"
84,90,0.632825009086593,0.216535844765974,0.499876527964533,0.327542288288526,0.363521538710671,"violation"
85,90,0.587524643553347,0.368190206578056,0.496903994999953,0.429757324573638,0.408371158075637,"violation"
86,90,0.610318046486213,0.368190206578056,0.498887651569859,0.429757324573638,0.385804553291376,"violation"
87,50,0.691983064610668,0.273231267358911,0.5,0.346987031457949,0.304952115674136,"violation at burn-in"
88,50,0.630595774190046,0.300764308116478,0.496386945839634,0.366606055596467,0.365728592349385,"violation at burn-in"
89,50,0.609509749542373,0.327514969702225,0.493558507170123,0.384187454245971,0.386604807546244,"violation at burn-in"
90,50,0.671829416675202,0.244774223194942,0.499599839871872,0.324961536185438,0.324905231462084,"violation at burn-in"
91,130,0.681112452423509,0.314448868164188,0.496198566857543,0.411088898950381,0.315714563462785,"violation"
92,60,0.675528365121482,0.297497785463679,0.5,0.372677996249965,0.321243088167797,"violation"
93,90,0.68784621264219,0.30159576918222,0.498020774022555,0.391420332306856,0.309047805277773,"violation"
94,120,0.666462217100438,0.329588620359558,0.498260864295892,0.417582327212252,0.330219026508778,"violation"
95,50,0.671829416675202,0.300764308116478,0.499599839871872,0.366606055596467,0.324905231462084,"violation at burn-in"
96,160,0.788604732607323,0.197138840220124,0.463512405443479,0.330718913883074,0.209291849337481,"violation"
97,90,0.68784621264219,0.259915863511152,0.498020774022555,0.362433476228891,0.309047805277773,"violation"
98,60,0.554016555593003,0.421909793912657,0.486198404860494,0.442216638714053,0.441545834990028,"violation"
99,50,0.671829416675202,0.184167399628897,0.499599839871872,0.271293199325011,0.324905231462084,"violation at burn-in"
100,50,0.630595774190046,0.273231267358911,0.496386945839634,0.346987031457949,0.365728592349385,"violation at burn-in"
101,50,0.711829416675202,0.244774223194942,0.499599839871872,0.324961536185438,0.285303238112117,"violation at burn-in"
102,90,0.772091622260911,0.216535844765974,0.481894409826699,0.327542288288526,0.225640651490627,"violation"
103,60,0.624648518151739,0.340422692097186,0.49749371855331,0.4,0.371616672201375,"violation"
104,180,0.679628058827409,0.314262241038253,0.493913572686508,0.419398452224606,0.317184187095822,"violation"
105,100,0.565438604029369,0.402833287972444,0.495075751779463,0.448998886412873,0.43023743783453,"violation"
106,50,0.671829416675202,0.184167399628897,0.499599839871872,0.271293199325011,0.324905231462084,"violation at burn-in"
107,50,0.711829416675202,0.273231267358911,0.499599839871872,0.346987031457949,0.285303238112117,"violation at burn-in"
108,50,0.671829416675202,0.300764308116478,0.499599839871872,0.366606055596467,0.324905231462084,"violation at burn-in"
109,50,0.544303742026242,0.327514969702225,0.48,0.384187454245971,0.451162004447038,"violation at burn-in"
110,50,0.651367732692534,0.273231267358911,0.498397431775085,0.346987031457949,0.345163318287352,"violation at burn-in"
111,150,0.665176869366291,0.320856254144406,0.497147418333391,0.418675159149536,0.33149158481928,"violation"
112,50,0.588104219020765,0.403985456313031,0.489897948556636,0.427083130081252,0.407797349480475,"violation at burn-in"
113,60,0.708471201052039,0.27535232566942,0.498887651569859,0.357071421427142,0.288628038931523,"violation"
114,100,0.523434469776334,0.469593207645085,0.487749935930288,0.47370877129308,0.471823623968525,"violation"
115,60,0.624648518151739,0.319171069673574,0.49749371855331,0.386939558874797,0.371616672201375,"violation"
116,60,0.658764155593645,0.297497785463679,0.499722145018832,0.372677996249965,0.337840491023769,"violation"
117,120,0.658285870334713,0.310050179232258,0.498887651569859,0.406116431033707,0.338314017264859,"violation"
118,50,0.588104219020765,0.353586451688535,0.489897948556636,0.4,0.407797349480475,"violation at burn-in"
119,200,0.583029872732912,0.400717139442252,0.499774949352206,0.462493243193887,0.41282120517915,"violation"
120,50,0.731367732692535,0.0737552580909872,0.498397431775084,0.14,0.265959331587418,"violation at burn-in"
121,120,0.769462892083055,0.218474135734846,0.476969600708473,0.339934634239519,0.228243225366185,"violation"
122,160,0.670708260330186,0.308923550275155,0.496078370824611,0.413398642353842,0.326015232115074,"violation"
123,50,0.769509749542373,0.215189838766401,0.493558507170123,0.3,0.228196834146377,"violation at burn-in"
124,50,0.630595774190046,0.273231267358911,0.496386945839634,0.346987031457949,0.365728592349385,"violation at burn-in"
125,140,0.740932686750845,0.250450623470046,0.483186700722508,0.370534638552655,0.256489550412169,"violation"
126,50,0.691983064610668,0.300764308116478,0.5,0.366606055596467,0.304952115674136,"violation at burn-in"
127,160,0.583927260002877,0.393102383602447,0.499374608885954,0.455478800275051,0.411932747061712,"violation"
128,50,0.788104219020765,0.151186903364199,0.489897948556636,0.237486841740758,0.209787382730642,"violation at burn-in"
129,60,0.554016555593003,0.402012023279954,0.486198404860494,0.433012701892219,0.441545834990028,"violation"
130,50,0.651367732692534,0.215189838766401,0.498397431775085,0.3,0.345163318287352,"violation at burn-in"
131,140,0.700264131461518,0.276144317893911,0.492598275701905,0.388875931109034,0.296753446815187,"violation"
132,90,0.761826269781543,0.216535844765974,0.484831649539365,0.327542288288526,0.235803862006202,"violation"
133,130,0.597284736603595,0.37611993593223,0.499467171715321,0.443560099795031,0.398708179573864,"violation"
134,90,0.610318046486213,0.381148677867296,0.498887651569859,0.436173031697567,0.385804553291376,"violation"
135,50,0.651367732692534,0.300764308116478,0.498397431775085,0.366606055596467,0.345163318287352,"violation at burn-in"
136,60,0.607294449533359,0.361292761030784,0.495535624910617,0.411973569810276,0.388798064951874,"violation"
137,120,0.658285870334713,0.329588620359558,0.498887651569859,0.417582327212252,0.338314017264859,"violation"
138,50,0.566371954071688,0.403985456313031,0.485386443980464,0.427083130081252,0.429313374780302,"violation at burn-in"
139,170,0.646768215259784,0.338452969869468,0.498301613754056,0.431301241878197,0.349717069756973,"violation"
140,80,0.737623559941056,0.258890009309078,0.49228421668788,0.357071421427142,0.259765750860056,"violation"
141,60,0.641804534385373,0.319171069673574,0.498887651569859,0.386939558874797,0.354631361181468,"violation"
142,150,0.572124752264305,0.417685623082161,0.498397431775085,0.463848634314639,0.423617817886109,"violation"
143,50,0.691983064610668,0.300764308116478,0.5,0.366606055596467,0.304952115674136,"violation at burn-in"
144,60,0.817443388450009,0.180360287862077,0.476969600708473,0.276385399196283,0.18074014291488,"violation"
145,50,0.750595774190046,0.184167399628897,0.496386945839634,0.271293199325011,0.246922612299485,"violation at burn-in"
146,50,0.566371954071688,0.327514969702225,0.485386443980464,0.384187454245971,0.429313374780302,"violation at burn-in"
147,50,0.923985456313031,0.0271505053718357,0.427083130081252,0.0707106781186548,0.0752581863398023,"violation at burn-in"
148,50,0.609509749542373,0.379056549716098,0.493558507170123,0.41424630354416,0.386604807546244,"violation at burn-in"
149,50,0.824303742026242,0.0271505053718357,0.48,0.0707106781186548,0.17394805099727,"violation at burn-in"
150,160,0.67677776268938,0.294506961312782,0.495250883391438,0.404612082740988,0.320006122313413,"violation"
151,50,0.566371954071688,0.379056549716098,0.485386443980464,0.41424630354416,0.429313374780302,"violation at burn-in"
152,50,0.630595774190046,0.244774223194942,0.496386945839634,0.324961536185438,0.365728592349385,"violation at burn-in"
153,160,0.577600451489387,0.372396976004367,0.499022481958478,0.446514277487294,0.418196602778656,"violation"
154,50,0.711829416675202,0.273231267358911,0.499599839871872,0.346987031457949,0.285303238112117,"violation at burn-in"
155,50,0.651367732692534,0.273231267358911,0.498397431775085,0.346987031457949,0.345163318287352,"violation at burn-in"
156,50,0.769509749542373,0.184167399628897,0.493558507170123,0.271293199325011,0.228196834146377,"violation at burn-in"
157,90,0.598957323753301,0.368190206578056,0.498020774022555,0.429757324573638,0.397052234944366,"violation"
158,130,0.688560246977883,0.305447168344979,0.495183905828649,0.405655288413391,0.308340875702429,"violation"
159,50,0.609509749542373,0.327514969702225,0.493558507170123,0.384187454245971,0.386604807546244,"violation at burn-in"
160,80,0.627285796474485,0.352342992938813,0.499374608885954,0.417582327212252,0.36900563523639,"violation"
161,160,0.67677776268938,0.272637803938229,0.495250883391438,0.3903123748999,0.320006122313413,"violation"
162,50,0.769509749542373,0.215189838766401,0.493558507170123,0.3,0.228196834146377,"violation at burn-in"
163,50,0.691983064610668,0.244774223194942,0.5,0.324961536185438,0.304952115674136,"violation at burn-in"
164,70,0.705015474038818,0.256763537018035,0.498159879261791,0.349927106111883,0.292049380886445,"violation"
165,170,0.570393228442598,0.416301042120138,0.498752769676035,0.465561386762574,0.425332112757923,"violation"
166,140,0.594735658334745,0.390766105842694,0.499540605283025,0.451753951452626,0.401231894090152,"violation"
167,50,0.671829416675202,0.273231267358911,0.499599839871872,0.346987031457949,0.324905231462084,"violation at burn-in"
168,50,0.609509749542373,0.353586451688535,0.493558507170123,0.4,0.386604807546244,"violation at burn-in"
169,120,0.574603409364567,0.414776234144856,0.49749371855331,0.458257569495584,0.421163823836073,"violation"
170,60,0.607294449533359,0.381813684759484,0.495535624910617,0.422952584681651,0.388798064951874,"violation"
171,50,0.711829416675202,0.215189838766401,0.499599839871872,0.3,0.285303238112117,"violation at burn-in"
172,80,0.725751391626693,0.258890009309078,0.49434299833213,0.357071421427142,0.271519789125933,"violation"
173,50,0.609509749542373,0.379056549716098,0.493558507170123,0.41424630354416,0.386604807546244,"violation at burn-in"
174,60,0.708471201052039,0.27535232566942,0.498887651569859,0.357071421427142,0.288628038931523,"violation"
175,50,0.731367732692535,0.151186903364199,0.498397431775084,0.237486841740758,0.265959331587418,"violation at burn-in"
176,50,0.691983064610668,0.244774223194942,0.5,0.324961536185438,0.304952115674136,"violation at burn-in"
177,50,0.750595774190046,0.244774223194942,0.496386945839634,0.324961536185438,0.246922612299485,"violation at burn-in"
178,50,0.750595774190046,0.215189838766401,0.496386945839634,0.3,0.246922612299485,"violation at burn-in"
179,50,0.651367732692534,0.273231267358911,0.498397431775085,0.346987031457949,0.345163318287352,"violation at burn-in"
180,90,0.870037566756185,0.121512268387698,0.436173031697567,0.229061423645426,0.128669285426676,"violation"
181,50,0.609509749542373,0.379056549716098,0.493558507170123,0.41424630354416,0.386604807546244,"violation at burn-in"
182,90,0.655047231308815,0.259915863511152,0.499876527964533,0.362433476228891,0.341520431294023,"violation"
183,50,0.731367732692535,0.151186903364199,0.498397431775084,0.237486841740758,0.265959331587418,"violation at burn-in"
184,50,0.671829416675202,0.151186903364199,0.499599839871872,0.237486841740758,0.324905231462084,"violation at burn-in"
185,60,0.708471201052039,0.27535232566942,0.498887651569859,0.357071421427142,0.288628038931523,"violation"
186,140,0.672652098586823,0.317981995912938,0.496723961448963,0.415208332266675,0.324090735372255,"violation"
187,180,0.619714737688593,0.37014022773845,0.499722145018832,0.447903208238808,0.376501360728667,"violation"
188,90,0.587524643553347,0.201602974562017,0.496903994999953,0.314269680527354,0.408371158075637,"violation"
189,50,0.588104219020765,0.273231267358911,0.489897948556636,0.346987031457949,0.407797349480475,"violation at burn-in"
190,50,0.8418881232916,0.115241687608306,0.47370877129308,0.195959179422654,0.156538637248921,"violation at burn-in"
191,50,0.651367732692534,0.327514969702225,0.498397431775085,0.384187454245971,0.345163318287352,"violation at burn-in"
192,70,0.676976586576394,0.312299092420934,0.499795876701026,0.388875931109034,0.319809276757129,"violation"
193,50,0.609509749542373,0.300764308116478,0.493558507170123,0.366606055596467,0.386604807546244,"violation at burn-in"
194,70,0.718833776062053,0.237529310191456,0.496723961448963,0.334724986110285,0.278368573265646,"violation"
195,50,0.8418881232916,0.0737552580909872,0.47370877129308,0.14,0.156538637248921,"violation at burn-in"
196,120,0.698814272804904,0.280247096172441,0.49434299833213,0.386939558874797,0.298188879137127,"violation"
197,50,0.651367732692534,0.327514969702225,0.498397431775085,0.384187454245971,0.345163318287352,"violation at burn-in"
198,110,0.648706299060616,0.315319190719508,0.499669312133138,0.406659440842637,0.347798270212167,"violation"
199,80,0.701712213282046,0.274999873229261,0.49749371855331,0.368908864084343,0.295319773649518,"violation"
200,50,0.691983064610668,0.215189838766401,0.5,0.3,0.304952115674136,"violation at burn-in"
201,70,0.772734380832565,0.176839401042999,0.486763572497166,0.279941684889506,0.225004288473621,"violation"
202,90,0.719996904678904,0.24566799733709,0.493913572686508,0.351539822656808,0.277217017971903,"violation"
203,60,0.624648518151739,0.361292761030784,0.49749371855331,0.411973569810276,0.371616672201375,"violation"
204,50,0.691983064610668,0.300764308116478,0.5,0.366606055596467,0.304952115674136,"violation at burn-in"
205,50,0.609509749542373,0.353586451688535,0.493558507170123,0.4,0.386604807546244,"violation at burn-in"
206,90,0.761826269781543,0.216535844765974,0.484831649539365,0.327542288288526,0.235803862006202,"violation"
207,100,0.695797309323424,0.297322337502222,0.496386945839634,0.392300904918661,0.301175823330394,"violation"
208,60,0.802505609169457,0.15423560052602,0.481894409826699,0.249443825784929,0.195529288808172,"violation"
209,50,0.651367732692534,0.327514969702225,0.498397431775085,0.384187454245971,0.345163318287352,"violation at burn-in"
210,80,0.689547066438259,0.306526938550361,0.498591766879478,0.3903123748999,0.307363875259744,"violation"
211,160,0.640100451489387,0.351476001583185,0.499022481958478,0.436561493377508,0.356318488169333,"violation"
212,70,0.798829896672131,0.197654390447083,0.479157423749955,0.3,0.19916842735506,"violation"
213,50,0.711829416675202,0.244774223194942,0.499599839871872,0.324961536185438,0.285303238112117,"violation at burn-in"
214,50,0.711829416675202,0.215189838766401,0.499599839871872,0.3,0.285303238112117,"violation at burn-in"
215,50,0.750595774190046,0.184167399628897,0.496386945839634,0.271293199325011,0.246922612299485,"violation at burn-in"
216,50,0.630595774190046,0.300764308116478,0.496386945839634,0.366606055596467,0.365728592349385,"violation at burn-in"
217,50,0.691983064610668,0.300764308116478,0.5,0.366606055596467,0.304952115674136,"violation at burn-in"
218,60,0.692097488926978,0.297497785463679,0.499722145018832,0.372677996249965,0.304838829898797,"violation"
219,130,0.589492466668526,0.401910979231721,0.499052356409495,0.454822938433676,0.406422915127607,"violation"
220,50,0.630595774190046,0.327514969702225,0.496386945839634,0.384187454245971,0.365728592349385,"violation at burn-in"
221,50,0.691983064610668,0.300764308116478,0.5,0.366606055596467,0.304952115674136,"violation at burn-in"
222,50,0.691983064610668,0.273231267358911,0.5,0.346987031457949,0.304952115674136,"violation at burn-in"
223,160,0.590236962534081,0.379322064408337,0.499648313816829,0.449609205310567,0.405685827119687,"violation"
224,230,0.656242148506181,0.331912047961354,0.495728445695277,0.434260556145523,0.340337403721427,"violation"
225,70,0.676976586576394,0.312299092420934,0.499795876701026,0.388875931109034,0.319809276757129,"violation"
226,110,0.753581375040717,0.237550495023437,0.483530405344444,0.352558535084824,0.243966718673637,"violation"
227,50,0.731367732692535,0.215189838766401,0.498397431775084,0.3,0.265959331587418,"violation at burn-in"
228,160,0.66462130867567,0.316086126365795,0.49682586235018,0.417582327212252,0.332041617588666,"violation"
229,50,0.630595774190046,0.184167399628897,0.496386945839634,0.271293199325011,0.365728592349385,"violation at burn-in"
230,60,0.479969899347365,0.498823063023984,0.465176191231762,0.471404520791032,0.515206322968823,"violation"
231,50,0.691983064610668,0.300764308116478,0.5,0.366606055596467,0.304952115674136,"violation at burn-in"
232,120,0.690779647439604,0.290251671710093,0.495535624910617,0.393612189287318,0.306143558644279,"violation"
233,50,0.630595774190046,0.273231267358911,0.496386945839634,0.346987031457949,0.365728592349385,"violation at burn-in"
234,50,0.731367732692535,0.244774223194942,0.498397431775084,0.324961536185438,0.265959331587418,"violation at burn-in"
235,60,0.724648518151739,0.252669674525797,0.49749371855331,0.339934634239519,0.272611688826458,"violation"
236,160,0.633927260002877,0.308923550275155,0.499374608885954,0.413398642353842,0.362430255374254,"violation"
237,70,0.662757317411805,0.330205853929444,0.5,0.4,0.333887061829566,"violation"
238,50,0.651367732692534,0.300764308116478,0.498397431775085,0.366606055596467,0.345163318287352,"violation at burn-in"
239,90,0.655047231308815,0.30159576918222,0.499876527964533,0.391420332306856,0.341520431294023,"violation"
240,110,0.73655511394753,0.260274106606831,0.487954069102532,0.369945271806833,0.260823565638317,"violation"
241,90,0.632825009086593,0.341931705405178,0.499876527964533,0.415739709641549,0.363521538710671,"violation"
242,210,0.643018751732634,0.340914201299751,0.497727260961116,0.43705881545081,0.353429225498676,"violation"
243,50,0.691983064610668,0.244774223194942,0.5,0.324961536185438,0.304952115674136,"violation at burn-in"
244,80,0.614547066438259,0.367273098333021,0.498591766879478,0.42555111326373,0.381617612790931,"violation"
245,50,0.671829416675202,0.115241687608306,0.499599839871872,0.195959179422654,0.324905231462084,"violation at burn-in"
246,60,0.641804534385373,0.319171069673574,0.498887651569859,0.386939558874797,0.354631361181468,"violation"
247,50,0.566371954071688,0.327514969702225,0.485386443980464,0.384187454245971,0.429313374780302,"violation at burn-in"
248,50,0.691983064610668,0.244774223194942,0.5,0.324961536185438,0.304952115674136,"violation at burn-in"
249,60,0.535838942502791,0.441525415202121,0.481894409826699,0.450616861153192,0.45954257780795,"violation"
250,90,0.719996904678904,0.259915863511152,0.493913572686508,0.362433476228891,0.277217017971903,"violation"
251,50,0.750595774190046,0.244774223194942,0.496386945839634,0.324961536185438,0.246922612299485,"violation at burn-in"
252,50,0.750595774190046,0.184167399628897,0.496386945839634,0.271293199325011,0.246922612299485,"violation at burn-in"
253,90,0.719996904678904,0.259915863511152,0.493913572686508,0.362433476228891,0.277217017971903,"violation"
254,90,0.632825009086593,0.30159576918222,0.499876527964533,0.391420332306856,0.363521538710671,"violation"
255,100,0.705438604029369,0.285102728828154,0.495075751779463,0.384187454245971,0.291630461109646,"violation"
256,60,0.675528365121482,0.297497785463679,0.5,0.372677996249965,0.321243088167797,"violation"
257,90,0.67698471315288,0.24566799733709,0.498887651569859,0.351539822656808,0.319801231041431,"violation"
258,110,0.675524575132166,0.315319190719508,0.497929597731969,0.406659440842637,0.321246840446089,"violation"
259,110,0.527971988405613,0.459781749955241,0.489897948556636,0.472464962188592,0.467331254403973,"violation"
260,50,0.691983064610668,0.273231267358911,0.5,0.346987031457949,0.304952115674136,"violation at burn-in"
261,100,0.695797309323424,0.297322337502222,0.496386945839634,0.392300904918661,0.301175823330394,"violation"
262,50,0.750595774190046,0.244774223194942,0.496386945839634,0.324961536185438,0.246922612299485,"violation at burn-in"
263,90,0.576019519379739,0.406748526375464,0.495535624910617,0.447903208238808,0.419761804350982,"violation"
264,110,0.727971988405613,0.260274106606831,0.489897948556636,0.369945271806833,0.269321287654139,"violation"
265,50,0.769509749542373,0.215189838766401,0.493558507170123,0.3,0.228196834146377,"violation at burn-in"
266,90,0.719996904678904,0.231215249438691,0.493913572686508,0.339934634239519,0.277217017971903,"violation"
267,50,0.630595774190046,0.353586451688535,0.496386945839634,0.4,0.365728592349385,"violation at burn-in"
268,50,0.588104219020765,0.244774223194942,0.489897948556636,0.324961536185438,0.407797349480475,"violation at burn-in"
269,110,0.666628624976073,0.304488690987706,0.498675932796454,0.4,0.330054274419171,"violation"
270,50,0.788104219020765,0.184167399628897,0.489897948556636,0.271293199325011,0.209787382730642,"violation at burn-in"
271,50,0.671829416675202,0.300764308116478,0.499599839871872,0.366606055596467,0.324905231462084,"violation at burn-in"
272,160,0.571256500750678,0.358474484707651,0.498591766879478,0.439992897669951,0.424477430152827,"violation"
273,50,0.566371954071688,0.428420692808471,0.485386443980464,0.438634243989226,0.429313374780302,"violation at burn-in"
274,50,0.711829416675202,0.244774223194942,0.499599839871872,0.324961536185438,0.285303238112117,"violation at burn-in"
275,50,0.711829416675202,0.184167399628897,0.499599839871872,0.271293199325011,0.285303238112117,"violation at burn-in"
276,140,0.686507074611181,0.301382596017531,0.494871659305394,0.40525879864298,0.310373618662741,"violation"
277,60,0.641804534385373,0.319171069673574,0.498887651569859,0.386939558874797,0.354631361181468,"violation"
278,50,0.769509749542373,0.215189838766401,0.493558507170123,0.3,0.228196834146377,"violation at burn-in"
279,150,0.578901703955612,0.410402793105408,0.498887651569859,0.461109772421082,0.416908297990804,"violation"
280,50,0.651367732692534,0.184167399628897,0.498397431775085,0.271293199325011,0.345163318287352,"violation at burn-in"
281,60,0.740627782866692,0.252669674525797,0.495535624910617,0.339934634239519,0.256791420451985,"violation"
282,140,0.609116336241275,0.382819151171872,0.499948976988489,0.448296093843234,0.386994306319591,"violation"
283,50,0.651367732692534,0.151186903364199,0.498397431775085,0.237486841740758,0.345163318287352,"violation at burn-in"
284,50,0.630595774190046,0.327514969702225,0.496386945839634,0.384187454245971,0.365728592349385,"violation at burn-in"
285,90,0.64397167314877,0.341931705405178,0.5,0.415739709641549,0.352485785809055,"violation"
286,80,0.522634747320601,0.467832326260433,0.484122918275927,0.46837484987988,0.472615389052869,"violation"
287,80,0.614547066438259,0.367273098333021,0.498591766879478,0.42555111326373,0.381617612790931,"violation"
288,50,0.651367732692534,0.273231267358911,0.498397431775085,0.346987031457949,0.345163318287352,"violation at burn-in"
289,50,0.691983064610668,0.184167399628897,0.5,0.271293199325011,0.304952115674136,"violation at burn-in"
290,50,0.769509749542373,0.215189838766401,0.493558507170123,0.3,0.228196834146377,"violation at burn-in"
291,90,0.709352852713072,0.231215249438691,0.495535624910617,0.339934634239519,0.287755159851093,"violation"
292,110,0.657689149120766,0.326069399871242,0.499255644281672,0.413011516058202,0.338904801003522,"violation"
293,50,0.711829416675202,0.273231267358911,0.499599839871872,0.346987031457949,0.285303238112117,"violation at burn-in"
294,50,0.769509749542373,0.215189838766401,0.493558507170123,0.3,0.228196834146377,"violation at burn-in"
295,70,0.648405158004966,0.330205853929444,0.499795876701026,0.4,0.348096414864249,"violation"
296,80,0.737623559941056,0.258890009309078,0.49228421668788,0.357071421427142,0.259765750860056,"violation"
297,70,0.691062802476472,0.275609157859896,0.499183005990176,0.363935405795914,0.305863221047102,"violation"
298,90,0.772091622260911,0.1548952177705,0.481894409826699,0.267821573182088,0.225640651490627,"violation"
299,50,0.544303742026242,0.353586451688535,0.48,0.4,0.451162004447038,"violation at burn-in"
300,80,0.664928855027849,0.321981209108101,0.499843725578305,0.4,0.331737131373821,"violation"
301,50,0.588104219020765,0.273231267358911,0.489897948556636,0.346987031457949,0.407797349480475,"violation at burn-in"
302,50,0.750595774190046,0.184167399628897,0.496386945839634,0.271293199325011,0.246922612299485,"violation at burn-in"
303,120,0.608494879463787,0.377425252768504,0.499722145018832,0.442216638714053,0.387609579498826,"violation"
304,110,0.803487553653476,0.178366518240779,0.4657704893618,0.3,0.194557114835019,"violation"
305,50,0.566371954071688,0.353586451688535,0.485386443980464,0.4,0.429313374780302,"violation at burn-in"
306,80,0.627285796474485,0.367273098333021,0.499374608885954,0.42555111326373,0.36900563523639,"violation"
307,50,0.651367732692534,0.327514969702225,0.498397431775085,0.384187454245971,0.345163318287352,"violation at burn-in"
308,60,0.675528365121482,0.297497785463679,0.5,0.372677996249965,0.321243088167797,"violation"
309,80,0.601712213282046,0.382048532339947,0.49749371855331,0.433012701892219,0.394324757024435,"violation"
310,50,0.609509749542373,0.353586451688535,0.493558507170123,0.4,0.386604807546244,"violation at burn-in"
311,90,0.730567188148835,0.201602974562017,0.492035329455212,0.314269680527354,0.266751910579817,"violation"
312,50,0.566371954071688,0.327514969702225,0.485386443980464,0.384187454245971,0.429313374780302,"violation at burn-in"
313,100,0.636785737882091,0.333325972590433,0.5,0.41424630354416,0.359600219825163,"violation"
314,160,0.633927260002877,0.344451913101441,0.499374608885954,0.433012701892219,0.362430255374254,"violation"
315,80,0.627285796474485,0.367273098333021,0.499374608885954,0.42555111326373,0.36900563523639,"violation"
316,50,0.691983064610668,0.300764308116478,0.5,0.366606055596467,0.304952115674136,"violation at burn-in"
317,60,0.708471201052039,0.229363836023723,0.498887651569859,0.321022671404304,0.288628038931523,"violation"
318,50,0.651367732692534,0.244774223194942,0.498397431775085,0.324961536185438,0.345163318287352,"violation at burn-in"
319,150,0.729197662977368,0.250508246377579,0.485386443980464,0.372677996249965,0.268107808748143,"violation"
320,50,0.566371954071688,0.300764308116478,0.485386443980464,0.366606055596467,0.429313374780302,"violation at burn-in"
321,60,0.607294449533359,0.340422692097186,0.495535624910617,0.4,0.388798064951874,"violation"
322,70,0.908116244421642,0.0828017193349887,0.419912527334259,0.166598625567009,0.0909694969346028,"violation"
323,90,0.741062854651698,0.186383003889262,0.489897948556636,0.3,0.256360677703571,"violation"
324,50,0.566371954071688,0.353586451688535,0.485386443980464,0.4,0.429313374780302,"violation at burn-in"
325,110,0.675524575132166,0.315319190719508,0.497929597731969,0.406659440842637,0.321246840446089,"violation"
326,170,0.664039383525981,0.331828083195398,0.496527735768651,0.427797125542981,0.33261775248637,"violation"
327,140,0.713921905956909,0.267633442251277,0.489897948556636,0.382993046241557,0.283231569446641,"violation"
328,120,0.496254528286552,0.487363037653506,0.484122918275927,0.481894409826699,0.498758030787893,"violation"
329,100,0.705438604029369,0.285102728828154,0.495075751779463,0.384187454245971,0.291630461109646,"violation"
330,100,0.686100090768039,0.309428590305672,0.49749371855331,0.4,0.310776552948982,"violation"
331,50,0.671829416675202,0.273231267358911,0.499599839871872,0.346987031457949,0.324905231462084,"violation at burn-in"
332,110,0.5939013522488,0.399337971225762,0.498675932796454,0.449885201151223,0.402057898691837,"violation"
333,60,0.832156396357318,0.15423560052602,0.471404520791032,0.249443825784929,0.166173531882299,"violation"
334,50,0.566371954071688,0.327514969702225,0.485386443980464,0.384187454245971,0.429313374780302,"violation at burn-in"
335,90,0.655047231308815,0.315177338519016,0.499876527964533,0.4,0.341520431294023,"violation"
336,50,0.671829416675202,0.300764308116478,0.499599839871872,0.366606055596467,0.324905231462084,"violation at burn-in"
337,140,0.609116336241275,0.366825654553815,0.499948976988489,0.440952123830019,0.386994306319591,"violation"
338,90,0.541062854651698,0.394000005406442,0.489897948556636,0.442216638714053,0.454370644453404,"violation"
339,70,0.676976586576394,0.275609157859896,0.499795876701026,0.363935405795914,0.319809276757129,"violation"
340,50,0.691983064610668,0.215189838766401,0.5,0.3,0.304952115674136,"violation at burn-in"
341,50,0.544303742026242,0.379056549716098,0.48,0.41424630354416,0.451162004447038,"violation at burn-in"
342,50,0.731367732692535,0.215189838766401,0.498397431775084,0.3,0.265959331587418,"violation at burn-in"
343,280,0.61569473981647,0.372900072925771,0.498965767096996,0.456682245625323,0.380481358953634,"violation"
344,50,0.609509749542373,0.300764308116478,0.493558507170123,0.366606055596467,0.386604807546244,"violation at burn-in"
345,50,0.609509749542373,0.353586451688535,0.493558507170123,0.4,0.386604807546244,"violation at burn-in"
346,50,0.671829416675202,0.300764308116478,0.499599839871872,0.366606055596467,0.324905231462084,"violation at burn-in"
347,50,0.499111042299165,0.273231267358911,0.466476151587624,0.346987031457949,0.495905029298505,"violation at burn-in"
348,130,0.703367551391566,0.287281209218014,0.49278822701683,0.394113490998446,0.293680906429389,"violation"
349,60,0.817443388450009,0.180360287862077,0.476969600708473,0.276385399196283,0.18074014291488,"violation"
350,50,0.691983064610668,0.244774223194942,0.5,0.324961536185438,0.304952115674136,"violation at burn-in"
351,50,0.711829416675202,0.273231267358911,0.499599839871872,0.346987031457949,0.285303238112117,"violation at burn-in"
352,50,0.671829416675202,0.273231267358911,0.499599839871872,0.346987031457949,0.324905231462084,"violation at burn-in"
353,90,0.67698471315288,0.287865881036984,0.498887651569859,0.382325567424117,0.319801231041431,"violation"
354,100,0.616676265485297,0.36845992388129,0.499599839871872,0.433012701892219,0.379509599628392,"violation"
355,50,0.566371954071688,0.379056549716098,0.485386443980464,0.41424630354416,0.429313374780302,"violation at burn-in"
356,70,0.746062233544131,0.197654390447083,0.492598275701905,0.3,0.251411043462268,"violation"
357,60,0.708471201052039,0.27535232566942,0.498887651569859,0.357071421427142,0.288628038931523,"violation"
358,110,0.819706833929503,0.178366518240779,0.458257569495584,0.3,0.178499219094207,"violation"
359,70,0.604548061776339,0.382440896892092,0.496723961448963,0.428809457708675,0.391517125694122,"violation"
360,60,0.756406635375955,0.229363836023723,0.493006648591635,0.321022671404304,0.241169570148436,"violation"
361,70,0.73251653889192,0.256763537018035,0.494871659305394,0.349927106111883,0.264821956200706,"violation"
362,50,0.671829416675202,0.273231267358911,0.499599839871872,0.346987031457949,0.324905231462084,"violation at burn-in"
363,160,0.759851521723275,0.22788704285178,0.474958879799083,0.357071421427142,0.237758960992987,"violation"
364,50,0.630595774190046,0.327514969702225,0.496386945839634,0.384187454245971,0.365728592349385,"violation at burn-in"
365,80,0.749395860261292,0.242518024262063,0.489897948556636,0.344374432848898,0.248110586885161,"violation"
366,70,0.705015474038818,0.275609157859896,0.498159879261791,0.363935405795914,0.292049380886445,"violation"
367,50,0.588104219020765,0.327514969702225,0.489897948556636,0.384187454245971,0.407797349480475,"violation at burn-in"
368,130,0.643438582757441,0.349960667684524,0.499467171715321,0.430769230769231,0.353013571862363,"violation"
369,50,0.499111042299165,0.475955385145597,0.466476151587624,0.458257569495584,0.495905029298505,"violation at burn-in"
370,90,0.741062854651698,0.24566799733709,0.489897948556636,0.351539822656808,0.256360677703571,"violation"
371,80,0.737623559941056,0.258890009309078,0.49228421668788,0.357071421427142,0.259765750860056,"violation"
372,50,0.691983064610668,0.300764308116478,0.5,0.366606055596467,0.304952115674136,"violation at burn-in"
373,120,0.76176601979153,0.218474135734846,0.479510746027193,0.339934634239519,0.235863512498798,"violation"
374,110,0.648706299060616,0.315319190719508,0.499669312133138,0.406659440842637,0.347798270212167,"violation"
375,160,0.596529587183735,0.393102383602447,0.499843725578305,0.455478800275051,0.399455815131451,"violation"
376,110,0.727971988405613,0.237550495023437,0.489897948556636,0.352558535084824,0.269321287654139,"violation"
377,50,0.750595774190046,0.215189838766401,0.496386945839634,0.3,0.246922612299485,"violation at burn-in"
378,170,0.759287828537457,0.229211690037183,0.474104510108468,0.359930789194785,0.238317045337891,"violation"
379,60,0.607294449533359,0.361292761030784,0.495535624910617,0.411973569810276,0.388798064951874,"violation"
380,50,0.609509749542373,0.327514969702225,0.493558507170123,0.384187454245971,0.386604807546244,"violation at burn-in"
381,90,0.719996904678904,0.273976815998344,0.493913572686508,0.372677996249965,0.277217017971903,"violation"
382,160,0.646256500750678,0.344451913101441,0.498591766879478,0.433012701892219,0.35022369262164,"violation"
383,80,0.689547066438259,0.306526938550361,0.498591766879478,0.3903123748999,0.307363875259744,"violation"
384,100,0.636785737882091,0.356837762170314,0.5,0.427083130081252,0.359600219825163,"violation"
385,50,0.711829416675202,0.215189838766401,0.499599839871872,0.3,0.285303238112117,"violation at burn-in"
386,50,0.5218881232916,0.403985456313031,0.47370877129308,0.427083130081252,0.473354584048655,"violation at burn-in"
387,70,0.772734380832565,0.197654390447083,0.486763572497166,0.3,0.225004288473621,"violation"
388,160,0.759851521723275,0.212617482382534,0.474958879799083,0.344374432848898,0.237758960992987,"violation"
389,50,0.630595774190046,0.244774223194942,0.496386945839634,0.324961536185438,0.365728592349385,"violation at burn-in"
390,160,0.532829728127454,0.413604732607323,0.49434299833213,0.463512405443479,0.462521849999968,"violation"
391,60,0.589739968709288,0.361292761030784,0.493006648591635,0.411973569810276,0.406177875773298,"violation"
392,90,0.576019519379739,0.355119715891762,0.495535624910617,0.422952584681651,0.419761804350982,"violation"
393,80,0.79545332150557,0.191485906831076,0.476969600708473,0.3,0.202511405037355,"violation"
394,50,0.711829416675202,0.244774223194942,0.499599839871872,0.324961536185438,0.285303238112117,"violation at burn-in"
395,50,0.630595774190046,0.353586451688535,0.496386945839634,0.4,0.365728592349385,"violation at burn-in"
396,90,0.812341643347234,0.170832756430458,0.46732757432918,0.28458329944146,0.185791124805713,"violation"
397,140,0.754281424440324,0.215356453272305,0.479157423749955,0.342484916992481,0.24327363488194,"violation"
398,110,0.770416580683535,0.226008217876744,0.478375349706286,0.343174292512307,0.227299026125832,"violation"
399,130,0.725354381940921,0.268881956963752,0.488264648386411,0.381603592455768,0.271912848499329,"violation"
400,50,0.651367732692534,0.300764308116478,0.498397431775085,0.366606055596467,0.345163318287352,"violation at burn-in"
401,50,0.788104219020765,0.184167399628897,0.489897948556636,0.271293199325011,0.209787382730642,"violation at burn-in"
402,50,0.711829416675202,0.184167399628897,0.499599839871872,0.271293199325011,0.285303238112117,"violation at burn-in"
403,110,0.469669721297707,0.489295950532794,0.475516248386255,0.481045692920835,0.525610019528876,"violation"
404,50,0.711829416675202,0.273231267358911,0.499599839871872,0.346987031457949,0.285303238112117,"violation at burn-in"
405,90,0.621607186392644,0.315177338519016,0.499505928733089,0.4,0.374627742203843,"violation"
406,60,0.675528365121482,0.319171069673574,0.5,0.386939558874797,0.321243088167797,"violation"
407,50,0.609509749542373,0.327514969702225,0.493558507170123,0.384187454245971,0.386604807546244,"violation at burn-in"
408,100,0.636785737882091,0.356837762170314,0.5,0.427083130081252,0.359600219825163,"violation"
409,50,0.588104219020765,0.184167399628897,0.489897948556636,0.271293199325011,0.407797349480475,"violation at burn-in"
410,90,0.587524643553347,0.315177338519016,0.496903994999953,0.4,0.408371158075637,"violation"
411,100,0.666539301561241,0.32142791551116,0.499099188538711,0.407308237088326,0.330142709051175,"violation"
412,70,0.604548061776339,0.365259101564499,0.496723961448963,0.419912527334259,0.391517125694122,"violation"
413,70,0.676976586576394,0.275609157859896,0.499795876701026,0.363935405795914,0.319809276757129,"violation"
414,130,0.628168108374938,0.358723261965674,0.499940824900674,0.43521062030202,0.368132102486031,"violation"
415,70,0.662757317411805,0.330205853929444,0.5,0.4,0.333887061829566,"violation"
416,50,0.711829416675202,0.184167399628897,0.499599839871872,0.271293199325011,0.285303238112117,"violation at burn-in"
417,50,0.609509749542373,0.353586451688535,0.493558507170123,0.4,0.386604807546244,"violation at burn-in"
418,90,0.598957323753301,0.355119715891762,0.498020774022555,0.422952584681651,0.397052234944366,"violation"
419,70,0.589659396034777,0.365259101564499,0.494871659305393,0.419912527334259,0.406257646736302,"violation"
420,90,0.792382425059707,0.201602974562017,0.475186772896513,0.314269680527354,0.205551745553043,"violation"
421,50,0.588104219020765,0.403985456313031,0.489897948556636,0.427083130081252,0.407797349480475,"violation at burn-in"
422,50,0.609509749542373,0.327514969702225,0.493558507170123,0.384187454245971,0.386604807546244,"violation at burn-in"
423,60,0.692097488926978,0.229363836023723,0.499722145018832,0.321022671404304,0.304838829898797,"violation"
424,50,0.651367732692534,0.115241687608306,0.498397431775085,0.195959179422654,0.345163318287352,"violation at burn-in"
425,50,0.711829416675202,0.273231267358911,0.499599839871872,0.346987031457949,0.285303238112117,"violation at burn-in"
426,150,0.797069459772074,0.193106780687953,0.461109772421082,0.324961536185438,0.200911347615287,"violation"
427,50,0.824303742026242,0.115241687608306,0.48,0.195959179422654,0.17394805099727,"violation at burn-in"
428,50,0.711829416675202,0.244774223194942,0.499599839871872,0.324961536185438,0.285303238112117,"violation at burn-in"
429,50,0.731367732692535,0.244774223194942,0.498397431775084,0.324961536185438,0.265959331587418,"violation at burn-in"
430,90,0.576019519379739,0.419398110362699,0.495535624910617,0.453246178986025,0.419761804350982,"violation"
431,170,0.57635640739809,0.39710628048631,0.499134198484622,0.458257569495584,0.419428268424421,"violation"
432,50,0.651367732692534,0.273231267358911,0.498397431775085,0.346987031457949,0.345163318287352,"violation at burn-in"
433,50,0.750595774190046,0.215189838766401,0.496386945839634,0.3,0.246922612299485,"violation at burn-in"
434,120,0.822175869644884,0.163938765878963,0.454529671443155,0.28855482821968,0.176054750694673,"violation"
435,110,0.693185068451867,0.282569993574608,0.495933879890395,0.385694607919935,0.303762071970991,"violation"
436,80,0.737623559941056,0.258890009309078,0.49228421668788,0.357071421427142,0.259765750860056,"violation"
437,50,0.769509749542373,0.215189838766401,0.493558507170123,0.3,0.228196834146377,"violation at burn-in"
438,90,0.598957323753301,0.341931705405178,0.498020774022555,0.415739709641549,0.397052234944366,"violation"
439,230,0.651995793474923,0.341497946134581,0.496281065556853,0.439108910363569,0.344541506814163,"violation"
440,70,0.648405158004966,0.330205853929444,0.499795876701026,0.4,0.348096414864249,"violation"
441,60,0.708471201052039,0.27535232566942,0.498887651569859,0.357071421427142,0.288628038931523,"violation"
442,150,0.482149239245732,0.510212618714882,0.483689523925788,0.489897948556636,0.513005080340344,"violation"
443,50,0.630595774190046,0.273231267358911,0.496386945839634,0.346987031457949,0.365728592349385,"violation at burn-in"
444,50,0.711829416675202,0.151186903364199,0.499599839871872,0.237486841740758,0.285303238112117,"violation at burn-in"
445,110,0.621498364286731,0.357872981786812,0.499917348540637,0.430356377401623,0.37473548151171,"violation"
446,120,0.616880410566595,0.367965230122211,0.499930550732355,0.43771819955563,0.379307485824592,"violation"
447,160,0.76564304599469,0.204905840160218,0.472857007984443,0.337673566481002,0.232025063350919,"violation"
448,50,0.711829416675202,0.273231267358911,0.499599839871872,0.346987031457949,0.285303238112117,"violation at burn-in"
449,50,0.651367732692534,0.215189838766401,0.498397431775085,0.3,0.345163318287352,"violation at burn-in"
450,50,0.671829416675202,0.244774223194942,0.499599839871872,0.324961536185438,0.324905231462084,"violation at burn-in"
451,60,0.554016555593003,0.441525415202121,0.486198404860494,0.450616861153192,0.441545834990028,"violation"
452,50,0.769509749542373,0.184167399628897,0.493558507170123,0.271293199325011,0.228196834146377,"violation at burn-in"
453,50,0.750595774190046,0.215189838766401,0.496386945839634,0.3,0.246922612299485,"violation at burn-in"
454,180,0.62522570712486,0.37014022773845,0.499505928733089,0.447903208238808,0.371045226354495,"violation"
455,50,0.750595774190046,0.215189838766401,0.496386945839634,0.3,0.246922612299485,"violation at burn-in"
456,160,0.513379387319361,0.480600449149862,0.491132301421928,0.484122918275927,0.481778656683385,"violation"
457,50,0.769509749542373,0.184167399628897,0.493558507170123,0.271293199325011,0.228196834146377,"violation at burn-in"
458,50,0.806371954071688,0.151186903364199,0.485386443980464,0.237486841740758,0.191701414680502,"violation at burn-in"
459,50,0.731367732692535,0.0737552580909872,0.498397431775084,0.14,0.265959331587418,"violation at burn-in"
460,50,0.588104219020765,0.273231267358911,0.489897948556636,0.346987031457949,0.407797349480475,"violation at burn-in"
461,90,0.64397167314877,0.259915863511152,0.5,0.362433476228891,0.352485785809055,"violation"
462,140,0.609116336241275,0.366825654553815,0.499948976988489,0.440952123830019,0.386994306319591,"violation"
463,60,0.641804534385373,0.297497785463679,0.498887651569859,0.372677996249965,0.354631361181468,"violation"
464,100,0.596347320927788,0.36845992388129,0.498397431775085,0.433012701892219,0.39963626780785,"violation"
465,80,0.761066825095282,0.225853732475939,0.487179381747627,0.330718913883074,0.236555750091577,"violation"
466,60,0.589739968709288,0.361292761030784,0.493006648591635,0.411973569810276,0.406177875773298,"violation"
467,50,0.588104219020765,0.379056549716098,0.489897948556636,0.41424630354416,0.407797349480475,"violation at burn-in"
468,100,0.523434469776334,0.447614569198622,0.487749935930288,0.466476151587624,0.471823623968525,"violation"
469,50,0.671829416675202,0.215189838766401,0.499599839871872,0.3,0.324905231462084,"violation at burn-in"
470,50,0.651367732692534,0.327514969702225,0.498397431775085,0.384187454245971,0.345163318287352,"violation at burn-in"
471,50,0.671829416675202,0.273231267358911,0.499599839871872,0.346987031457949,0.324905231462084,"violation at burn-in"
472,60,0.675528365121482,0.319171069673574,0.5,0.386939558874797,0.321243088167797,"violation"
473,50,0.750595774190046,0.215189838766401,0.496386945839634,0.3,0.246922612299485,"violation at burn-in"
474,90,0.67698471315288,0.231215249438691,0.498887651569859,0.339934634239519,0.319801231041431,"violation"
475,50,0.630595774190046,0.300764308116478,0.496386945839634,0.366606055596467,0.365728592349385,"violation at burn-in"
476,80,0.689547066438259,0.306526938550361,0.498591766879478,0.3903123748999,0.307363875259744,"violation"
477,90,0.67698471315288,0.30159576918222,0.498887651569859,0.391420332306856,0.319801231041431,"violation"
478,50,0.588104219020765,0.379056549716098,0.489897948556636,0.41424630354416,0.407797349480475,"violation at burn-in"
479,50,0.8418881232916,0.151186903364199,0.47370877129308,0.237486841740758,0.156538637248921,"violation at burn-in"
480,50,0.588104219020765,0.327514969702225,0.489897948556636,0.384187454245971,0.407797349480475,"violation at burn-in"
481,50,0.750595774190046,0.151186903364199,0.496386945839634,0.237486841740758,0.246922612299485,"violation at burn-in"
482,110,0.693185068451867,0.29357381933356,0.495933879890395,0.393017569476678,0.303762071970991,"violation"
483,50,0.588104219020765,0.379056549716098,0.489897948556636,0.41424630354416,0.407797349480475,"violation at burn-in"
484,50,0.630595774190046,0.300764308116478,0.496386945839634,0.366606055596467,0.365728592349385,"violation at burn-in"
485,50,0.788104219020765,0.184167399628897,0.489897948556636,0.271293199325011,0.209787382730642,"violation at burn-in"
486,90,0.782277544438227,0.170832756430458,0.478681316189734,0.28458329944146,0.215556080932394,"violation"
487,50,0.691983064610668,0.300764308116478,0.5,0.366606055596467,0.304952115674136,"violation at burn-in"
488,50,0.630595774190046,0.273231267358911,0.496386945839634,0.346987031457949,0.365728592349385,"violation at burn-in"
489,70,0.648405158004966,0.312299092420934,0.499795876701026,0.388875931109034,0.348096414864249,"violation"
490,50,0.499111042299165,0.475955385145597,0.466476151587624,0.458257569495584,0.495905029298505,"violation at burn-in"
491,160,0.652395363315702,0.330324336548474,0.498082259772419,0.42555111326373,0.344145912759729,"violation"
492,90,0.632825009086593,0.287865881036984,0.499876527964533,0.382325567424117,0.363521538710671,"violation"
493,60,0.740627782866692,0.205317019072889,0.495535624910617,0.3,0.256791420451985,"violation"
494,50,0.671829416675202,0.273231267358911,0.499599839871872,0.346987031457949,0.324905231462084,"violation at burn-in"
495,170,0.720624021606758,0.271068273587575,0.48596210711348,0.390899946490262,0.27659614096174,"violation"
496,70,0.633919945333615,0.347852800864941,0.499183005990176,0.410325903324145,0.362437497261341,"violation"
497,110,0.556494536021378,0.419706833929503,0.494682467651374,0.458257569495584,0.439092510878883,"violation"
498,50,0.671829416675202,0.300764308116478,0.499599839871872,0.366606055596467,0.324905231462084,"violation at burn-in"
499,100,0.656676265485297,0.32142791551116,0.499599839871872,0.407308237088326,0.339907606278426,"violation"
500,50,0.671829416675202,0.300764308116478,0.499599839871872,0.366606055596467,0.324905231462084,"violation at burn-in"
501,60,0.740627782866692,0.252669674525797,0.495535624910617,0.339934634239519,0.256791420451985,"violation"
502,50,0.788104219020765,0.151186903364199,0.489897948556636,0.237486841740758,0.209787382730642,"violation at burn-in"
503,50,0.651367732692534,0.300764308116478,0.498397431775085,0.366606055596467,0.345163318287352,"violation at burn-in"
504,50,0.630595774190046,0.327514969702225,0.496386945839634,0.384187454245971,0.365728592349385,"violation at burn-in"
505,50,0.671829416675202,0.300764308116478,0.499599839871872,0.366606055596467,0.324905231462084,"violation at burn-in"
506,50,0.671829416675202,0.244774223194942,0.499599839871872,0.324961536185438,0.324905231462084,"violation at burn-in"
507,50,0.671829416675202,0.300764308116478,0.499599839871872,0.366606055596467,0.324905231462084,"violation at burn-in"
508,60,0.624648518151739,0.27535232566942,0.49749371855331,0.357071421427142,0.371616672201375,"violation"
509,90,0.67698471315288,0.30159576918222,0.498887651569859,0.391420332306856,0.319801231041431,"violation"
510,60,0.675528365121482,0.297497785463679,0.5,0.372677996249965,0.321243088167797,"violation"
511,70,0.619301188324533,0.347852800864941,0.498159879261791,0.410325903324145,0.376910795207802,"violation"
512,50,0.731367732692535,0.215189838766401,0.498397431775084,0.3,0.265959331587418,"violation at burn-in"
513,50,0.651367732692534,0.300764308116478,0.498397431775085,0.366606055596467,0.345163318287352,"violation at burn-in"
514,70,0.528712913865883,0.465399622547317,0.483186700722508,0.464230765979198,0.466597701275212,"violation"
515,50,0.499111042299165,0.428420692808471,0.466476151587624,0.438634243989226,0.495905029298505,"violation at burn-in"
516,50,0.691983064610668,0.215189838766401,0.5,0.3,0.304952115674136,"violation at burn-in"
517,50,0.671829416675202,0.244774223194942,0.499599839871872,0.324961536185438,0.324905231462084,"violation at burn-in"
518,50,0.609509749542373,0.353586451688535,0.493558507170123,0.4,0.386604807546244,"violation at burn-in"
519,50,0.630595774190046,0.244774223194942,0.496386945839634,0.324961536185438,0.365728592349385,"violation at burn-in"
520,100,0.575797309323423,0.414136354261087,0.496386945839634,0.453762052181537,0.419981803380294,"violation"
521,50,0.651367732692534,0.300764308116478,0.498397431775085,0.366606055596467,0.345163318287352,"violation at burn-in"
522,130,0.635817625868531,0.349960667684524,0.499763257562486,0.430769230769231,0.360558698963238,"violation"
523,160,0.682829728127453,0.265278147085386,0.49434299833213,0.385225177655874,0.314014374937593,"violation"
524,50,0.566371954071688,0.403985456313031,0.485386443980464,0.427083130081252,0.429313374780302,"violation at burn-in"
525,50,0.671829416675202,0.273231267358911,0.499599839871872,0.346987031457949,0.324905231462084,"violation at burn-in"
526,50,0.731367732692535,0.244774223194942,0.498397431775084,0.324961536185438,0.265959331587418,"violation at burn-in"
527,140,0.679591752063808,0.309703768408823,0.495850125480246,0.410325903324145,0.317220132601089,"violation"
528,190,0.626665765639229,0.369082529114416,0.499306998973955,0.448481587216267,0.369619496661754,"violation"
529,50,0.671829416675202,0.300764308116478,0.499599839871872,0.366606055596467,0.324905231462084,"violation at burn-in"
530,50,0.609509749542373,0.379056549716098,0.493558507170123,0.41424630354416,0.386604807546244,"violation at burn-in"
531,110,0.719342954453052,0.271472044100349,0.491666083017817,0.378011325205305,0.277864461284289,"violation"
532,50,0.651367732692534,0.215189838766401,0.498397431775085,0.3,0.345163318287352,"violation at burn-in"
533,50,0.711829416675202,0.273231267358911,0.499599839871872,0.346987031457949,0.285303238112117,"violation at burn-in"
534,80,0.614547066438259,0.352342992938813,0.498591766879478,0.417582327212252,0.381617612790931,"violation"
535,90,0.666051630837089,0.273976815998344,0.499505928733089,0.372677996249965,0.330625527370546,"violation"
536,50,0.769509749542373,0.215189838766401,0.493558507170123,0.3,0.228196834146377,"violation at burn-in"
537,70,0.746062233544131,0.197654390447083,0.492598275701905,0.3,0.251411043462268,"violation"
538,100,0.676347320927788,0.309428590305672,0.498397431775084,0.4,0.320432281107917,"violation"
539,50,0.544303742026242,0.244774223194942,0.48,0.324961536185438,0.451162004447038,"violation at burn-in"
540,130,0.6050483950993,0.37611993593223,0.499763257562486,0.443560099795031,0.391021770770905,"violation"
541,90,0.68784621264219,0.287865881036984,0.498020774022555,0.382325567424117,0.309047805277773,"violation"
542,90,0.841620332584921,0.1548952177705,0.453246178986025,0.267821573182088,0.156803763393547,"violation"
543,160,0.66462130867567,0.316086126365795,0.49682586235018,0.417582327212252,0.332041617588666,"violation"
544,190,0.574034186691861,0.403520903344194,0.499306998973955,0.462709112717363,0.421727382648552,"violation"
545,90,0.741062854651698,0.216535844765974,0.489897948556636,0.327542288288526,0.256360677703571,"violation"
546,50,0.671829416675202,0.273231267358911,0.499599839871872,0.346987031457949,0.324905231462084,"violation at burn-in"
547,200,0.686472134841287,0.289892709101546,0.491833305094317,0.407308237088326,0.310408210776115,"violation"
548,50,0.750595774190046,0.244774223194942,0.496386945839634,0.324961536185438,0.246922612299485,"violation at burn-in"
549,50,0.8418881232916,0.151186903364199,0.47370877129308,0.237486841740758,0.156538637248921,"violation at burn-in"
550,120,0.682709284202861,0.300184910657291,0.496585563847986,0.4,0.314133620425112,"violation"
551,50,0.671829416675202,0.300764308116478,0.499599839871872,0.366606055596467,0.324905231462084,"violation at burn-in"
552,100,0.789593207645085,0.195597712558458,0.47370877129308,0.31288975694324,0.208313209790679,"violation"
553,80,0.614547066438259,0.337249177520824,0.498591766879478,0.409076704298839,0.381617612790931,"violation"
554,90,0.730567188148835,0.186383003889262,0.492035329455212,0.3,0.266751910579817,"violation"
555,60,0.817443388450009,0.15423560052602,0.476969600708473,0.249443825784929,0.18074014291488,"violation"
556,50,0.651367732692534,0.244774223194942,0.498397431775085,0.324961536185438,0.345163318287352,"violation at burn-in"
557,90,0.698635754664458,0.287865881036984,0.496903994999953,0.382325567424117,0.298365620992396,"violation"
558,50,0.671829416675202,0.215189838766401,0.499599839871872,0.3,0.324905231462084,"violation at burn-in"
559,50,0.630595774190046,0.273231267358911,0.496386945839634,0.346987031457949,0.365728592349385,"violation at burn-in"
560,70,0.73251653889192,0.256763537018035,0.494871659305394,0.349927106111883,0.264821956200706,"violation"
561,90,0.621607186392644,0.368190206578056,0.499505928733089,0.429757324573638,0.374627742203843,"violation"
562,50,0.788104219020765,0.184167399628897,0.489897948556636,0.271293199325011,0.209787382730642,"violation at burn-in"
563,50,0.711829416675202,0.244774223194942,0.499599839871872,0.324961536185438,0.285303238112117,"violation at burn-in"
564,120,0.608494879463787,0.386834982493173,0.499722145018832,0.446514277487294,0.387609579498826,"violation"
565,50,0.588104219020765,0.403985456313031,0.489897948556636,0.427083130081252,0.407797349480475,"violation at burn-in"
566,50,0.630595774190046,0.273231267358911,0.496386945839634,0.346987031457949,0.365728592349385,"violation at burn-in"
567,170,0.564415274083313,0.42900622668775,0.498301613754056,0.469999631892663,0.431250585477493,"violation"
568,120,0.822175869644884,0.152557449646982,0.454529671443155,0.276385399196283,0.176054750694673,"violation"
569,90,0.666051630837089,0.328619944003859,0.499505928733089,0.408097059382377,0.330625527370546,"violation"
570,50,0.609509749542373,0.353586451688535,0.493558507170123,0.4,0.386604807546244,"violation at burn-in"
571,90,0.751482922741524,0.170832756430458,0.487498021521785,0.28458329944146,0.246044291023583,"violation"
572,180,0.591968795331582,0.400544949594146,0.499876527964533,0.460642331993806,0.40397122634644,"violation"
573,90,0.761826269781543,0.186383003889262,0.484831649539365,0.3,0.235803862006202,"violation"
574,90,0.812341643347234,0.13849235657644,0.46732757432918,0.249443825784929,0.185791124805713,"violation"
575,60,0.692097488926978,0.27535232566942,0.499722145018832,0.357071421427142,0.304838829898797,"violation"
576,50,0.630595774190046,0.300764308116478,0.496386945839634,0.366606055596467,0.365728592349385,"violation at burn-in"
577,70,0.604548061776339,0.347852800864941,0.496723961448963,0.410325903324145,0.391517125694122,"violation"
578,60,0.708471201052039,0.252669674525797,0.498887651569859,0.339934634239519,0.288628038931523,"violation"
579,50,0.499111042299165,0.379056549716098,0.466476151587624,0.41424630354416,0.495905029298505,"violation at burn-in"
580,160,0.627736962534081,0.337401584332051,0.499648313816829,0.42934361238989,0.368558958354093,"violation"
581,200,0.562833439567427,0.422231299197914,0.498773495687171,0.47021271782035,0.432816680476964,"violation"
582,50,0.875955385145597,0.0271505053718357,0.458257569495584,0.0707106781186548,0.122810350314081,"violation at burn-in"
583,50,0.630595774190046,0.353586451688535,0.496386945839634,0.4,0.365728592349385,"violation at burn-in"
584,50,0.750595774190046,0.215189838766401,0.496386945839634,0.3,0.246922612299485,"violation at burn-in"
585,90,0.64397167314877,0.328619944003859,0.5,0.408097059382377,0.352485785809055,"violation"
586,60,0.692097488926978,0.27535232566942,0.499722145018832,0.357071421427142,0.304838829898797,"violation"
587,50,0.731367732692535,0.244774223194942,0.498397431775084,0.324961536185438,0.265959331587418,"violation at burn-in"
588,90,0.621607186392644,0.328619944003859,0.499505928733089,0.408097059382377,0.374627742203843,"violation"
589,150,0.638991856617352,0.35117757042674,0.499288382489407,0.434920171474669,0.357416052338086,"violation"
590,90,0.666051630837089,0.259915863511152,0.499505928733089,0.362433476228891,0.330625527370546,"violation"
591,90,0.841620332584921,0.121512268387698,0.453246178986025,0.229061423645426,0.156803763393547,"violation"
592,50,0.671829416675202,0.215189838766401,0.499599839871872,0.3,0.324905231462084,"violation at burn-in"
593,90,0.666051630837089,0.328619944003859,0.499505928733089,0.408097059382377,0.330625527370546,"violation"
594,50,0.651367732692534,0.215189838766401,0.498397431775085,0.3,0.345163318287352,"violation at burn-in"
595,50,0.544303742026242,0.327514969702225,0.48,0.384187454245971,0.451162004447038,"violation at burn-in"
596,50,0.691983064610668,0.273231267358911,0.5,0.346987031457949,0.304952115674136,"violation at burn-in"
597,160,0.652395363315702,0.323219443359222,0.498082259772419,0.421631874388073,0.344145912759729,"violation"
598,180,0.558252785613145,0.418590184999143,0.498020774022555,0.46732757432918,0.437351756162864,"violation"
599,50,0.769509749542373,0.151186903364199,0.493558507170123,0.237486841740758,0.228196834146377,"violation at burn-in"
600,50,0.711829416675202,0.151186903364199,0.499599839871872,0.237486841740758,0.285303238112117,"violation at burn-in"
601,60,0.607294449533359,0.340422692097186,0.495535624910617,0.4,0.388798064951874,"violation"
602,50,0.691983064610668,0.215189838766401,0.5,0.3,0.304952115674136,"violation at burn-in"
603,50,0.609509749542373,0.244774223194942,0.493558507170123,0.324961536185438,0.386604807546244,"violation at burn-in"
604,90,0.621607186392644,0.341931705405178,0.499505928733089,0.415739709641549,0.374627742203843,"violation"
605,90,0.68784621264219,0.287865881036984,0.498020774022555,0.382325567424117,0.309047805277773,"violation"
606,70,0.676976586576394,0.312299092420934,0.499795876701026,0.388875931109034,0.319809276757129,"violation"
607,80,0.664928855027849,0.306526938550361,0.499843725578305,0.3903123748999,0.331737131373821,"violation"
608,90,0.730567188148835,0.259915863511152,0.492035329455212,0.362433476228891,0.266751910579817,"violation"
609,70,0.648405158004966,0.330205853929444,0.499795876701026,0.4,0.348096414864249,"violation"
610,50,0.609509749542373,0.273231267358911,0.493558507170123,0.346987031457949,0.386604807546244,"violation at burn-in"
611,50,0.731367732692535,0.115241687608306,0.498397431775084,0.195959179422654,0.265959331587418,"violation at burn-in"
612,90,0.730567188148835,0.24566799733709,0.492035329455212,0.351539822656808,0.266751910579817,"violation"
613,50,0.769509749542373,0.184167399628897,0.493558507170123,0.271293199325011,0.228196834146377,"violation at burn-in"
614,50,0.691983064610668,0.184167399628897,0.5,0.271293199325011,0.304952115674136,"violation at burn-in"
615,70,0.633919945333615,0.347852800864941,0.499183005990176,0.410325903324145,0.362437497261341,"violation"
616,50,0.544303742026242,0.353586451688535,0.48,0.4,0.451162004447038,"violation at burn-in"
617,90,0.68784621264219,0.287865881036984,0.498020774022555,0.382325567424117,0.309047805277773,"violation"
618,130,0.635817625868531,0.358723261965674,0.499763257562486,0.43521062030202,0.360558698963238,"violation"
619,50,0.609509749542373,0.379056549716098,0.493558507170123,0.41424630354416,0.386604807546244,"violation at burn-in"
620,100,0.734022104760484,0.234925754266984,0.489897948556636,0.346987031457949,0.263331370962837,"violation"
621,50,0.750595774190046,0.244774223194942,0.496386945839634,0.324961536185438,0.246922612299485,"violation at burn-in"
622,50,0.671829416675202,0.244774223194942,0.499599839871872,0.324961536185438,0.324905231462084,"violation at burn-in"
623,80,0.689547066438259,0.290872116869043,0.498591766879478,0.379967103839267,0.307363875259744,"violation"
624,110,0.584615484223076,0.399337971225762,0.497929597731969,0.449885201151223,0.411251370786923,"violation"
625,90,0.719996904678904,0.24566799733709,0.493913572686508,0.351539822656808,0.277217017971903,"violation"
626,90,0.576019519379739,0.328619944003859,0.495535624910617,0.408097059382377,0.419761804350982,"violation"
627,160,0.694880651543539,0.294506961312782,0.49228421668788,0.404612082740988,0.302083360212974,"violation"
628,120,0.666462217100438,0.310050179232258,0.498260864295892,0.406116431033707,0.330219026508778,"violation"
629,50,0.630595774190046,0.327514969702225,0.496386945839634,0.384187454245971,0.365728592349385,"violation at burn-in"
630,60,0.692097488926978,0.297497785463679,0.499722145018832,0.372677996249965,0.304838829898797,"violation"
631,150,0.544814263287873,0.424943403796615,0.495535624910617,0.466476151587624,0.450656562956834,"violation"
632,50,0.691983064610668,0.244774223194942,0.5,0.324961536185438,0.304952115674136,"violation at burn-in"
633,220,0.781747337478957,0.200710714603158,0.460214646291442,0.343174292512307,0.216081012244272,"violation"
634,70,0.648405158004966,0.347852800864941,0.499795876701026,0.410325903324145,0.348096414864249,"violation"
635,80,0.627285796474485,0.367273098333021,0.499374608885954,0.42555111326373,0.36900563523639,"violation"
636,70,0.73251653889192,0.21785078762003,0.494871659305394,0.318157963590287,0.264821956200706,"violation"
637,90,0.598957323753301,0.287865881036984,0.498020774022555,0.382325567424117,0.397052234944366,"violation"
638,90,0.576019519379739,0.381148677867296,0.495535624910617,0.436173031697567,0.419761804350982,"violation"
639,100,0.695797309323424,0.285102728828154,0.496386945839634,0.384187454245971,0.301175823330394,"violation"
640,50,0.750595774190046,0.151186903364199,0.496386945839634,0.237486841740758,0.246922612299485,"violation at burn-in"
641,60,0.571981971973028,0.421909793912657,0.489897948556636,0.442216638714053,0.42375917748975,"violation"
642,100,0.575797309323423,0.391454643997412,0.496386945839634,0.443959457608462,0.419981803380294,"violation"
643,80,0.601712213282046,0.367273098333021,0.49749371855331,0.42555111326373,0.394324757024435,"violation"
644,60,0.607294449533359,0.381813684759484,0.495535624910617,0.422952584681651,0.388798064951874,"violation"
645,160,0.670708260330186,0.308923550275155,0.496078370824611,0.413398642353842,0.326015232115074,"violation"
646,100,0.666539301561241,0.285102728828154,0.499099188538711,0.384187454245971,0.330142709051175,"violation"
647,140,0.70710552525275,0.276144317893911,0.491301893971933,0.388875931109034,0.289980126029565,"violation"
648,80,0.689547066438259,0.290872116869043,0.498591766879478,0.379967103839267,0.307363875259744,"violation"
649,50,0.609509749542373,0.327514969702225,0.493558507170123,0.384187454245971,0.386604807546244,"violation at burn-in"
650,160,0.658516986379319,0.337401584332051,0.49749371855331,0.42934361238989,0.33808520086332,"violation"
651,70,0.604548061776339,0.382440896892092,0.496723961448963,0.428809457708675,0.391517125694122,"violation"
652,60,0.724648518151739,0.252669674525797,0.49749371855331,0.339934634239519,0.272611688826458,"violation"
653,120,0.557446314106271,0.423998073368152,0.495535624910617,0.46180503341658,0.438150203144168,"violation"
654,50,0.691983064610668,0.273231267358911,0.5,0.346987031457949,0.304952115674136,"violation at burn-in"
655,50,0.671829416675202,0.300764308116478,0.499599839871872,0.366606055596467,0.324905231462084,"violation at burn-in"
656,90,0.666051630837089,0.259915863511152,0.499505928733089,0.362433476228891,0.330625527370546,"violation"
657,90,0.68784621264219,0.273976815998344,0.498020774022555,0.372677996249965,0.309047805277773,"violation"
658,110,0.547032142142442,0.439851190017112,0.49326036240911,0.4657704893618,0.448460752365593,"violation"
659,90,0.666051630837089,0.328619944003859,0.499505928733089,0.408097059382377,0.330625527370546,"violation"
660,50,0.806371954071688,0.151186903364199,0.485386443980464,0.237486841740758,0.191701414680502,"violation at burn-in"
661,50,0.630595774190046,0.300764308116478,0.496386945839634,0.366606055596467,0.365728592349385,"violation at burn-in"
662,150,0.729197662977368,0.250508246377579,0.485386443980464,0.372677996249965,0.268107808748143,"violation"
663,50,0.566371954071688,0.300764308116478,0.485386443980464,0.366606055596467,0.429313374780302,"violation at burn-in"
664,130,0.526111246234483,0.460798441644192,0.49140542319029,0.475742956802038,0.469173481881151,"violation"
665,90,0.64397167314877,0.328619944003859,0.5,0.408097059382377,0.352485785809055,"violation"
666,90,0.64397167314877,0.30159576918222,0.5,0.391420332306856,0.352485785809055,"violation"
667,140,0.774101301694363,0.215356453272305,0.472239562173303,0.342484916992481,0.223650968701649,"violation"
668,150,0.652124752264305,0.328485215653583,0.498397431775084,0.422952584681651,0.344413831186176,"violation"
669,160,0.849901584332051,0.132452855792843,0.42934361238989,0.263391343821318,0.148604911478066,"violation"
670,90,0.751482922741524,0.24566799733709,0.487498021521785,0.351539822656808,0.246044291023583,"violation"
671,50,0.671829416675202,0.273231267358911,0.499599839871872,0.346987031457949,0.324905231462084,"violation at burn-in"
672,100,0.676347320927788,0.309428590305672,0.498397431775084,0.4,0.320432281107917,"violation"
673,80,0.839747031025028,0.15532198646983,0.458257569495584,0.263391343821318,0.158658425291482,"violation"
674,60,0.675528365121482,0.252669674525797,0.5,0.339934634239519,0.321243088167797,"violation"
675,70,0.836828193975889,0.155261407626461,0.464230765979198,0.257539376818856,0.161548219426723,"violation"
676,50,0.769509749542373,0.215189838766401,0.493558507170123,0.3,0.228196834146377,"violation at burn-in"
677,90,0.68784621264219,0.30159576918222,0.498020774022555,0.391420332306856,0.309047805277773,"violation"
678,160,0.577600451489387,0.344451913101441,0.499022481958478,0.433012701892219,0.418196602778656,"violation"
679,50,0.691983064610668,0.300764308116478,0.5,0.366606055596467,0.304952115674136,"violation at burn-in"
680,50,0.630595774190046,0.327514969702225,0.496386945839634,0.384187454245971,0.365728592349385,"violation at burn-in"
681,110,0.719342954453052,0.271472044100349,0.491666083017817,0.378011325205305,0.277864461284289,"violation"
682,50,0.475955385145597,0.475955385145597,0.458257569495584,0.458257569495584,0.51926118370908,"violation at burn-in"
683,150,0.537935530707991,0.453732068509085,0.494592986426438,0.475908487935327,0.457466851003951,"violation"
684,50,0.750595774190046,0.184167399628897,0.496386945839634,0.271293199325011,0.246922612299485,"violation at burn-in"
685,90,0.598957323753301,0.315177338519016,0.498020774022555,0.4,0.397052234944366,"violation"
686,160,0.718767147426761,0.235450336862397,0.487179381747627,0.363092188706945,0.27843453893494,"violation"
687,50,0.691983064610668,0.244774223194942,0.5,0.324961536185438,0.304952115674136,"violation at burn-in"
688,90,0.709352852713072,0.24566799733709,0.495535624910617,0.351539822656808,0.287755159851093,"violation"
689,140,0.672652098586823,0.317981995912938,0.496723961448963,0.415208332266675,0.324090735372255,"violation"
690,50,0.499111042299165,0.327514969702225,0.466476151587624,0.384187454245971,0.495905029298505,"violation at burn-in"
691,100,0.807614569198622,0.182071442729254,0.466476151587624,0.3,0.190471163780666,"violation"
692,80,0.588780598713908,0.382048532339947,0.496078370824611,0.433012701892219,0.407127699877728,"violation"
693,60,0.724648518151739,0.252669674525797,0.49749371855331,0.339934634239519,0.272611688826458,"violation"
694,90,0.64397167314877,0.30159576918222,0.5,0.391420332306856,0.352485785809055,"violation"
695,50,0.609509749542373,0.379056549716098,0.493558507170123,0.41424630354416,0.386604807546244,"violation at burn-in"
696,50,0.609509749542373,0.151186903364199,0.493558507170123,0.237486841740758,0.386604807546244,"violation at burn-in"
697,80,0.749395860261292,0.242518024262063,0.489897948556636,0.344374432848898,0.248110586885161,"violation"
698,50,0.671829416675202,0.244774223194942,0.499599839871872,0.324961536185438,0.324905231462084,"violation at burn-in"
699,50,0.731367732692535,0.244774223194942,0.498397431775084,0.324961536185438,0.265959331587418,"violation at burn-in"
700,90,0.64397167314877,0.273976815998344,0.5,0.372677996249965,0.352485785809055,"violation"
701,90,0.751482922741524,0.231215249438691,0.487498021521785,0.339934634239519,0.246044291023583,"violation"
702,50,0.711829416675202,0.184167399628897,0.499599839871872,0.271293199325011,0.285303238112117,"violation at burn-in"
703,70,0.798829896672131,0.197654390447083,0.479157423749955,0.3,0.19916842735506,"violation"
704,180,0.636209322847457,0.345499117185241,0.498887651569859,0.436173031697567,0.360170899434372,"violation"
705,130,0.643438582757441,0.349960667684524,0.499467171715321,0.430769230769231,0.353013571862363,"violation"
706,50,0.691983064610668,0.244774223194942,0.5,0.324961536185438,0.304952115674136,"violation at burn-in"
707,100,0.666539301561241,0.309428590305672,0.499099188538711,0.4,0.330142709051175,"violation"
708,50,0.671829416675202,0.215189838766401,0.499599839871872,0.3,0.324905231462084,"violation at burn-in"
709,50,0.711829416675202,0.151186903364199,0.499599839871872,0.237486841740758,0.285303238112117,"violation at burn-in"
710,140,0.609116336241275,0.374839269521228,0.499948976988489,0.444696640464954,0.386994306319591,"violation"
711,50,0.566371954071688,0.300764308116478,0.485386443980464,0.366606055596467,0.429313374780302,"violation at burn-in"
712,50,0.609509749542373,0.327514969702225,0.493558507170123,0.384187454245971,0.386604807546244,"violation at burn-in"
713,80,0.627285796474485,0.367273098333021,0.499374608885954,0.42555111326373,0.36900563523639,"violation"
714,70,0.57463366211556,0.347852800864941,0.492598275701905,0.410325903324145,0.421133872104983,"violation"
715,70,0.798829896672131,0.197654390447083,0.479157423749955,0.3,0.19916842735506,"violation"
716,50,0.769509749542373,0.215189838766401,0.493558507170123,0.3,0.228196834146377,"violation at burn-in"
717,50,0.711829416675202,0.244774223194942,0.499599839871872,0.324961536185438,0.285303238112117,"violation at burn-in"
718,110,0.727971988405613,0.237550495023437,0.489897948556636,0.352558535084824,0.269321287654139,"violation"
719,60,0.787349888926337,0.205317019072889,0.486198404860494,0.3,0.210534207115222,"violation"
720,50,0.750595774190046,0.115241687608306,0.496386945839634,0.195959179422654,0.246922612299485,"violation at burn-in"
721,60,0.756406635375955,0.229363836023723,0.493006648591635,0.321022671404304,0.241169570148436,"violation"
722,50,0.671829416675202,0.300764308116478,0.499599839871872,0.366606055596467,0.324905231462084,"violation at burn-in"
723,50,0.630595774190046,0.300764308116478,0.496386945839634,0.366606055596467,0.365728592349385,"violation at burn-in"
724,60,0.571981971973028,0.402012023279954,0.489897948556636,0.433012701892219,0.42375917748975,"violation"
725,90,0.698635754664458,0.273976815998344,0.496903994999953,0.372677996249965,0.298365620992396,"violation"
726,90,0.431952218026736,0.456786087791679,0.458257569495584,0.46732757432918,0.563706590009718,"violation"
727,160,0.682829728127453,0.235450336862397,0.49434299833213,0.363092188706945,0.314014374937593,"violation"
728,90,0.64397167314877,0.30159576918222,0.5,0.391420332306856,0.352485785809055,"violation"
729,60,0.708471201052039,0.252669674525797,0.498887651569859,0.339934634239519,0.288628038931523,"violation"
730,200,0.647582413801287,0.323771515444113,0.49749371855331,0.427083130081252,0.348910972626319,"violation"
731,50,0.671829416675202,0.215189838766401,0.499599839871872,0.3,0.324905231462084,"violation at burn-in"
732,160,0.700879387319361,0.265278147085386,0.491132301421928,0.385225177655874,0.296144312855416,"violation"
733,190,0.713547039697731,0.280391403582772,0.486408056865769,0.4,0.283602705724218,"violation"
734,180,0.748356252127379,0.223631960404192,0.476969600708473,0.357071421427142,0.249139850745306,"violation"
735,50,0.5218881232916,0.379056549716098,0.47370877129308,0.41424630354416,0.473354584048655,"violation at burn-in"
736,90,0.67698471315288,0.315177338519016,0.498887651569859,0.4,0.319801231041431,"violation"
737,50,0.731367732692535,0.244774223194942,0.498397431775084,0.324961536185438,0.265959331587418,"violation at burn-in"
738,70,0.746062233544131,0.237529310191456,0.492598275701905,0.334724986110285,0.251411043462268,"violation"
739,90,0.761826269781543,0.231215249438691,0.484831649539365,0.339934634239519,0.235803862006202,"violation"
740,50,0.788104219020765,0.184167399628897,0.489897948556636,0.271293199325011,0.209787382730642,"violation at burn-in"
741,50,0.671829416675202,0.273231267358911,0.499599839871872,0.346987031457949,0.324905231462084,"violation at burn-in"
742,100,0.565438604029369,0.402833287972444,0.495075751779463,0.448998886412873,0.43023743783453,"violation"
743,90,0.772091622260911,0.201602974562017,0.481894409826699,0.314269680527354,0.225640651490627,"violation"
744,80,0.664928855027849,0.321981209108101,0.499843725578305,0.4,0.331737131373821,"violation"
745,80,0.664928855027849,0.306526938550361,0.499843725578305,0.3903123748999,0.331737131373821,"violation"
746,100,0.596347320927788,0.379997817448839,0.498397431775085,0.438634243989226,0.39963626780785,"violation"
747,50,0.806371954071688,0.115241687608306,0.485386443980464,0.195959179422654,0.191701414680502,"violation at burn-in"
748,100,0.715023529182497,0.260292959653611,0.493558507170123,0.366606055596467,0.282140907555294,"violation"
749,160,0.633927260002877,0.301730817381138,0.499374608885954,0.409076704298839,0.362430255374254,"violation"
750,70,0.589659396034777,0.382440896892092,0.494871659305393,0.428809457708675,0.406257646736302,"violation"
751,50,0.651367732692534,0.273231267358911,0.498397431775085,0.346987031457949,0.345163318287352,"violation at burn-in"
752,60,0.708471201052039,0.252669674525797,0.498887651569859,0.339934634239519,0.288628038931523,"violation"
753,60,0.692097488926978,0.27535232566942,0.499722145018832,0.357071421427142,0.304838829898797,"violation"
754,160,0.66462130867567,0.308923550275155,0.49682586235018,0.413398642353842,0.332041617588666,"violation"
755,200,0.647582413801287,0.346037243703982,0.49749371855331,0.438634243989226,0.348910972626319,"violation"
756,50,0.651367732692534,0.327514969702225,0.498397431775085,0.384187454245971,0.345163318287352,"violation at burn-in"
757,160,0.700879387319361,0.25788121737862,0.491132301421928,0.379967103839267,0.296144312855416,"violation"
758,60,0.675528365121482,0.319171069673574,0.5,0.386939558874797,0.321243088167797,"violation"
759,50,0.691983064610668,0.273231267358911,0.5,0.346987031457949,0.304952115674136,"violation at burn-in"
760,50,0.609509749542373,0.300764308116478,0.493558507170123,0.366606055596467,0.386604807546244,"violation at burn-in"
761,80,0.931526938550361,0.0463810219316259,0.3903123748999,0.111102430216445,0.0677917431045117,"violation"
762,60,0.756406635375955,0.229363836023723,0.493006648591635,0.321022671404304,0.241169570148436,"violation"
763,50,0.824303742026242,0.151186903364199,0.48,0.237486841740758,0.17394805099727,"violation at burn-in"
764,90,0.587524643553347,0.394000005406442,0.496903994999953,0.442216638714053,0.408371158075637,"violation"
765,50,0.671829416675202,0.244774223194942,0.499599839871872,0.324961536185438,0.324905231462084,"violation at burn-in"
766,90,0.730567188148835,0.24566799733709,0.492035329455212,0.351539822656808,0.266751910579817,"violation"
767,50,0.731367732692535,0.184167399628897,0.498397431775084,0.271293199325011,0.265959331587418,"violation at burn-in"
768,90,0.68784621264219,0.273976815998344,0.498020774022555,0.372677996249965,0.309047805277773,"violation"
769,180,0.62522570712486,0.357856484943714,0.499505928733089,0.442216638714053,0.371045226354495,"violation"
770,80,0.737623559941056,0.258890009309078,0.49228421668788,0.357071421427142,0.259765750860056,"violation"
771,130,0.747065400540732,0.250225624607774,0.482596527426404,0.36802688350479,0.250417858144061,"violation"
772,50,0.711829416675202,0.215189838766401,0.499599839871872,0.3,0.285303238112117,"violation at burn-in"
773,60,0.589739968709288,0.402012023279954,0.493006648591635,0.433012701892219,0.406177875773298,"violation"
774,50,0.651367732692534,0.151186903364199,0.498397431775085,0.237486841740758,0.345163318287352,"violation at burn-in"
775,50,0.806371954071688,0.115241687608306,0.485386443980464,0.195959179422654,0.191701414680502,"violation at burn-in"
776,90,0.68784621264219,0.30159576918222,0.498020774022555,0.391420332306856,0.309047805277773,"violation"
777,50,0.609509749542373,0.353586451688535,0.493558507170123,0.4,0.386604807546244,"violation at burn-in"
778,50,0.609509749542373,0.300764308116478,0.493558507170123,0.366606055596467,0.386604807546244,"violation at burn-in"
779,50,0.588104219020765,0.403985456313031,0.489897948556636,0.427083130081252,0.407797349480475,"violation at burn-in"
780,110,0.710668505778805,0.248969487772794,0.49326036240911,0.36147082458311,0.286452597752092,"violation"
781,130,0.620490060705251,0.349960667684524,0.5,0.430769230769231,0.375733752304923,"violation"
782,60,0.692097488926978,0.297497785463679,0.499722145018832,0.372677996249965,0.304838829898797,"violation"
783,90,0.610318046486213,0.368190206578056,0.498887651569859,0.429757324573638,0.385804553291376,"violation"
784,160,0.712822776897174,0.25788121737862,0.488580533279827,0.379967103839267,0.284319761989501,"violation"
785,50,0.711829416675202,0.184167399628897,0.499599839871872,0.271293199325011,0.285303238112117,"violation at burn-in"
786,60,0.692097488926978,0.252669674525797,0.499722145018832,0.339934634239519,0.304838829898797,"violation"
787,50,0.609509749542373,0.327514969702225,0.493558507170123,0.384187454245971,0.386604807546244,"violation at burn-in"
788,50,0.630595774190046,0.273231267358911,0.496386945839634,0.346987031457949,0.365728592349385,"violation at burn-in"
789,50,0.5218881232916,0.403985456313031,0.47370877129308,0.427083130081252,0.473354584048655,"violation at burn-in"
790,130,0.703367551391566,0.268881956963752,0.49278822701683,0.381603592455768,0.293680906429389,"violation"
791,70,0.619301188324533,0.365259101564499,0.498159879261791,0.419912527334259,0.376910795207802,"violation"
792,130,0.558035529346586,0.410430964734327,0.496198566857543,0.458257569495584,0.437566850693452,"violation"
793,70,0.836828193975889,0.155261407626461,0.464230765979198,0.257539376818856,0.161548219426723,"violation"
794,90,0.730567188148835,0.216535844765974,0.492035329455212,0.327542288288526,0.266751910579817,"violation"
795,50,0.711829416675202,0.244774223194942,0.499599839871872,0.324961536185438,0.285303238112117,"violation at burn-in"
796,170,0.546392324702452,0.441640769713928,0.496527735768651,0.474104510108468,0.449094203515684,"violation"
797,50,0.711829416675202,0.244774223194942,0.499599839871872,0.324961536185438,0.285303238112117,"violation at burn-in"
798,90,0.719996904678904,0.259915863511152,0.493913572686508,0.362433476228891,0.277217017971903,"violation"
799,70,0.705015474038818,0.275609157859896,0.498159879261791,0.363935405795914,0.292049380886445,"violation"
800,50,0.566371954071688,0.403985456313031,0.485386443980464,0.427083130081252,0.429313374780302,"violation at burn-in"
801,160,0.590236962534081,0.393102383602447,0.499648313816829,0.455478800275051,0.405685827119687,"violation"
802,50,0.609509749542373,0.353586451688535,0.493558507170123,0.4,0.386604807546244,"violation at burn-in"
803,70,0.57463366211556,0.399411897850767,0.492598275701905,0.43705881545081,0.421133872104983,"violation"
804,50,0.711829416675202,0.184167399628897,0.499599839871872,0.271293199325011,0.285303238112117,"violation at burn-in"
805,180,0.597543447421055,0.382353116776586,0.499969134849812,0.453246178986025,0.398452042972048,"violation"
806,80,0.575751391626693,0.382048532339947,0.49434299833213,0.433012701892219,0.420027264188308,"violation"
807,70,0.772734380832565,0.21785078762003,0.486763572497166,0.318157963590287,0.225004288473621,"violation"
808,90,0.576019519379739,0.381148677867296,0.495535624910617,0.436173031697567,0.419761804350982,"violation"
809,90,0.782277544438227,0.186383003889262,0.478681316189734,0.3,0.215556080932394,"violation"
810,150,0.722890893534303,0.266430868989355,0.486986196473325,0.384187454245971,0.274351824786743,"violation"
811,50,0.875955385145597,0.115241687608306,0.458257569495584,0.195959179422654,0.122810350314081,"violation at burn-in"
812,50,0.651367732692534,0.215189838766401,0.498397431775085,0.3,0.345163318287352,"violation at burn-in"
813,70,0.676976586576394,0.312299092420934,0.499795876701026,0.388875931109034,0.319809276757129,"violation"
814,90,0.772091622260911,0.216535844765974,0.481894409826699,0.327542288288526,0.225640651490627,"violation"
815,90,0.772091622260911,0.201602974562017,0.481894409826699,0.314269680527354,0.225640651490627,"violation"
816,50,0.630595774190046,0.273231267358911,0.496386945839634,0.346987031457949,0.365728592349385,"violation at burn-in"
817,120,0.600074501439397,0.386834982493173,0.499374608885954,0.446514277487294,0.395946173361978,"violation"
818,50,0.651367732692534,0.327514969702225,0.498397431775085,0.384187454245971,0.345163318287352,"violation at burn-in"
819,160,0.871423550275155,0.123942442895457,0.413398642353842,0.253028530999964,0.127297092674141,"violation"
820,130,0.761381422028166,0.231282576551747,0.478162162089848,0.353260384714001,0.236244283450478,"violation"
821,50,0.711829416675202,0.115241687608306,0.499599839871872,0.195959179422654,0.285303238112117,"violation at burn-in"
822,90,0.632825009086593,0.30159576918222,0.499876527964533,0.391420332306856,0.363521538710671,"violation"
823,90,0.655047231308815,0.328619944003859,0.499876527964533,0.408097059382377,0.341520431294023,"violation"
824,90,0.761826269781543,0.201602974562017,0.484831649539365,0.314269680527354,0.235803862006202,"violation"
825,60,0.740627782866692,0.252669674525797,0.495535624910617,0.339934634239519,0.256791420451985,"violation"
826,80,0.652476511385127,0.306526938550361,0.5,0.3903123748999,0.344065572127086,"violation"
827,70,0.73251653889192,0.21785078762003,0.494871659305394,0.318157963590287,0.264821956200706,"violation"
828,90,0.719996904678904,0.273976815998344,0.493913572686508,0.372677996249965,0.277217017971903,"violation"
829,50,0.651367732692534,0.327514969702225,0.498397431775085,0.384187454245971,0.345163318287352,"violation at burn-in"
830,80,0.725751391626693,0.258890009309078,0.49434299833213,0.357071421427142,0.271519789125933,"violation"
831,60,0.624648518151739,0.340422692097186,0.49749371855331,0.4,0.371616672201375,"violation"
832,60,0.607294449533359,0.340422692097186,0.495535624910617,0.4,0.388798064951874,"violation"
833,60,0.708471201052039,0.252669674525797,0.498887651569859,0.339934634239519,0.288628038931523,"violation"
834,70,0.589659396034777,0.365259101564499,0.494871659305393,0.419912527334259,0.406257646736302,"violation"
835,70,0.589659396034777,0.399411897850767,0.494871659305393,0.43705881545081,0.406257646736302,"violation"
836,50,0.588104219020765,0.273231267358911,0.489897948556636,0.346987031457949,0.407797349480475,"violation at burn-in"
837,120,0.64182821279712,0.348887893700696,0.499722145018832,0.428093317968044,0.354607918373853,"violation"
838,70,0.759468951825249,0.237529310191456,0.489897948556636,0.334724986110285,0.238137724256926,"violation"
839,50,0.566371954071688,0.300764308116478,0.485386443980464,0.366606055596467,0.429313374780302,"violation at burn-in"
840,90,0.761826269781543,0.216535844765974,0.484831649539365,0.327542288288526,0.235803862006202,"violation"
841,50,0.8418881232916,0.151186903364199,0.47370877129308,0.237486841740758,0.156538637248921,"violation at burn-in"
842,50,0.630595774190046,0.244774223194942,0.496386945839634,0.324961536185438,0.365728592349385,"violation at burn-in"
843,60,0.624648518151739,0.319171069673574,0.49749371855331,0.386939558874797,0.371616672201375,"violation"
844,50,0.691983064610668,0.244774223194942,0.5,0.324961536185438,0.304952115674136,"violation at burn-in"
845,50,0.8418881232916,0.151186903364199,0.47370877129308,0.237486841740758,0.156538637248921,"violation at burn-in"
846,80,0.639928855027849,0.337249177520824,0.499843725578305,0.409076704298839,0.35648837721755,"violation"
847,80,0.749395860261292,0.242518024262063,0.489897948556636,0.344374432848898,0.248110586885161,"violation"
848,50,0.750595774190046,0.151186903364199,0.496386945839634,0.237486841740758,0.246922612299485,"violation at burn-in"
849,80,0.772634747320601,0.208859244136688,0.484122918275927,0.315980616494114,0.225102930615577,"violation"
850,90,0.719996904678904,0.273976815998344,0.493913572686508,0.372677996249965,0.277217017971903,"violation"
851,70,0.589659396034777,0.365259101564499,0.494871659305393,0.419912527334259,0.406257646736302,"violation"
852,180,0.684996596898406,0.295265105842503,0.493006648591635,0.408097059382377,0.311869066871156,"violation"
853,80,0.749395860261292,0.242518024262063,0.489897948556636,0.344374432848898,0.248110586885161,"violation"
854,50,0.750595774190046,0.244774223194942,0.496386945839634,0.324961536185438,0.246922612299485,"violation at burn-in"
855,110,0.556494536021378,0.419706833929503,0.494682467651374,0.458257569495584,0.439092510878883,"violation"
856,50,0.750595774190046,0.215189838766401,0.496386945839634,0.3,0.246922612299485,"violation at burn-in"
857,80,0.689547066438259,0.306526938550361,0.498591766879478,0.3903123748999,0.307363875259744,"violation"
858,50,0.691983064610668,0.300764308116478,0.5,0.366606055596467,0.304952115674136,"violation at burn-in"
859,150,0.69103613665763,0.297760456210036,0.493558507170123,0.404914257041606,0.305889621536614,"violation"
860,50,0.750595774190046,0.115241687608306,0.496386945839634,0.195959179422654,0.246922612299485,"violation at burn-in"
861,50,0.691983064610668,0.151186903364199,0.5,0.237486841740758,0.304952115674136,"violation at burn-in"
862,70,0.691062802476472,0.294109512457137,0.499183005990176,0.376883027379226,0.305863221047102,"violation"
863,50,0.671829416675202,0.244774223194942,0.499599839871872,0.324961536185438,0.324905231462084,"violation at burn-in"
864,80,0.737623559941056,0.258890009309078,0.49228421668788,0.357071421427142,0.259765750860056,"violation"
865,120,0.608494879463787,0.367965230122211,0.499722145018832,0.43771819955563,0.387609579498826,"violation"
866,130,0.635817625868531,0.358723261965674,0.499763257562486,0.43521062030202,0.360558698963238,"violation"
867,100,0.7986367871372,0.195597712558458,0.47021271782035,0.31288975694324,0.199359615418014,"violation"
868,140,0.644652501438231,0.334415488373247,0.499183005990176,0.424444414764159,0.351811731874262,"violation"
869,50,0.750595774190046,0.115241687608306,0.496386945839634,0.195959179422654,0.246922612299485,"violation at burn-in"
870,50,0.711829416675202,0.273231267358911,0.499599839871872,0.346987031457949,0.285303238112117,"violation at burn-in"
871,90,0.64397167314877,0.315177338519016,0.5,0.4,0.352485785809055,"violation"
872,80,0.839747031025028,0.15532198646983,0.458257569495584,0.263391343821318,0.158658425291482,"violation"
873,50,0.630595774190046,0.273231267358911,0.496386945839634,0.346987031457949,0.365728592349385,"violation at burn-in"
874,70,0.662757317411805,0.330205853929444,0.5,0.4,0.333887061829566,"violation"
875,80,0.588780598713908,0.367273098333021,0.496078370824611,0.42555111326373,0.407127699877728,"violation"
876,90,0.64397167314877,0.341931705405178,0.5,0.415739709641549,0.352485785809055,"violation"
877,150,0.760398735175751,0.234392142674066,0.475908487935327,0.360308509783244,0.237217192405338,"violation"
878,50,0.750595774190046,0.215189838766401,0.496386945839634,0.3,0.246922612299485,"violation at burn-in"
879,50,0.588104219020765,0.353586451688535,0.489897948556636,0.4,0.407797349480475,"violation at burn-in"
880,50,0.671829416675202,0.184167399628897,0.499599839871872,0.271293199325011,0.324905231462084,"violation at burn-in"
881,50,0.609509749542373,0.244774223194942,0.493558507170123,0.324961536185438,0.386604807546244,"violation at burn-in"
882,90,0.719996904678904,0.24566799733709,0.493913572686508,0.351539822656808,0.277217017971903,"violation"
883,50,0.566371954071688,0.428420692808471,0.485386443980464,0.438634243989226,0.429313374780302,"violation at burn-in"
884,90,0.655047231308815,0.315177338519016,0.499876527964533,0.4,0.341520431294023,"violation"
885,110,0.73655511394753,0.260274106606831,0.487954069102532,0.369945271806833,0.260823565638317,"violation"
886,70,0.528712913865883,0.465399622547317,0.483186700722508,0.464230765979198,0.466597701275212,"violation"
887,50,0.691983064610668,0.244774223194942,0.5,0.324961536185438,0.304952115674136,"violation at burn-in"
888,60,0.756406635375955,0.229363836023723,0.493006648591635,0.321022671404304,0.241169570148436,"violation"
889,50,0.8418881232916,0.0271505053718357,0.47370877129308,0.0707106781186548,0.156538637248921,"violation at burn-in"
890,280,0.650807585063322,0.270995863844381,0.495374008364655,0.402653824073256,0.345717892354529,"violation"
891,270,0.574026115003715,0.421463667970709,0.499876527964533,0.473958319201375,0.421735374022059,"violation"
892,120,0.608494879463787,0.386834982493173,0.499722145018832,0.446514277487294,0.387609579498826,"violation"
893,80,0.689547066438259,0.274999873229261,0.498591766879478,0.368908864084343,0.307363875259744,"violation"
894,50,0.651367732692534,0.273231267358911,0.498397431775085,0.346987031457949,0.345163318287352,"violation at burn-in"
895,80,0.652476511385127,0.321981209108101,0.5,0.4,0.344065572127086,"violation"
896,50,0.691983064610668,0.300764308116478,0.5,0.366606055596467,0.304952115674136,"violation at burn-in"
897,50,0.769509749542373,0.184167399628897,0.493558507170123,0.271293199325011,0.228196834146377,"violation at burn-in"
898,140,0.609116336241275,0.382819151171872,0.499948976988489,0.448296093843234,0.386994306319591,"violation"
899,100,0.596347320927788,0.345127770331499,0.498397431775085,0.420832508250016,0.39963626780785,"violation"
900,50,0.630595774190046,0.327514969702225,0.496386945839634,0.384187454245971,0.365728592349385,"violation at burn-in"
901,160,0.730600449149863,0.265278147085386,0.484122918275927,0.385225177655874,0.266718980531279,"violation"
902,50,0.630595774190046,0.353586451688535,0.496386945839634,0.4,0.365728592349385,"violation at burn-in"
903,70,0.78585577100874,0.197654390447083,0.483186700722508,0.3,0.21201345831114,"violation"
904,110,0.621498364286731,0.368335050110096,0.499917348540637,0.435605401844034,0.37473548151171,"violation"
905,60,0.888576460579323,0.0963499449670707,0.442216638714053,0.17950549357115,0.110314856679185,"violation"
906,70,0.57463366211556,0.416183835956807,0.492598275701905,0.444696640464954,0.421133872104983,"violation"
907,130,0.666129478254411,0.323399239732086,0.497865265393366,0.416309511622609,0.330548454547968,"violation"
908,110,0.657689149120766,0.336742969527897,0.499255644281672,0.419070202604222,0.338904801003522,"violation"
909,50,0.731367732692535,0.215189838766401,0.498397431775084,0.3,0.265959331587418,"violation at burn-in"
910,50,0.428420692808471,0.428420692808471,0.438634243989226,0.438634243989226,0.567273607646489,"violation at burn-in"
911,50,0.671829416675202,0.244774223194942,0.499599839871872,0.324961536185438,0.324905231462084,"violation at burn-in"
912,100,0.646758377998252,0.345127770331499,0.499899989998,0.420832508250016,0.349726809136117,"violation"
913,50,0.750595774190046,0.215189838766401,0.496386945839634,0.3,0.246922612299485,"violation at burn-in"
914,250,0.639802924492331,0.34620299269258,0.497288648573442,0.442917599560008,0.356613054723304,"violation"
915,110,0.56591234117914,0.399337971225762,0.495933879890395,0.449885201151223,0.429768414448158,"violation"
916,50,0.630595774190046,0.353586451688535,0.496386945839634,0.4,0.365728592349385,"violation at burn-in"
917,50,0.452400364440641,0.499111042299165,0.448998886412873,0.466476151587624,0.543052936307792,"violation at burn-in"
918,90,0.68784621264219,0.30159576918222,0.498020774022555,0.391420332306856,0.309047805277773,"violation"
919,60,0.641804534385373,0.340422692097186,0.498887651569859,0.4,0.354631361181468,"violation"
920,50,0.711829416675202,0.273231267358911,0.499599839871872,0.346987031457949,0.285303238112117,"violation at burn-in"
921,90,0.68784621264219,0.273976815998344,0.498020774022555,0.372677996249965,0.309047805277773,"violation"
922,90,0.831952218026736,0.1548952177705,0.458257569495584,0.267821573182088,0.166375678604546,"violation"
923,60,0.787349888926337,0.15423560052602,0.486198404860494,0.249443825784929,0.210534207115222,"violation"
924,130,0.747065400540732,0.250225624607774,0.482596527426404,0.36802688350479,0.250417858144061,"violation"
925,50,0.671829416675202,0.244774223194942,0.499599839871872,0.324961536185438,0.324905231462084,"violation at burn-in"
926,90,0.67698471315288,0.315177338519016,0.498887651569859,0.4,0.319801231041431,"violation"
927,170,0.605951638281935,0.377739961959744,0.5,0.450144152228447,0.390127515008102,"violation"
928,140,0.679591752063808,0.309703768408823,0.495850125480246,0.410325903324145,0.317220132601089,"violation"
929,50,0.651367732692534,0.300764308116478,0.498397431775085,0.366606055596467,0.345163318287352,"violation at burn-in"
930,90,0.741062854651698,0.170832756430458,0.489897948556636,0.28458329944146,0.256360677703571,"violation"
931,110,0.657689149120766,0.282569993574608,0.499255644281672,0.385694607919935,0.338904801003522,"violation"
932,90,0.655047231308815,0.315177338519016,0.499876527964533,0.4,0.341520431294023,"violation"
933,50,0.609509749542373,0.244774223194942,0.493558507170123,0.324961536185438,0.386604807546244,"violation at burn-in"
934,50,0.452400364440641,0.452400364440641,0.448998886412873,0.448998886412873,0.543052936307792,"violation at burn-in"
935,130,0.643438582757441,0.341153467199012,0.499467171715321,0.426142737983524,0.353013571862363,"violation"
936,90,0.761826269781543,0.201602974562017,0.484831649539365,0.314269680527354,0.235803862006202,"violation"
937,90,0.598957323753301,0.368190206578056,0.498020774022555,0.429757324573638,0.397052234944366,"violation"
938,90,0.68784621264219,0.30159576918222,0.498020774022555,0.391420332306856,0.309047805277773,"violation"
939,100,0.646758377998252,0.345127770331499,0.499899989998,0.420832508250016,0.349726809136117,"violation"
940,60,0.708471201052039,0.27535232566942,0.498887651569859,0.357071421427142,0.288628038931523,"violation"
941,120,0.583128883767105,0.405509202978217,0.498260864295892,0.454529671443155,0.412723179321208,"violation"
942,120,0.650074501439397,0.329588620359558,0.499374608885954,0.417582327212252,0.346443681674519,"violation"
943,100,0.695797309323424,0.297322337502222,0.496386945839634,0.392300904918661,0.301175823330394,"violation"
944,50,0.588104219020765,0.327514969702225,0.489897948556636,0.384187454245971,0.407797349480475,"violation at burn-in"
945,50,0.711829416675202,0.184167399628897,0.499599839871872,0.271293199325011,0.285303238112117,"violation at burn-in"
946,180,0.647141674502034,0.320550696861499,0.498020774022555,0.422952584681651,0.349347326496271,"violation"
947,60,0.756406635375955,0.229363836023723,0.493006648591635,0.321022671404304,0.241169570148436,"violation"
948,70,0.824320769985954,0.155261407626461,0.469693777793531,0.257539376818856,0.173931192468588,"violation"
949,50,0.566371954071688,0.184167399628897,0.485386443980464,0.271293199325011,0.429313374780302,"violation at burn-in"
950,120,0.722700955518342,0.260008446062269,0.489897948556636,0.372677996249965,0.274539872887869,"violation"
951,90,0.610318046486213,0.328619944003859,0.498887651569859,0.408097059382377,0.385804553291376,"violation"
952,50,0.806371954071688,0.184167399628897,0.485386443980464,0.271293199325011,0.191701414680502,"violation at burn-in"
953,80,0.664928855027849,0.321981209108101,0.499843725578305,0.4,0.331737131373821,"violation"
954,60,0.675528365121482,0.297497785463679,0.5,0.372677996249965,0.321243088167797,"violation"
955,90,0.709352852713072,0.24566799733709,0.495535624910617,0.351539822656808,0.287755159851093,"violation"
956,160,0.640100451489387,0.351476001583185,0.499022481958478,0.436561493377508,0.356318488169333,"violation"
957,90,0.598957323753301,0.381148677867296,0.498020774022555,0.436173031697567,0.397052234944366,"violation"
958,90,0.610318046486213,0.368190206578056,0.498887651569859,0.429757324573638,0.385804553291376,"violation"
959,50,0.630595774190046,0.273231267358911,0.496386945839634,0.346987031457949,0.365728592349385,"violation at burn-in"
960,90,0.666051630837089,0.259915863511152,0.499505928733089,0.362433476228891,0.330625527370546,"violation"
961,50,0.671829416675202,0.300764308116478,0.499599839871872,0.366606055596467,0.324905231462084,"violation at burn-in"
962,70,0.691062802476472,0.294109512457137,0.499183005990176,0.376883027379226,0.305863221047102,"violation"
963,50,0.750595774190046,0.184167399628897,0.496386945839634,0.271293199325011,0.246922612299485,"violation at burn-in"
964,80,0.689547066438259,0.274999873229261,0.498591766879478,0.368908864084343,0.307363875259744,"violation"
965,160,0.72469309471243,0.220276938901623,0.485693769262073,0.350836055017155,0.272567555809957,"violation"
966,50,0.671829416675202,0.300764308116478,0.499599839871872,0.366606055596467,0.324905231462084,"violation at burn-in"
967,50,0.691983064610668,0.244774223194942,0.5,0.324961536185438,0.304952115674136,"violation at burn-in"
968,100,0.686100090768039,0.285102728828154,0.49749371855331,0.384187454245971,0.310776552948982,"violation"
969,50,0.750595774190046,0.184167399628897,0.496386945839634,0.271293199325011,0.246922612299485,"violation at burn-in"
970,50,0.609509749542373,0.379056549716098,0.493558507170123,0.41424630354416,0.386604807546244,"violation at burn-in"
971,70,0.691062802476472,0.256763537018035,0.499183005990176,0.349927106111883,0.305863221047102,"violation"
972,50,0.671829416675202,0.300764308116478,0.499599839871872,0.366606055596467,0.324905231462084,"violation at burn-in"
973,90,0.621607186392644,0.30159576918222,0.499505928733089,0.391420332306856,0.374627742203843,"violation"
974,50,0.651367732692534,0.273231267358911,0.498397431775085,0.346987031457949,0.345163318287352,"violation at burn-in"
975,50,0.731367732692535,0.184167399628897,0.498397431775084,0.271293199325011,0.265959331587418,"violation at burn-in"
976,50,0.651367732692534,0.300764308116478,0.498397431775085,0.366606055596467,0.345163318287352,"violation at burn-in"
977,60,0.817443388450009,0.180360287862077,0.476969600708473,0.276385399196283,0.18074014291488,"violation"
978,160,0.736489029131013,0.212617482382534,0.482465996211132,0.344374432848898,0.260888992899922,"violation"
979,110,0.675524575132166,0.304488690987706,0.497929597731969,0.4,0.321246840446089,"violation"
980,60,0.571981971973028,0.421909793912657,0.489897948556636,0.442216638714053,0.42375917748975,"violation"
981,100,0.626758377998252,0.36845992388129,0.499899989998,0.433012701892219,0.3695278058111,"violation"
982,60,0.571981971973028,0.402012023279954,0.489897948556636,0.433012701892219,0.42375917748975,"violation"
983,100,0.834136354261086,0.154218080904129,0.453762052181537,0.271293199325011,0.164213274888842,"violation"
984,50,0.711829416675202,0.244774223194942,0.499599839871872,0.324961536185438,0.285303238112117,"violation at burn-in"
985,50,0.769509749542373,0.115241687608306,0.493558507170123,0.195959179422654,0.228196834146377,"violation at burn-in"
986,50,0.788104219020765,0.184167399628897,0.489897948556636,0.271293199325011,0.209787382730642,"violation at burn-in"
987,50,0.671829416675202,0.300764308116478,0.499599839871872,0.366606055596467,0.324905231462084,"violation at burn-in"
988,50,0.609509749542373,0.379056549716098,0.493558507170123,0.41424630354416,0.386604807546244,"violation at burn-in"
989,50,0.750595774190046,0.244774223194942,0.496386945839634,0.324961536185438,0.246922612299485,"violation at burn-in"
990,70,0.676976586576394,0.294109512457137,0.499795876701026,0.376883027379226,0.319809276757129,"violation"
991,50,0.671829416675202,0.300764308116478,0.499599839871872,0.366606055596467,0.324905231462084,"violation at burn-in"
992,80,0.689547066438259,0.274999873229261,0.498591766879478,0.368908864084343,0.307363875259744,"violation"
993,90,0.67698471315288,0.30159576918222,0.498887651569859,0.391420332306856,0.319801231041431,"violation"
994,50,0.671829416675202,0.300764308116478,0.499599839871872,0.366606055596467,0.324905231462084,"violation at burn-in"
995,140,0.630509305404922,0.358777439239233,0.499795876701026,0.43705881545081,0.365814200755721,"violation"
996,110,0.621498364286731,0.357872981786812,0.499917348540637,0.430356377401623,0.37473548151171,"violation"
997,90,0.730567188148835,0.259915863511152,0.492035329455212,0.362433476228891,0.266751910579817,"violation"
998,90,0.812341643347234,0.170832756430458,0.46732757432918,0.28458329944146,0.185791124805713,"violation"
999,90,0.610318046486213,0.341931705405178,0.498887651569859,0.415739709641549,0.385804553291376,"violation"
1000,130,0.681112452423509,0.314448868164188,0.496198566857543,0.411088898950381,0.315714563462785,"violation"
