"trial","stopped_at_n","T1_","T2_","s1","s2","beta_allowed","reason"
1,340,0.485770765240053,0.222761035894357,0.491616569300784,0.370914888716105,0.231245371412572,"violation"
2,1760,0.195992739711831,0.562374884837749,0.37352283098707,0.499402729528314,0.563810136083949,"violation"
3,470,0.189746335005239,0.567492706556167,0.349616617290367,0.5,0.577711765414399,"violation"
4,1750,0.507149859218831,0.22078592459704,0.499046928389199,0.392976709077715,0.221451843222229,"violation"
5,1410,0.414850480968254,0.269369790496012,0.483985266659164,0.423398909407072,0.270777656487522,"violation"
6,920,0.218973950782813,0.511920807572561,0.384549179993468,0.498550592981108,0.512664510259155,"violation"
7,50,0.382684716473773,0.276270345323178,0.41424630354416,0.346987031457949,0.293537306805415,"violation at burn-in"
8,290,0.30586894358319,0.362363479270386,0.423675104921591,0.451987288447313,0.367256118628315,"violation"
9,1450,0.221979030539374,0.505258200616558,0.392028172444899,0.498712253719028,0.505976582267544,"violation"
10,1590,0.215021882931992,0.520122697399347,0.387709706484777,0.499619728024845,0.521459999013337,"violation"
11,1980,0.197915145594018,0.55884654294407,0.376252796292176,0.499483203996271,0.559531743111967,"violation"
12,900,0.321930004179338,0.348686659274864,0.44735022322809,0.459221025887626,0.348933742027749,"violation"
13,3210,0.211604601902393,0.527391627814502,0.391089826528494,0.499995244588754,0.529065297808869,"violation"
14,100,0.737079222157747,0.11098356590441,0.489897948556636,0.217944947177034,0.118137920752754,"violation"
15,4000,0.305786165933325,0.365326452670404,0.449730752784374,0.473624257719133,0.367355536462689,"violation"
16,540,0.20565623790169,0.541113241612974,0.365917678719478,0.499505928733089,0.542303625350005,"violation"
17,3990,0.193113896995359,0.570035849708279,0.377971868363624,0.498138254117595,0.57021711837615,"violation"
18,4000,0.477116794402607,0.230956734829244,0.497518781052535,0.406594392484697,0.235439712764577,"violation"
19,1610,0.543787375544734,0.204475287926862,0.499981096050958,0.379568159838819,0.204989545963684,"violation"
20,1180,0.530584043230591,0.209660584554778,0.499792401602704,0.380329126129864,0.210922185595293,"violation"
21,730,0.556814348955111,0.197931664267899,0.499998123471802,0.364303730054033,0.199136149495616,"violation"
22,950,0.493318617809571,0.22593388149571,0.496877786408327,0.390206991025117,0.227707280799743,"violation"
23,2420,0.585136623552463,0.186046921521483,0.497281730607164,0.36805611381482,0.186410131189345,"violation"
24,1390,0.597109770085134,0.179585007786977,0.496921843205497,0.35671847729822,0.181030249660596,"violation"
25,4430,0.205678964998052,0.541448777867517,0.388745564608947,0.499757341154392,0.542253045266865,"violation"
26,1900,0.20659003348093,0.539944081988872,0.382866792252107,0.499990027601382,0.54022542506956,"violation"
27,820,0.207715520099076,0.530684560572212,0.374125989207004,0.499517911552656,0.537720608536407,"violation"
28,920,0.550109544083246,0.201250972891786,0.5,0.370393891905199,0.2021488125233,"violation"
29,2360,0.325559420171606,0.342125145046909,0.456004656835261,0.462909717431366,0.345043743382065,"violation"
30,2360,0.314635989444869,0.346912204750313,0.45109091648828,0.464785313687505,0.357022860695306,"violation"
31,1100,0.596153563659688,0.1811419204638,0.49749371855331,0.355280124608947,0.181459900903224,"violation"
32,6140,0.176687490686203,0.606661059997151,0.366696659327881,0.492831185096347,0.606774757925224,"violation"
33,800,0.576948929892901,0.189414622365035,0.499435618974058,0.358292391071873,0.190089099099905,"violation"
34,820,0.250033732847915,0.44289370008181,0.405384637526699,0.488077667627931,0.449268343714375,"violation"
35,2700,0.173869666052766,0.611362429707616,0.358157148762769,0.493558507170123,0.613045941976251,"violation"
36,390,0.356407978063283,0.315023107534103,0.453643298138624,0.433750368282882,0.315178806152762,"violation"
37,980,0.184818526479269,0.588396931956039,0.357071421427142,0.498413768751726,0.588678804976719,"violation"
38,540,0.332601256402875,0.336537957188899,0.446979652028866,0.448817223224361,0.337738474725541,"violation"
39,2590,0.538114821316431,0.207197351539455,0.499966457335557,0.386041694380789,0.207538388878986,"violation"
40,850,0.51999653727955,0.214734951492906,0.498989983326527,0.380218476622846,0.215679458676859,"violation"
41,4460,0.493022860399997,0.227400736054174,0.498927241072294,0.404795091544439,0.227843879162456,"violation"
42,2360,0.193357829960429,0.562780509880223,0.374061835176323,0.499144449014988,0.569674235578579,"violation"
43,3000,0.596808196202188,0.180538122097875,0.495535624910617,0.365053268563492,0.181165755541025,"violation"
44,1850,0.298819222518108,0.375798790092283,0.441835602663323,0.473891000957918,0.375920397900434,"violation"
45,70,0.532300655607751,0.199881940420935,0.483186700722508,0.3,0.210150861934073,"violation"
46,870,0.407868114175283,0.273090805240521,0.479595548985206,0.420758740637313,0.275413147351426,"violation"
47,2390,0.371410159254371,0.301279674858607,0.473623903796947,0.444758065946519,0.30244794933671,"violation"
48,1170,0.530624922918337,0.210479907199835,0.499788836993938,0.380878330989072,0.210903817167545,"violation"
49,510,0.669455725400632,0.148196991895139,0.488660339433885,0.31018219646189,0.148523116500612,"violation"
50,640,0.470360052656913,0.238498138193327,0.49228421668788,0.394019624947476,0.238821814043894,"violation"
51,4460,0.207358927265681,0.537913724021355,0.390087814841505,0.499853383961317,0.538514220481935,"violation"
52,610,0.361917560444992,0.309870540736541,0.461063934423315,0.43718886506355,0.310380742208774,"violation"
53,5140,0.205543629888168,0.542227661741901,0.389570684437204,0.499679529086915,0.542554239092975,"violation"
54,1920,0.200618590137717,0.553272092083142,0.378175214755747,0.499722145018832,0.553515116632054,"violation"
55,1400,0.307154864445794,0.364934751930269,0.443959457608462,0.468641109801433,0.365718580534248,"violation"
56,280,0.697653594099727,0.124654758056516,0.486763572497166,0.269068688597677,0.135852997367734,"violation"
57,4000,0.322955167854727,0.338552173773914,0.457489822291163,0.463915671216224,0.347826113994359,"violation"
58,2160,0.526526628993631,0.211782335533795,0.499930550732355,0.388072058823495,0.212745299331381,"violation"
59,2300,0.192749925947476,0.570394225096098,0.373324866003538,0.498664378686596,0.571027150839999,"violation"
60,820,0.211712520787945,0.525781407683803,0.37733804157607,0.499279671489717,0.528825119912115,"violation"
61,2360,0.506857877582733,0.217523212555508,0.499286872949379,0.393168967640849,0.221583039028319,"violation"
62,2360,0.481725731533033,0.233107197113174,0.497320455779628,0.404381170428149,0.233187130510596,"violation"
63,580,0.56829202998172,0.193849312739034,0.499952435311917,0.357071421427142,0.193978894969462,"violation"
64,1860,0.574645850063202,0.190889976188914,0.49858163954278,0.369767420721752,0.191123939574063,"violation"
65,1260,0.642100875797033,0.159610399455652,0.490059282410963,0.336477986088536,0.16081444273658,"violation"
66,1390,0.156108089813144,0.649602953760754,0.334153881963725,0.488056196550305,0.652575056852069,"violation"
67,1620,0.211147128241984,0.530072119410679,0.384905624254025,0.499914258766411,0.530083424163817,"violation"
68,260,0.133960288494794,0.694263045280977,0.278308500232701,0.488264648386411,0.701865895162177,"violation"
69,1000,0.536317632787961,0.207394526864929,0.499855979258026,0.376508964036715,0.208345917738807,"violation"
70,3020,0.189505626422279,0.578202538894027,0.372875323925661,0.497689389379953,0.578247472217613,"violation"
71,3020,0.522378601942899,0.21455987223435,0.499936840886151,0.392875457302515,0.214609128029216,"violation"
72,3610,0.180771293681855,0.597150729391055,0.366708786345529,0.4951809262818,0.5976860872145,"violation"
73,890,0.186922579521435,0.582196941493581,0.357621228131456,0.499009244384879,0.583996148815659,"violation"
74,410,0.646599811332093,0.157526246833742,0.494250103472794,0.315606363309694,0.158792940692981,"violation"
75,1700,0.560861369234939,0.195817049371786,0.499500096116869,0.373028380971717,0.19731770606552,"violation"
76,60,0.0231775154880794,0.9054795005427,0.0645497224367903,0.433012701892219,0.948417490660511,"violation"
77,2360,0.375559641864673,0.292726761764877,0.474924017569978,0.440335386723483,0.299106263046716,"violation"
78,860,0.218639335677918,0.511905616576618,0.38341072732799,0.498434542311398,0.513409209870391,"violation"
79,1380,0.56596630485459,0.194928655785665,0.499427838983378,0.370065021506798,0.195023910631657,"violation"
80,810,0.162454797869634,0.6337435513264,0.333152671663898,0.493316093570424,0.638450198311158,"violation"
81,280,0.185899696316756,0.585634879564143,0.334724986110285,0.5,0.58627261725274,"violation"
82,2360,0.569530376685148,0.188865065968752,0.498701092212302,0.370260192138201,0.193422469927993,"violation"
83,2040,0.178645783770705,0.601084506618547,0.359930789194785,0.495666534417064,0.602416496515682,"violation"
84,2960,0.502494081634783,0.223406071702635,0.499213108888573,0.399237854771125,0.22354381894123,"violation"
85,80,0.157154174843968,0.630759518653302,0.263391343821318,0.499374608885954,0.650246951801288,"violation"
86,2220,0.498342674570367,0.225205293187533,0.498699713361467,0.398300861169595,0.225411642954619,"violation"
87,3320,0.552624792684463,0.20063908090151,0.49944772809198,0.382776222893102,0.201018638474817,"violation"
88,980,0.164600368653248,0.63274502194292,0.338090960703311,0.492774742763235,0.633675142717248,"violation"
89,560,0.495754388504471,0.224374558438136,0.495615341092798,0.381487254715284,0.226588495501119,"violation"
90,170,0.320539777403074,0.340537720256604,0.420454524200198,0.431301241878197,0.350447117482237,"violation"
91,4000,0.337785853731626,0.323211117033736,0.463613456987607,0.457599989073426,0.33255460460625,"violation"
92,1390,0.162392116666222,0.63334082810519,0.340451236080666,0.491446953042628,0.638589697894798,"violation"
93,50,0.330879866717082,0.276270345323178,0.384187454245971,0.346987031457949,0.339495546053743,"violation at burn-in"
94,2850,0.169765624113965,0.621426526224367,0.354821514527286,0.491671979876451,0.622179655283302,"violation"
95,1880,0.208730652514124,0.53429045244493,0.384453057554632,0.499992926613616,0.535461389798877,"violation"
96,380,0.235950145959162,0.472854013501009,0.383308241179645,0.489897948556636,0.476084643104005,"violation"
97,420,0.240958673589503,0.464692327297959,0.388875931109034,0.48890177266058,0.466188825477494,"violation"
98,1010,0.200025963369307,0.554061391394255,0.370598701705912,0.499964708096703,0.554834031760472,"violation"
99,1430,0.493024700146678,0.227228473185755,0.497666322741101,0.395742415302431,0.227843028951462,"violation"
100,1210,0.677592616636348,0.144188901530088,0.481511179002529,0.319867809592787,0.144866975590534,"violation"
101,3240,0.495130437348721,0.226788857510257,0.498824922347517,0.40229631599725,0.226874036730224,"violation"
102,4000,0.498707653041545,0.225241097766199,0.499201299577635,0.402601229506319,0.225246675771281,"violation"
103,790,0.227758477147886,0.492397020666756,0.389167946308821,0.496294553595803,0.493207727922974,"violation"
104,1540,0.313253788957191,0.358297401487218,0.447652277983114,0.466776083679848,0.358598187760968,"violation"
105,860,0.140190252423367,0.685701676984995,0.310556558260896,0.481135476424133,0.688000855456107,"violation"
106,1120,0.485876252881612,0.230134019687999,0.496408497795589,0.395235293844059,0.231195166182934,"violation"
107,820,0.206381698749673,0.525781407683803,0.373041185867407,0.499279671489717,0.540689082540801,"violation"
108,960,0.203332907308989,0.546066963124681,0.372677996249965,0.499990234279631,0.547474292674479,"violation"
109,1830,0.582029314319549,0.187517690461777,0.497988128910297,0.366707383339455,0.187806335228162,"violation"
110,1180,0.196855126382561,0.561087860813684,0.369875208968795,0.499740668167857,0.561890859252054,"violation"
111,820,0.308541207933848,0.358479905165913,0.439828193703183,0.462392968788206,0.364075326539169,"violation"
112,320,0.159614135999023,0.633152704828475,0.312109130553722,0.497169723912267,0.644772207568211,"violation"
113,2420,0.48516424263068,0.231370530507916,0.497697039107279,0.403369076120428,0.23153446020715,"violation"
114,1070,0.17892551548088,0.599019824704806,0.352899968308454,0.497253352073302,0.601793942145689,"violation"
115,1580,0.185204883163757,0.587044280475073,0.363167071833023,0.497741655206465,0.587818952362393,"violation"
116,1700,0.198330872195617,0.557929671091807,0.375115207216558,0.499623041293137,0.558606526545046,"violation"
117,2980,0.182077489401324,0.594006929366366,0.366356899205684,0.495918206762716,0.5947790951802,"violation"
118,580,0.533721588542427,0.20924085236526,0.499238421186772,0.370087722994236,0.209512395610455,"violation"
119,200,0.185194522895296,0.580230856800314,0.324961536185438,0.499599839871872,0.587842009563884,"violation"
120,130,0.184098063535601,0.552820679067986,0.309991410455537,0.495183905828649,0.590282224745313,"violation"
121,2180,0.514979093554641,0.217637023005273,0.499610781932408,0.392590611536981,0.217933941468289,"violation"
122,1500,0.18836249835757,0.580508334906297,0.365364962134515,0.498397431775084,0.580791550512132,"violation"
123,1440,0.470799877883609,0.238236904956705,0.495056094059483,0.403600094481446,0.238598704685892,"violation"
124,2050,0.367763532424084,0.304927548050034,0.471691174339768,0.44558779499197,0.305446927510393,"violation"
125,1480,0.185747324528894,0.585301943199114,0.362932193680365,0.498007351484839,0.586611726902974,"violation"
126,1600,0.213714477921281,0.523900583174789,0.386768967699065,0.499755799741234,0.524369682374789,"violation"
127,2170,0.2030304040887,0.546769203659428,0.381243044803811,0.499856421441729,0.548147525972233,"violation"
128,1980,0.208103123747077,0.536156641432399,0.384439653998615,0.5,0.536857980753747,"violation"
129,1930,0.542243227368361,0.205661692331527,0.499967514851182,0.382277039838285,0.205683376464217,"violation"
130,490,0.371479740983874,0.301861809173191,0.462577030743092,0.430026683789908,0.302391297925939,"violation"
131,4000,0.202052763716563,0.548475810342517,0.385225177655874,0.499537536127166,0.550323304633772,"violation"
132,1910,0.180419543119473,0.597686077221366,0.360878472777542,0.496233448848018,0.598468922487701,"violation"
133,920,0.564219964204874,0.195314909144476,0.499800290929141,0.365392038986907,0.19580859206679,"violation"
134,700,0.392027186266737,0.282130447810004,0.473223854350698,0.423551553376147,0.286541966895312,"violation"
135,3410,0.573885461517984,0.191452361344857,0.497956281069332,0.375452359147911,0.191465604171412,"violation"
136,1930,0.583018954028614,0.186906707317858,0.497820695610768,0.366702134685224,0.187361661442838,"violation"
137,1130,0.233843624227813,0.479971241974911,0.397995014197248,0.495692937978589,0.480373332393575,"violation"
138,650,0.192537194517043,0.569119562362027,0.357823797171856,0.499884010215009,0.571500593345206,"violation"
139,490,0.521067396916934,0.214511437003977,0.497980093237813,0.371456603562062,0.215198290425278,"violation"
140,1360,0.547508342390611,0.20324795772376,0.499973507083593,0.37679142463923,0.203317607785311,"violation"
141,1620,0.603821023217785,0.177428069843243,0.49578124186028,0.356465314154256,0.178014689242574,"violation"
142,2980,0.193760161338716,0.567995121276097,0.376338803479962,0.498585450064199,0.568778830629384,"violation"
143,740,0.146946076148894,0.671135888677316,0.315565859277063,0.485981344350013,0.672965493249265,"violation"
144,5400,0.201600482321192,0.55122484105109,0.386787931531029,0.499248268919587,0.551329875390366,"violation"
145,820,0.569729025485068,0.186279840609932,0.499708421823333,0.355871963286546,0.193333211268502,"violation"
146,1390,0.202073167933264,0.549880893980471,0.376074620907418,0.499937369919407,0.550277894214389,"violation"
147,5700,0.513497371200128,0.218297983363692,0.499903468674932,0.399736601488287,0.218599722238952,"violation"
148,2360,0.553489306399753,0.200534333487825,0.499603225218437,0.379967103839267,0.200630187422661,"violation"
149,1330,0.162957069895111,0.635990117413088,0.340474507021592,0.4910873922649,0.637332371361223,"violation"
150,2070,0.539354034213252,0.206962897239284,0.499985063605698,0.383945840891212,0.206981574631737,"violation"
151,850,0.165540687738038,0.630040986188427,0.336949474100919,0.493747760714996,0.631582424108206,"violation"
152,480,0.372277538886947,0.301155717761552,0.462664197579867,0.42934361238989,0.301743267577092,"violation"
153,1460,0.202937522849406,0.546583497461199,0.377308991989711,0.499969974703661,0.548354236971772,"violation"
154,2040,0.219258990978965,0.511646874195133,0.393227704621204,0.499422725192859,0.512030141636352,"violation"
155,3740,0.481116672810766,0.233059411642542,0.497830806050611,0.407612494071269,0.233482328461081,"violation"
156,430,0.563290049119549,0.196211728084842,0.49995132267108,0.353618397138814,0.196226429848796,"violation"
157,1810,0.18599068773242,0.585436229552633,0.365268587467924,0.497684268350574,0.586070112133038,"violation"
158,1250,0.537510171109413,0.20686601048957,0.499959038322141,0.378765151512121,0.207810075730159,"violation"
159,60,0.943625810386874,0.0231775154880794,0.4,0.0645497224367903,0.0253305562218138,"violation"
160,3280,0.528090092698489,0.211656435874736,0.499998512787794,0.391285647464812,0.212042789804442,"violation"
161,2660,0.553368491999171,0.200682057077301,0.499540605283025,0.381088614177799,0.200684472832125,"violation"
162,1210,0.636320746550269,0.163304877405259,0.491357587929504,0.339637246872529,0.163411622223492,"violation"
163,2050,0.177795830933931,0.603110442629732,0.359209920249251,0.495381164874877,0.604308101341209,"violation"
164,1480,0.15277128722224,0.657954178738565,0.331483484081995,0.48581738897174,0.660001247588426,"violation"
165,1010,0.537221687078554,0.206476176819835,0.49988137010497,0.375893537291234,0.207939699960909,"violation"
166,740,0.183360547281169,0.591453106323866,0.351691623170953,0.498666959306381,0.591923597354981,"violation"
167,1530,0.53637668965305,0.207894764928775,0.499984621062988,0.381773763897944,0.208319381778792,"violation"
168,820,0.352113009466715,0.307251986116942,0.459836959958853,0.439166643620085,0.319023262444735,"violation"
169,2460,0.504924398995104,0.222151585673191,0.499212645986805,0.39691869577316,0.222451806959241,"violation"
170,2710,0.240814629295577,0.465393330474493,0.410655849347928,0.495617976008739,0.46646767830466,"violation"
171,1110,0.221512767946652,0.505513320499066,0.388771881710137,0.498353754448264,0.507014268751071,"violation"
172,820,0.694359800051652,0.133002076608734,0.47884453431446,0.301619168068118,0.137332994435372,"violation"
173,2640,0.315358561112064,0.356204754615196,0.452061394206839,0.468797862570227,0.356204824860892,"violation"
174,750,0.614393162180874,0.170582740969971,0.496386945839634,0.339934634239519,0.173264320993785,"violation"
175,910,0.616926491088044,0.170809383489953,0.495486207003542,0.343068404903721,0.172126022940158,"violation"
176,280,0.527930936087754,0.211155536339421,0.496723961448963,0.357071421427142,0.212114303479476,"violation"
177,340,0.188829409611084,0.578259400347031,0.34203745317898,0.5,0.579752420407464,"violation"
178,1450,0.214624068335985,0.520501482760818,0.386468507453415,0.499571754774874,0.522345351678702,"violation"
179,2420,0.207903729002032,0.53614328527943,0.386035127942347,0.499991633015165,0.537301741919772,"violation"
180,3050,0.214901436435602,0.520691827588873,0.393204982877286,0.499909586020421,0.521728057620744,"violation"
181,3110,0.394454728271305,0.284093167499739,0.481596570876124,0.437466395060003,0.284778538519745,"violation"
182,90,0.0419823983533528,0.891231063117165,0.104822012578407,0.422952584681651,0.906566454188339,"violation"
183,1390,0.499374924920644,0.221320279346288,0.49819507566775,0.391102322751941,0.224945697958615,"violation"
184,480,0.573097661299923,0.190658804448689,0.499960935974002,0.350836055017155,0.191819585627325,"violation"
185,410,0.517742638940169,0.216521582896444,0.497112423352623,0.369743548277937,0.216692200482919,"violation"
186,940,0.504764493329944,0.222518496370878,0.49799962002818,0.387518892192687,0.222523657206123,"violation"
187,1490,0.339436126400493,0.33039655550932,0.459131043664082,0.455269583022554,0.33093778856281,"violation"
188,2850,0.501186904090711,0.223751607136448,0.499109702908177,0.399208357902726,0.224131171673025,"violation"
189,2360,0.200086221271287,0.551376035427378,0.37960426331257,0.499683180291748,0.554699925333351,"violation"
190,940,0.13699614033435,0.692201032117501,0.308327164812541,0.478609915625915,0.695109482640407,"violation"
191,240,0.205858430791245,0.533080427028343,0.348707932548461,0.496585563847986,0.541853636798849,"violation"
192,1210,0.168733782981642,0.6233031163866,0.344917333094386,0.493665218539199,0.62447605995499,"violation"
193,2360,0.522151240942489,0.213952807782061,0.49986909375123,0.390481907862209,0.214711287912011,"violation"
194,2500,0.546392186860228,0.203518212469142,0.499815005777137,0.382849108657706,0.203819128793572,"violation"
195,710,0.485145834240891,0.231122918874617,0.495015824529295,0.390171351835188,0.231543245558466,"violation"
196,2560,0.212856567985413,0.526229865559801,0.3903123748999,0.499960935974002,0.526278996050024,"violation"
197,1390,0.342195918044285,0.31829036957533,0.459810732401938,0.449280431539453,0.328268793126772,"violation"
198,3790,0.525234234065836,0.21301133947848,0.499994360909715,0.39331909639011,0.213326009805517,"violation"
199,1880,0.599424212790952,0.179808594798233,0.496044790906815,0.360171982459555,0.179990303517082,"violation"
200,4150,0.504156902710426,0.222777850347901,0.499497555649544,0.401080265770646,0.222796665269799,"violation"
201,2530,0.507700298875456,0.221135379352053,0.499379545984025,0.396398351864947,0.221204514741509,"violation"
202,2370,0.35847420298526,0.312473168357058,0.46911881213378,0.450108142749989,0.313362133436209,"violation"
203,1100,0.229320386541803,0.487889143023721,0.394440706664994,0.496603338725242,0.489848472363483,"violation"
204,1960,0.616952050801705,0.171555490205851,0.493375261106142,0.353024358108251,0.172114538220496,"violation"
205,2360,0.361251739740574,0.307196364070926,0.4700900242009,0.447575581525425,0.310952802912381,"violation"
206,1040,0.250352746168871,0.448519937011232,0.408399241953756,0.490286566366817,0.448695861133209,"violation"
207,1410,0.34044039642755,0.327934314244243,0.45918028800736,0.45379486797904,0.32996155041551,"violation"
208,510,0.161824716934474,0.633060446381057,0.324502399062486,0.495267880012356,0.639852469220621,"violation"
209,590,0.523476516306205,0.211457789147474,0.498607656323067,0.372171898269515,0.214115803305663,"violation"
210,770,0.303107219792179,0.368633325067084,0.436334646532392,0.4657704893618,0.370602327144581,"violation"
211,2240,0.243869698856072,0.45895110457017,0.411255224130953,0.49434299833213,0.460624019942724,"violation"
212,250,0.23086836364928,0.476000918837105,0.370275573053368,0.487294572101927,0.486564028322014,"violation"
213,4000,0.198133528593314,0.548475810342517,0.382091284904537,0.499537536127166,0.559045722808947,"violation"
214,2000,0.420039560043908,0.266576896462196,0.486595314404074,0.42462218500686,0.267432527111406,"violation"
215,440,0.215090295371751,0.519194039724319,0.369945271806833,0.49749371855331,0.521307744328634,"violation"
216,530,0.552595421637518,0.200957446060026,0.499871824083572,0.361634673229009,0.201031835736916,"violation"
217,890,0.510220935509974,0.220036695127669,0.498361157143213,0.384934374822626,0.220071919693605,"violation"
218,90,0.331300384652142,0.304166674669429,0.408097059382377,0.391420332306856,0.339064626040962,"violation"
219,650,0.485442654209075,0.229904025156272,0.494743971800704,0.387985237320569,0.231401670321547,"violation"
220,2780,0.222850711933343,0.504003889032514,0.398372159955028,0.499252067272273,0.504036619648659,"violation"
221,1410,0.382878263491837,0.292443524645293,0.474798197451723,0.436437673862881,0.293388922120674,"violation"
222,170,0.625947994878563,0.16502107180595,0.499688484272831,0.3,0.168072399987185,"violation"
223,1510,0.204910594114733,0.543834829115685,0.379257478835737,0.499989035448394,0.543963086115953,"violation"
224,3050,0.236828193748464,0.474279516408713,0.408817225400214,0.496883596278314,0.47431954469329,"violation"
225,50,0.357089842523054,0.303975218854118,0.4,0.366606055596467,0.314576970981898,"violation at burn-in"
226,350,0.166809577230883,0.619793408853095,0.321590435434988,0.498159879261791,0.628758458608144,"violation"
227,2360,0.189314606776903,0.568265250384621,0.370644291015673,0.498791270947649,0.578672594256544,"violation"
228,1770,0.18221893215476,0.591911716177079,0.361716076807324,0.497049611785078,0.59446430854339,"violation"
229,600,0.16878911434317,0.623325338575515,0.334460593925337,0.495972669497916,0.624352917745279,"violation"
230,2650,0.21016378117772,0.532019348673713,0.388526989779491,0.5,0.53227190330225,"violation"
231,3460,0.509862545040252,0.220221355960958,0.499646956786531,0.398035853090503,0.220232954912115,"violation"
232,1010,0.34513811937313,0.324459381880152,0.458688412005264,0.449579092764462,0.325470397860813,"violation"
233,1140,0.398085793903992,0.281239922705207,0.478326826328476,0.428357683144754,0.282180983972508,"violation"
234,100,0.224101666141995,0.494309659449639,0.336303434416005,0.48,0.501252569857636,"violation"
235,2400,0.297470847234299,0.377574028017538,0.442873939613621,0.475639189816072,0.377624369156512,"violation"
236,800,0.538235074717803,0.205907207947144,0.499774949352206,0.37230489857105,0.207484355542716,"violation"
237,3370,0.210784786747229,0.529873366202336,0.390816395207754,0.499999207529596,0.530889829990486,"violation"
238,300,0.390266065253513,0.284995534878693,0.463848634314639,0.411973569810276,0.287835020850033,"violation"
239,860,0.205975174134372,0.541125641692479,0.373369902146781,0.499890469344301,0.541593819710591,"violation"
240,1120,0.16036889411346,0.641592777944702,0.335713098402156,0.490613422780344,0.64309246249342,"violation"
241,2360,0.481299030549796,0.233107197113174,0.497276228006663,0.404381170428149,0.233393865142397,"violation"
242,2160,0.163003517873332,0.636441862178428,0.345830544388576,0.489419736697868,0.637228999484645,"violation"
243,2370,0.216183499170468,0.517067725407262,0.392200845185561,0.49972913669556,0.518874774531407,"violation"
244,280,0.280560809792142,0.386151162397474,0.4078158598071,0.461309139784786,0.400384647850598,"violation"
245,90,0.344662344088326,0.317804596507437,0.415739709641549,0.4,0.325919680394555,"violation"
246,4200,0.366524578974198,0.306449314054855,0.474188888567432,0.450272719073619,0.306479421772184,"violation"
247,2920,0.544784705561549,0.204495875255262,0.499802808741804,0.384870565058406,0.204541416700345,"violation"
248,2260,0.203574428088818,0.546591424921569,0.382035254734804,0.499846479681571,0.546936778293888,"violation"
249,3210,0.204422240273035,0.544512637619253,0.385530979204624,0.49977634966609,0.54504993757824,"violation"
250,1390,0.526124110393198,0.208245412884975,0.499749432583705,0.381040365658097,0.212926162597151,"violation"
251,80,0.566047960323776,0.193572750325121,0.49228421668788,0.3,0.194987220464273,"violation"
252,2830,0.553035873491211,0.200445288085565,0.499519803373417,0.381396345316659,0.200833927961753,"violation"
253,3220,0.550626195868398,0.201520416116203,0.499553830484092,0.383253469779352,0.201916665911868,"violation"
254,1500,0.212648950307206,0.526622653673435,0.38529411565135,0.499803961568934,0.526741057690352,"violation"
255,1140,0.637865519010263,0.162461513108048,0.491278192931569,0.338032436280661,0.162717511214246,"violation"
256,1290,0.588882298205839,0.183883926549413,0.497903784475511,0.359710805328035,0.184727091077423,"violation"
257,1570,0.519446956297479,0.214973389639136,0.499584394597396,0.387546513196109,0.215926401330232,"violation"
258,2630,0.353238971283263,0.317309448679422,0.467696064537945,0.45293071879769,0.318006364420154,"violation"
259,2560,0.328163606585569,0.34221109091997,0.457572462669849,0.463354198251305,0.342305602373415,"violation"
260,1000,0.343254288272764,0.325495821093244,0.45781983355901,0.449973332543163,0.327256628298964,"violation"
261,2360,0.367325563668665,0.303692013503356,0.472197427779413,0.445871450293387,0.305811117275332,"violation"
262,2540,0.201635066876461,0.550677345874612,0.381475341335285,0.499671911702107,0.551252906047121,"violation"
263,1140,0.658511065643755,0.152792715743447,0.486822348263565,0.328215560243328,0.153440869131785,"violation"
264,2600,0.2970663535253,0.37764711455768,0.443159046876403,0.475991024727675,0.378138552872964,"violation"
265,3690,0.386413817602068,0.290519538671577,0.479889177821745,0.44178670280951,0.290704513949307,"violation"
266,480,0.359066021205942,0.30565124385877,0.457342679387009,0.431803187870997,0.312845645076724,"violation"
267,2240,0.518697851691659,0.215719031054849,0.499755799741234,0.391380901278031,0.21626299572678,"violation"
268,50,0.548507811027665,0.186543514898854,0.48,0.271293199325011,0.202868517577956,"violation at burn-in"
269,4000,0.328584025317795,0.339063011537799,0.459876002309318,0.464116364719022,0.341867627072441,"violation"
270,820,0.21038092474706,0.525781407683803,0.376274356598574,0.499279671489717,0.531788641401324,"violation"
271,4990,0.513214745243744,0.218676077401558,0.49986950156647,0.399246532337049,0.218726714267166,"violation"
272,110,0.167718037565108,0.615319997383495,0.287479787288034,0.499669312133138,0.626736642952416,"violation"
273,2050,0.327627793257948,0.34271061012395,0.45609756097561,0.462392968788206,0.342865420275453,"violation"
274,1760,0.570295034905449,0.192958277384022,0.498950020994501,0.370975303247851,0.193078886841962,"violation"
275,2370,0.516221931564865,0.217072045892008,0.499700634979563,0.39286665832024,0.21737549835259,"violation"
276,190,0.365334202509794,0.306352177483357,0.44584881230626,0.414955859882674,0.307478030410509,"violation"
277,1560,0.540611016448822,0.206059369732393,0.499999589085959,0.380514461949601,0.206416776105914,"violation"
278,740,0.134617166650394,0.696046676040663,0.301793397758477,0.479042141429287,0.700403985941856,"violation"
279,1670,0.486529960422283,0.230435979500261,0.497278620844389,0.39955019709489,0.230884529560742,"violation"
280,120,0.130568052969311,0.669308871755011,0.249443825784929,0.498260864295892,0.709415454163226,"violation"
281,2360,0.494515384923751,0.224209209141162,0.498478005278693,0.39808053533339,0.227156210815617,"violation"
282,3400,0.510622619817391,0.219725079040605,0.499667363401336,0.39755296049883,0.219891431299852,"violation"
283,3310,0.205033188790217,0.543085457292527,0.386237441568091,0.499806828266412,0.543690246648049,"violation"
284,1990,0.194272634966693,0.567166122616209,0.373276195062122,0.499028373383196,0.567638299595548,"violation"
285,2360,0.517056935238508,0.216184686511633,0.499726835751877,0.392166911565548,0.217000307016877,"violation"
286,910,0.152476679060142,0.657933013254821,0.324704355883351,0.488020975870656,0.660656910111044,"violation"
287,1610,0.570420788424555,0.191850016475099,0.499034599037593,0.369121817623282,0.193022382143487,"violation"
288,480,0.50382853994182,0.214161976827401,0.496078370824611,0.370804071879237,0.222944208172472,"violation"
289,50,0.330879866717082,0.276270345323178,0.384187454245971,0.346987031457949,0.339495546053743,"violation at burn-in"
290,2100,0.613410667807178,0.173155999023312,0.493787940934411,0.355194367281849,0.173705784172969,"violation"
291,3120,0.46718820005712,0.240320335561833,0.496078370824611,0.41131061969166,0.24044323254648,"violation"
292,2360,0.607801136242142,0.174447317829213,0.494407099236981,0.357486266342337,0.17622630918027,"violation"
293,1300,0.557782057976926,0.198302467925383,0.499786344884036,0.372218679759802,0.198701329803277,"violation"
294,1200,0.238415937579243,0.470870232234321,0.401862849738564,0.494592986426438,0.471160788032341,"violation"
295,2210,0.348872309953743,0.321853463774831,0.465205906333932,0.453992072652244,0.321986692048444,"violation"
296,1160,0.331686435935771,0.336174891167585,0.45400107251048,0.455965218649747,0.338669987249819,"violation"
297,480,0.361271680624583,0.303404389514285,0.458257569495584,0.430580196427513,0.310935639447577,"violation"
298,230,0.245098265925064,0.451064212371889,0.379034690742667,0.48025276898442,0.458315119469877,"violation"
299,1390,0.219784862353683,0.482686511642001,0.389951949147271,0.496507652377188,0.510859793368794,"violation"
300,2360,0.550530557780423,0.199638053910285,0.499712643654426,0.379240602201219,0.201959638874868,"violation"
301,3750,0.504768035772837,0.222184442843906,0.499473785320333,0.4,0.222522065483928,"violation"
302,90,0.567685445071924,0.188353447380578,0.493913572686508,0.3,0.19425145113863,"violation"
303,3040,0.198677312723681,0.557831970869433,0.380528840895749,0.499235912014426,0.557835508970552,"violation"
304,2140,0.225540549854676,0.497989102420805,0.398236954399099,0.498635354968149,0.498057848585034,"violation"
305,70,0.933175920561247,0.0198969587911559,0.4,0.0597614304667197,0.0300259943923017,"violation"
306,960,0.157538060747947,0.649219658441712,0.330718913883074,0.48968416514854,0.649392598010112,"violation"
307,1750,0.536365077693381,0.206827809272423,0.499997061215853,0.382272047588294,0.208324599368602,"violation"
308,1600,0.331068327964467,0.338829150190164,0.456042761152943,0.459340559933477,0.339302287597145,"violation"
309,1270,0.527057939310264,0.211317579343387,0.499726504653454,0.382472969726156,0.212506566217183,"violation"
310,680,0.474074493146323,0.236168601418239,0.493171362793487,0.393227704621204,0.236950611461465,"violation"
311,3240,0.496679750507388,0.225822571341521,0.49892851202631,0.401611290382528,0.226166339405928,"violation"
312,3280,0.282313232345653,0.397186727994067,0.436816518041918,0.482507439845487,0.397899312391317,"violation"
313,700,0.603371660268036,0.177599253163422,0.497772589663601,0.345498752175897,0.178216601031297,"violation"
314,850,0.216015316394227,0.518812153547048,0.381220041082815,0.498913698842529,0.519249072183397,"violation"
315,1500,0.216915021277295,0.515253058386174,0.388567740412002,0.499357809813987,0.517246742142566,"violation"
316,1650,0.338282300274246,0.331387246083909,0.459307979484752,0.456382550213719,0.332066563749382,"violation"
317,280,0.621130429596638,0.168776552074568,0.498722858706034,0.318157963590287,0.170237071604879,"violation"
318,430,0.639353600632129,0.158613053016717,0.49510857804753,0.317754765282795,0.162048873040571,"violation"
319,1610,0.577215839918665,0.189185259261556,0.498562417752173,0.366836315505111,0.189969168694516,"violation"
320,50,0.217817381892291,0.503196662984151,0.3,0.466476151587624,0.515238501661633,"violation at burn-in"
321,290,0.167299630228913,0.625336690079132,0.31755981020256,0.498284810801399,0.627667825603898,"violation"
322,160,0.64873729592327,0.15054139042311,0.498591766879478,0.282566363886433,0.157832506955811,"violation"
323,1730,0.175772156940094,0.607258336953369,0.355649196583899,0.495165238128533,0.608811870640419,"violation"
324,1390,0.209016049875543,0.526845403992315,0.381650438343967,0.499771698823141,0.534826226290157,"violation"
325,1740,0.176024182124171,0.60790926118136,0.355941120299916,0.495059486157161,0.608250978278245,"violation"
326,1070,0.391410323557218,0.286216169430545,0.475928557626419,0.430557207729048,0.286993557064123,"violation"
327,300,0.181830706285932,0.592912116307599,0.332599191553771,0.499899989998,0.595328321103966,"violation"
328,1840,0.241861203748208,0.464061829745896,0.408310627495195,0.494667930089066,0.464449193539325,"violation"
329,4000,0.533498502454239,0.207534130733044,0.499957748214787,0.389509627608869,0.209612634651369,"violation"
330,2360,0.186616466809522,0.583011411095804,0.368326377819359,0.497536122643621,0.584677415184752,"violation"
331,820,0.577014101028824,0.188970785819403,0.499404761693738,0.358262712721532,0.19005981582091,"violation"
332,2100,0.510950179507848,0.219689245727336,0.499409855811469,0.393798583368501,0.219744249243452,"violation"
333,3350,0.364787117921122,0.307932816354778,0.472792851959857,0.449872039429105,0.307939166463644,"violation"
334,3160,0.52691686186756,0.21255872993375,0.499991888253379,0.391699549519034,0.212569956398374,"violation"
335,4280,0.490910792990377,0.228770736791385,0.498753742063446,0.405499791898592,0.228824142050402,"violation"
336,3190,0.171671290645412,0.617583387422794,0.357531722366978,0.492123173916488,0.617938516421509,"violation"
337,60,0.255391801636375,0.4054795005427,0.339934634239519,0.433012701892219,0.439842783948262,"violation"
338,2210,0.579640507891324,0.188400229181844,0.497948330526658,0.369270692544854,0.188879695146033,"violation"
339,1720,0.509806952184462,0.219602124095224,0.499187752910154,0.391932917185867,0.22025793439242,"violation"
340,2270,0.213402960174682,0.524892672617122,0.389738150110526,0.499914409798655,0.525062977869797,"violation"
341,850,0.358588619804974,0.309228245914739,0.46273446315463,0.440547001918812,0.313262147277288,"violation"
342,1520,0.510074187621523,0.219746560656023,0.499083300937066,0.390838203589467,0.220137857770309,"violation"
343,2360,0.198741553118758,0.544186394391318,0.378510808758517,0.499887771087521,0.557692539342044,"violation"
344,4000,0.508231792511484,0.217176576821006,0.499648313816829,0.396776936703735,0.220965699256598,"violation"
345,570,0.560125850995854,0.197140080485238,0.499996922120413,0.359632006439084,0.197648195713977,"violation"
346,1260,0.16742613519597,0.627267691792604,0.344165456468327,0.49287183987493,0.627386283622056,"violation"
347,940,0.550707675371808,0.201737824446247,0.499998868264903,0.371084508012551,0.201880054811004,"violation"
348,480,0.345799884319403,0.321329588636785,0.451612658210059,0.439992897669951,0.324847537905907,"violation"
349,720,0.536296075749518,0.206716645824566,0.499621770522709,0.371431062177919,0.20835560394056,"violation"
350,2430,0.52990135287581,0.210973649468013,0.499989161426328,0.388447721544501,0.211228938145219,"violation"
351,390,0.334413398087378,0.331651869458431,0.443560099795031,0.442216638714053,0.335908314893395,"violation"
352,1150,0.210286747006889,0.531578390817183,0.380523964702179,0.499806389736238,0.531998237816627,"violation"
353,210,0.358608125949821,0.300131092012174,0.444696640464954,0.413600966678256,0.313245107683432,"violation"
354,1330,0.191519945128946,0.573513200500338,0.366745460811957,0.499048787092926,0.573764523492899,"violation"
355,1030,0.57193409023259,0.192026924126036,0.499410530082007,0.364066019231062,0.192342411809686,"violation"
356,1200,0.150882941131456,0.662565755276008,0.32690042656578,0.485591706637949,0.664203839100625,"violation"
357,340,0.181948101600242,0.590002439728319,0.335655120416167,0.499861572533338,0.595067053027156,"violation"
358,1410,0.59888916057091,0.180176637504224,0.496688900814123,0.357418663757438,0.180230717976862,"violation"
359,410,0.358034569801378,0.31351472712254,0.454994100150674,0.433714501587815,0.313746913019104,"violation"
360,780,0.450144091152128,0.24861968580888,0.489367555999803,0.403795275590349,0.249547296604061,"violation"
361,390,0.250223977886592,0.44547805492105,0.394113490998446,0.483956953329396,0.448926765444586,"violation"
362,160,0.841148158680942,0.0598319374954696,0.436561493377508,0.15612494995996,0.0713767333080058,"violation"
363,1940,0.515817482870686,0.217194401807642,0.499574694234572,0.39123813210413,0.217557228865384,"violation"
364,2580,0.222242660613726,0.50480904178135,0.397359796663335,0.499242109334688,0.505389862747091,"violation"
365,4000,0.220039637547043,0.507981282508145,0.398870593049926,0.499638869584823,0.510292780748407,"violation"
366,3000,0.499354570109111,0.224678990947197,0.499038074699717,0.400249783121601,0.224954867249458,"violation"
367,2740,0.199959048912597,0.554901541962226,0.38074562795085,0.499454121538257,0.554982952622588,"violation"
368,820,0.300798896200791,0.36991545496662,0.435792644534461,0.466757837897285,0.373446320608573,"violation"
369,710,0.212631097039847,0.522196641148154,0.376003583365148,0.498856060973032,0.526780790867566,"violation"
370,1740,0.353363489445211,0.317734769356443,0.465627558945017,0.450616861153192,0.317894305395472,"violation"
371,730,0.25915401844021,0.43326120237942,0.409916486146339,0.485250649568588,0.433457454009041,"violation"
372,1390,0.310795139407733,0.345175907526279,0.445694920913195,0.461029288398967,0.361434999412704,"violation"
373,2890,0.181769115179017,0.594647374869198,0.36583412152331,0.495885297404686,0.595465394633237,"violation"
374,1830,0.568989776796947,0.193355148645071,0.498994479986267,0.37169758812364,0.19366537711576,"violation"
375,2020,0.573869661982293,0.191459375197503,0.498544838686318,0.371046456650436,0.191472703360418,"violation"
376,770,0.243327353739731,0.45837151764595,0.4,0.490929704782619,0.461650691148595,"violation"
377,3050,0.35656310719175,0.314546776235228,0.469556847923522,0.45246186741796,0.315041682001318,"violation"
378,2590,0.246459035577319,0.455107562709892,0.414037355343672,0.494061271507772,0.455784632793731,"violation"
379,880,0.351568055310739,0.318232275538746,0.460214646291442,0.445361771415123,0.319517769980605,"violation"
380,2570,0.369213407699707,0.303257510237109,0.473206785658626,0.446170501149085,0.304247458750655,"violation"
381,940,0.285110677149731,0.391868832767133,0.428627041596406,0.475264097080501,0.393995209692943,"violation"
382,1670,0.561551403021303,0.196681322112064,0.499481964778022,0.373568238574424,0.197007653899087,"violation"
383,50,0.912262460783716,0.0277698232258946,0.438634243989226,0.0707106781186548,0.0394230176102469,"violation at burn-in"
384,1580,0.166766994380536,0.627733839369305,0.346197324839933,0.492086063732283,0.628853228484444,"violation"
385,1110,0.201106581082114,0.550708623238726,0.372677996249965,0.499979709027445,0.552429072812567,"violation"
386,880,0.543126672925712,0.205158547351265,0.499936721202405,0.373016448244789,0.205286418787079,"violation"
387,1400,0.500272426711613,0.223593007022592,0.498280717537201,0.392864285649352,0.224542072846484,"violation"
388,600,0.208047926032575,0.533726401544102,0.369669522080947,0.499288382489407,0.536980825526531,"violation"
389,1030,0.559356032465918,0.195199136381893,0.499864247760414,0.366786042715798,0.197994097476591,"violation"
390,1220,0.536169289425666,0.208278801454312,0.499932809245144,0.379616172721575,0.20841257270812,"violation"
391,3690,0.382556903284318,0.293309165497869,0.478763008907803,0.443212400993027,0.293635378331729,"violation"
392,730,0.548590176549084,0.202464854596185,0.499953084682045,0.36812376454617,0.202831508363538,"violation"
393,1840,0.358251109884372,0.312806280222385,0.467762428491758,0.448678747153738,0.313557272901573,"violation"
394,3000,0.326162917542782,0.343596117232269,0.457526562677573,0.464648493188369,0.344405310927387,"violation"
395,3020,0.190203701684811,0.576227167537629,0.373465898489176,0.497877055318061,0.576693877149681,"violation"
396,2200,0.62178932146958,0.169850722358746,0.492243766461125,0.352558535084824,0.169941012402145,"violation"
397,280,0.370797461488748,0.300489745982916,0.455073441034185,0.419912527334259,0.302947707835681,"violation"
398,1070,0.387557454410532,0.289174165413472,0.474708400318782,0.432200300998764,0.289846678862521,"violation"
399,1520,0.377745793274644,0.296001236785881,0.473530676872215,0.438921809176347,0.297375227015786,"violation"
400,80,0.175635039394075,0.592231391782881,0.282566363886433,0.496078370824611,0.609117031351099,"violation"
401,1390,0.324277915666919,0.341450641905901,0.452045938782364,0.459502772561627,0.346407311759975,"violation"
402,1280,0.215579997275117,0.51920175929138,0.385870281342626,0.499413107705873,0.520217892699933,"violation"
403,1400,0.527542087174866,0.212152559292639,0.499795876701026,0.384187454245971,0.212289024558702,"violation"
404,1390,0.149805421607464,0.665815636161869,0.327634461488797,0.484076443986899,0.66660190290252,"violation"
405,960,0.148250754377218,0.669584171812204,0.321022671404304,0.484919049301015,0.670061878453617,"violation"
406,1770,0.210561144759443,0.528286543629144,0.38531280546853,0.499907744688868,0.531387554387632,"violation"
407,2870,0.206146161686124,0.540727005416236,0.386033942750826,0.499904809499149,0.541213279915906,"violation"
408,2370,0.30942293688296,0.362364445666135,0.448667469089393,0.470501786539001,0.363037860608877,"violation"
409,170,0.512313607218891,0.209426256991974,0.491061980316243,0.34203745317898,0.2191316216824,"violation"
410,1560,0.510413276255711,0.219724514708965,0.499129748908929,0.391080282016683,0.219985495425566,"violation"
411,1580,0.565020951832358,0.19471642051973,0.499358665761377,0.371351826625316,0.195448685125861,"violation"
412,1030,0.195199136381893,0.565165075500713,0.366786042715798,0.499694505598611,0.565576332775714,"violation"
413,850,0.354907711161198,0.314192811564446,0.461273999291251,0.443040766868317,0.316511130912804,"violation"
414,2750,0.172324316922131,0.61508249288262,0.356893113151369,0.49289349762398,0.61648517971529,"violation"
415,170,0.947786547722663,0.0224563516368107,0.329043912257576,0.076470588235294,0.02346101642476,"violation"
416,310,0.164600000345065,0.6328526448879,0.316474465650784,0.497328973839855,0.633675962402184,"violation"
417,2110,0.196097938143998,0.563114551362046,0.375341088336472,0.499217509493833,0.563576012667548,"violation"
418,1850,0.187853861601528,0.57976758242616,0.367106626722389,0.498173141770895,0.581923542430439,"violation"
419,4170,0.195983726846939,0.563637329825025,0.380632351878415,0.498616457299454,0.56383019458365,"violation"
420,50,0.0277698232258946,0.927726054121793,0.0707106781186548,0.427083130081252,0.938197121833771,"violation at burn-in"
421,3460,0.535024978236756,0.208745952918417,0.499959569350026,0.389442153537492,0.208926744869261,"violation"
422,1740,0.108912259968275,0.754941722439547,0.282356503154837,0.448660312597271,0.757611307825992,"violation"
423,2570,0.537486510467089,0.207542171137764,0.499974412281119,0.386248071661946,0.207820707142064,"violation"
424,1390,0.219784862353683,0.50806344718862,0.389951949147271,0.498855374268558,0.510859793368794,"violation"
425,2730,0.309004579429157,0.363525395481939,0.449285579523116,0.471533867466976,0.363529373049498,"violation"
426,2080,0.589059090087923,0.184534664647506,0.497092136043185,0.365352984460833,0.184647653364182,"violation"
427,60,0.48369493526252,0.207719357790155,0.465176191231762,0.3,0.232237786340141,"violation"
428,2360,0.505156678585839,0.221536124007768,0.499193366866688,0.396135453983737,0.22234743701135,"violation"
429,2360,0.218861291911695,0.497922251554988,0.394164376719597,0.498731513608174,0.512915237187785,"violation"
430,420,0.360039513275229,0.308937053451727,0.456149714850592,0.431629302614273,0.311999758047207,"violation"
431,110,0.0538793907304366,0.869528216800663,0.133608531424537,0.430356377401623,0.880089210727176,"violation"
432,880,0.498535001721366,0.224920546329687,0.497260054683132,0.388481827329528,0.225324682602905,"violation"
433,1670,0.202437602809504,0.549008740904962,0.378293857476712,0.499896364174457,0.549466829481547,"violation"
434,1270,0.209626617854578,0.533371868724822,0.381141404911013,0.499895208809246,0.533467382263187,"violation"
435,1420,0.188068523020734,0.57880156385484,0.364503123822463,0.49860497714074,0.581445804656228,"violation"
436,1710,0.21526536405045,0.520297959962944,0.388605621672291,0.499671243788304,0.520918121818891,"violation"
437,550,0.346101529679341,0.319045367227924,0.453340220333362,0.440604393311005,0.32456441649761,"violation"
438,2130,0.628805018911625,0.166753468312589,0.491014277622556,0.349309972451115,0.166788656337951,"violation"
439,160,0.617792761592488,0.166930886135245,0.499960935974002,0.3,0.171736782511751,"violation"
440,3480,0.217183156305952,0.516523352451887,0.395846344989222,0.499854318848346,0.516649996661928,"violation"
441,2870,0.536897976416606,0.207610706695167,0.499964912753515,0.387177004236248,0.208085152537315,"violation"
442,3910,0.535436347113209,0.208476304475766,0.499933015312765,0.39008183737428,0.208741904918134,"violation"
443,1420,0.243733697333097,0.4586306704983,0.407207919890835,0.493164443587496,0.460881044592644,"violation"
444,2750,0.170779402506001,0.619757487892359,0.355460079008312,0.492064498896618,0.619923449979406,"violation"
445,2940,0.560545794450492,0.197053156679698,0.499103272885434,0.378945607234904,0.197459502956517,"violation"
446,820,0.355934344925091,0.30467215273002,0.461381934744423,0.437830354581793,0.315598206891067,"violation"
447,6240,0.626302355153802,0.167886885807813,0.488994778214759,0.358790839937162,0.167913175651788,"violation"
448,1760,0.592307176438652,0.182618256861509,0.497015888466787,0.362012977913342,0.183188194088845,"violation"
449,2490,0.496224982873191,0.226287247866483,0.498662587709391,0.4,0.226373610572549,"violation"
450,140,0.199115115040471,0.546274935254463,0.326624667576391,0.494871659305394,0.556861161995946,"violation"
451,1470,0.555935402208276,0.19867709041254,0.499775969061376,0.373890448242234,0.199531085726886,"violation"
452,2440,0.521242955306715,0.214878257735279,0.499858720970093,0.391456522253538,0.215119406955856,"violation"
453,60,0.0231775154880794,0.943625810386874,0.0645497224367903,0.4,0.948417490660511,"violation"
454,900,0.217667438628999,0.514906863510149,0.383259252100961,0.498734200220053,0.515572206531041,"violation"
455,1040,0.529219062925915,0.210072188963129,0.499666123733739,0.37914255293199,0.211535510781633,"violation"
456,2370,0.516221931564865,0.217072045892008,0.499700634979563,0.39286665832024,0.21737549835259,"violation"
457,700,0.132243438919066,0.703878880299649,0.298085729347811,0.476969600708473,0.705686814161024,"violation"
458,1070,0.583264947311994,0.187092054332239,0.498669730076226,0.360248553087652,0.187251129535637,"violation"
459,680,0.205521737928881,0.542478117943745,0.369580211688846,0.499783690234307,0.542602960544372,"violation"
460,2250,0.309401378634619,0.362461637033093,0.448343122569707,0.470293000344295,0.363063156101712,"violation"
461,610,0.497272397517477,0.224686492415176,0.496104145077118,0.383091289081277,0.225896795378347,"violation"
462,4000,0.229398534816721,0.484151911849163,0.405516645774252,0.498169085251183,0.489681597657342,"violation"
463,2520,0.314436868441729,0.356034281999813,0.451376635103167,0.46852292517922,0.357248949800308,"violation"
464,3620,0.179119361891053,0.600491267903867,0.365268587467924,0.49469353799035,0.601362529026008,"violation"
465,510,0.349241078190506,0.31790513957142,0.453852745386017,0.439062473277113,0.321646702075607,"violation"
466,310,0.125124212301041,0.71717986392794,0.272289403486034,0.480374463715775,0.721530944378653,"violation"
467,1590,0.532727673484396,0.208990466588236,0.499952135678233,0.383030744102316,0.209958990433901,"violation"
468,1370,0.244634842357636,0.456209732240349,0.407464058964543,0.492652606463016,0.45918332788052,"violation"
469,820,0.32012372506964,0.326542867043594,0.44558779499197,0.448639625295058,0.35090257994739,"violation"
470,530,0.23870693950258,0.470377299839744,0.391253610440146,0.491378137680242,0.470586407179384,"violation"
471,2440,0.176282622089443,0.607356919311195,0.359465248269964,0.49440500345793,0.607675809557974,"violation"
472,1750,0.533506567047031,0.209259399347915,0.499979101604073,0.384187454245971,0.209609010996244,"violation"
473,1750,0.536365077693381,0.207435872687958,0.499997061215853,0.382753077541314,0.208324599368602,"violation"
474,50,0.153266926425883,0.570623200119291,0.237486841740758,0.485386443980464,0.658898182254953,"violation at burn-in"
475,390,0.54773895401971,0.201005443102514,0.499342104978217,0.355810230947726,0.203213987300895,"violation"
476,1400,0.539701643057938,0.206033845281462,0.49999540814218,0.379354984258323,0.206825383909636,"violation"
477,1890,0.250100813481911,0.44739224186506,0.413959881868577,0.492035329455212,0.449147843485242,"violation"
478,1030,0.730686027194568,0.120949133001496,0.463952739409623,0.290717938209132,0.121010568422958,"violation"
479,4090,0.540923894026892,0.205866102736077,0.499798860793012,0.388366971635633,0.206276191147864,"violation"
480,3790,0.214112363442573,0.523386595616355,0.394145179132266,0.499982177472821,0.5234841718623,"violation"
481,3910,0.580298083822416,0.188412266892733,0.497162032478241,0.373893537754686,0.188584227234087,"violation"
482,1740,0.522635864187774,0.214094476244039,0.499759157214729,0.387877390927069,0.21449353265122,"violation"
483,1630,0.196130398605042,0.561283727117863,0.372860804752561,0.499511975313783,0.563503770582937,"violation"
484,820,0.437898645056491,0.251345729901924,0.48696726867568,0.406262326495829,0.256525664779835,"violation"
485,1390,0.3175413902512,0.350386629760636,0.4489283572516,0.463111021493626,0.35375621723027,"violation"
486,1640,0.174005893911097,0.612487129752759,0.353448213321694,0.494526480200276,0.612742761301935,"violation"
487,2740,0.534862343738384,0.208794572315234,0.499989210816515,0.387734003977025,0.208999821259944,"violation"
488,4670,0.496377538771778,0.226260227871292,0.499163632482277,0.404271596861789,0.226304037260141,"violation"
489,3310,0.526479992358077,0.212625487183144,0.499992606803621,0.392085891110812,0.212766254522524,"violation"
490,1440,0.501634496932803,0.222737321408708,0.498430697010349,0.392520247964011,0.223930055244942,"violation"
491,2360,0.352999574123934,0.317259460610377,0.467094282100689,0.452297710476865,0.318222029893631,"violation"
492,170,0.620103156551437,0.16502107180595,0.499861572533338,0.3,0.170698655138145,"violation"
493,1680,0.353321508726527,0.317629300156093,0.465410344264879,0.450330173027779,0.317932076748407,"violation"
494,1210,0.380143468711166,0.295074573410691,0.473034200770616,0.43653264946262,0.295499594955966,"violation"
495,830,0.35558538229311,0.315136637152885,0.461345108398694,0.443270352068012,0.315907927105703,"violation"
496,2670,0.498515163598738,0.225143124883712,0.498887651569859,0.399718826958127,0.225333649268336,"violation"
497,6780,0.221327978232315,0.504442323867162,0.402847588054545,0.499702119740998,0.507425525823493,"violation"
498,3710,0.241901793092141,0.464015546797541,0.413478846062257,0.495937023509957,0.464371262376372,"violation"
499,1040,0.585840763389446,0.184986958692808,0.498518515262143,0.358011385806183,0.186093740765799,"violation"
500,2060,0.552532053061212,0.200737346628249,0.499711246624316,0.378925708078029,0.201060309073666,"violation"
501,130,0.568675629329463,0.184098063535601,0.497092136043185,0.309991410455537,0.193806532671905,"violation"
502,3370,0.553281208529489,0.200527661027278,0.499407586070805,0.382797253385407,0.200723691823142,"violation"
503,2410,0.514613213154522,0.217924427715532,0.49965122733578,0.393639273384043,0.218098342129465,"violation"
504,1530,0.556617842107021,0.198805531133642,0.499732937349419,0.374422533718589,0.199224445714111,"violation"
505,800,0.599280708345371,0.179734701850248,0.497856342231371,0.349562226220168,0.180054784220961,"violation"
506,810,0.206148296646978,0.536893486955629,0.372677996249965,0.499742350931391,0.541208528473144,"violation"
507,2180,0.17186168115868,0.615462591993891,0.354352676546225,0.493363711548324,0.617514794541835,"violation"
508,4730,0.237243443312026,0.473474584553651,0.411852346864424,0.497331804160648,0.473489338466414,"violation"
509,2750,0.285026944667569,0.393231407772089,0.437231863522478,0.480838936281816,0.39411095382691,"violation"
510,2360,0.548839312424589,0.19649932487647,0.499767254074091,0.376671797731095,0.202719564398673,"violation"
511,820,0.535582684021654,0.206381698749673,0.499708421823333,0.373041185867407,0.208676151506651,"violation"
512,3190,0.190855997720949,0.574669202196165,0.374444292018188,0.497958114880827,0.575242165623763,"violation"
513,1830,0.515477292270238,0.217179401275743,0.499522002698968,0.390694714806803,0.217710086355485,"violation"
514,2640,0.227640339337608,0.493337423644891,0.401413473403591,0.498504996369102,0.493463686428212,"violation"
515,2170,0.208882185258481,0.534797629226022,0.385867314615978,0.5,0.535124147474305,"violation"
516,680,0.60401362851382,0.176078419152572,0.497780541130354,0.343598779257532,0.177928146104423,"violation"
517,1110,0.59106314778418,0.183488881487485,0.49796681005554,0.357512394763744,0.183747172195492,"violation"
518,1830,0.772155381228247,0.101861191095839,0.438992396410716,0.273480207784198,0.102377186532395,"violation"
519,3700,0.190381856920003,0.575863573220552,0.375157235115048,0.497680228594887,0.576297385382135,"violation"
520,4210,0.492884997166825,0.227812263224203,0.498877045912128,0.40473059009594,0.227907608620687,"violation"
521,1090,0.487530803349401,0.229392817009128,0.496540510681234,0.394388720370728,0.230410551000199,"violation"
522,1700,0.353539018221177,0.3164461267586,0.465561386762574,0.44985926288272,0.317736473882013,"violation"
523,800,0.199050178059091,0.549507548751964,0.366606055596467,0.499985937302241,0.557005681905779,"violation"
524,630,0.187828859408543,0.578184229497116,0.353138039840889,0.499637056480619,0.581979185834229,"violation"
525,820,0.362295276541388,0.30467215273002,0.463881343933183,0.437830354581793,0.310057150348944,"violation"
526,370,0.128801442748779,0.710192906116147,0.281081081081081,0.480625353534528,0.713347117513713,"violation"
527,2300,0.17935141285906,0.599752191650946,0.361697321998686,0.495613270784484,0.600846090099211,"violation"
528,780,0.314296387869292,0.353382326153653,0.442216638714053,0.459917023645628,0.357408628813201,"violation"
529,2310,0.186421293559463,0.584806712150694,0.367965622612593,0.497383758906913,0.585111781240906,"violation"
530,1810,0.181256767112154,0.596396503559001,0.361086392267316,0.496492996860114,0.596605646225673,"violation"
531,900,0.566121560265455,0.19222693271965,0.499757966110955,0.362433476228891,0.194954149878719,"violation"
532,2360,0.506432614194486,0.221090440675848,0.499264037503127,0.395808756803181,0.221774122186037,"violation"
533,50,0.116957991591129,0.716205150425039,0.195959179422654,0.499599839871872,0.739705202799664,"violation at burn-in"
534,950,0.258694669772703,0.433361137716112,0.412815479964857,0.486657432968728,0.434227118510033,"violation"
535,280,0.19014267830211,0.57490093052304,0.338646013484552,0.499885190900503,0.576829687185477,"violation"
536,1380,0.217463523175926,0.515229270987967,0.388121110246894,0.499280620910024,0.516026028717806,"violation"
537,1380,0.190244232228945,0.576061625698679,0.366067563487394,0.498838706006637,0.576603674764857,"violation"
538,2360,0.24154336543836,0.462927587515701,0.410114989725409,0.495027703733208,0.46506034568758,"violation"
539,840,0.228842454660135,0.488622654416271,0.390788202868426,0.496003015040942,0.490871508943283,"violation"
540,70,0.694769319449609,0.134423306658023,0.499183005990176,0.232115382989599,0.137148985508502,"violation"
541,1950,0.546125267749633,0.2036060998687,0.49990505344406,0.380732882664662,0.203939063281039,"violation"
542,1390,0.307042942002541,0.354105289189646,0.443847578390398,0.464558840635063,0.365851891258832,"violation"
543,3110,0.18278352130256,0.592108031481985,0.367320246263533,0.496093547436393,0.593207792287179,"violation"
544,3100,0.61632161525117,0.172109254514609,0.492412671784579,0.357702665170579,0.172397811173361,"violation"
545,890,0.196782434949593,0.558695879932811,0.366188721874083,0.499938135296606,0.562052637011275,"violation"
546,2360,0.303253817058653,0.363855499546763,0.44565616275092,0.471003500640524,0.370423172637524,"violation"
547,2030,0.534303201979846,0.208850242255983,0.499997816006296,0.385250650895157,0.209251059847103,"violation"
548,430,0.361937628374667,0.307084671352647,0.457235561951424,0.430979866366898,0.310363532893083,"violation"
549,1430,0.205578191816185,0.542169263746952,0.379217686936902,0.499999510978293,0.542477320107606,"violation"
550,950,0.465570526958362,0.240663780667717,0.493036271021652,0.400787313813857,0.241278677503896,"violation"
551,1520,0.51536088986119,0.217644937655719,0.499374608885954,0.389255250802103,0.217762389329364,"violation"
552,1690,0.131650215940625,0.706743338502776,0.309991410455537,0.470062761804222,0.707007056179267,"violation"
553,1120,0.450553348596586,0.248256429605297,0.490961026550822,0.4078158598071,0.249320621806952,"violation"
554,1620,0.219684372392526,0.509639363038421,0.391420332306856,0.499121312957092,0.511083437890252,"violation"
555,1210,0.207281801180202,0.536257883217581,0.378725264045937,0.499931693988752,0.538685867741821,"violation"
556,840,0.603051177727194,0.17802620244885,0.497372632085233,0.348707932548461,0.178360603119391,"violation"
557,930,0.343466324687252,0.32320826888916,0.45731297831367,0.448258149117966,0.327054598821562,"violation"
558,1820,0.198491527494537,0.555564263036571,0.375922164463677,0.49967112720073,0.55824898160192,"violation"
559,1510,0.228905282350367,0.48998749599144,0.39749500701484,0.497460327838215,0.490736779317165,"violation"
560,2860,0.191756629842472,0.573218120197795,0.374337565101467,0.498206843762305,0.573237771975798,"violation"
561,1570,0.192508991791905,0.569093120323963,0.369417966071681,0.499140809115459,0.571563359664294,"violation"
562,480,0.749474282504762,0.110216942113283,0.463512405443479,0.263391343821318,0.112568461126859,"violation"
563,480,0.562683896397874,0.195384535804357,0.49998263858747,0.355017360686613,0.196498791823323,"violation"
564,2460,0.218306151673624,0.513895374445297,0.394089076241932,0.499634839226848,0.514150724508665,"violation"
565,2430,0.54840519577976,0.202725228100686,0.499768104872552,0.381978358916071,0.202914625581,"violation"
566,2810,0.199965772563008,0.55434769550181,0.380953332671782,0.499464639111544,0.55496798886341,"violation"
567,1620,0.172102279043114,0.6166370449759,0.351539822656808,0.493913572686508,0.616979334102718,"violation"
568,3760,0.6596811470352,0.152635459879853,0.481992384920939,0.340412129889117,0.152915117672235,"violation"
569,5090,0.606427640940324,0.176607267346593,0.493177150970967,0.36543591668591,0.176843460401456,"violation"
570,4000,0.235628637543158,0.470327843768195,0.409777683628574,0.496797493955032,0.476734246739131,"violation"
571,210,0.217159716659212,0.515775740542341,0.354721953646927,0.493403194170995,0.516702162555096,"violation"
572,960,0.362433420648414,0.309078628619042,0.465176191231762,0.441665438284455,0.309938969834339,"violation"
573,190,0.639344175809726,0.161668881549373,0.498640811887453,0.3,0.162053107886258,"violation"
574,3100,0.581775895093017,0.187782880491295,0.497295390603099,0.371616683448515,0.187920203826707,"violation"
575,320,0.611575936934956,0.167098036569448,0.499022481958478,0.319774700961474,0.174530181895219,"violation"
576,2110,0.182985997081197,0.591851108967051,0.364126649390796,0.496755041548075,0.592757174154793,"violation"
577,2440,0.357301435760831,0.313902808606624,0.468832396681849,0.450944654806405,0.314390679091751,"violation"
578,1550,0.183835796697503,0.590837780739283,0.361750858551644,0.497395505892442,0.590865910327686,"violation"
579,1410,0.240150747528677,0.465348801385516,0.404708592467048,0.49420768443068,0.467757199114657,"violation"
580,1020,0.218302143862241,0.513493165029195,0.385326546557252,0.498821178623145,0.514159644056932,"violation"
581,1050,0.778805855981696,0.0991059521378267,0.44018548965876,0.262235289270486,0.0993889356005398,"violation"
582,1390,0.586409453045582,0.18503040468484,0.498006480826702,0.361595787996481,0.185838212031704,"violation"
583,2610,0.360577127850824,0.310990463543312,0.470309595701209,0.449969620024633,0.311534571532166,"violation"
584,1500,0.175420361706171,0.608261007392055,0.353773310971243,0.495354418573207,0.609594805331964,"violation"
585,520,0.176442627815729,0.602752963975377,0.339241888881072,0.498518515262143,0.607319710265332,"violation"
586,220,0.586784557514354,0.180093719360975,0.499917348540637,0.322823289173904,0.185669666729314,"violation"
587,1990,0.142468457109519,0.681716830478692,0.323900825335337,0.477829998046011,0.682930617683591,"violation"
588,480,0.614461853573494,0.166817823232526,0.497698697060335,0.328341529085527,0.173233455961496,"violation"
589,1570,0.20614304767143,0.541136011814804,0.38064666296135,0.499998377213481,0.54122021028306,"violation"
590,910,0.185351930286565,0.582113808445855,0.356532022011317,0.498983388672644,0.587491692972167,"violation"
591,1220,0.548468843547594,0.20209785404664,0.499983203157802,0.374621550501984,0.202886026795411,"violation"
592,1050,0.51867561043265,0.214307170943551,0.499183005990176,0.382592896252712,0.216272989368651,"violation"
593,530,0.224107765514697,0.501170767139074,0.380370058330667,0.49610802806173,0.501238995454049,"violation"
594,1150,0.551592640417322,0.200900547971403,0.499962947587421,0.37293704775458,0.201482414383823,"violation"
595,50,0.357089842523054,0.303975218854118,0.4,0.366606055596467,0.314576970981898,"violation at burn-in"
596,1600,0.409461375709918,0.273122774378627,0.48313914921066,0.426702014730421,0.274341482965385,"violation"
597,1540,0.163242283516119,0.636182269205695,0.342484916992481,0.490549497240294,0.636697616774305,"violation"
598,480,0.330250865008807,0.321329588636785,0.444390187660449,0.439992897669951,0.340142155346996,"violation"
599,2620,0.597919922709649,0.180270137040228,0.495620791062383,0.363678374747147,0.180666224621046,"violation"
600,820,0.5975935531519,0.176833667791925,0.497959847295085,0.347239903046435,0.180812871916348,"violation"
601,1390,0.37413985248375,0.29802492070368,0.471826731734496,0.439262100575992,0.300241314266794,"violation"
602,2840,0.200867646453603,0.552913427893614,0.381764031878988,0.49952318069731,0.552960831607552,"violation"
603,400,0.184639144932618,0.585107853641325,0.341723572496836,0.499843725578305,0.589078025950607,"violation"
604,2360,0.180762984833167,0.596887452859461,0.363192448528599,0.495943759495561,0.597704578897324,"violation"
605,480,0.18116651247778,0.581407775980118,0.342168077201184,0.499787281139575,0.596806511608459,"violation"
606,650,0.604268534222671,0.175321135559648,0.497865265393366,0.34213392305028,0.177813609586317,"violation"
607,1750,0.181796115156584,0.594972943974398,0.361222414383522,0.496723961448963,0.595405305078093,"violation"
608,2120,0.562913793971416,0.196197695046112,0.499224879786733,0.375466957398724,0.19639549218475,"violation"
609,1580,0.170191375925753,0.618993412728003,0.349465107328594,0.493599475523243,0.621232127200788,"violation"
610,2840,0.507839051375861,0.220464960595718,0.499459636592986,0.396795835577843,0.221142169224233,"violation"
611,2060,0.53216341974358,0.209997998543644,0.499988453066781,0.386276017935668,0.210212525982761,"violation"
612,4020,0.415580033657389,0.270256538985632,0.487592330777103,0.431275494337482,0.270302305047489,"violation"
613,2380,0.186869774588427,0.583314991961444,0.368620320399647,0.49749371855331,0.584113668355294,"violation"
614,1390,0.183475745771974,0.588551103350908,0.360216193731467,0.497808457323919,0.591667218398792,"violation"
615,1410,0.223563979477937,0.501156510450977,0.392916122501948,0.498363096917697,0.502449213535202,"violation"
616,2100,0.510472339161065,0.219689245727336,0.499386471655533,0.393798583368501,0.219958956751485,"violation"
617,2360,0.316822297170321,0.354303252716355,0.452097794699799,0.467577785960352,0.354559139405887,"violation"
618,4590,0.503916827904569,0.222895004528586,0.499534577691956,0.401786218300985,0.222904537833625,"violation"
619,1390,0.489222322774419,0.227454747225874,0.497234211601846,0.395618045607698,0.229613890863075,"violation"
620,1930,0.607673087368122,0.175266143987885,0.494860969896563,0.356307948979757,0.176283845248189,"violation"
621,160,0.0700682711037969,0.841148158680942,0.173992636338438,0.436561493377508,0.844060194869794,"violation"
622,3790,0.204193911983889,0.545270053899092,0.386543175412045,0.499687387044201,0.545558091530867,"violation"
623,2140,0.194905525987251,0.565774991658919,0.37447928735542,0.499047918766235,0.566229774726021,"violation"
624,2360,0.332539940145089,0.334283816287427,0.458993565710867,0.459722134829849,0.337800749528896,"violation"
625,1270,0.335887190621405,0.333432290879667,0.456519108931262,0.455456512612642,0.334434429671123,"violation"
626,2340,0.344088576071162,0.326063780561703,0.463641930350593,0.456177114819167,0.326463151761463,"violation"
627,2820,0.512742516132381,0.218647759206466,0.499659861167906,0.395406926460683,0.218938900484601,"violation"
628,3430,0.533144448674135,0.209617312549821,0.49998087494979,0.390049547765768,0.209771721269625,"violation"
629,1760,0.230390756327478,0.487225480599847,0.4,0.497436286359975,0.487572690935725,"violation"
630,850,0.212172257437933,0.527096777173025,0.378196411870283,0.49938924635715,0.52780195718124,"violation"
631,760,0.469482385955779,0.236451002364265,0.492857572994083,0.394980188149318,0.239268275849408,"violation"
632,210,0.815750983092678,0.082562653492968,0.444696640464954,0.202534955410826,0.0827884199065834,"violation"
633,3080,0.230509378617822,0.486136269153,0.404553141408282,0.498075123489312,0.487321781451457,"violation"
634,2340,0.54652948167091,0.203110188649113,0.499835607426101,0.381964989585496,0.20375743825851,"violation"
635,2790,0.511245288063224,0.219441110127958,0.499596965040629,0.395910707701441,0.219611648421963,"violation"
636,2730,0.222614497420029,0.503738433098585,0.398064019775185,0.499224398106263,0.504562324715944,"violation"
637,820,0.159166149938769,0.639672700433752,0.330026227933979,0.49222992939361,0.6457692188807,"violation"
638,210,0.554803492287289,0.199975055538295,0.498159879261791,0.339934634239519,0.200039685639157,"violation"
639,1390,0.534053555850974,0.205932320105055,0.499937369919407,0.379196069231138,0.209363233083584,"violation"
640,2360,0.548416440667694,0.201430393117859,0.499780007621739,0.380690332518699,0.202909572927153,"violation"
641,2330,0.203053437483045,0.547929813957292,0.381882855440433,0.499799366624253,0.548096264210397,"violation"
642,480,0.343583407175041,0.323562430634391,0.450616861153192,0.441111089245731,0.326943148835115,"violation"
643,2820,0.543959244814796,0.204498181207339,0.499837003762693,0.384600421255591,0.204912320122603,"violation"
644,710,0.433329229316022,0.258611149312114,0.485106491273227,0.409200380496563,0.259230703653694,"violation"
645,2010,0.574132589403976,0.190798590458714,0.498530302055723,0.370438019283309,0.191354562454395,"violation"
646,1540,0.173792233035239,0.612488491999921,0.352558535084824,0.494682467651374,0.613218272325975,"violation"
647,1720,0.156051782333416,0.651301663060654,0.336559116560475,0.486841455186215,0.652700371452784,"violation"
648,2360,0.307634255994161,0.347347211081353,0.447786337594999,0.464953130312032,0.365148675222428,"violation"
649,2840,0.2171435023389,0.51666252074359,0.394345918744232,0.499791540555769,0.516738248188579,"violation"
650,2390,0.328911271161971,0.341390006469182,0.457523488863298,0.46268205451094,0.341527490476263,"violation"
651,1510,0.588021886269617,0.184296312189514,0.497721222682027,0.36187311480882,0.18511369908144,"violation"
652,1390,0.420598875064402,0.267070179164913,0.485350849307011,0.421889543869404,0.26707689366051,"violation"
653,1700,0.284611324703492,0.39339522794052,0.433689809899971,0.478956478146478,0.394686476886797,"violation"
654,180,0.611006303091047,0.170362821759893,0.499969134849812,0.307267929089441,0.174786134880228,"violation"
655,4230,0.521181984652811,0.214959776111224,0.499972949432857,0.395498382617634,0.215146802836617,"violation"
656,1590,0.35452765982054,0.316128016213501,0.465546894353441,0.44924506729986,0.316850428782249,"violation"
657,2010,0.559769336813006,0.19768030583131,0.499429391492141,0.376200009788894,0.197808387862449,"violation"
658,1720,0.182389243293792,0.593355445512094,0.361571819474614,0.496940000927036,0.594085274132896,"violation"
659,1170,0.530624922918337,0.210479907199835,0.499788836993938,0.380878330989072,0.210903817167545,"violation"
660,90,0.825232438310221,0.0419823983533527,0.462948147911104,0.104822012578407,0.0785281274553612,"violation"
661,3690,0.349421057076126,0.321420186160958,0.46773850891858,0.456461892368189,0.321481029132232,"violation"
662,1710,0.514431053622213,0.217749296066465,0.499424791394901,0.390487852963173,0.218180191683422,"violation"
663,990,0.600798690073055,0.178573354876447,0.497233444015141,0.351539822656808,0.179372711063712,"violation"
664,820,0.772627944043313,0.102040677827354,0.446206496987212,0.262404907565721,0.102164850372221,"violation"
665,1520,0.676353341588537,0.145255970954479,0.480722113075735,0.323881385173724,0.145423817764023,"violation"
666,1910,0.234884811531579,0.477813998024882,0.403873680409179,0.496549592453725,0.478243954118775,"violation"
667,1340,0.201385667392468,0.550089296772126,0.375107469563634,0.49994430520729,0.551807954806291,"violation"
668,150,0.561061414832793,0.194774386278079,0.497147418333391,0.324961536185438,0.19722781978426,"violation"
669,2360,0.550107782696135,0.200534333487825,0.499726835751877,0.379967103839267,0.202149603965545,"violation"
670,2490,0.21404881230265,0.523616504414322,0.390994124277169,0.499914671514553,0.523625607525251,"violation"
671,3410,0.541735681519534,0.205909510810513,0.499833479034556,0.387139427135576,0.205911431514712,"violation"
672,860,0.48014996046034,0.23375494112424,0.494943332220213,0.394671101715003,0.233952411287523,"violation"
673,1390,0.636880224220071,0.161607596969846,0.490759285980983,0.339675784734583,0.163160232701673,"violation"
674,4100,0.314255172223432,0.357123201445741,0.453762052181537,0.470913588014363,0.357455504183201,"violation"
675,60,0.156233095727573,0.628632346223996,0.249443825784929,0.49749371855331,0.652296851073204,"violation"
676,2190,0.546071101553151,0.203639653238801,0.499869668800146,0.381811619792387,0.203963401721994,"violation"
677,900,0.168960234592203,0.623376740296395,0.341129206903292,0.494592986426438,0.623972082627364,"violation"
678,820,0.174126486665207,0.601215728349035,0.344695073412344,0.497614774709833,0.612474377191983,"violation"
679,270,0.0223446549947269,0.949406122883144,0.0857469400206683,0.304875787070469,0.950271055776192,"violation"
680,870,0.499343062386203,0.224934719552051,0.497317417305378,0.388344181871707,0.224960051497472,"violation"
681,140,0.269664995418887,0.401094781446552,0.382993046241557,0.455073441034185,0.416562189893474,"violation"
682,1840,0.324624592088903,0.345384749080951,0.454113406865395,0.462849520512814,0.346037372912714,"violation"
683,1180,0.717572103072247,0.126056231942205,0.468216312583347,0.298866718980008,0.126903034364352,"violation"
684,680,0.605468058969447,0.176078419152572,0.497639323399761,0.343598779257532,0.177274628374415,"violation"
685,2440,0.186732132900319,0.583378555254234,0.368721288151998,0.497452357947816,0.584419995565646,"violation"
686,1700,0.513203494258474,0.218371309274604,0.49935979775354,0.390899946490262,0.218731769660723,"violation"
687,1140,0.639589272660881,0.161496747349753,0.490942899681748,0.337073887725519,0.161942978772021,"violation"
688,2380,0.577887543112571,0.189544440258537,0.498012432599627,0.370914888716105,0.189667352994204,"violation"
689,3340,0.375616249900078,0.298975297499924,0.47630543254539,0.445528297823491,0.299061185609484,"violation"
690,3360,0.170409049646064,0.62019368412134,0.356779453009235,0.491525403435288,0.620747685427181,"violation"
691,1600,0.558890196202208,0.197702783696195,0.499624468350981,0.373977251146377,0.198203411202413,"violation"
692,2460,0.208890833982372,0.535057431966852,0.386939558874797,0.499995868844061,0.535104899385305,"violation"
693,1500,0.341386086610508,0.327572192340375,0.459982608366882,0.454069989710348,0.329047507895267,"violation"
694,3640,0.192301570377643,0.571921287064225,0.376643342036723,0.498064118562795,0.57202498451118,"violation"
695,1330,0.600374567988897,0.17931942354398,0.496636888929914,0.355962433887137,0.179563281400446,"violation"
696,570,0.216683283876623,0.512458444657192,0.375786852743657,0.497581098747448,0.517762483212425,"violation"
697,480,0.493221505067292,0.225803793726558,0.494654586274324,0.379967103839267,0.227752115175877,"violation"
698,1290,0.598870671466752,0.179680152781439,0.496875037203518,0.355927934320167,0.180239025666881,"violation"
699,2150,0.17817529989986,0.603436999015962,0.360009915132974,0.495238769297667,0.603463577626441,"violation"
700,2320,0.215279963364689,0.520466720838792,0.391344180407278,0.499821423223296,0.520885630447526,"violation"
701,1390,0.32801630153638,0.32801630153638,0.453728750463255,0.453728750463255,0.342459324439541,"violation"
702,1540,0.360974297991419,0.310551754984163,0.467765093642265,0.446350524464607,0.31119179856948,"violation"
703,2900,0.218898604100625,0.512547037407517,0.395801989914119,0.499665881230284,0.512832197384189,"violation"
704,4540,0.557949912393668,0.198495071184292,0.498950508340394,0.38323054219333,0.19862590795208,"violation"
705,1960,0.571932237556786,0.192281820764263,0.498722858706034,0.371456603562062,0.192343244270586,"violation"
706,2620,0.583147444796759,0.187145661880435,0.497377306549867,0.369692694101183,0.187303926819089,"violation"
707,820,0.282666343900402,0.388905738882709,0.425739025724663,0.473378129050818,0.397402249872683,"violation"
708,2650,0.15899939279664,0.645882189029207,0.343827429869686,0.486662115065415,0.646140343725628,"violation"
709,1710,0.219611084176829,0.510908376788122,0.391884430926027,0.499243982317089,0.511246543813862,"violation"
710,820,0.555124976805253,0.197023435368292,0.499994051124635,0.365243393460291,0.199895233333721,"violation"
711,2400,0.599735104491389,0.179594024900911,0.495535624910617,0.362301430288219,0.179850610871372,"violation"
712,780,0.177087764489748,0.602315083519146,0.346720808243701,0.497620901362388,0.605883932192831,"violation"
713,1700,0.529128373222987,0.211496019494842,0.499911410837081,0.385650486292776,0.211576260291906,"violation"
714,3500,0.200127858344436,0.553924591780463,0.382753077541314,0.499352969106124,0.554607260322915,"violation"
715,3290,0.559916648596617,0.197644338755953,0.499056676127081,0.380291751333787,0.197742196411317,"violation"
716,3170,0.201649065231687,0.551150262700522,0.383238693801232,0.499539638199863,0.551221752134634,"violation"
717,760,0.352679240129156,0.318087830478483,0.459397111844634,0.443823025671656,0.318511066849775,"violation"
718,1820,0.567061354630842,0.194390061741023,0.49911889519157,0.372514100703315,0.194531873050037,"violation"
719,1730,0.500002337055639,0.224494170766264,0.49854243094033,0.39559876073889,0.224663431951821,"violation"
720,320,0.648468835652763,0.152078486504591,0.495250883391438,0.304122071502546,0.157953133931065,"violation"
721,780,0.208211738592583,0.535869952241884,0.373820740580428,0.499677739672279,0.536616253969632,"violation"
722,1430,0.195823299528778,0.56380607229522,0.371212102915399,0.499498991006713,0.564187232146265,"violation"
723,3330,0.176034672044694,0.607740073022838,0.361861737255907,0.493722919135255,0.608227632530785,"violation"
724,740,0.150011749054549,0.661917981890644,0.318858789567484,0.488172753194282,0.666142712724361,"violation"
725,90,0.105137493612543,0.744280575398839,0.206080411011016,0.489897948556636,0.76601220484617,"violation"
726,2230,0.193420279489705,0.569297070925653,0.373611231912469,0.498775068546937,0.569535251595209,"violation"
727,1540,0.166060073677505,0.627868491080989,0.345226831500767,0.49213925438593,0.630426509442238,"violation"
728,3020,0.459162396058248,0.244300374585898,0.494953259412557,0.413708031510351,0.244645994518801,"violation"
729,1390,0.341450641905901,0.315293730819993,0.459502772561627,0.447863539961668,0.32898529755953,"violation"
730,1390,0.351874420167593,0.314544269569609,0.463694040215663,0.447505724695121,0.319239576937144,"violation"
731,5490,0.166060921451156,0.629884381549208,0.356266133172652,0.488473820691974,0.630424622687279,"violation"
732,2470,0.321464094895956,0.349347262312633,0.45445231418307,0.465942655955526,0.349439464042361,"violation"
733,3870,0.575564205828221,0.190319825864004,0.497659660456127,0.375428365396941,0.190711295729476,"violation"
734,3500,0.530818359888092,0.210595061133746,0.499994775482908,0.390940154092199,0.210816900334303,"violation"
735,3000,0.387160799853194,0.289779472799306,0.479412140021506,0.440262421744123,0.290143633012175,"violation"
736,4000,0.510235629048777,0.215874646814006,0.499719358740484,0.395815297834735,0.220065317461036,"violation"
737,60,0.0231775154880794,0.931258427888269,0.0645497224367903,0.411973569810276,0.948417490660511,"violation"
738,1220,0.20209785404664,0.548468843547594,0.374621550501984,0.499983203157802,0.550222954258706,"violation"
739,60,0.892117641087997,0.0231775154880794,0.442216638714053,0.0645497224367903,0.0484746685764528,"violation"
740,2360,0.312011335204635,0.352564955435476,0.449866517596189,0.46693223384404,0.360026154035818,"violation"
741,1700,0.202097826152334,0.549126558883879,0.378196411870283,0.499887876701722,0.550223016338625,"violation"
742,3500,0.552500054837955,0.201026021129724,0.499423667841243,0.383471894507995,0.201074686802175,"violation"
743,1590,0.207648631344928,0.537762633332251,0.381971800516968,0.499996440001566,0.537869472196419,"violation"
744,860,0.258768902449558,0.433908192484126,0.411706732696918,0.486291248054104,0.434102552377608,"violation"
745,1390,0.527566610577197,0.212096653163322,0.499792928499687,0.384067563022709,0.212278005483736,"violation"
746,2360,0.554756978733194,0.194255685521328,0.499550933070292,0.374811788447951,0.200060585526236,"violation"
747,2360,0.585115562041507,0.182114716500238,0.497320455779628,0.364391012666389,0.186419594736245,"violation"
748,3370,0.18962176401904,0.577805335738926,0.373824119772002,0.497597004540168,0.577989003242686,"violation"
749,1390,0.344431076973166,0.322781740050591,0.460726636622963,0.451363030693634,0.326138518093293,"violation"
750,2200,0.130663460699788,0.70829589612399,0.311753239990586,0.468034177956629,0.709203120354154,"violation"
751,560,0.218443058628225,0.51206013633853,0.376883027379226,0.49749371855331,0.513846032477805,"violation"
752,1760,0.478631312256013,0.234592334579545,0.496495986351159,0.402952286180407,0.234694718362305,"violation"
753,2440,0.561771497601845,0.196716183849919,0.499176290058772,0.377138041916451,0.196908759029204,"violation"
754,1380,0.328810333673076,0.340088911787361,0.454029891303444,0.458887360629874,0.341632331850596,"violation"
755,1650,0.172978701165417,0.614940567452699,0.352558535084824,0.494134187282485,0.615028820798897,"violation"
756,1420,0.519723017185941,0.214518754636641,0.49952318069731,0.386169213398364,0.215802359177186,"violation"
757,2100,0.614352290196751,0.172646477373391,0.493635456302341,0.354721953646927,0.173282685960073,"violation"
758,1350,0.0929553012068091,0.792082102534415,0.257010351907573,0.429757324573638,0.793124172643901,"violation"
759,1790,0.532130545591595,0.209457688378271,0.499968789013702,0.384559272122615,0.210227297291418,"violation"
760,490,0.477449729559481,0.23496658735215,0.492238805932452,0.387217672673679,0.235275535987734,"violation"
761,2800,0.210054606390482,0.531295740786502,0.388875931109034,0.5,0.532514876259607,"violation"
762,2840,0.543426603325735,0.204942646665548,0.499848097338198,0.385006511485369,0.205151651371129,"violation"
763,640,0.533693413654547,0.209317460249969,0.499374608885954,0.371743674290498,0.20952505540364,"violation"
764,200,0.466861299011763,0.23946708643736,0.482804308182932,0.371180549059349,0.240611593351359,"violation"
765,1400,0.516075224414104,0.215970607942125,0.499338337713222,0.387134290890995,0.21744141812467,"violation"
766,1590,0.537133482942076,0.207648631344928,0.499993671096372,0.381971800516968,0.207979332634183,"violation"
767,1970,0.529123127527311,0.210746201096912,0.499949493699983,0.386454138287803,0.21157861733491,"violation"
768,710,0.641208543735243,0.160933868026551,0.492563222408888,0.329517269090473,0.161215393377552,"violation"
769,4400,0.412332849919782,0.272246599638311,0.487074194205726,0.432881406373005,0.272430976700399,"violation"
770,1530,0.178426958974892,0.601432018892652,0.356750802428718,0.496211027083787,0.602903500054932,"violation"
771,360,0.159021898688481,0.639489650449326,0.314269680527354,0.495901411448428,0.646090255942204,"violation"
772,820,0.329107474390874,0.336791019562998,0.449831417956335,0.453309267595582,0.341323882835583,"violation"
773,480,0.651286809656121,0.154748431245112,0.492649970116264,0.315980616494114,0.156686936591227,"violation"
774,1340,0.444047347160435,0.252319301320947,0.490349619090153,0.412315290061327,0.252973566327195,"violation"
775,390,0.137934668468869,0.689351716098665,0.293037774714454,0.485888979021189,0.693020749864493,"violation"
776,4460,0.481992816232744,0.232980542070721,0.49808472077424,0.408642667199168,0.233057915483667,"violation"
777,1390,0.536934382189848,0.207474579561144,0.499974638350628,0.3804279541391,0.208068794368937,"violation"
778,1610,0.487051813612631,0.230236865561514,0.497270432257672,0.399065301967926,0.23063714760879,"violation"
779,1220,0.224112529427949,0.500761550242527,0.391781843161489,0.498109163247528,0.501228393170127,"violation"
780,770,0.637797320573518,0.161916241793263,0.492822492493773,0.331820087930073,0.162748154747183,"violation"
781,1460,0.599046082182273,0.180095943616514,0.49659896023193,0.357741502937003,0.180160208551781,"violation"
782,1490,0.509129031993886,0.220475025658528,0.499004007774271,0.391183062132853,0.220562543569405,"violation"
783,610,0.421703962748071,0.265836742384797,0.481130085979361,0.411785527444492,0.266377010776191,"violation"
784,4000,0.535247108384967,0.20100796242658,0.499931932866865,0.384395548231246,0.208826935359866,"violation"
785,2360,0.39199746200063,0.286137063783007,0.479925774388835,0.436856803432166,0.28656369471373,"violation"
786,1400,0.189141289698554,0.578162248408265,0.365275965007616,0.498671193456844,0.579058318508017,"violation"
787,1390,0.285217647541026,0.392623043335999,0.432387866525738,0.47775417887436,0.393847442462856,"violation"
788,480,0.352439905816249,0.310139561579232,0.454529671443155,0.434208851117626,0.318727360822392,"violation"
789,1520,0.215541980095604,0.51932296652582,0.387655785859375,0.499556590091254,0.520302501488924,"violation"
790,230,0.56768845625607,0.188428862815721,0.499319006947896,0.331947339071763,0.194250098126377,"violation"
791,620,0.226505952016976,0.492949591424443,0.384723910087112,0.495607658428128,0.495935051723879,"violation"
792,4220,0.501971095386066,0.223591097488545,0.499403914577274,0.401766332113916,0.223778811810614,"violation"
793,80,0.175635039394075,0.592231391782881,0.282566363886433,0.496078370824611,0.609117031351099,"violation"
794,650,0.562976768872761,0.195961664537102,0.499978697771067,0.36080121229411,0.196367195737564,"violation"
795,4000,0.201791585593526,0.546729711907505,0.385018181388879,0.499609785232435,0.550904567236216,"violation"
796,1390,0.198982176186337,0.556343588994463,0.373533743015211,0.499792928499687,0.557157022856807,"violation"
797,1390,0.321285091947712,0.336976626054045,0.45067449407729,0.457626911517928,0.349634153107817,"violation"
798,1120,0.317972726855802,0.351463476282225,0.447409636298841,0.462051630430706,0.353276339578165,"violation"
799,460,0.19373542801246,0.568153476012848,0.352757165976041,0.5,0.568833875659264,"violation"
800,770,0.174982920772704,0.60966448951273,0.34454523426058,0.496871643644567,0.610568348033193,"violation"
801,1160,0.200150735942081,0.551371596026505,0.372420777393001,0.499963583691688,0.554556345293011,"violation"
802,810,0.360155990765442,0.310907149329876,0.462948147911104,0.440904973378005,0.311898854689506,"violation"
803,5150,0.209589434794954,0.532865036785004,0.392684014475773,0.499927000043803,0.533550134684226,"violation"
804,1570,0.493192705584298,0.227161489578436,0.497833351803795,0.396616895330659,0.227765414527416,"violation"
805,3090,0.50281398161414,0.223357840608548,0.499260457884699,0.399513743886142,0.223400078614884,"violation"
806,2200,0.507274526037666,0.220979571715174,0.499255644281672,0.395147216001897,0.221395826809663,"violation"
807,4070,0.192994696567828,0.570439853144969,0.378011325205305,0.498083608380565,0.570482403806313,"violation"
808,300,0.157865021262662,0.645594074444703,0.308688984074406,0.495972669497916,0.648664934002613,"violation"
809,2920,0.355211635323393,0.315516066305945,0.468884394632748,0.452677031283789,0.316240319456415,"violation"
810,1400,0.569637031903778,0.192220195889052,0.499223376447695,0.367925791098018,0.193374546649088,"violation"
811,820,0.325259913442671,0.327825386782943,0.448037561100684,0.449237572107167,0.345361467511749,"violation"
812,1170,0.379450462019489,0.294962842969327,0.472599338917234,0.436173031697567,0.296039278570007,"violation"
813,1390,0.325773620934854,0.333245164792418,0.452723243814454,0.456026589690374,0.344816872240767,"violation"
814,650,0.12430285340764,0.722675818488933,0.287280659834234,0.471040645741775,0.723358912212897,"violation"
815,1080,0.218518043907479,0.51331629506598,0.386179938798373,0.498887651569859,0.513679149669791,"violation"
816,3290,0.186458959357662,0.585016142271015,0.370947210458375,0.496862319854613,0.585027954465409,"violation"
817,3060,0.197063830435188,0.560500931229175,0.37926677519926,0.499075462030774,0.561426379840989,"violation"
818,1800,0.175083924941291,0.610008304940568,0.35543009939446,0.494675039861249,0.610343559122053,"violation"
819,1600,0.342705242396305,0.325887947162096,0.460934851687307,0.453762052181537,0.327780924049607,"violation"
820,110,0.204433853607998,0.501917089726311,0.322823289173904,0.483530405344444,0.545024091625963,"violation"
821,710,0.510828954224482,0.21881096894429,0.497964513808462,0.38086809247859,0.219798719274452,"violation"
822,1710,0.19845054399459,0.556555269904464,0.375272776775075,0.499671243788304,0.558340192058445,"violation"
823,1890,0.162964352764294,0.637165712793488,0.34444403806899,0.489680753143188,0.63731616303778,"violation"
824,2450,0.543686002147862,0.204988090328311,0.499887367572162,0.383847116588041,0.205035095967089,"violation"
825,740,0.177343625879487,0.604837296894987,0.346143841201957,0.49749371855331,0.605314502197947,"violation"
826,2620,0.199246614768007,0.55656022159673,0.379803788525976,0.49940294169748,0.556568503970229,"violation"
827,1120,0.220553442731908,0.507499552715244,0.388152635070593,0.498523809381667,0.509149286280219,"violation"
828,1990,0.208682076823145,0.535075359173162,0.384939055320715,0.499998989923477,0.535569496987281,"violation"
829,390,0.192172449660474,0.560631988662891,0.348047998987134,0.499835607426101,0.572312347951957,"violation"
830,4010,0.216386386865464,0.517741419824172,0.39621030505221,0.499914856464112,0.518423239662306,"violation"
831,2360,0.189314606776903,0.574167299484259,0.370644291015673,0.498342555953061,0.578672594256544,"violation"
832,310,0.39551395627003,0.283365302880163,0.466226689178551,0.411603296480066,0.284015871623536,"violation"
833,1110,0.549808397393071,0.202081765922844,0.499987013872429,0.373481830705399,0.202284126453643,"violation"
834,1510,0.204202147788797,0.545158479290156,0.378687518484947,0.499978509252634,0.545539762409965,"violation"
835,2580,0.207573244499857,0.536252494989097,0.386303850905535,0.49998497663867,0.538037248705595,"violation"
836,300,0.863420696075191,0.0582931542284152,0.402478432824529,0.17058722109232,0.0613690371523854,"violation"
837,820,0.477709946778586,0.230280931632888,0.494435123764621,0.391527994065333,0.235147377162256,"violation"
838,1770,0.339401428140939,0.330646968702758,0.460203738845532,0.45651115937634,0.33097162155328,"violation"
839,1440,0.202701348552327,0.54690060725914,0.376969493763614,0.499969134849812,0.548879852536179,"violation"
840,970,0.228090776362487,0.488827367391829,0.392056311987937,0.496411824753957,0.492489187071661,"violation"
841,1400,0.176789813014885,0.60648978854516,0.354248269910657,0.495756996924905,0.606547035394842,"violation"
842,1440,0.227172926495988,0.493940563615245,0.395772412465972,0.497765066801996,0.49447899783643,"violation"
843,900,0.348686659274864,0.321930004179338,0.459221025887626,0.44735022322809,0.322158126906587,"violation"
844,3240,0.1977110314719,0.55965189132093,0.380230879892838,0.499084285686165,0.559986007444825,"violation"
845,1330,0.204473092295438,0.543519326161629,0.377537207937496,0.499999434676598,0.544936764321084,"violation"
846,3540,0.575166651857062,0.190504805481714,0.497796222236178,0.374936448592636,0.190889928243517,"violation"
847,2360,0.611155805672907,0.173995710843298,0.493883880063419,0.357071421427142,0.174718959039988,"violation"
848,2360,0.287895104528365,0.389836868236196,0.437796150842623,0.47930153625292,0.390184616766339,"violation"
849,2470,0.538635384588022,0.2072116808335,0.499967872560248,0.385664242145108,0.207304484723404,"violation"
850,2270,0.21386764110012,0.524010448730614,0.39009177470869,0.49989732882093,0.524028811451545,"violation"
851,1000,0.639506353087565,0.16140146822221,0.491463121709045,0.335199940334124,0.161980236938004,"violation"
852,1380,0.153244358183255,0.657605971616051,0.33112929175096,0.486198404860494,0.658948408802606,"violation"
853,890,0.229765413724492,0.487511509536796,0.3922120911624,0.496025104129087,0.488899696470424,"violation"
854,1390,0.530450566987984,0.208245412884975,0.49986748412165,0.381040365658097,0.210982160337118,"violation"
855,4230,0.498921476301822,0.225038226318486,0.499247403463595,0.402809131221151,0.225150141585306,"violation"
856,1860,0.150424576659114,0.664364762131627,0.331631102801703,0.483207131250694,0.665223947993989,"violation"
857,1200,0.199974248243761,0.554677871687598,0.372677996249965,0.499899989998,0.554949125888996,"violation"
858,2170,0.495520175973919,0.22638319344672,0.49846330997198,0.398959390963601,0.226695594803021,"violation"
859,1020,0.537124407130142,0.207700695532313,0.499883685048302,0.377005084217132,0.207983410659358,"violation"
860,2430,0.185736090414332,0.586093049036935,0.36782297249905,0.497173844885065,0.586636728884727,"violation"
861,970,0.194557452379734,0.563385208903902,0.365454829543992,0.499791645396947,0.567004426785678,"violation"
862,1760,0.479204606786542,0.233992392636768,0.496563279343693,0.402534262696516,0.234413942266926,"violation"
863,1790,0.20173096530664,0.54776772902245,0.378406574790527,0.499898869333151,0.551039480165778,"violation"
864,1220,0.645084871760592,0.159305002618949,0.489560459696176,0.335761557810458,0.159473646921344,"violation"
865,4000,0.188975259011988,0.571642425169555,0.374530956664466,0.49799341110099,0.579427826596356,"violation"
866,1100,0.192035434716102,0.570875604311466,0.364911400998259,0.499397157241766,0.572617280318471,"violation"
867,2020,0.359349770332601,0.311377917665198,0.468651629223212,0.448609917142993,0.312598616454756,"violation"
868,2540,0.197062414627514,0.560098008904301,0.377763239887275,0.499239920760547,0.561429530778914,"violation"
869,2580,0.530826955585605,0.210429768370818,0.499997596292522,0.388517511341759,0.210813038038443,"violation"
870,2870,0.212001249538576,0.52784030750353,0.390556277417049,0.499990166106599,0.528182542260354,"violation"
871,2050,0.219247060279675,0.511202080384792,0.393261503774501,0.499404761693738,0.512056693895927,"violation"
872,3040,0.171600402959306,0.617279861430704,0.357071421427142,0.49228421668788,0.618096279868264,"violation"
873,1460,0.582063321699352,0.187484759245106,0.498308265826818,0.364303730054033,0.187791054727422,"violation"
874,1820,0.328652834411923,0.341701399659235,0.455820148974975,0.461309139784786,0.341796051235364,"violation"
875,560,0.53909123609051,0.206529242408038,0.499460806208831,0.36726721073577,0.20709965744,"violation"
876,1480,0.559086258262524,0.198096143169211,0.499667073235738,0.373481830705399,0.198115314839948,"violation"
877,2310,0.192394738372451,0.571037180480093,0.373064742068591,0.498612042577773,0.571817635325511,"violation"
878,890,0.572138956913072,0.191857921971901,0.499544041565357,0.361958230862038,0.192250359276363,"violation"
879,2460,0.210604368760321,0.530992391316446,0.388264585806441,0.499995868844061,0.531291357604585,"violation"
880,2360,0.206802201028072,0.520029036355977,0.384961999639356,0.499816110970806,0.539753237509699,"violation"
881,3450,0.196584515793281,0.561972735270708,0.37978105323093,0.498887651569859,0.56249311419418,"violation"
882,1390,0.599959829842198,0.178806147914019,0.496592602675928,0.356010448976641,0.179749635262282,"violation"
883,1090,0.163647322653814,0.635717803308262,0.338610418331663,0.491850084217405,0.635796185595723,"violation"
884,1420,0.528198490881791,0.211507686169253,0.499820935997976,0.383835119457279,0.211994083361027,"violation"
885,730,0.589561062310298,0.184272685598118,0.498825793315976,0.352307888343639,0.184422102705487,"violation"
886,1280,0.154611804015796,0.653325512586361,0.331602664567759,0.487537558649331,0.65590510213479,"violation"
887,1480,0.21616318544575,0.517175840309682,0.38785843715895,0.499440428296602,0.518919983557176,"violation"
888,2500,0.203518212469142,0.546392186860229,0.382849108657706,0.499815005777137,0.547061888456299,"violation"
889,2150,0.201916014051491,0.549800673129063,0.380265200220383,0.499778425756125,0.550627646610346,"violation"
890,1650,0.586132745947643,0.185369300420077,0.49776027287862,0.363772196852561,0.185962544545385,"violation"
891,1170,0.195714444852451,0.563945378916406,0.368811094194725,0.4996463063421,0.564429492683688,"violation"
892,1390,0.18891305403507,0.568531665564178,0.364997148027793,0.499290941778647,0.579566266318443,"violation"
893,2790,0.531342236685215,0.210036971027893,0.5,0.388834543549265,0.210581507315726,"violation"
894,100,0.609653837592136,0.170077030798731,0.499099188538711,0.286181760425084,0.175393836801858,"violation"
895,3280,0.219626828116768,0.509469589061721,0.397229773756744,0.49960712926353,0.511211505031152,"violation"
896,3620,0.219342420288952,0.51182466481304,0.397702856464762,0.499734293430421,0.511844466292341,"violation"
897,160,0.374618654214211,0.267194875007049,0.446514277487294,0.385225177655874,0.299857574537847,"violation"
898,3090,0.520976460833592,0.215232442003985,0.499917882679772,0.393548798606495,0.215239150641407,"violation"
899,1910,0.54350892481106,0.204980169473819,0.499953672369252,0.381637685854221,0.205114661943403,"violation"
900,2040,0.242486512091759,0.461790073400937,0.40959248462369,0.494563874141183,0.463251502363141,"violation"
901,1350,0.160607646230975,0.640910165559915,0.338329633663812,0.490048568461641,0.642561109884127,"violation"
902,1390,0.178027047317043,0.603520408514415,0.355299553014116,0.496157274243398,0.603793519817255,"violation"
903,990,0.209426143889899,0.532355045080007,0.378011325205305,0.499738733903071,0.533913545276677,"violation"
904,370,0.354550170668197,0.316655671986915,0.452119430623275,0.433790098463763,0.316830311539831,"violation"
905,700,0.546469116025196,0.201412123031047,0.499899989998,0.366606055596467,0.203784562291567,"violation"
906,1950,0.211222009299582,0.529718686596658,0.386729573880263,0.499955553580071,0.529916773305364,"violation"
907,1900,0.55623269358712,0.199317321269251,0.499620631702964,0.377014074257667,0.199397504099589,"violation"
908,1610,0.216389628520348,0.515794588246634,0.388875931109034,0.499442612045415,0.518416025226684,"violation"
909,1800,0.163718280116255,0.635229706952153,0.34466659502829,0.490235204320901,0.635638266858879,"violation"
910,2740,0.573437706272358,0.191103357946874,0.498235337669133,0.373437926171808,0.191666793572107,"violation"
911,1690,0.528575865527902,0.211455195455161,0.499898802825901,0.385561421861239,0.211824518002206,"violation"
912,2280,0.481266136463468,0.233258677043162,0.497222200728715,0.40421348645054,0.23340981739286,"violation"
913,970,0.165107935202442,0.630776035569595,0.338445930370032,0.493151094405216,0.632545532588084,"violation"
914,1240,0.39203502665513,0.286465809284788,0.476969600708473,0.432077477925292,0.28653623628412,"violation"
915,2210,0.582787347627573,0.187438051900886,0.497650342009397,0.368442508773137,0.187465728907101,"violation"
916,1510,0.55177246349049,0.200657446561925,0.499873235103855,0.375807246279075,0.201401614668632,"violation"
917,1150,0.218707560493548,0.507990320274302,0.387058120516603,0.498599930163622,0.513257372750867,"violation"
918,110,0.596872767775015,0.180154101316757,0.498675932796454,0.3,0.181136741663095,"violation"
919,1930,0.180260573729386,0.598438619320909,0.360839446537303,0.496119062731946,0.598822715371716,"violation"
920,2210,0.556220201587571,0.198966043588554,0.4995280424431,0.378118131798201,0.199403117116806,"violation"
921,2020,0.273312181579372,0.410472928291613,0.428639693752331,0.484314042897611,0.41100341880182,"violation"
922,230,0.193684512552788,0.56768845625607,0.336781160539775,0.499319006947896,0.568947190098656,"violation"
923,70,0.333175920561247,0.333175920561247,0.4,0.4,0.33715594104183,"violation"
924,820,0.209048593288702,0.528233613223946,0.375203692448367,0.499404761693738,0.534753799592218,"violation"
925,1160,0.49598300110284,0.226128427187235,0.497579605423746,0.392709080766575,0.226484054452531,"violation"
926,1390,0.219016879495227,0.509510308030874,0.389373493987442,0.498950816817258,0.51256897065267,"violation"
927,2820,0.222363560412356,0.504919321850415,0.398126206919344,0.499310928026755,0.505120795296994,"violation"
928,2360,0.530634023073827,0.207696755233696,0.499991202163333,0.385662826647205,0.210899728204105,"violation"
929,1370,0.524687602022488,0.213543435716163,0.499693016742152,0.385036323381841,0.213571627415308,"violation"
930,1830,0.208482699628623,0.535184792741659,0.384005288391626,0.499995222288977,0.536013219093899,"violation"
931,90,0.331300384652142,0.331300384652142,0.408097059382377,0.408097059382377,0.339064626040962,"violation"
932,990,0.314904513340848,0.352904528965762,0.444844860947266,0.461700144870114,0.356718421840206,"violation"
933,4450,0.20921959715563,0.534373167721305,0.391499694903723,0.499927074596038,0.534373223487439,"violation"
934,1380,0.182418692868849,0.593327233839354,0.359189383518659,0.497345927966332,0.59401973289828,"violation"
935,3070,0.441706257227235,0.25430524706873,0.492204398519789,0.420182940500409,0.254314353014738,"violation"
936,1480,0.367461413689329,0.304457937989429,0.469869645289676,0.44304492514596,0.305698059291409,"violation"
937,1340,0.254688290499145,0.441010723184312,0.413842138036921,0.489745024836137,0.441057736926788,"violation"
938,1470,0.181842129632518,0.594491832112638,0.35938975741168,0.497103461608686,0.595302897978597,"violation"
939,280,0.185899696316756,0.57131420513018,0.334724986110285,0.499795876701026,0.58627261725274,"violation"
940,1840,0.23556290981134,0.475590173147985,0.4040189756722,0.496214105090471,0.476867267089165,"violation"
941,2560,0.192255098054161,0.571445623197168,0.373838533358237,0.498471785654665,0.572128410569132,"violation"
942,340,0.530853189777152,0.2058883906439,0.497780541130354,0.357071421427142,0.210801250256331,"violation"
943,1420,0.32716215153902,0.341768856117558,0.453500896233236,0.459778264352026,0.34335341206456,"violation"
944,1560,0.221769439745153,0.505258737840312,0.392604525711902,0.498800335954106,0.506443035158317,"violation"
945,130,0.184098063535601,0.584411814398488,0.309991410455537,0.498518515262143,0.590282224745313,"violation"
946,1390,0.626964155986547,0.162392116666222,0.492616147948907,0.340451236080666,0.167615809369158,"violation"
947,2530,0.142235604402822,0.682880374795029,0.32606755242303,0.4764065905762,0.683448840912657,"violation"
948,710,0.228050724471761,0.485145834240891,0.387897143083548,0.495015824529295,0.492575681526569,"violation"
949,1300,0.19000164193124,0.576932224557326,0.365173218199173,0.498853122541919,0.577143569401254,"violation"
950,3970,0.521541670188813,0.214848129902098,0.499969290150688,0.395003339246133,0.214985185707317,"violation"
951,730,0.514161208250298,0.214508224453627,0.498308265826818,0.377903471755813,0.218301441024856,"violation"
952,60,0.64579952478848,0.156233095727573,0.498887651569859,0.249443825784929,0.15915253261662,"violation"
953,820,0.21038092474706,0.527007667784841,0.376274356598574,0.499343709675634,0.531788641401324,"violation"
954,1650,0.20676447399184,0.539640905535395,0.381643057481923,0.499999632690407,0.539837200572944,"violation"
955,2360,0.532753210105789,0.209932222970283,0.499999281815054,0.387401237054947,0.209947516090263,"violation"
956,4580,0.267614459159037,0.41949929805006,0.430461990003109,0.488751983683061,0.419754005005196,"violation"
957,600,0.304159017996952,0.365942391136691,0.433970685133864,0.462493243193887,0.369320764411566,"violation"
958,4870,0.468678561142236,0.239265122948944,0.496847619768163,0.41335497900702,0.239678641915124,"violation"
959,960,0.157538060747947,0.649219658441712,0.330718913883074,0.48968416514854,0.649392598010112,"violation"
960,1480,0.208948996398593,0.533433280494476,0.382262281888833,0.499944755896226,0.534975456547505,"violation"
961,2360,0.182114716500238,0.584694780873945,0.364391012666389,0.497364318624653,0.594696244747917,"violation"
962,330,0.443139236212179,0.253277657137576,0.481894409826699,0.393017569476678,0.253491976899829,"violation"
963,580,0.170515924278586,0.61959855160729,0.335543111310837,0.496551724137931,0.620509831558285,"violation"
964,1470,0.146340689230957,0.672836898283795,0.324643070518514,0.481894409826699,0.674312806612708,"violation"
965,1290,0.209798923763919,0.532464590973425,0.381452066117445,0.499882204740947,0.533083908409728,"violation"
966,2150,0.510705493517246,0.219615993383123,0.499414692569349,0.393945800424697,0.219854193746143,"violation"
967,3390,0.542471008693969,0.205553511408506,0.499815839598055,0.386818805737364,0.205581027717136,"violation"
968,2720,0.226494824768495,0.495932106489598,0.400824834842657,0.498726617033884,0.495959416044594,"violation"
969,260,0.619252660262865,0.167353017920647,0.499052356409495,0.314797765456006,0.171080807754475,"violation"
970,760,0.530725667886913,0.210633843742215,0.499438743162508,0.375401447170088,0.210858549535175,"violation"
971,1390,0.568531665564178,0.191239952969941,0.499290941778647,0.367005911197758,0.193871219761431,"violation"
972,3090,0.528748284519584,0.210825019158674,0.499998324271131,0.390215178789057,0.211747045155279,"violation"
973,2640,0.327055565085425,0.343006570558813,0.457258946114401,0.463818139994613,0.343465309938893,"violation"
974,3170,0.567182060511464,0.194356798330089,0.49858879954513,0.377314628198918,0.194477636401734,"violation"
975,3440,0.19134536971447,0.5736789559905,0.375428365396941,0.497965625381567,0.574153048222923,"violation"
976,1090,0.176739681993078,0.603147021698807,0.351126938718292,0.496754045887785,0.606658604035662,"violation"
977,2770,0.509021764398289,0.220610029149657,0.499498764780667,0.396713945648041,0.220610742007018,"violation"
978,4170,0.220234888748554,0.508537718049996,0.399278775173997,0.499676413070082,0.509858241208109,"violation"
979,280,0.603437390913611,0.17308117360224,0.499681020701187,0.32243888837219,0.17818706634841,"violation"
980,430,0.180217235604703,0.59576299462412,0.339096563205725,0.499345163401035,0.598919166141963,"violation"
981,1100,0.598854706512432,0.180149098792116,0.497212062113082,0.354377582635217,0.180246199183268,"violation"
982,1000,0.232223384861008,0.482921412413704,0.395428881089887,0.495756996924905,0.483724931907868,"violation"
983,250,0.235516813435791,0.471831763188983,0.373866286257534,0.486357892914261,0.476960601625713,"violation"
984,1500,0.201958570671976,0.549964839694665,0.37679997640953,0.499912881299221,0.550532935109678,"violation"
985,1060,0.532015637772683,0.209287187954765,0.499772108977038,0.37875214347546,0.210278928702659,"violation"
986,2360,0.192459743869731,0.569530376685148,0.373308451474843,0.498701092212302,0.571672962930736,"violation"
987,2570,0.428225433100788,0.262115748598812,0.489170059664816,0.423767564783024,0.262320339583536,"violation"
988,1620,0.662786594794155,0.150683521595877,0.484202504365641,0.330368617242391,0.151519750047583,"violation"
989,980,0.218124539076315,0.51291686766189,0.384696584194452,0.498722858706034,0.514554910777106,"violation"
990,50,0.773832570418171,0.074981444883069,0.493558507170123,0.14,0.101623576851058,"violation at burn-in"
991,90,0.636108270589889,0.105137493612543,0.499876527964533,0.206080411011016,0.163507093826669,"violation"
992,4030,0.187596702269946,0.582087201694211,0.373416154780887,0.496928605685039,0.582495861048019,"violation"
993,2180,0.156123867903589,0.652092591707117,0.339108122374038,0.48579172824581,0.652539942066011,"violation"
994,2990,0.188190881629492,0.580468733813813,0.37167785502324,0.497476883511265,0.581173490564483,"violation"
995,880,0.193972135344441,0.566970907774026,0.363629261294277,0.499746836734807,0.568307073803866,"violation"
996,840,0.282505384155959,0.396043215875715,0.42591770999996,0.475831710089324,0.397628673042535,"violation"
997,280,0.300489745982917,0.359221530284128,0.419912527334259,0.450042514998442,0.373830530096331,"violation"
998,1390,0.442587785265358,0.25340520221705,0.490189452658822,0.413368048126665,0.253807820208946,"violation"
999,1080,0.18439935070031,0.586419990603226,0.357976662380843,0.49841225960169,0.589611697829024,"violation"
1000,3120,0.205144980184468,0.543053582330965,0.385886787484058,0.499827283614152,0.54344145032469,"violation"
