"trial","stopped_at_n","selected_direction","T1_","T2_","s1","s2","beta_allowed","margin","reason","violation","eps","fwd_violation","fwd_stopped_at_n","fwd_T1_","fwd_T2_","fwd_s1","fwd_s2","fwd_beta_allowed","fwd_margin","fwd_reason","rev_violation","rev_stopped_at_n","rev_T1_","rev_T2_","rev_s1","rev_s2","rev_beta_allowed","rev_margin","rev_reason"
1,130,"reverse",0.324790251442971,0.637487480927162,0.416309511622609,0.499763257562486,0.648765020805038,0.0112775398778765,"violation in reverse orientation",1,0.0782758620689655,1,200,0.663590057740647,0.302380212964406,0.495756996924905,0.41424630354416,0.311081401928598,0.0087011889641912,"violation",1,130,0.324790251442971,0.637487480927162,0.416309511622609,0.499763257562486,0.648765020805038,0.0112775398778765,"violation"
2,120,"reverse",0.369485323132463,0.593351723889555,0.43771819955563,0.498887651569859,0.600430834340908,0.00707911045135301,"violation in reverse orientation",1,0.0782758620689655,1,160,0.598041328914409,0.345761529163151,0.499843725578305,0.433012701892219,0.37169492102068,0.0259333918575289,"violation",1,120,0.369485323132463,0.593351723889555,0.43771819955563,0.498887651569859,0.600430834340908,0.00707911045135301,"violation"
3,50,"forward",0.454790769027509,0.4062591846095,0.448998886412873,0.427083130081252,0.508179738807567,0.101920554198067,"violation in forward orientation",1,0.0782758620689655,1,50,0.454790769027509,0.4062591846095,0.448998886412873,0.427083130081252,0.508179738807567,0.101920554198067,"violation at burn-in",1,50,0.302716065288689,0.633238465893974,0.366606055596467,0.496386945839634,0.672636507957744,0.0393980420637701,"violation at burn-in"
4,50,"forward",0.674489213358372,0.246504271019468,0.499599839871872,0.324961536185438,0.301002851376171,0.0544985803567024,"violation in forward orientation",1,0.0782758620689655,1,50,0.674489213358372,0.246504271019468,0.499599839871872,0.324961536185438,0.301002851376171,0.0544985803567024,"violation at burn-in",1,130,0.351399993541752,0.591159946398702,0.430769230769231,0.499052356409495,0.619988688476942,0.0288287420782396,"violation"
5,50,"reverse",0.355715993350399,0.546859192020479,0.4,0.48,0.615321275904487,0.0684620838840084,"violation in reverse orientation",1,0.0782758620689655,1,90,0.668045886935067,0.303158498150334,0.499505928733089,0.391420332306856,0.306961055237161,0.0038025570868277,"violation",1,50,0.355715993350399,0.546859192020479,0.4,0.48,0.615321275904487,0.0684620838840084,"violation at burn-in"
6,80,"forward",0.590878168740764,0.354108657851495,0.496078370824611,0.417582327212252,0.378318761844441,0.0242101039929455,"violation in forward orientation",1,0.0782758620689655,1,80,0.590878168740764,0.354108657851495,0.496078370824611,0.417582327212252,0.378318761844441,0.0242101039929455,"violation",1,90,0.356808336031459,0.577997924209187,0.422952584681651,0.495535624910617,0.614139993654939,0.0361420694457522,"violation"
7,50,"forward",0.612137383051339,0.355715993350399,0.493558507170123,0.4,0.358660168679154,0.00294417532875463,"violation in forward orientation",1,0.0782758620689655,1,50,0.612137383051339,0.355715993350399,0.493558507170123,0.4,0.358660168679154,0.00294417532875463,"violation at burn-in",1,140,0.431537353493532,0.515501481774093,0.467024886807929,0.489897948556636,0.53332646930518,0.017824987531087,"violation"
8,110,"forward",0.577086061449853,0.39067852237157,0.497015888466787,0.445361771415123,0.39107245171101,0.000393929339439159,"violation in forward orientation",1,0.0782758620689655,1,110,0.577086061449853,0.39067852237157,0.497015888466787,0.445361771415123,0.39107245171101,0.000393929339439159,"violation",1,400,0.493625252480879,0.462811674640331,0.493957234991047,0.488307024319741,0.468249437877927,0.00543776323759526,"violation"
9,60,"reverse",0.230926430345563,0.74303982794241,0.321022671404304,0.495535624910617,0.750271322499245,0.00723149455683481,"violation in reverse orientation",1,0.0782758620689655,1,70,0.636172957540227,0.332011213630856,0.499183005990176,0.4,0.336434249439235,0.00442303580837849,"violation",1,60,0.230926430345563,0.74303982794241,0.321022671404304,0.495535624910617,0.750271322499245,0.00723149455683481,"violation"
10,90,"forward",0.814207428738858,0.155964483968887,0.46732757432918,0.267821573182088,0.171804118355328,0.0158396343864411,"violation in forward orientation",1,0.0782758620689655,1,90,0.814207428738858,0.155964483968887,0.46732757432918,0.267821573182088,0.171804118355328,0.0158396343864411,"violation",1,160,0.310173845011429,0.635437582923543,0.413398642353842,0.499374608885954,0.664571508795608,0.0291339258720653,"violation"
11,100,"forward",0.668432477215472,0.298810407487868,0.499099188538711,0.392300904918661,0.306603571609916,0.00779316412204739,"violation in forward orientation",1,0.0782758620689655,1,100,0.668432477215472,0.298810407487868,0.499099188538711,0.392300904918661,0.306603571609916,0.00779316412204739,"violation",1,160,0.2365484833143,0.732064644419067,0.363092188706945,0.484122918275927,0.744191516690006,0.0121268722709388,"violation"
12,110,"reverse",0.327565307208637,0.623309040262332,0.413011516058202,0.499917348540637,0.645764017388869,0.0224549771265369,"violation in reverse orientation",1,0.0782758620689655,1,150,0.546359993931634,0.411841138745033,0.495535624910617,0.461109772421082,0.419485132070948,0.00764399332591498,"violation",1,110,0.327565307208637,0.623309040262332,0.413011516058202,0.499917348540637,0.645764017388869,0.0224549771265369,"violation"
13,120,"forward",0.668192560636227,0.301574017175407,0.498260864295892,0.4,0.30682542470176,0.00525140752635311,"violation in forward orientation",1,0.0782758620689655,1,120,0.668192560636227,0.301574017175407,0.498260864295892,0.4,0.30682542470176,0.00525140752635311,"violation",1,200,0.412767043137921,0.548935435590452,0.466476151587624,0.49749371855331,0.553625075984247,0.00468964039379427,"violation"
14,50,"forward",0.546859192020479,0.4062591846095,0.48,0.427083130081252,0.419023518956083,0.012764334346583,"violation in forward orientation",1,0.0782758620689655,1,50,0.546859192020479,0.4062591846095,0.48,0.427083130081252,0.419023518956083,0.012764334346583,"violation at burn-in",1,110,0.380327651765266,0.577086061449853,0.440604393311005,0.497015888466787,0.588705713113136,0.0116196516632822,"violation"
15,70,"forward",0.59189294941248,0.314054244758118,0.494871659305393,0.388875931109034,0.377380384720723,0.0633261399626049,"violation in forward orientation",1,0.0782758620689655,1,70,0.59189294941248,0.314054244758118,0.494871659305393,0.388875931109034,0.377380384720723,0.0633261399626049,"violation",1,250,0.399224719728662,0.557322216581404,0.464912895067452,0.498974949271003,0.568270028102638,0.0109478115212343,"violation"
16,70,"forward",0.576856954805403,0.367154334451918,0.492598275701905,0.419912527334259,0.391284308755626,0.0241299743037086,"violation in forward orientation",1,0.0782758620689655,1,70,0.576856954805403,0.367154334451918,0.492598275701905,0.419912527334259,0.391284308755626,0.0241299743037086,"violation",1,100,0.449383999631982,0.482294511589708,0.466476151587624,0.476969600708473,0.514026732452583,0.0317322208628743,"violation"
17,90,"forward",0.589508511541965,0.316774321444153,0.496903994999953,0.4,0.379585296592797,0.0628109751486443,"violation in forward orientation",1,0.0782758620689655,1,90,0.589508511541965,0.316774321444153,0.496903994999953,0.4,0.379585296592797,0.0628109751486443,"violation",1,110,0.400967433231594,0.558286251516634,0.449885201151223,0.494682467651374,0.566385421227198,0.00809916971056435,"violation"
18,90,"forward",0.645967901805191,0.316774321444153,0.5,0.4,0.327376773392916,0.010602451948763,"violation in forward orientation",1,0.0782758620689655,1,90,0.645967901805191,0.316774321444153,0.5,0.4,0.327376773392916,0.010602451948763,"violation",1,100,0.334897285537307,0.587987176577287,0.41424630354416,0.49749371855331,0.637835062488631,0.0498478859113448,"violation"
19,50,"reverse",0.4062591846095,0.524410079701748,0.427083130081252,0.47370877129308,0.560662810474978,0.0362527307732304,"violation in reverse orientation",1,0.0782758620689655,1,50,0.753238465893974,0.216786995012799,0.496386945839634,0.3,0.228182685256592,0.0113956902437922,"violation at burn-in",1,50,0.4062591846095,0.524410079701748,0.427083130081252,0.47370877129308,0.560662810474978,0.0362527307732304,"violation at burn-in"
20,120,"reverse",0.443936787615569,0.515618156308682,0.46837484987988,0.488122821520249,0.519917461594713,0.00429930528603173,"violation in reverse orientation",1,0.0782758620689655,1,250,0.589505712372838,0.373393327523893,0.5,0.454682306671372,0.379587885010519,0.0061945574866259,"violation",1,120,0.443936787615569,0.515618156308682,0.46837484987988,0.488122821520249,0.519917461594713,0.00429930528603173,"violation"
21,50,"forward",0.633238465893974,0.275078575707952,0.496386945839634,0.346987031457949,0.339147801152758,0.0640692254448058,"violation in forward orientation",1,0.0782758620689655,1,50,0.633238465893974,0.275078575707952,0.496386945839634,0.346987031457949,0.339147801152758,0.0640692254448058,"violation at burn-in",1,160,0.33870010349401,0.579109709427252,0.42934361238989,0.499022481958478,0.633722615517176,0.0546129060899241,"violation"
22,70,"reverse",0.314054244758118,0.636172957540227,0.388875931109034,0.499183005990176,0.660375163251858,0.0242022057116311,"violation in reverse orientation",1,0.0782758620689655,1,100,0.587987176577287,0.370102421252595,0.49749371855331,0.433012701892219,0.380992089181734,0.0108896679291389,"violation",1,70,0.314054244758118,0.636172957540227,0.388875931109034,0.499183005990176,0.660375163251858,0.0242022057116311,"violation"
23,50,"forward",0.524410079701748,0.329560327676681,0.47370877129308,0.384187454245971,0.439782421874534,0.110222094197852,"violation in forward orientation",1,0.0782758620689655,1,50,0.524410079701748,0.329560327676681,0.47370877129308,0.384187454245971,0.439782421874534,0.110222094197852,"violation at burn-in",1,100,0.43827928159571,0.493135037261782,0.462493243193887,0.48,0.526035607075843,0.0329005698140605,"violation"
24,140,"forward",0.596346324927922,0.36018664607018,0.499540605283025,0.43705881545081,0.373262306969055,0.0130756608988749,"violation in forward orientation",1,0.0782758620689655,1,140,0.596346324927922,0.36018664607018,0.499540605283025,0.43705881545081,0.373262306969055,0.0130756608988749,"violation",1,160,0.33870010349401,0.629248113255807,0.42934361238989,0.499648313816829,0.633722615517176,0.00447450226136958,"violation"
25,50,"forward",0.590712364249548,0.329560327676681,0.489897948556636,0.384187454245971,0.378472082799306,0.0489117551226251,"violation in forward orientation",1,0.0782758620689655,1,50,0.590712364249548,0.329560327676681,0.489897948556636,0.384187454245971,0.378472082799306,0.0489117551226251,"violation at burn-in",1,180,0.431889845950582,0.531216477947264,0.471404520791032,0.494756455862158,0.532945276580742,0.00172879863347775,"violation"
26,90,"reverse",0.217843543370117,0.753429237782545,0.327542288288526,0.487498021521785,0.764419430437263,0.0109901926547182,"violation in reverse orientation",1,0.0782758620689655,1,120,0.541858331145758,0.416367655586762,0.493006648591635,0.458257569495584,0.423647861510616,0.0072802059238542,"violation",1,90,0.217843543370117,0.753429237782545,0.327542288288526,0.487498021521785,0.764419430437263,0.0109901926547182,"violation"
27,200,"forward",0.624309483940046,0.347230186785389,0.499374608885954,0.438634243989226,0.347404513797361,0.000174327011972231,"violation in forward orientation",1,0.0782758620689655,1,200,0.624309483940046,0.347230186785389,0.499374608885954,0.438634243989226,0.347404513797361,0.000174327011972231,"violation",1,310,0.449187131166526,0.505871903913413,0.483063842963611,0.494464677583477,0.514239630133658,0.00836772622024551,"violation"
28,50,"forward",0.56895608070809,0.216786995012799,0.485386443980464,0.3,0.398590320504705,0.181803325491905,"violation in forward orientation",1,0.0782758620689655,1,50,0.56895608070809,0.216786995012799,0.485386443980464,0.3,0.398590320504705,0.181803325491905,"violation at burn-in",1,100,0.334897285537307,0.628654591240726,0.41424630354416,0.499899989998,0.637835062488631,0.00918047124790589,"violation"
29,50,"forward",0.56895608070809,0.302716065288689,0.485386443980464,0.366606055596467,0.398590320504705,0.0958742552160157,"violation in forward orientation",1,0.0782758620689655,1,50,0.56895608070809,0.302716065288689,0.485386443980464,0.366606055596467,0.398590320504705,0.0958742552160157,"violation at burn-in",1,100,0.261683564317147,0.697680196938796,0.366606055596467,0.496386945839634,0.717009913751259,0.0193297168124625,"violation"
30,90,"reverse",0.217843543370117,0.689834539323384,0.327542288288526,0.498020774022555,0.764419430437263,0.0745848911138793,"violation in reverse orientation",1,0.0782758620689655,1,130,0.784181578795644,0.183429847292173,0.470490113334555,0.309991410455537,0.199569301012242,0.0161394537200684,"violation",1,90,0.217843543370117,0.689834539323384,0.327542288288526,0.498020774022555,0.764419430437263,0.0745848911138793,"violation"
31,50,"forward",0.674489213358372,0.216786995012799,0.499599839871872,0.3,0.301002851376171,0.0842158563633711,"violation in forward orientation",1,0.0782758620689655,1,50,0.674489213358372,0.216786995012799,0.499599839871872,0.3,0.301002851376171,0.0842158563633711,"violation at burn-in",1,60,0.363298063516486,0.574366575369876,0.411973569810276,0.489897948556636,0.607121866454208,0.0327552910843325,"violation"
32,90,"forward",0.689834539323383,0.232572423955049,0.498020774022555,0.339934634239519,0.286812885758071,0.0542404618030227,"violation in forward orientation",1,0.0782758620689655,1,90,0.689834539323383,0.232572423955049,0.498020774022555,0.339934634239519,0.286812885758071,0.0542404618030227,"violation",1,130,0.260840456014983,0.705014100835259,0.374955618675506,0.49278822701683,0.717921668724366,0.0129075678891065,"violation"
33,90,"reverse",0.343591528449175,0.589508511541965,0.415739709641549,0.496903994999953,0.628432926141562,0.0389244145995967,"violation in reverse orientation",1,0.0782758620689655,1,110,0.650516076660585,0.305937471255794,0.499669312133138,0.4,0.323171033810042,0.0172335625542485,"violation",1,90,0.343591528449175,0.589508511541965,0.415739709641549,0.496903994999953,0.628432926141562,0.0389244145995967,"violation"
34,160,"reverse",0.352796350711866,0.579109709427252,0.436561493377508,0.499022481958478,0.618478638592702,0.0393689291654499,"violation in reverse orientation",1,0.0782758620689655,1,200,0.639115154967624,0.324933043236796,0.498397431775084,0.427083130081252,0.33371357211823,0.00878052888143455,"violation",1,160,0.352796350711866,0.579109709427252,0.436561493377508,0.499022481958478,0.618478638592702,0.0393689291654499,"violation"
35,120,"reverse",0.331038786191009,0.635283219199831,0.417582327212252,0.499930550732355,0.642007724480793,0.00672450528096191,"violation in reverse orientation",1,0.0782758620689655,1,370,0.536561704950489,0.42541823267425,0.498566242366807,0.478225658933043,0.428545701007422,0.00312746833317151,"violation",1,120,0.331038786191009,0.635283219199831,0.417582327212252,0.499930550732355,0.642007724480793,0.00672450528096191,"violation"
36,160,"reverse",0.317349074358807,0.635437582923543,0.417582327212252,0.499374608885954,0.656812065526149,0.0213744826026057,"violation in reverse orientation",1,0.0782758620689655,1,210,0.606670300855869,0.363076997417881,0.499909288823637,0.447112175021162,0.363715630424439,0.000638633006558254,"violation",1,160,0.317349074358807,0.635437582923543,0.417582327212252,0.499374608885954,0.656812065526149,0.0213744826026057,"violation"
37,50,"forward",0.753238465893974,0.216786995012799,0.496386945839634,0.3,0.228182685256592,0.0113956902437922,"violation in forward orientation",1,0.0782758620689655,1,50,0.753238465893974,0.216786995012799,0.496386945839634,0.3,0.228182685256592,0.0113956902437922,"violation at burn-in",1,310,0.425537065986661,0.528916345955828,0.476459366132561,0.497328973839855,0.539815305864394,0.0108989599085663,"violation"
38,50,"forward",0.654021127930363,0.185611725055255,0.498397431775085,0.271293199325011,0.319929880306935,0.13431815525168,"violation in forward orientation",1,0.0782758620689655,1,50,0.654021127930363,0.185611725055255,0.498397431775085,0.271293199325011,0.319929880306935,0.13431815525168,"violation at burn-in",1,100,0.274187264057314,0.687987176577287,0.375632799419859,0.49749371855331,0.703488151017969,0.0155009744406821,"violation"
39,50,"forward",0.612137383051339,0.329560327676681,0.493558507170123,0.384187454245971,0.358660168679154,0.0290998410024727,"violation in forward orientation",1,0.0782758620689655,1,50,0.612137383051339,0.329560327676681,0.493558507170123,0.384187454245971,0.358660168679154,0.0290998410024727,"violation at burn-in",1,100,0.404536423902243,0.556895688006175,0.448998886412873,0.493558507170123,0.562525839979352,0.00563015197317729,"violation"
40,160,"forward",0.623041328914409,0.266443233185236,0.499843725578305,0.385225177655874,0.348577188542312,0.0821339553570755,"violation in forward orientation",1,0.0782758620689655,1,160,0.623041328914409,0.266443233185236,0.499843725578305,0.385225177655874,0.348577188542312,0.0821339553570755,"violation",1,160,0.36678871548486,0.527856174668703,0.443309640657633,0.493354271796647,0.603347002319457,0.0754908276507535,"violation"
41,70,"reverse",0.401384518782172,0.561680056860571,0.43705881545081,0.489897948556636,0.565934376178805,0.00425431931823428,"violation in reverse orientation",1,0.0782758620689655,1,90,0.657042967008405,0.289392299544533,0.499876527964533,0.382325567424117,0.317135557610981,0.0277432580664481,"violation",1,70,0.401384518782172,0.561680056860571,0.43705881545081,0.489897948556636,0.565934376178805,0.00425431931823428,"violation"
42,80,"reverse",0.292478733192347,0.667042346118264,0.379967103839267,0.499843725578305,0.683707373262031,0.0166650271437668,"violation in reverse orientation",1,0.0782758620689655,1,210,0.699769324871587,0.272266676534906,0.48890177266058,0.396383881364891,0.277626097176738,0.00535942064183215,"violation",1,80,0.292478733192347,0.667042346118264,0.379967103839267,0.499843725578305,0.683707373262031,0.0166650271437668,"violation"
43,50,"reverse",0.216786995012799,0.694644991687999,0.3,0.5,0.765562003955563,0.0709170122675638,"violation in reverse orientation",1,0.0782758620689655,1,180,0.576595745763101,0.389736978234911,0.499227798766984,0.455792621243748,0.391525851186061,0.0017888729511496,"violation",1,50,0.216786995012799,0.694644991687999,0.3,0.5,0.765562003955563,0.0709170122675638,"violation at burn-in"
44,50,"reverse",0.302716065288689,0.546859192020479,0.366606055596467,0.48,0.672636507957744,0.125777315937265,"violation in reverse orientation",1,0.0782758620689655,1,150,0.593953666895996,0.374986270713314,0.499599839871872,0.445670531022887,0.375474820100826,0.000488549387512305,"violation",1,50,0.302716065288689,0.546859192020479,0.366606055596467,0.48,0.672636507957744,0.125777315937265,"violation at burn-in"
45,140,"forward",0.589119157882713,0.37627310295803,0.499183005990176,0.444696640464954,0.37994533554216,0.00367223258413002,"violation in forward orientation",1,0.0782758620689655,1,140,0.589119157882713,0.37627310295803,0.499183005990176,0.444696640464954,0.37994533554216,0.00367223258413002,"violation",1,150,0.440855933319083,0.511740763682334,0.471404520791032,0.489897948556636,0.523249161945699,0.0115083982633648,"violation"
46,50,"reverse",0.246504271019468,0.694644991687999,0.324961536185438,0.5,0.733425119386027,0.0387801276980281,"violation in reverse orientation",1,0.0782758620689655,1,130,0.470671409207969,0.478921718454913,0.478162162089848,0.480446045219298,0.491006081967174,0.0120843635122606,"violation",1,50,0.246504271019468,0.694644991687999,0.324961536185438,0.5,0.733425119386027,0.0387801276980281,"violation at burn-in"
47,50,"reverse",0.246504271019468,0.674489213358372,0.324961536185438,0.499599839871872,0.733425119386027,0.0589359060276549,"violation in reverse orientation",1,0.0782758620689655,1,160,0.726162040908508,0.251578187192657,0.485693769262073,0.374530956664466,0.253220507227975,0.00164232003531811,"violation",1,50,0.246504271019468,0.674489213358372,0.324961536185438,0.499599839871872,0.733425119386027,0.0589359060276549,"violation at burn-in"
48,50,"reverse",0.302716065288689,0.546859192020479,0.366606055596467,0.48,0.672636507957744,0.125777315937265,"violation in reverse orientation",1,0.0782758620689655,1,50,0.826859192020479,0.152451248673278,0.48,0.237486841740758,0.160104915198362,0.00765366652508351,"violation at burn-in",1,50,0.302716065288689,0.546859192020479,0.366606055596467,0.48,0.672636507957744,0.125777315937265,"violation at burn-in"
49,80,"forward",0.629397303997039,0.32367253060101,0.499374608885954,0.4,0.342699759278336,0.0190272286773262,"violation in forward orientation",1,0.0782758620689655,1,80,0.629397303997039,0.32367253060101,0.499374608885954,0.4,0.342699759278336,0.0190272286773262,"violation",1,130,0.351399993541752,0.606718250157931,0.430769230769231,0.499763257562486,0.619988688476942,0.0132704383190105,"violation"
50,50,"reverse",0.246504271019468,0.674489213358372,0.324961536185438,0.499599839871872,0.733425119386027,0.0589359060276549,"violation in reverse orientation",1,0.0782758620689655,1,60,0.694529912104096,0.25432432379694,0.499722145018832,0.339934634239519,0.282471030884842,0.0281467070879025,"violation",1,50,0.246504271019468,0.674489213358372,0.324961536185438,0.499599839871872,0.733425119386027,0.0589359060276549,"violation at burn-in"
51,80,"forward",0.577841623971563,0.383879441563478,0.49434299833213,0.433012701892219,0.390373776021107,0.00649433445762876,"violation in forward orientation",1,0.0782758620689655,1,80,0.577841623971563,0.383879441563478,0.49434299833213,0.433012701892219,0.390373776021107,0.00649433445762876,"violation",1,90,0.343591528449175,0.589508511541965,0.415739709641549,0.496903994999953,0.628432926141562,0.0389244145995967,"violation"
52,110,"forward",0.539305562933781,0.421366620240471,0.491666083017817,0.458257569495584,0.426008430014767,0.00464180977429601,"violation in forward orientation",1,0.0782758620689655,1,110,0.539305562933781,0.421366620240471,0.491666083017817,0.458257569495584,0.426008430014767,0.00464180977429601,"violation",1,160,0.266443233185236,0.708341802636892,0.385225177655874,0.489897948556636,0.711862708167252,0.00352090553036066,"violation"
53,50,"forward",0.714489213358372,0.246504271019468,0.499599839871872,0.324961536185438,0.264014479410782,0.0175102083913136,"violation in forward orientation",1,0.0782758620689655,1,50,0.714489213358372,0.246504271019468,0.499599839871872,0.324961536185438,0.264014479410782,0.0175102083913136,"violation at burn-in",1,90,0.303158498150334,0.61230983413901,0.391420332306856,0.498887651569859,0.672158051796376,0.0598482176573664,"violation"
54,50,"forward",0.674489213358372,0.216786995012799,0.499599839871872,0.3,0.301002851376171,0.0842158563633711,"violation in forward orientation",1,0.0782758620689655,1,50,0.674489213358372,0.216786995012799,0.499599839871872,0.3,0.301002851376171,0.0842158563633711,"violation at burn-in",1,50,0.430755917550709,0.524410079701748,0.438634243989226,0.47370877129308,0.534171530497442,0.0097614507956939,"violation at burn-in"
55,60,"forward",0.482234168322183,0.463104996184793,0.465176191231762,0.458257569495584,0.478782879326699,0.0156778831419064,"violation in forward orientation",1,0.0782758620689655,1,60,0.482234168322183,0.463104996184793,0.465176191231762,0.458257569495584,0.478782879326699,0.0156778831419064,"violation",1,500,0.386991358395087,0.575044815448212,0.468747266658697,0.499899989998,0.581499441222006,0.00645462577379408,"violation"
56,90,"reverse",0.369905994351297,0.589508511541965,0.429757324573638,0.496903994999953,0.599975911675777,0.0104674001338118,"violation in reverse orientation",1,0.0782758620689655,1,90,0.623601442490623,0.343591528449175,0.499505928733089,0.415739709641549,0.348059246309816,0.00446771786064087,"violation",1,90,0.369905994351297,0.589508511541965,0.429757324573638,0.496903994999953,0.599975911675777,0.0104674001338118,"violation"
57,90,"reverse",0.382890080077361,0.531207015560322,0.436173031697567,0.487498021521785,0.585934649477793,0.0547276339174709,"violation in reverse orientation",1,0.0782758620689655,1,160,0.690356174668703,0.28115698818386,0.493354271796647,0.395235293844059,0.286330524703497,0.00517353651963681,"violation",1,90,0.382890080077361,0.531207015560322,0.436173031697567,0.487498021521785,0.585934649477793,0.0547276339174709,"violation"
58,120,"reverse",0.407087678301415,0.550531010507825,0.454529671443155,0.49434299833213,0.559766860047433,0.00923584953960799,"violation in reverse orientation",1,0.0782758620689655,1,160,0.610575889280711,0.331611385567067,0.5,0.42555111326373,0.360104096489395,0.0284927109223284,"violation",1,120,0.407087678301415,0.550531010507825,0.454529671443155,0.49434299833213,0.559766860047433,0.00923584953960799,"violation"
59,50,"forward",0.734021127930363,0.216786995012799,0.498397431775084,0.3,0.245953136376157,0.0291661413633578,"violation in forward orientation",1,0.0782758620689655,1,50,0.734021127930363,0.216786995012799,0.498397431775084,0.3,0.245953136376157,0.0291661413633578,"violation at burn-in",1,160,0.345761529163151,0.579109709427252,0.433012701892219,0.499022481958478,0.626086241928473,0.0469765325012204,"violation"
60,90,"reverse",0.247071505072811,0.623601442490622,0.351539822656808,0.499505928733089,0.732811700602553,0.10921025811193,"violation in reverse orientation",1,0.0782758620689655,1,160,0.566401777618562,0.310173845011429,0.498082259772419,0.413398642353842,0.400952308324399,0.0907784633129699,"violation",1,90,0.247071505072811,0.623601442490622,0.351539822656808,0.499505928733089,0.732811700602553,0.10921025811193,"violation"
61,50,"reverse",0.246504271019468,0.694644991687999,0.324961536185438,0.5,0.733425119386027,0.0387801276980281,"violation in reverse orientation",1,0.0782758620689655,1,80,0.629397303997039,0.32367253060101,0.499374608885954,0.4,0.342699759278336,0.0190272286773262,"violation",1,50,0.246504271019468,0.694644991687999,0.324961536185438,0.5,0.733425119386027,0.0387801276980281,"violation at burn-in"
62,70,"reverse",0.295810536031579,0.66501401703857,0.376883027379226,0.5,0.680104291901922,0.0150902748633512,"violation in reverse orientation",1,0.0782758620689655,1,160,0.604317250201883,0.352796350711866,0.499960935974002,0.436561493377508,0.365891518245515,0.0130951675336486,"violation",1,70,0.295810536031579,0.66501401703857,0.376883027379226,0.5,0.680104291901922,0.0150902748633512,"violation"
63,50,"reverse",0.275078575707952,0.694644991687999,0.346987031457949,0.5,0.702524267934418,0.00787927624641849,"violation in reverse orientation",1,0.0782758620689655,1,130,0.575485299258979,0.386251568800868,0.497865265393366,0.447478140684584,0.392552691394614,0.00630112259374666,"violation",1,50,0.275078575707952,0.694644991687999,0.346987031457949,0.5,0.702524267934418,0.00787927624641849,"violation at burn-in"
64,50,"reverse",0.185611725055255,0.654021127930363,0.271293199325011,0.498397431775084,0.799275593714762,0.145254465784399,"violation in reverse orientation",1,0.0782758620689655,1,280,0.59202014371622,0.373960382911406,0.499948976988489,0.456682245625323,0.377262766965257,0.00330238405385114,"violation",1,50,0.185611725055255,0.654021127930363,0.271293199325011,0.498397431775084,0.799275593714762,0.145254465784399,"violation at burn-in"
65,90,"forward",0.600945650434495,0.261362863693741,0.498020774022555,0.362433476228891,0.36900926790338,0.107646404209638,"violation in forward orientation",1,0.0782758620689655,1,90,0.600945650434495,0.261362863693741,0.498020774022555,0.362433476228891,0.36900926790338,0.107646404209638,"violation",1,90,0.275464716989807,0.678976500805676,0.372677996249965,0.498887651569859,0.702106686666211,0.0231301858605347,"violation"
66,50,"reverse",0.275078575707952,0.654021127930363,0.346987031457949,0.498397431775084,0.702524267934418,0.0485031400040548,"violation in reverse orientation",1,0.0782758620689655,1,90,0.678976500805676,0.261362863693741,0.498887651569859,0.362433476228891,0.296853414945758,0.0354905512520168,"violation",1,50,0.275078575707952,0.654021127930363,0.346987031457949,0.498397431775084,0.702524267934418,0.0485031400040548,"violation at burn-in"
67,50,"reverse",0.381261936620275,0.546859192020479,0.41424630354416,0.48,0.587695357906497,0.0408361658860176,"violation in reverse orientation",1,0.0782758620689655,1,110,0.632421839069742,0.338260821129089,0.5,0.419070202604222,0.339902943571047,0.00164212244195866,"violation",1,50,0.381261936620275,0.546859192020479,0.41424630354416,0.48,0.587695357906497,0.0408361658860176,"violation at burn-in"
68,50,"forward",0.478395081610861,0.454790769027509,0.458257569495584,0.448998886412873,0.482653540892785,0.027862771865276,"violation in forward orientation",1,0.0782758620689655,1,50,0.478395081610861,0.454790769027509,0.458257569495584,0.448998886412873,0.482653540892785,0.027862771865276,"violation at burn-in",1,90,0.217843543370117,0.763761939446244,0.327542288288526,0.484831649539365,0.764419430437263,0.000657490991018972,"violation"
69,50,"reverse",0.329560327676681,0.633238465893974,0.384187454245971,0.496386945839634,0.643606560477913,0.0103680945839392,"violation in reverse orientation",1,0.0782758620689655,1,90,0.554753840420317,0.343591528449175,0.492035329455212,0.415739709641549,0.411723264167353,0.0681317357181788,"violation",1,50,0.329560327676681,0.633238465893974,0.384187454245971,0.496386945839634,0.643606560477913,0.0103680945839392,"violation at burn-in"
70,50,"forward",0.56895608070809,0.246504271019468,0.485386443980464,0.324961536185438,0.398590320504705,0.152086049485237,"violation in forward orientation",1,0.0782758620689655,1,50,0.56895608070809,0.246504271019468,0.485386443980464,0.324961536185438,0.398590320504705,0.152086049485237,"violation at burn-in",1,50,0.329560327676681,0.633238465893974,0.384187454245971,0.496386945839634,0.643606560477913,0.0103680945839392,"violation at burn-in"
71,50,"reverse",0.302716065288689,0.61213738305134,0.366606055596467,0.493558507170123,0.672636507957744,0.0604991249064041,"violation in reverse orientation",1,0.0782758620689655,1,160,0.623041328914409,0.33870010349401,0.499843725578305,0.42934361238989,0.348577188542312,0.00987708504830198,"violation",1,50,0.302716065288689,0.61213738305134,0.366606055596467,0.493558507170123,0.672636507957744,0.0604991249064041,"violation at burn-in"
72,60,"reverse",0.277090389131333,0.677962140771975,0.357071421427142,0.5,0.700348650769906,0.0223865099979311,"violation in reverse orientation",1,0.0782758620689655,1,270,0.499891557883101,0.461497547999306,0.492690048838989,0.484831649539365,0.462454927001274,0.000957379001967518,"violation",1,60,0.277090389131333,0.677962140771975,0.357071421427142,0.5,0.700348650769906,0.0223865099979311,"violation"
73,60,"forward",0.677962140771975,0.277090389131333,0.5,0.357071421427142,0.297791403101592,0.0207010139702593,"violation in forward orientation",1,0.0782758620689655,1,60,0.677962140771975,0.277090389131333,0.5,0.357071421427142,0.297791403101592,0.0207010139702593,"violation",1,90,0.217843543370117,0.634820744786183,0.327542288288526,0.499876527964533,0.764419430437263,0.12959868565108,"violation"
74,60,"reverse",0.383872428163307,0.556383151271119,0.422952584681651,0.486198404860494,0.584872317686749,0.0284891664156295,"violation in reverse orientation",1,0.0782758620689655,1,70,0.693315814683084,0.258342897757551,0.499183005990176,0.349927106111883,0.283593718060108,0.0252508203025573,"violation",1,60,0.383872428163307,0.556383151271119,0.422952584681651,0.486198404860494,0.584872317686749,0.0284891664156295,"violation"
75,50,"reverse",0.381261936620275,0.546859192020479,0.41424630354416,0.48,0.587695357906497,0.0408361658860176,"violation in reverse orientation",1,0.0782758620689655,1,150,0.504752897994857,0.440855933319083,0.48848973604593,0.471404520791032,0.457959600593677,0.0171036672745936,"violation",1,50,0.381261936620275,0.546859192020479,0.41424630354416,0.48,0.587695357906497,0.0408361658860176,"violation at burn-in"
76,90,"forward",0.78418865915957,0.187580741083115,0.478681316189734,0.3,0.199562753733878,0.0119820126507635,"violation in forward orientation",1,0.0782758620689655,1,90,0.78418865915957,0.187580741083115,0.478681316189734,0.3,0.199562753733878,0.0119820126507635,"violation",1,280,0.385460185227572,0.570565580161309,0.461309139784786,0.499795876701026,0.583155283948956,0.0125897037876468,"violation"
77,70,"reverse",0.384376285178422,0.561680056860571,0.428809457708675,0.489897948556636,0.584327436159564,0.0226473792989929,"violation in reverse orientation",1,0.0782758620689655,1,90,0.657042967008405,0.316774321444153,0.499876527964533,0.4,0.317135557610981,0.000361236166827983,"violation",1,70,0.384376285178422,0.561680056860571,0.428809457708675,0.489897948556636,0.584327436159564,0.0226473792989929,"violation"
78,90,"reverse",0.382890080077361,0.566413277978533,0.436173031697567,0.493913572686508,0.585934649477793,0.0195213714992604,"violation in reverse orientation",1,0.0782758620689655,1,90,0.678976500805676,0.289392299544533,0.498887651569859,0.382325567424117,0.296853414945758,0.00746111540122524,"violation",1,90,0.382890080077361,0.566413277978533,0.436173031697567,0.493913572686508,0.585934649477793,0.0195213714992604,"violation"
79,50,"forward",0.612137383051339,0.329560327676681,0.493558507170123,0.384187454245971,0.358660168679154,0.0290998410024727,"violation in forward orientation",1,0.0782758620689655,1,50,0.612137383051339,0.329560327676681,0.493558507170123,0.384187454245971,0.358660168679154,0.0290998410024727,"violation at burn-in",1,80,0.260399815732986,0.715878168740764,0.357071421427142,0.496078370824611,0.718398186352565,0.00252001761180032,"violation"
80,50,"forward",0.612137383051339,0.302716065288689,0.493558507170123,0.366606055596467,0.358660168679154,0.0559441033904648,"violation in forward orientation",1,0.0782758620689655,1,50,0.612137383051339,0.302716065288689,0.493558507170123,0.366606055596467,0.358660168679154,0.0559441033904648,"violation at burn-in",1,230,0.352172560119382,0.61904224451496,0.443733941640803,0.499319006947896,0.619153218801929,0.000110974286968935,"violation"
81,120,"reverse",0.359957099047924,0.584859227302894,0.433012701892219,0.498260864295892,0.610734855392124,0.0258756280892298,"violation in reverse orientation",1,0.0782758620689655,1,140,0.552619090887638,0.408041743115843,0.495850125480246,0.458257569495584,0.413697286911546,0.00565554379570338,"violation",1,120,0.359957099047924,0.584859227302894,0.433012701892219,0.498260864295892,0.610734855392124,0.0258756280892298,"violation"
82,160,"forward",0.690356174668703,0.259030400808886,0.493354271796647,0.379967103839267,0.286330524703497,0.0273001238946104,"violation in forward orientation",1,0.0782758620689655,1,160,0.690356174668703,0.259030400808886,0.493354271796647,0.379967103839267,0.286330524703497,0.0273001238946104,"violation",1,190,0.461150558428049,0.477798941394258,0.480909802589994,0.485124994602228,0.501302129372374,0.0235031879781162,"violation"
83,110,"reverse",0.327565307208637,0.64149085844415,0.413011516058202,0.499917348540637,0.645764017388869,0.0042731589447188,"violation in reverse orientation",1,0.0782758620689655,1,120,0.643563631019352,0.321281192805974,0.499722145018832,0.411973569810276,0.329600024946219,0.00831883214024537,"violation",1,110,0.327565307208637,0.64149085844415,0.413011516058202,0.499917348540637,0.645764017388869,0.0042731589447188,"violation"
84,90,"reverse",0.356808336031459,0.61230983413901,0.422952584681651,0.498887651569859,0.614139993654939,0.00183015951592957,"violation in reverse orientation",1,0.0782758620689655,1,220,0.585946066442252,0.382189517959428,0.499917348540637,0.456246815906471,0.382879522704159,0.000690004744730577,"violation",1,90,0.356808336031459,0.61230983413901,0.422952584681651,0.498887651569859,0.614139993654939,0.00183015951592957,"violation"
85,50,"reverse",0.329560327676681,0.633238465893974,0.384187454245971,0.496386945839634,0.643606560477913,0.0103680945839392,"violation in reverse orientation",1,0.0782758620689655,1,170,0.601530915781143,0.359488855533748,0.499965396726489,0.441176470588235,0.368468067594873,0.00897921206112445,"violation",1,50,0.329560327676681,0.633238465893974,0.384187454245971,0.496386945839634,0.643606560477913,0.0103680945839392,"violation at burn-in"
86,60,"reverse",0.321054517826778,0.644232895622817,0.386939558874797,0.498887651569859,0.652804921365882,0.00857202574306504,"violation in reverse orientation",1,0.0782758620689655,1,90,0.543018751298959,0.421207676384509,0.489897948556636,0.453246178986025,0.422574810204048,0.00136713381953896,"violation",1,60,0.321054517826778,0.644232895622817,0.386939558874797,0.498887651569859,0.652804921365882,0.00857202574306504,"violation"
87,80,"reverse",0.308177297821902,0.616655263867034,0.3903123748999,0.498591766879478,0.666730616735148,0.0500753528681133,"violation in reverse orientation",1,0.0782758620689655,1,80,0.679397303997039,0.292478733192347,0.499374608885954,0.379967103839267,0.2964642943216,0.00398556112925297,"violation",1,80,0.308177297821902,0.616655263867034,0.3903123748999,0.498591766879478,0.666730616735148,0.0500753528681133,"violation"
88,50,"forward",0.56895608070809,0.329560327676681,0.485386443980464,0.384187454245971,0.398590320504705,0.0690299928280236,"violation in forward orientation",1,0.0782758620689655,1,50,0.56895608070809,0.329560327676681,0.485386443980464,0.384187454245971,0.398590320504705,0.0690299928280236,"violation at burn-in",1,160,0.435337907380941,0.527856174668703,0.470662764089109,0.493354271796647,0.52921647074567,0.00136029607696653,"violation"
89,50,"reverse",0.302716065288689,0.654021127930363,0.366606055596467,0.498397431775084,0.672636507957744,0.0186153800273808,"violation in reverse orientation",1,0.0782758620689655,1,160,0.690356174668703,0.273818275903645,0.493354271796647,0.3903123748999,0.286330524703497,0.0125122487998514,"violation",1,50,0.302716065288689,0.654021127930363,0.366606055596467,0.498397431775084,0.672636507957744,0.0186153800273808,"violation at burn-in"
90,50,"reverse",0.355715993350399,0.590712364249548,0.4,0.489897948556636,0.615321275904487,0.0246089116549392,"violation in reverse orientation",1,0.0782758620689655,1,270,0.619480266182022,0.338983163955957,0.498887651569859,0.440242482130817,0.351870136365752,0.0128869724097954,"violation",1,50,0.355715993350399,0.590712364249548,0.4,0.489897948556636,0.615321275904487,0.0246089116549392,"violation at burn-in"
91,50,"reverse",0.430755917550709,0.524410079701748,0.438634243989226,0.47370877129308,0.534171530497442,0.0097614507956939,"violation in reverse orientation",1,0.0782758620689655,1,90,0.577997924209187,0.382890080077361,0.495535624910617,0.436173031697567,0.390229243737919,0.00733916366055759,"violation",1,50,0.430755917550709,0.524410079701748,0.438634243989226,0.47370877129308,0.534171530497442,0.0097614507956939,"violation at burn-in"
92,50,"reverse",0.329560327676681,0.633238465893974,0.384187454245971,0.496386945839634,0.643606560477913,0.0103680945839392,"violation in reverse orientation",1,0.0782758620689655,1,80,0.577841623971563,0.383879441563478,0.49434299833213,0.433012701892219,0.390373776021107,0.00649433445762876,"violation",1,50,0.329560327676681,0.633238465893974,0.384187454245971,0.496386945839634,0.643606560477913,0.0103680945839392,"violation at burn-in"
93,80,"forward",0.629397303997039,0.338978878076396,0.499374608885954,0.409076704298839,0.342699759278336,0.00372088120193986,"violation in forward orientation",1,0.0782758620689655,1,80,0.629397303997039,0.338978878076396,0.499374608885954,0.409076704298839,0.342699759278336,0.00372088120193986,"violation",1,90,0.369905994351297,0.589508511541965,0.429757324573638,0.496903994999953,0.599975911675777,0.0104674001338118,"violation"
94,70,"reverse",0.295810536031579,0.621549582751732,0.376883027379226,0.498159879261791,0.680104291901922,0.0585547091501897,"violation in reverse orientation",1,0.0782758620689655,1,70,0.561680056860571,0.401384518782172,0.489897948556636,0.43705881545081,0.405318527417232,0.00393400863505972,"violation",1,70,0.295810536031579,0.621549582751732,0.376883027379226,0.498159879261791,0.680104291901922,0.0585547091501897,"violation"
95,50,"reverse",0.246504271019468,0.633238465893974,0.324961536185438,0.496386945839634,0.733425119386027,0.100186653492054,"violation in reverse orientation",1,0.0782758620689655,1,50,0.753238465893974,0.216786995012799,0.496386945839634,0.3,0.228182685256592,0.0113956902437922,"violation at burn-in",1,50,0.246504271019468,0.633238465893974,0.324961536185438,0.496386945839634,0.733425119386027,0.100186653492054,"violation at burn-in"
96,190,"reverse",0.438774439301002,0.516216676743844,0.47441464150842,0.492857572994083,0.525500133164469,0.00928345642062489,"violation in reverse orientation",1,0.0782758620689655,1,200,0.604428882220546,0.363797270986704,0.499974999374969,0.446514277487294,0.365788291079776,0.00199102009307145,"violation",1,190,0.438774439301002,0.516216676743844,0.47441464150842,0.492857572994083,0.525500133164469,0.00928345642062489,"violation"
97,80,"reverse",0.292478733192347,0.679397303997039,0.379967103839267,0.499374608885954,0.683707373262031,0.00431006926499222,"violation in reverse orientation",1,0.0782758620689655,1,240,0.648947623041624,0.31978285602173,0.496585563847986,0.428093317968044,0.324621397456757,0.00483854143502704,"violation",1,80,0.292478733192347,0.679397303997039,0.379967103839267,0.499374608885954,0.683707373262031,0.00431006926499222,"violation"
98,50,"reverse",0.329560327676681,0.633238465893974,0.384187454245971,0.496386945839634,0.643606560477913,0.0103680945839392,"violation in reverse orientation",1,0.0782758620689655,1,80,0.483698556974645,0.455809380365391,0.472857007984443,0.463512405443479,0.47742874552222,0.0216193651568295,"violation",1,50,0.329560327676681,0.633238465893974,0.384187454245971,0.496386945839634,0.643606560477913,0.0103680945839392,"violation at burn-in"
99,50,"reverse",0.275078575707952,0.633238465893974,0.346987031457949,0.496386945839634,0.702524267934418,0.069285802040444,"violation in reverse orientation",1,0.0782758620689655,1,90,0.507348898454775,0.446262250701477,0.481894409826699,0.462948147911104,0.455559054827832,0.00929680412635531,"violation",1,50,0.275078575707952,0.633238465893974,0.346987031457949,0.496386945839634,0.702524267934418,0.069285802040444,"violation at burn-in"
100,110,"forward",0.686176970540763,0.261614030131997,0.497015888466787,0.369945271806833,0.290195073623586,0.0285810434915889,"violation in forward orientation",1,0.0782758620689655,1,110,0.686176970540763,0.261614030131997,0.497015888466787,0.369945271806833,0.290195073623586,0.0285810434915889,"violation",1,160,0.29573068172561,0.623041328914409,0.404612082740988,0.499843725578305,0.680190648020588,0.0571493191061789,"violation"
101,50,"forward",0.633238465893974,0.302716065288689,0.496386945839634,0.366606055596467,0.339147801152758,0.0364317358640688,"violation in forward orientation",1,0.0782758620689655,1,50,0.633238465893974,0.302716065288689,0.496386945839634,0.366606055596467,0.339147801152758,0.0364317358640688,"violation at burn-in",1,210,0.465325391677626,0.49520100521645,0.483186700722508,0.489897948556636,0.496787377273002,0.00158637205655193,"violation"
102,50,"forward",0.694644991687999,0.246504271019468,0.5,0.324961536185438,0.282364615723467,0.0358603447039985,"violation in forward orientation",1,0.0782758620689655,1,50,0.694644991687999,0.246504271019468,0.5,0.324961536185438,0.282364615723467,0.0358603447039985,"violation at burn-in",1,160,0.331611385567067,0.629248113255807,0.42555111326373,0.499648313816829,0.641388503524982,0.0121403902691749,"violation"
103,60,"forward",0.74303982794241,0.230926430345563,0.495535624910617,0.321022671404304,0.23761346060891,0.00668703026334727,"violation in forward orientation",1,0.0782758620689655,1,60,0.74303982794241,0.230926430345563,0.495535624910617,0.321022671404304,0.23761346060891,0.00668703026334727,"violation",1,90,0.316774321444153,0.600945650434495,0.4,0.498020774022555,0.657433615363694,0.0564879649291995,"violation"
104,50,"forward",0.56895608070809,0.275078575707952,0.485386443980464,0.346987031457949,0.398590320504705,0.123511744796753,"violation in forward orientation",1,0.0782758620689655,1,50,0.56895608070809,0.275078575707952,0.485386443980464,0.346987031457949,0.398590320504705,0.123511744796753,"violation at burn-in",1,60,0.383872428163307,0.556383151271119,0.422952584681651,0.486198404860494,0.584872317686749,0.0284891664156295,"violation"
105,50,"forward",0.826859192020479,0.0745005976726398,0.48,0.14,0.160104915198362,0.085604317525722,"violation in forward orientation",1,0.0782758620689655,1,50,0.826859192020479,0.0745005976726398,0.48,0.14,0.160104915198362,0.085604317525722,"violation at burn-in",1,270,0.434313902006669,0.526471220735451,0.477548035489912,0.496475921059666,0.530323851600637,0.00385263086518595,"violation"
106,90,"forward",0.657042967008405,0.261362863693741,0.499876527964533,0.362433476228891,0.317135557610981,0.0557726939172396,"violation in forward orientation",1,0.0782758620689655,1,90,0.657042967008405,0.261362863693741,0.499876527964533,0.362433476228891,0.317135557610981,0.0557726939172396,"violation",1,230,0.259537563549332,0.716160788314705,0.389876622431169,0.483840964982385,0.719330643919997,0.00316985560529215,"violation"
107,90,"forward",0.678976500805676,0.289392299544533,0.498887651569859,0.382325567424117,0.296853414945758,0.00746111540122524,"violation in forward orientation",1,0.0782758620689655,1,90,0.678976500805676,0.289392299544533,0.498887651569859,0.382325567424117,0.296853414945758,0.00746111540122524,"violation",1,90,0.261362863693741,0.71133125754252,0.362433476228891,0.495535624910617,0.717356726121055,0.00602546857853492,"violation"
108,50,"reverse",0.275078575707952,0.694644991687999,0.346987031457949,0.5,0.702524267934418,0.00787927624641849,"violation in reverse orientation",1,0.0782758620689655,1,150,0.532575700052613,0.411841138745033,0.493558507170123,0.461109772421082,0.432231596802885,0.0203904580578521,"violation",1,50,0.275078575707952,0.694644991687999,0.346987031457949,0.5,0.702524267934418,0.00787927624641849,"violation at burn-in"
109,90,"reverse",0.303158498150334,0.61230983413901,0.391420332306856,0.498887651569859,0.672158051796376,0.0598482176573664,"violation in reverse orientation",1,0.0782758620689655,1,220,0.507260380242572,0.455085735981428,0.492484844755704,0.481045692920835,0.455640908441799,0.000555172460371067,"violation",1,90,0.303158498150334,0.61230983413901,0.391420332306856,0.498887651569859,0.672158051796376,0.0598482176573664,"violation"
110,50,"forward",0.654021127930363,0.302716065288689,0.498397431775085,0.366606055596467,0.319929880306935,0.0172138150182456,"violation in forward orientation",1,0.0782758620689655,1,50,0.654021127930363,0.302716065288689,0.498397431775085,0.366606055596467,0.319929880306935,0.0172138150182456,"violation at burn-in",1,120,0.281590846830816,0.676331088782478,0.386939558874797,0.49749371855331,0.695481761571653,0.019150672789175,"violation"
111,50,"forward",0.612137383051339,0.275078575707952,0.493558507170123,0.346987031457949,0.358660168679154,0.0835815929712017,"violation in forward orientation",1,0.0782758620689655,1,50,0.612137383051339,0.275078575707952,0.493558507170123,0.346987031457949,0.358660168679154,0.0835815929712017,"violation at burn-in",1,100,0.393138664440465,0.567316518042841,0.443959457608462,0.495075751779463,0.574851615736602,0.0075350976937606,"violation"
112,90,"forward",0.774015565121441,0.171968943105426,0.481894409826699,0.28458329944146,0.208969908391907,0.0370009652864819,"violation in forward orientation",1,0.0782758620689655,1,90,0.774015565121441,0.171968943105426,0.481894409826699,0.28458329944146,0.208969908391907,0.0370009652864819,"violation",1,110,0.338260821129089,0.623309040262332,0.419070202604222,0.499917348540637,0.634197664665414,0.0108886244030816,"violation"
113,90,"forward",0.577997924209187,0.382890080077361,0.495535624910617,0.436173031697567,0.390229243737919,0.00733916366055759,"violation in forward orientation",1,0.0782758620689655,1,90,0.577997924209187,0.382890080077361,0.495535624910617,0.436173031697567,0.390229243737919,0.00733916366055759,"violation",1,160,0.331611385567067,0.616817250201883,0.42555111326373,0.499960935974002,0.641388503524982,0.0245712533230984,"violation"
114,50,"forward",0.674489213358372,0.275078575707952,0.499599839871872,0.346987031457949,0.301002851376171,0.0259242756682184,"violation in forward orientation",1,0.0782758620689655,1,50,0.674489213358372,0.275078575707952,0.499599839871872,0.346987031457949,0.301002851376171,0.0259242756682184,"violation at burn-in",1,100,0.43827928159571,0.482294511589708,0.462493243193887,0.476969600708473,0.526035607075843,0.0437410954861346,"violation"
115,100,"forward",0.697680196938796,0.261683564317147,0.496386945839634,0.366606055596467,0.279557933203272,0.0178743688861248,"violation in forward orientation",1,0.0782758620689655,1,100,0.697680196938796,0.261683564317147,0.496386945839634,0.366606055596467,0.279557933203272,0.0178743688861248,"violation",1,150,0.476581904170581,0.483658018194437,0.481894409826699,0.483689523925788,0.484614348945626,0.000956330751189449,"violation"
116,50,"forward",0.56895608070809,0.381261936620275,0.485386443980464,0.41424630354416,0.398590320504705,0.0173283838844302,"violation in forward orientation",1,0.0782758620689655,1,50,0.56895608070809,0.381261936620275,0.485386443980464,0.41424630354416,0.398590320504705,0.0173283838844302,"violation at burn-in",1,60,0.299311814729174,0.661196578770763,0.372677996249965,0.499722145018832,0.676317935799661,0.0151213570288984,"violation"
117,60,"forward",0.758806370529702,0.206777284463185,0.493006648591635,0.3,0.223033992063239,0.0162567076000534,"violation in forward orientation",1,0.0782758620689655,1,60,0.758806370529702,0.206777284463185,0.493006648591635,0.3,0.223033992063239,0.0162567076000534,"violation",1,80,0.383879441563478,0.551467297585606,0.433012701892219,0.489897948556636,0.584864733248939,0.0333974356633328,"violation"
118,90,"reverse",0.217843543370117,0.753429237782545,0.327542288288526,0.487498021521785,0.764419430437263,0.0109901926547182,"violation in reverse orientation",1,0.0782758620689655,1,160,0.547208614013715,0.387592559593228,0.496078370824611,0.452596674755792,0.418700405189616,0.0311078455963871,"violation",1,90,0.217843543370117,0.753429237782545,0.327542288288526,0.487498021521785,0.764419430437263,0.0109901926547182,"violation"
119,50,"reverse",0.246504271019468,0.694644991687999,0.324961536185438,0.5,0.733425119386027,0.0387801276980281,"violation in reverse orientation",1,0.0782758620689655,1,90,0.668045886935067,0.303158498150334,0.499505928733089,0.391420332306856,0.306961055237161,0.0038025570868277,"violation",1,50,0.246504271019468,0.694644991687999,0.324961536185438,0.5,0.733425119386027,0.0387801276980281,"violation at burn-in"
120,90,"reverse",0.356808336031459,0.589508511541965,0.422952584681651,0.496903994999953,0.614139993654939,0.0246314821129743,"violation in reverse orientation",1,0.0782758620689655,1,90,0.794279587966123,0.187580741083115,0.475186772896513,0.3,0.190231578029552,0.00265083694643709,"violation",1,90,0.356808336031459,0.589508511541965,0.422952584681651,0.496903994999953,0.614139993654939,0.0246314821129743,"violation"
121,50,"reverse",0.185611725055255,0.734021127930363,0.271293199325011,0.498397431775084,0.799275593714762,0.0652544657843993,"violation in reverse orientation",1,0.0782758620689655,1,50,0.674489213358372,0.275078575707952,0.499599839871872,0.346987031457949,0.301002851376171,0.0259242756682184,"violation at burn-in",1,50,0.185611725055255,0.734021127930363,0.271293199325011,0.498397431775084,0.799275593714762,0.0652544657843993,"violation at burn-in"
122,80,"forward",0.483698556974645,0.469812757386282,0.472857007984443,0.46837484987988,0.47742874552222,0.00761598813593828,"violation in forward orientation",1,0.0782758620689655,1,80,0.483698556974645,0.469812757386282,0.472857007984443,0.46837484987988,0.47742874552222,0.00761598813593828,"violation",1,220,0.43102186314407,0.5306433330911,0.474014854877596,0.495933879890395,0.533883931363736,0.00324059827263623,"violation"
123,50,"forward",0.612137383051339,0.355715993350399,0.493558507170123,0.4,0.358660168679154,0.00294417532875463,"violation in forward orientation",1,0.0782758620689655,1,50,0.612137383051339,0.355715993350399,0.493558507170123,0.4,0.358660168679154,0.00294417532875463,"violation at burn-in",1,160,0.273818275903645,0.696369530078241,0.3903123748999,0.49228421668788,0.703887182534159,0.00751765245591773,"violation"
124,60,"reverse",0.321054517826778,0.644232895622817,0.386939558874797,0.498887651569859,0.652804921365882,0.00857202574306504,"violation in reverse orientation",1,0.0782758620689655,1,220,0.54920454796366,0.416473542529539,0.497929597731969,0.469217741838689,0.416854746505643,0.000381203976103472,"violation",1,60,0.321054517826778,0.644232895622817,0.386939558874797,0.498887651569859,0.652804921365882,0.00857202574306504,"violation"
125,50,"forward",0.524410079701748,0.430755917550709,0.47370877129308,0.438634243989226,0.439782421874534,0.00902650432382418,"violation in forward orientation",1,0.0782758620689655,1,50,0.524410079701748,0.430755917550709,0.47370877129308,0.438634243989226,0.439782421874534,0.00902650432382418,"violation at burn-in",1,90,0.289392299544533,0.678976500805676,0.382325567424117,0.498887651569859,0.687045107240376,0.00806860643469998,"violation"
126,160,"reverse",0.302968040723733,0.653901777618562,0.409076704298839,0.498082259772419,0.672364016445784,0.0184622388272221,"violation in reverse orientation",1,0.0782758620689655,1,220,0.567638454723456,0.396942163701755,0.499255644281672,0.462118728259594,0.399808741505477,0.0028665778037219,"violation",1,160,0.302968040723733,0.653901777618562,0.409076704298839,0.498082259772419,0.672364016445784,0.0184622388272221,"violation"
127,70,"reverse",0.418190929441929,0.546359910605891,0.444696640464954,0.486763572497166,0.547759571755962,0.00139966115007117,"violation in reverse orientation",1,0.0782758620689655,1,110,0.64149085844415,0.327565307208637,0.499917348540637,0.413011516058202,0.3315167370215,0.00395142981286239,"violation",1,70,0.418190929441929,0.546359910605891,0.444696640464954,0.486763572497166,0.547759571755962,0.00139966115007117,"violation"
128,50,"reverse",0.454790769027509,0.501594493296846,0.448998886412873,0.466476151587624,0.508179738807567,0.00658524551072137,"violation in reverse orientation",1,0.0782758620689655,1,160,0.566401777618562,0.36678871548486,0.498082259772419,0.443309640657633,0.400952308324399,0.0341635928395388,"violation",1,50,0.454790769027509,0.501594493296846,0.448998886412873,0.466476151587624,0.508179738807567,0.00658524551072137,"violation at burn-in"
129,80,"forward",0.763126767493411,0.192754397950757,0.487179381747627,0.3,0.219038880814943,0.0262844828641861,"violation in forward orientation",1,0.0782758620689655,1,80,0.763126767493411,0.192754397950757,0.487179381747627,0.3,0.219038880814943,0.0262844828641861,"violation",1,260,0.462095332723499,0.494057928211961,0.484615384615385,0.49140542319029,0.500280430665186,0.00622250245322459,"violation"
130,90,"reverse",0.232572423955049,0.700619622653076,0.339934634239519,0.496903994999953,0.748491310541946,0.04787168788887,"violation in reverse orientation",1,0.0782758620689655,1,130,0.697629437745052,0.279408486245356,0.494047406871736,0.387985237320569,0.279604870701744,0.0001963844563872,"violation",1,90,0.232572423955049,0.700619622653076,0.339934634239519,0.496903994999953,0.748491310541946,0.04787168788887,"violation"
131,90,"forward",0.543018751298959,0.382890080077361,0.489897948556636,0.436173031697567,0.422574810204048,0.0396847301266868,"violation in forward orientation",1,0.0782758620689655,1,90,0.543018751298959,0.382890080077361,0.489897948556636,0.436173031697567,0.422574810204048,0.0396847301266868,"violation",1,150,0.32980453708707,0.607368134925899,0.422952584681651,0.499955553580071,0.643342467307641,0.0359743323817415,"violation"
132,130,"forward",0.519692559300843,0.428913170816371,0.489897948556636,0.464668871093506,0.444144756858108,0.0152315860417374,"violation in forward orientation",1,0.0782758620689655,1,130,0.519692559300843,0.428913170816371,0.489897948556636,0.464668871093506,0.444144756858108,0.0152315860417374,"violation",1,140,0.268868325058554,0.701852413931729,0.382993046241557,0.492598275701905,0.709240163032703,0.00738774910097428,"violation"
133,50,"forward",0.894790769027509,0.0275269587093167,0.448998886412873,0.0707106781186548,0.0972879542350749,0.0697609955257583,"violation in forward orientation",1,0.0782758620689655,1,50,0.894790769027509,0.0275269587093167,0.448998886412873,0.0707106781186548,0.0972879542350749,0.0697609955257583,"violation at burn-in",1,100,0.415857557760774,0.546417177917328,0.453762052181537,0.491833305094317,0.550282928754035,0.00386575083670693,"violation"
134,120,"forward",0.541858331145758,0.416367655586762,0.493006648591635,0.458257569495584,0.423647861510616,0.0072802059238542,"violation in forward orientation",1,0.0782758620689655,1,120,0.541858331145758,0.416367655586762,0.493006648591635,0.458257569495584,0.423647861510616,0.0072802059238542,"violation",1,170,0.48056130135878,0.461873347802852,0.4845002419288,0.479655297221087,0.480329794963973,0.0184564471611211,"violation"
135,90,"reverse",0.343591528449175,0.623601442490622,0.415739709641549,0.499505928733089,0.628432926141562,0.00483148365093933,"violation in reverse orientation",1,0.0782758620689655,1,110,0.558286251516634,0.400967433231594,0.494682467651374,0.449885201151223,0.408456810778223,0.00748937754662909,"violation",1,90,0.343591528449175,0.623601442490622,0.415739709641549,0.499505928733089,0.628432926141562,0.00483148365093933,"violation"
136,50,"forward",0.612137383051339,0.246504271019468,0.493558507170123,0.324961536185438,0.358660168679154,0.112155897659686,"violation in forward orientation",1,0.0782758620689655,1,50,0.612137383051339,0.246504271019468,0.493558507170123,0.324961536185438,0.358660168679154,0.112155897659686,"violation at burn-in",1,180,0.309140896379235,0.664862354962039,0.415739709641549,0.49625137994646,0.665688561076969,0.000826206114929562,"violation"
137,90,"reverse",0.217843543370117,0.732531618198095,0.327542288288526,0.492035329455212,0.764419430437263,0.0318878122391677,"violation in reverse orientation",1,0.0782758620689655,1,130,0.660260286805724,0.297728565431627,0.498518515262143,0.4,0.31416047207611,0.0164319066444825,"violation",1,90,0.217843543370117,0.732531618198095,0.327542288288526,0.492035329455212,0.764419430437263,0.0318878122391677,"violation"
138,110,"forward",0.520140641333334,0.441538187753225,0.487954069102532,0.4657704893618,0.443730411235888,0.00219222348266318,"violation in forward orientation",1,0.0782758620689655,1,110,0.520140641333334,0.441538187753225,0.487954069102532,0.4657704893618,0.443730411235888,0.00219222348266318,"violation",1,150,0.33741333935307,0.633953666895996,0.427083130081252,0.499599839871872,0.635114149204729,0.00116048230873322,"violation"
139,90,"reverse",0.382890080077361,0.577997924209187,0.436173031697567,0.495535624910617,0.585934649477793,0.00793672526860612,"violation in reverse orientation",1,0.0782758620689655,1,110,0.686176970540763,0.272841182473027,0.497015888466787,0.378011325205305,0.290195073623586,0.0173538911505589,"violation",1,90,0.382890080077361,0.577997924209187,0.436173031697567,0.495535624910617,0.585934649477793,0.00793672526860612,"violation"
140,80,"forward",0.715878168740764,0.227252112493843,0.496078370824611,0.330718913883074,0.262730099452601,0.0354779869587579,"violation in forward orientation",1,0.0782758620689655,1,80,0.715878168740764,0.227252112493843,0.496078370824611,0.330718913883074,0.262730099452601,0.0354779869587579,"violation",1,100,0.169376706953825,0.800420391058284,0.286181760425084,0.47021271782035,0.816832482259758,0.0164120912014748,"violation"
141,160,"forward",0.616817250201883,0.310173845011429,0.499960935974002,0.413398642353842,0.354332652006331,0.0441588069949015,"violation in forward orientation",1,0.0782758620689655,1,160,0.616817250201883,0.310173845011429,0.499960935974002,0.413398642353842,0.354332652006331,0.0441588069949015,"violation",1,280,0.373960382911406,0.581312354789925,0.456682245625323,0.499987244735262,0.595591410985773,0.0142790561958485,"violation"
142,90,"reverse",0.330249254092939,0.600945650434495,0.408097059382377,0.498020774022555,0.642861541024877,0.0419158905903828,"violation in reverse orientation",1,0.0782758620689655,1,270,0.545311180572644,0.418661533021016,0.498337427897901,0.472697654640185,0.420454979537063,0.0017934465160474,"violation",1,90,0.330249254092939,0.600945650434495,0.408097059382377,0.498020774022555,0.642861541024877,0.0419158905903828,"violation"
143,70,"reverse",0.295810536031579,0.650660936341786,0.376883027379226,0.499795876701026,0.680104291901922,0.0294433555601352,"violation in reverse orientation",1,0.0782758620689655,1,130,0.559693473732081,0.394860794489534,0.496198566857543,0.451231057724999,0.40715553930965,0.0122947448201155,"violation",1,70,0.295810536031579,0.650660936341786,0.376883027379226,0.499795876701026,0.680104291901922,0.0294433555601352,"violation"
144,170,"reverse",0.29275238277998,0.682627518197798,0.404344914260809,0.494117647058824,0.683411442867593,0.0007839246697946,"violation in reverse orientation",1,0.0782758620689655,1,230,0.636207740496475,0.328202504621124,0.498106053799548,0.431750295402725,0.33640208531614,0.00819958069501603,"violation",1,170,0.29275238277998,0.682627518197798,0.404344914260809,0.494117647058824,0.683411442867593,0.0007839246697946,"violation"
145,50,"forward",0.734021127930363,0.216786995012799,0.498397431775084,0.3,0.245953136376157,0.0291661413633578,"violation in forward orientation",1,0.0782758620689655,1,50,0.734021127930363,0.216786995012799,0.498397431775084,0.3,0.245953136376157,0.0291661413633578,"violation at burn-in",1,140,0.485347766378074,0.470112083915969,0.483186700722508,0.479157423749955,0.475903706250649,0.00579162233468022,"violation"
146,60,"forward",0.644232895622817,0.299311814729174,0.498887651569859,0.372677996249965,0.328981149743813,0.0296693350146385,"violation in forward orientation",1,0.0782758620689655,1,60,0.644232895622817,0.299311814729174,0.498887651569859,0.372677996249965,0.328981149743813,0.0296693350146385,"violation",1,70,0.349704765490709,0.621549582751732,0.410325903324145,0.498159879261791,0.621821943590338,0.000272360838606156,"violation"
147,50,"forward",0.714489213358372,0.216786995012799,0.499599839871872,0.3,0.264014479410782,0.0472274843979824,"violation in forward orientation",1,0.0782758620689655,1,50,0.714489213358372,0.216786995012799,0.499599839871872,0.3,0.264014479410782,0.0472274843979824,"violation at burn-in",1,280,0.291919277935724,0.662402744362132,0.415208332266675,0.493787940934411,0.68431237989184,0.0219096355297085,"violation"
148,50,"forward",0.694644991687999,0.216786995012799,0.5,0.3,0.282364615723467,0.0655776207106672,"violation in forward orientation",1,0.0782758620689655,1,50,0.694644991687999,0.216786995012799,0.5,0.3,0.282364615723467,0.0655776207106672,"violation at burn-in",1,110,0.380327651765266,0.586418960663303,0.440604393311005,0.497929597731969,0.588705713113136,0.00228675244983212,"violation"
149,110,"reverse",0.39067852237157,0.577086061449853,0.445361771415123,0.497015888466787,0.577512064886617,0.000426003436764022,"violation in reverse orientation",1,0.0782758620689655,1,120,0.497935774039918,0.462100043978407,0.484122918275927,0.474268442504407,0.464263458508162,0.00216341452975521,"violation",1,110,0.39067852237157,0.577086061449853,0.445361771415123,0.497015888466787,0.577512064886617,0.000426003436764022,"violation"
150,50,"forward",0.714489213358372,0.246504271019468,0.499599839871872,0.324961536185438,0.264014479410782,0.0175102083913136,"violation in forward orientation",1,0.0782758620689655,1,50,0.714489213358372,0.246504271019468,0.499599839871872,0.324961536185438,0.264014479410782,0.0175102083913136,"violation at burn-in",1,50,0.329560327676681,0.633238465893974,0.384187454245971,0.496386945839634,0.643606560477913,0.0103680945839392,"violation at burn-in"
151,100,"reverse",0.449383999631982,0.471390072744453,0.466476151587624,0.47370877129308,0.514026732452583,0.0426366597081297,"violation in reverse orientation",1,0.0782758620689655,1,130,0.462388037860006,0.495324992734472,0.475742956802038,0.484615384615385,0.499963893201163,0.00463890046669191,"violation",1,100,0.449383999631982,0.471390072744453,0.466476151587624,0.47370877129308,0.514026732452583,0.0426366597081297,"violation"
152,50,"reverse",0.381261936620275,0.524410079701748,0.41424630354416,0.47370877129308,0.587695357906497,0.0632852782047488,"violation in reverse orientation",1,0.0782758620689655,1,80,0.763126767493411,0.210195306156735,0.487179381747627,0.315980616494114,0.219038880814943,0.00884357465820787,"violation",1,50,0.381261936620275,0.524410079701748,0.41424630354416,0.47370877129308,0.587695357906497,0.0632852782047488,"violation at burn-in"
153,50,"forward",0.694644991687999,0.246504271019468,0.5,0.324961536185438,0.282364615723467,0.0358603447039985,"violation in forward orientation",1,0.0782758620689655,1,50,0.694644991687999,0.246504271019468,0.5,0.324961536185438,0.282364615723467,0.0358603447039985,"violation at burn-in",1,100,0.346724065972573,0.618571340202755,0.420832508250016,0.499599839871872,0.625045334466719,0.00647399426396422,"violation"
154,150,"reverse",0.291235951496879,0.660213790465476,0.4,0.497817458735853,0.685051343412035,0.0248375529465593,"violation in reverse orientation",1,0.0782758620689655,1,240,0.628480370955802,0.338205819834506,0.498591766879478,0.43771819955563,0.343547655788251,0.00534183595374532,"violation",1,150,0.291235951496879,0.660213790465476,0.4,0.497817458735853,0.685051343412035,0.0248375529465593,"violation"
155,60,"forward",0.74303982794241,0.206777284463185,0.495535624910617,0.3,0.23761346060891,0.0308361761457253,"violation in forward orientation",1,0.0782758620689655,1,60,0.74303982794241,0.206777284463185,0.495535624910617,0.3,0.23761346060891,0.0308361761457253,"violation",1,280,0.464636923606228,0.472064504685337,0.485911199580284,0.487588296556404,0.497531901062308,0.0254673963769712,"violation"
156,50,"forward",0.674489213358372,0.216786995012799,0.499599839871872,0.3,0.301002851376171,0.0842158563633711,"violation in forward orientation",1,0.0782758620689655,1,50,0.674489213358372,0.216786995012799,0.499599839871872,0.3,0.301002851376171,0.0842158563633711,"violation at burn-in",1,170,0.285936562350599,0.688306570097051,0.4,0.493171362793487,0.690782213806913,0.00247564370986242,"violation"
157,60,"forward",0.627070094348715,0.34236971261758,0.49749371855331,0.4,0.344851751681177,0.00248203906359645,"violation in forward orientation",1,0.0782758620689655,1,60,0.627070094348715,0.34236971261758,0.49749371855331,0.4,0.344851751681177,0.00248203906359645,"violation",1,120,0.350374561746575,0.60180871274986,0.428093317968044,0.499374608885954,0.621097611893347,0.0192888991434862,"violation"
158,50,"reverse",0.275078575707952,0.61213738305134,0.346987031457949,0.493558507170123,0.702524267934418,0.090386884883078,"violation in reverse orientation",1,0.0782758620689655,1,130,0.741478838888318,0.232462922708656,0.484615384615385,0.353260384714001,0.239056921703078,0.00659399899442115,"violation",1,50,0.275078575707952,0.61213738305134,0.346987031457949,0.493558507170123,0.702524267934418,0.090386884883078,"violation at burn-in"
159,70,"reverse",0.418190929441929,0.546359910605891,0.444696640464954,0.486763572497166,0.547759571755962,0.00139966115007117,"violation in reverse orientation",1,0.0782758620689655,1,90,0.577997924209187,0.316774321444153,0.495535624910617,0.4,0.390229243737919,0.0734549222937663,"violation",1,70,0.418190929441929,0.546359910605891,0.444696640464954,0.486763572497166,0.547759571755962,0.00139966115007117,"violation"
160,50,"forward",0.501594493296846,0.430755917550709,0.466476151587624,0.438634243989226,0.460880206788358,0.0301242892376488,"violation in forward orientation",1,0.0782758620689655,1,50,0.501594493296846,0.430755917550709,0.466476151587624,0.438634243989226,0.460880206788358,0.0301242892376488,"violation at burn-in",1,270,0.363149760586302,0.604798291743491,0.451502597263932,0.499656946786372,0.607282244348452,0.0024839526049617,"violation"
161,50,"reverse",0.216786995012799,0.714489213358372,0.3,0.499599839871872,0.765562003955563,0.0510727905971905,"violation in reverse orientation",1,0.0782758620689655,1,160,0.508341802636892,0.421804934308671,0.489897948556636,0.465991885658967,0.454640907097479,0.0328359727888082,"violation",1,50,0.216786995012799,0.714489213358372,0.3,0.499599839871872,0.765562003955563,0.0510727905971905,"violation at burn-in"
162,50,"forward",0.633238465893974,0.216786995012799,0.496386945839634,0.3,0.339147801152758,0.122360806139958,"violation in forward orientation",1,0.0782758620689655,1,50,0.633238465893974,0.216786995012799,0.496386945839634,0.3,0.339147801152758,0.122360806139958,"violation at burn-in",1,140,0.335784022647121,0.632120795068619,0.424444414764159,0.499795876701026,0.636876126409321,0.00475533134070272,"violation"
163,50,"forward",0.612137383051339,0.246504271019468,0.493558507170123,0.324961536185438,0.358660168679154,0.112155897659686,"violation in forward orientation",1,0.0782758620689655,1,50,0.612137383051339,0.246504271019468,0.493558507170123,0.324961536185438,0.358660168679154,0.112155897659686,"violation at burn-in",1,90,0.330249254092939,0.600945650434495,0.408097059382377,0.498020774022555,0.642861541024877,0.0419158905903828,"violation"
164,50,"reverse",0.355715993350399,0.524410079701748,0.4,0.47370877129308,0.615321275904487,0.0909111962027397,"violation in reverse orientation",1,0.0782758620689655,1,130,0.734248022778746,0.241997616054892,0.48650425541052,0.36080121229411,0.245743324599932,0.00374570854503958,"violation",1,50,0.355715993350399,0.524410079701748,0.4,0.47370877129308,0.615321275904487,0.0909111962027397,"violation at burn-in"
165,60,"forward",0.661196578770763,0.299311814729174,0.499722145018832,0.372677996249965,0.313294674189333,0.0139828594601584,"violation in forward orientation",1,0.0782758620689655,1,60,0.661196578770763,0.299311814729174,0.499722145018832,0.372677996249965,0.313294674189333,0.0139828594601584,"violation",1,280,0.283947521565939,0.68661626108519,0.410325903324145,0.48915535281102,0.69293320416304,0.00631694307784991,"violation"
166,50,"reverse",0.329560327676681,0.56895608070809,0.384187454245971,0.485386443980464,0.643606560477913,0.0746504797698231,"violation in reverse orientation",1,0.0782758620689655,1,200,0.512986501056824,0.439535399994215,0.492722031169705,0.475368278285373,0.450345911276891,0.0108105112826761,"violation",1,50,0.329560327676681,0.56895608070809,0.384187454245971,0.485386443980464,0.643606560477913,0.0746504797698231,"violation at burn-in"
167,120,"reverse",0.388385622226397,0.559167193522576,0.446514277487294,0.495535624910617,0.579991655118184,0.0208244615956079,"violation in reverse orientation",1,0.0782758620689655,1,250,0.589505712372838,0.373393327523893,0.5,0.454682306671372,0.379587885010519,0.0061945574866259,"violation",1,120,0.388385622226397,0.559167193522576,0.446514277487294,0.495535624910617,0.579991655118184,0.0208244615956079,"violation"
168,50,"reverse",0.275078575707952,0.674489213358372,0.346987031457949,0.499599839871872,0.702524267934418,0.0280350545760453,"violation in reverse orientation",1,0.0782758620689655,1,90,0.668045886935067,0.303158498150334,0.499505928733089,0.391420332306856,0.306961055237161,0.0038025570868277,"violation",1,50,0.275078575707952,0.674489213358372,0.346987031457949,0.499599839871872,0.702524267934418,0.0280350545760453,"violation at burn-in"
169,50,"forward",0.734021127930363,0.216786995012799,0.498397431775084,0.3,0.245953136376157,0.0291661413633578,"violation in forward orientation",1,0.0782758620689655,1,50,0.734021127930363,0.216786995012799,0.498397431775084,0.3,0.245953136376157,0.0291661413633578,"violation at burn-in",1,80,0.398537587753285,0.551467297585606,0.439992897669951,0.489897948556636,0.569013107009728,0.0175458094241215,"violation"
170,110,"forward",0.677328051572394,0.294997309582735,0.497929597731969,0.393017569476678,0.298377751280925,0.00338044169819057,"violation in forward orientation",1,0.0782758620689655,1,110,0.677328051572394,0.294997309582735,0.497929597731969,0.393017569476678,0.298377751280925,0.00338044169819057,"violation",1,260,0.529596894860639,0.429766752591291,0.496660445005575,0.475742956802038,0.434986125664214,0.00521937307292286,"violation"
171,50,"reverse",0.275078575707952,0.633238465893974,0.346987031457949,0.496386945839634,0.702524267934418,0.069285802040444,"violation in reverse orientation",1,0.0782758620689655,1,100,0.697680196938796,0.261683564317147,0.496386945839634,0.366606055596467,0.279557933203272,0.0178743688861248,"violation",1,50,0.275078575707952,0.633238465893974,0.346987031457949,0.496386945839634,0.702524267934418,0.069285802040444,"violation at burn-in"
172,90,"reverse",0.104606694841303,0.833781791811234,0.206080411011016,0.458257569495584,0.886876129677524,0.0530943378662907,"violation in reverse orientation",1,0.0782758620689655,1,100,0.678237834688651,0.286560022992806,0.498397431775084,0.384187454245971,0.297536466373127,0.0109764433803214,"violation",1,90,0.104606694841303,0.833781791811234,0.206080411011016,0.458257569495584,0.886876129677524,0.0530943378662907,"violation"
173,60,"reverse",0.277090389131333,0.627070094348715,0.357071421427142,0.49749371855331,0.700348650769906,0.0732785564211912,"violation in reverse orientation",1,0.0782758620689655,1,90,0.645967901805191,0.289392299544533,0.5,0.382325567424117,0.327376773392916,0.037984473848383,"violation",1,60,0.277090389131333,0.627070094348715,0.357071421427142,0.49749371855331,0.700348650769906,0.0732785564211912,"violation"
174,140,"forward",0.485347766378074,0.470112083915969,0.483186700722508,0.479157423749955,0.475903706250649,0.00579162233468022,"violation in forward orientation",1,0.0782758620689655,1,140,0.485347766378074,0.470112083915969,0.483186700722508,0.479157423749955,0.475903706250649,0.00579162233468022,"violation",1,150,0.344989602802316,0.614044939371098,0.431071017608726,0.5,0.626921019259637,0.0128760798885391,"violation"
175,50,"reverse",0.302716065288689,0.61213738305134,0.366606055596467,0.493558507170123,0.672636507957744,0.0604991249064041,"violation in reverse orientation",1,0.0782758620689655,1,50,0.633238465893974,0.302716065288689,0.496386945839634,0.366606055596467,0.339147801152758,0.0364317358640688,"violation at burn-in",1,50,0.302716065288689,0.61213738305134,0.366606055596467,0.493558507170123,0.672636507957744,0.0604991249064041,"violation at burn-in"
176,90,"reverse",0.343591528449175,0.61230983413901,0.415739709641549,0.498887651569859,0.628432926141562,0.016123092002552,"violation in reverse orientation",1,0.0782758620689655,1,100,0.628654591240726,0.322972911087052,0.499899989998,0.407308237088326,0.343386552670684,0.020413641583632,"violation",1,90,0.343591528449175,0.61230983413901,0.415739709641549,0.498887651569859,0.628432926141562,0.016123092002552,"violation"
177,60,"forward",0.609706494609077,0.34236971261758,0.495535624910617,0.4,0.360908033826873,0.0185383212092928,"violation in forward orientation",1,0.0782758620689655,1,60,0.609706494609077,0.34236971261758,0.495535624910617,0.4,0.360908033826873,0.0185383212092928,"violation",1,70,0.367154334451918,0.561680056860571,0.419912527334259,0.489897948556636,0.602951614312221,0.0412715574516502,"violation"
178,90,"reverse",0.369905994351297,0.577997924209187,0.429757324573638,0.495535624910617,0.599975911675777,0.0219779874665896,"violation in reverse orientation",1,0.0782758620689655,1,170,0.595626257104346,0.372558896878605,0.499861572533338,0.447252280124009,0.373928160381523,0.00136926350291861,"violation",1,90,0.369905994351297,0.577997924209187,0.429757324573638,0.495535624910617,0.599975911675777,0.0219779874665896,"violation"
179,90,"forward",0.566413277978533,0.382890080077361,0.493913572686508,0.436173031697567,0.400941673834591,0.0180515937572295,"violation in forward orientation",1,0.0782758620689655,1,90,0.566413277978533,0.382890080077361,0.493913572686508,0.436173031697567,0.400941673834591,0.0180515937572295,"violation",1,280,0.385460185227572,0.574152171773874,0.461309139784786,0.499885190900503,0.583155283948956,0.00900311217508198,"violation"
180,70,"forward",0.66501401703857,0.258342897757551,0.5,0.349927106111883,0.309764653524219,0.051421755766668,"violation in forward orientation",1,0.0782758620689655,1,70,0.66501401703857,0.258342897757551,0.5,0.349927106111883,0.309764653524219,0.051421755766668,"violation",1,90,0.382890080077361,0.577997924209187,0.436173031697567,0.495535624910617,0.585934649477793,0.00793672526860612,"violation"
181,110,"forward",0.746851440774935,0.203679525475721,0.485832335123178,0.322823289173904,0.234088826777973,0.0304093013022519,"violation in forward orientation",1,0.0782758620689655,1,110,0.746851440774935,0.203679525475721,0.485832335123178,0.322823289173904,0.234088826777973,0.0304093013022519,"violation",1,160,0.359805211874103,0.610575889280711,0.439992897669951,0.5,0.610899109362494,0.000323220081783204,"violation"
182,50,"forward",0.56895608070809,0.355715993350399,0.485386443980464,0.4,0.398590320504705,0.0428743271543055,"violation in forward orientation",1,0.0782758620689655,1,50,0.56895608070809,0.355715993350399,0.485386443980464,0.4,0.398590320504705,0.0428743271543055,"violation at burn-in",1,60,0.383872428163307,0.574366575369876,0.422952584681651,0.489897948556636,0.584872317686749,0.0105057423168732,"violation"
183,50,"forward",0.734021127930363,0.185611725055255,0.498397431775084,0.271293199325011,0.245953136376157,0.0603414113209025,"violation in forward orientation",1,0.0782758620689655,1,50,0.734021127930363,0.185611725055255,0.498397431775084,0.271293199325011,0.245953136376157,0.0603414113209025,"violation at burn-in",1,60,0.299311814729174,0.644232895622817,0.372677996249965,0.498887651569859,0.676317935799661,0.0320850401768438,"violation"
184,50,"forward",0.790712364249548,0.185611725055255,0.489897948556636,0.271293199325011,0.193530222972363,0.00791849791710783,"violation in forward orientation",1,0.0782758620689655,1,50,0.790712364249548,0.185611725055255,0.489897948556636,0.271293199325011,0.193530222972363,0.00791849791710783,"violation at burn-in",1,50,0.275078575707952,0.694644991687999,0.346987031457949,0.5,0.702524267934418,0.00787927624641849,"violation at burn-in"
185,50,"forward",0.546859192020479,0.381261936620275,0.48,0.41424630354416,0.419023518956083,0.0377615823358085,"violation in forward orientation",1,0.0782758620689655,1,50,0.546859192020479,0.381261936620275,0.48,0.41424630354416,0.419023518956083,0.0377615823358085,"violation at burn-in",1,50,0.275078575707952,0.694644991687999,0.346987031457949,0.5,0.702524267934418,0.00787927624641849,"violation at burn-in"
186,90,"reverse",0.139488250402838,0.774015565121441,0.249443825784929,0.481894409826699,0.849154485054533,0.075138919933092,"violation in reverse orientation",1,0.0782758620689655,1,180,0.632151301318657,0.334293780447042,0.499227798766984,0.429757324573638,0.340153112345243,0.00585933189820148,"violation",1,90,0.139488250402838,0.774015565121441,0.249443825784929,0.481894409826699,0.849154485054533,0.075138919933092,"violation"
187,50,"forward",0.524410079701748,0.329560327676681,0.47370877129308,0.384187454245971,0.439782421874534,0.110222094197852,"violation in forward orientation",1,0.0782758620689655,1,50,0.524410079701748,0.329560327676681,0.47370877129308,0.384187454245971,0.439782421874534,0.110222094197852,"violation at burn-in",1,110,0.305937471255794,0.659497428436184,0.4,0.499255644281672,0.669152812086923,0.00965538365073937,"violation"
188,80,"forward",0.715878168740764,0.260399815732986,0.496078370824611,0.357071421427142,0.262730099452601,0.00233028371961497,"violation in forward orientation",1,0.0782758620689655,1,80,0.715878168740764,0.260399815732986,0.496078370824611,0.357071421427142,0.262730099452601,0.00233028371961497,"violation",1,100,0.322972911087052,0.638682330481023,0.407308237088326,0.5,0.650730330722024,0.0120480002410005,"violation"
189,150,"forward",0.560060961031326,0.404523913458941,0.497147418333391,0.458257569495584,0.406815720386725,0.00229180692778314,"violation in forward orientation",1,0.0782758620689655,1,150,0.560060961031326,0.404523913458941,0.497147418333391,0.458257569495584,0.406815720386725,0.00229180692778314,"violation",1,200,0.396560170039465,0.559115154967624,0.460407428263272,0.498397431775084,0.571151527933655,0.0120363729660312,"violation"
190,50,"reverse",0.302716065288689,0.590712364249548,0.366606055596467,0.489897948556636,0.672636507957744,0.0819241437081953,"violation in reverse orientation",1,0.0782758620689655,1,160,0.591748113255807,0.359805211874103,0.499648313816829,0.439992897669951,0.377514316061649,0.0177091041875463,"violation",1,50,0.302716065288689,0.590712364249548,0.366606055596467,0.489897948556636,0.672636507957744,0.0819241437081953,"violation at burn-in"
191,50,"forward",0.674489213358372,0.216786995012799,0.499599839871872,0.3,0.301002851376171,0.0842158563633711,"violation in forward orientation",1,0.0782758620689655,1,50,0.674489213358372,0.216786995012799,0.499599839871872,0.3,0.301002851376171,0.0842158563633711,"violation at burn-in",1,140,0.251645336687791,0.722287757135399,0.370534638552655,0.488385511827762,0.727865463315591,0.00557770618019227,"violation"
192,70,"forward",0.77493133917732,0.199008410223142,0.486763572497166,0.3,0.20812308360653,0.00911467338338817,"violation in forward orientation",1,0.0782758620689655,1,70,0.77493133917732,0.199008410223142,0.486763572497166,0.3,0.20812308360653,0.00911467338338817,"violation",1,130,0.324790251442971,0.645107448506749,0.416309511622609,0.499467171715321,0.648765020805038,0.00365757229828889,"violation"
193,50,"forward",0.694644991687999,0.185611725055255,0.5,0.271293199325011,0.282364615723467,0.0967528906682119,"violation in forward orientation",1,0.0782758620689655,1,50,0.694644991687999,0.185611725055255,0.5,0.271293199325011,0.282364615723467,0.0967528906682119,"violation at burn-in",1,110,0.39067852237157,0.577086061449853,0.445361771415123,0.497015888466787,0.577512064886617,0.000426003436764022,"violation"
194,110,"reverse",0.380327651765266,0.586418960663303,0.440604393311005,0.497929597731969,0.588705713113136,0.00228675244983212,"violation in reverse orientation",1,0.0782758620689655,1,150,0.620701468259233,0.344989602802316,0.499955553580071,0.431071017608726,0.350740879448833,0.00575127664651665,"violation",1,110,0.380327651765266,0.586418960663303,0.440604393311005,0.497929597731969,0.588705713113136,0.00228675244983212,"violation"
195,50,"forward",0.590712364249548,0.302716065288689,0.489897948556636,0.366606055596467,0.378472082799306,0.0757560175106172,"violation in forward orientation",1,0.0782758620689655,1,50,0.590712364249548,0.302716065288689,0.489897948556636,0.366606055596467,0.378472082799306,0.0757560175106172,"violation at burn-in",1,50,0.246504271019468,0.714489213358372,0.324961536185438,0.499599839871872,0.733425119386027,0.0189359060276548,"violation at burn-in"
196,50,"reverse",0.246504271019468,0.633238465893974,0.324961536185438,0.496386945839634,0.733425119386027,0.100186653492054,"violation in reverse orientation",1,0.0782758620689655,1,70,0.77493133917732,0.178102889634612,0.486763572497166,0.279941684889506,0.20812308360653,0.0300201939719185,"violation",1,50,0.246504271019468,0.633238465893974,0.324961536185438,0.496386945839634,0.733425119386027,0.100186653492054,"violation at burn-in"
197,70,"reverse",0.314054244758118,0.636172957540227,0.388875931109034,0.499183005990176,0.660375163251858,0.0242022057116311,"violation in reverse orientation",1,0.0782758620689655,1,220,0.649030846920212,0.322204849536547,0.497015888466787,0.427635242731988,0.324544439562317,0.00233959002576994,"violation",1,70,0.314054244758118,0.636172957540227,0.388875931109034,0.499183005990176,0.660375163251858,0.0242022057116311,"violation"
198,90,"reverse",0.316774321444153,0.634820744786183,0.4,0.499876527964533,0.657433615363694,0.0226128705775116,"violation in reverse orientation",1,0.0782758620689655,1,280,0.602688937983112,0.327431562235758,0.499681020701187,0.435055122006021,0.367397233696107,0.0399656714603496,"violation",1,90,0.316774321444153,0.634820744786183,0.4,0.499876527964533,0.657433615363694,0.0226128705775116,"violation"
199,70,"forward",0.693315814683084,0.277251743648749,0.499183005990176,0.363935405795914,0.283593718060108,0.00634197441135875,"violation in forward orientation",1,0.0782758620689655,1,70,0.693315814683084,0.277251743648749,0.499183005990176,0.363935405795914,0.283593718060108,0.00634197441135875,"violation",1,210,0.383880865657766,0.568433925497206,0.456149714850592,0.499183005990176,0.584863193203555,0.0164292677063491,"violation"
200,90,"forward",0.71133125754252,0.247071505072811,0.495535624910617,0.351539822656808,0.266934670519957,0.0198631654471455,"violation in forward orientation",1,0.0782758620689655,1,90,0.71133125754252,0.247071505072811,0.495535624910617,0.351539822656808,0.266934670519957,0.0198631654471455,"violation",1,110,0.261614030131997,0.712455070479026,0.369945271806833,0.49326036240911,0.717085109475164,0.00463003899613812,"violation"
201,90,"reverse",0.330249254092939,0.634820744786183,0.408097059382377,0.499876527964533,0.642861541024877,0.00804079623869491,"violation in reverse orientation",1,0.0782758620689655,1,160,0.629248113255807,0.331611385567067,0.499648313816829,0.42555111326373,0.342837717344098,0.0112263317770307,"violation",1,90,0.330249254092939,0.634820744786183,0.408097059382377,0.499876527964533,0.642861541024877,0.00804079623869491,"violation"
202,50,"forward",0.714489213358372,0.216786995012799,0.499599839871872,0.3,0.264014479410782,0.0472274843979824,"violation in forward orientation",1,0.0782758620689655,1,50,0.714489213358372,0.216786995012799,0.499599839871872,0.3,0.264014479410782,0.0472274843979824,"violation at burn-in",1,90,0.289392299544533,0.678976500805676,0.382325567424117,0.498887651569859,0.687045107240376,0.00806860643469998,"violation"
203,90,"reverse",0.343591528449175,0.623601442490622,0.415739709641549,0.499505928733089,0.628432926141562,0.00483148365093933,"violation in reverse orientation",1,0.0782758620689655,1,110,0.567708589227794,0.39067852237157,0.495933879890395,0.445361771415123,0.399743887477125,0.009065365105555,"violation",1,90,0.343591528449175,0.623601442490622,0.415739709641549,0.499505928733089,0.628432926141562,0.00483148365093933,"violation"
204,50,"forward",0.546859192020479,0.355715993350399,0.48,0.4,0.419023518956083,0.0633075256056838,"violation in forward orientation",1,0.0782758620689655,1,50,0.546859192020479,0.355715993350399,0.48,0.4,0.419023518956083,0.0633075256056838,"violation at burn-in",1,50,0.454790769027509,0.478395081610861,0.448998886412873,0.458257569495584,0.508179738807567,0.0297846571967058,"violation at burn-in"
205,50,"forward",0.772137383051339,0.152451248673278,0.493558507170123,0.237486841740758,0.210706680817599,0.0582554321443206,"violation in forward orientation",1,0.0782758620689655,1,50,0.772137383051339,0.152451248673278,0.493558507170123,0.237486841740758,0.210706680817599,0.0582554321443206,"violation at burn-in",1,70,0.277251743648749,0.650660936341786,0.363935405795914,0.499795876701026,0.700174158615921,0.0495132222741346,"violation"
206,50,"reverse",0.0745005976726397,0.80895608070809,0.14,0.485386443980464,0.919433493593768,0.110477412885678,"violation in reverse orientation",1,0.0782758620689655,1,160,0.579109709427252,0.373747426619383,0.499022481958478,0.446514277487294,0.389201165608134,0.0154537389887505,"violation",1,50,0.0745005976726397,0.80895608070809,0.14,0.485386443980464,0.919433493593768,0.110477412885678,"violation at burn-in"
207,70,"reverse",0.418190929441929,0.546359910605891,0.444696640464954,0.486763572497166,0.547759571755962,0.00139966115007117,"violation in reverse orientation",1,0.0782758620689655,1,220,0.544576230443039,0.406727292210207,0.49749371855331,0.4657704893618,0.421134594756309,0.0144073025461025,"violation",1,70,0.418190929441929,0.546359910605891,0.444696640464954,0.486763572497166,0.547759571755962,0.00139966115007117,"violation"
208,80,"reverse",0.398537587753285,0.564705087131815,0.439992897669951,0.49228421668788,0.569013107009728,0.00430801987791263,"violation in reverse orientation",1,0.0782758620689655,1,90,0.634820744786182,0.303158498150334,0.499876527964533,0.391420332306856,0.337684653147308,0.0345261549969741,"violation",1,80,0.398537587753285,0.564705087131815,0.439992897669951,0.49228421668788,0.569013107009728,0.00430801987791263,"violation"
209,80,"forward",0.642042346118264,0.32367253060101,0.499843725578305,0.4,0.331006771240888,0.00733424063987875,"violation in forward orientation",1,0.0782758620689655,1,80,0.642042346118264,0.32367253060101,0.499843725578305,0.4,0.331006771240888,0.00733424063987875,"violation",1,180,0.38364903816153,0.582209449932649,0.453246178986025,0.499505928733089,0.585113896312579,0.00290444637992959,"violation"
210,160,"reverse",0.401344476533183,0.514864781968424,0.458257569495584,0.491132301421928,0.565977678705368,0.0511128967369447,"violation in reverse orientation",1,0.0782758620689655,1,280,0.655443872143682,0.279949958143328,0.494871659305394,0.4078158598071,0.318614255502589,0.0386642973592608,"violation",1,160,0.401344476533183,0.514864781968424,0.458257569495584,0.491132301421928,0.565977678705368,0.0511128967369447,"violation"
211,180,"forward",0.610084070183237,0.352943065884975,0.499969134849812,0.439240365592044,0.360558886182322,0.00761582029734625,"violation in forward orientation",1,0.0782758620689655,1,180,0.610084070183237,0.352943065884975,0.499969134849812,0.439240365592044,0.360558886182322,0.00761582029734625,"violation",1,190,0.488835881526345,0.472261980107753,0.487630939869493,0.483781274265179,0.47267821373659,0.00041623362883686,"violation"
212,80,"reverse",0.338978878076396,0.590878168740764,0.409076704298839,0.496078370824611,0.633421142846093,0.0425429741053283,"violation in reverse orientation",1,0.0782758620689655,1,90,0.600945650434495,0.356808336031459,0.498020774022555,0.422952584681651,0.36900926790338,0.0122009318719204,"violation",1,80,0.338978878076396,0.590878168740764,0.409076704298839,0.496078370824611,0.633421142846093,0.0425429741053283,"violation"
213,90,"reverse",0.247071505072811,0.689834539323384,0.351539822656808,0.498020774022555,0.732811700602553,0.042977161279169,"violation in reverse orientation",1,0.0782758620689655,1,180,0.643107190844004,0.32803729666281,0.498485360187225,0.426404722833039,0.330022099420862,0.00198480275805207,"violation",1,90,0.247071505072811,0.689834539323384,0.351539822656808,0.498020774022555,0.732811700602553,0.042977161279169,"violation"
214,50,"reverse",0.216786995012799,0.694644991687999,0.3,0.5,0.765562003955563,0.0709170122675638,"violation in reverse orientation",1,0.0782758620689655,1,50,0.674489213358372,0.246504271019468,0.499599839871872,0.324961536185438,0.301002851376171,0.0544985803567024,"violation at burn-in",1,50,0.216786995012799,0.694644991687999,0.3,0.5,0.765562003955563,0.0709170122675638,"violation at burn-in"
215,50,"forward",0.633238465893974,0.329560327676681,0.496386945839634,0.384187454245971,0.339147801152758,0.00958747347607675,"violation in forward orientation",1,0.0782758620689655,1,50,0.633238465893974,0.329560327676681,0.496386945839634,0.384187454245971,0.339147801152758,0.00958747347607675,"violation at burn-in",1,90,0.247071505072811,0.721968833534088,0.351539822656808,0.493913572686508,0.732811700602553,0.0108428670684642,"violation"
216,100,"reverse",0.298810407487868,0.618571340202755,0.392300904918661,0.499599839871872,0.67686016809015,0.0582888278873953,"violation in reverse orientation",1,0.0782758620689655,1,110,0.558286251516634,0.400967433231594,0.494682467651374,0.449885201151223,0.408456810778223,0.00748937754662909,"violation",1,100,0.298810407487868,0.618571340202755,0.392300904918661,0.499599839871872,0.67686016809015,0.0582888278873953,"violation"
217,160,"reverse",0.387592559593228,0.540775613696132,0.452596674755792,0.495250883391438,0.580849289656856,0.0400736759607241,"violation in reverse orientation",1,0.0782758620689655,1,270,0.567761254706454,0.398969516918581,0.499656946786372,0.465901783511597,0.399695187219266,0.000725670300684211,"violation",1,160,0.387592559593228,0.540775613696132,0.452596674755792,0.495250883391438,0.580849289656856,0.0400736759607241,"violation"
218,50,"forward",0.590712364249548,0.216786995012799,0.489897948556636,0.3,0.378472082799306,0.161685087786507,"violation in forward orientation",1,0.0782758620689655,1,50,0.590712364249548,0.216786995012799,0.489897948556636,0.3,0.378472082799306,0.161685087786507,"violation at burn-in",1,160,0.28115698818386,0.690356174668703,0.395235293844059,0.493354271796647,0.695950945397708,0.00559477072900405,"violation"
219,50,"forward",0.590712364249548,0.246504271019468,0.489897948556636,0.324961536185438,0.378472082799306,0.131967811779838,"violation in forward orientation",1,0.0782758620689655,1,50,0.590712364249548,0.246504271019468,0.489897948556636,0.324961536185438,0.378472082799306,0.131967811779838,"violation at burn-in",1,60,0.383872428163307,0.556383151271119,0.422952584681651,0.486198404860494,0.584872317686749,0.0284891664156295,"violation"
220,70,"reverse",0.277251743648749,0.679232364913215,0.363935405795914,0.499795876701026,0.700174158615921,0.0209417937027061,"violation in reverse orientation",1,0.0782758620689655,1,80,0.603815767828986,0.354108657851495,0.49749371855331,0.417582327212252,0.366355243659085,0.0122465858075902,"violation",1,70,0.277251743648749,0.679232364913215,0.363935405795914,0.499795876701026,0.700174158615921,0.0209417937027061,"violation"
221,50,"forward",0.772137383051339,0.152451248673278,0.493558507170123,0.237486841740758,0.210706680817599,0.0582554321443206,"violation in forward orientation",1,0.0782758620689655,1,50,0.772137383051339,0.152451248673278,0.493558507170123,0.237486841740758,0.210706680817599,0.0582554321443206,"violation at burn-in",1,160,0.36678871548486,0.591748113255807,0.443309640657633,0.499648313816829,0.603347002319457,0.0115988890636501,"violation"
222,140,"forward",0.729048215461149,0.234185448001011,0.486763572497166,0.357071421427142,0.250551634780223,0.0163661867792118,"violation in forward orientation",1,0.0782758620689655,1,140,0.729048215461149,0.234185448001011,0.486763572497166,0.357071421427142,0.250551634780223,0.0163661867792118,"violation",1,160,0.174399540697421,0.743812550300504,0.308157325890526,0.480722113075735,0.811400684668562,0.0675881343680589,"violation"
223,50,"forward",0.734021127930363,0.216786995012799,0.498397431775084,0.3,0.245953136376157,0.0291661413633578,"violation in forward orientation",1,0.0782758620689655,1,50,0.734021127930363,0.216786995012799,0.498397431775084,0.3,0.245953136376157,0.0291661413633578,"violation at burn-in",1,160,0.310173845011429,0.641609709427252,0.413398642353842,0.499022481958478,0.664571508795608,0.022961799368356,"violation"
224,50,"reverse",0.302716065288689,0.654021127930363,0.366606055596467,0.498397431775084,0.672636507957744,0.0186153800273808,"violation in reverse orientation",1,0.0782758620689655,1,150,0.539478320967414,0.419132512088893,0.494592986426438,0.463848634314639,0.425848679054567,0.00671616696567429,"violation",1,50,0.302716065288689,0.654021127930363,0.366606055596467,0.498397431775084,0.672636507957744,0.0186153800273808,"violation at burn-in"
225,50,"forward",0.674489213358372,0.246504271019468,0.499599839871872,0.324961536185438,0.301002851376171,0.0544985803567024,"violation in forward orientation",1,0.0782758620689655,1,50,0.674489213358372,0.246504271019468,0.499599839871872,0.324961536185438,0.301002851376171,0.0544985803567024,"violation at burn-in",1,160,0.2365484833143,0.708341802636892,0.363092188706945,0.489897948556636,0.744191516690006,0.0358497140531141,"violation"
226,50,"reverse",0.216786995012799,0.654021127930363,0.3,0.498397431775084,0.765562003955563,0.1115408760252,"violation in reverse orientation",1,0.0782758620689655,1,100,0.628654591240726,0.298810407487868,0.499899989998,0.392300904918661,0.343386552670684,0.0445761451828161,"violation",1,50,0.216786995012799,0.654021127930363,0.3,0.498397431775084,0.765562003955563,0.1115408760252,"violation at burn-in"
227,50,"reverse",0.185611725055255,0.654021127930363,0.271293199325011,0.498397431775084,0.799275593714762,0.145254465784399,"violation in reverse orientation",1,0.0782758620689655,1,280,0.556175817651973,0.408312232562363,0.499183005990176,0.469693777793531,0.410408348598084,0.00209611603572124,"violation",1,50,0.185611725055255,0.654021127930363,0.271293199325011,0.498397431775084,0.799275593714762,0.145254465784399,"violation at burn-in"
228,50,"reverse",0.381261936620275,0.56895608070809,0.41424630354416,0.485386443980464,0.587695357906497,0.018739277198407,"violation in reverse orientation",1,0.0782758620689655,1,230,0.584372334550391,0.371166209762566,0.499924379914873,0.452341106213564,0.384334767218907,0.013168557456341,"violation",1,50,0.381261936620275,0.56895608070809,0.41424630354416,0.485386443980464,0.587695357906497,0.018739277198407,"violation at burn-in"
229,90,"forward",0.577997924209187,0.369905994351297,0.495535624910617,0.429757324573638,0.390229243737919,0.0203232493866217,"violation in forward orientation",1,0.0782758620689655,1,90,0.577997924209187,0.369905994351297,0.495535624910617,0.429757324573638,0.390229243737919,0.0203232493866217,"violation",1,100,0.393138664440465,0.567316518042841,0.443959457608462,0.495075751779463,0.574851615736602,0.0075350976937606,"violation"
230,90,"forward",0.577997924209187,0.369905994351297,0.495535624910617,0.429757324573638,0.390229243737919,0.0203232493866217,"violation in forward orientation",1,0.0782758620689655,1,90,0.577997924209187,0.369905994351297,0.495535624910617,0.429757324573638,0.390229243737919,0.0203232493866217,"violation",1,340,0.392997135241784,0.574632454210374,0.466702709104116,0.499991349406136,0.575004668375754,0.000372214165379692,"violation"
231,50,"reverse",0.381261936620275,0.524410079701748,0.41424630354416,0.47370877129308,0.587695357906497,0.0632852782047488,"violation in reverse orientation",1,0.0782758620689655,1,190,0.575425581913655,0.387638346168515,0.499306998973955,0.455924375320162,0.392607912579156,0.00496956641064028,"violation",1,50,0.381261936620275,0.524410079701748,0.41424630354416,0.47370877129308,0.587695357906497,0.0632852782047488,"violation at burn-in"
232,90,"forward",0.61230983413901,0.356808336031459,0.498887651569859,0.422952584681651,0.358500701554739,0.00169236552328006,"violation in forward orientation",1,0.0782758620689655,1,90,0.61230983413901,0.356808336031459,0.498887651569859,0.422952584681651,0.358500701554739,0.00169236552328006,"violation",1,280,0.385460185227572,0.581312354789925,0.461309139784786,0.499987244735262,0.583155283948956,0.00184292915903095,"violation"
233,60,"forward",0.482234168322183,0.443718815890873,0.465176191231762,0.450616861153192,0.478782879326699,0.0350640634358257,"violation in forward orientation",1,0.0782758620689655,1,60,0.482234168322183,0.443718815890873,0.465176191231762,0.450616861153192,0.478782879326699,0.0350640634358257,"violation",1,210,0.326186929275849,0.634976928395061,0.428809457708675,0.498546640580866,0.64725462414937,0.0122776957543085,"violation"
234,150,"reverse",0.419132512088893,0.525651999167634,0.463848634314639,0.492431608336517,0.546741324564283,0.021089325396649,"violation in reverse orientation",1,0.0782758620689655,1,170,0.671223278310158,0.299540084978558,0.495795470722482,0.408558949510243,0.304022891885624,0.00448280690706571,"violation",1,150,0.419132512088893,0.525651999167634,0.463848634314639,0.492431608336517,0.546741324564283,0.021089325396649,"violation"
235,70,"reverse",0.332011213630856,0.59189294941248,0.4,0.494871659305394,0.640956121084183,0.0490631716717025,"violation in reverse orientation",1,0.0782758620689655,1,80,0.691655263867034,0.260399815732986,0.498591766879478,0.357071421427142,0.285129244841395,0.0247294291084088,"violation",1,70,0.332011213630856,0.59189294941248,0.4,0.494871659305394,0.640956121084183,0.0490631716717025,"violation"
236,90,"forward",0.623601442490623,0.316774321444153,0.499505928733089,0.4,0.348059246309816,0.0312849248656628,"violation in forward orientation",1,0.0782758620689655,1,90,0.623601442490623,0.316774321444153,0.499505928733089,0.4,0.348059246309816,0.0312849248656628,"violation",1,90,0.421207676384509,0.531207015560322,0.453246178986025,0.487498021521785,0.544497198439934,0.0132901828796119,"violation"
237,110,"forward",0.577086061449853,0.39067852237157,0.497015888466787,0.445361771415123,0.39107245171101,0.000393929339439159,"violation in forward orientation",1,0.0782758620689655,1,110,0.577086061449853,0.39067852237157,0.497015888466787,0.445361771415123,0.39107245171101,0.000393929339439159,"violation",1,130,0.377601999819964,0.583337209882647,0.443560099795031,0.498518515262143,0.59165329020342,0.00831608032077347,"violation"
238,70,"forward",0.546359910605891,0.401384518782172,0.486763572497166,0.43705881545081,0.419485209123037,0.0181006903408656,"violation in forward orientation",1,0.0782758620689655,1,70,0.546359910605891,0.401384518782172,0.486763572497166,0.43705881545081,0.419485209123037,0.0181006903408656,"violation",1,80,0.276559731956136,0.679397303997039,0.368908864084343,0.499374608885954,0.700922514551414,0.021525210554375,"violation"
239,210,"forward",0.662963231596248,0.304804736399551,0.495535624910617,0.416795898326361,0.311661033893264,0.00685629749371325,"violation in forward orientation",1,0.0782758620689655,1,210,0.662963231596248,0.304804736399551,0.495535624910617,0.416795898326361,0.311661033893264,0.00685629749371325,"violation",1,230,0.239423379194501,0.740840254626497,0.375250388996926,0.476280484787101,0.741082544083273,0.000242289456776179,"violation"
240,50,"forward",0.590712364249548,0.329560327676681,0.489897948556636,0.384187454245971,0.378472082799306,0.0489117551226251,"violation in forward orientation",1,0.0782758620689655,1,50,0.590712364249548,0.329560327676681,0.489897948556636,0.384187454245971,0.378472082799306,0.0489117551226251,"violation at burn-in",1,60,0.34236971261758,0.627070094348715,0.4,0.49749371855331,0.629754223367336,0.00268412901862103,"violation"
241,60,"forward",0.727070094348715,0.230926430345563,0.49749371855331,0.321022671404304,0.252380821767705,0.0214543914221414,"violation in forward orientation",1,0.0782758620689655,1,60,0.727070094348715,0.230926430345563,0.49749371855331,0.321022671404304,0.252380821767705,0.0214543914221414,"violation",1,90,0.202857682846242,0.763761939446244,0.314269680527354,0.484831649539365,0.780625453819851,0.0168635143736072,"violation"
242,60,"forward",0.627070094348715,0.321054517826778,0.49749371855331,0.386939558874797,0.344851751681177,0.0237972338543981,"violation in forward orientation",1,0.0782758620689655,1,60,0.627070094348715,0.321054517826778,0.49749371855331,0.386939558874797,0.344851751681177,0.0237972338543981,"violation",1,160,0.29573068172561,0.653901777618562,0.404612082740988,0.498082259772419,0.680190648020588,0.0262888704020258,"violation"
243,90,"forward",0.689834539323383,0.247071505072811,0.498020774022555,0.351539822656808,0.286812885758071,0.0397413806852602,"violation in forward orientation",1,0.0782758620689655,1,90,0.689834539323383,0.247071505072811,0.498020774022555,0.351539822656808,0.286812885758071,0.0397413806852602,"violation",1,130,0.454071097313765,0.503478792009515,0.473186353822452,0.48650425541052,0.508958006869127,0.005479214859612,"violation"
244,90,"forward",0.554753840420317,0.369905994351297,0.492035329455212,0.429757324573638,0.411723264167353,0.0418172698160562,"violation in forward orientation",1,0.0782758620689655,1,90,0.554753840420317,0.369905994351297,0.492035329455212,0.429757324573638,0.411723264167353,0.0418172698160562,"violation",1,160,0.302968040723733,0.647764456021478,0.409076704298839,0.498591766879478,0.672364016445784,0.0245995604243063,"violation"
245,50,"forward",0.633238465893974,0.329560327676681,0.496386945839634,0.384187454245971,0.339147801152758,0.00958747347607675,"violation in forward orientation",1,0.0782758620689655,1,50,0.633238465893974,0.329560327676681,0.496386945839634,0.384187454245971,0.339147801152758,0.00958747347607675,"violation at burn-in",1,190,0.421854013114799,0.527085982613286,0.468864367396212,0.494540834632605,0.543798236365156,0.0167122537518699,"violation"
246,150,"forward",0.553220838285771,0.411841138745033,0.496386945839634,0.461109772421082,0.413140845496762,0.00129970675172864,"violation in forward orientation",1,0.0782758620689655,1,150,0.553220838285771,0.411841138745033,0.496386945839634,0.461109772421082,0.413140845496762,0.00129970675172864,"violation",1,170,0.505250364003919,0.455610578367449,0.489897948556636,0.477884612037409,0.457499589149093,0.00188901078164383,"violation"
247,50,"forward",0.612137383051339,0.329560327676681,0.493558507170123,0.384187454245971,0.358660168679154,0.0290998410024727,"violation in forward orientation",1,0.0782758620689655,1,50,0.612137383051339,0.329560327676681,0.493558507170123,0.384187454245971,0.358660168679154,0.0290998410024727,"violation at burn-in",1,50,0.329560327676681,0.633238465893974,0.384187454245971,0.496386945839634,0.643606560477913,0.0103680945839392,"violation at burn-in"
248,50,"forward",0.546859192020479,0.355715993350399,0.48,0.4,0.419023518956083,0.0633075256056838,"violation in forward orientation",1,0.0782758620689655,1,50,0.546859192020479,0.355715993350399,0.48,0.4,0.419023518956083,0.0633075256056838,"violation at burn-in",1,190,0.510764374047424,0.449988378696932,0.49192932402307,0.477789230180479,0.452400732786342,0.00241235408940998,"violation"
249,50,"reverse",0.275078575707952,0.674489213358372,0.346987031457949,0.499599839871872,0.702524267934418,0.0280350545760453,"violation in reverse orientation",1,0.0782758620689655,1,100,0.598237834688651,0.358457767577596,0.498397431775085,0.427083130081252,0.371513210303904,0.0130554427263083,"violation",1,50,0.275078575707952,0.674489213358372,0.346987031457949,0.499599839871872,0.702524267934418,0.0280350545760453,"violation at burn-in"
250,80,"forward",0.577841623971563,0.354108657851495,0.49434299833213,0.417582327212252,0.390373776021107,0.0362651181696121,"violation in forward orientation",1,0.0782758620689655,1,80,0.577841623971563,0.354108657851495,0.49434299833213,0.417582327212252,0.390373776021107,0.0362651181696121,"violation",1,100,0.370102421252595,0.598237834688651,0.433012701892219,0.498397431775084,0.599763491511427,0.00152565682277617,"violation"
251,90,"forward",0.700619622653076,0.275464716989807,0.496903994999953,0.372677996249965,0.276839818911162,0.00137510192135443,"violation in forward orientation",1,0.0782758620689655,1,90,0.700619622653076,0.275464716989807,0.496903994999953,0.372677996249965,0.276839818911162,0.00137510192135443,"violation",1,120,0.350374561746575,0.576331088782478,0.428093317968044,0.49749371855331,0.621097611893347,0.0447665231108689,"violation"
252,70,"reverse",0.483583542674893,0.451237844761596,0.469693777793531,0.458257569495584,0.477535100314734,0.0262972555531377,"violation in reverse orientation",1,0.0782758620689655,1,140,0.581867813465497,0.37627310295803,0.498722858706034,0.444696640464954,0.386650721155988,0.010377618197958,"violation",1,70,0.483583542674893,0.451237844761596,0.469693777793531,0.458257569495584,0.477535100314734,0.0262972555531377,"violation"
253,130,"reverse",0.297728565431627,0.660260286805724,0.4,0.498518515262143,0.67803009474413,0.0177698079384064,"violation in reverse orientation",1,0.0782758620689655,1,200,0.67330885908128,0.296699298381602,0.49434299833213,0.410822346032929,0.302094335952471,0.00539503757086934,"violation",1,130,0.297728565431627,0.660260286805724,0.4,0.498518515262143,0.67803009474413,0.0177698079384064,"violation"
254,50,"reverse",0.302716065288689,0.633238465893974,0.366606055596467,0.496386945839634,0.672636507957744,0.0393980420637701,"violation in reverse orientation",1,0.0782758620689655,1,160,0.610575889280711,0.331611385567067,0.5,0.42555111326373,0.360104096489395,0.0284927109223284,"violation",1,50,0.302716065288689,0.633238465893974,0.366606055596467,0.496386945839634,0.672636507957744,0.0393980420637701,"violation at burn-in"
255,90,"forward",0.721968833534088,0.202857682846242,0.493913572686508,0.314269680527354,0.257098005080302,0.0542403222340591,"violation in forward orientation",1,0.0782758620689655,1,90,0.721968833534088,0.202857682846242,0.493913572686508,0.314269680527354,0.257098005080302,0.0542403222340591,"violation",1,90,0.395765536459536,0.554753840420317,0.442216638714053,0.492035329455212,0.57201086132705,0.0172570209067323,"violation"
256,50,"forward",0.612137383051339,0.302716065288689,0.493558507170123,0.366606055596467,0.358660168679154,0.0559441033904648,"violation in forward orientation",1,0.0782758620689655,1,50,0.612137383051339,0.302716065288689,0.493558507170123,0.366606055596467,0.358660168679154,0.0559441033904648,"violation at burn-in",1,60,0.277090389131333,0.694529912104096,0.357071421427142,0.499722145018832,0.700348650769906,0.00581873866581029,"violation"
257,50,"forward",0.80895608070809,0.152451248673278,0.485386443980464,0.237486841740758,0.176660088712372,0.024208840039094,"violation in forward orientation",1,0.0782758620689655,1,50,0.80895608070809,0.152451248673278,0.485386443980464,0.237486841740758,0.176660088712372,0.024208840039094,"violation at burn-in",1,50,0.381261936620275,0.56895608070809,0.41424630354416,0.485386443980464,0.587695357906497,0.018739277198407,"violation at burn-in"
258,50,"reverse",0.4062591846095,0.501594493296846,0.427083130081252,0.466476151587624,0.560662810474978,0.0590683171781325,"violation in reverse orientation",1,0.0782758620689655,1,50,0.654021127930363,0.302716065288689,0.498397431775085,0.366606055596467,0.319929880306935,0.0172138150182456,"violation at burn-in",1,50,0.4062591846095,0.501594493296846,0.427083130081252,0.466476151587624,0.560662810474978,0.0590683171781325,"violation at burn-in"
259,50,"forward",0.430755917550709,0.4062591846095,0.438634243989226,0.427083130081252,0.534171530497442,0.127912345887942,"violation in forward orientation",1,0.0782758620689655,1,50,0.430755917550709,0.4062591846095,0.438634243989226,0.427083130081252,0.534171530497442,0.127912345887942,"violation at burn-in",1,200,0.412767043137921,0.548935435590452,0.466476151587624,0.49749371855331,0.553625075984247,0.00468964039379427,"violation"
260,60,"reverse",0.206777284463185,0.74303982794241,0.3,0.495535624910617,0.776386714552699,0.0333468866102891,"violation in reverse orientation",1,0.0782758620689655,1,90,0.531207015560322,0.421207676384509,0.487498021521785,0.453246178986025,0.433497232080487,0.0122895556959781,"violation",1,60,0.206777284463185,0.74303982794241,0.3,0.495535624910617,0.776386714552699,0.0333468866102891,"violation"
261,50,"reverse",0.4062591846095,0.524410079701748,0.427083130081252,0.47370877129308,0.560662810474978,0.0362527307732304,"violation in reverse orientation",1,0.0782758620689655,1,100,0.716895688006175,0.261683564317147,0.493558507170123,0.366606055596467,0.261789189925827,0.000105625608679494,"violation",1,50,0.4062591846095,0.524410079701748,0.427083130081252,0.47370877129308,0.560662810474978,0.0362527307732304,"violation at burn-in"
262,60,"forward",0.592139703863035,0.363298063516486,0.493006648591635,0.411973569810276,0.377152208585692,0.0138541450692061,"violation in forward orientation",1,0.0782758620689655,1,60,0.592139703863035,0.363298063516486,0.493006648591635,0.411973569810276,0.377152208585692,0.0138541450692061,"violation",1,90,0.232572423955049,0.678976500805676,0.339934634239519,0.498887651569859,0.748491310541946,0.0695148097362698,"violation"
263,60,"reverse",0.363298063516486,0.592139703863035,0.411973569810276,0.493006648591635,0.607121866454208,0.0149821625911731,"violation in reverse orientation",1,0.0782758620689655,1,100,0.608432477215472,0.310945864384819,0.499099188538711,0.4,0.362086129557999,0.0511402651731803,"violation",1,60,0.363298063516486,0.592139703863035,0.411973569810276,0.493006648591635,0.607121866454208,0.0149821625911731,"violation"
264,50,"forward",0.714489213358372,0.216786995012799,0.499599839871872,0.3,0.264014479410782,0.0472274843979824,"violation in forward orientation",1,0.0782758620689655,1,50,0.714489213358372,0.216786995012799,0.499599839871872,0.3,0.264014479410782,0.0472274843979824,"violation at burn-in",1,160,0.373747426619383,0.553623923094054,0.446514277487294,0.49682586235018,0.595821706379388,0.0421977832853334,"violation"
265,90,"forward",0.645967901805191,0.316774321444153,0.5,0.4,0.327376773392916,0.010602451948763,"violation in forward orientation",1,0.0782758620689655,1,90,0.645967901805191,0.316774321444153,0.5,0.4,0.327376773392916,0.010602451948763,"violation",1,110,0.283966960418264,0.668434804605088,0.385694607919935,0.498675932796454,0.692912182581076,0.0244773779759879,"violation"
266,50,"forward",0.590712364249548,0.302716065288689,0.489897948556636,0.366606055596467,0.378472082799306,0.0757560175106172,"violation in forward orientation",1,0.0782758620689655,1,50,0.590712364249548,0.302716065288689,0.489897948556636,0.366606055596467,0.378472082799306,0.0757560175106172,"violation at burn-in",1,110,0.191656783841918,0.772149232602021,0.311753239990586,0.478375349706286,0.792738340556046,0.0205891079540252,"violation"
267,90,"forward",0.61230983413901,0.343591528449175,0.498887651569859,0.415739709641549,0.358500701554739,0.0149091731055645,"violation in forward orientation",1,0.0782758620689655,1,90,0.61230983413901,0.343591528449175,0.498887651569859,0.415739709641549,0.358500701554739,0.0149091731055645,"violation",1,110,0.338260821129089,0.632421839069742,0.419070202604222,0.5,0.634197664665414,0.00177582559567124,"violation"
268,80,"reverse",0.276559731956136,0.679397303997039,0.368908864084343,0.499374608885954,0.700922514551414,0.021525210554375,"violation in reverse orientation",1,0.0782758620689655,1,90,0.554753840420317,0.343591528449175,0.492035329455212,0.415739709641549,0.411723264167353,0.0681317357181788,"violation",1,80,0.276559731956136,0.679397303997039,0.368908864084343,0.499374608885954,0.700922514551414,0.021525210554375,"violation"
269,50,"forward",0.56895608070809,0.329560327676681,0.485386443980464,0.384187454245971,0.398590320504705,0.0690299928280236,"violation in forward orientation",1,0.0782758620689655,1,50,0.56895608070809,0.329560327676681,0.485386443980464,0.384187454245971,0.398590320504705,0.0690299928280236,"violation at burn-in",1,390,0.466077742489891,0.492420628844865,0.488823138247896,0.493641355942928,0.495973769349983,0.00355314050511846,"violation"
270,50,"forward",0.694644991687999,0.275078575707952,0.5,0.346987031457949,0.282364615723467,0.00728604001551447,"violation in forward orientation",1,0.0782758620689655,1,50,0.694644991687999,0.275078575707952,0.5,0.346987031457949,0.282364615723467,0.00728604001551447,"violation at burn-in",1,120,0.331038786191009,0.635283219199831,0.417582327212252,0.499930550732355,0.642007724480793,0.00672450528096191,"violation"
271,90,"forward",0.589508511541965,0.369905994351297,0.496903994999953,0.429757324573638,0.379585296592797,0.00967930224149971,"violation in forward orientation",1,0.0782758620689655,1,90,0.589508511541965,0.369905994351297,0.496903994999953,0.429757324573638,0.379585296592797,0.00967930224149971,"violation",1,220,0.239286488093452,0.732109087000877,0.374027665039467,0.479733913851391,0.741230580986522,0.00912149398564444,"violation"
272,140,"forward",0.559967969201867,0.400148175429016,0.496723961448963,0.455073441034185,0.406901710796169,0.00675353536715334,"violation in forward orientation",1,0.0782758620689655,1,140,0.559967969201867,0.400148175429016,0.496723961448963,0.455073441034185,0.406901710796169,0.00675353536715334,"violation",1,150,0.497743289169391,0.462361461794811,0.486986196473325,0.478005113873156,0.464441451057882,0.00207998926307057,"violation"
273,60,"reverse",0.321054517826778,0.627070094348715,0.386939558874797,0.49749371855331,0.652804921365882,0.0257348270171673,"violation in reverse orientation",1,0.0782758620689655,1,140,0.694990039892699,0.268868325058554,0.493787940934411,0.382993046241557,0.282045546439931,0.0131772213813771,"violation",1,60,0.321054517826778,0.627070094348715,0.386939558874797,0.49749371855331,0.652804921365882,0.0257348270171673,"violation"
274,50,"reverse",0.302716065288689,0.654021127930363,0.366606055596467,0.498397431775084,0.672636507957744,0.0186153800273808,"violation in reverse orientation",1,0.0782758620689655,1,160,0.572764456021478,0.39447994677785,0.498591766879478,0.455478800275051,0.395068680437819,0.000588733659969365,"violation",1,50,0.302716065288689,0.654021127930363,0.366606055596467,0.498397431775084,0.672636507957744,0.0186153800273808,"violation at burn-in"
275,70,"reverse",0.199008410223142,0.761680056860571,0.3,0.489897948556636,0.784788137840334,0.0231080809797637,"violation in reverse orientation",1,0.0782758620689655,1,80,0.616655263867034,0.338978878076396,0.498591766879478,0.409076704298839,0.354482442276498,0.0155035642001025,"violation",1,70,0.199008410223142,0.761680056860571,0.3,0.489897948556636,0.784788137840334,0.0231080809797637,"violation"
276,50,"reverse",0.302716065288689,0.61213738305134,0.366606055596467,0.493558507170123,0.672636507957744,0.0604991249064041,"violation in reverse orientation",1,0.0782758620689655,1,60,0.758806370529702,0.206777284463185,0.493006648591635,0.3,0.223033992063239,0.0162567076000534,"violation",1,50,0.302716065288689,0.61213738305134,0.366606055596467,0.493558507170123,0.672636507957744,0.0604991249064041,"violation at burn-in"
277,90,"forward",0.721968833534088,0.247071505072811,0.493913572686508,0.351539822656808,0.257098005080302,0.0100265000074904,"violation in forward orientation",1,0.0782758620689655,1,90,0.721968833534088,0.247071505072811,0.493913572686508,0.351539822656808,0.257098005080302,0.0100265000074904,"violation",1,320,0.396420134941191,0.564115443566795,0.467195338563004,0.499755799741234,0.571302964821339,0.00718752125454403,"violation"
278,70,"forward",0.636172957540227,0.332011213630856,0.499183005990176,0.4,0.336434249439235,0.00442303580837849,"violation in forward orientation",1,0.0782758620689655,1,70,0.636172957540227,0.332011213630856,0.499183005990176,0.4,0.336434249439235,0.00442303580837849,"violation",1,190,0.376116272751198,0.591333684704491,0.451037584960601,0.499889184395802,0.593259986567517,0.00192630186302556,"violation"
279,160,"reverse",0.380681875412019,0.585437582923543,0.449609205310567,0.499374608885954,0.588322648243901,0.00288506532035826,"violation in reverse orientation",1,0.0782758620689655,1,190,0.643625955578793,0.323471761400868,0.498223992612163,0.425144590036934,0.329542392846539,0.00607063144567127,"violation",1,160,0.380681875412019,0.585437582923543,0.449609205310567,0.499374608885954,0.588322648243901,0.00288506532035826,"violation"
280,50,"forward",0.714489213358372,0.185611725055255,0.499599839871872,0.271293199325011,0.264014479410782,0.078402754355527,"violation in forward orientation",1,0.0782758620689655,1,50,0.714489213358372,0.185611725055255,0.499599839871872,0.271293199325011,0.264014479410782,0.078402754355527,"violation at burn-in",1,50,0.275078575707952,0.694644991687999,0.346987031457949,0.5,0.702524267934418,0.00787927624641849,"violation at burn-in"
281,80,"reverse",0.292478733192347,0.667042346118264,0.379967103839267,0.499843725578305,0.683707373262031,0.0166650271437668,"violation in reverse orientation",1,0.0782758620689655,1,260,0.599391196387954,0.368085558532451,0.499866846175384,0.453046884207298,0.370446686015293,0.00236112748284223,"violation",1,80,0.292478733192347,0.667042346118264,0.379967103839267,0.499843725578305,0.683707373262031,0.0166650271437668,"violation"
282,80,"forward",0.727841623971563,0.243974143961777,0.49434299833213,0.344374432848898,0.251667381150899,0.00769323718912274,"violation in forward orientation",1,0.0782758620689655,1,80,0.727841623971563,0.243974143961777,0.49434299833213,0.344374432848898,0.251667381150899,0.00769323718912274,"violation",1,120,0.198185572513956,0.771119296036274,0.321022671404304,0.476969600708473,0.785677971769717,0.0145586757334433,"violation"
283,80,"reverse",0.413053876615838,0.551467297585606,0.446514277487294,0.489897948556636,0.553314888254778,0.00184759066917217,"violation in reverse orientation",1,0.0782758620689655,1,90,0.743018751298959,0.202857682846242,0.489897948556636,0.314269680527354,0.237632950377105,0.0347752675308621,"violation",1,80,0.413053876615838,0.551467297585606,0.446514277487294,0.489897948556636,0.553314888254778,0.00184759066917217,"violation"
284,70,"reverse",0.25834289775755,0.679232364913215,0.349927106111883,0.499795876701026,0.720622580524181,0.0413902156109667,"violation in reverse orientation",1,0.0782758620689655,1,90,0.483168476855012,0.433781791811234,0.475186772896513,0.458257569495584,0.477918915538131,0.044137123726897,"violation",1,70,0.25834289775755,0.679232364913215,0.349927106111883,0.499795876701026,0.720622580524181,0.0413902156109667,"violation"
285,50,"forward",0.633238465893974,0.329560327676681,0.496386945839634,0.384187454245971,0.339147801152758,0.00958747347607675,"violation in forward orientation",1,0.0782758620689655,1,50,0.633238465893974,0.329560327676681,0.496386945839634,0.384187454245971,0.339147801152758,0.00958747347607675,"violation at burn-in",1,140,0.343956010304985,0.617883206200791,0.428809457708675,0.5,0.62803876783024,0.0101555616294489,"violation"
286,70,"reverse",0.367154334451918,0.576856954805403,0.419912527334259,0.492598275701905,0.602951614312221,0.0260946595068177,"violation in reverse orientation",1,0.0782758620689655,1,80,0.497470093848425,0.455809380365391,0.476969600708473,0.463512405443479,0.464694077311659,0.00888469694626848,"violation",1,70,0.367154334451918,0.576856954805403,0.419912527334259,0.492598275701905,0.602951614312221,0.0260946595068177,"violation"
287,60,"forward",0.727070094348715,0.230926430345563,0.49749371855331,0.321022671404304,0.252380821767705,0.0214543914221414,"violation in forward orientation",1,0.0782758620689655,1,60,0.727070094348715,0.230926430345563,0.49749371855331,0.321022671404304,0.252380821767705,0.0214543914221414,"violation",1,70,0.239040057693904,0.721075689618868,0.334724986110285,0.496723961448963,0.741497075980979,0.0204213863621112,"violation"
288,100,"forward",0.618571340202755,0.334897285537307,0.499599839871872,0.41424630354416,0.352710628671006,0.0178133431336992,"violation in forward orientation",1,0.0782758620689655,1,100,0.618571340202755,0.334897285537307,0.499599839871872,0.41424630354416,0.352710628671006,0.0178133431336992,"violation",1,270,0.351096500585357,0.615816910664472,0.446046495328136,0.499121312957092,0.620316892115296,0.00449998145082386,"violation"
289,50,"forward",0.734021127930363,0.185611725055255,0.498397431775084,0.271293199325011,0.245953136376157,0.0603414113209025,"violation in forward orientation",1,0.0782758620689655,1,50,0.734021127930363,0.185611725055255,0.498397431775084,0.271293199325011,0.245953136376157,0.0603414113209025,"violation at burn-in",1,110,0.441538187753225,0.500787243770971,0.4657704893618,0.483530405344444,0.522511357713838,0.021724113942867,"violation"
290,180,"forward",0.648565615400214,0.302797954213182,0.498020774022555,0.411973569810276,0.324974643475109,0.0221766892619274,"violation in forward orientation",1,0.0782758620689655,1,180,0.648565615400214,0.302797954213182,0.498020774022555,0.411973569810276,0.324974643475109,0.0221766892619274,"violation",1,280,0.299860775202326,0.648467131060158,0.419912527334259,0.495850125480246,0.675724278448464,0.0272571473883053,"violation"
291,50,"reverse",0.185611725055255,0.714489213358372,0.271293199325011,0.499599839871872,0.799275593714762,0.0847863803563899,"violation in reverse orientation",1,0.0782758620689655,1,140,0.715501481774093,0.260284930688819,0.489897948556636,0.376883027379226,0.263078425393545,0.0027934947047259,"violation",1,50,0.185611725055255,0.714489213358372,0.271293199325011,0.499599839871872,0.799275593714762,0.0847863803563899,"violation at burn-in"
292,70,"reverse",0.401384518782172,0.53089372836024,0.43705881545081,0.483186700722508,0.565934376178805,0.0350406478185646,"violation in reverse orientation",1,0.0782758620689655,1,230,0.544829179389491,0.418000744602214,0.497707409434928,0.470369681262557,0.420900690513319,0.0028999459111051,"violation",1,70,0.401384518782172,0.53089372836024,0.43705881545081,0.483186700722508,0.565934376178805,0.0350406478185646,"violation"
293,90,"forward",0.71133125754252,0.217843543370117,0.495535624910617,0.327542288288526,0.266934670519957,0.04909112714984,"violation in forward orientation",1,0.0782758620689655,1,90,0.71133125754252,0.217843543370117,0.495535624910617,0.327542288288526,0.266934670519957,0.04909112714984,"violation",1,90,0.316774321444153,0.657042967008405,0.4,0.499876527964533,0.657433615363694,0.000390648355289458,"violation"
294,90,"reverse",0.330249254092939,0.634820744786183,0.408097059382377,0.499876527964533,0.642861541024877,0.00804079623869491,"violation in reverse orientation",1,0.0782758620689655,1,240,0.607853303006838,0.356477547968969,0.499722145018832,0.446514277487294,0.362621697334542,0.00614414936557278,"violation",1,90,0.330249254092939,0.634820744786183,0.408097059382377,0.499876527964533,0.642861541024877,0.00804079623869491,"violation"
295,50,"reverse",0.216786995012799,0.674489213358372,0.3,0.499599839871872,0.765562003955563,0.0910727905971905,"violation in reverse orientation",1,0.0782758620689655,1,210,0.58762268180825,0.373502835177504,0.499909288823637,0.451753951452626,0.381329140884148,0.00782630570664389,"violation",1,50,0.216786995012799,0.674489213358372,0.3,0.499599839871872,0.765562003955563,0.0910727905971905,"violation at burn-in"
296,90,"forward",0.634820744786182,0.275464716989807,0.499876527964533,0.372677996249965,0.337684653147308,0.0622199361575008,"violation in forward orientation",1,0.0782758620689655,1,90,0.634820744786182,0.275464716989807,0.499876527964533,0.372677996249965,0.337684653147308,0.0622199361575008,"violation",1,100,0.415857557760774,0.546417177917328,0.453762052181537,0.491833305094317,0.550282928754035,0.00386575083670693,"violation"
297,100,"reverse",0.381661638370415,0.567316518042841,0.438634243989226,0.495075751779463,0.587263112063922,0.0199465940210813,"violation in reverse orientation",1,0.0782758620689655,1,140,0.64626201502557,0.319320750326329,0.499183005990176,0.415208332266675,0.327104804163033,0.00778405383670361,"violation",1,100,0.381661638370415,0.567316518042841,0.438634243989226,0.495075751779463,0.587263112063922,0.0199465940210813,"violation"
298,50,"reverse",0.216786995012799,0.694644991687999,0.3,0.5,0.765562003955563,0.0709170122675638,"violation in reverse orientation",1,0.0782758620689655,1,130,0.712368559941964,0.260840456014983,0.49140542319029,0.374955618675506,0.265975467345176,0.00513501133019328,"violation",1,50,0.216786995012799,0.694644991687999,0.3,0.5,0.765562003955563,0.0709170122675638,"violation at burn-in"
299,60,"reverse",0.277090389131333,0.677962140771975,0.357071421427142,0.5,0.700348650769906,0.0223865099979311,"violation in reverse orientation",1,0.0782758620689655,1,90,0.645967901805191,0.289392299544533,0.5,0.382325567424117,0.327376773392916,0.037984473848383,"violation",1,60,0.277090389131333,0.677962140771975,0.357071421427142,0.5,0.700348650769906,0.0223865099979311,"violation"
300,50,"forward",0.478395081610861,0.454790769027509,0.458257569495584,0.448998886412873,0.482653540892785,0.027862771865276,"violation in forward orientation",1,0.0782758620689655,1,50,0.478395081610861,0.454790769027509,0.458257569495584,0.448998886412873,0.482653540892785,0.027862771865276,"violation at burn-in",1,50,0.4062591846095,0.546859192020479,0.427083130081252,0.48,0.560662810474978,0.0138036184544992,"violation at burn-in"
301,90,"reverse",0.316774321444153,0.657042967008405,0.4,0.499876527964533,0.657433615363694,0.000390648355289458,"violation in reverse orientation",1,0.0782758620689655,1,280,0.548954840431468,0.404516887096112,0.498722858706034,0.46837484987988,0.417085653382725,0.0125687662866122,"violation",1,90,0.316774321444153,0.657042967008405,0.4,0.499876527964533,0.657433615363694,0.000390648355289458,"violation"
302,50,"reverse",0.302716065288689,0.590712364249548,0.366606055596467,0.489897948556636,0.672636507957744,0.0819241437081953,"violation in reverse orientation",1,0.0782758620689655,1,60,0.74303982794241,0.230926430345563,0.495535624910617,0.321022671404304,0.23761346060891,0.00668703026334727,"violation",1,50,0.302716065288689,0.590712364249548,0.366606055596467,0.489897948556636,0.672636507957744,0.0819241437081953,"violation at burn-in"
303,60,"reverse",0.463104996184793,0.482234168322183,0.458257569495584,0.465176191231762,0.499188559455241,0.0169543911330586,"violation in reverse orientation",1,0.0782758620689655,1,90,0.721968833534088,0.232572423955049,0.493913572686508,0.339934634239519,0.257098005080302,0.0245255811252529,"violation",1,60,0.463104996184793,0.482234168322183,0.458257569495584,0.465176191231762,0.499188559455241,0.0169543911330586,"violation"
304,60,"forward",0.819765062450468,0.155449781144742,0.476969600708473,0.249443825784929,0.166664922781017,0.0112151416362755,"violation in forward orientation",1,0.0782758620689655,1,60,0.819765062450468,0.155449781144742,0.476969600708473,0.249443825784929,0.166664922781017,0.0112151416362755,"violation",1,90,0.232572423955049,0.743018751298959,0.339934634239519,0.489897948556636,0.748491310541946,0.00547255924298717,"violation"
305,90,"reverse",0.289392299544533,0.657042967008405,0.382325567424117,0.499876527964533,0.687045107240376,0.0300021402319717,"violation in reverse orientation",1,0.0782758620689655,1,250,0.537020349490984,0.424799282063698,0.497288648573442,0.47370877129308,0.42812158813583,0.00332230607213185,"violation",1,90,0.289392299544533,0.657042967008405,0.382325567424117,0.499876527964533,0.687045107240376,0.0300021402319717,"violation"
306,50,"forward",0.478395081610861,0.4062591846095,0.458257569495584,0.427083130081252,0.482653540892785,0.0763943562832849,"violation in forward orientation",1,0.0782758620689655,1,50,0.478395081610861,0.4062591846095,0.458257569495584,0.427083130081252,0.482653540892785,0.0763943562832849,"violation at burn-in",1,160,0.387592559593228,0.566401777618562,0.452596674755792,0.498082259772419,0.580849289656856,0.0144475120382933,"violation"
307,120,"reverse",0.291618594854466,0.68443380981172,0.393612189287318,0.496585563847986,0.68463754487238,0.00020373506065996,"violation in reverse orientation",1,0.0782758620689655,1,270,0.758474978915936,0.213822062226654,0.46732757432918,0.35887723101503,0.223340432970143,0.00951837074348894,"violation",1,120,0.291618594854466,0.68443380981172,0.393612189287318,0.496585563847986,0.68463754487238,0.00020373506065996,"violation"
308,90,"reverse",0.343591528449175,0.589508511541965,0.415739709641549,0.496903994999953,0.628432926141562,0.0389244145995967,"violation in reverse orientation",1,0.0782758620689655,1,210,0.625576782640063,0.342075726717464,0.499183005990176,0.43705881545081,0.346232630904674,0.00415690418721004,"violation",1,90,0.343591528449175,0.589508511541965,0.415739709641549,0.496903994999953,0.628432926141562,0.0389244145995967,"violation"
309,110,"forward",0.694981316500521,0.272841182473027,0.495933879890395,0.378011325205305,0.282053613041798,0.0092124305687708,"violation in forward orientation",1,0.0782758620689655,1,110,0.694981316500521,0.272841182473027,0.495933879890395,0.378011325205305,0.282053613041798,0.0092124305687708,"violation",1,130,0.324790251442971,0.645107448506749,0.416309511622609,0.499467171715321,0.648765020805038,0.00365757229828889,"violation"
310,160,"forward",0.629248113255807,0.317349074358807,0.499648313816829,0.417582327212252,0.342837717344098,0.0254886429852906,"violation in forward orientation",1,0.0782758620689655,1,160,0.629248113255807,0.317349074358807,0.499648313816829,0.417582327212252,0.342837717344098,0.0254886429852906,"violation",1,250,0.454330289562284,0.495977513627094,0.482261339939249,0.491463121709045,0.508677710943952,0.0127001973168584,"violation"
311,90,"reverse",0.446262250701477,0.483168476855012,0.462948147911104,0.475186772896513,0.517402657117151,0.0342341802621384,"violation in reverse orientation",1,0.0782758620689655,1,110,0.520140641333334,0.441538187753225,0.487954069102532,0.4657704893618,0.443730411235888,0.00219222348266318,"violation",1,90,0.446262250701477,0.483168476855012,0.462948147911104,0.475186772896513,0.517402657117151,0.0342341802621384,"violation"
312,90,"forward",0.721968833534088,0.217843543370117,0.493913572686508,0.327542288288526,0.257098005080302,0.039254461710185,"violation in forward orientation",1,0.0782758620689655,1,90,0.721968833534088,0.217843543370117,0.493913572686508,0.327542288288526,0.257098005080302,0.039254461710185,"violation",1,160,0.428581931084374,0.4754482131575,0.46837484987988,0.482465996211132,0.536522524986596,0.0610743118290958,"violation"
313,100,"forward",0.791390072744453,0.169376706953825,0.47370877129308,0.286181760425084,0.192903539625022,0.0235268326711967,"violation in forward orientation",1,0.0782758620689655,1,100,0.791390072744453,0.169376706953825,0.47370877129308,0.286181760425084,0.192903539625022,0.0235268326711967,"violation",1,190,0.381884873942699,0.570100229726782,0.453518103674055,0.499001773627211,0.587021700441381,0.0169214707145994,"violation"
314,60,"reverse",0.25432432379694,0.710899562289484,0.339934634239519,0.498887651569859,0.724968350556311,0.0140687882668266,"violation in reverse orientation",1,0.0782758620689655,1,70,0.679232364913215,0.295810536031579,0.499795876701026,0.376883027379226,0.296616815026202,0.000806278994623821,"violation",1,60,0.25432432379694,0.710899562289484,0.339934634239519,0.498887651569859,0.724968350556311,0.0140687882668266,"violation"
315,50,"forward",0.612137383051339,0.302716065288689,0.493558507170123,0.366606055596467,0.358660168679154,0.0559441033904648,"violation in forward orientation",1,0.0782758620689655,1,50,0.612137383051339,0.302716065288689,0.493558507170123,0.366606055596467,0.358660168679154,0.0559441033904648,"violation at burn-in",1,90,0.369905994351297,0.589508511541965,0.429757324573638,0.496903994999953,0.599975911675777,0.0104674001338118,"violation"
316,50,"reverse",0.216786995012799,0.734021127930363,0.3,0.498397431775084,0.765562003955563,0.0315408760251999,"violation in reverse orientation",1,0.0782758620689655,1,90,0.589508511541965,0.369905994351297,0.496903994999953,0.429757324573638,0.379585296592797,0.00967930224149971,"violation",1,50,0.216786995012799,0.734021127930363,0.3,0.498397431775084,0.765562003955563,0.0315408760251999,"violation at burn-in"
317,100,"reverse",0.415857557760774,0.535880378407413,0.453762052181537,0.489897948556636,0.550282928754035,0.0144025503466219,"violation in reverse orientation",1,0.0782758620689655,1,160,0.610575889280711,0.302968040723733,0.5,0.409076704298839,0.360104096489395,0.0571360557656622,"violation",1,100,0.415857557760774,0.535880378407413,0.453762052181537,0.489897948556636,0.550282928754035,0.0144025503466219,"violation"
318,50,"reverse",0.216786995012799,0.633238465893974,0.3,0.496386945839634,0.765562003955563,0.132323538061589,"violation in reverse orientation",1,0.0782758620689655,1,100,0.716895688006175,0.249038993743375,0.493558507170123,0.357071421427142,0.261789189925827,0.0127501961824514,"violation",1,50,0.216786995012799,0.633238465893974,0.3,0.496386945839634,0.765562003955563,0.132323538061589,"violation at burn-in"
319,50,"forward",0.753238465893974,0.216786995012799,0.496386945839634,0.3,0.228182685256592,0.0113956902437922,"violation in forward orientation",1,0.0782758620689655,1,50,0.753238465893974,0.216786995012799,0.496386945839634,0.3,0.228182685256592,0.0113956902437922,"violation at burn-in",1,80,0.354108657851495,0.603815767828986,0.417582327212252,0.49749371855331,0.617059482171482,0.0132437143424964,"violation"
320,90,"forward",0.554753840420317,0.408536760814643,0.492035329455212,0.447903208238808,0.411723264167353,0.00318650335271087,"violation in forward orientation",1,0.0782758620689655,1,90,0.554753840420317,0.408536760814643,0.492035329455212,0.447903208238808,0.411723264167353,0.00318650335271087,"violation",1,270,0.430409068023717,0.534021639496706,0.476383264912993,0.49730411767804,0.53454662083915,0.000524981342443831,"violation"
321,50,"forward",0.612137383051339,0.275078575707952,0.493558507170123,0.346987031457949,0.358660168679154,0.0835815929712017,"violation in forward orientation",1,0.0782758620689655,1,50,0.612137383051339,0.275078575707952,0.493558507170123,0.346987031457949,0.358660168679154,0.0835815929712017,"violation at burn-in",1,50,0.185611725055255,0.790712364249548,0.271293199325011,0.489897948556636,0.799275593714762,0.00856322946521393,"violation at burn-in"
322,60,"reverse",0.299311814729174,0.661196578770763,0.372677996249965,0.499722145018832,0.676317935799661,0.0151213570288984,"violation in reverse orientation",1,0.0782758620689655,1,170,0.722051841118494,0.251400563603788,0.48596210711348,0.376148759499957,0.257021247195103,0.00562068359131446,"violation",1,60,0.299311814729174,0.661196578770763,0.372677996249965,0.499722145018832,0.676317935799661,0.0151213570288984,"violation"
323,100,"reverse",0.427104455396434,0.525284595613564,0.458257569495584,0.487749935930288,0.538120298134679,0.0128357025211144,"violation in reverse orientation",1,0.0782758620689655,1,160,0.566401777618562,0.39447994677785,0.498082259772419,0.455478800275051,0.400952308324399,0.00647236154654918,"violation",1,100,0.427104455396434,0.525284595613564,0.458257569495584,0.487749935930288,0.538120298134679,0.0128357025211144,"violation"
324,160,"forward",0.672208614013715,0.273818275903645,0.496078370824611,0.3903123748999,0.303111742797776,0.0292934668941305,"violation in forward orientation",1,0.0782758620689655,1,160,0.672208614013715,0.273818275903645,0.496078370824611,0.3903123748999,0.303111742797776,0.0292934668941305,"violation",1,220,0.286399055012453,0.679987652969845,0.406659440842637,0.492484844755704,0.690282064557536,0.0102944115876913,"violation"
325,90,"reverse",0.343591528449175,0.600945650434495,0.415739709641549,0.498020774022555,0.628432926141562,0.0274872757070671,"violation in reverse orientation",1,0.0782758620689655,1,190,0.607140094127533,0.358717116809644,0.499972298401597,0.44313789178509,0.363281208217461,0.00456409140781716,"violation",1,90,0.343591528449175,0.600945650434495,0.415739709641549,0.498020774022555,0.628432926141562,0.0274872757070671,"violation"
326,80,"forward",0.691655263867034,0.276559731956136,0.498591766879478,0.368908864084343,0.285129244841395,0.00856951288525809,"violation in forward orientation",1,0.0782758620689655,1,80,0.691655263867034,0.276559731956136,0.498591766879478,0.368908864084343,0.285129244841395,0.00856951288525809,"violation",1,120,0.240672946732219,0.724402256602221,0.357071421427142,0.489897948556636,0.739731235581361,0.0153289789791397,"violation"
327,50,"reverse",0.302716065288689,0.633238465893974,0.366606055596467,0.496386945839634,0.672636507957744,0.0393980420637701,"violation in reverse orientation",1,0.0782758620689655,1,50,0.674489213358372,0.275078575707952,0.499599839871872,0.346987031457949,0.301002851376171,0.0259242756682184,"violation at burn-in",1,50,0.302716065288689,0.633238465893974,0.366606055596467,0.496386945839634,0.672636507957744,0.0393980420637701,"violation at burn-in"
328,50,"reverse",0.329560327676681,0.524410079701748,0.384187454245971,0.47370877129308,0.643606560477913,0.119196480776165,"violation in reverse orientation",1,0.0782758620689655,1,280,0.7242046079812,0.251734490506074,0.479157423749955,0.388875931109034,0.255030563658289,0.00329607315221542,"violation",1,50,0.329560327676681,0.524410079701748,0.384187454245971,0.47370877129308,0.643606560477913,0.119196480776165,"violation at burn-in"
329,50,"forward",0.654021127930363,0.246504271019468,0.498397431775085,0.324961536185438,0.319929880306935,0.0734256092874665,"violation in forward orientation",1,0.0782758620689655,1,50,0.654021127930363,0.246504271019468,0.498397431775085,0.324961536185438,0.319929880306935,0.0734256092874665,"violation at burn-in",1,60,0.321054517826778,0.644232895622817,0.386939558874797,0.498887651569859,0.652804921365882,0.00857202574306504,"violation"
330,60,"forward",0.661196578770763,0.277090389131333,0.499722145018832,0.357071421427142,0.313294674189333,0.036204285058,"violation in forward orientation",1,0.0782758620689655,1,60,0.661196578770763,0.277090389131333,0.499722145018832,0.357071421427142,0.313294674189333,0.036204285058,"violation",1,150,0.455216575972217,0.497743289169391,0.475908487935327,0.486986196473325,0.50771926226093,0.00997597309153975,"violation"
331,60,"forward",0.774366575369876,0.206777284463185,0.489897948556636,0.3,0.208645325951089,0.00186804148790362,"violation in forward orientation",1,0.0782758620689655,1,60,0.774366575369876,0.206777284463185,0.489897948556636,0.3,0.208645325951089,0.00186804148790362,"violation",1,80,0.32367253060101,0.616655263867034,0.4,0.498591766879478,0.649973747529217,0.0333184836621829,"violation"
332,50,"forward",0.612137383051339,0.185611725055255,0.493558507170123,0.271293199325011,0.358660168679154,0.173048443623899,"violation in forward orientation",1,0.0782758620689655,1,50,0.612137383051339,0.185611725055255,0.493558507170123,0.271293199325011,0.358660168679154,0.173048443623899,"violation at burn-in",1,320,0.435934074839051,0.526202812370107,0.479817266649503,0.497169723912267,0.528571762772399,0.0023689504022919,"violation"
333,50,"forward",0.546859192020479,0.302716065288689,0.48,0.366606055596467,0.419023518956083,0.116307453667394,"violation in forward orientation",1,0.0782758620689655,1,50,0.546859192020479,0.302716065288689,0.48,0.366606055596467,0.419023518956083,0.116307453667394,"violation at burn-in",1,70,0.277251743648749,0.636172957540227,0.363935405795914,0.499183005990176,0.700174158615921,0.0640012010756943,"violation"
334,50,"forward",0.753238465893974,0.216786995012799,0.496386945839634,0.3,0.228182685256592,0.0113956902437922,"violation in forward orientation",1,0.0782758620689655,1,50,0.753238465893974,0.216786995012799,0.496386945839634,0.3,0.228182685256592,0.0113956902437922,"violation at burn-in",1,140,0.327572698663508,0.632120795068619,0.419912527334259,0.499795876701026,0.645756024114791,0.013635229046172,"violation"
335,50,"reverse",0.329560327676681,0.633238465893974,0.384187454245971,0.496386945839634,0.643606560477913,0.0103680945839392,"violation in reverse orientation",1,0.0782758620689655,1,160,0.566401777618562,0.387592559593228,0.498082259772419,0.452596674755792,0.400952308324399,0.0133597487311706,"violation",1,50,0.329560327676681,0.633238465893974,0.384187454245971,0.496386945839634,0.643606560477913,0.0103680945839392,"violation at burn-in"
336,60,"reverse",0.34236971261758,0.609706494609077,0.4,0.495535624910617,0.629754223367336,0.020047728758259,"violation in reverse orientation",1,0.0782758620689655,1,90,0.78418865915957,0.171968943105426,0.478681316189734,0.28458329944146,0.199562753733878,0.0275938106284526,"violation",1,60,0.34236971261758,0.609706494609077,0.4,0.495535624910617,0.629754223367336,0.020047728758259,"violation"
337,50,"forward",0.714489213358372,0.216786995012799,0.499599839871872,0.3,0.264014479410782,0.0472274843979824,"violation in forward orientation",1,0.0782758620689655,1,50,0.714489213358372,0.216786995012799,0.499599839871872,0.3,0.264014479410782,0.0472274843979824,"violation at burn-in",1,130,0.333707961152927,0.629838556737926,0.421325044234743,0.499940824900674,0.639121222783,0.00928266604507377,"violation"
338,50,"forward",0.381261936620275,0.478395081610861,0.41424630354416,0.458257569495584,0.587695357906497,0.109300276295635,"violation in forward orientation",1,0.0782758620689655,1,50,0.381261936620275,0.478395081610861,0.41424630354416,0.458257569495584,0.587695357906497,0.109300276295635,"violation at burn-in",1,90,0.330249254092939,0.600945650434495,0.408097059382377,0.498020774022555,0.642861541024877,0.0419158905903828,"violation"
339,90,"forward",0.657042967008405,0.261362863693741,0.499876527964533,0.362433476228891,0.317135557610981,0.0557726939172396,"violation in forward orientation",1,0.0782758620689655,1,90,0.657042967008405,0.261362863693741,0.499876527964533,0.362433476228891,0.317135557610981,0.0557726939172396,"violation",1,190,0.387638346168515,0.570100229726782,0.455924375320162,0.499001773627211,0.580799775095545,0.0106995453687632,"violation"
340,50,"reverse",0.152451248673278,0.753238465893974,0.237486841740758,0.496386945839634,0.835136027272645,0.081897561378671,"violation in reverse orientation",1,0.0782758620689655,1,50,0.790712364249548,0.185611725055255,0.489897948556636,0.271293199325011,0.193530222972363,0.00791849791710783,"violation at burn-in",1,50,0.152451248673278,0.753238465893974,0.237486841740758,0.496386945839634,0.835136027272645,0.081897561378671,"violation at burn-in"
341,50,"forward",0.612137383051339,0.355715993350399,0.493558507170123,0.4,0.358660168679154,0.00294417532875463,"violation in forward orientation",1,0.0782758620689655,1,50,0.612137383051339,0.355715993350399,0.493558507170123,0.4,0.358660168679154,0.00294417532875463,"violation at burn-in",1,170,0.201524382665736,0.771563616971373,0.335655120416167,0.469999631892663,0.782067312555081,0.010503695583708,"violation"
342,50,"forward",0.910755917550709,0.0745005976726398,0.438634243989226,0.14,0.0825248329336046,0.00802423526096481,"violation in forward orientation",1,0.0782758620689655,1,50,0.910755917550709,0.0745005976726398,0.438634243989226,0.14,0.0825248329336046,0.00802423526096481,"violation at burn-in",1,90,0.289392299544533,0.678976500805676,0.382325567424117,0.498887651569859,0.687045107240376,0.00806860643469998,"violation"
343,100,"forward",0.618571340202755,0.322972911087052,0.499599839871872,0.407308237088326,0.352710628671006,0.0297377175839536,"violation in forward orientation",1,0.0782758620689655,1,100,0.618571340202755,0.322972911087052,0.499599839871872,0.407308237088326,0.352710628671006,0.0297377175839536,"violation",1,180,0.346746223030849,0.621143543146388,0.436173031697567,0.499722145018832,0.625021373359919,0.00387783021353072,"violation"
344,90,"forward",0.753429237782545,0.217843543370117,0.487498021521785,0.327542288288526,0.228006276717217,0.0101627333471,"violation in forward orientation",1,0.0782758620689655,1,90,0.753429237782545,0.217843543370117,0.487498021521785,0.327542288288526,0.228006276717217,0.0101627333471,"violation",1,100,0.567316518042841,0.393138664440465,0.495075751779463,0.443959457608462,0.400106439347774,0.00696777490730904,"violation"
345,90,"forward",0.689834539323383,0.275464716989807,0.498020774022555,0.372677996249965,0.286812885758071,0.0113481687682642,"violation in forward orientation",1,0.0782758620689655,1,90,0.689834539323383,0.275464716989807,0.498020774022555,0.372677996249965,0.286812885758071,0.0113481687682642,"violation",1,160,0.401344476533183,0.553623923094054,0.458257569495584,0.49682586235018,0.565977678705368,0.0123537556113141,"violation"
346,90,"forward",0.71133125754252,0.261362863693741,0.495535624910617,0.362433476228891,0.266934670519957,0.00557180682621539,"violation in forward orientation",1,0.0782758620689655,1,90,0.71133125754252,0.261362863693741,0.495535624910617,0.362433476228891,0.266934670519957,0.00557180682621539,"violation",1,100,0.370102421252595,0.587987176577287,0.433012701892219,0.49749371855331,0.599763491511427,0.0117763149341406,"violation"
347,50,"reverse",0.275078575707952,0.674489213358372,0.346987031457949,0.499599839871872,0.702524267934418,0.0280350545760453,"violation in reverse orientation",1,0.0782758620689655,1,180,0.593398042201065,0.371420872502494,0.499876527964533,0.447903208238808,0.375988611423058,0.00456773892056311,"violation",1,50,0.275078575707952,0.674489213358372,0.346987031457949,0.499599839871872,0.702524267934418,0.0280350545760453,"violation at burn-in"
348,90,"forward",0.645967901805191,0.275464716989807,0.5,0.372677996249965,0.327376773392916,0.0519120564031086,"violation in forward orientation",1,0.0782758620689655,1,90,0.645967901805191,0.275464716989807,0.5,0.372677996249965,0.327376773392916,0.0519120564031086,"violation",1,90,0.330249254092939,0.634820744786183,0.408097059382377,0.499876527964533,0.642861541024877,0.00804079623869491,"violation"
349,50,"reverse",0.246504271019468,0.61213738305134,0.324961536185438,0.493558507170123,0.733425119386027,0.121287736334688,"violation in reverse orientation",1,0.0782758620689655,1,80,0.715878168740764,0.227252112493843,0.496078370824611,0.330718913883074,0.262730099452601,0.0354779869587579,"violation",1,50,0.246504271019468,0.61213738305134,0.324961536185438,0.493558507170123,0.733425119386027,0.121287736334688,"violation at burn-in"
350,90,"forward",0.689834539323383,0.232572423955049,0.498020774022555,0.339934634239519,0.286812885758071,0.0542404618030227,"violation in forward orientation",1,0.0782758620689655,1,90,0.689834539323383,0.232572423955049,0.498020774022555,0.339934634239519,0.286812885758071,0.0542404618030227,"violation",1,160,0.244084851419326,0.720240586751941,0.368908864084343,0.487179381747627,0.736041530405583,0.0158009436536419,"violation"
351,50,"reverse",0.329560327676681,0.524410079701748,0.384187454245971,0.47370877129308,0.643606560477913,0.119196480776165,"violation in reverse orientation",1,0.0782758620689655,1,80,0.616655263867034,0.354108657851495,0.498591766879478,0.417582327212252,0.354482442276498,0.000373784425003354,"violation",1,50,0.329560327676681,0.524410079701748,0.384187454245971,0.47370877129308,0.643606560477913,0.119196480776165,"violation at burn-in"
352,50,"reverse",0.329560327676681,0.478395081610861,0.384187454245971,0.458257569495584,0.643606560477913,0.165211478867051,"violation in reverse orientation",1,0.0782758620689655,1,50,0.654021127930363,0.275078575707952,0.498397431775085,0.346987031457949,0.319929880306935,0.0448513045989825,"violation at burn-in",1,50,0.329560327676681,0.478395081610861,0.384187454245971,0.458257569495584,0.643606560477913,0.165211478867051,"violation at burn-in"
353,60,"forward",0.644232895622817,0.321054517826778,0.498887651569859,0.386939558874797,0.328981149743813,0.00792663191703452,"violation in forward orientation",1,0.0782758620689655,1,60,0.644232895622817,0.321054517826778,0.498887651569859,0.386939558874797,0.328981149743813,0.00792663191703452,"violation",1,180,0.413921022826522,0.542640132739817,0.465176191231762,0.49625137994646,0.552377138184031,0.00973700544421385,"violation"
354,90,"reverse",0.395765536459536,0.566413277978533,0.442216638714053,0.493913572686508,0.57201086132705,0.00559758334851679,"violation in reverse orientation",1,0.0782758620689655,1,320,0.623223415511275,0.33270474568701,0.498082259772419,0.439992897669951,0.348408811372942,0.0157040656859323,"violation",1,90,0.395765536459536,0.566413277978533,0.442216638714053,0.493913572686508,0.57201086132705,0.00559758334851679,"violation"
355,60,"forward",0.774366575369876,0.206777284463185,0.489897948556636,0.3,0.208645325951089,0.00186804148790362,"violation in forward orientation",1,0.0782758620689655,1,60,0.774366575369876,0.206777284463185,0.489897948556636,0.3,0.208645325951089,0.00186804148790362,"violation",1,230,0.318539216963025,0.649007151499801,0.426552540659752,0.496795021116024,0.655525020391713,0.00651786889191264,"violation"
356,50,"forward",0.734021127930363,0.152451248673278,0.498397431775084,0.237486841740758,0.245953136376157,0.093501887702879,"violation in forward orientation",1,0.0782758620689655,1,50,0.734021127930363,0.152451248673278,0.498397431775084,0.237486841740758,0.245953136376157,0.093501887702879,"violation at burn-in",1,180,0.32803729666281,0.632151301318657,0.426404722833039,0.499227798766984,0.645253598109411,0.0131022967907539,"violation"
357,50,"reverse",0.275078575707952,0.590712364249548,0.346987031457949,0.489897948556636,0.702524267934418,0.111811903684869,"violation in reverse orientation",1,0.0782758620689655,1,100,0.800420391058284,0.183209398288614,0.47021271782035,0.3,0.184553120306076,0.00134372201746163,"violation",1,50,0.275078575707952,0.590712364249548,0.346987031457949,0.489897948556636,0.702524267934418,0.111811903684869,"violation at burn-in"
358,50,"reverse",0.216786995012799,0.753238465893974,0.3,0.496386945839634,0.765562003955563,0.0123235380615891,"violation in reverse orientation",1,0.0782758620689655,1,190,0.586042294319261,0.370332291562764,0.499750630335546,0.448481587216267,0.382790539891452,0.0124582483286882,"violation",1,50,0.216786995012799,0.753238465893974,0.3,0.496386945839634,0.765562003955563,0.0123235380615891,"violation at burn-in"
359,50,"forward",0.633238465893974,0.302716065288689,0.496386945839634,0.366606055596467,0.339147801152758,0.0364317358640688,"violation in forward orientation",1,0.0782758620689655,1,50,0.633238465893974,0.302716065288689,0.496386945839634,0.366606055596467,0.339147801152758,0.0364317358640688,"violation at burn-in",1,50,0.4062591846095,0.546859192020479,0.427083130081252,0.48,0.560662810474978,0.0138036184544992,"violation at burn-in"
360,80,"reverse",0.338978878076396,0.629397303997039,0.409076704298839,0.499374608885954,0.633421142846093,0.004023838849054,"violation in reverse orientation",1,0.0782758620689655,1,110,0.659497428436184,0.305937471255794,0.499255644281672,0.4,0.314865894304346,0.00892842304855229,"violation",1,80,0.338978878076396,0.629397303997039,0.409076704298839,0.499374608885954,0.633421142846093,0.004023838849054,"violation"
361,80,"forward",0.679397303997039,0.260399815732986,0.499374608885954,0.357071421427142,0.2964642943216,0.0360644785886141,"violation in forward orientation",1,0.0782758620689655,1,80,0.679397303997039,0.260399815732986,0.499374608885954,0.357071421427142,0.2964642943216,0.0360644785886141,"violation",1,180,0.449720003515,0.508208733407478,0.476969600708473,0.490999233108953,0.513663370817382,0.00545463740990437,"violation"
362,50,"reverse",0.302716065288689,0.633238465893974,0.366606055596467,0.496386945839634,0.672636507957744,0.0393980420637701,"violation in reverse orientation",1,0.0782758620689655,1,90,0.623601442490623,0.316774321444153,0.499505928733089,0.4,0.348059246309816,0.0312849248656628,"violation",1,50,0.302716065288689,0.633238465893974,0.366606055596467,0.496386945839634,0.672636507957744,0.0393980420637701,"violation at burn-in"
363,80,"forward",0.629397303997039,0.32367253060101,0.499374608885954,0.4,0.342699759278336,0.0190272286773262,"violation in forward orientation",1,0.0782758620689655,1,80,0.629397303997039,0.32367253060101,0.499374608885954,0.4,0.342699759278336,0.0190272286773262,"violation",1,90,0.316774321444153,0.61230983413901,0.4,0.498887651569859,0.657433615363694,0.0451237812246844,"violation"
364,90,"reverse",0.343591528449175,0.566413277978533,0.415739709641549,0.493913572686508,0.628432926141562,0.0620196481630289,"violation in reverse orientation",1,0.0782758620689655,1,90,0.689834539323383,0.247071505072811,0.498020774022555,0.351539822656808,0.286812885758071,0.0397413806852602,"violation",1,90,0.343591528449175,0.566413277978533,0.415739709641549,0.493913572686508,0.628432926141562,0.0620196481630289,"violation"
365,90,"forward",0.668045886935067,0.275464716989807,0.499505928733089,0.372677996249965,0.306961055237161,0.0314963382473544,"violation in forward orientation",1,0.0782758620689655,1,90,0.668045886935067,0.275464716989807,0.499505928733089,0.372677996249965,0.306961055237161,0.0314963382473544,"violation",1,120,0.489036544317841,0.471119296036274,0.481894409826699,0.476969600708473,0.472492658987303,0.00137336295102924,"violation"
366,50,"forward",0.772137383051339,0.152451248673278,0.493558507170123,0.237486841740758,0.210706680817599,0.0582554321443206,"violation in forward orientation",1,0.0782758620689655,1,50,0.772137383051339,0.152451248673278,0.493558507170123,0.237486841740758,0.210706680817599,0.0582554321443206,"violation at burn-in",1,180,0.365280019289988,0.604534967602631,0.44510367775454,0.5,0.604978537977511,0.000443570374879965,"violation"
367,110,"forward",0.586418960663303,0.380327651765267,0.497929597731969,0.440604393311005,0.382442233020445,0.00211458125517888,"violation in forward orientation",1,0.0782758620689655,1,110,0.586418960663303,0.380327651765267,0.497929597731969,0.440604393311005,0.382442233020445,0.00211458125517888,"violation",1,160,0.359805211874103,0.604317250201883,0.439992897669951,0.499960935974002,0.610899109362494,0.00658185916061049,"violation"
368,50,"reverse",0.246504271019468,0.654021127930363,0.324961536185438,0.498397431775084,0.733425119386027,0.0794039914556643,"violation in reverse orientation",1,0.0782758620689655,1,170,0.619155668869052,0.34633220374292,0.499861572533338,0.43469752439629,0.35217029451953,0.00583809077661035,"violation",1,50,0.246504271019468,0.654021127930363,0.324961536185438,0.498397431775084,0.733425119386027,0.0794039914556643,"violation at burn-in"
369,70,"reverse",0.349704765490709,0.621549582751732,0.410325903324145,0.498159879261791,0.621821943590338,0.000272360838606156,"violation in reverse orientation",1,0.0782758620689655,1,250,0.585502848144214,0.373393327523893,0.499983999743992,0.454682306671372,0.383289370785901,0.00989604326200849,"violation",1,70,0.349704765490709,0.621549582751732,0.410325903324145,0.498159879261791,0.621821943590338,0.000272360838606156,"violation"
370,90,"forward",0.600945650434495,0.356808336031459,0.498020774022555,0.422952584681651,0.36900926790338,0.0122009318719204,"violation in forward orientation",1,0.0782758620689655,1,90,0.600945650434495,0.356808336031459,0.498020774022555,0.422952584681651,0.36900926790338,0.0122009318719204,"violation",1,230,0.404043470317428,0.562474682476563,0.465461130785602,0.499072864427191,0.563058930308687,0.000584247832124518,"violation"
371,130,"forward",0.52775317532658,0.420456037036493,0.49140542319029,0.461538461538462,0.436691030262355,0.016234993225862,"violation in forward orientation",1,0.0782758620689655,1,130,0.52775317532658,0.420456037036493,0.49140542319029,0.461538461538462,0.436691030262355,0.016234993225862,"violation",1,150,0.235516057639575,0.73071173515061,0.360308509783244,0.485386443980464,0.745308003434209,0.0145962682835989,"violation"
372,100,"forward",0.648654591240726,0.322972911087052,0.499899989998,0.407308237088326,0.32489236668799,0.00191945560093759,"violation in forward orientation",1,0.0782758620689655,1,100,0.648654591240726,0.322972911087052,0.499899989998,0.407308237088326,0.32489236668799,0.00191945560093759,"violation",1,110,0.338260821129089,0.632421839069742,0.419070202604222,0.5,0.634197664665414,0.00177582559567124,"violation"
373,50,"forward",0.56895608070809,0.355715993350399,0.485386443980464,0.4,0.398590320504705,0.0428743271543055,"violation in forward orientation",1,0.0782758620689655,1,50,0.56895608070809,0.355715993350399,0.485386443980464,0.4,0.398590320504705,0.0428743271543055,"violation at burn-in",1,60,0.277090389131333,0.644232895622817,0.357071421427142,0.498887651569859,0.700348650769906,0.0561157551470889,"violation"
374,50,"reverse",0.216786995012799,0.694644991687999,0.3,0.5,0.765562003955563,0.0709170122675638,"violation in reverse orientation",1,0.0782758620689655,1,60,0.53818458826428,0.424062306087747,0.481894409826699,0.442216638714053,0.427045005715749,0.00298269962800213,"violation",1,50,0.216786995012799,0.694644991687999,0.3,0.5,0.765562003955563,0.0709170122675638,"violation at burn-in"
375,60,"forward",0.644232895622817,0.299311814729174,0.498887651569859,0.372677996249965,0.328981149743813,0.0296693350146385,"violation in forward orientation",1,0.0782758620689655,1,60,0.644232895622817,0.299311814729174,0.498887651569859,0.372677996249965,0.328981149743813,0.0296693350146385,"violation",1,70,0.367154334451918,0.59189294941248,0.419912527334259,0.494871659305394,0.602951614312221,0.0110586648997407,"violation"
376,50,"reverse",0.216786995012799,0.694644991687999,0.3,0.5,0.765562003955563,0.0709170122675638,"violation in reverse orientation",1,0.0782758620689655,1,100,0.668432477215472,0.298810407487868,0.499099188538711,0.392300904918661,0.306603571609916,0.00779316412204739,"violation",1,50,0.216786995012799,0.694644991687999,0.3,0.5,0.765562003955563,0.0709170122675638,"violation at burn-in"
377,60,"forward",0.592139703863035,0.34236971261758,0.493006648591635,0.4,0.377152208585692,0.0347824959681117,"violation in forward orientation",1,0.0782758620689655,1,60,0.592139703863035,0.34236971261758,0.493006648591635,0.4,0.377152208585692,0.0347824959681117,"violation",1,100,0.449383999631982,0.493135037261782,0.466476151587624,0.48,0.514026732452583,0.0208916951908003,"violation"
378,70,"forward",0.621549582751732,0.332011213630856,0.498159879261791,0.4,0.349956620090888,0.0179454064600318,"violation in forward orientation",1,0.0782758620689655,1,70,0.621549582751732,0.332011213630856,0.498159879261791,0.4,0.349956620090888,0.0179454064600318,"violation",1,110,0.359431711356376,0.604951973890729,0.430356377401623,0.499255644281672,0.611303020643668,0.0063510467529394,"violation"
379,50,"reverse",0.275078575707952,0.654021127930363,0.346987031457949,0.498397431775084,0.702524267934418,0.0485031400040548,"violation in reverse orientation",1,0.0782758620689655,1,110,0.729746374608727,0.238827444645879,0.489897948556636,0.352558535084824,0.24990604052418,0.0110785958783015,"violation",1,50,0.275078575707952,0.654021127930363,0.346987031457949,0.498397431775084,0.702524267934418,0.0485031400040548,"violation at burn-in"
380,60,"reverse",0.277090389131333,0.661196578770763,0.357071421427142,0.499722145018832,0.700348650769906,0.0391520719991435,"violation in reverse orientation",1,0.0782758620689655,1,110,0.746851440774935,0.215539360174888,0.485832335123178,0.333278232360425,0.234088826777973,0.0185494666030852,"violation",1,60,0.277090389131333,0.661196578770763,0.357071421427142,0.499722145018832,0.700348650769906,0.0391520719991435,"violation"
381,50,"forward",0.633238465893974,0.246504271019468,0.496386945839634,0.324961536185438,0.339147801152758,0.0926435301332897,"violation in forward orientation",1,0.0782758620689655,1,50,0.633238465893974,0.246504271019468,0.496386945839634,0.324961536185438,0.339147801152758,0.0926435301332897,"violation at burn-in",1,50,0.355715993350399,0.61213738305134,0.4,0.493558507170123,0.615321275904487,0.00318389285314791,"violation at burn-in"
382,50,"reverse",0.478395081610861,0.454790769027509,0.458257569495584,0.448998886412873,0.482653540892785,0.027862771865276,"violation in reverse orientation",1,0.0782758620689655,1,100,0.668432477215472,0.298810407487868,0.499099188538711,0.392300904918661,0.306603571609916,0.00779316412204739,"violation",1,50,0.478395081610861,0.454790769027509,0.458257569495584,0.448998886412873,0.482653540892785,0.027862771865276,"violation at burn-in"
383,70,"forward",0.851237844761596,0.133747440669977,0.458257569495584,0.232115382989599,0.137561748308275,0.00381430763829751,"violation in forward orientation",1,0.0782758620689655,1,70,0.851237844761596,0.133747440669977,0.458257569495584,0.232115382989599,0.137561748308275,0.00381430763829751,"violation",1,90,0.303158498150334,0.645967901805191,0.391420332306856,0.5,0.672158051796376,0.0261901499911851,"violation"
384,60,"reverse",0.443718815890873,0.482234168322183,0.450616861153192,0.465176191231762,0.520153180782246,0.0379190124600631,"violation in reverse orientation",1,0.0782758620689655,1,70,0.734750092269623,0.239040057693904,0.494871659305394,0.334724986110285,0.245279056272906,0.00623899857900162,"violation",1,60,0.443718815890873,0.482234168322183,0.450616861153192,0.465176191231762,0.520153180782246,0.0379190124600631,"violation"
385,50,"reverse",0.246504271019468,0.633238465893974,0.324961536185438,0.496386945839634,0.733425119386027,0.100186653492054,"violation in reverse orientation",1,0.0782758620689655,1,90,0.600945650434495,0.356808336031459,0.498020774022555,0.422952584681651,0.36900926790338,0.0122009318719204,"violation",1,50,0.246504271019468,0.633238465893974,0.324961536185438,0.496386945839634,0.733425119386027,0.100186653492054,"violation at burn-in"
386,60,"forward",0.758806370529702,0.206777284463185,0.493006648591635,0.3,0.223033992063239,0.0162567076000534,"violation in forward orientation",1,0.0782758620689655,1,60,0.758806370529702,0.206777284463185,0.493006648591635,0.3,0.223033992063239,0.0162567076000534,"violation",1,80,0.292478733192347,0.679397303997039,0.379967103839267,0.499374608885954,0.683707373262031,0.00431006926499222,"violation"
387,80,"reverse",0.137340883031412,0.808698556974645,0.242061459137964,0.472857007984443,0.851476693097034,0.0427781361223895,"violation in reverse orientation",1,0.0782758620689655,1,130,0.503478792009515,0.445720040334105,0.48650425541052,0.470490113334555,0.459137778246405,0.0134177379123002,"violation",1,80,0.137340883031412,0.808698556974645,0.242061459137964,0.472857007984443,0.851476693097034,0.0427781361223895,"violation"
388,160,"forward",0.629248113255807,0.33870010349401,0.499648313816829,0.42934361238989,0.342837717344098,0.00413761385008782,"violation in forward orientation",1,0.0782758620689655,1,160,0.629248113255807,0.33870010349401,0.499648313816829,0.42934361238989,0.342837717344098,0.00413761385008782,"violation",1,170,0.244393758505233,0.733172066877688,0.370914888716105,0.482962312355436,0.735707471814201,0.00253540493651294,"violation"
389,50,"reverse",0.275078575707952,0.590712364249548,0.346987031457949,0.489897948556636,0.702524267934418,0.111811903684869,"violation in reverse orientation",1,0.0782758620689655,1,90,0.61230983413901,0.275464716989807,0.498887651569859,0.372677996249965,0.358500701554739,0.0830359845649321,"violation",1,50,0.275078575707952,0.590712364249548,0.346987031457949,0.489897948556636,0.702524267934418,0.111811903684869,"violation at burn-in"
390,60,"reverse",0.299311814729174,0.644232895622817,0.372677996249965,0.498887651569859,0.676317935799661,0.0320850401768438,"violation in reverse orientation",1,0.0782758620689655,1,190,0.659092032824545,0.3115804814927,0.496636888929914,0.418445878111599,0.315240767396257,0.00366028590355694,"violation",1,60,0.299311814729174,0.644232895622817,0.372677996249965,0.498887651569859,0.676317935799661,0.0320850401768438,"violation"
391,50,"forward",0.861594493296846,0.0745005976726398,0.466476151587624,0.14,0.127984859099859,0.0534842614272196,"violation in forward orientation",1,0.0782758620689655,1,50,0.861594493296846,0.0745005976726398,0.466476151587624,0.14,0.127984859099859,0.0534842614272196,"violation at burn-in",1,140,0.431537353493532,0.515501481774093,0.467024886807929,0.489897948556636,0.53332646930518,0.017824987531087,"violation"
392,90,"forward",0.774015565121441,0.171968943105426,0.481894409826699,0.28458329944146,0.208969908391907,0.0370009652864819,"violation in forward orientation",1,0.0782758620689655,1,90,0.774015565121441,0.171968943105426,0.481894409826699,0.28458329944146,0.208969908391907,0.0370009652864819,"violation",1,170,0.223148032597133,0.749728225426273,0.354164546435068,0.477884612037409,0.758683044708277,0.00895481928200426,"violation"
393,50,"reverse",0.275078575707952,0.674489213358372,0.346987031457949,0.499599839871872,0.702524267934418,0.0280350545760453,"violation in reverse orientation",1,0.0782758620689655,1,130,0.559693473732081,0.394860794489534,0.496198566857543,0.451231057724999,0.40715553930965,0.0122947448201155,"violation",1,50,0.275078575707952,0.674489213358372,0.346987031457949,0.499599839871872,0.702524267934418,0.0280350545760453,"violation at burn-in"
394,60,"reverse",0.363298063516486,0.592139703863035,0.411973569810276,0.493006648591635,0.607121866454208,0.0149821625911731,"violation in reverse orientation",1,0.0782758620689655,1,80,0.629397303997039,0.338978878076396,0.499374608885954,0.409076704298839,0.342699759278336,0.00372088120193986,"violation",1,60,0.363298063516486,0.592139703863035,0.411973569810276,0.493006648591635,0.607121866454208,0.0149821625911731,"violation"
395,80,"reverse",0.260399815732986,0.703815767828986,0.357071421427142,0.49749371855331,0.718398186352565,0.0145824185235788,"violation in reverse orientation",1,0.0782758620689655,1,170,0.595626257104346,0.372558896878605,0.499861572533338,0.447252280124009,0.373928160381523,0.00136926350291861,"violation",1,80,0.260399815732986,0.703815767828986,0.357071421427142,0.49749371855331,0.718398186352565,0.0145824185235788,"violation"
396,110,"reverse",0.369912791387257,0.595707531877815,0.435605401844034,0.498675932796454,0.599968561218756,0.0042610293409413,"violation in reverse orientation",1,0.0782758620689655,1,140,0.660306510393101,0.311026780427886,0.498159879261791,0.410325903324145,0.314117728695023,0.00309094826713635,"violation",1,110,0.369912791387257,0.595707531877815,0.435605401844034,0.498675932796454,0.599968561218756,0.0042610293409413,"violation"
397,50,"forward",0.714489213358372,0.216786995012799,0.499599839871872,0.3,0.264014479410782,0.0472274843979824,"violation in forward orientation",1,0.0782758620689655,1,50,0.714489213358372,0.216786995012799,0.499599839871872,0.3,0.264014479410782,0.0472274843979824,"violation at burn-in",1,160,0.213659018315615,0.75548267551641,0.344374432848898,0.476969600708473,0.768944663457432,0.0134619879410224,"violation"
398,160,"forward",0.714300453905321,0.205927109800452,0.488580533279827,0.337673566481002,0.264189027032318,0.0582619172318655,"violation in forward orientation",1,0.0782758620689655,1,160,0.714300453905321,0.205927109800452,0.488580533279827,0.337673566481002,0.264189027032318,0.0582619172318655,"violation",1,180,0.395807880361763,0.565329413066226,0.458257569495584,0.498485360187225,0.571965069744477,0.00663565667825128,"violation"
399,100,"forward",0.800420391058284,0.15524714625209,0.47021271782035,0.271293199325011,0.184553120306076,0.0293059740539851,"violation in forward orientation",1,0.0782758620689655,1,100,0.800420391058284,0.15524714625209,0.47021271782035,0.271293199325011,0.184553120306076,0.0293059740539851,"violation",1,160,0.415006592849108,0.514864781968424,0.463512405443479,0.491132301421928,0.551203180029179,0.0363383980607559,"violation"
400,50,"forward",0.694644991687999,0.275078575707952,0.5,0.346987031457949,0.282364615723467,0.00728604001551447,"violation in forward orientation",1,0.0782758620689655,1,50,0.694644991687999,0.275078575707952,0.5,0.346987031457949,0.282364615723467,0.00728604001551447,"violation at burn-in",1,210,0.389052386099109,0.568433925497206,0.458257569495584,0.499183005990176,0.579270602703835,0.0108366772066297,"violation"
