"trial","stopped_at_n","selected_direction","T1_","T2_","s1","s2","beta_allowed","margin","reason","violation","eps","fwd_violation","fwd_stopped_at_n","fwd_T1_","fwd_T2_","fwd_s1","fwd_s2","fwd_beta_allowed","fwd_margin","fwd_reason","rev_violation","rev_stopped_at_n","rev_T1_","rev_T2_","rev_s1","rev_s2","rev_beta_allowed","rev_margin","rev_reason"
1,2660,"forward",0.273155749927772,0.597949173540503,0.430598687647597,0.495552467746754,0.598358706143349,0.000409532602846041,"violation in forward orientation",1,0.38551724137931,1,2660,0.273155749927772,0.597949173540503,0.430598687647597,0.495552467746754,0.598358706143349,0.000409532602846041,"violation",1,4230,0.586481412907332,0.281046727627338,0.496323803735151,0.437620261626041,0.281233482448359,0.000186754821020985,"violation"
2,780,"forward",0.51088325996381,0.328746658709281,0.498206843762305,0.449374976853947,0.332647693278514,0.00390103456923258,"violation in forward orientation",1,0.38551724137931,1,780,0.51088325996381,0.328746658709281,0.498206843762305,0.449374976853947,0.332647693278514,0.00390103456923258,"violation",1,1390,0.627311476874749,0.253101727505241,0.492490578202822,0.413368048126665,0.25346500616564,0.000363278660399091,"violation"
3,130,"reverse",0.333707961152927,0.503478792009515,0.421325044234743,0.48650425541052,0.509324268944853,0.00584547693533866,"violation in reverse orientation",1,0.38551724137931,1,820,0.301688215460995,0.554664205115796,0.436476345565202,0.499994051124635,0.556405291738879,0.00174108662308303,"violation",1,130,0.333707961152927,0.503478792009515,0.421325044234743,0.48650425541052,0.509324268944853,0.00584547693533866,"violation"
4,1680,"reverse",0.54791762237499,0.306819283181708,0.499909288823637,0.445306526444797,0.307460668955429,0.00064138577372097,"violation in reverse orientation",1,0.38551724137931,1,2730,0.246125745057972,0.637944991538726,0.414345302632838,0.488345296026754,0.638102940455563,0.000157948916837958,"violation",1,1680,0.54791762237499,0.306819283181708,0.499909288823637,0.445306526444797,0.307460668955429,0.00064138577372097,"violation"
5,1390,"reverse",0.547358045988088,0.302212014158516,0.499966874323216,0.441581889912483,0.307841236167875,0.00562922200935922,"violation in reverse orientation",1,0.38551724137931,1,3860,0.313215485613366,0.539329662088482,0.453111992926298,0.49985171899908,0.53945588576863,0.000126223680147586,"violation",1,1390,0.547358045988088,0.302212014158516,0.499966874323216,0.441581889912483,0.307841236167875,0.00562922200935922,"violation"
6,2770,"forward",0.299568760474236,0.55819111286336,0.444908464243314,0.499266362165211,0.559521684651632,0.00133057178827167,"violation in forward orientation",1,0.38551724137931,1,2770,0.299568760474236,0.55819111286336,0.444908464243314,0.499266362165211,0.559521684651632,0.00133057178827167,"violation",1,2900,0.49878802428682,0.340754298361103,0.498992564145532,0.463477523707638,0.340873648185134,0.000119349824031112,"violation"
7,2350,"forward",0.280000350734064,0.588057747314232,0.433625164352579,0.496977555640415,0.58829457853667,0.000236831222437561,"violation in forward orientation",1,0.38551724137931,1,2350,0.280000350734064,0.588057747314232,0.433625164352579,0.496977555640415,0.58829457853667,0.000236831222437561,"violation",1,2400,0.582080919960438,0.283831825429405,0.497576766829892,0.43586121644395,0.284226252288877,0.00039442685947122,"violation"
8,1110,"forward",0.305286064060529,0.550304539249102,0.44126122447478,0.499979709027445,0.551115106315364,0.000810567066262258,"violation in forward orientation",1,0.38551724137931,1,1110,0.305286064060529,0.550304539249102,0.44126122447478,0.499979709027445,0.551115106315364,0.000810567066262258,"violation",1,2050,0.552375670258935,0.303639024163451,0.499708421823333,0.445089808395093,0.304428756073017,0.000789731909565439,"violation"
9,60,"reverse",0.299311814729174,0.53818458826428,0.372677996249965,0.481894409826699,0.559899491165039,0.0217149029007591,"violation in reverse orientation",1,0.38551724137931,1,2660,0.252053531162513,0.628822640295251,0.417953146156009,0.490352974816927,0.629386873957374,0.000564233662122549,"violation",1,60,0.299311814729174,0.53818458826428,0.372677996249965,0.481894409826699,0.559899491165039,0.0217149029007591,"violation"
10,750,"reverse",0.552976382722434,0.301989462647152,0.499998222219062,0.435673680127175,0.304020212265475,0.00203074961832223,"violation in reverse orientation",1,0.38551724137931,1,3120,0.307097434484016,0.548230434527009,0.449218470846467,0.499654301926109,0.54845171313863,0.000221278611620912,"violation",1,750,0.552976382722434,0.301989462647152,0.499998222219062,0.435673680127175,0.304020212265475,0.00203074961832223,"violation"
11,430,"forward",0.319106686382334,0.527554026470954,0.437611146354543,0.498244620101661,0.530793613420919,0.00323958694996418,"violation in forward orientation",1,0.38551724137931,1,430,0.319106686382334,0.527554026470954,0.437611146354543,0.498244620101661,0.530793613420919,0.00323958694996418,"violation",1,1760,0.485177133434765,0.349164444206813,0.497260054683132,0.464198286371512,0.35013039831204,0.000965954105226596,"violation"
12,700,"forward",0.5114807059133,0.33027571334337,0.498034913947008,0.448998886412873,0.332241371023133,0.00196565767976303,"violation in forward orientation",1,0.38551724137931,1,700,0.5114807059133,0.33027571334337,0.498034913947008,0.448998886412873,0.332241371023133,0.00196565767976303,"violation",1,2100,0.494378047519256,0.343325523615522,0.49835898507455,0.462883352187596,0.343872867960425,0.000547344344902889,"violation"
13,430,"reverse",0.503949515666065,0.334094805451752,0.495741737399735,0.445037537687918,0.337363324246812,0.00326851879506035,"violation in reverse orientation",1,0.38551724137931,1,1780,0.277765459536613,0.590077117613236,0.430386581481115,0.497203389676417,0.591580705928864,0.00150358831562758,"violation",1,430,0.503949515666065,0.334094805451752,0.495741737399735,0.445037537687918,0.337363324246812,0.00326851879506035,"violation"
14,890,"reverse",0.620671355179769,0.257185951577186,0.494963906796938,0.411328042737889,0.257980944762958,0.000794993185771586,"violation in reverse orientation",1,0.38551724137931,1,900,0.2816556182007,0.582266027634582,0.426404722833039,0.498960648142779,0.585860715192574,0.00359468755799175,"violation",1,890,0.620671355179769,0.257185951577186,0.494963906796938,0.411328042737889,0.257980944762958,0.000794993185771586,"violation"
15,160,"forward",0.616817250201883,0.2365484833143,0.499960935974002,0.363092188706945,0.260602116817818,0.0240536335035178,"violation in forward orientation",1,0.38551724137931,1,160,0.616817250201883,0.2365484833143,0.499960935974002,0.363092188706945,0.260602116817818,0.0240536335035178,"violation",1,980,0.471229199718486,0.35915760102064,0.494108353895602,0.464230765979198,0.359616370876337,0.000458769855696983,"violation"
16,820,"reverse",0.612811603430616,0.261440297657698,0.496268047545751,0.413087142752514,0.263326352259958,0.00188605460226016,"violation in reverse orientation",1,0.38551724137931,1,960,0.313078459221752,0.538335450969676,0.443851465316821,0.499891481279243,0.539657365903077,0.00132191493340084,"violation",1,820,0.612811603430616,0.261440297657698,0.496268047545751,0.413087142752514,0.263326352259958,0.00188605460226016,"violation"
17,60,"reverse",0.383872428163307,0.424062306087747,0.422952584681651,0.442216638714053,0.435563707649673,0.0115014015619266,"violation in reverse orientation",1,0.38551724137931,1,4320,0.308360364830747,0.545814026459085,0.45139239077464,0.499603537948157,0.546594732355154,0.000780705896068823,"violation",1,60,0.383872428163307,0.424062306087747,0.422952584681651,0.442216638714053,0.435563707649673,0.0115014015619266,"violation"
18,820,"forward",0.349140642111341,0.483443674857986,0.458787878728345,0.495314152289893,0.486632445875218,0.00318877101723275,"violation in forward orientation",1,0.38551724137931,1,820,0.349140642111341,0.483443674857986,0.458787878728345,0.495314152289893,0.486632445875218,0.00318877101723275,"violation",1,1760,0.541632293998299,0.311575944499987,0.499984181051414,0.447934524597565,0.311735313053379,0.000159368553392492,"violation"
19,940,"reverse",0.526820219656848,0.320620280717766,0.499500656042665,0.447314809396354,0.321808986593952,0.00118870587618541,"violation in reverse orientation",1,0.38551724137931,1,960,0.374994886829697,0.44352607740477,0.469910600244581,0.489028941429396,0.448617019499927,0.00509094209515726,"violation",1,940,0.526820219656848,0.320620280717766,0.499500656042665,0.447314809396354,0.321808986593952,0.00118870587618541,"violation"
20,430,"reverse",0.52284537379026,0.321610214200119,0.497831968107155,0.438888413472947,0.324512274378705,0.00290206017858557,"violation in reverse orientation",1,0.38551724137931,1,1200,0.373376834641175,0.449336659578334,0.47081194641692,0.491052582610955,0.450996162441993,0.00165950286365829,"violation",1,430,0.52284537379026,0.321610214200119,0.497831968107155,0.438888413472947,0.324512274378705,0.00290206017858557,"violation"
21,1770,"forward",0.309867201954091,0.544342821183497,0.447152566786033,0.49995403408363,0.544379117227115,3.62960436175452e-05,"violation in forward orientation",1,0.38551724137931,1,1770,0.309867201954091,0.544342821183497,0.447152566786033,0.49995403408363,0.544379117227115,3.62960436175452e-05,"violation",1,4000,0.562197099809197,0.296333687489761,0.498738157754147,0.445245718676777,0.297749213916372,0.00141552642661114,"violation"
22,560,"forward",0.453248252826448,0.371689979073306,0.488385511827762,0.464230765979198,0.371845190740808,0.000155211667501765,"violation in forward orientation",1,0.38551724137931,1,560,0.453248252826448,0.371689979073306,0.488385511827762,0.464230765979198,0.371845190740808,0.000155211667501765,"violation",1,2740,0.579694472903249,0.285421744930899,0.497638276489777,0.437550146308274,0.285849271997109,0.000427527066209743,"violation"
23,100,"reverse",0.460420391058284,0.358457767577596,0.47021271782035,0.427083130081252,0.366967428351162,0.00850966077356596,"violation in reverse orientation",1,0.38551724137931,1,640,0.325366930008194,0.519012418690015,0.445723494549872,0.498471785654665,0.521588709806724,0.00257629111670932,"violation",1,100,0.460420391058284,0.358457767577596,0.47021271782035,0.427083130081252,0.366967428351162,0.00850966077356596,"violation"
24,2470,"reverse",0.537537904816393,0.313691378459082,0.499976396367912,0.451037584960601,0.31451990209984,0.000828523640757972,"violation in reverse orientation",1,0.38551724137931,1,4000,0.309163894965653,0.541253388428919,0.451414443721067,0.49978970577634,0.545413242003508,0.00415985357458903,"violation",1,2470,0.537537904816393,0.313691378459082,0.499976396367912,0.451037584960601,0.31451990209984,0.000828523640757972,"violation"
25,1200,"reverse",0.468794830726739,0.358739905113728,0.49434299833213,0.465503759383316,0.361271982233318,0.00253207711959041,"violation in reverse orientation",1,0.38551724137931,1,1220,0.334350150767025,0.507803767784853,0.455710430838554,0.498697578085763,0.508380009607183,0.000576241822329959,"violation",1,1200,0.468794830726739,0.358739905113728,0.49434299833213,0.465503759383316,0.361271982233318,0.00253207711959041,"violation"
26,820,"reverse",0.482206439978118,0.341485137207334,0.495144478641667,0.455547797009167,0.352150763277913,0.0106656260705795,"violation in reverse orientation",1,0.38551724137931,1,1560,0.267521483727594,0.604664848665607,0.423356065643209,0.495706417217899,0.60664318841096,0.00197833974535311,"violation",1,820,0.482206439978118,0.341485137207334,0.495144478641667,0.455547797009167,0.352150763277913,0.0106656260705795,"violation"
27,1390,"forward",0.281127605177767,0.586043840913893,0.430278982876725,0.498006480826702,0.586637092163441,0.00059325124954801,"violation in forward orientation",1,0.38551724137931,1,1390,0.281127605177767,0.586043840913893,0.430278982876725,0.498006480826702,0.586637092163441,0.00059325124954801,"violation",1,3220,0.579438216927928,0.28593952437992,0.497462408280749,0.438770091200815,0.286023551370727,8.40269908061186e-05,"violation"
28,90,"reverse",0.303158498150334,0.519317495001799,0.391420332306856,0.484831649539365,0.554243425324434,0.0349259303226349,"violation in reverse orientation",1,0.38551724137931,1,4860,0.316115757992357,0.53497908685913,0.455420545344983,0.49989414449581,0.535191398745593,0.000212311886462868,"violation",1,90,0.303158498150334,0.519317495001799,0.391420332306856,0.484831649539365,0.554243425324434,0.0349259303226349,"violation"
29,1400,"reverse",0.509968330172893,0.332832326735713,0.499011267305618,0.456042761152943,0.333269935903941,0.000437609168227604,"violation in reverse orientation",1,0.38551724137931,1,2750,0.270093067046078,0.602208443227714,0.4290583963029,0.494894128422542,0.60286199745463,0.000653554226915931,"violation",1,1400,0.509968330172893,0.332832326735713,0.499011267305618,0.456042761152943,0.333269935903941,0.000437609168227604,"violation"
30,1700,"reverse",0.519359233771238,0.325894297404847,0.499645549105047,0.454304670418447,0.326883193917643,0.000988896512795934,"violation in reverse orientation",1,0.38551724137931,1,2150,0.280713316135581,0.586993230636436,0.433414755701404,0.497229968896316,0.587246252274397,0.000253021637960704,"violation",1,1700,0.519359233771238,0.325894297404847,0.499645549105047,0.454304670418447,0.326883193917643,0.000988896512795934,"violation"
31,110,"forward",0.595707531877815,0.261614030131997,0.498675932796454,0.369945271806833,0.274958810284782,0.0133447801527856,"violation in forward orientation",1,0.38551724137931,1,110,0.595707531877815,0.261614030131997,0.498675932796454,0.369945271806833,0.274958810284782,0.0133447801527856,"violation",1,1830,0.525011542787996,0.322092208055997,0.499855454038532,0.453076319216386,0.323039065507761,0.000946857451763816,"violation"
32,2040,"reverse",0.623075217364432,0.255586986363832,0.49215295678475,0.4182263197331,0.256346081047952,0.000759094684119443,"violation in reverse orientation",1,0.38551724137931,1,2360,0.281923861568999,0.584402470583083,0.434711689615305,0.497364318624653,0.585466296940201,0.00106382635711766,"violation",1,2040,0.623075217364432,0.255586986363832,0.49215295678475,0.4182263197331,0.256346081047952,0.000759094684119443,"violation"
33,60,"forward",0.482234168322183,0.34236971261758,0.465176191231762,0.4,0.352131905265221,0.00976219264764067,"violation in forward orientation",1,0.38551724137931,1,60,0.482234168322183,0.34236971261758,0.465176191231762,0.4,0.352131905265221,0.00976219264764067,"violation",1,2370,0.507465772275847,0.334812855262399,0.499337095496821,0.460076037518132,0.334971922451542,0.000159067189143047,"violation"
34,1970,"reverse",0.54454059487466,0.308783650508955,0.499925527191052,0.447341775518787,0.309757381204615,0.000973730695659591,"violation in reverse orientation",1,0.38551724137931,1,3310,0.291124090069846,0.571136416852669,0.441630361771806,0.498207830378484,0.571938514055036,0.00080209720236657,"violation",1,1970,0.54454059487466,0.308783650508955,0.499925527191052,0.447341775518787,0.309757381204615,0.000973730695659591,"violation"
35,1740,"forward",0.319220473552207,0.530362169805942,0.451441811688652,0.499944177092549,0.530626303649317,0.000264133843374648,"violation in forward orientation",1,0.38551724137931,1,1740,0.319220473552207,0.530362169805942,0.451441811688652,0.499944177092549,0.530626303649317,0.000264133843374648,"violation",1,2380,0.576342750820624,0.28789720343946,0.498123553306964,0.437988481623207,0.288128774062839,0.000231570623379418,"violation"
36,60,"forward",0.627070094348715,0.206777284463185,0.49749371855331,0.3,0.253629170124692,0.0468518856615073,"violation in forward orientation",1,0.38551724137931,1,60,0.627070094348715,0.206777284463185,0.49749371855331,0.3,0.253629170124692,0.0468518856615073,"violation",1,1910,0.508580259222108,0.333887589216602,0.499229416343094,0.458485714028776,0.334213961250224,0.000326372033622346,"violation"
37,490,"reverse",0.501860692091473,0.338522401273741,0.495981351505511,0.448798664844286,0.338783930590612,0.000261529316870901,"violation in reverse orientation",1,0.38551724137931,1,3180,0.276785984958205,0.592711706265135,0.433736496737036,0.49594853958648,0.593020900532403,0.000309194267268165,"violation",1,490,0.501860692091473,0.338522401273741,0.495981351505511,0.448798664844286,0.338783930590612,0.000261529316870901,"violation"
38,870,"forward",0.349045066715596,0.483772555167465,0.459254020685633,0.495535624910617,0.486772977515567,0.00300042234810188,"violation in forward orientation",1,0.38551724137931,1,870,0.349045066715596,0.483772555167465,0.459254020685633,0.495535624910617,0.486772977515567,0.00300042234810188,"violation",1,1510,0.557364764585736,0.300353163484894,0.499703433823864,0.441280297985634,0.301035679158012,0.000682515673117612,"violation"
39,250,"reverse",0.524769453405736,0.320884104447614,0.49588708392133,0.429492724036159,0.323203710198863,0.00231960575124879,"violation in reverse orientation",1,0.38551724137931,1,3410,0.297287398890789,0.562541169883906,0.444911721680936,0.498841460996845,0.562876140921994,0.000334971038087217,"violation",1,250,0.524769453405736,0.320884104447614,0.49588708392133,0.429492724036159,0.323203710198863,0.00231960575124879,"violation"
40,50,"forward",0.4062591846095,0.381261936620275,0.427083130081252,0.41424630354416,0.403802398237975,0.0225404616177008,"violation in forward orientation",1,0.38551724137931,1,50,0.4062591846095,0.381261936620275,0.427083130081252,0.41424630354416,0.403802398237975,0.0225404616177008,"violation at burn-in",1,2120,0.537188876311316,0.314398992961526,0.499994437491308,0.450465524011823,0.314757275956833,0.000358282995306936,"violation"
41,1490,"forward",0.314043605012872,0.53771227326361,0.447940198187437,0.499992793065487,0.538238239985323,0.000525966721713678,"violation in forward orientation",1,0.38551724137931,1,1490,0.314043605012872,0.53771227326361,0.447940198187437,0.499992793065487,0.538238239985323,0.000525966721713678,"violation",1,1540,0.549569853289747,0.306183477075201,0.499905118337662,0.444362278297133,0.306336988742569,0.0001535116673681,"violation"
42,630,"reverse",0.638840422930479,0.243473335232621,0.493403194170995,0.397599245459447,0.245624184133896,0.00215084890127457,"violation in reverse orientation",1,0.38551724137931,1,1390,0.293940963409432,0.558129380333876,0.437286995179834,0.49972612964282,0.567796654866493,0.00966727453261784,"violation",1,630,0.638840422930479,0.243473335232621,0.493403194170995,0.397599245459447,0.245624184133896,0.00215084890127457,"violation"
43,720,"forward",0.325845879090056,0.520439148738306,0.44721143879339,0.498792910218209,0.520884475211694,0.000445326473388241,"violation in forward orientation",1,0.38551724137931,1,720,0.325845879090056,0.520439148738306,0.44721143879339,0.498792910218209,0.520884475211694,0.000445326473388241,"violation",1,1640,0.555843342817023,0.301399431772032,0.499708421823333,0.442430889752309,0.302070396231544,0.000670964459512646,"violation"
44,50,"forward",0.590712364249548,0.216786995012799,0.489897948556636,0.3,0.278356017644644,0.0615690226318445,"violation in forward orientation",1,0.38551724137931,1,50,0.590712364249548,0.216786995012799,0.489897948556636,0.3,0.278356017644644,0.0615690226318445,"violation at burn-in",1,2040,0.583270890258628,0.283203836761788,0.497686883247135,0.434418557259236,0.283416954952757,0.000213118190969253,"violation"
45,1390,"forward",0.317211808890335,0.530804348485189,0.4489283572516,0.499883532835689,0.533579793275407,0.0027754447902183,"violation in forward orientation",1,0.38551724137931,1,1390,0.317211808890335,0.530804348485189,0.4489283572516,0.499883532835689,0.533579793275407,0.0027754447902183,"violation",1,1660,0.5560413745117,0.301637277360634,0.499694710107706,0.442639518195857,0.301935715119576,0.000298437758942227,"violation"
46,2160,"reverse",0.47692393543615,0.355474001535164,0.49669345634381,0.467678759937386,0.355743388119354,0.000269386584190234,"violation in reverse orientation",1,0.38551724137931,1,2680,0.259539192073279,0.61731234738707,0.422638499670144,0.492514557366672,0.618380147815357,0.00106780042828714,"violation",1,2160,0.47692393543615,0.355474001535164,0.49669345634381,0.467678759937386,0.355743388119354,0.000269386584190234,"violation"
47,1650,"forward",0.347354051424484,0.48880491557469,0.463112796078497,0.497524081028183,0.489259403555045,0.000454487980354634,"violation in forward orientation",1,0.38551724137931,1,1650,0.347354051424484,0.48880491557469,0.463112796078497,0.497524081028183,0.489259403555045,0.000454487980354634,"violation",1,2390,0.610552569346176,0.264555453086032,0.493906249549577,0.42487165396187,0.264862718562144,0.00030726547611204,"violation"
48,780,"reverse",0.475823793915397,0.352949101266237,0.494047406871736,0.459917023645628,0.35649159301443,0.00354249174819238,"violation in reverse orientation",1,0.38551724137931,1,1810,0.415114913889582,0.397645786925499,0.485139502603169,0.48054389837455,0.397779627647256,0.000133840721757206,"violation",1,780,0.475823793915397,0.352949101266237,0.494047406871736,0.459917023645628,0.35649159301443,0.00354249174819238,"violation"
49,140,"forward",0.845900931784466,0.101384098296982,0.43705881545081,0.217944947177034,0.104802586749481,0.00341848845249887,"violation in forward orientation",1,0.38551724137931,1,140,0.845900931784466,0.101384098296982,0.43705881545081,0.217944947177034,0.104802586749481,0.00341848845249887,"violation",1,380,0.403746814052348,0.403746814052348,0.471713737785442,0.471713737785442,0.406340914187732,0.00259410013538403,"violation"
50,1390,"forward",0.336640658637796,0.491759566575726,0.457626911517928,0.497529739643906,0.505012104867676,0.0132525382919498,"violation in forward orientation",1,0.38551724137931,1,1390,0.336640658637796,0.491759566575726,0.457626911517928,0.497529739643906,0.505012104867676,0.0132525382919498,"violation",1,2530,0.548150612332413,0.307261533390491,0.499749972637625,0.44814256440783,0.307302212771966,4.06793814752837e-05,"violation"
51,1220,"reverse",0.49707015700942,0.341162986459951,0.497812333167849,0.458614431728938,0.342041967607495,0.000878981147543145,"violation in reverse orientation",1,0.38551724137931,1,2620,0.283550192885016,0.581729950227414,0.436268057058612,0.49749371855331,0.58307498057883,0.00134503035141564,"violation",1,1220,0.49707015700942,0.341162986459951,0.497812333167849,0.458614431728938,0.342041967607495,0.000878981147543145,"violation"
52,1390,"forward",0.290929469766436,0.569597403283166,0.435679081547686,0.499212152963006,0.572224678818154,0.00262727553498787,"violation in forward orientation",1,0.38551724137931,1,1390,0.290929469766436,0.569597403283166,0.435679081547686,0.499212152963006,0.572224678818154,0.00262727553498787,"violation",1,1850,0.588031814066384,0.279962225867794,0.497356048233446,0.43191489300454,0.280179056527102,0.000216830659307277,"violation"
53,1940,"reverse",0.525314916997968,0.321952897946153,0.499882811221621,0.453379452608534,0.322832741080714,0.000879843134561076,"violation in reverse orientation",1,0.38551724137931,1,4320,0.29007313898178,0.572803162978695,0.442460609098218,0.497786972795227,0.573483805907405,0.000680642928709729,"violation",1,1940,0.525314916997968,0.321952897946153,0.499882811221621,0.453379452608534,0.322832741080714,0.000879843134561076,"violation"
54,940,"forward",0.300478562824214,0.55346332737211,0.437227571521199,0.499981891931039,0.558183934327519,0.00472060695540966,"violation in forward orientation",1,0.38551724137931,1,940,0.300478562824214,0.55346332737211,0.437227571521199,0.499981891931039,0.558183934327519,0.00472060695540966,"violation",1,1980,0.524214593738529,0.323465222827786,0.499865046576881,0.454181672610793,0.323581069576045,0.000115846748259152,"violation"
55,160,"forward",0.488662040908508,0.345761529163151,0.485693769262073,0.433012701892219,0.34776031702563,0.00199878786247892,"violation in forward orientation",1,0.38551724137931,1,160,0.488662040908508,0.345761529163151,0.485693769262073,0.433012701892219,0.34776031702563,0.00199878786247892,"violation",1,780,0.543114755783351,0.309814719940822,0.499894794980556,0.440165753848792,0.310727092616813,0.000912372675991202,"violation"
56,90,"reverse",0.316774321444153,0.495299770270681,0.4,0.478681316189734,0.53422306373183,0.0389232934611491,"violation in reverse orientation",1,0.38551724137931,1,1410,0.333490477505927,0.508641529841744,0.456376779207012,0.498934531997895,0.509644051389106,0.00100252154736169,"violation",1,90,0.316774321444153,0.495299770270681,0.4,0.478681316189734,0.53422306373183,0.0389232934611491,"violation"
57,480,"forward",0.560013036586474,0.298404625874777,0.499960935974002,0.428093317968044,0.29923459262772,0.00082996675294289,"violation in forward orientation",1,0.38551724137931,1,480,0.560013036586474,0.298404625874777,0.499960935974002,0.428093317968044,0.29923459262772,0.00082996675294289,"violation",1,2480,0.610051223908515,0.264429300352615,0.493906515386998,0.425052599732106,0.265203682977636,0.000774382625020997,"violation"
58,2040,"forward",0.293901926017421,0.567186224736125,0.440125108912885,0.498983732675543,0.567854054458632,0.000667829722506563,"violation in forward orientation",1,0.38551724137931,1,2040,0.293901926017421,0.567186224736125,0.440125108912885,0.498983732675543,0.567854054458632,0.000667829722506563,"violation",1,3540,0.611370188199832,0.264162328708006,0.492958816513105,0.427151898385602,0.264306656985454,0.000144328277448424,"violation"
59,1980,"reverse",0.593177773799664,0.276302859773792,0.496673969661767,0.430356377401623,0.276679295642097,0.000376435868304159,"violation in reverse orientation",1,0.38551724137931,1,3070,0.293524138056405,0.568208476942798,0.442445527922024,0.498520447770152,0.568409544304649,0.000201067361850549,"violation",1,1980,0.593177773799664,0.276302859773792,0.496673969661767,0.430356377401623,0.276679295642097,0.000376435868304159,"violation"
60,1880,"reverse",0.50784350203034,0.334118454870229,0.499174284241472,0.458489348866462,0.334715028910124,0.00059657403989577,"violation in reverse orientation",1,0.38551724137931,1,3380,0.304429109070156,0.552035942865107,0.448358700502595,0.49945341434941,0.552375151220885,0.00033920835577772,"violation",1,1880,0.50784350203034,0.334118454870229,0.499174284241472,0.458489348866462,0.334715028910124,0.00059657403989577,"violation"
61,1370,"reverse",0.493492487431932,0.344416659531175,0.497673740308698,0.460762051001875,0.344475136286563,5.84767553873933e-05,"violation in reverse orientation",1,0.38551724137931,1,1450,0.317414704413156,0.532584436600174,0.449336146611426,0.499931505415507,0.533281460839333,0.000697024239158739,"violation",1,1370,0.493492487431932,0.344416659531175,0.497673740308698,0.460762051001875,0.344475136286563,5.84767553873933e-05,"violation"
62,1520,"forward",0.331263690685362,0.512365217782557,0.455924375320162,0.499235912014426,0.512918262310865,0.000553044528308066,"violation in forward orientation",1,0.38551724137931,1,1520,0.331263690685362,0.512365217782557,0.455924375320162,0.499235912014426,0.512918262310865,0.000553044528308066,"violation",1,3140,0.63401747955892,0.248879251208155,0.488830161894265,0.417056912196492,0.248904261988608,2.50107804528887e-05,"violation"
63,680,"reverse",0.396474084084448,0.416262769998831,0.47459461849363,0.480511189734649,0.417034552066304,0.00077178206747347,"violation in reverse orientation",1,0.38551724137931,1,1640,0.317240426566366,0.530861089713992,0.450126808096389,0.499937161429065,0.533537714569646,0.00267662485565368,"violation",1,680,0.396474084084448,0.416262769998831,0.47459461849363,0.480511189734649,0.417034552066304,0.00077178206747347,"violation"
64,2360,"reverse",0.57808745352068,0.282803326666286,0.497978533610436,0.435192183324005,0.286942203902539,0.0041388772362525,"violation in reverse orientation",1,0.38551724137931,1,2590,0.281152082448406,0.585525614031672,0.434890970336202,0.497111406778294,0.586601101404864,0.00107548737319185,"violation",1,2360,0.57808745352068,0.282803326666286,0.497978533610436,0.435192183324005,0.286942203902539,0.0041388772362525,"violation"
65,2520,"forward",0.278891040336434,0.588946475780663,0.43346994764948,0.496769451437061,0.589925680439195,0.000979204658531518,"violation in forward orientation",1,0.38551724137931,1,2520,0.278891040336434,0.588946475780663,0.43346994764948,0.496769451437061,0.589925680439195,0.000979204658531518,"violation",1,2610,0.60932948200283,0.265132640475879,0.493913572686508,0.425816694497436,0.265694538759939,0.000561898284060669,"violation"
66,890,"forward",0.304918930243338,0.550392399971805,0.439002438509797,0.5,0.55165493057824,0.001262530606435,"violation in forward orientation",1,0.38551724137931,1,890,0.304918930243338,0.550392399971805,0.439002438509797,0.5,0.55165493057824,0.001262530606435,"violation",1,2270,0.613589133996939,0.262121143750928,0.493529913092332,0.423045131785868,0.262797554678174,0.000676410927246573,"violation"
67,300,"forward",0.339370124693909,0.490860779362141,0.442216638714053,0.491833305094317,0.500998767134149,0.0101379877720083,"violation in forward orientation",1,0.38551724137931,1,300,0.339370124693909,0.490860779362141,0.442216638714053,0.491833305094317,0.500998767134149,0.0101379877720083,"violation",1,1390,0.51998389403898,0.322450371270924,0.499533968415722,0.451363030693634,0.326458363237892,0.00400799196696761,"violation"
68,310,"reverse",0.462618754926298,0.360352122020641,0.486327099663185,0.452407135709868,0.365472323788543,0.00512020176790168,"violation in reverse orientation",1,0.38551724137931,1,2380,0.28528341785334,0.580101494278466,0.436590813844199,0.497780541130354,0.580526490499429,0.000424996220963592,"violation",1,310,0.462618754926298,0.360352122020641,0.486327099663185,0.452407135709868,0.365472323788543,0.00512020176790168,"violation"
69,100,"reverse",0.43827928159571,0.358457767577596,0.462493243193887,0.427083130081252,0.382025569662799,0.0235678020852033,"violation in reverse orientation",1,0.38551724137931,1,3480,0.328927748186138,0.516273294703052,0.459500998825668,0.499854318848346,0.516352972976891,7.96782738383683e-05,"violation",1,100,0.43827928159571,0.358457767577596,0.462493243193887,0.427083130081252,0.382025569662799,0.0235678020852033,"violation"
70,480,"reverse",0.501129745084473,0.338621131309421,0.495811449096888,0.448589610767892,0.339281046750998,0.000659915441576675,"violation in reverse orientation",1,0.38551724137931,1,3910,0.309300348269765,0.54413716487575,0.451371799006804,0.499706286663056,0.545212604522404,0.00107543964665435,"violation",1,480,0.501129745084473,0.338621131309421,0.495811449096888,0.448589610767892,0.339281046750998,0.000659915441576675,"violation"
71,990,"reverse",0.487156646734872,0.348308482877659,0.4963133137624,0.459999822555783,0.348784133751465,0.000475650873806022,"violation in reverse orientation",1,0.38551724137931,1,1700,0.313702062650618,0.537033273854618,0.448710185364481,0.499998615915039,0.53874043522126,0.00170716136664173,"violation",1,990,0.487156646734872,0.348308482877659,0.4963133137624,0.459999822555783,0.348784133751465,0.000475650873806022,"violation"
72,70,"reverse",0.277251743648749,0.53089372836024,0.363935405795914,0.483186700722508,0.592336060754567,0.0614423323943266,"violation in reverse orientation",1,0.38551724137931,1,2020,0.27510765078684,0.594695815631829,0.429822723651598,0.496458391229451,0.595488680574701,0.000792864942872118,"violation",1,70,0.277251743648749,0.53089372836024,0.363935405795914,0.483186700722508,0.592336060754567,0.0614423323943266,"violation"
73,950,"reverse",0.464074227913909,0.363514808196252,0.492857572994083,0.46565832230316,0.364482458399919,0.000967650203666903,"violation in reverse orientation",1,0.38551724137931,1,3040,0.271879776466804,0.599425878981895,0.430709570443962,0.495112888999252,0.600234865191532,0.000808986209636875,"violation",1,950,0.464074227913909,0.363514808196252,0.492857572994083,0.46565832230316,0.364482458399919,0.000967650203666903,"violation"
74,380,"forward",0.477634055750627,0.350698900038092,0.490942899681748,0.451037584960601,0.355260436166936,0.00456153612884358,"violation in forward orientation",1,0.38551724137931,1,380,0.477634055750627,0.350698900038092,0.490942899681748,0.451037584960601,0.355260436166936,0.00456153612884358,"violation",1,2710,0.595391871368093,0.274363905498757,0.495860370582843,0.431403033082671,0.275173490609178,0.000809585110421007,"violation"
75,1140,"forward",0.397703611498426,0.413902844267141,0.478326826328476,0.482851512637567,0.415226686108832,0.00132384184169104,"violation in forward orientation",1,0.38551724137931,1,1140,0.397703611498426,0.413902844267141,0.478326826328476,0.482851512637567,0.415226686108832,0.00132384184169104,"violation",1,2580,0.547582780521552,0.307461212616782,0.499759572024327,0.448350776027299,0.307688394488092,0.000227181871309989,"violation"
76,1650,"forward",0.295207856041961,0.565908612992343,0.439295286730902,0.499255644281672,0.56593384803837,2.5235046027916e-05,"violation in forward orientation",1,0.38551724137931,1,1650,0.295207856041961,0.565908612992343,0.439295286730902,0.499255644281672,0.56593384803837,2.5235046027916e-05,"violation",1,2360,0.597436151217446,0.272680593204745,0.495834414632241,0.429533127090364,0.273783178398124,0.0011025851933793,"violation"
77,1140,"reverse",0.582870655403745,0.283671731146176,0.498575224554789,0.429931064499423,0.283689154185269,1.74230390927455e-05,"violation in reverse orientation",1,0.38551724137931,1,2080,0.308841818371844,0.54471805430665,0.447717491609273,0.499907535829075,0.54588681526672,0.00116876096006979,"violation",1,1140,0.582870655403745,0.283671731146176,0.498575224554789,0.429931064499423,0.283689154185269,1.74230390927455e-05,"violation"
78,1390,"reverse",0.543763292490684,0.308967962362131,0.499995341834313,0.444960393836604,0.310286023599864,0.00131806123773326,"violation in reverse orientation",1,0.38551724137931,1,3630,0.285916784349864,0.579226969385667,0.439415010246354,0.497339108822513,0.579595204450292,0.000368235064625022,"violation",1,1390,0.543763292490684,0.308967962362131,0.499995341834313,0.444960393836604,0.310286023599864,0.00131806123773326,"violation"
79,60,"forward",0.501117648712451,0.299311814729174,0.471404520791032,0.372677996249965,0.339289273478731,0.0399774587495567,"violation in forward orientation",1,0.38551724137931,1,60,0.501117648712451,0.299311814729174,0.471404520791032,0.372677996249965,0.339289273478731,0.0399774587495567,"violation",1,1390,0.543044083369452,0.308217794431845,0.499997929709497,0.444590928996832,0.310775156838578,0.00255736240673254,"violation"
80,800,"reverse",0.440219877837039,0.378350211741279,0.487466344992144,0.469758914231545,0.380705772546031,0.00235556080475247,"violation in reverse orientation",1,0.38551724137931,1,1870,0.287083963724184,0.577229678234808,0.435906295410566,0.498345513984326,0.577879013470645,0.000649335235837434,"violation",1,800,0.440219877837039,0.378350211741279,0.487466344992144,0.469758914231545,0.380705772546031,0.00235556080475247,"violation"
81,1170,"reverse",0.493260644236234,0.344591562104034,0.497363198494124,0.459734524645153,0.344632812558787,4.12504547529502e-05,"violation in reverse orientation",1,0.38551724137931,1,2150,0.309170974963421,0.544852232566441,0.448082508047779,0.499895283788436,0.545402831754172,0.000550599187731149,"violation",1,1170,0.493260644236234,0.344591562104034,0.497363198494124,0.459734524645153,0.344632812558787,4.12504547529502e-05,"violation"
82,1390,"forward",0.280372680449262,0.583901260662732,0.429852352411213,0.49819507566775,0.58774711435701,0.0038458536942787,"violation in forward orientation",1,0.38551724137931,1,1390,0.280372680449262,0.583901260662732,0.429852352411213,0.49819507566775,0.58774711435701,0.0038458536942787,"violation",1,1450,0.520141240431579,0.325297106878931,0.499571754774874,0.452960141091201,0.326351352149824,0.00105424527089309,"violation"
83,80,"forward",0.243974143961777,0.629397303997039,0.344374432848898,0.499374608885954,0.64126660019316,0.0118692961961214,"violation in forward orientation",1,0.38551724137931,1,80,0.243974143961777,0.629397303997039,0.344374432848898,0.499374608885954,0.64126660019316,0.0118692961961214,"violation",1,580,0.468459927619348,0.359412674019774,0.491578906830738,0.45974712586204,0.361499749424719,0.00208707540494546,"violation"
84,50,"reverse",0.355715993350399,0.454790769027509,0.4,0.448998886412873,0.476964216010332,0.0221734469828225,"violation in reverse orientation",1,0.38551724137931,1,1360,0.326276041311296,0.519893322260193,0.452941176470588,0.499513171302317,0.520251975580429,0.000358653320235991,"violation",1,50,0.355715993350399,0.454790769027509,0.4,0.448998886412873,0.476964216010332,0.0221734469828225,"violation at burn-in"
85,50,"forward",0.56895608070809,0.246504271019468,0.485386443980464,0.324961536185438,0.293152439320672,0.0466481683012036,"violation in forward orientation",1,0.38551724137931,1,50,0.56895608070809,0.246504271019468,0.485386443980464,0.324961536185438,0.293152439320672,0.0466481683012036,"violation at burn-in",1,270,0.37913101064441,0.434313902006669,0.458257569495584,0.477548035489912,0.442535367838074,0.00822146583140515,"violation"
86,820,"forward",0.369485312253819,0.454905683089675,0.466757837897285,0.490630535563296,0.456718158362427,0.00181247527275147,"violation in forward orientation",1,0.38551724137931,1,820,0.369485312253819,0.454905683089675,0.466757837897285,0.490630535563296,0.456718158362427,0.00181247527275147,"violation",1,2430,0.517249992083338,0.328039895012194,0.499755397501664,0.457354043341215,0.328317686595189,0.00027779158299418,"violation"
87,480,"reverse",0.426213191720884,0.387076729561504,0.480722113075735,0.46837484987988,0.390231702545217,0.00315497298371326,"violation in reverse orientation",1,0.38551724137931,1,680,0.394947909301392,0.416262769998831,0.474104510108468,0.480511189734649,0.419278600799235,0.00301583080040452,"violation",1,480,0.426213191720884,0.387076729561504,0.480722113075735,0.46837484987988,0.390231702545217,0.00315497298371326,"violation"
88,1720,"reverse",0.564132877756018,0.295656333957924,0.499315039211628,0.439835860406485,0.296432693715772,0.000776359757847844,"violation in reverse orientation",1,0.38551724137931,1,2140,0.297028620128983,0.562211725526517,0.442052123038589,0.499239311299421,0.563256642656779,0.00104491713026256,"violation",1,1720,0.564132877756018,0.295656333957924,0.499315039211628,0.439835860406485,0.296432693715772,0.000776359757847844,"violation"
89,1970,"reverse",0.520162670337581,0.326108063333609,0.499752315678424,0.455320611757644,0.32633677769711,0.000228714363501081,"violation in reverse orientation",1,0.38551724137931,1,2810,0.281063484237185,0.585947252538355,0.435349876042803,0.49694804426224,0.586731373969866,0.000784121431510743,"violation",1,1970,0.520162670337581,0.326108063333609,0.499752315678424,0.455320611757644,0.32633677769711,0.000228714363501081,"violation"
90,840,"forward",0.311117421174552,0.540952553041619,0.441586438612465,0.499885190900503,0.542540826561648,0.00158827352002888,"violation in forward orientation",1,0.38551724137931,1,840,0.311117421174552,0.540952553041619,0.441586438612465,0.499885190900503,0.542540826561648,0.00158827352002888,"violation",1,1390,0.517095159153272,0.326188683380675,0.499401328876152,0.453059803045188,0.32842298828048,0.00223430489980458,"violation"
91,1760,"forward",0.320997847626889,0.526851980017294,0.452329470515347,0.49988344457599,0.528012897842515,0.00116091782522054,"violation in forward orientation",1,0.38551724137931,1,1760,0.320997847626889,0.526851980017294,0.452329470515347,0.49988344457599,0.528012897842515,0.00116091782522054,"violation",1,2360,0.643909719907967,0.241745725468084,0.487422789059412,0.410410175917227,0.242176561494809,0.000430836026725001,"violation"
92,50,"reverse",0.185611725055255,0.524410079701748,0.271293199325011,0.47370877129308,0.727081222248224,0.202671142546476,"violation in reverse orientation",1,0.38551724137931,1,3210,0.293556327984571,0.568165735691201,0.442708503632445,0.498481306890208,0.568362213049857,0.000196477358655467,"violation",1,50,0.185611725055255,0.524410079701748,0.271293199325011,0.47370877129308,0.727081222248224,0.202671142546476,"violation at burn-in"
93,2020,"forward",0.315193984362453,0.536531653420189,0.450537480321443,0.49999901970299,0.536546751336398,1.50979162080178e-05,"violation in forward orientation",1,0.38551724137931,1,2020,0.315193984362453,0.536531653420189,0.450537480321443,0.49999901970299,0.536546751336398,1.50979162080178e-05,"violation",1,2810,0.578521815190384,0.286585706120936,0.497720771098823,0.438322217302264,0.286646795065244,6.10889443081741e-05,"violation"
94,160,"forward",0.610575889280711,0.213659018315614,0.5,0.344374432848898,0.264846858703351,0.051187840387736,"violation in forward orientation",1,0.38551724137931,1,160,0.610575889280711,0.213659018315614,0.5,0.344374432848898,0.264846858703351,0.051187840387736,"violation",1,2360,0.511240602174722,0.332270181061712,0.499514271393202,0.458993565710867,0.332404665280409,0.000134484218696163,"violation"
95,50,"forward",0.355715993350399,0.4062591846095,0.4,0.427083130081252,0.476964216010332,0.0707050314008315,"violation in forward orientation",1,0.38551724137931,1,50,0.355715993350399,0.4062591846095,0.4,0.427083130081252,0.476964216010332,0.0707050314008315,"violation at burn-in",1,1550,0.515164380127759,0.329731920743912,0.499398597732586,0.45538745209948,0.329736108720847,4.18797693529926e-06,"violation"
96,810,"reverse",0.52775148763187,0.319614657782127,0.499389964695824,0.445419027483336,0.321175632389611,0.0015609746074835,"violation in reverse orientation",1,0.38551724137931,1,1760,0.33568607758475,0.506332593379958,0.458751843737147,0.499022481958478,0.506415696662239,8.31032822808941e-05,"violation",1,810,0.52775148763187,0.319614657782127,0.499389964695824,0.445419027483336,0.321175632389611,0.0015609746074835,"violation"
97,1340,"reverse",0.545242842446393,0.309235492689635,0.499991089250071,0.444806169474708,0.309279783494853,4.42908052177837e-05,"violation in reverse orientation",1,0.38551724137931,1,2230,0.375887037990398,0.447041035500213,0.474875823980597,0.49245263939091,0.447305223037306,0.000264187537092397,"violation",1,1340,0.545242842446393,0.309235492689635,0.499991089250071,0.444806169474708,0.309279783494853,4.42908052177837e-05,"violation"
98,60,"forward",0.592139703863035,0.277090389131333,0.493006648591635,0.357071421427142,0.277385285729158,0.000294896597825445,"violation in forward orientation",1,0.38551724137931,1,60,0.592139703863035,0.277090389131333,0.493006648591635,0.357071421427142,0.277385285729158,0.000294896597825445,"violation",1,2360,0.625524815551655,0.252816709437407,0.49131333092137,0.417582327212252,0.254680112333859,0.00186340289645237,"violation"
99,480,"forward",0.486265621368714,0.331956127890361,0.493692858859523,0.445458370358244,0.349390119007016,0.0174339911166546,"violation in forward orientation",1,0.38551724137931,1,480,0.486265621368714,0.331956127890361,0.493692858859523,0.445458370358244,0.349390119007016,0.0174339911166546,"violation",1,2610,0.589200078662575,0.279051572180356,0.496686071650861,0.433784162704872,0.279384521212213,0.000332949031856766,"violation"
100,2370,"forward",0.304364567626164,0.551790723046219,0.446354673765719,0.4996552070093,0.55247005132487,0.000679328278651137,"violation in forward orientation",1,0.38551724137931,1,2370,0.304364567626164,0.551790723046219,0.446354673765719,0.4996552070093,0.55247005132487,0.000679328278651137,"violation",1,2540,0.6098612346623,0.265300603380011,0.493885986687956,0.425733111816975,0.265332894430297,3.22910502859042e-05,"violation"
101,1390,"forward",0.338877480425089,0.492484920161002,0.458570880249301,0.497600993902813,0.501723138785093,0.00923821862409041,"violation in forward orientation",1,0.38551724137931,1,1390,0.338877480425089,0.492484920161002,0.458570880249301,0.497600993902813,0.501723138785093,0.00923821862409041,"violation",1,3460,0.552662125112737,0.304093400452041,0.499410257302284,0.448316485109507,0.304233938479289,0.000140538027248005,"violation"
102,2360,"reverse",0.566706705293545,0.293784547608103,0.498878194295426,0.44101681887464,0.294682236773342,0.000897689165239468,"violation in reverse orientation",1,0.38551724137931,1,3340,0.301521780357924,0.556337342172558,0.446890664582035,0.499240701388815,0.556650013697535,0.000312671524976715,"violation",1,2360,0.566706705293545,0.293784547608103,0.498878194295426,0.44101681887464,0.294682236773342,0.000897689165239468,"violation"
103,200,"forward",0.512986501056824,0.330530455828024,0.492722031169705,0.430087200460558,0.33121728159817,0.000686825770145394,"violation in forward orientation",1,0.38551724137931,1,200,0.512986501056824,0.330530455828024,0.492722031169705,0.430087200460558,0.33121728159817,0.000686825770145394,"violation",1,2190,0.531621206558496,0.318309150506213,0.499992493844952,0.452462571489928,0.318543841307419,0.00023469080120575,"violation"
104,240,"forward",0.445831901197557,0.374606821048143,0.479510746027193,0.454529671443155,0.376889042361406,0.00228222131326267,"violation in forward orientation",1,0.38551724137931,1,240,0.445831901197557,0.374606821048143,0.479510746027193,0.454529671443155,0.376889042361406,0.00228222131326267,"violation",1,1780,0.501990478369767,0.33666913875805,0.498745744100059,0.459231778666343,0.338695663102383,0.00202652434433231,"violation"
105,100,"forward",0.782294511589708,0.125870457342373,0.476969600708473,0.237486841740758,0.148061234887192,0.022190777544819,"violation in forward orientation",1,0.38551724137931,1,100,0.782294511589708,0.125870457342373,0.476969600708473,0.237486841740758,0.148061234887192,0.022190777544819,"violation",1,2360,0.564175262874783,0.294662092667687,0.499042281568857,0.441468489123318,0.296403867648634,0.00174177498094719,"violation"
106,400,"reverse",0.379241479889012,0.429115540318871,0.463512405443479,0.48,0.442372936659726,0.0132573963408549,"violation in reverse orientation",1,0.38551724137931,1,2670,0.341687345101153,0.497108201883458,0.463455566084419,0.498811307064092,0.497591584957816,0.000483383074357746,"violation",1,400,0.379241479889012,0.429115540318871,0.463512405443479,0.48,0.442372936659726,0.0132573963408549,"violation"
107,1280,"forward",0.31348180573116,0.537620022111264,0.446514277487294,0.499970091878942,0.539064295415071,0.00144427330380681,"violation in forward orientation",1,0.38551724137931,1,1280,0.31348180573116,0.537620022111264,0.446514277487294,0.499970091878942,0.539064295415071,0.00144427330380681,"violation",1,4520,0.57135678748127,0.291141546493591,0.497877867923608,0.443223045103549,0.291519721597133,0.000378175103541767,"violation"
108,520,"forward",0.484272661661907,0.344339231552985,0.493744148343723,0.452143972200928,0.350745528452248,0.00640629689926353,"violation in forward orientation",1,0.38551724137931,1,520,0.484272661661907,0.344339231552985,0.493744148343723,0.452143972200928,0.350745528452248,0.00640629689926353,"violation",1,1460,0.537321398308004,0.313883293110068,0.499988271583217,0.447714217181526,0.31466714790989,0.000783854799821737,"violation"
109,1390,"forward",0.275084388696711,0.582472438400014,0.426820047845208,0.49831557272494,0.595522884562645,0.0130504461626312,"violation in forward orientation",1,0.38551724137931,1,1390,0.275084388696711,0.582472438400014,0.426820047845208,0.49831557272494,0.595522884562645,0.0130504461626312,"violation",1,2220,0.51070596493616,0.332705973042937,0.49945104188011,0.458844978603957,0.332768271408743,6.22983658060128e-05,"violation"
110,1390,"reverse",0.511313538734416,0.329924100961511,0.49908616869061,0.454721789906789,0.332355061215873,0.0024309602543624,"violation in reverse orientation",1,0.38551724137931,1,2580,0.30426132973461,0.551450065326579,0.446806770188663,0.499624280444094,0.552621849704914,0.00117178437833565,"violation",1,1390,0.511313538734416,0.329924100961511,0.49908616869061,0.454721789906789,0.332355061215873,0.0024309602543624,"violation"
111,50,"forward",0.56895608070809,0.275078575707952,0.485386443980464,0.346987031457949,0.293152439320672,0.0180738636127196,"violation in forward orientation",1,0.38551724137931,1,50,0.56895608070809,0.275078575707952,0.485386443980464,0.346987031457949,0.293152439320672,0.0180738636127196,"violation at burn-in",1,1210,0.497668516311037,0.340454061823304,0.49785346217936,0.458257569495584,0.341635024182454,0.00118096235915027,"violation"
112,1540,"reverse",0.483743747713297,0.349932715022095,0.496871643644567,0.463709114303871,0.351105242178126,0.00117252715603106,"violation in reverse orientation",1,0.38551724137931,1,1870,0.281512583877678,0.58307424189853,0.432858220054252,0.497830806050611,0.586071029237141,0.00299678733861053,"violation",1,1540,0.483743747713297,0.349932715022095,0.496871643644567,0.463709114303871,0.351105242178126,0.00117252715603106,"violation"
113,520,"forward",0.468542392336552,0.360612072076717,0.491040285648925,0.459092074146765,0.361443665271982,0.000831593195265046,"violation in forward orientation",1,0.38551724137931,1,520,0.468542392336552,0.360612072076717,0.491040285648925,0.459092074146765,0.361443665271982,0.000831593195265046,"violation",1,2180,0.565096001802873,0.29505481090428,0.499054530715388,0.441162078450775,0.295777674236161,0.000722863331881207,"violation"
114,1000,"forward",0.308338427317794,0.545908481260688,0.441864232542078,0.499995999984,0.546626988718379,0.000718507457691087,"violation in forward orientation",1,0.38551724137931,1,1000,0.308338427317794,0.545908481260688,0.441864232542078,0.499995999984,0.546626988718379,0.000718507457691087,"violation",1,2220,0.449444320486115,0.373844864912913,0.492853521629878,0.474193192177863,0.374432240446581,0.000587375533668277,"violation"
115,2320,"reverse",0.543021641690418,0.310746511795198,0.499910069201393,0.449294060823819,0.310790419396885,4.39076016871542e-05,"violation in reverse orientation",1,0.38551724137931,1,4000,0.255887538760156,0.621029689249779,0.422900032513595,0.490940360430878,0.623749446326506,0.002719757076727,"violation",1,2320,0.543021641690418,0.310746511795198,0.499910069201393,0.449294060823819,0.310790419396885,4.39076016871542e-05,"violation"
116,1390,"reverse",0.574607700938994,0.286408316032834,0.498903616534467,0.433220182727236,0.289308779353202,0.00290046332036803,"violation in reverse orientation",1,0.38551724137931,1,2090,0.307405143157811,0.547945804814296,0.447055131712014,0.499833080354219,0.547999266100973,5.34612866767148e-05,"violation",1,1390,0.574607700938994,0.286408316032834,0.498903616534467,0.433220182727236,0.289308779353202,0.00290046332036803,"violation"
117,1440,"reverse",0.490780548510035,0.34547028873063,0.49749371855331,0.461516200075467,0.346319522611624,0.000849233880993949,"violation in reverse orientation",1,0.38551724137931,1,2360,0.305181909356008,0.548545589883725,0.44672754383404,0.499767254074091,0.551268252753965,0.00272266287024026,"violation",1,1440,0.490780548510035,0.34547028873063,0.49749371855331,0.461516200075467,0.346319522611624,0.000849233880993949,"violation"
118,1580,"reverse",0.546366007522642,0.307888581454023,0.499951527853944,0.445391128661974,0.308515920308004,0.000627338853980419,"violation in reverse orientation",1,0.38551724137931,1,2620,0.323340198343805,0.523488355955432,0.455716080310945,0.499929486316207,0.524568764695558,0.00108040874012605,"violation",1,1580,0.546366007522642,0.307888581454023,0.499951527853944,0.445391128661974,0.308515920308004,0.000627338853980419,"violation"
119,1390,"forward",0.253101727505241,0.606714848418626,0.413368048126665,0.495695460902268,0.627845632612755,0.0211307841941288,"violation in forward orientation",1,0.38551724137931,1,1390,0.253101727505241,0.606714848418626,0.413368048126665,0.495695460902268,0.627845632612755,0.0211307841941288,"violation",1,2010,0.544565026273572,0.309510683924957,0.499919797532813,0.447820891542819,0.309740765440266,0.000230081515309066,"violation"
120,1180,"reverse",0.548004679441949,0.30730941040744,0.499988508917079,0.442811004550724,0.307401461551272,9.20511438314842e-05,"violation in reverse orientation",1,0.38551724137931,1,3430,0.268824465052206,0.603992828089338,0.429680245863857,0.494220694434618,0.604727317684363,0.000734489595024979,"violation",1,1180,0.548004679441949,0.30730941040744,0.499988508917079,0.442811004550724,0.307401461551272,9.20511438314842e-05,"violation"
121,1390,"reverse",0.626602501175033,0.250059856005125,0.492616147948907,0.411395063467505,0.253947179666968,0.00388732366184358,"violation in reverse orientation",1,0.38551724137931,1,2110,0.301626416990277,0.555249799537429,0.444278102910924,0.499584517745332,0.55649615864446,0.00124635910703108,"violation",1,1390,0.626602501175033,0.250059856005125,0.492616147948907,0.411395063467505,0.253947179666968,0.00388732366184358,"violation"
122,1050,"reverse",0.514431055714274,0.330087349112835,0.498950372204393,0.452652550048886,0.330234841752459,0.000147492639624491,"violation in reverse orientation",1,0.38551724137931,1,2000,0.317738884845498,0.531688799927645,0.451652244542192,0.499983999743992,0.532804794145246,0.00111599421760067,"violation",1,1050,0.514431055714274,0.330087349112835,0.498950372204393,0.452652550048886,0.330234841752459,0.000147492639624491,"violation"
123,1820,"forward",0.384294567408968,0.434705727633259,0.47662262020041,0.489558589555094,0.434943004798426,0.000237277165166527,"violation in forward orientation",1,0.38551724137931,1,1820,0.384294567408968,0.434705727633259,0.47662262020041,0.489558589555094,0.434943004798426,0.000237277165166527,"violation",1,3730,0.591662961154106,0.277591339361544,0.495842673945889,0.435082236043594,0.277709517859101,0.000118178497556742,"violation"
124,1530,"reverse",0.576441186255367,0.28767094693659,0.49865854480999,0.43469752439629,0.288061828244748,0.00039088130815812,"violation in reverse orientation",1,0.38551724137931,1,2360,0.294662092667687,0.561220818775785,0.441468489123318,0.499217284512455,0.566736324676117,0.00551550590033201,"violation",1,1530,0.576441186255367,0.28767094693659,0.49865854480999,0.43469752439629,0.288061828244748,0.00039088130815812,"violation"
125,960,"reverse",0.626288775011395,0.253508240735414,0.493858769664972,0.409806812124797,0.254160544444971,0.000652303709556767,"violation in reverse orientation",1,0.38551724137931,1,1490,0.297261125759059,0.561836646317312,0.439584507216451,0.499538546576075,0.562914772269217,0.0010781259519056,"violation",1,960,0.626288775011395,0.253508240735414,0.493858769664972,0.409806812124797,0.254160544444971,0.000652303709556767,"violation"
126,1250,"reverse",0.58894830933737,0.278866057423302,0.497916298186753,0.428053080820592,0.279555749220605,0.000689691797303271,"violation in reverse orientation",1,0.38551724137931,1,1860,0.329279558072632,0.514713339871788,0.456356297912065,0.499513869353952,0.515835680633455,0.00112234076166673,"violation",1,1250,0.58894830933737,0.278866057423302,0.497916298186753,0.428053080820592,0.279555749220605,0.000689691797303271,"violation"
127,1160,"reverse",0.55613949088664,0.301598007844434,0.499874389691729,0.439759960467031,0.301868986293663,0.000270978449229853,"violation in reverse orientation",1,0.38551724137931,1,1770,0.317482315161359,0.533045304843142,0.450752577700256,0.499979571225552,0.533182047708201,0.000136742865059714,"violation",1,1160,0.55613949088664,0.301598007844434,0.499874389691729,0.439759960467031,0.301868986293663,0.000270978449229853,"violation"
128,850,"reverse",0.552588741694186,0.303859619196306,0.499998615915039,0.437988481623207,0.304283846451983,0.000424227255677201,"violation in reverse orientation",1,0.38551724137931,1,2790,0.30376116667935,0.553259651655271,0.447009593695018,0.499505928733089,0.553357276788939,9.76251336681777e-05,"violation",1,850,0.552588741694186,0.303859619196306,0.499998615915039,0.437988481623207,0.304283846451983,0.000424227255677201,"violation"
129,170,"forward",0.659758031539793,0.230269213239433,0.497189331979187,0.359930789194785,0.231398144247638,0.00112893100820546,"violation in forward orientation",1,0.38551724137931,1,170,0.659758031539793,0.230269213239433,0.497189331979187,0.359930789194785,0.231398144247638,0.00112893100820546,"violation",1,2920,0.58305641607591,0.282780159961951,0.497210741334653,0.436513679231392,0.283562818580617,0.00078265861866661,"violation"
130,2390,"reverse",0.531458273272142,0.318299827472701,0.499997198920744,0.45296418736176,0.318654652035057,0.000354824562356137,"violation in reverse orientation",1,0.38551724137931,1,5540,0.350680482653561,0.484335600737887,0.469740815431425,0.498477526723168,0.484368303356257,3.27026183699064e-05,"violation",1,2390,0.531458273272142,0.318299827472701,0.499997198920744,0.45296418736176,0.318654652035057,0.000354824562356137,"violation"
131,1390,"forward",0.341113297323729,0.498284605946131,0.459502772561627,0.49813325767774,0.498435650265323,0.000151044319192273,"violation in forward orientation",1,0.38551724137931,1,1390,0.341113297323729,0.498284605946131,0.459502772561627,0.49813325767774,0.498435650265323,0.000151044319192273,"violation",1,1970,0.505392954414138,0.335535059845702,0.499071518039262,0.459356927259903,0.336381643329697,0.000846583483995411,"violation"
132,300,"forward",0.38603707131466,0.417880981301368,0.462493243193887,0.47370877129308,0.432380871204614,0.0144998899032463,"violation in forward orientation",1,0.38551724137931,1,300,0.38603707131466,0.417880981301368,0.462493243193887,0.47370877129308,0.432380871204614,0.0144998899032463,"violation",1,3560,0.524432858338332,0.323150062922039,0.499986665015967,0.457145898818379,0.323432628090188,0.000282565168149562,"violation"
133,300,"forward",0.442406415357125,0.37891084225202,0.480959688770506,0.459697968477371,0.37921871106809,0.000307868816070034,"violation in forward orientation",1,0.38551724137931,1,300,0.442406415357125,0.37891084225202,0.480959688770506,0.459697968477371,0.37921871106809,0.000307868816070034,"violation",1,2360,0.554040839621022,0.30167748398103,0.499568723796872,0.445007254410559,0.303296276438042,0.00161879245701202,"violation"
134,1280,"forward",0.328943953648616,0.513327825691073,0.453689707383733,0.499117874197819,0.516329144875454,0.00300131918438107,"violation in forward orientation",1,0.38551724137931,1,1280,0.328943953648616,0.513327825691073,0.453689707383733,0.499117874197819,0.516329144875454,0.00300131918438107,"violation",1,1440,0.58319974382362,0.283312431865407,0.498202304556525,0.431803187870997,0.283465341555695,0.000152909690288194,"violation"
135,210,"reverse",0.485280598226112,0.336792989159324,0.487857084756789,0.434378645027856,0.350060032034708,0.013267042875384,"violation in reverse orientation",1,0.38551724137931,1,510,0.338319571953921,0.499231643925458,0.449190822738625,0.495795470722482,0.502543473265595,0.0033118293401373,"violation",1,210,0.485280598226112,0.336792989159324,0.487857084756789,0.434378645027856,0.350060032034708,0.013267042875384,"violation"
136,1530,"forward",0.31220340969701,0.540600614071696,0.447252280124009,0.499999572813693,0.540944016553479,0.000343402481782995,"violation in forward orientation",1,0.38551724137931,1,1530,0.31220340969701,0.540600614071696,0.447252280124009,0.499999572813693,0.540944016553479,0.000343402481782995,"violation",1,2360,0.57471721556111,0.285001355596292,0.498272655465,0.436383902839984,0.289234298593405,0.00423294299711241,"violation"
137,520,"forward",0.46657163903905,0.360612072076717,0.490667339314349,0.459092074146765,0.36278397216556,0.00217190008884321,"violation in forward orientation",1,0.38551724137931,1,520,0.46657163903905,0.360612072076717,0.490667339314349,0.459092074146765,0.36278397216556,0.00217190008884321,"violation",1,3740,0.541945413586837,0.311243637007803,0.499791486162518,0.452061394206839,0.311522360806355,0.000278723798552261,"violation"
138,220,"reverse",0.474177520579091,0.352400930888011,0.485832335123178,0.44301278827875,0.357611221485514,0.00521029059750278,"violation in reverse orientation",1,0.38551724137931,1,280,0.449724923525101,0.370115824531522,0.482222215691192,0.455073441034185,0.374241402664913,0.00412557813339093,"violation",1,220,0.474177520579091,0.352400930888011,0.485832335123178,0.44301278827875,0.357611221485514,0.00521029059750278,"violation"
139,1550,"reverse",0.575753475816427,0.288115346063297,0.498692984739204,0.435042069801759,0.288529539268378,0.00041419320508046,"violation in reverse orientation",1,0.38551724137931,1,2380,0.256445220810478,0.622149798268549,0.419912527334259,0.491925301324486,0.622929444769477,0.000779646500927988,"violation",1,1550,0.575753475816427,0.288115346063297,0.498692984739204,0.435042069801759,0.288529539268378,0.00041419320508046,"violation"
140,480,"forward",0.566268213992942,0.293901024477391,0.5,0.42555111326373,0.294980454167532,0.00107942969014047,"violation in forward orientation",1,0.38551724137931,1,480,0.566268213992942,0.293901024477391,0.5,0.42555111326373,0.294980454167532,0.00107942969014047,"violation",1,1060,0.452500751359888,0.372180182438616,0.491199699604367,0.469595312924829,0.372353565568779,0.000173383130162519,"violation"
141,50,"reverse",0.590712364249548,0.275078575707952,0.489897948556636,0.346987031457949,0.278356017644644,0.00327744193669183,"violation in reverse orientation",1,0.38551724137931,1,1620,0.283769870722248,0.58267115829822,0.433012701892219,0.498075476211235,0.582751971852852,8.08135546322974e-05,"violation",1,50,0.590712364249548,0.275078575707952,0.489897948556636,0.346987031457949,0.278356017644644,0.00327744193669183,"violation at burn-in"
142,340,"forward",0.33951572543478,0.500191737845776,0.444263707964687,0.494117647058824,0.5007846794938,0.000592941648023926,"violation in forward orientation",1,0.38551724137931,1,340,0.33951572543478,0.500191737845776,0.444263707964687,0.494117647058824,0.5007846794938,0.000592941648023926,"violation",1,2070,0.535663050024131,0.315787815046534,0.49999976662227,0.450964566365942,0.315794988537961,7.17349142737023e-06,"violation"
143,1490,"forward",0.323806243334473,0.52023042463976,0.452478423320947,0.499594448383163,0.523883503949273,0.00365307930951353,"violation in forward orientation",1,0.38551724137931,1,1490,0.323806243334473,0.52023042463976,0.452478423320947,0.499594448383163,0.523883503949273,0.00365307930951353,"violation",1,2360,0.585664818488705,0.279284590778048,0.497231635208377,0.433257065563474,0.281788847308045,0.00250425652999653,"violation"
144,1190,"forward",0.338997410634698,0.501434192241959,0.457520389090105,0.498159879261791,0.501546796443507,0.000112604201548017,"violation in forward orientation",1,0.38551724137931,1,1190,0.338997410634698,0.501434192241959,0.457520389090105,0.498159879261791,0.501546796443507,0.000112604201548017,"violation",1,1390,0.560998459051764,0.295445936228561,0.499622547866826,0.438081650291751,0.298564408021158,0.00311847179259711,"violation"
145,800,"reverse",0.51514457248275,0.327408232527333,0.498591766879478,0.448998886412873,0.329749579875854,0.00234134734852087,"violation in reverse orientation",1,0.38551724137931,1,1260,0.333165949193548,0.509952036248844,0.455433864615986,0.498887651569859,0.510121229597186,0.000169193348341423,"violation",1,800,0.51514457248275,0.327408232527333,0.498591766879478,0.448998886412873,0.329749579875854,0.00234134734852087,"violation"
146,160,"reverse",0.448788001011108,0.373747426619383,0.474958879799083,0.446514277487294,0.374878602514252,0.00113117589486905,"violation in reverse orientation",1,0.38551724137931,1,1920,0.345083703196851,0.492416214431222,0.463089667268182,0.498082259772419,0.492597666066059,0.000181451634837404,"violation",1,160,0.448788001011108,0.373747426619383,0.474958879799083,0.446514277487294,0.374878602514252,0.00113117589486905,"violation"
147,1530,"reverse",0.510466116285451,0.332552168853637,0.499134198484622,0.456526005665088,0.332931392181073,0.000379223327436617,"violation in reverse orientation",1,0.38551724137931,1,2120,0.28261708670467,0.583250853309327,0.434365839823148,0.497633908553238,0.584446996264676,0.00119614295534853,"violation",1,1530,0.510466116285451,0.332552168853637,0.499134198484622,0.456526005665088,0.332931392181073,0.000379223327436617,"violation"
148,600,"forward",0.571600560872012,0.291207451974605,0.499863870357609,0.427083130081252,0.291353931613934,0.000146479639328401,"violation in forward orientation",1,0.38551724137931,1,600,0.571600560872012,0.291207451974605,0.499863870357609,0.427083130081252,0.291353931613934,0.000146479639328401,"violation",1,1240,0.544485702586103,0.308109271949365,0.499999349635373,0.443624626878807,0.309794713382544,0.00168544143317917,"violation"
149,1390,"forward",0.338131985121981,0.499009174331796,0.458257569495584,0.49819507566775,0.502819296190468,0.00381012185867141,"violation in forward orientation",1,0.38551724137931,1,1390,0.338131985121981,0.499009174331796,0.458257569495584,0.49819507566775,0.502819296190468,0.00381012185867141,"violation",1,4000,0.601461830043003,0.268022262762204,0.49434299833213,0.430087200460558,0.271045319180502,0.00302305641829742,"violation"
150,1010,"forward",0.348874418138836,0.485956297377775,0.460386457900932,0.496217434181912,0.487023894859181,0.00106759748140567,"violation in forward orientation",1,0.38551724137931,1,1010,0.348874418138836,0.485956297377775,0.460386457900932,0.496217434181912,0.487023894859181,0.00106759748140567,"violation",1,1400,0.518578417971268,0.326901358287036,0.499477277781891,0.453430799346403,0.327414225782789,0.000512867495753022,"violation"
151,640,"reverse",0.519012418690015,0.327021560909308,0.498471785654665,0.446514277487294,0.327119062427795,9.75015184876971e-05,"violation in reverse orientation",1,0.38551724137931,1,1100,0.325088839498567,0.517725488541454,0.450762439495023,0.499205153342758,0.521997607046212,0.00427211850475817,"violation",1,640,0.519012418690015,0.327021560909308,0.498471785654665,0.446514277487294,0.327119062427795,9.75015184876971e-05,"violation"
152,90,"reverse",0.566413277978533,0.275464716989807,0.493913572686508,0.372677996249965,0.294881796329362,0.0194170793395549,"violation in reverse orientation",1,0.38551724137931,1,820,0.274477083866636,0.574126666695635,0.421145077948855,0.499517911552656,0.596415850197749,0.022289183502114,"violation",1,90,0.566413277978533,0.275464716989807,0.493913572686508,0.372677996249965,0.294881796329362,0.0194170793395549,"violation"
153,1780,"forward",0.262485713474478,0.613442096215715,0.421407860960894,0.494127871343266,0.614047657401859,0.000605561186143855,"violation in forward orientation",1,0.38551724137931,1,1780,0.262485713474478,0.613442096215715,0.421407860960894,0.494127871343266,0.614047657401859,0.000605561186143855,"violation",1,2360,0.592393639190795,0.273121121379743,0.496468424267011,0.42978531782706,0.277212584625093,0.00409146324534965,"violation"
154,340,"forward",0.358509093025295,0.469933272158542,0.452941176470588,0.488660339433885,0.472857313016006,0.00292404085746401,"violation in forward orientation",1,0.38551724137931,1,340,0.358509093025295,0.469933272158542,0.452941176470588,0.488660339433885,0.472857313016006,0.00292404085746401,"violation",1,1450,0.60261876350328,0.269835401290232,0.49613248585395,0.424106530937486,0.270258490157211,0.000423088866978893,"violation"
155,2320,"forward",0.307184163696318,0.547755477671276,0.447593769860656,0.499797632947695,0.548324188702284,0.000568711031007862,"violation in forward orientation",1,0.38551724137931,1,2320,0.307184163696318,0.547755477671276,0.447593769860656,0.499797632947695,0.548324188702284,0.000568711031007862,"violation",1,2450,0.601862349683588,0.270555857863385,0.495161932545202,0.42856443142976,0.270772926265584,0.000217068402199094,"violation"
156,1870,"reverse",0.601636241892583,0.270909012603349,0.495725386347226,0.426822395250889,0.270926701896131,1.76892927818417e-05,"violation in reverse orientation",1,0.38551724137931,1,2360,0.275763501790081,0.590712019287185,0.431286623248714,0.496668013059813,0.594524333876568,0.00381231458938314,"violation",1,1870,0.601636241892583,0.270909012603349,0.495725386347226,0.426822395250889,0.270926701896131,1.76892927818417e-05,"violation"
157,830,"reverse",0.555562886114869,0.300732080000029,0.499986935523905,0.43609798060334,0.302261134489713,0.00152905448968438,"violation in reverse orientation",1,0.38551724137931,1,1450,0.277801156815419,0.589634980049753,0.428750361831347,0.497596601798369,0.591528217554556,0.00189323750480275,"violation",1,830,0.555562886114869,0.300732080000029,0.499986935523905,0.43609798060334,0.302261134489713,0.00152905448968438,"violation"
158,1190,"reverse",0.479375233466597,0.3538196510662,0.495795470722482,0.463554883182647,0.354076263343977,0.000256612277776902,"violation in reverse orientation",1,0.38551724137931,1,2610,0.263141233836043,0.611225676377431,0.424631713039837,0.493608091703452,0.61308379687087,0.00185812049343947,"violation",1,1190,0.479375233466597,0.3538196510662,0.495795470722482,0.463554883182647,0.354076263343977,0.000256612277776902,"violation"
159,480,"reverse",0.49476652717318,0.325276480357752,0.494957209149325,0.442216638714053,0.343608663425625,0.0183321830678737,"violation in reverse orientation",1,0.38551724137931,1,4000,0.288367122887129,0.573646136760192,0.441199997166818,0.497786098640772,0.575992288748337,0.00234615198814492,"violation",1,480,0.49476652717318,0.325276480357752,0.494957209149325,0.442216638714053,0.343608663425625,0.0183321830678737,"violation"
160,2360,"forward",0.275323198613325,0.593654597581002,0.431037810168536,0.496314881550968,0.595171744511886,0.00151714693088367,"violation in forward orientation",1,0.38551724137931,1,2360,0.275323198613325,0.593654597581002,0.431037810168536,0.496314881550968,0.595171744511886,0.00151714693088367,"violation",1,3150,0.574187157164482,0.289521814751937,0.497992341188181,0.440526952601947,0.289594790656973,7.29759050355772e-05,"violation"
161,1690,"forward",0.25621386713211,0.622951698536301,0.41709429172741,0.492686259204327,0.623269621356435,0.000317922820133987,"violation in forward orientation",1,0.38551724137931,1,1690,0.25621386713211,0.622951698536301,0.41709429172741,0.492686259204327,0.623269621356435,0.000317922820133987,"violation",1,1920,0.564372981443606,0.295530670329622,0.499208357677433,0.440553579712187,0.296269399493174,0.000738729163551555,"violation"
162,1670,"forward",0.318546023197677,0.531307890347477,0.450856452488853,0.499948364073306,0.531617998362342,0.000310108014865307,"violation in forward orientation",1,0.38551724137931,1,1670,0.318546023197677,0.531307890347477,0.450856452488853,0.499948364073306,0.531617998362342,0.000310108014865307,"violation",1,1710,0.542207901380794,0.311315037881267,0.499983242426342,0.447612592464969,0.311343843180549,2.88052992820642e-05,"violation"
163,650,"forward",0.513007278947672,0.328699378394041,0.49800548938302,0.447478140684584,0.331203150580161,0.0025037721861203,"violation in forward orientation",1,0.38551724137931,1,650,0.513007278947672,0.328699378394041,0.49800548938302,0.447478140684584,0.331203150580161,0.0025037721861203,"violation",1,1230,0.54626919757031,0.306282521004211,0.499994051124635,0.442644663773747,0.308581760637507,0.00229923963329653,"violation"
164,830,"reverse",0.563982894305594,0.295628322165037,0.499854819973711,0.433359944990195,0.296534697275924,0.000906375110886315,"violation in reverse orientation",1,0.38551724137931,1,930,0.30812849575197,0.546211860236662,0.441075216390638,0.499989594064453,0.546935666773814,0.000723806537151761,"violation",1,830,0.563982894305594,0.295628322165037,0.499854819973711,0.433359944990195,0.296534697275924,0.000906375110886315,"violation"
165,720,"forward",0.465525163070853,0.362308419651928,0.492035329455212,0.462948147911104,0.363495679184351,0.00118725953242327,"violation in forward orientation",1,0.38551724137931,1,720,0.465525163070853,0.362308419651928,0.492035329455212,0.462948147911104,0.363495679184351,0.00118725953242327,"violation",1,910,0.497992391504348,0.341151575170845,0.497325293718315,0.456313967465117,0.341414757061854,0.000263181891009212,"violation"
166,160,"forward",0.641609709427252,0.221338017550516,0.499022481958478,0.350836055017155,0.243740795793699,0.0224027782431828,"violation in forward orientation",1,0.38551724137931,1,160,0.641609709427252,0.221338017550516,0.499022481958478,0.350836055017155,0.243740795793699,0.0224027782431828,"violation",1,2130,0.554453629826929,0.302762761971168,0.499611036964055,0.444903249046019,0.303015538326742,0.000252776355574191,"violation"
167,2020,"reverse",0.547906972137993,0.306483288226823,0.499846805273656,0.446389462905301,0.307467912168511,0.000984623941687246,"violation in reverse orientation",1,0.38551724137931,1,3790,0.312645221128913,0.540287364898646,0.452766835173261,0.499832819218178,0.540294388218008,7.0233193619762e-06,"violation",1,2020,0.547906972137993,0.306483288226823,0.499846805273656,0.446389462905301,0.307467912168511,0.000984623941687246,"violation"
168,380,"reverse",0.45863575113961,0.367552686422703,0.487026991920084,0.458257569495584,0.368181159764721,0.000628473342018543,"violation in reverse orientation",1,0.38551724137931,1,480,0.632343188332073,0.22999330199727,0.495535624910617,0.383491815065488,0.250042945392587,0.020049643395317,"violation",1,380,0.45863575113961,0.367552686422703,0.487026991920084,0.458257569495584,0.368181159764721,0.000628473342018543,"violation"
169,2070,"reverse",0.641131912962863,0.243880105774766,0.488468628440815,0.410805588205192,0.244065744581434,0.000185638806668859,"violation in reverse orientation",1,0.38551724137931,1,2190,0.24617403077936,0.637717909834873,0.412756343181489,0.489041095890411,0.638031942354231,0.000314032519358576,"violation",1,2070,0.641131912962863,0.243880105774766,0.488468628440815,0.410805588205192,0.244065744581434,0.000185638806668859,"violation"
170,570,"forward",0.510143860964205,0.328380437297633,0.497404776046859,0.44584881230626,0.333150557628675,0.00477012033104202,"violation in forward orientation",1,0.38551724137931,1,570,0.510143860964205,0.328380437297633,0.497404776046859,0.44584881230626,0.333150557628675,0.00477012033104202,"violation",1,2360,0.597016076597721,0.273121121379743,0.495889271112263,0.42978531782706,0.274068870630301,0.000947749250558183,"violation"
171,850,"forward",0.334808892160788,0.507687797603354,0.452941176470588,0.498101586336983,0.507705487884739,1.76902813843194e-05,"violation in forward orientation",1,0.38551724137931,1,850,0.334808892160788,0.507687797603354,0.452941176470588,0.498101586336983,0.507705487884739,1.76902813843194e-05,"violation",1,1690,0.649750060682349,0.238145048874625,0.487196455796927,0.405228252503288,0.238204552917849,5.95040432238014e-05,"violation"
172,1320,"forward",0.350750685408998,0.482375661358218,0.46305110119084,0.496405236536986,0.484265079003362,0.00188941764514372,"violation in forward orientation",1,0.38551724137931,1,1320,0.350750685408998,0.482375661358218,0.46305110119084,0.496405236536986,0.484265079003362,0.00188941764514372,"violation",1,1630,0.629043876772355,0.251835083730355,0.491686694591332,0.41399725788273,0.252286803126154,0.000451719395798467,"violation"
173,1010,"forward",0.330292789540714,0.513931711814396,0.452422164704787,0.498865490655433,0.514345850754625,0.000414138940229125,"violation in forward orientation",1,0.38551724137931,1,1010,0.330292789540714,0.513931711814396,0.452422164704787,0.498865490655433,0.514345850754625,0.000414138940229125,"violation",1,2360,0.555308398784891,0.300801039325408,0.499514271393202,0.444572103342509,0.302434211009808,0.00163317168440064,"violation"
174,490,"reverse",0.487308144967226,0.347200088857542,0.493949227384407,0.452716360749527,0.348681099989986,0.00148101113244398,"violation in reverse orientation",1,0.38551724137931,1,690,0.380421897191526,0.440353694652914,0.469314658504559,0.486714915908461,0.440637280965868,0.000283586312953332,"violation",1,490,0.487308144967226,0.347200088857542,0.493949227384407,0.452716360749527,0.348681099989986,0.00148101113244398,"violation"
175,1030,"forward",0.252364263548037,0.62630938480967,0.409842153770979,0.493621297258318,0.628929980930602,0.00262059612093202,"violation in forward orientation",1,0.38551724137931,1,1030,0.252364263548037,0.62630938480967,0.409842153770979,0.493621297258318,0.628929980930602,0.00262059612093202,"violation",1,1180,0.563228914241828,0.296650620684273,0.499652277825285,0.437327550450716,0.297047478189885,0.00039685750561208,"violation"
176,2290,"forward",0.293480634625557,0.567275487976404,0.440668261415179,0.498868114919382,0.568473510647139,0.00119802267073477,"violation in forward orientation",1,0.38551724137931,1,2290,0.293480634625557,0.567275487976404,0.440668261415179,0.498868114919382,0.568473510647139,0.00119802267073477,"violation",1,2360,0.607510563964296,0.264744568347003,0.494407099236981,0.424895850496368,0.266931582680653,0.00218701433364976,"violation"
177,2160,"reverse",0.473656563963067,0.357373966971281,0.496308172536178,0.46837484987988,0.357965523439288,0.000591556468006516,"violation in reverse orientation",1,0.38551724137931,1,3100,0.292082710193527,0.57028704465875,0.441761679974464,0.498345232608564,0.570528983313347,0.000241938654596985,"violation",1,2160,0.473656563963067,0.357373966971281,0.496308172536178,0.46837484987988,0.357965523439288,0.000591556468006516,"violation"
178,820,"reverse",0.551006134558304,0.300397289596425,0.499998512787794,0.435792644534461,0.305360175618468,0.00496288602204303,"violation in reverse orientation",1,0.38551724137931,1,2010,0.326996604377315,0.518679705132816,0.455830007261383,0.499713786550464,0.519192477904772,0.000512772771955494,"violation",1,820,0.551006134558304,0.300397289596425,0.499998512787794,0.435792644534461,0.305360175618468,0.00496288602204303,"violation"
179,2570,"forward",0.304611241953403,0.551188953268766,0.446954362765586,0.49963634976429,0.552107347643986,0.0009183943752199,"violation in forward orientation",1,0.38551724137931,1,2570,0.304611241953403,0.551188953268766,0.446954362765586,0.49963634976429,0.552107347643986,0.0009183943752199,"violation",1,4900,0.552329948507,0.303983043344815,0.499229059962162,0.449894198307747,0.304459851380269,0.000476808035454024,"violation"
180,2360,"reverse",0.526948233301456,0.312621716027949,0.499959600493706,0.450276615483216,0.321721924671712,0.00910020864376276,"violation in reverse orientation",1,0.38551724137931,1,2720,0.31061976583898,0.543153538451603,0.450144152228447,0.499861572533338,0.543272566358182,0.000119027906578584,"violation",1,2360,0.526948233301456,0.312621716027949,0.499959600493706,0.450276615483216,0.321721924671712,0.00910020864376276,"violation"
181,1520,"forward",0.310088445797474,0.54268903654537,0.446182153994236,0.499993074744285,0.54405380588537,0.00136476934000018,"violation in forward orientation",1,0.38551724137931,1,1520,0.310088445797474,0.54268903654537,0.446182153994236,0.499993074744285,0.54405380588537,0.00136476934000018,"violation",1,2270,0.554966049402716,0.301926109657247,0.499552673037986,0.444890519975112,0.302667042403531,0.000740932746284728,"violation"
182,1640,"forward",0.317873021608665,0.531471567058386,0.450421179062978,0.499946457573423,0.532607562847254,0.00113599578886803,"violation in forward orientation",1,0.38551724137931,1,1640,0.317873021608665,0.531471567058386,0.450421179062978,0.499946457573423,0.532607562847254,0.00113599578886803,"violation",1,1710,0.591115485487975,0.277205370958377,0.497159951634945,0.429757324573638,0.278081855386235,0.000876484427857094,"violation"
183,320,"forward",0.346245289327667,0.484614488387416,0.446514277487294,0.491132301421928,0.490889699249946,0.00627521086252969,"violation in forward orientation",1,0.38551724137931,1,320,0.346245289327667,0.484614488387416,0.446514277487294,0.491132301421928,0.490889699249946,0.00627521086252969,"violation",1,1750,0.545741725487192,0.308560459803268,0.499935995903476,0.446442262647199,0.308940493752438,0.000380033949170133,"violation"
184,520,"reverse",0.861533027048263,0.0922596798997174,0.391080282016683,0.240315374643282,0.094171217988257,0.00191153808853962,"violation in reverse orientation",1,0.38551724137931,1,1470,0.291235457883435,0.569811428190881,0.436300035892527,0.499143604594221,0.571774761643616,0.00196333345273458,"violation",1,520,0.861533027048263,0.0922596798997174,0.391080282016683,0.240315374643282,0.094171217988257,0.00191153808853962,"violation"
185,820,"reverse",0.528998961977436,0.319713091701826,0.499462828639077,0.44558779499197,0.320327226621601,0.000614134919775078,"violation in reverse orientation",1,0.38551724137931,1,2360,0.275763501790081,0.590712019287185,0.431286623248714,0.496668013059813,0.594524333876568,0.00381231458938314,"violation",1,820,0.528998961977436,0.319713091701826,0.499462828639077,0.44558779499197,0.320327226621601,0.000614134919775078,"violation"
186,50,"reverse",0.246504271019468,0.501594493296846,0.324961536185438,0.466476151587624,0.63754636547234,0.135951872175494,"violation in reverse orientation",1,0.38551724137931,1,3970,0.29438252637668,0.566812130076289,0.444233097743371,0.498393386026915,0.567147391867155,0.000335261790866848,"violation",1,50,0.246504271019468,0.501594493296846,0.324961536185438,0.466476151587624,0.63754636547234,0.135951872175494,"violation at burn-in"
187,1680,"reverse",0.558013992056565,0.300010195180366,0.499614009174348,0.441902051895426,0.300594140353659,0.000583945173292466,"violation in reverse orientation",1,0.38551724137931,1,2710,0.263257091234843,0.611843951977399,0.424952089695429,0.493426237312819,0.612913443087107,0.00106949110970733,"violation",1,1680,0.558013992056565,0.300010195180366,0.499614009174348,0.441902051895426,0.300594140353659,0.000583945173292466,"violation"
188,1180,"forward",0.422099129755255,0.392560831503024,0.485091585781289,0.476969600708473,0.39302967102769,0.000468839524666531,"violation in forward orientation",1,0.38551724137931,1,1180,0.422099129755255,0.392560831503024,0.485091585781289,0.476969600708473,0.39302967102769,0.000468839524666531,"violation",1,1390,0.540166385527725,0.31196741494325,0.499997929709497,0.446423601974604,0.31273227560113,0.000764860657879174,"violation"
189,1230,"forward",0.290946950783378,0.570596817961441,0.434643149256321,0.499279671489717,0.572198975173752,0.00160215721231172,"violation in forward orientation",1,0.38551724137931,1,1230,0.290946950783378,0.570596817961441,0.434643149256321,0.499279671489717,0.572198975173752,0.00160215721231172,"violation",1,1690,0.560161654711463,0.298902827893987,0.499520445073464,0.441380457313706,0.299133517623716,0.000230689729729672,"violation"
190,1580,"reverse",0.558366719553706,0.298003030999296,0.499639350784571,0.440419022338889,0.300354250816713,0.00235121981741676,"violation in reverse orientation",1,0.38551724137931,1,2750,0.271224661580095,0.600406416439678,0.429709261695366,0.495152568523786,0.601198129522567,0.000791713082888612,"violation",1,1580,0.558366719553706,0.298003030999296,0.499639350784571,0.440419022338889,0.300354250816713,0.00235121981741676,"violation"
191,1270,"reverse",0.56288728915599,0.296114750641406,0.499612348951663,0.437681965736545,0.29727981699056,0.00116506634915453,"violation in reverse orientation",1,0.38551724137931,1,2760,0.285278987614971,0.579611082310425,0.437517965544654,0.497637244523715,0.580533004609679,0.000921922299254696,"violation",1,1270,0.56288728915599,0.296114750641406,0.499612348951663,0.437681965736545,0.29727981699056,0.00116506634915453,"violation"
192,1620,"reverse",0.502470753852441,0.33829123310836,0.498671837569683,0.459327288204584,0.338369028337362,7.77952290020312e-05,"violation in reverse orientation",1,0.38551724137931,1,2360,0.299047741259325,0.558265197041586,0.443695665009836,0.499374608885954,0.560287778104384,0.00202258106279796,"violation",1,1620,0.502470753852441,0.33829123310836,0.498671837569683,0.459327288204584,0.338369028337362,7.77952290020312e-05,"violation"
193,1430,"forward",0.25139881102268,0.629264852195472,0.4125334799407,0.492049360066593,0.630349557862604,0.00108470566713226,"violation in forward orientation",1,0.38551724137931,1,1430,0.25139881102268,0.629264852195472,0.4125334799407,0.492049360066593,0.630349557862604,0.00108470566713226,"violation",1,1720,0.568763855166906,0.293234536775049,0.499049597004563,0.438570601529206,0.293283171674791,4.8634899742328e-05,"violation"
194,2240,"reverse",0.520186974621303,0.325678670398893,0.499808437474717,0.455882050400705,0.326320248383646,0.000641577984752728,"violation in reverse orientation",1,0.38551724137931,1,2940,0.317029728012179,0.53278121439277,0.453509793056928,0.499994331033622,0.533847520385338,0.00106630599256763,"violation",1,2240,0.520186974621303,0.325678670398893,0.499808437474717,0.455882050400705,0.326320248383646,0.000641577984752728,"violation"
195,730,"forward",0.367560434998165,0.45664970380293,0.465086145689555,0.49044922174143,0.459548449109301,0.00289874530637102,"violation in forward orientation",1,0.38551724137931,1,730,0.367560434998165,0.45664970380293,0.465086145689555,0.49044922174143,0.459548449109301,0.00289874530637102,"violation",1,1960,0.581759402935222,0.284358391981664,0.497887038935732,0.434765731342203,0.284444915622256,8.65236405914183e-05,"violation"
196,1660,"forward",0.310405164337511,0.543412544650173,0.446968466434642,0.499976774028706,0.543588110968669,0.000175566318496356,"violation in forward orientation",1,0.38551724137931,1,1660,0.310405164337511,0.543412544650173,0.446968466434642,0.499976774028706,0.543588110968669,0.000175566318496356,"violation",1,1910,0.621191440715178,0.256621778581886,0.492663202180909,0.418355731466048,0.257627235230039,0.00100545664815282,"violation"
197,1140,"reverse",0.579384799186802,0.284595980167099,0.498828266930811,0.430450671802993,0.286059880710762,0.00146390054366247,"violation in reverse orientation",1,0.38551724137931,1,3120,0.289593681035839,0.574094501907742,0.440510563111735,0.498011228053733,0.574188788723283,9.42868155414667e-05,"violation",1,1140,0.579384799186802,0.284595980167099,0.498828266930811,0.430450671802993,0.286059880710762,0.00146390054366247,"violation"
198,440,"reverse",0.408638037861933,0.401501844584595,0.474771584923992,0.472464962188592,0.402184543067017,0.000682698482422528,"violation in reverse orientation",1,0.38551724137931,1,630,0.393596669408806,0.419925471941533,0.473061146230128,0.481004764290693,0.421265429701472,0.00133995775993934,"violation",1,440,0.408638037861933,0.401501844584595,0.474771584923992,0.472464962188592,0.402184543067017,0.000682698482422528,"violation"
199,1620,"forward",0.347852481288463,0.488176475126141,0.463199528037289,0.497431292306247,0.488526524911568,0.000350049785426743,"violation in forward orientation",1,0.38551724137931,1,1620,0.347852481288463,0.488176475126141,0.463199528037289,0.497431292306247,0.488526524911568,0.000350049785426743,"violation",1,2570,0.5566211463669,0.301397170460311,0.499398720962876,0.445379820948563,0.301541412993982,0.000144242533670569,"violation"
200,2100,"reverse",0.504427798098524,0.336464491869305,0.499070337541773,0.460104247282447,0.337038044952791,0.000573553083485723,"violation in reverse orientation",1,0.38551724137931,1,2390,0.332087871609704,0.511343393794965,0.458984373367477,0.499526394629695,0.511706407561652,0.000363013766686682,"violation",1,2100,0.504427798098524,0.336464491869305,0.499070337541773,0.460104247282447,0.337038044952791,0.000573553083485723,"violation"
201,900,"forward",0.326198379359902,0.520057700473306,0.449541604660778,0.499099188538711,0.52036616774607,0.00030846727276379,"violation in forward orientation",1,0.38551724137931,1,900,0.326198379359902,0.520057700473306,0.449541604660778,0.499099188538711,0.52036616774607,0.00030846727276379,"violation",1,2620,0.536087148863118,0.315481876219345,0.499982372511368,0.452192471833887,0.315506559439214,2.46832198682601e-05,"violation"
202,50,"forward",0.524410079701748,0.275078575707952,0.47370877129308,0.346987031457949,0.323448119812911,0.0483695441049587,"violation in forward orientation",1,0.38551724137931,1,50,0.524410079701748,0.275078575707952,0.47370877129308,0.346987031457949,0.323448119812911,0.0483695441049587,"violation at burn-in",1,4400,0.576054643639187,0.28817926412349,0.497447825247005,0.44157494239604,0.288324715402559,0.000145451279069508,"violation"
203,110,"forward",0.47139201769225,0.338260821129089,0.475516248386255,0.419070202604222,0.359505638572648,0.0212448174435597,"violation in forward orientation",1,0.38551724137931,1,110,0.47139201769225,0.338260821129089,0.475516248386255,0.419070202604222,0.359505638572648,0.0212448174435597,"violation",1,2590,0.520837830800244,0.325794588298632,0.499874613457864,0.45672526058439,0.32587760189691,8.30135982775593e-05,"violation"
204,590,"reverse",0.524654968891703,0.323091227180994,0.498731513608174,0.443695665009836,0.323281570976039,0.000190343795045345,"violation in reverse orientation",1,0.38551724137931,1,640,0.345170672495473,0.490537142502655,0.454768034105026,0.49546527612311,0.492469788612871,0.00193264611021615,"violation",1,590,0.524654968891703,0.323091227180994,0.498731513608174,0.443695665009836,0.323281570976039,0.000190343795045345,"violation"
205,720,"forward",0.290490626957623,0.571930801448605,0.428928376852285,0.499722145018832,0.572869942165449,0.000939140716843756,"violation in forward orientation",1,0.38551724137931,1,720,0.290490626957623,0.571930801448605,0.428928376852285,0.499722145018832,0.572869942165449,0.000939140716843756,"violation",1,1430,0.546000457239009,0.308613835804764,0.499976037373858,0.445004218476995,0.308764530606271,0.000150694801507034,"violation"
206,2290,"reverse",0.545072400168056,0.308843369031465,0.49987107660734,0.448311499035891,0.309395701078704,0.00055233204723848,"violation in reverse orientation",1,0.38551724137931,1,2360,0.271799423597243,0.597436151217446,0.429027045403924,0.495834414632241,0.600353014015066,0.00291686279761949,"violation",1,2290,0.545072400168056,0.308843369031465,0.49987107660734,0.448311499035891,0.309395701078704,0.00055233204723848,"violation"
207,1980,"forward",0.334931318644326,0.505471515431675,0.459133966933267,0.499080881575776,0.507525475085216,0.00205395965354127,"violation in forward orientation",1,0.38551724137931,1,1980,0.334931318644326,0.505471515431675,0.459133966933267,0.499080881575776,0.507525475085216,0.00205395965354127,"violation",1,2140,0.598890637262835,0.272264050523176,0.495824120242946,0.428609125152955,0.272793984227692,0.00052993370451615,"violation"
208,480,"forward",0.484137412915505,0.347485546590422,0.493354271796647,0.452596674755792,0.350837510958319,0.00335196436789703,"violation in forward orientation",1,0.38551724137931,1,480,0.484137412915505,0.347485546590422,0.493354271796647,0.452596674755792,0.350837510958319,0.00335196436789703,"violation",1,3460,0.595500305741905,0.274909366126111,0.49544443106108,0.433179437576966,0.275099744524924,0.000190378398813473,"violation"
209,2250,"reverse",0.491185522006917,0.345766014438118,0.498176229416414,0.464205361110738,0.346044100634517,0.000278086196399352,"violation in reverse orientation",1,0.38551724137931,1,2350,0.314355229472656,0.537194631428493,0.451059012419077,0.499985332514607,0.53778003527516,0.000585403846667387,"violation",1,2250,0.491185522006917,0.345766014438118,0.498176229416414,0.464205361110738,0.346044100634517,0.000278086196399352,"violation"
210,1220,"reverse",0.657563936611923,0.230815468338881,0.486653364222865,0.396893168304133,0.232890345509316,0.00207487717043497,"violation in reverse orientation",1,0.38551724137931,1,1550,0.31031075042083,0.54295327416431,0.446432966233757,0.499989594064453,0.543726934799631,0.000773660635320028,"violation",1,1220,0.657563936611923,0.230815468338881,0.486653364222865,0.396893168304133,0.232890345509316,0.00207487717043497,"violation"
211,1570,"reverse",0.615482348262834,0.260512463656638,0.494123444102057,0.419145546520439,0.261509981984618,0.000997518327980285,"violation in reverse orientation",1,0.38551724137931,1,2590,0.307898185734648,0.547086158414611,0.448581690788284,0.499773207759388,0.547274308788012,0.000188150373401696,"violation",1,1570,0.615482348262834,0.260512463656638,0.494123444102057,0.419145546520439,0.261509981984618,0.000997518327980285,"violation"
212,1970,"reverse",0.573378453912794,0.289819925894901,0.498586990494761,0.437741551609289,0.29014478874373,0.000324862848829599,"violation in reverse orientation",1,0.38551724137931,1,4980,0.325278379191548,0.52103451645265,0.459474259228557,0.499988346826349,0.521718912683944,0.000684396231293349,"violation",1,1970,0.573378453912794,0.289819925894901,0.498586990494761,0.437741551609289,0.29014478874373,0.000324862848829599,"violation"
213,900,"forward",0.316864383724906,0.527876272704948,0.44510367775454,0.499505928733089,0.534090638436082,0.00621436573113332,"violation in forward orientation",1,0.38551724137931,1,900,0.316864383724906,0.527876272704948,0.44510367775454,0.499505928733089,0.534090638436082,0.00621436573113332,"violation",1,2540,0.535845982585873,0.315422417975921,0.499987444817257,0.451993709687012,0.31567057632773,0.000248158351808858,"violation"
214,1750,"forward",0.314488856152485,0.536603601609555,0.449278423742802,0.499998693875845,0.537583553990786,0.000979952381230609,"violation in forward orientation",1,0.38551724137931,1,1750,0.314488856152485,0.536603601609555,0.449278423742802,0.499998693875845,0.537583553990786,0.000979952381230609,"violation",1,2770,0.463366659976328,0.364802720210445,0.495421569480975,0.472122808774564,0.36496367448395,0.000160954273505598,"violation"
215,2400,"forward",0.256534465917497,0.621299350631948,0.420027900858979,0.492060400255904,0.622798221025284,0.00149887039333596,"violation in forward orientation",1,0.38551724137931,1,2400,0.256534465917497,0.621299350631948,0.420027900858979,0.492060400255904,0.622798221025284,0.00149887039333596,"violation",1,4830,0.560926270989072,0.298331004736802,0.498685522727109,0.447112175021162,0.298613503033803,0.000282498297001166,"violation"
216,580,"reverse",0.445474017310696,0.375700278706693,0.486878968130284,0.466075654859078,0.377132438752658,0.0014321600459653,"violation in reverse orientation",1,0.38551724137931,1,1490,0.359903014422009,0.469524381556334,0.467299199611522,0.495009098378142,0.470807726311502,0.00128334475516778,"violation",1,580,0.445474017310696,0.375700278706693,0.486878968130284,0.466075654859078,0.377132438752658,0.0014321600459653,"violation"
217,650,"forward",0.367540474976204,0.455109476132651,0.464054679495994,0.489581393466298,0.459577797819873,0.00446832168722239,"violation in forward orientation",1,0.38551724137931,1,650,0.367540474976204,0.455109476132651,0.464054679495994,0.489581393466298,0.459577797819873,0.00446832168722239,"violation",1,2940,0.552140488234603,0.303725917236036,0.499525898602385,0.447282274113741,0.304588703078487,0.000862785842451252,"violation"
218,2240,"reverse",0.63335156809213,0.248761641216695,0.489897948556636,0.414607902734866,0.249357147558092,0.000595506341397323,"violation in reverse orientation",1,0.38551724137931,1,3260,0.299590201249218,0.559441328321607,0.445816025889314,0.49907692654958,0.559490158679335,4.88303577284022e-05,"violation",1,2240,0.63335156809213,0.248761641216695,0.489897948556636,0.414607902734866,0.249357147558092,0.000595506341397323,"violation"
219,1290,"reverse",0.416782882108483,0.394551742868083,0.484172915449185,0.478052657024357,0.396645244513205,0.00209350164512179,"violation in reverse orientation",1,0.38551724137931,1,1580,0.303936810997883,0.552685016225725,0.443433367867714,0.499823314399888,0.553099013833197,0.000413997607471961,"violation",1,1290,0.416782882108483,0.394551742868083,0.484172915449185,0.478052657024357,0.396645244513205,0.00209350164512179,"violation"
220,2360,"reverse",0.548968445182212,0.295978149748648,0.499754140932233,0.442142083763794,0.306746005656764,0.010767855908116,"violation in reverse orientation",1,0.38551724137931,1,2460,0.282567563361274,0.583783654121473,0.435334349402518,0.497369642791449,0.584519814134052,0.000736160012578813,"violation",1,2360,0.548968445182212,0.295978149748648,0.499754140932233,0.442142083763794,0.306746005656764,0.010767855908116,"violation"
221,910,"forward",0.276329148486631,0.592581190533313,0.42341359517117,0.498159879261791,0.593692621305523,0.00111143077221076,"violation in forward orientation",1,0.38551724137931,1,910,0.276329148486631,0.592581190533313,0.42341359517117,0.498159879261791,0.593692621305523,0.00111143077221076,"violation",1,1080,0.597029664830423,0.272536597921518,0.497399788971193,0.422952584681651,0.274059629289955,0.00152303136843668,"violation"
222,1600,"forward",0.292432254354953,0.569750454065104,0.437603112848846,0.499061228082287,0.570015022434647,0.000264568369542362,"violation in forward orientation",1,0.38551724137931,1,1600,0.292432254354953,0.569750454065104,0.437603112848846,0.499061228082287,0.570015022434647,0.000264568369542362,"violation",1,5000,0.540595492536085,0.312355643081603,0.499737491089072,0.453854558201193,0.312440440452551,8.47973709481864e-05,"violation"
223,1230,"reverse",0.503035191450063,0.337638478300376,0.498344804779837,0.457185346882341,0.337985155021485,0.000346676721108163,"violation in reverse orientation",1,0.38551724137931,1,2190,0.280469945319769,0.58577616632954,0.4334074256658,0.497330502271693,0.587604098555778,0.001827932226238,"violation",1,1230,0.503035191450063,0.337638478300376,0.498344804779837,0.457185346882341,0.337985155021485,0.000346676721108163,"violation"
224,1300,"reverse",0.477055235786811,0.354371730908012,0.495706417217899,0.464362513968019,0.355654090912371,0.00128236000435944,"violation in reverse orientation",1,0.38551724137931,1,1960,0.253456734327264,0.627217534450591,0.416570306780814,0.491493656277237,0.627323639576318,0.000106105125727063,"violation",1,1300,0.477055235786811,0.354371730908012,0.495706417217899,0.464362513968019,0.355654090912371,0.00128236000435944,"violation"
225,1240,"reverse",0.556567986553599,0.301359389312093,0.499833479034556,0.440210312994838,0.30157756691762,0.000218177605527337,"violation in reverse orientation",1,0.38551724137931,1,2100,0.277310655656689,0.590465521637316,0.431350513279076,0.496886222758638,0.592249438030722,0.00178391639340547,"violation",1,1240,0.556567986553599,0.301359389312093,0.499833479034556,0.440210312994838,0.30157756691762,0.000218177605527337,"violation"
226,920,"reverse",0.51695686280328,0.326200214819287,0.498935539892544,0.449741314009965,0.328517043458003,0.00231682863871563,"violation in reverse orientation",1,0.38551724137931,1,1390,0.301460732292375,0.553823174162236,0.441199038160492,0.499850399440489,0.556739777226368,0.00291660306413244,"violation",1,920,0.51695686280328,0.326200214819287,0.498935539892544,0.449741314009965,0.328517043458003,0.00231682863871563,"violation"
227,1850,"reverse",0.555767968704046,0.301900555970793,0.49964194630449,0.443538464637348,0.302121658073069,0.000221102102276161,"violation in reverse orientation",1,0.38551724137931,1,3040,0.311256623862772,0.541815783445174,0.451037584960601,0.499859744871435,0.542336146455813,0.000520363010638736,"violation",1,1850,0.555767968704046,0.301900555970793,0.49964194630449,0.443538464637348,0.302121658073069,0.000221102102276161,"violation"
228,1610,"forward",0.330691137827755,0.512332213469023,0.456056720107034,0.499286169200267,0.513760129526149,0.00142791605712522,"violation in forward orientation",1,0.38551724137931,1,1610,0.330691137827755,0.512332213469023,0.456056720107034,0.499286169200267,0.513760129526149,0.00142791605712522,"violation",1,2190,0.607052009853113,0.2662096007306,0.494633530818157,0.425233811370751,0.267243444767641,0.00103384403704071,"violation"
229,700,"reverse",0.668790049546713,0.223018588473799,0.486763572497166,0.384187454245971,0.225255479910634,0.00223689143683548,"violation in reverse orientation",1,0.38551724137931,1,3050,0.30789962589207,0.546645883858955,0.449479498312644,0.499720319521372,0.547272191217028,0.000626307358072897,"violation",1,700,0.668790049546713,0.223018588473799,0.486763572497166,0.384187454245971,0.225255479910634,0.00223689143683548,"violation"
230,1390,"forward",0.300709325058088,0.537287309495864,0.440814679775638,0.499981367076861,0.557844627385562,0.0205573178896977,"violation in forward orientation",1,0.38551724137931,1,1390,0.300709325058088,0.537287309495864,0.440814679775638,0.499981367076861,0.557844627385562,0.0205573178896977,"violation",1,1680,0.579933877943856,0.285120569867717,0.498260864295892,0.434038786708454,0.285686452923464,0.000565883055746619,"violation"
231,1820,"reverse",0.551948265052666,0.303880797789635,0.499779869426844,0.444413796760267,0.304719433828086,0.000838636038450524,"violation in reverse orientation",1,0.38551724137931,1,2190,0.310762104030239,0.542575983631509,0.448954127959069,0.499932440547374,0.54306327588812,0.000487292256610594,"violation",1,1820,0.551948265052666,0.303880797789635,0.499779869426844,0.444413796760267,0.304719433828086,0.000838636038450524,"violation"
232,480,"forward",0.562099246306674,0.282609057082642,0.49998263858747,0.418946885721276,0.297815763963077,0.0152067068804354,"violation in forward orientation",1,0.38551724137931,1,480,0.562099246306674,0.282609057082642,0.49998263858747,0.418946885721276,0.297815763963077,0.0152067068804354,"violation",1,1830,0.559411273746636,0.29772599184863,0.49949779192094,0.441347754932027,0.299643850794917,0.00191785894628654,"violation"
233,130,"forward",0.360177427802966,0.454071097313765,0.43521062030202,0.473186353822452,0.470404235828844,0.0163331385150784,"violation in forward orientation",1,0.38551724137931,1,130,0.360177427802966,0.454071097313765,0.43521062030202,0.473186353822452,0.470404235828844,0.0163331385150784,"violation",1,900,0.551259035635347,0.305165205290202,0.499998765430575,0.439240365592044,0.305188177907043,2.29726168416988e-05,"violation"
234,340,"forward",0.589318201688556,0.275152604689709,0.499861572533338,0.408558949510243,0.279304185887537,0.00415158119782727,"violation in forward orientation",1,0.38551724137931,1,340,0.589318201688556,0.275152604689709,0.499861572533338,0.408558949510243,0.279304185887537,0.00415158119782727,"violation",1,3810,0.565809543778754,0.294598401287182,0.498509154402157,0.444136059060872,0.295292395216031,0.000693993928849002,"violation"
235,1450,"reverse",0.54638065024605,0.308082398514111,0.499969559120915,0.444848435758372,0.308505961809825,0.00042356329571458,"violation in reverse orientation",1,0.38551724137931,1,3980,0.335116403395882,0.507201530010344,0.462616992724572,0.499615771158127,0.507253331155945,5.18011456008827e-05,"violation",1,1450,0.54638065024605,0.308082398514111,0.499969559120915,0.444848435758372,0.308505961809825,0.00042356329571458,"violation"
236,320,"forward",0.589140382914078,0.270809424756966,0.49991210164888,0.404612082740988,0.27942512021734,0.00861569546037388,"violation in forward orientation",1,0.38551724137931,1,320,0.589140382914078,0.270809424756966,0.49991210164888,0.404612082740988,0.27942512021734,0.00861569546037388,"violation",1,1670,0.60521548081695,0.267990960984656,0.495481754774146,0.424204481862816,0.268492465906181,0.000501504921525009,"violation"
237,750,"forward",0.43682810596491,0.380381515075562,0.486357892914261,0.469971157507446,0.383012512424341,0.00263099734877925,"violation in forward orientation",1,0.38551724137931,1,750,0.43682810596491,0.380381515075562,0.486357892914261,0.469971157507446,0.383012512424341,0.00263099734877925,"violation",1,4180,0.543491656974527,0.310371305591981,0.499703215414709,0.452174374832228,0.310470762580288,9.9456988306823e-05,"violation"
238,2050,"forward",0.325833454864087,0.518718294256963,0.45543737272638,0.49972484993194,0.520902743478771,0.00218444922180749,"violation in forward orientation",1,0.38551724137931,1,2050,0.325833454864087,0.518718294256963,0.45543737272638,0.49972484993194,0.520902743478771,0.00218444922180749,"violation",1,2710,0.584770544549181,0.282392710997891,0.497128914586992,0.435850844979317,0.282397041914347,4.33091645524186e-06,"violation"
239,750,"forward",0.439563018850009,0.378995356288906,0.486986196473325,0.469484824035879,0.381152501535164,0.00215714524625849,"violation in forward orientation",1,0.38551724137931,1,750,0.439563018850009,0.378995356288906,0.486986196473325,0.469484824035879,0.381152501535164,0.00215714524625849,"violation",1,5930,0.563817117995322,0.296219798259393,0.498304071949612,0.446959298112527,0.296647441540632,0.000427643281238899,"violation"
240,120,"forward",0.515618156308682,0.311460526685915,0.488122821520249,0.406116431033707,0.329427496098352,0.0179669694124369,"violation in forward orientation",1,0.38551724137931,1,120,0.515618156308682,0.311460526685915,0.488122821520249,0.406116431033707,0.329427496098352,0.0179669694124369,"violation",1,1810,0.602638194283789,0.269246400169962,0.495658634921589,0.425593705471177,0.270245275307287,0.000998875137324939,"violation"
241,960,"reverse",0.568516150977186,0.293329894178163,0.499608136373454,0.433612440162744,0.29345163498954,0.000121740811376558,"violation in reverse orientation",1,0.38551724137931,1,2030,0.338090985849708,0.501891038565683,0.46058454725146,0.498876653110329,0.502879580481636,0.000988541915952768,"violation",1,960,0.568516150977186,0.293329894178163,0.499608136373454,0.433612440162744,0.29345163498954,0.000121740811376558,"violation"
242,2210,"forward",0.238786943953662,0.648691986330787,0.407918991223541,0.48650425541052,0.648893727659096,0.00020174132830908,"violation in forward orientation",1,0.38551724137931,1,2210,0.238786943953662,0.648691986330787,0.407918991223541,0.48650425541052,0.648893727659096,0.00020174132830908,"violation",1,3200,0.530601763311892,0.318884070824644,0.499998437497559,0.454768034105026,0.319237163405505,0.000353092580861081,"violation"
243,180,"forward",0.576595745763101,0.283627974082105,0.499227798766984,0.4,0.287956712513648,0.00432873843154324,"violation in forward orientation",1,0.38551724137931,1,180,0.576595745763101,0.283627974082105,0.499227798766984,0.4,0.287956712513648,0.00432873843154324,"violation",1,690,0.622507094260503,0.25448899314385,0.495535624910617,0.406376398106015,0.256732460872135,0.00224346772828443,"violation"
244,840,"forward",0.339892355197906,0.497809795129265,0.455073441034185,0.497121818109823,0.500230892632615,0.00242109750335051,"violation in forward orientation",1,0.38551724137931,1,840,0.339892355197906,0.497809795129265,0.455073441034185,0.497121818109823,0.500230892632615,0.00242109750335051,"violation",1,2740,0.584771101401619,0.282022342638783,0.497113384109149,0.435717514280815,0.282396663199689,0.000374320560906027,"violation"
245,480,"forward",0.566268213992942,0.273540379391792,0.5,0.413398642353842,0.294980454167532,0.0214400747757394,"violation in forward orientation",1,0.38551724137931,1,480,0.566268213992942,0.273540379391792,0.5,0.413398642353842,0.294980454167532,0.0214400747757394,"violation",1,630,0.537977107217691,0.313488736574919,0.499574018590229,0.43967107887189,0.314221201086942,0.000732464512022635,"violation"
246,160,"reverse",0.29573068172561,0.462157445752236,0.404612082740988,0.478890318862263,0.565165098399756,0.103007652647521,"violation in reverse orientation",1,0.38551724137931,1,480,0.52437104849227,0.25987584016642,0.498260864295892,0.404612082740988,0.323474664890468,0.063598824724048,"violation",1,160,0.29573068172561,0.462157445752236,0.404612082740988,0.478890318862263,0.565165098399756,0.103007652647521,"violation"
247,2890,"reverse",0.505318977906152,0.336227653185024,0.499361549253766,0.461649275575306,0.336431954661787,0.000204301476762259,"violation in reverse orientation",1,0.38551724137931,1,3180,0.281335362658144,0.586155088953633,0.436231760429482,0.496749749944431,0.586331610828162,0.000176521874528657,"violation",1,2890,0.505318977906152,0.336227653185024,0.499361549253766,0.461649275575306,0.336431954661787,0.000204301476762259,"violation"
248,570,"forward",0.486985498334904,0.345110770951074,0.494540834632605,0.453518103674055,0.348900531567768,0.00378976061669395,"violation in forward orientation",1,0.38551724137931,1,570,0.486985498334904,0.345110770951074,0.494540834632605,0.453518103674055,0.348900531567768,0.00378976061669395,"violation",1,1390,0.527199686922531,0.317960529738649,0.499792928499687,0.449280431539453,0.32155091137331,0.0035903816346608,"violation"
249,1440,"forward",0.389810446802016,0.425311907954599,0.477187438099796,0.486693599425986,0.426832595492501,0.00152068753790163,"violation in forward orientation",1,0.38551724137931,1,1440,0.389810446802016,0.425311907954599,0.477187438099796,0.486693599425986,0.426832595492501,0.00152068753790163,"violation",1,2500,0.579572218204695,0.285626123288213,0.497767174490243,0.437090562698395,0.285932417267221,0.000306293979007666,"violation"
250,1370,"forward",0.290460524782758,0.570988082152941,0.435305849109146,0.499146802556547,0.572914203640684,0.00192612148774229,"violation in forward orientation",1,0.38551724137931,1,1370,0.290460524782758,0.570988082152941,0.435305849109146,0.499146802556547,0.572914203640684,0.00192612148774229,"violation",1,1840,0.679414748533433,0.216927057809119,0.478808666022081,0.390746885521079,0.218029635198287,0.00110257738916794,"violation"
251,1540,"forward",0.290608816147565,0.570282352715216,0.436334646532392,0.499067692110821,0.572696159775071,0.00241380705985494,"violation in forward orientation",1,0.38551724137931,1,1540,0.290608816147565,0.570282352715216,0.436334646532392,0.499067692110821,0.572696159775071,0.00241380705985494,"violation",1,2710,0.563484012372088,0.296511155498386,0.498968312399333,0.443249468852683,0.29687398626527,0.000362830766883426,"violation"
252,240,"reverse",0.383620401369545,0.432625440233573,0.458257569495584,0.475639189816072,0.43593428146172,0.00330884122814662,"violation in reverse orientation",1,0.38551724137931,1,880,0.340475900514047,0.498090656273425,0.455735657667273,0.497260054683132,0.499372862384814,0.00128220611138902,"violation",1,240,0.383620401369545,0.432625440233573,0.458257569495584,0.475639189816072,0.43593428146172,0.00330884122814662,"violation"
253,120,"forward",0.567767143145053,0.291618594854466,0.496585563847986,0.393612189287318,0.293961034294884,0.00234243944041795,"violation in forward orientation",1,0.38551724137931,1,120,0.567767143145053,0.291618594854466,0.496585563847986,0.393612189287318,0.293961034294884,0.00234243944041795,"violation",1,350,0.373201177623237,0.448371882648847,0.459493954125134,0.483937928217398,0.451254444070618,0.00288256142177046,"violation"
254,600,"forward",0.29299524060572,0.566611553730031,0.428093317968044,0.499955553580071,0.569187221715674,0.0025756679856429,"violation in forward orientation",1,0.38551724137931,1,600,0.29299524060572,0.566611553730031,0.428093317968044,0.499955553580071,0.569187221715674,0.0025756679856429,"violation",1,2270,0.518857794642476,0.326941623010524,0.499775609956896,0.456506711465019,0.327224222052337,0.000282599041812437,"violation"
255,1520,"reverse",0.497810462612059,0.341477865845173,0.498223992612163,0.460240042602123,0.341538486677726,6.06208325520941e-05,"violation in reverse orientation",1,0.38551724137931,1,3280,0.290581562957555,0.572236931583332,0.441300733905338,0.498122217538023,0.572736232175159,0.000499300591826901,"violation",1,1520,0.497810462612059,0.341477865845173,0.498223992612163,0.460240042602123,0.341538486677726,6.06208325520941e-05,"violation"
256,760,"forward",0.391973659022586,0.419157774825281,0.473974691634743,0.482015548421073,0.42365186305181,0.00449408822652914,"violation in forward orientation",1,0.38551724137931,1,760,0.391973659022586,0.419157774825281,0.473974691634743,0.482015548421073,0.42365186305181,0.00449408822652914,"violation",1,3520,0.56959685256923,0.292305155024278,0.498276665966918,0.442565768650956,0.292716651166068,0.00041149614179059,"violation"
257,1880,"forward",0.239389527643866,0.646357738583959,0.407004926766189,0.487605544517196,0.64800770386844,0.00164996528448058,"violation in forward orientation",1,0.38551724137931,1,1880,0.239389527643866,0.646357738583959,0.407004926766189,0.487605544517196,0.64800770386844,0.00164996528448058,"violation",1,4000,0.560702693770557,0.294021762986725,0.498842660565433,0.444088884684136,0.298765557625112,0.00474379463838709,"violation"
258,1070,"forward",0.387167689798091,0.430331005138414,0.474708400318782,0.48660635577431,0.430718438432603,0.000387433294188777,"violation in forward orientation",1,0.38551724137931,1,1070,0.387167689798091,0.430331005138414,0.474708400318782,0.48660635577431,0.430718438432603,0.000387433294188777,"violation",1,1580,0.618650176800928,0.258910525311562,0.493599475523243,0.418205990632446,0.259355545692332,0.000445020380769934,"violation"
259,50,"forward",0.4062591846095,0.355715993350399,0.427083130081252,0.4,0.403802398237975,0.0480864048875761,"violation in forward orientation",1,0.38551724137931,1,50,0.4062591846095,0.355715993350399,0.427083130081252,0.4,0.403802398237975,0.0480864048875761,"violation at burn-in",1,2720,0.53580806758907,0.31554233305999,0.499980535953331,0.452423877393358,0.31569636227042,0.000154029210429396,"violation"
260,2340,"forward",0.310810085008831,0.541967277159861,0.449374976853947,0.499926943307617,0.542992725872872,0.00102544871301169,"violation in forward orientation",1,0.38551724137931,1,2340,0.310810085008831,0.541967277159861,0.449374976853947,0.499926943307617,0.542992725872872,0.00102544871301169,"violation",1,3360,0.547494843062572,0.307727956586301,0.499648313816829,0.449898321688664,0.307748200645781,2.02440594798681e-05,"violation"
261,360,"forward",0.519535538273398,0.324480393377549,0.496903994999953,0.43771819955563,0.326763289442581,0.00228289606503229,"violation in forward orientation",1,0.38551724137931,1,360,0.519535538273398,0.324480393377549,0.496903994999953,0.43771819955563,0.326763289442581,0.00228289606503229,"violation",1,4000,0.567923406382064,0.291966069766729,0.498295532289825,0.443048459539134,0.293854759859598,0.00188869009286952,"violation"
262,450,"reverse",0.443942117645007,0.374289038188265,0.484831649539365,0.462948147911104,0.378174281831036,0.00388524364277099,"violation in reverse orientation",1,0.38551724137931,1,1730,0.278320593687325,0.588026210509486,0.430480633085771,0.497464586412814,0.590764450738868,0.00273824022938163,"violation",1,450,0.443942117645007,0.374289038188265,0.484831649539365,0.462948147911104,0.378174281831036,0.00388524364277099,"violation"
263,150,"forward",0.455216575972217,0.367531806168737,0.475908487935327,0.442216638714053,0.370506536590434,0.00297473042169738,"violation in forward orientation",1,0.38551724137931,1,150,0.455216575972217,0.367531806168737,0.475908487935327,0.442216638714053,0.370506536590434,0.00297473042169738,"violation",1,2710,0.558704919715302,0.299940218590948,0.499253810652882,0.444967196720526,0.300124241302802,0.000184022711853971,"violation"
264,1330,"forward",0.360638036802179,0.469007718400698,0.46688096912937,0.494652276978618,0.469726968026666,0.000719249625968144,"violation in forward orientation",1,0.38551724137931,1,1330,0.360638036802179,0.469007718400698,0.46688096912937,0.494652276978618,0.469726968026666,0.000719249625968144,"violation",1,1550,0.624945355406764,0.254273987855651,0.492582229543051,0.415115545014637,0.255074202465656,0.00080021461000529,"violation"
265,1840,"reverse",0.581917428062019,0.284273975213825,0.49796104825233,0.434260556145523,0.284337442927894,6.34677140685658e-05,"violation in reverse orientation",1,0.38551724137931,1,2430,0.287245265485498,0.577627239234318,0.437774984768853,0.497983877467414,0.577641839447646,1.46002133276646e-05,"violation",1,1840,0.581917428062019,0.284273975213825,0.49796104825233,0.434260556145523,0.284337442927894,6.34677140685658e-05,"violation"
266,2210,"reverse",0.666029150169122,0.226909310295976,0.481977772991015,0.399660233249842,0.227133164181391,0.000223853885414849,"violation in reverse orientation",1,0.38551724137931,1,2360,0.315682401851301,0.533306856665977,0.451696505228225,0.5,0.535828594635632,0.00252173796965505,"violation",1,2210,0.666029150169122,0.226909310295976,0.481977772991015,0.399660233249842,0.227133164181391,0.000223853885414849,"violation"
267,920,"forward",0.382788439193496,0.43645358513412,0.47229355318284,0.487304563122567,0.437157577566291,0.000703992432171452,"violation in forward orientation",1,0.38551724137931,1,920,0.382788439193496,0.43645358513412,0.47229355318284,0.487304563122567,0.437157577566291,0.000703992432171452,"violation",1,2460,0.584591136626138,0.281724418267543,0.497285246944455,0.434874051358148,0.282519057022134,0.000794638754590959,"violation"
268,280,"forward",0.508925548938443,0.319588545832247,0.49434299833213,0.430931004468517,0.333979130138856,0.0143905843066089,"violation in forward orientation",1,0.38551724137931,1,280,0.508925548938443,0.319588545832247,0.49434299833213,0.430931004468517,0.333979130138856,0.0143905843066089,"violation",1,910,0.587130823414999,0.279830748500037,0.498602079146596,0.425466350898506,0.280791819160878,0.000961070660841556,"violation"
269,1290,"reverse",0.510299295396698,0.332119268678583,0.498938841492649,0.455149016659537,0.333044846862322,0.000925578183739784,"violation in reverse orientation",1,0.38551724137931,1,2370,0.294325269299028,0.566507615785807,0.441321973102519,0.498887651569859,0.567231581223435,0.000723965437628538,"violation",1,1290,0.510299295396698,0.332119268678583,0.498938841492649,0.455149016659537,0.333044846862322,0.000925578183739784,"violation"
270,1060,"reverse",0.461135081629351,0.366322794493702,0.492738296498136,0.46748686165938,0.366481368172858,0.000158573679155949,"violation in reverse orientation",1,0.38551724137931,1,2190,0.313121633504578,0.538013499404509,0.450066194751919,0.499986655646452,0.539593883531499,0.00158038412699002,"violation",1,1060,0.461135081629351,0.366322794493702,0.492738296498136,0.46748686165938,0.366481368172858,0.000158573679155949,"violation"
271,1520,"forward",0.310772948948337,0.54268903654537,0.446514277487294,0.499993074744285,0.543047329795321,0.000358293249951402,"violation in forward orientation",1,0.38551724137931,1,1520,0.310772948948337,0.54268903654537,0.446514277487294,0.499993074744285,0.543047329795321,0.000358293249951402,"violation",1,1550,0.535210544916911,0.315005595559902,0.499979604162574,0.448682195767971,0.316102736704794,0.00109714114489212,"violation"
272,460,"reverse",0.597866943944429,0.270745961300493,0.499072864427191,0.410973071848386,0.273490196794384,0.00274423549389086,"violation in reverse orientation",1,0.38551724137931,1,790,0.5327883023838,0.316734550563121,0.499589640930863,0.443762517849398,0.317750100872172,0.00101555030905165,"violation",1,460,0.597866943944429,0.270745961300493,0.499072864427191,0.410973071848386,0.273490196794384,0.00274423549389086,"violation"
273,1390,"reverse",0.527920791679367,0.317211808890335,0.499813121745427,0.4489283572516,0.321060488915155,0.00384868002481997,"violation in reverse orientation",1,0.38551724137931,1,2000,0.262652720970899,0.613252992032189,0.422426029027568,0.493878527575354,0.613802093810524,0.000549101778335337,"violation",1,1390,0.527920791679367,0.317211808890335,0.499813121745427,0.4489283572516,0.321060488915155,0.00384868002481997,"violation"
274,2360,"reverse",0.597856201308742,0.270477385037327,0.495779189933309,0.428263657256135,0.273497502847701,0.00302011781037359,"violation in reverse orientation",1,0.38551724137931,1,2390,0.319593794202929,0.529365469006457,0.453548765547481,0.499985819374898,0.530077382423171,0.000711913416713839,"violation",1,2360,0.597856201308742,0.270477385037327,0.495779189933309,0.428263657256135,0.273497502847701,0.00302011781037359,"violation"
275,2360,"reverse",0.643075117489485,0.241745725468084,0.487615770474103,0.410410175917227,0.242744173573046,0.000998448104962524,"violation in reverse orientation",1,0.38551724137931,1,2460,0.27877237169167,0.589030716558244,0.433247142849166,0.496797031627487,0.590100167807795,0.00106945124955149,"violation",1,2360,0.643075117489485,0.241745725468084,0.487615770474103,0.410410175917227,0.242744173573046,0.000998448104962524,"violation"
276,1390,"reverse",0.628020362438802,0.251581098809525,0.492363925236173,0.412385245874483,0.252982893965467,0.00140179515594219,"violation in reverse orientation",1,0.38551724137931,1,2400,0.303675340604035,0.551801284254184,0.446093382102397,0.499648313816829,0.553483473275541,0.00168218902135642,"violation",1,1390,0.628020362438802,0.251581098809525,0.492363925236173,0.412385245874483,0.252982893965467,0.00140179515594219,"violation"
277,250,"forward",0.369061939366717,0.454330289562284,0.452831094338717,0.482261339939249,0.457340675128793,0.00301038556650923,"violation in forward orientation",1,0.38551724137931,1,250,0.369061939366717,0.454330289562284,0.452831094338717,0.482261339939249,0.457340675128793,0.00301038556650923,"violation",1,590,0.505807722558063,0.335676230758499,0.497049611785078,0.449660729458723,0.336099560025184,0.00042332926668498,"violation"
278,50,"forward",0.633238465893974,0.216786995012799,0.496386945839634,0.3,0.249434068223941,0.0326470732111417,"violation in forward orientation",1,0.38551724137931,1,50,0.633238465893974,0.216786995012799,0.496386945839634,0.3,0.249434068223941,0.0326470732111417,"violation at burn-in",1,140,0.470112083915969,0.36018664607018,0.479157423749955,0.43705881545081,0.360376119959562,0.000189473889382008,"violation"
279,820,"forward",0.341485137207334,0.490860383918421,0.455547797009167,0.496268047545751,0.497888906321629,0.00702852240320745,"violation in forward orientation",1,0.38551724137931,1,820,0.341485137207334,0.490860383918421,0.455547797009167,0.496268047545751,0.497888906321629,0.00702852240320745,"violation",1,1880,0.463363954849804,0.364226927952512,0.494661118343564,0.470135740297539,0.364965514237172,0.00073858628466017,"violation"
280,160,"forward",0.547208614013715,0.213659018315614,0.496078370824611,0.344374432848898,0.307942864669842,0.094283846354228,"violation in forward orientation",1,0.38551724137931,1,160,0.547208614013715,0.213659018315614,0.496078370824611,0.344374432848898,0.307942864669842,0.094283846354228,"violation",1,1380,0.522863017383499,0.323205352587526,0.499644906464767,0.45165568594134,0.324500274992644,0.00129492240511869,"violation"
281,1470,"reverse",0.558969241349113,0.299761957157919,0.499662526678188,0.440770132794228,0.299944476484766,0.000182519326847319,"violation in reverse orientation",1,0.38551724137931,1,1710,0.302201996150607,0.555636001022392,0.44313789178509,0.499692118197407,0.555649841630327,1.38406079358555e-05,"violation",1,1470,0.558969241349113,0.299761957157919,0.499662526678188,0.440770132794228,0.299944476484766,0.000182519326847319,"violation"
282,2060,"forward",0.296165490880699,0.564317637538312,0.441359052447654,0.499150942783623,0.564525766034698,0.000208128496385962,"violation in forward orientation",1,0.38551724137931,1,2060,0.296165490880699,0.564317637538312,0.441359052447654,0.499150942783623,0.564525766034698,0.000208128496385962,"violation",1,2280,0.608840774273304,0.265572506492336,0.494276256924641,0.425144590036934,0.266026908285673,0.000454401793336945,"violation"
283,1170,"reverse",0.530230015551487,0.316998182262495,0.499788836993938,0.447478140684584,0.319489988600102,0.00249180633760687,"violation in reverse orientation",1,0.38551724137931,1,2290,0.264442589844506,0.611046599193434,0.424502665834576,0.493921210828646,0.611170315967958,0.000123716774523941,"violation",1,1170,0.530230015551487,0.316998182262495,0.499788836993938,0.447478140684584,0.319489988600102,0.00249180633760687,"violation"
284,410,"forward",0.365244740597718,0.457177391147453,0.458257569495584,0.487249684053618,0.462953387483903,0.00577599633644926,"violation in forward orientation",1,0.38551724137931,1,410,0.365244740597718,0.457177391147453,0.458257569495584,0.487249684053618,0.462953387483903,0.00577599633644926,"violation",1,1850,0.578369093005334,0.286159902082535,0.498264629101431,0.435328142523262,0.286750661235447,0.000590759152911402,"violation"
285,1450,"reverse",0.55877064431299,0.299451412255357,0.499678374559454,0.440503441311611,0.300079542084757,0.000628129829400359,"violation in reverse orientation",1,0.38551724137931,1,2570,0.274408164712316,0.596468265274299,0.431086261267411,0.495810393113072,0.596517187176084,4.89219017851816e-05,"violation",1,1450,0.55877064431299,0.299451412255357,0.499678374559454,0.440503441311611,0.300079542084757,0.000628129829400359,"violation"
286,830,"forward",0.43487807294743,0.382728400042364,0.486438229640337,0.47154631770704,0.384338727480963,0.00161032743859846,"violation in forward orientation",1,0.38551724137931,1,830,0.43487807294743,0.382728400042364,0.486438229640337,0.47154631770704,0.384338727480963,0.00161032743859846,"violation",1,2820,0.560309554230965,0.298781198713871,0.499132968894858,0.444618493031788,0.299032931342422,0.000251732628550771,"violation"
287,520,"reverse",0.492114166271603,0.340258382581891,0.494911234644673,0.45030807994517,0.345412530812349,0.00515414823045768,"violation in reverse orientation",1,0.38551724137931,1,1950,0.26438154051456,0.611042641655083,0.423275477883511,0.494284492740075,0.611260081355929,0.000217439700845867,"violation",1,520,0.492114166271603,0.340258382581891,0.494911234644673,0.45030807994517,0.345412530812349,0.00515414823045768,"violation"
288,350,"forward",0.495558985000316,0.339507282054464,0.493558507170123,0.444696640464954,0.343069713832124,0.00356243177766058,"violation in forward orientation",1,0.38551724137931,1,350,0.495558985000316,0.339507282054464,0.493558507170123,0.444696640464954,0.343069713832124,0.00356243177766058,"violation",1,1540,0.590925632344727,0.277702561105705,0.497361481465007,0.4291981839741,0.278210974275435,0.000508413169730604,"violation"
289,1190,"reverse",0.546135361141251,0.30832947449374,0.499997175332746,0.443391796916737,0.30867278262829,0.000343308134549969,"violation in reverse orientation",1,0.38551724137931,1,1530,0.312883054709616,0.539293424529213,0.447578339734505,0.499999572813693,0.539944683746836,0.000651259217623101,"violation",1,1190,0.546135361141251,0.30832947449374,0.499997175332746,0.443391796916737,0.30867278262829,0.000343308134549969,"violation"
290,280,"forward",0.445984924621482,0.373960382911406,0.481229293220042,0.456682245625323,0.376784971319015,0.00282458840760902,"violation in forward orientation",1,0.38551724137931,1,280,0.445984924621482,0.373960382911406,0.481229293220042,0.456682245625323,0.376784971319015,0.00282458840760902,"violation",1,610,0.4515857161409,0.368311737631635,0.488513587729552,0.463760611592106,0.372975879895707,0.00466414226407225,"violation"
291,540,"forward",0.564695074802241,0.294476237620574,0.499996570632958,0.427533199282044,0.296050344196145,0.00157410657557133,"violation in forward orientation",1,0.38551724137931,1,540,0.564695074802241,0.294476237620574,0.499996570632958,0.427533199282044,0.296050344196145,0.00157410657557133,"violation",1,1990,0.502015393988314,0.338476459167454,0.49886515489318,0.46063054663408,0.338678718020856,0.000202258853402137,"violation"
292,380,"forward",0.499217066286047,0.336577759511549,0.494540834632605,0.444503208642047,0.340581857249187,0.00400409773763805,"violation in forward orientation",1,0.38551724137931,1,380,0.499217066286047,0.336577759511549,0.494540834632605,0.444503208642047,0.340581857249187,0.00400409773763805,"violation",1,3220,0.523684348347775,0.323327780190214,0.499968750229038,0.456751431632364,0.323941688814089,0.000613908623874226,"violation"
293,1430,"reverse",0.529908217535129,0.31953246179007,0.499874794827846,0.450223671733802,0.319708843035211,0.000176381245140633,"violation in reverse orientation",1,0.38551724137931,1,2640,0.284202000554309,0.582006219236155,0.43666718582393,0.497455503268246,0.58211657909649,0.000110359860334697,"violation",1,1430,0.529908217535129,0.31953246179007,0.499874794827846,0.450223671733802,0.319708843035211,0.000176381245140633,"violation"
294,280,"forward",0.563379385105391,0.267908759077483,0.499540605283025,0.4,0.296945143140657,0.0290363840631747,"violation in forward orientation",1,0.38551724137931,1,280,0.563379385105391,0.267908759077483,0.499540605283025,0.4,0.296945143140657,0.0290363840631747,"violation",1,1110,0.426489711015482,0.389519639197385,0.485872151314622,0.475675675675676,0.390043642113084,0.000524002915698429,"violation"
295,480,"forward",0.347485546590422,0.471342920898949,0.452596674755792,0.491132301421928,0.48906605639469,0.0177231354957412,"violation in forward orientation",1,0.38551724137931,1,480,0.347485546590422,0.471342920898949,0.452596674755792,0.491132301421928,0.48906605639469,0.0177231354957412,"violation",1,1390,0.501906577442951,0.336640658637796,0.498431887070181,0.457626911517928,0.338752724019511,0.00211206538171543,"violation"
296,820,"reverse",0.543681604442488,0.304268668265109,0.499927121399001,0.437830354581793,0.310341579540965,0.00607291127585602,"violation in reverse orientation",1,0.38551724137931,1,2360,0.310434530174614,0.536695921710748,0.449247671409841,0.499988508917079,0.543544932185823,0.00684901047507547,"violation",1,820,0.543681604442488,0.304268668265109,0.499927121399001,0.437830354581793,0.310341579540965,0.00607291127585602,"violation"
297,1460,"forward",0.293169632524524,0.568083055709806,0.437276066594335,0.499248825866902,0.568930800256762,0.000847744546955798,"violation in forward orientation",1,0.38551724137931,1,1460,0.293169632524524,0.568083055709806,0.437276066594335,0.499248825866902,0.568930800256762,0.000847744546955798,"violation",1,2360,0.546430954118603,0.306495514143115,0.499827426409105,0.447364324825625,0.308471750207976,0.00197623606486119,"violation"
298,1460,"reverse",0.49330430966159,0.344433242983809,0.497761455422208,0.461186310410977,0.344603115756711,0.000169872772901647,"violation in reverse orientation",1,0.38551724137931,1,2160,0.287146229415792,0.576106348404348,0.436948506020538,0.498260864295892,0.577787459575305,0.00168111117095671,"violation",1,1460,0.49330430966159,0.344433242983809,0.497761455422208,0.461186310410977,0.344603115756711,0.000169872772901647,"violation"
299,1200,"forward",0.294488552132254,0.565921053876977,0.436328590501343,0.499530334970315,0.566991494282491,0.00107044040551407,"violation in forward orientation",1,0.38551724137931,1,1200,0.294488552132254,0.565921053876977,0.436328590501343,0.499530334970315,0.566991494282491,0.00107044040551407,"violation",1,1900,0.527511988909076,0.320371967006546,0.499919938188444,0.452534873390271,0.321338515176396,0.000966548169850145,"violation"
300,1050,"forward",0.346957919371594,0.48849752001382,0.459901399271794,0.496613474757439,0.489841866088976,0.00134434607515621,"violation in forward orientation",1,0.38551724137931,1,1050,0.346957919371594,0.48849752001382,0.459901399271794,0.496613474757439,0.489841866088976,0.00134434607515621,"violation",1,2960,0.677593229089336,0.218951154817288,0.477392479260965,0.396148683221852,0.219268448331724,0.000317293514436101,"violation"
301,350,"reverse",0.610650657730726,0.264418857146291,0.498823104713403,0.402126997911082,0.264796008772461,0.00037715162617058,"violation in reverse orientation",1,0.38551724137931,1,1950,0.287910557652477,0.576464568767289,0.436650932459651,0.498356008666592,0.57666361070156,0.000199041934271005,"violation",1,350,0.610650657730726,0.264418857146291,0.498823104713403,0.402126997911082,0.264796008772461,0.00037715162617058,"violation"
302,160,"forward",0.488662040908508,0.331611385567067,0.485693769262073,0.42555111326373,0.34776031702563,0.0161489314585629,"violation in forward orientation",1,0.38551724137931,1,160,0.488662040908508,0.331611385567067,0.485693769262073,0.42555111326373,0.34776031702563,0.0161489314585629,"violation",1,890,0.586216996109445,0.281134908349641,0.498705558355939,0.425983493370534,0.281413311987366,0.000278403637725189,"violation"
303,730,"reverse",0.597226967662467,0.267593372152748,0.498193395967948,0.415536153197738,0.273925443876567,0.00633207172381856,"violation in reverse orientation",1,0.38551724137931,1,1390,0.293188284030818,0.55956409229828,0.43688734858574,0.499676413070082,0.568903375554474,0.0093392832561936,"violation",1,730,0.597226967662467,0.267593372152748,0.498193395967948,0.415536153197738,0.273925443876567,0.00633207172381856,"violation"
304,820,"forward",0.287461845326344,0.57534042539207,0.428704937987479,0.499462828639077,0.577323385937063,0.00198296054499258,"violation in forward orientation",1,0.38551724137931,1,820,0.287461845326344,0.57534042539207,0.428704937987479,0.499462828639077,0.577323385937063,0.00198296054499258,"violation",1,1620,0.530964374121568,0.318476120322978,0.499935600181272,0.450616861153192,0.31899055223986,0.000514431916882718,"violation"
305,90,"forward",0.577997924209187,0.275464716989807,0.495535624910617,0.372677996249965,0.287003092677163,0.011538375687356,"violation in forward orientation",1,0.38551724137931,1,90,0.577997924209187,0.275464716989807,0.495535624910617,0.372677996249965,0.287003092677163,0.011538375687356,"violation",1,1390,0.455379479592299,0.367125522263079,0.492616147948907,0.469505905446026,0.37039574603879,0.00327022377571096,"violation"
306,980,"forward",0.319764281819205,0.527880852430278,0.447282274113741,0.499583333260965,0.529826701751775,0.00194584932149655,"violation in forward orientation",1,0.38551724137931,1,980,0.319764281819205,0.527880852430278,0.447282274113741,0.499583333260965,0.529826701751775,0.00194584932149655,"violation",1,2380,0.55165469801451,0.304856723372358,0.4996580993316,0.446620077560139,0.304919088409645,6.23650372866824e-05,"violation"
307,1750,"forward",0.290137788433395,0.572511862817669,0.43705881545081,0.498783499718903,0.573388746991747,0.000876884174078052,"violation in forward orientation",1,0.38551724137931,1,1750,0.290137788433395,0.572511862817669,0.43705881545081,0.498783499718903,0.573388746991747,0.000876884174078052,"violation",1,4190,0.550807036142052,0.305487456313019,0.499395343004017,0.449906243140292,0.305495582206468,8.12589344911796e-06,"violation"
308,330,"reverse",0.611810201943129,0.25953082724844,0.498887651569859,0.397709234800203,0.264007404179861,0.00447657693142134,"violation in reverse orientation",1,0.38551724137931,1,2050,0.283889669906813,0.582481645712031,0.434827911148881,0.497756059316766,0.582575822167172,9.41764551414259e-05,"violation",1,330,0.611810201943129,0.25953082724844,0.498887651569859,0.397709234800203,0.264007404179861,0.00447657693142134,"violation"
309,950,"reverse",0.522600808447629,0.322884652540947,0.499306998973955,0.448481587216267,0.324678602967409,0.00179395042646247,"violation in reverse orientation",1,0.38551724137931,1,4550,0.30121220310881,0.556536977567133,0.448241798652437,0.49902506084493,0.557105208240998,0.000568230673864467,"violation",1,950,0.522600808447629,0.322884652540947,0.499306998973955,0.448481587216267,0.324678602967409,0.00179395042646247,"violation"
310,1370,"forward",0.292753301579437,0.569535198309594,0.436536018508521,0.499230053460765,0.569542962730009,7.76442041550141e-06,"violation in forward orientation",1,0.38551724137931,1,1370,0.292753301579437,0.569535198309594,0.436536018508521,0.499230053460765,0.569542962730009,7.76442041550141e-06,"violation",1,2570,0.567474036740947,0.293756649887706,0.498744657973078,0.441529839045541,0.294160375599792,0.000403725712086023,"violation"
311,670,"reverse",0.571981444669206,0.290672035696558,0.499777183589648,0.428168349416666,0.291094893011954,0.000422857315396652,"violation in reverse orientation",1,0.38551724137931,1,2510,0.260517877922304,0.616853066040614,0.42278500770894,0.492746066179272,0.61694111293952,8.80468989056249e-05,"violation",1,670,0.571981444669206,0.290672035696558,0.499777183589648,0.428168349416666,0.291094893011954,0.000422857315396652,"violation"
312,50,"reverse",0.381261936620275,0.4062591846095,0.41424630354416,0.427083130081252,0.439402108273576,0.0331429236640757,"violation in reverse orientation",1,0.38551724137931,1,100,0.535880378407413,0.310945864384819,0.489897948556636,0.4,0.315647183771808,0.0047013193869892,"violation",1,50,0.381261936620275,0.4062591846095,0.41424630354416,0.427083130081252,0.439402108273576,0.0331429236640757,"violation at burn-in"
313,1160,"reverse",0.561299073783642,0.297980452375215,0.499731646178855,0.437876727558631,0.298359960311768,0.000379507936553392,"violation in reverse orientation",1,0.38551724137931,1,2360,0.266509206309126,0.605832481387827,0.425942522486234,0.494659790115877,0.608131615479409,0.00229913409158222,"violation",1,1160,0.561299073783642,0.297980452375215,0.499731646178855,0.437876727558631,0.298359960311768,0.000379507936553392,"violation"
314,810,"reverse",0.492877571556294,0.344248047058145,0.496475921059666,0.456623259479183,0.34489333981723,0.00064529275908437,"violation in reverse orientation",1,0.38551724137931,1,940,0.330652904307752,0.512910647956258,0.451969934941965,0.498689999607437,0.513816347125254,0.000905699168995855,"violation",1,810,0.492877571556294,0.344248047058145,0.496475921059666,0.456623259479183,0.34489333981723,0.00064529275908437,"violation"
315,1020,"forward",0.329217044248898,0.513075063795325,0.452019263793531,0.498821178623145,0.515927599375986,0.00285253558066012,"violation in forward orientation",1,0.38551724137931,1,1020,0.329217044248898,0.513075063795325,0.452019263793531,0.498821178623145,0.515927599375986,0.00285253558066012,"violation",1,4210,0.532616002631829,0.317697502614381,0.499958867869931,0.455512404937514,0.317867281721557,0.00016977910717636,"violation"
316,300,"forward",0.490860779362141,0.342989989444756,0.491833305094318,0.443959457608462,0.346264957707792,0.0032749682630363,"violation in forward orientation",1,0.38551724137931,1,300,0.490860779362141,0.342989989444756,0.491833305094318,0.443959457608462,0.346264957707792,0.0032749682630363,"violation",1,2800,0.61026882397796,0.265015245871648,0.493616263210728,0.426210161822564,0.265055693438057,4.04475664085302e-05,"violation"
317,220,"forward",0.521314523805911,0.317129535156374,0.494682467651374,0.424848052565379,0.325553403570094,0.00842386841371989,"violation in forward orientation",1,0.38551724137931,1,220,0.521314523805911,0.317129535156374,0.494682467651374,0.424848052565379,0.325553403570094,0.00842386841371989,"violation",1,3420,0.510114768446267,0.33306071646721,0.499660549593366,0.461134287261462,0.33317034341434,0.000109626947130126,"violation"
318,1220,"reverse",0.501200858015098,0.33860933190735,0.498179971559901,0.45753860475972,0.33923268293435,0.000623351027000285,"violation in reverse orientation",1,0.38551724137931,1,1390,0.295445936228561,0.561715512939854,0.438081650291751,0.499594059113451,0.565583780964136,0.00386826802428242,"violation",1,1220,0.501200858015098,0.33860933190735,0.498179971559901,0.45753860475972,0.33923268293435,0.000623351027000285,"violation"
319,280,"forward",0.366265521563528,0.45719046655272,0.453430799346403,0.484122918275927,0.461452457014892,0.00426199046217252,"violation in forward orientation",1,0.38551724137931,1,280,0.366265521563528,0.45719046655272,0.453430799346403,0.484122918275927,0.461452457014892,0.00426199046217252,"violation",1,1390,0.492484920161002,0.344092833889538,0.497600993902813,0.460726636622963,0.345160381548201,0.00106754765866324,"violation"
320,1670,"forward",0.310467804379153,0.543286147028825,0.447040779776334,0.499977051357615,0.543496006638525,0.000209859609699881,"violation in forward orientation",1,0.38551724137931,1,1670,0.310467804379153,0.543286147028825,0.447040779776334,0.499977051357615,0.543496006638525,0.000209859609699881,"violation",1,2040,0.51920042220091,0.325867249950893,0.499738253287967,0.455423287734773,0.326991201471283,0.00112395152039008,"violation"
321,1410,"reverse",0.549150149921662,0.306201035596662,0.499939134165679,0.44370190977637,0.306622428486962,0.000421392890300465,"violation in reverse orientation",1,0.38551724137931,1,2150,0.321184753632631,0.527646811149392,0.453654352451409,0.49995132267108,0.527738075987234,9.12648378418313e-05,"violation",1,1410,0.549150149921662,0.306201035596662,0.499939134165679,0.44370190977637,0.306622428486962,0.000421392890300465,"violation"
322,820,"forward",0.387206483325122,0.428697351518595,0.472961671190414,0.484899886635879,0.430661397413351,0.00196404589475685,"violation in forward orientation",1,0.38551724137931,1,820,0.387206483325122,0.428697351518595,0.472961671190414,0.484899886635879,0.430661397413351,0.00196404589475685,"violation",1,860,0.545333357991346,0.306591585955944,0.499966196802179,0.43952104075654,0.309218223984066,0.00262663802812102,"violation"
323,320,"forward",0.484614488387416,0.349619365994701,0.491132301421928,0.448075311052729,0.350513052516681,0.000893686521979575,"violation in forward orientation",1,0.38551724137931,1,320,0.484614488387416,0.349619365994701,0.491132301421928,0.448075311052729,0.350513052516681,0.000893686521979575,"violation",1,2910,0.595219942678069,0.275194604286089,0.495763752581708,0.432316063573929,0.275290419099788,9.58148136989134e-05,"violation"
324,480,"reverse",0.522264043553374,0.320815086996334,0.498082259772419,0.439992897669951,0.324907636357767,0.00409254936143305,"violation in reverse orientation",1,0.38551724137931,1,3040,0.287185600493777,0.576888583793854,0.439101121429586,0.497782370032841,0.577729569339766,0.000840985545912276,"violation",1,480,0.522264043553374,0.320815086996334,0.498082259772419,0.439992897669951,0.324907636357767,0.00409254936143305,"violation"
325,2210,"reverse",0.584733769536709,0.282231604685826,0.497425035576522,0.434440042266505,0.282422052555095,0.000190447869268917,"violation in reverse orientation",1,0.38551724137931,1,3180,0.289775135155576,0.572713324438277,0.440711686786968,0.49811320754717,0.573921983183052,0.00120865874477516,"violation",1,2210,0.584733769536709,0.282231604685826,0.497425035576522,0.434440042266505,0.282422052555095,0.000190447869268917,"violation"
326,1570,"forward",0.33884982449987,0.501181486079818,0.459361096681806,0.498537355172929,0.501763803356828,0.000582317277009858,"violation in forward orientation",1,0.38551724137931,1,1570,0.33884982449987,0.501181486079818,0.459361096681806,0.498537355172929,0.501763803356828,0.000582317277009858,"violation",1,2360,0.572188521793377,0.290712039000793,0.498478005278693,0.439419446395727,0.290954060114514,0.000242021113720958,"violation"
327,310,"reverse",0.442448973790664,0.377654260265622,0.481294214288512,0.459651951756306,0.379189767129788,0.00153550686416598,"violation in reverse orientation",1,0.38551724137931,1,3380,0.322355377135166,0.525439484131749,0.45655968455628,0.499989408521972,0.526016820848723,0.000577336716973909,"violation",1,310,0.442448973790664,0.377654260265622,0.481294214288512,0.459651951756306,0.379189767129788,0.00153550686416598,"violation"
328,660,"reverse",0.371711024851749,0.445433405291446,0.4657704893618,0.487612858072066,0.453445526950413,0.00801212165896736,"violation in reverse orientation",1,0.38551724137931,1,1510,0.303804875599027,0.551418141536105,0.443028538827373,0.499873235103855,0.553293008300881,0.00187486676477555,"violation",1,660,0.371711024851749,0.445433405291446,0.4657704893618,0.487612858072066,0.453445526950413,0.00801212165896736,"violation"
329,310,"forward",0.432313343994895,0.38110151237696,0.478464418522301,0.461019546063111,0.386082996486931,0.00498148410997129,"violation in forward orientation",1,0.38551724137931,1,310,0.432313343994895,0.38110151237696,0.478464418522301,0.461019546063111,0.386082996486931,0.00498148410997129,"violation",1,1710,0.505285230247864,0.336141902707286,0.498926380599479,0.458766245832272,0.336454906402678,0.000313003695391667,"violation"
330,590,"forward",0.337470228164031,0.502371793835254,0.450480926578636,0.496668013059813,0.503792326854768,0.00142053301951472,"violation in forward orientation",1,0.38551724137931,1,590,0.337470228164031,0.502371793835254,0.450480926578636,0.496668013059813,0.503792326854768,0.00142053301951472,"violation",1,1240,0.567821692785516,0.29290701857519,0.499414329206162,0.435770514981644,0.293923935151502,0.00101691657631198,"violation"
331,550,"forward",0.316620408752013,0.533132001254447,0.439624182100579,0.499153001601978,0.534449373054728,0.0013173718002818,"violation in forward orientation",1,0.38551724137931,1,550,0.316620408752013,0.533132001254447,0.439624182100579,0.499153001601978,0.534449373054728,0.0013173718002818,"violation",1,1990,0.585336182520081,0.281758156762494,0.497518906674331,0.433447016663675,0.28201235222608,0.000254195463586071,"violation"
332,200,"forward",0.471276415184159,0.358289199812857,0.484122918275927,0.443959457608462,0.359584259696208,0.00129505988335177,"violation in forward orientation",1,0.38551724137931,1,200,0.471276415184159,0.358289199812857,0.484122918275927,0.443959457608462,0.359584259696208,0.00129505988335177,"violation",1,2360,0.572610031133841,0.285880314887893,0.498444686717341,0.436856803432166,0.290667392130526,0.00478707724263233,"violation"
333,1990,"reverse",0.570852173688992,0.291166553174028,0.498761122691664,0.43852420364778,0.29186290881658,0.00069635564255166,"violation in reverse orientation",1,0.38551724137931,1,2720,0.283663900917328,0.582701312300093,0.436561493377508,0.497343722737819,0.582907787169094,0.000206474869000606,"violation",1,1990,0.570852173688992,0.291166553174028,0.498761122691664,0.43852420364778,0.29186290881658,0.00069635564255166,"violation"
334,1010,"reverse",0.490962831872027,0.345782979213953,0.496804808889243,0.459116715034122,0.346195551921344,0.000412572707390813,"violation in reverse orientation",1,0.38551724137931,1,3030,0.288451334609796,0.575771003498773,0.439747644978882,0.497891074659398,0.575868465964965,9.74624661922441e-05,"violation",1,1010,0.490962831872027,0.345782979213953,0.496804808889243,0.459116715034122,0.346195551921344,0.000412572707390813,"violation"
335,2380,"forward",0.306159193178233,0.549558723953111,0.447252280124009,0.499731408686331,0.549831279382812,0.000272555429701615,"violation in forward orientation",1,0.38551724137931,1,2380,0.306159193178233,0.549558723953111,0.447252280124009,0.499731408686331,0.549831279382812,0.000272555429701615,"violation",1,2520,0.567251341074779,0.29409968848288,0.498779058558737,0.441586438612464,0.294311830648434,0.000212142165554319,"violation"
336,350,"forward",0.51599199132459,0.32715061695975,0.496386945839634,0.438634243989226,0.329173251363855,0.00202263440410566,"violation in forward orientation",1,0.38551724137931,1,350,0.51599199132459,0.32715061695975,0.496386945839634,0.438634243989226,0.329173251363855,0.00202263440410566,"violation",1,2400,0.591182019445944,0.277345500372953,0.496585563847986,0.432288604406825,0.278036605723257,0.000691105350304144,"violation"
337,620,"reverse",0.492432911816365,0.343957592145168,0.495607658428128,0.453911202563558,0.345195752359418,0.00123816021424977,"violation in reverse orientation",1,0.38551724137931,1,2350,0.295001679390771,0.564788949180119,0.441616028996396,0.499007434914143,0.566237004962466,0.00144805578234752,"violation",1,620,0.492432911816365,0.343957592145168,0.495607658428128,0.453911202563558,0.345195752359418,0.00123816021424977,"violation"
338,490,"reverse",0.45593580221152,0.368792388557892,0.488160535109422,0.461734411996757,0.370017391709742,0.00122500315185015,"violation in reverse orientation",1,0.38551724137931,1,2800,0.26390292723883,0.611682962969312,0.42555111326373,0.493383647346958,0.61196382219013,0.000280859220817886,"violation",1,490,0.45593580221152,0.368792388557892,0.488160535109422,0.461734411996757,0.370017391709742,0.00122500315185015,"violation"
339,2150,"reverse",0.522523773923329,0.324544078841258,0.499853737395785,0.455149016659537,0.324730994052632,0.000186915211373817,"violation in reverse orientation",1,0.38551724137931,1,2360,0.277524342419158,0.580193065498327,0.4322762899636,0.497782896863911,0.591935238429283,0.0117421729309561,"violation",1,2150,0.522523773923329,0.324544078841258,0.499853737395785,0.455149016659537,0.324730994052632,0.000186915211373817,"violation"
340,480,"reverse",0.380510899995646,0.439163922294393,0.465991885658967,0.484122918275927,0.440506413497717,0.00134249120332375,"violation in reverse orientation",1,0.38551724137931,1,2030,0.260933832033444,0.615790393797717,0.421494425271648,0.493430106906841,0.616329504553362,0.000539110755644945,"violation",1,480,0.380510899995646,0.439163922294393,0.465991885658967,0.484122918275927,0.440506413497717,0.00134249120332375,"violation"
341,1660,"forward",0.366419619343991,0.457365862699869,0.470256259224188,0.493440791561846,0.461225875542812,0.00386001284294341,"violation in forward orientation",1,0.38551724137931,1,1660,0.366419619343991,0.457365862699869,0.470256259224188,0.493440791561846,0.461225875542812,0.00386001284294341,"violation",1,2930,0.537948678108682,0.312818968094082,0.499943618762006,0.451568726406932,0.314240535689011,0.00142156759492879,"violation"
342,2360,"reverse",0.541776648500356,0.309121823289663,0.499928176398394,0.448624369657147,0.311637137734088,0.00251531444442543,"violation in reverse orientation",1,0.38551724137931,1,2690,0.296356146037973,0.564188613261841,0.443127666447293,0.498928662492852,0.564245431521995,5.68182601538014e-05,"violation",1,2360,0.541776648500356,0.309121823289663,0.499928176398394,0.448624369657147,0.311637137734088,0.00251531444442543,"violation"
343,770,"forward",0.38843948828815,0.424644450770818,0.472912765091769,0.483530405344444,0.428848418155866,0.00420396738504775,"violation in forward orientation",1,0.38551724137931,1,770,0.38843948828815,0.424644450770818,0.472912765091769,0.483530405344444,0.428848418155866,0.00420396738504775,"violation",1,3410,0.572175454374918,0.290945365959499,0.498087086455392,0.441699474038785,0.290962947249734,1.75812902346584e-05,"violation"
344,1320,"reverse",0.506815880377292,0.334262823134231,0.498730597064304,0.456246815906471,0.335413913132374,0.00115108999814256,"violation in reverse orientation",1,0.38551724137931,1,2740,0.30803405672384,0.546615935167183,0.448963114168352,0.499764982861675,0.547074527528014,0.000458592360831456,"violation",1,1320,0.506815880377292,0.334262823134231,0.498730597064304,0.456246815906471,0.335413913132374,0.00115108999814256,"violation"
345,1390,"forward",0.284145956497097,0.581043268090433,0.43196930979208,0.498431887070181,0.582198984858249,0.00115571676781623,"violation in forward orientation",1,0.38551724137931,1,1390,0.284145956497097,0.581043268090433,0.43196930979208,0.498431887070181,0.582198984858249,0.00115571676781623,"violation",1,2090,0.518752348599365,0.32718050968114,0.499735283969516,0.456139486509481,0.327295935776557,0.000115426095417481,"violation"
346,1360,"reverse",0.522106976175998,0.323982991315982,0.4996057052583,0.451903294267969,0.325014457687925,0.0010314663719434,"violation in reverse orientation",1,0.38551724137931,1,2340,0.266504406812655,0.607412427600981,0.4258801631458,0.494439827413085,0.608138672537418,0.000726244936437803,"violation",1,1360,0.522106976175998,0.323982991315982,0.4996057052583,0.451903294267969,0.325014457687925,0.0010314663719434,"violation"
347,1390,"reverse",0.563866156470651,0.295445936228561,0.499502366096848,0.438081650291751,0.296614090533879,0.00116815430531853,"violation in reverse orientation",1,0.38551724137931,1,3390,0.27954158576871,0.588042255082224,0.435620511486298,0.496436689790531,0.588969134918183,0.000926879835958849,"violation",1,1390,0.563866156470651,0.295445936228561,0.499502366096848,0.438081650291751,0.296614090533879,0.00116815430531853,"violation"
348,1280,"reverse",0.500750189013401,0.338683170636313,0.498217035882706,0.457915810655668,0.339539182368075,0.000856011731761974,"violation in reverse orientation",1,0.38551724137931,1,2360,0.283243004768728,0.576402528070214,0.435431612836106,0.498128499785136,0.583526662201918,0.00712413413170432,"violation",1,1280,0.500750189013401,0.338683170636313,0.498217035882706,0.457915810655668,0.339539182368075,0.000856011731761974,"violation"
349,1740,"reverse",0.580229272317203,0.285167049747492,0.498188023386279,0.434331832327993,0.285485555573489,0.000318505825997517,"violation in reverse orientation",1,0.38551724137931,1,2330,0.289909069787535,0.572438334141155,0.438915646854069,0.498472311122393,0.573725049093668,0.0012867149525122,"violation",1,1740,0.580229272317203,0.285167049747492,0.498188023386279,0.434331832327993,0.285485555573489,0.000318505825997517,"violation"
350,1410,"forward",0.354041617863843,0.477185623634063,0.464755512321357,0.495909022161986,0.479426175302787,0.002240551668724,"violation in forward orientation",1,0.38551724137931,1,1410,0.354041617863843,0.477185623634063,0.464755512321357,0.495909022161986,0.479426175302787,0.002240551668724,"violation",1,3780,0.612444329333829,0.263347477464157,0.492644235439298,0.427050914965667,0.263576134921431,0.000228657457273518,"violation"
351,230,"reverse",0.366432393768722,0.450275403627919,0.450267721243652,0.48025276898442,0.461207092352348,0.0109316887244292,"violation in reverse orientation",1,0.38551724137931,1,400,0.371294392023413,0.449891138206594,0.460407428263272,0.485386443980464,0.454058133305141,0.00416699509854701,"violation",1,230,0.366432393768722,0.450275403627919,0.450267721243652,0.48025276898442,0.461207092352348,0.0109316887244292,"violation"
352,460,"reverse",0.470657523279239,0.355003577286064,0.490765383483502,0.455355653601161,0.360005167319499,0.0050015900334347,"violation in reverse orientation",1,0.38551724137931,1,850,0.295147557796053,0.563162885526309,0.433351787380989,0.499861572533338,0.566022509051401,0.00285962352509206,"violation",1,460,0.470657523279239,0.355003577286064,0.490765383483502,0.455355653601161,0.360005167319499,0.0050015900334347,"violation"
353,2000,"reverse",0.50160733126942,0.338893969591427,0.498842660565433,0.460829686543738,0.338956240974053,6.2271382625767e-05,"violation in reverse orientation",1,0.38551724137931,1,3440,0.289365210254336,0.574007027673639,0.440929922081875,0.49791267593384,0.574524726371733,0.000517698698093927,"violation",1,2000,0.50160733126942,0.338893969591427,0.498842660565433,0.460829686543738,0.338956240974053,6.2271382625767e-05,"violation"
354,290,"reverse",0.496052104145382,0.33927428655708,0.492512305416748,0.441608238045478,0.342734344108108,0.00346005755102818,"violation in reverse orientation",1,0.38551724137931,1,2520,0.317859347865459,0.53201301160125,0.453061135824024,0.49999984252958,0.532627668372818,0.000614656771568356,"violation",1,290,0.496052104145382,0.33927428655708,0.492512305416748,0.441608238045478,0.342734344108108,0.00346005755102818,"violation"
355,780,"reverse",0.500522486563091,0.339521981496543,0.497229338556798,0.454235310484836,0.339694042524454,0.000172061027910786,"violation in reverse orientation",1,0.38551724137931,1,1050,0.313150441764882,0.53642399668234,0.444696640464954,0.499890237385275,0.539551524595451,0.00312752791311166,"violation",1,780,0.500522486563091,0.339521981496543,0.497229338556798,0.454235310484836,0.339694042524454,0.000172061027910786,"violation"
356,820,"forward",0.318428516126259,0.530224227671245,0.44496489043297,0.499517911552656,0.531790777782925,0.00156655011167972,"violation in forward orientation",1,0.38551724137931,1,820,0.318428516126259,0.530224227671245,0.44496489043297,0.499517911552656,0.531790777782925,0.00156655011167972,"violation",1,2220,0.619248227491793,0.258474957260883,0.492620652774498,0.420658984223605,0.258948812153085,0.000473854892201531,"violation"
357,830,"reverse",0.479114811402957,0.352647454421682,0.494746680468124,0.460330843428426,0.354253376069136,0.00160592164745416,"violation in reverse orientation",1,0.38551724137931,1,1470,0.316060603209239,0.534503822008086,0.448798664844286,0.499962514213308,0.535272496941256,0.00076867493317001,"violation",1,830,0.479114811402957,0.352647454421682,0.494746680468124,0.460330843428426,0.354253376069136,0.00160592164745416,"violation"
358,1050,"forward",0.452752620697366,0.371653458784507,0.49121165386103,0.469345083340857,0.372182269542162,0.000528810757655984,"violation in forward orientation",1,0.38551724137931,1,1050,0.452752620697366,0.371653458784507,0.49121165386103,0.469345083340857,0.372182269542162,0.000528810757655984,"violation",1,6650,0.523649774652512,0.323866800201745,0.49999617840136,0.459944152521037,0.323965202341711,9.84021399656476e-05,"violation"
359,380,"forward",0.555234931843766,0.302383584696804,0.499660549593366,0.426762274318107,0.302484175786103,0.00010059108929894,"violation in forward orientation",1,0.38551724137931,1,380,0.555234931843766,0.302383584696804,0.499660549593366,0.426762274318107,0.302484175786103,0.00010059108929894,"violation",1,1550,0.518401939701452,0.327057613506484,0.499546516517143,0.454208669103144,0.32753424843702,0.000476634930536124,"violation"
360,1770,"forward",0.294602681155426,0.566317743984863,0.439496097320729,0.499169088385084,0.56682368185846,0.000505937873597206,"violation in forward orientation",1,0.38551724137931,1,1770,0.294602681155426,0.566317743984863,0.439496097320729,0.499169088385084,0.56682368185846,0.000505937873597206,"violation",1,2120,0.58512456169752,0.28212663117254,0.497446085208809,0.434096574785675,0.282156275287207,2.9644114667049e-05,"violation"
361,1460,"reverse",0.524286628241366,0.322427901944616,0.499729707388517,0.451707525393261,0.32353207899927,0.00110417705465377,"violation in reverse orientation",1,0.38551724137931,1,2670,0.32668919183104,0.518896006586922,0.457270241463475,0.49983781684213,0.519644489524027,0.000748482937104389,"violation",1,1460,0.524286628241366,0.322427901944616,0.499729707388517,0.451707525393261,0.32353207899927,0.00110417705465377,"violation"
362,1080,"forward",0.294035688724712,0.566676643874737,0.43513002014424,0.499584875682775,0.567657373162924,0.00098072928818671,"violation in forward orientation",1,0.38551724137931,1,1080,0.294035688724712,0.566676643874737,0.43513002014424,0.499584875682775,0.567657373162924,0.00098072928818671,"violation",1,2320,0.608592023455088,0.265601260412865,0.494277411012137,0.425284929318952,0.266196083411175,0.000594822998309708,"violation"
363,1390,"forward",0.320954228658133,0.521427743155681,0.45067449407729,0.499594059113451,0.528077034069018,0.00664929091333655,"violation in forward orientation",1,0.38551724137931,1,1390,0.320954228658133,0.521427743155681,0.45067449407729,0.499594059113451,0.528077034069018,0.00664929091333655,"violation",1,1390,0.569597403283166,0.291682537567035,0.499212152963006,0.436083396068563,0.292716276626197,0.00103373905916271,"violation"
364,50,"reverse",0.381261936620275,0.381261936620275,0.41424630354416,0.41424630354416,0.439402108273576,0.0581401716533012,"violation in reverse orientation",1,0.38551724137931,1,1090,0.331796860350739,0.511186605506803,0.453719582421906,0.498783133325219,0.512134303143599,0.000947697636795697,"violation",1,50,0.381261936620275,0.381261936620275,0.41424630354416,0.41424630354416,0.439402108273576,0.0581401716533012,"violation at burn-in"
365,250,"forward",0.4752312956228,0.356021110352344,0.487294572101927,0.447016778208604,0.356894550374444,0.000873440022100103,"violation in forward orientation",1,0.38551724137931,1,250,0.4752312956228,0.356021110352344,0.487294572101927,0.447016778208604,0.356894550374444,0.000873440022100103,"violation",1,3100,0.595288056182053,0.274421077464497,0.495650593589999,0.432265166046624,0.275244095189509,0.000823017725012698,"violation"
366,480,"forward",0.526476890846933,0.302900894529296,0.498430697010349,0.430580196427513,0.322042484095276,0.0191415895659794,"violation in forward orientation",1,0.38551724137931,1,480,0.526476890846933,0.302900894529296,0.498430697010349,0.430580196427513,0.322042484095276,0.0191415895659794,"violation",1,950,0.442623501564733,0.378790235060149,0.48879409528965,0.471155825215341,0.379071071005315,0.000280835945165925,"violation"
367,70,"forward",0.636172957540227,0.239040057693904,0.499183005990176,0.334724986110285,0.247438324064788,0.00839826637088412,"violation in forward orientation",1,0.38551724137931,1,70,0.636172957540227,0.239040057693904,0.499183005990176,0.334724986110285,0.247438324064788,0.00839826637088412,"violation",1,3080,0.513570666480617,0.330661072157804,0.499736395346454,0.459660918386647,0.330819991411979,0.000158919254175105,"violation"
368,140,"forward",0.900162571838456,0.0678497888323967,0.394541842275471,0.166598625567009,0.067899312091301,4.95232589043382e-05,"violation in forward orientation",1,0.38551724137931,1,140,0.900162571838456,0.0678497888323967,0.394541842275471,0.166598625567009,0.067899312091301,4.95232589043382e-05,"violation",1,1390,0.558846779460802,0.298454347851879,0.499701789855452,0.439652525232043,0.300027762664377,0.00157341481249834,"violation"
369,2050,"reverse",0.560643467152549,0.298582198326923,0.499356158936859,0.442559211362915,0.29880583757517,0.000223639248246421,"violation in reverse orientation",1,0.38551724137931,1,2690,0.263621644494312,0.611430433952145,0.425120365888314,0.493510210544264,0.612377413210922,0.000946979258776737,"violation",1,2050,0.560643467152549,0.298582198326923,0.499356158936859,0.442559211362915,0.29880583757517,0.000223639248246421,"violation"
370,1550,"reverse",0.520990793430108,0.325719931164093,0.499649825348577,0.453612623359138,0.325773572200485,5.36410363924378e-05,"violation in reverse orientation",1,0.38551724137931,1,2360,0.315245258701866,0.531187913591015,0.451495130237919,0.499995511327166,0.536471358846843,0.00528344525582769,"violation",1,1550,0.520990793430108,0.325719931164093,0.499649825348577,0.453612623359138,0.325773572200485,5.36410363924378e-05,"violation"
371,1390,"forward",0.301460732292375,0.549513864283941,0.441199038160492,0.499937369919407,0.556739777226368,0.00722591294242658,"violation in forward orientation",1,0.38551724137931,1,1390,0.301460732292375,0.549513864283941,0.441199038160492,0.499937369919407,0.556739777226368,0.00722591294242658,"violation",1,2150,0.591608820786132,0.277326674297448,0.496716313127947,0.431525649474835,0.277746338656767,0.000419664359318561,"violation"
372,1750,"reverse",0.563980074431239,0.296088116522327,0.499308583167253,0.44018548965876,0.296536615069004,0.000448498546676224,"violation in reverse orientation",1,0.38551724137931,1,3580,0.196147228872045,0.710949827125812,0.379847598874651,0.464549242346104,0.71159008436983,0.00064025724401795,"violation",1,1750,0.563980074431239,0.296088116522327,0.499308583167253,0.44018548965876,0.296536615069004,0.000448498546676224,"violation"
373,690,"forward",0.493585315603255,0.344029176801839,0.496101161164536,0.455026306160937,0.344412003961426,0.000382827159586818,"violation in forward orientation",1,0.38551724137931,1,690,0.493585315603255,0.344029176801839,0.496101161164536,0.455026306160937,0.344412003961426,0.000382827159586818,"violation",1,1130,0.507267017044879,0.334290908566672,0.498549858873154,0.455102208525936,0.335107095639652,0.000816187072980368,"violation"
374,460,"reverse",0.52162307215973,0.324863697910807,0.497911517256845,0.441448894725159,0.325343560214181,0.000479862303374434,"violation in reverse orientation",1,0.38551724137931,1,3550,0.254979110036799,0.625043388448979,0.421643095779133,0.490408620394615,0.625085176904836,4.17884558571169e-05,"violation",1,460,0.52162307215973,0.324863697910807,0.497911517256845,0.441448894725159,0.325343560214181,0.000479862303374434,"violation"
375,60,"forward",0.592139703863035,0.277090389131333,0.493006648591635,0.357071421427142,0.277385285729158,0.000294896597825445,"violation in forward orientation",1,0.38551724137931,1,60,0.592139703863035,0.277090389131333,0.493006648591635,0.357071421427142,0.277385285729158,0.000294896597825445,"violation",1,1390,0.553105171332021,0.302963170982312,0.49986748412165,0.441963238946983,0.303932623290507,0.000969452308194674,"violation"
376,1940,"forward",0.335256824129397,0.506704223168961,0.459151925858138,0.499135984266482,0.507046860067168,0.000342636898207571,"violation in forward orientation",1,0.38551724137931,1,1940,0.335256824129397,0.506704223168961,0.459151925858138,0.499135984266482,0.507046860067168,0.000342636898207571,"violation",1,3810,0.612469763144423,0.263488535514699,0.492624349582868,0.427178961284062,0.26355883741813,7.03019034304919e-05,"violation"
377,1410,"forward",0.313592048185866,0.5356773441111,0.447314809396354,0.499967807423977,0.53890219770284,0.00322485359173996,"violation in forward orientation",1,0.38551724137931,1,1410,0.313592048185866,0.5356773441111,0.447314809396354,0.499967807423977,0.53890219770284,0.00322485359173996,"violation",1,1830,0.568119702861511,0.293179902829509,0.499028887631442,0.438992396410716,0.293721258865374,0.000541356035864637,"violation"
378,1200,"forward",0.307587739557459,0.547628344737582,0.443092039598496,0.499988888765429,0.547730780981303,0.000102436243720638,"violation in forward orientation",1,0.38551724137931,1,1200,0.307587739557459,0.547628344737582,0.443092039598496,0.499988888765429,0.547730780981303,0.000102436243720638,"violation",1,1240,0.494273836996369,0.343380364603991,0.497574109854086,0.459651951756306,0.343943741408859,0.000563376804868787,"violation"
379,360,"reverse",0.401643416019052,0.401643416019052,0.470413201607814,0.470413201607814,0.409433697362942,0.00779028134389009,"violation in reverse orientation",1,0.38551724137931,1,2230,0.320625379897979,0.527822179136533,0.453616647512989,0.499960584824614,0.528560564954041,0.000738385817507958,"violation",1,360,0.401643416019052,0.401643416019052,0.470413201607814,0.470413201607814,0.409433697362942,0.00779028134389009,"violation"
380,640,"forward",0.351747405051981,0.479412474974589,0.457572462669849,0.493858769664972,0.482799527693804,0.00338705271921452,"violation in forward orientation",1,0.38551724137931,1,640,0.351747405051981,0.479412474974589,0.457572462669849,0.493858769664972,0.482799527693804,0.00338705271921452,"violation",1,1940,0.538209679896163,0.313955159884931,0.499995748733122,0.449703200382739,0.314063028694381,0.000107868809449518,"violation"
381,1640,"forward",0.307741923099129,0.547323725386496,0.44558779499197,0.499927121399001,0.547504073408116,0.000180348021620369,"violation in forward orientation",1,0.38551724137931,1,1640,0.307741923099129,0.547323725386496,0.44558779499197,0.499927121399001,0.547504073408116,0.000180348021620369,"violation",1,3720,0.582786118319051,0.28358530125604,0.496923998731865,0.438310140517923,0.283746647752587,0.000161346496546977,"violation"
382,1710,"reverse",0.605599441947416,0.26802644858205,0.495376868852573,0.424418402608351,0.268231334413628,0.000204885831577906,"violation in reverse orientation",1,0.38551724137931,1,2080,0.340595580040296,0.497993570525653,0.461738488305708,0.498627693327651,0.499196888641689,0.00120331811603691,"violation",1,1710,0.605599441947416,0.26802644858205,0.495376868852573,0.424418402608351,0.268231334413628,0.000204885831577906,"violation"
383,80,"reverse",0.308177297821902,0.538126767493411,0.3903123748999,0.487179381747627,0.546863909446666,0.00873714195325481,"violation in reverse orientation",1,0.38551724137931,1,2370,0.276821828918661,0.592505717442578,0.43191090252495,0.496447885607844,0.592968196481113,0.000462479038535135,"violation",1,80,0.308177297821902,0.538126767493411,0.3903123748999,0.487179381747627,0.546863909446666,0.00873714195325481,"violation"
384,1950,"reverse",0.531453425557,0.318228361716748,0.499978697771067,0.451719193871335,0.318657948960163,0.000429587243415408,"violation in reverse orientation",1,0.38551724137931,1,2430,0.277854879865389,0.59070632295478,0.432655725704879,0.49662172243349,0.591449224543039,0.000742901588259404,"violation",1,1950,0.531453425557,0.318228361716748,0.499978697771067,0.451719193871335,0.318657948960163,0.000429587243415408,"violation"
385,330,"forward",0.372085606764539,0.445631017955166,0.458257569495584,0.482722612163391,0.452894751196478,0.0072637332413123,"violation in forward orientation",1,0.38551724137931,1,330,0.372085606764539,0.445631017955166,0.458257569495584,0.482722612163391,0.452894751196478,0.0072637332413123,"violation",1,2940,0.595108884428772,0.275271371923134,0.495761455351041,0.432421963694662,0.275365949678532,9.4577755397951e-05,"violation"
386,1770,"reverse",0.540955580880526,0.311039488618078,0.499988508917079,0.447716141153712,0.31219554481241,0.00115605619433262,"violation in reverse orientation",1,0.38551724137931,1,3700,0.263609981938527,0.612104779976957,0.427083130081252,0.49274532439331,0.612394561537458,0.000289781560501412,"violation",1,1770,0.540955580880526,0.311039488618078,0.499988508917079,0.447716141153712,0.31219554481241,0.00115605619433262,"violation"
387,80,"forward",0.603815767828986,0.260399815732986,0.49749371855331,0.357071421427142,0.269444408987629,0.00904459325464352,"violation in forward orientation",1,0.38551724137931,1,80,0.603815767828986,0.260399815732986,0.49749371855331,0.357071421427142,0.269444408987629,0.00904459325464352,"violation",1,2970,0.564209570662024,0.295525443706297,0.498842201544933,0.443276702841593,0.29638053496473,0.00085509125843336,"violation"
388,1390,"forward",0.301460732292375,0.550232298054833,0.441199038160492,0.499925464140591,0.556739777226368,0.00650747917153471,"violation in forward orientation",1,0.38551724137931,1,1390,0.301460732292375,0.550232298054833,0.441199038160492,0.499925464140591,0.556739777226368,0.00650747917153471,"violation",1,3290,0.551176643267354,0.304743976106081,0.499507430068204,0.448371127723056,0.305244212855172,0.000500236749090943,"violation"
389,150,"forward",0.33741333935307,0.49071173515061,0.427083130081252,0.485386443980464,0.503875974721036,0.0131642395704262,"violation in forward orientation",1,0.38551724137931,1,150,0.33741333935307,0.49071173515061,0.427083130081252,0.485386443980464,0.503875974721036,0.0131642395704262,"violation",1,440,0.396735955538191,0.41338716841789,0.470866091402915,0.476248901866372,0.416649502915652,0.00326233449776148,"violation"
390,1590,"forward",0.275152630136631,0.594407333157407,0.427998396339859,0.49692738909267,0.595422544078392,0.00101521092098533,"violation in forward orientation",1,0.38551724137931,1,1590,0.275152630136631,0.594407333157407,0.427998396339859,0.49692738909267,0.595422544078392,0.00101521092098533,"violation",1,2280,0.585361866478907,0.280629058821736,0.497314270389856,0.433769712445329,0.281994884597273,0.00136582577553751,"violation"
391,2370,"forward",0.300438276179491,0.556839794962459,0.444417382430211,0.499441372850875,0.558243170789194,0.00140337582673455,"violation in forward orientation",1,0.38551724137931,1,2370,0.300438276179491,0.556839794962459,0.444417382430211,0.499441372850875,0.558243170789194,0.00140337582673455,"violation",1,2610,0.56176846464647,0.297687648685903,0.499106084254579,0.443621413929343,0.298040728163316,0.000353079477412144,"violation"
392,1430,"forward",0.299860497349752,0.558564704266505,0.440604393311005,0.499694268110485,0.559092722141493,0.000528017874987907,"violation in forward orientation",1,0.38551724137931,1,1430,0.299860497349752,0.558564704266505,0.440604393311005,0.499694268110485,0.559092722141493,0.000528017874987907,"violation",1,1920,0.518052159842451,0.326284753515161,0.499667586984226,0.455242597394663,0.327772133288892,0.00148737977373103,"violation"
393,1390,"reverse",0.469230032744815,0.35747914435114,0.494797215490676,0.465974394165392,0.360976001876129,0.00349685752498918,"violation in reverse orientation",1,0.38551724137931,1,3440,0.281871959403888,0.585277599672644,0.436966471406658,0.496743042852095,0.585542612568755,0.000265012896111028,"violation",1,1390,0.469230032744815,0.35747914435114,0.494797215490676,0.465974394165392,0.360976001876129,0.00349685752498918,"violation"
394,2600,"reverse",0.57724405602896,0.287268921023666,0.497935976493355,0.438212479871116,0.287515797499268,0.000246876475601621,"violation in reverse orientation",1,0.38551724137931,1,3630,0.276259757324232,0.593731142739322,0.434199020055485,0.495609436840809,0.593794652312579,6.3509573256737e-05,"violation",1,2600,0.57724405602896,0.287268921023666,0.497935976493355,0.438212479871116,0.287515797499268,0.000246876475601621,"violation"
395,820,"forward",0.366947676506449,0.459881156986489,0.465813751323499,0.491563265290911,0.460449433670306,0.000568276683817592,"violation in forward orientation",1,0.38551724137931,1,820,0.366947676506449,0.459881156986489,0.465813751323499,0.491563265290911,0.460449433670306,0.000568276683817592,"violation",1,940,0.601069284483626,0.271191950612033,0.497275283024693,0.4206959247647,0.271312288932597,0.000120338320564517,"violation"
396,2330,"reverse",0.502950503509027,0.337752955403258,0.499070587130213,0.461193696916235,0.338042751186016,0.000289795782758118,"violation in reverse orientation",1,0.38551724137931,1,3150,0.359566931712434,0.471248540177321,0.470840314933622,0.496613474757439,0.471301893812469,5.33536351477459e-05,"violation",1,2330,0.502950503509027,0.337752955403258,0.499070587130213,0.461193696916235,0.338042751186016,0.000289795782758118,"violation"
397,1390,"forward",0.252341489646108,0.622346757940462,0.412877566216739,0.493346864613083,0.628963467098985,0.00661670915852308,"violation in forward orientation",1,0.38551724137931,1,1390,0.252341489646108,0.622346757940462,0.412877566216739,0.493346864613083,0.628963467098985,0.00661670915852308,"violation",1,3170,0.61171103365072,0.263600595814303,0.493121692457886,0.426157629883902,0.26407484841355,0.000474252599246328,"violation"
398,1390,"forward",0.332910372254604,0.506973686372622,0.456026589690374,0.498806089717205,0.510497023452759,0.00352333708013686,"violation in forward orientation",1,0.38551724137931,1,1390,0.332910372254604,0.506973686372622,0.456026589690374,0.498806089717205,0.510497023452759,0.00352333708013686,"violation",1,2550,0.591239470362615,0.277319799461496,0.496481119982461,0.432672550934514,0.277997533425495,0.000677733963998284,"violation"
399,730,"reverse",0.516441679225447,0.325887387686035,0.498526633845957,0.4473730164811,0.328867419175605,0.00298003148956966,"violation in reverse orientation",1,0.38551724137931,1,750,0.363716487718724,0.464102711008745,0.463848634314639,0.491954830808231,0.465200491796449,0.0010977807877034,"violation",1,730,0.516441679225447,0.325887387686035,0.498526633845957,0.4473730164811,0.328867419175605,0.00298003148956966,"violation"
400,1540,"forward",0.349262456977239,0.486363861891055,0.463446703541094,0.497156698907577,0.486453332382777,8.94704917217548e-05,"violation in forward orientation",1,0.38551724137931,1,1540,0.349262456977239,0.486363861891055,0.463446703541094,0.497156698907577,0.486453332382777,8.94704917217548e-05,"violation",1,2150,0.555990559030513,0.301950278697165,0.499542029310982,0.444559930311678,0.301970274665827,1.99959686622564e-05,"violation"
