"trial","stopped_at_n","selected_direction","T1_","T2_","s1","s2","beta_allowed","margin","reason","violation","eps","fwd_violation","fwd_stopped_at_n","fwd_T1_","fwd_T2_","fwd_s1","fwd_s2","fwd_beta_allowed","fwd_margin","fwd_reason","rev_violation","rev_stopped_at_n","rev_T1_","rev_T2_","rev_s1","rev_s2","rev_beta_allowed","rev_margin","rev_reason"
1,4830,"reverse",0.63491032728272,0.224100509501969,0.487576540815402,0.403072358187441,0.224126801003534,2.62915015651621e-05,"violation in reverse orientation",1,0.487931034482759,1,9530,0.215167337021514,0.649303563000064,0.400157311704378,0.4824606434738,0.649504778987166,0.00020121598710221,"violation",1,4830,0.63491032728272,0.224100509501969,0.487576540815402,0.403072358187441,0.224126801003534,2.62915015651621e-05,"violation"
2,3560,"forward",0.185731371381689,0.697182626284357,0.371079110805843,0.469927617469862,0.69745427460055,0.000271648316193418,"violation in forward orientation",1,0.487931034482759,1,3560,0.185731371381689,0.697182626284357,0.371079110805843,0.469927617469862,0.69745427460055,0.000271648316193418,"violation",1,5470,0.613986877217276,0.236768687665269,0.491675299286509,0.412454660165752,0.236971606758302,0.000202919093033022,"violation"
3,5290,"reverse",0.609127466013188,0.239795703505945,0.49261236587612,0.414271855902982,0.239954776015944,0.000159072509999691,"violation in reverse orientation",1,0.487931034482759,0,10050,0.204906644126687,0.670537183766965,0.392732738621381,0.475972559585403,0.666218857776725,-0.00431832599024018,"max_iter reached without violation",1,5290,0.609127466013188,0.239795703505945,0.49261236587612,0.414271855902982,0.239954776015944,0.000159072509999691,"violation"
4,5600,"reverse",0.626711981520547,0.229158643443842,0.489079596835542,0.407435319456741,0.229159726190163,1.08274632115712e-06,"violation in reverse orientation",1,0.487931034482759,1,6440,0.220955385912363,0.639376146197761,0.402425009745678,0.485873510461999,0.640076380126476,0.00070023392871521,"violation",1,5600,0.626711981520547,0.229158643443842,0.489079596835542,0.407435319456741,0.229159726190163,1.08274632115712e-06,"violation"
5,5290,"forward",0.228076989880818,0.628417694103939,0.406376398106015,0.488828349773105,0.628475696716801,5.80026128620403e-05,"violation in forward orientation",1,0.487931034482759,1,5290,0.228076989880818,0.628417694103939,0.406376398106015,0.488828349773105,0.628475696716801,5.80026128620403e-05,"violation",1,5620,0.614324521377053,0.236625578624703,0.49156407278092,0.412502799128397,0.236764328626206,0.000138750001503568,"violation"
6,6780,"forward",0.203804723593469,0.666747066025222,0.389928103407933,0.478158694079161,0.668013822970676,0.00126675694545486,"violation in forward orientation",1,0.487931034482759,1,6780,0.203804723593469,0.666747066025222,0.389928103407933,0.478158694079161,0.668013822970676,0.00126675694545486,"violation",1,6830,0.653916604617498,0.212327492560086,0.481921406094397,0.396442834979404,0.2124589384033,0.000131445843214423,"violation"
7,4810,"forward",0.240934979283839,0.607410413993029,0.414499002856068,0.493070923238704,0.607530771246344,0.00012035725331494,"violation in forward orientation",1,0.487931034482759,1,4810,0.240934979283839,0.607410413993029,0.414499002856068,0.493070923238704,0.607530771246344,0.00012035725331494,"violation",1,6340,0.630742180011791,0.226658676410578,0.487941242621417,0.406361649673427,0.22668560664433,2.69302337513044e-05,"violation"
8,2180,"reverse",0.623774256515505,0.229953040805798,0.491850084217405,0.401709952937481,0.230963181496657,0.00101014069085853,"violation in reverse orientation",1,0.487931034482759,1,4380,0.227970257109051,0.628421186011587,0.405211651558473,0.489234620564876,0.628649558265434,0.000228372253847753,"violation",1,2180,0.623774256515505,0.229953040805798,0.491850084217405,0.401709952937481,0.230963181496657,0.00101014069085853,"violation"
9,4000,"reverse",0.673565266427048,0.200304128032817,0.477593969811178,0.383979084716863,0.20039671905155,9.25910187322132e-05,"violation in reverse orientation",1,0.487931034482759,1,5210,0.252314154921878,0.588860205897333,0.422143107552102,0.495748184345313,0.588994748374993,0.000134542477659427,"violation",1,4000,0.673565266427048,0.200304128032817,0.477593969811178,0.383979084716863,0.20039671905155,9.25910187322132e-05,"violation"
10,4010,"reverse",0.59951735191111,0.245199642082446,0.494632353412619,0.416220159469868,0.245854379022918,0.000654736940471606,"violation in reverse orientation",1,0.487931034482759,1,4100,0.217389088467988,0.645237267561723,0.397229773756744,0.485506781844634,0.645885673619935,0.000648406058212037,"violation",1,4010,0.59951735191111,0.245199642082446,0.494632353412619,0.416220159469868,0.245854379022918,0.000654736940471606,"violation"
11,6420,"forward",0.241701472419758,0.60627535776823,0.416500651120277,0.492794397752004,0.606282197997274,6.84022904362536e-06,"violation in forward orientation",1,0.487931034482759,1,6420,0.241701472419758,0.60627535776823,0.416500651120277,0.492794397752004,0.606282197997274,6.84022904362536e-06,"violation",1,9060,0.63500725735069,0.224005839657204,0.486251322486826,0.406235284670009,0.224067296099182,6.14564419778307e-05,"violation"
12,6780,"forward",0.215999459216808,0.64416114804358,0.399112318949766,0.484557699682481,0.648149299773702,0.00398815173012157,"violation in forward orientation",1,0.487931034482759,1,6780,0.215999459216808,0.64416114804358,0.399112318949766,0.484557699682481,0.648149299773702,0.00398815173012157,"violation",0,10050,0.618405795335245,0.236165527156632,0.48979613105231,0.414917128901477,0.234258854095906,-0.00190667306072562,"max_iter reached without violation"
13,3810,"forward",0.240120314342859,0.608049013469984,0.412603851486695,0.493378563422463,0.608857813596231,0.000808800126247178,"violation in forward orientation",1,0.487931034482759,1,3810,0.240120314342859,0.608049013469984,0.412603851486695,0.493378563422463,0.608857813596231,0.000808800126247178,"violation",1,6500,0.650843454563953,0.214341756884883,0.482887052348107,0.397673708834548,0.214345530498274,3.77361339101712e-06,"violation"
14,3860,"reverse",0.669541817261994,0.202819523417096,0.47895830481005,0.385733461207846,0.20286669521837,4.71718012740041e-05,"violation in reverse orientation",1,0.487931034482759,1,7420,0.201839724677512,0.671108448185097,0.388875931109034,0.476543671673721,0.671214693227622,0.000106245042525432,"violation",1,3860,0.669541817261994,0.202819523417096,0.47895830481005,0.385733461207846,0.20286669521837,4.71718012740041e-05,"violation"
15,4790,"forward",0.238900293949438,0.610693762719586,0.413140954816495,0.492509785078758,0.61084515667233,0.000151393952743661,"violation in forward orientation",1,0.487931034482759,1,4790,0.238900293949438,0.610693762719586,0.413140954816495,0.492509785078758,0.61084515667233,0.000151393952743661,"violation",1,5420,0.653598125923227,0.212005483287951,0.482584988221638,0.394931187805249,0.21265445094794,0.000648967659989064,"violation"
16,4680,"forward",0.196958404268609,0.678764349395831,0.382325567424117,0.475396138416542,0.679166083523361,0.000401734127529974,"violation in forward orientation",1,0.487931034482759,1,4680,0.196958404268609,0.678764349395831,0.382325567424117,0.475396138416542,0.679166083523361,0.000401734127529974,"violation",1,6780,0.630001459611107,0.226650452751742,0.487975043479833,0.406697803044462,0.227140331349654,0.000489878597911525,"violation"
17,390,"reverse",0.636335573614494,0.220953969789242,0.495873836046506,0.372677996249965,0.223251849108552,0.00229787931930989,"violation in reverse orientation",1,0.487931034482759,1,2840,0.214714086554606,0.65000800047419,0.392689942315152,0.485369028299309,0.650243097938231,0.000235097464040601,"violation",1,390,0.636335573614494,0.220953969789242,0.495873836046506,0.372677996249965,0.223251849108552,0.00229787931930989,"violation"
18,6530,"forward",0.174465458533841,0.715376140438891,0.365208470641783,0.460300326935294,0.715805798898697,0.000429658459805804,"violation in forward orientation",1,0.487931034482759,1,6530,0.174465458533841,0.715376140438891,0.365208470641783,0.460300326935294,0.715805798898697,0.000429658459805804,"violation",1,9290,0.68688199041154,0.192159211182225,0.470534769457021,0.382275159030555,0.192221645995449,6.24348132249319e-05,"violation"
19,2860,"reverse",0.683104704664318,0.194501904100595,0.475742956802038,0.376795909889457,0.194540503619387,3.85995187912325e-05,"violation in reverse orientation",1,0.487931034482759,1,5620,0.18813952360647,0.693376656896902,0.37619458458564,0.469656655057875,0.693531533082525,0.000154876185622488,"violation",1,2860,0.683104704664318,0.194501904100595,0.475742956802038,0.376795909889457,0.194540503619387,3.85995187912325e-05,"violation"
20,140,"forward",0.870429841520651,0.0794670791069047,0.419912527334259,0.185576872239523,0.0795424995436278,7.54204367231087e-05,"violation in forward orientation",1,0.487931034482759,1,140,0.870429841520651,0.0794670791069047,0.419912527334259,0.185576872239523,0.0795424995436278,7.54204367231087e-05,"violation",1,4790,0.665373227274992,0.20534746786437,0.479546708340388,0.389116777113768,0.205425772640441,7.83047760708755e-05,"violation"
21,2430,"forward",0.205543007611108,0.665045791445958,0.38439298084778,0.481894409826699,0.665182258248172,0.000136466802213908,"violation in forward orientation",1,0.487931034482759,1,2430,0.205543007611108,0.665045791445958,0.38439298084778,0.481894409826699,0.665182258248172,0.000136466802213908,"violation",1,4330,0.656628305721291,0.210154810371066,0.482359806953645,0.392173103257033,0.210794238086944,0.000639427715878049,"violation"
22,1440,"reverse",0.590780548510035,0.250436958676293,0.49749371855331,0.411973569810276,0.251217860774416,0.000780902098122926,"violation in reverse orientation",1,0.487931034482759,1,4630,0.234036327073295,0.618699343460023,0.409701403784859,0.491093606950413,0.618768279060941,6.89356009180297e-05,"violation",1,1440,0.590780548510035,0.250436958676293,0.49749371855331,0.411973569810276,0.251217860774416,0.000780902098122926,"violation"
23,1460,"forward",0.236955710862694,0.613594595146251,0.403049456894028,0.494599754594826,0.614012770717291,0.000418175571039847,"violation in forward orientation",1,0.487931034482759,1,1460,0.236955710862694,0.613594595146251,0.403049456894028,0.494599754594826,0.614012770717291,0.000418175571039847,"violation",1,8980,0.69310954195461,0.188350018704075,0.468312405181287,0.378963864435076,0.188398581938215,4.85632341403475e-05,"violation"
24,1930,"forward",0.25566221736424,0.583215326887313,0.417837982427618,0.497771888589423,0.583540947152445,0.000325620265131832,"violation in forward orientation",1,0.487931034482759,1,1930,0.25566221736424,0.583215326887313,0.417837982427618,0.497771888589423,0.583540947152445,0.000325620265131832,"violation",1,2540,0.616872210291825,0.234914580784983,0.49271523777595,0.406351855223599,0.235200314606937,0.00028573382195396,"violation"
25,3320,"reverse",0.618495417765704,0.234113371813109,0.491822277858102,0.407693713324664,0.234203835315213,9.04635021039546e-05,"violation in reverse orientation",1,0.487931034482759,1,4170,0.18301031868935,0.701818679850346,0.369865965878347,0.467540052379585,0.701886712990089,6.8033139743795e-05,"violation",1,3320,0.618495417765704,0.234113371813109,0.491822277858102,0.407693713324664,0.234203835315213,9.04635021039546e-05,"violation"
26,6780,"reverse",0.649557188168212,0.214628758283523,0.483136201216909,0.398107131679021,0.215135163276353,0.000506404992830556,"violation in reverse orientation",1,0.487931034482759,1,6780,0.215999459216808,0.648099078122392,0.399112318949766,0.483526875840721,0.648149299773702,5.02216513094123e-05,"violation",1,6780,0.649557188168212,0.214628758283523,0.483136201216909,0.398107131679021,0.215135163276353,0.000506404992830556,"violation"
27,2980,"forward",0.251817644266035,0.589745839463176,0.418572880882246,0.496419321437306,0.589803535686599,5.76962234232203e-05,"violation in forward orientation",1,0.487931034482759,1,2980,0.251817644266035,0.589745839463176,0.418572880882246,0.496419321437306,0.589803535686599,5.76962234232203e-05,"violation",1,7100,0.624876740179866,0.230246812630322,0.489016437328019,0.409398027222303,0.230286372056903,3.95594265811539e-05,"violation"
28,1390,"forward",0.238630498652385,0.610271332860571,0.403727905559739,0.49520708855576,0.611284637699413,0.00101330483884199,"violation in forward orientation",1,0.487931034482759,1,1390,0.238630498652385,0.610271332860571,0.403727905559739,0.49520708855576,0.611284637699413,0.00101330483884199,"violation",1,5370,0.608825158662807,0.240134238890644,0.492639876837715,0.414573155810335,0.240140361050045,6.12215940135052e-06,"violation"
29,2650,"forward",0.24590222579733,0.598621424858255,0.413990986430686,0.495467674472446,0.599439412266531,0.000817987408275878,"violation in forward orientation",1,0.487931034482759,1,2650,0.24590222579733,0.598621424858255,0.413990986430686,0.495467674472446,0.599439412266531,0.000817987408275878,"violation",1,4560,0.630483382690826,0.226653926655031,0.488699436381636,0.404532454343803,0.226844481079819,0.000190554424788547,"violation"
30,110,"reverse",0.510487804411299,0.294997309582735,0.485832335123178,0.393017569476678,0.300509191708833,0.00551188212609766,"violation in reverse orientation",1,0.487931034482759,1,4480,0.212314555760097,0.654133935298226,0.394019624947476,0.482948236071414,0.65415179564203,1.78603438040215e-05,"violation",1,110,0.510487804411299,0.294997309582735,0.485832335123178,0.393017569476678,0.300509191708833,0.00551188212609766,"violation"
31,3980,"reverse",0.683978843956463,0.193935987909783,0.474198490059327,0.378780740165035,0.19400387369578,6.78857859967297e-05,"violation in reverse orientation",1,0.487931034482759,1,7230,0.227314266803704,0.629169574090652,0.407475546411636,0.488038249490786,0.629718128756837,0.000548554666185752,"violation",1,3980,0.683978843956463,0.193935987909783,0.474198490059327,0.378780740165035,0.19400387369578,6.78857859967297e-05,"violation"
32,3570,"forward",0.244869356837986,0.60086047767519,0.415302264357503,0.494626160333218,0.601121896416746,0.00026141874155583,"violation in forward orientation",1,0.487931034482759,1,3570,0.244869356837986,0.60086047767519,0.415302264357503,0.494626160333218,0.601121896416746,0.00026141874155583,"violation",1,4000,0.654119213531392,0.210478411746944,0.483272115376006,0.391905281924089,0.212334557761723,0.00185614601477863,"violation"
33,3500,"reverse",0.66996155005573,0.202330570267668,0.479157423749955,0.384662693479758,0.202609023267158,0.000278452999489504,"violation in reverse orientation",1,0.487931034482759,1,6220,0.216180728017648,0.647627781902825,0.398789148574573,0.483851892547819,0.64785402331914,0.000226241416314554,"violation",1,3500,0.66996155005573,0.202330570267668,0.479157423749955,0.384662693479758,0.202609023267158,0.000278452999489504,"violation"
34,3560,"reverse",0.620295046816354,0.232703459500804,0.491332204249282,0.407188185960137,0.233099051662711,0.000395592161906377,"violation in reverse orientation",1,0.487931034482759,0,10050,0.219632730477132,0.643366137769437,0.403610705315789,0.483949003976187,0.642230909784706,-0.00113522798473142,"max_iter reached without violation",1,3560,0.620295046816354,0.232703459500804,0.491332204249282,0.407188185960137,0.233099051662711,0.000395592161906377,"violation"
35,4000,"forward",0.222971702137949,0.63067356528109,0.401120617769768,0.488957820266738,0.636791916922623,0.00611835164153363,"violation in forward orientation",1,0.487931034482759,1,4000,0.222971702137949,0.63067356528109,0.401120617769768,0.488957820266738,0.636791916922623,0.00611835164153363,"violation",1,4050,0.653886377687352,0.212307065062237,0.483299133173442,0.393370221391477,0.212477494570905,0.000170429508668496,"violation"
36,5030,"reverse",0.654903633917799,0.211848730932432,0.482422024340545,0.394375927721508,0.211853005844521,4.27491208920827e-06,"violation in reverse orientation",1,0.487931034482759,1,6580,0.251869885319315,0.58952128466744,0.423016446988112,0.495363593488077,0.589718438014393,0.00019715334695336,"violation",1,5030,0.654903633917799,0.211848730932432,0.482422024340545,0.394375927721508,0.211853005844521,4.27491208920827e-06,"violation"
37,4630,"reverse",0.620196525595093,0.233141872815381,0.49080195132605,0.409095677108933,0.233159533368446,1.76605530648188e-05,"violation in reverse orientation",1,0.487931034482759,1,5240,0.253453447727766,0.587106044334924,0.422872343135207,0.495969419592607,0.587138905897572,3.28615626483675e-05,"violation",1,4630,0.620196525595093,0.233141872815381,0.49080195132605,0.409095677108933,0.233159533368446,1.76605530648188e-05,"violation"
38,5490,"forward",0.219541250768182,0.64229332277821,0.400545412675893,0.485512249333634,0.642379924970981,8.66021927717897e-05,"violation in forward orientation",1,0.487931034482759,1,5490,0.219541250768182,0.64229332277821,0.400545412675893,0.485512249333634,0.642379924970981,8.66021927717897e-05,"violation",1,9220,0.716192686242623,0.174207218192727,0.458776416175226,0.366887469622514,0.174227950246911,2.07320541839584e-05,"violation"
39,4100,"reverse",0.61799237840999,0.234365082309871,0.49147225072248,0.409205204591296,0.234512648765716,0.000147566455844295,"violation in reverse orientation",1,0.487931034482759,1,4680,0.187149044076569,0.69514214224577,0.374199903760391,0.469638044646901,0.695144967289347,2.82504357784763e-06,"violation",1,4100,0.61799237840999,0.234365082309871,0.49147225072248,0.409205204591296,0.234512648765716,0.000147566455844295,"violation"
40,4000,"reverse",0.632650455580563,0.224271333812337,0.488526099609837,0.402047804993386,0.225514125414858,0.00124279160252136,"violation in reverse orientation",1,0.487931034482759,1,8550,0.218529186921588,0.643958695056629,0.402089954088416,0.484115367658904,0.644028518788711,6.9823732081753e-05,"violation",1,4000,0.632650455580563,0.224271333812337,0.488526099609837,0.402047804993386,0.225514125414858,0.00124279160252136,"violation"
41,2350,"reverse",0.644015143754848,0.217746478263553,0.487411655818008,0.393473234232062,0.2185373977908,0.000790919527246386,"violation in reverse orientation",1,0.487931034482759,1,8570,0.228225095695837,0.628162495920899,0.408902326565721,0.487951697410581,0.628234440859444,7.1944938545454e-05,"violation",1,2350,0.644015143754848,0.217746478263553,0.487411655818008,0.393473234232062,0.2185373977908,0.000790919527246386,"violation"
42,4000,"reverse",0.601957755554972,0.243210398669639,0.494266881350551,0.414920474308029,0.244356226917477,0.00114582824783824,"violation in reverse orientation",1,0.487931034482759,0,10050,0.242585816334339,0.610700490493099,0.419064315614288,0.491324714672626,0.604841652605565,-0.00585883788753372,"max_iter reached without violation",1,4000,0.601957755554972,0.243210398669639,0.494266881350551,0.414920474308029,0.244356226917477,0.00114582824783824,"violation"
43,5770,"reverse",0.688243381333464,0.190906747631185,0.471445354475041,0.378664757310599,0.191385894630654,0.000479146999468882,"violation in reverse orientation",1,0.487931034482759,1,6450,0.222859275745968,0.636880370310265,0.403786566307425,0.486475954838612,0.636975053051231,9.46827409658013e-05,"violation",1,5770,0.688243381333464,0.190906747631185,0.471445354475041,0.378664757310599,0.191385894630654,0.000479146999468882,"violation"
44,6850,"forward",0.19404718104494,0.683899998709048,0.382229844052328,0.472460365483097,0.683908298774627,8.30006557839269e-06,"violation in forward orientation",1,0.487931034482759,1,6850,0.19404718104494,0.683899998709048,0.382229844052328,0.472460365483097,0.683908298774627,8.30006557839269e-06,"violation",1,8270,0.649846443547121,0.214737181948725,0.482611646468621,0.399181478968431,0.21495759078501,0.000220408836284713,"violation"
45,2910,"reverse",0.544607379263762,0.279463026823267,0.499801450877132,0.434686035063799,0.279563348167525,0.00010032134425797,"violation in reverse orientation",1,0.487931034482759,1,4720,0.217578498314321,0.645228063966502,0.398241463995783,0.485144464975132,0.645577135870332,0.000349071903830267,"violation",1,2910,0.544607379263762,0.279463026823267,0.499801450877132,0.434686035063799,0.279563348167525,0.00010032134425797,"violation"
46,10000,"reverse",0.617552170528073,0.234767496965455,0.48997942813959,0.413975651457909,0.23478289027547,1.53933100152381e-05,"violation in reverse orientation",1,0.487931034482759,0,10050,0.231882549788838,0.625711625174613,0.412076178709682,0.488227477869465,0.622276658426404,-0.00343496674820865,"max_iter reached without violation",1,10000,0.617552170528073,0.234767496965455,0.48997942813959,0.413975651457909,0.23478289027547,1.53933100152381e-05,"violation"
47,4000,"forward",0.197430455019027,0.671598197081855,0.381668704506932,0.478209159259837,0.678397139991377,0.00679894290952177,"violation in forward orientation",1,0.487931034482759,1,4000,0.197430455019027,0.671598197081855,0.381668704506932,0.478209159259837,0.678397139991377,0.00679894290952177,"violation",1,8890,0.637916915691955,0.221983101021504,0.485574908715584,0.404729427203498,0.222281070783118,0.000297969761614447,"violation"
48,2510,"reverse",0.633772945639737,0.223881247947896,0.489487104461922,0.398498196590038,0.224825034145175,0.000943786197279806,"violation in reverse orientation",1,0.487931034482759,1,7880,0.235111928677319,0.616919604053926,0.413160999824063,0.490484696049137,0.617016185889446,9.6581835519749e-05,"violation",1,2510,0.633772945639737,0.223881247947896,0.489487104461922,0.398498196590038,0.224825034145175,0.000943786197279806,"violation"
49,2450,"reverse",0.62528013055547,0.229658076686445,0.491263278188447,0.402428281125216,0.230038732637889,0.000380655951443931,"violation in reverse orientation",1,0.487931034482759,1,2800,0.217336128411617,0.645190358526931,0.394541842275471,0.486595314404074,0.645971942506837,0.000781583979906353,"violation",1,2450,0.62528013055547,0.229658076686445,0.491263278188447,0.402428281125216,0.230038732637889,0.000380655951443931,"violation"
50,280,"forward",0.534460452689494,0.259839260139821,0.49749371855331,0.394541842275471,0.285792497779406,0.025953237639585,"violation in forward orientation",1,0.487931034482759,1,280,0.534460452689494,0.259839260139821,0.49749371855331,0.394541842275471,0.285792497779406,0.025953237639585,"violation",1,4240,0.597556203631131,0.24682127823553,0.49483267935988,0.417582327212252,0.247058318556496,0.000237040320965054,"violation"
51,4290,"reverse",0.615784998963076,0.235796752763383,0.491794869585181,0.410441789013687,0.235867748433027,7.09956696431369e-05,"violation in reverse orientation",1,0.487931034482759,1,6010,0.221537285591073,0.638965896872658,0.40247434458176,0.486125105470061,0.639128499006042,0.000162602133384593,"violation",1,4290,0.615784998963076,0.235796752763383,0.491794869585181,0.410441789013687,0.235867748433027,7.09956696431369e-05,"violation"
52,7360,"forward",0.203739502098257,0.668101657071138,0.3903123748999,0.477521487970226,0.668120065036482,1.8407965343914e-05,"violation in forward orientation",1,0.487931034482759,1,7360,0.203739502098257,0.668101657071138,0.3903123748999,0.477521487970226,0.668120065036482,1.8407965343914e-05,"violation",0,10050,0.6350844820186,0.228005510295028,0.48604275375349,0.409452059265685,0.224019888245521,-0.00398562204950703,"max_iter reached without violation"
53,1800,"reverse",0.671460704384117,0.201573715003835,0.481274029382456,0.37853518844209,0.201688699607134,0.000114984603299534,"violation in reverse orientation",1,0.487931034482759,1,2060,0.22717868708756,0.62975279293743,0.399270000290839,0.490863839459253,0.629938980319312,0.000186187381882474,"violation",1,1800,0.671460704384117,0.201573715003835,0.481274029382456,0.37853518844209,0.201688699607134,0.000114984603299534,"violation"
54,3250,"reverse",0.508215443602488,0.301756960597827,0.49956203303701,0.446862461134964,0.301904183122898,0.000147222525070989,"violation in reverse orientation",1,0.487931034482759,1,6350,0.196338035516672,0.679864440794833,0.383661900105949,0.474079677589202,0.680176628552312,0.000312187757479099,"violation",1,3250,0.508215443602488,0.301756960597827,0.49956203303701,0.446862461134964,0.301904183122898,0.000147222525070989,"violation"
55,2980,"reverse",0.659389172371779,0.208723497498577,0.482750049682024,0.388488006764027,0.209099355277014,0.000375857778437488,"violation in reverse orientation",1,0.487931034482759,1,6710,0.228821085660475,0.627084910998609,0.40814393938213,0.48864323703869,0.627263607473352,0.000178696474742224,"violation",1,2980,0.659389172371779,0.208723497498577,0.482750049682024,0.388488006764027,0.209099355277014,0.000375857778437488,"violation"
56,4680,"reverse",0.683807177924854,0.19383945695136,0.473694334946114,0.379784235394275,0.194109258650164,0.000269801698804445,"violation in reverse orientation",1,0.487931034482759,1,5940,0.251696288634864,0.589864690971637,0.422420698548428,0.495444563327357,0.590001217032463,0.000136526060826259,"violation",1,4680,0.683807177924854,0.19383945695136,0.473694334946114,0.379784235394275,0.194109258650164,0.000269801698804445,"violation"
57,2850,"reverse",0.593010031093402,0.24953222428723,0.49608389465137,0.416829109608987,0.249849192097529,0.000316967810298885,"violation in reverse orientation",1,0.487931034482759,1,5130,0.214875147679188,0.649875806829023,0.396747412544688,0.483730335424006,0.649980738626458,0.000104931797435204,"violation",1,2850,0.593010031093402,0.24953222428723,0.49608389465137,0.416829109608987,0.249849192097529,0.000316967810298885,"violation"
58,4000,"reverse",0.657568766593711,0.208393144563853,0.482329697924563,0.3903123748999,0.21021689366294,0.00182374909908692,"violation in reverse orientation",1,0.487931034482759,1,4090,0.168038547054173,0.725738637431925,0.356230607464281,0.457614522132445,0.726274868185318,0.000536230753393596,"violation",1,4000,0.657568766593711,0.208393144563853,0.482329697924563,0.3903123748999,0.21021689366294,0.00182374909908692,"violation"
59,6240,"reverse",0.68971660718235,0.190428913601157,0.470662764089109,0.378728688837432,0.190481488339978,5.25747388216147e-05,"violation in reverse orientation",1,0.487931034482759,1,9450,0.206294937592772,0.663759839796102,0.393508536621433,0.478264044998799,0.663957407540078,0.00019756774397528,"violation",1,6240,0.68971660718235,0.190428913601157,0.470662764089109,0.378728688837432,0.190481488339978,5.25747388216147e-05,"violation"
60,5890,"forward",0.209111347698458,0.659285147881142,0.393223782890767,0.48076457967676,0.659369637406749,8.44895256069123e-05,"violation in forward orientation",1,0.487931034482759,1,5890,0.209111347698458,0.659285147881142,0.393223782890767,0.48076457967676,0.659369637406749,8.44895256069123e-05,"violation",1,6830,0.677759731114299,0.197487561888629,0.474581052903271,0.384990278110175,0.197821757274956,0.000334195386327146,"violation"
61,1970,"reverse",0.618162430570475,0.234079239078254,0.493106385680365,0.403757251402676,0.234408254559083,0.000329015480829115,"violation in reverse orientation",1,0.487931034482759,1,8580,0.223770512734132,0.635188129705638,0.405823154421308,0.486310036555688,0.635490700388867,0.000302570683229586,"violation",1,1970,0.618162430570475,0.234079239078254,0.493106385680365,0.403757251402676,0.234408254559083,0.000329015480829115,"violation"
62,820,"forward",0.267965377902143,0.536345884248536,0.41718013177025,0.499748598308195,0.563499806003509,0.0271539217549732,"violation in forward orientation",1,0.487931034482759,1,820,0.267965377902143,0.536345884248536,0.41718013177025,0.499748598308195,0.563499806003509,0.0271539217549732,"violation",1,820,0.692737110137828,0.184606226039412,0.479209330451144,0.354664255440061,0.188627216046285,0.00402099000687309,"violation"
63,2630,"forward",0.242966767214717,0.604125296261176,0.412017146052738,0.494697702115626,0.60422110552411,9.58092629336216e-05,"violation in forward orientation",1,0.487931034482759,1,2630,0.242966767214717,0.604125296261176,0.412017146052738,0.494697702115626,0.60422110552411,9.58092629336216e-05,"violation",1,4520,0.679062939576016,0.19664624972036,0.475411540480117,0.381848344805335,0.197021723843741,0.000375474123380681,"violation"
64,4190,"forward",0.227698656709074,0.628794791188095,0.404752794209011,0.48925438031416,0.629091979701396,0.000297188513301516,"violation in forward orientation",1,0.487931034482759,1,4190,0.227698656709074,0.628794791188095,0.404752794209011,0.48925438031416,0.629091979701396,0.000297188513301516,"violation",1,9960,0.672168118176266,0.201152535097778,0.475459850632411,0.389788971846956,0.201254421669224,0.000101886571445942,"violation"
65,4000,"forward",0.229726298730286,0.623256157992782,0.405876828606906,0.490500764525398,0.625789067427642,0.00253290943485951,"violation in forward orientation",1,0.487931034482759,1,4000,0.229726298730286,0.623256157992782,0.405876828606906,0.490500764525398,0.625789067427642,0.00253290943485951,"violation",1,6920,0.632792784622341,0.225418794097335,0.487295900623302,0.405943349504727,0.225426750297983,7.95620064761304e-06,"violation"
66,650,"reverse",0.63257673401946,0.224453133335116,0.494284492740075,0.384187454245971,0.225559382728033,0.00110624939291712,"violation in reverse orientation",1,0.487931034482759,1,4150,0.222340861752072,0.636548154847632,0.400900785702366,0.487558967256757,0.637819519641196,0.00127136479356416,"violation",1,650,0.63257673401946,0.224453133335116,0.494284492740075,0.384187454245971,0.225559382728033,0.00110624939291712,"violation"
67,3810,"reverse",0.672309134943501,0.200763474878562,0.478149817908161,0.384012464262455,0.201167852151403,0.000404377272841788,"violation in reverse orientation",1,0.487931034482759,1,7660,0.221077272459485,0.639837982156257,0.403386460924966,0.485392898214244,0.639877833949053,3.98517927961972e-05,"violation",1,3810,0.672309134943501,0.200763474878562,0.478149817908161,0.384012464262455,0.201167852151403,0.000404377272841788,"violation"
68,90,"forward",0.356808336031459,0.395765536459536,0.422952584681651,0.442216638714053,0.418779735215743,0.0230141987562075,"violation in forward orientation",1,0.487931034482759,1,90,0.356808336031459,0.395765536459536,0.422952584681651,0.442216638714053,0.418779735215743,0.0230141987562075,"violation",1,5780,0.64854173414102,0.215706474893507,0.483786028971531,0.398040414708405,0.215758545638792,5.20707452849878e-05,"violation"
69,4880,"reverse",0.635914458489108,0.223334796515363,0.487320933009787,0.40258915586461,0.223510369666541,0.00017557315117861,"violation in reverse orientation",1,0.487931034482759,1,6780,0.207160720213061,0.662525161777472,0.392510549268055,0.479445327689306,0.662547097429595,2.19356521229397e-05,"violation",1,4880,0.635914458489108,0.223334796515363,0.487320933009787,0.40258915586461,0.223510369666541,0.00017557315117861,"violation"
70,2240,"reverse",0.611746215261065,0.238009807407835,0.493858769664972,0.407498816434365,0.23834713839862,0.000337330990784784,"violation in reverse orientation",1,0.487931034482759,1,4060,0.195085890447973,0.682153521209002,0.379861732176757,0.474745691983692,0.682216300877438,6.27796684363746e-05,"violation",1,2240,0.611746215261065,0.238009807407835,0.493858769664972,0.407498816434365,0.23834713839862,0.000337330990784784,"violation"
71,4120,"forward",0.232747083946567,0.620381601925073,0.408135235941753,0.491004419814245,0.620868381989651,0.000486780064578474,"violation in forward orientation",1,0.487931034482759,1,4120,0.232747083946567,0.620381601925073,0.408135235941753,0.491004419814245,0.620868381989651,0.000486780064578474,"violation",1,4390,0.673336661233527,0.200455113184333,0.477361796321788,0.384717810414189,0.200537058684646,8.19455003127356e-05,"violation"
72,6750,"reverse",0.597458159034546,0.247005642582026,0.49416744078663,0.42011756144215,0.247118507664625,0.000112865082599028,"violation in reverse orientation",1,0.487931034482759,1,6970,0.220130177605017,0.640882582303076,0.40224205380295,0.485329634421368,0.641420597013987,0.000538014710911749,"violation",1,6750,0.597458159034546,0.247005642582026,0.49416744078663,0.42011756144215,0.247118507664625,0.000112865082599028,"violation"
73,1990,"reverse",0.815269454478537,0.113182888894709,0.410175860158372,0.289677462877559,0.113405196885493,0.000222307990784112,"violation in reverse orientation",1,0.487931034482759,1,5360,0.242691249750202,0.604374501020012,0.416223566094713,0.493400278607368,0.604669907632994,0.000295406612981775,"violation",1,1990,0.815269454478537,0.113182888894709,0.410175860158372,0.289677462877559,0.113405196885493,0.000222307990784112,"violation"
74,4000,"reverse",0.668892677872824,0.200826421029328,0.479040120971094,0.384395548231246,0.203265198779474,0.00243877775014592,"violation in reverse orientation",1,0.487931034482759,1,5940,0.23852072011629,0.611258516955816,0.414041315816355,0.492035329455212,0.61146346062302,0.00020494366720436,"violation",1,4000,0.668892677872824,0.200826421029328,0.479040120971094,0.384395548231246,0.203265198779474,0.00243877775014592,"violation"
75,2900,"reverse",0.6094970330332,0.239581559032125,0.493669797742711,0.410463037160654,0.239727900592887,0.000146341560761681,"violation in reverse orientation",1,0.487931034482759,1,6570,0.2359643752423,0.615327591903969,0.412860362349317,0.491101403844539,0.615627599446306,0.000300007542337499,"violation",1,2900,0.6094970330332,0.239581559032125,0.493669797742711,0.410463037160654,0.239727900592887,0.000146341560761681,"violation"
76,2490,"reverse",0.559031910912224,0.270493161227008,0.49929693638816,0.428637305702245,0.270708197293818,0.000215036066810559,"violation in reverse orientation",1,0.487931034482759,0,10050,0.238611936388347,0.614356152369179,0.416513003520812,0.490615518043292,0.611314874560297,-0.00304127780888175,"max_iter reached without violation",1,2490,0.559031910912224,0.270493161227008,0.49929693638816,0.428637305702245,0.270708197293818,0.000215036066810559,"violation"
77,4830,"reverse",0.693670766264227,0.187931152941694,0.470070311596366,0.375067974612759,0.188054049023264,0.000122896081569901,"violation in reverse orientation",1,0.487931034482759,1,5010,0.213714259331905,0.65132329119297,0.395746726646611,0.483405978360819,0.651871758999181,0.000548467806210651,"violation",1,4830,0.693670766264227,0.187931152941694,0.470070311596366,0.375067974612759,0.188054049023264,0.000122896081569901,"violation"
78,9460,"reverse",0.6482276541534,0.215866845536728,0.482770134677559,0.400632854901152,0.215951357838492,8.45123017648719e-05,"violation in reverse orientation",1,0.487931034482759,1,9730,0.201924441173968,0.670976233844803,0.390281514604604,0.475906280338621,0.671076694925649,0.000100461080846603,"violation",1,9460,0.6482276541534,0.215866845536728,0.482770134677559,0.400632854901152,0.215951357838492,8.45123017648719e-05,"violation"
79,1680,"reverse",0.578159384949848,0.258946586525206,0.498406971898657,0.418752855610123,0.258965932618337,1.93460931310341e-05,"violation in reverse orientation",1,0.487931034482759,1,6090,0.201851080127694,0.670571954510316,0.38781059111485,0.47725267975685,0.671196195852155,0.000624241341838916,"violation",1,1680,0.578159384949848,0.258946586525206,0.498406971898657,0.418752855610123,0.258965932618337,1.93460931310341e-05,"violation"
80,1450,"forward",0.239274009888162,0.6080770403207,0.404580785957799,0.495411046139806,0.610236394894858,0.00215935457415728,"violation in forward orientation",1,0.487931034482759,1,1450,0.239274009888162,0.6080770403207,0.404580785957799,0.495411046139806,0.610236394894858,0.00215935457415728,"violation",1,7200,0.61505988443143,0.23625010169711,0.490999233108953,0.413493099349767,0.236312892770113,6.27910730033043e-05,"violation"
81,5200,"reverse",0.66002116266239,0.208643495150157,0.480886754866379,0.392148864907857,0.208711379465358,6.7884315200939e-05,"violation in reverse orientation",1,0.487931034482759,1,7410,0.213951556584484,0.651192439143238,0.398064019775185,0.482486640599472,0.651485215418079,0.000292776274840811,"violation",1,5200,0.66002116266239,0.208643495150157,0.480886754866379,0.392148864907857,0.208711379465358,6.7884315200939e-05,"violation"
82,2360,"reverse",0.670146137756959,0.200758864193367,0.480539860870735,0.380329126129864,0.202495705761699,0.00173684156833237,"violation in reverse orientation",1,0.487931034482759,1,3240,0.227547305763247,0.628306338479331,0.402978049637396,0.489960848573835,0.629338521690262,0.00103218321093135,"violation",1,2360,0.670146137756959,0.200758864193367,0.480539860870735,0.380329126129864,0.202495705761699,0.00173684156833237,"violation"
83,120,"reverse",0.480097915215229,0.311460526685915,0.479510746027193,0.406116431033707,0.319165399093919,0.00770487240800372,"violation in reverse orientation",1,0.487931034482759,1,2080,0.226062467509635,0.631555923343704,0.398550443007283,0.490477932297678,0.631757237834971,0.000201314491266147,"violation",1,120,0.480097915215229,0.311460526685915,0.479510746027193,0.406116431033707,0.319165399093919,0.00770487240800372,"violation"
84,6780,"forward",0.210057571683748,0.654076007856288,0.394705780568194,0.481894409826699,0.657828292937635,0.00375228508134717,"violation in forward orientation",1,0.487931034482759,1,6780,0.210057571683748,0.654076007856288,0.394705780568194,0.481894409826699,0.657828292937635,0.00375228508134717,"violation",1,8600,0.68524571084436,0.193184756188829,0.471335957869945,0.382727943512448,0.193226150182626,4.13939937974339e-05,"violation"
85,90,"reverse",0.519317495001799,0.275464716989807,0.484831649539365,0.372677996249965,0.295088686956751,0.019623969966944,"violation in reverse orientation",1,0.487931034482759,1,5030,0.230801061348675,0.623856151951231,0.407971904937911,0.489897948556636,0.624038340915508,0.000182188964276908,"violation",1,90,0.519317495001799,0.275464716989807,0.484831649539365,0.372677996249965,0.295088686956751,0.019623969966944,"violation"
86,2850,"reverse",0.620812462332132,0.232338412252119,0.491736704090293,0.405421705145112,0.232781412756417,0.000443000504298435,"violation in reverse orientation",1,0.487931034482759,1,8250,0.20287994883314,0.669466968870615,0.39022743480227,0.476797720334003,0.669520227885546,5.32590149311396e-05,"violation",1,2850,0.620812462332132,0.232338412252119,0.491736704090293,0.405421705145112,0.232781412756417,0.000443000504298435,"violation"
87,1280,"reverse",0.61914566596388,0.233641229175043,0.494103413865711,0.399412868656529,0.233804651061572,0.000163421886528625,"violation in reverse orientation",1,0.487931034482759,1,1690,0.219991341316636,0.641606825658121,0.392254139695414,0.48903419243556,0.6416467533454,3.99276872792287e-05,"violation",1,1280,0.61914566596388,0.233641229175043,0.494103413865711,0.399412868656529,0.233804651061572,0.000163421886528625,"violation"
88,4890,"forward",0.237280559461393,0.613400296294875,0.412184366829311,0.491985992944948,0.613483611027104,8.33147322290007e-05,"violation in forward orientation",1,0.487931034482759,1,4890,0.237280559461393,0.613400296294875,0.412184366829311,0.491985992944948,0.613483611027104,8.33147322290007e-05,"violation",1,8380,0.620854497814451,0.232705741615622,0.489578727988902,0.411836715781242,0.232755607375206,4.98657595845997e-05,"violation"
89,4190,"reverse",0.670233810706514,0.202366390547634,0.478480765424089,0.385927119728825,0.202441883757992,7.54932103577965e-05,"violation in reverse orientation",1,0.487931034482759,1,4380,0.238853490227475,0.610789316651919,0.412600159981101,0.492654917382958,0.610921397244439,0.000132080592520567,"violation",1,4190,0.670233810706514,0.202366390547634,0.478480765424089,0.385927119728825,0.202441883757992,7.54932103577965e-05,"violation"
90,1350,"forward",0.24784732429125,0.594483962417307,0.409661106552992,0.49722632593658,0.596270958652914,0.00178699623560707,"violation in forward orientation",1,0.487931034482759,1,1350,0.24784732429125,0.594483962417307,0.409661106552992,0.49722632593658,0.596270958652914,0.00178699623560707,"violation",1,6780,0.679692634529808,0.196017496033544,0.473947304516746,0.383769207428235,0.196635157128361,0.000617661094816563,"violation"
91,8770,"forward",0.203615503548844,0.667947640135806,0.391097748997023,0.477130664054007,0.668322051544209,0.000374411408403108,"violation in forward orientation",1,0.487931034482759,1,8770,0.203615503548844,0.667947640135806,0.391097748997023,0.477130664054007,0.668322051544209,0.000374411408403108,"violation",0,10050,0.67771317307105,0.201425225083873,0.473574153015132,0.39004326575987,0.197850339034656,-0.00357488604921716,"max_iter reached without violation"
92,1810,"forward",0.239676342671492,0.608652715444943,0.406874851115868,0.494814538293752,0.609581017922842,0.000928302477899101,"violation in forward orientation",1,0.487931034482759,1,1810,0.239676342671492,0.608652715444943,0.406874851115868,0.494814538293752,0.609581017922842,0.000928302477899101,"violation",1,5460,0.637924108576428,0.222241709786381,0.486590985541602,0.402451430268791,0.2222766551058,3.49453194192773e-05,"violation"
93,6200,"reverse",0.701469439881205,0.183088889839603,0.466226689178551,0.372485534571667,0.183266480651815,0.000177590812211748,"violation in reverse orientation",1,0.487931034482759,1,8890,0.227531018700846,0.628999669756819,0.408591622398487,0.487696602095966,0.629365052378491,0.000365382621672627,"violation",1,6200,0.701469439881205,0.183088889839603,0.466226689178551,0.372485534571667,0.183266480651815,0.000177590812211748,"violation"
94,2360,"forward",0.222639493658197,0.630125661181701,0.397111220153847,0.490410043653679,0.63733306543589,0.0072074042541892,"violation in forward orientation",1,0.487931034482759,1,2360,0.222639493658197,0.630125661181701,0.397111220153847,0.490410043653679,0.63733306543589,0.0072074042541892,"violation",1,8980,0.686851196475966,0.19214485291836,0.470637804427813,0.382095984384852,0.19224055024497,9.56973266106054e-05,"violation"
95,2630,"forward",0.229055532600947,0.625564595951047,0.402543813131988,0.491027652365454,0.626881706886794,0.00131711093574716,"violation in forward orientation",1,0.487931034482759,1,2630,0.229055532600947,0.625564595951047,0.402543813131988,0.491027652365454,0.626881706886794,0.00131711093574716,"violation",1,4130,0.625400634724793,0.229682404075088,0.489996548754214,0.406043955937161,0.229964755705654,0.000282351630566141,"violation"
96,4000,"reverse",0.652147387699855,0.212823274841519,0.483798447186429,0.393677453634317,0.213545052193048,0.000721777351528896,"violation in reverse orientation",1,0.487931034482759,1,4660,0.224999654355001,0.633112537452685,0.403497620688258,0.488067190099491,0.633488499357679,0.000375961904993782,"violation",1,4000,0.652147387699855,0.212823274841519,0.483798447186429,0.393677453634317,0.213545052193048,0.000721777351528896,"violation"
97,5340,"forward",0.252462569079999,0.588719968994657,0.422360789367949,0.495734870149494,0.588752990244451,3.30212497935412e-05,"violation in forward orientation",1,0.487931034482759,1,5340,0.252462569079999,0.588719968994657,0.422360789367949,0.495734870149494,0.588752990244451,3.30212497935412e-05,"violation",1,7750,0.64257771707683,0.219348176332121,0.484675820940953,0.402208699146469,0.219419827141987,7.16508098664304e-05,"violation"
98,3520,"reverse",0.662392542693266,0.207150727118908,0.481366372642236,0.388481827329528,0.207255600625249,0.000104873506340891,"violation in reverse orientation",1,0.487931034482759,1,4230,0.246659155193003,0.597984255441778,0.417465508554243,0.494773696205307,0.598206417800457,0.000222162358679223,"violation",1,3520,0.662392542693266,0.207150727118908,0.481366372642236,0.388481827329528,0.207255600625249,0.000104873506340891,"violation"
99,3140,"reverse",0.665394306556331,0.20533638057237,0.480881174221067,0.386242978294068,0.205412832170614,7.64515982436542e-05,"violation in reverse orientation",1,0.487931034482759,1,7990,0.249272807648457,0.593480412269557,0.422293204104132,0.494554566261077,0.593948928221852,0.000468515952295356,"violation",1,3140,0.665394306556331,0.20533638057237,0.480881174221067,0.386242978294068,0.205412832170614,7.64515982436542e-05,"violation"
100,770,"reverse",0.538075036515912,0.283364964237252,0.499757066974437,0.425651208055622,0.283573522085176,0.000208557847924007,"violation in reverse orientation",1,0.487931034482759,1,9330,0.204495540930863,0.666874282725496,0.392072053367876,0.477322065328302,0.666888521246441,1.42385209448426e-05,"violation",1,770,0.538075036515912,0.283364964237252,0.499757066974437,0.425651208055622,0.283573522085176,0.000208557847924007,"violation"
101,3630,"forward",0.235472737770287,0.616123371286605,0.409197656069447,0.492068472301019,0.616428448621634,0.000305077335029047,"violation in forward orientation",1,0.487931034482759,1,3630,0.235472737770287,0.616123371286605,0.409197656069447,0.492068472301019,0.616428448621634,0.000305077335029047,"violation",1,6100,0.663687020442432,0.206452069076574,0.479373275119382,0.39139137412551,0.206460926936642,8.85786006743494e-06,"violation"
102,2360,"reverse",0.648081180284756,0.212830608276743,0.486434587749037,0.38980264270339,0.216041277444723,0.00321066916798066,"violation in reverse orientation",1,0.487931034482759,1,3370,0.204375532193536,0.667055347250477,0.386005854240534,0.480155463997884,0.667084008579673,2.86613291959892e-05,"violation",1,2360,0.648081180284756,0.212830608276743,0.486434587749037,0.38980264270339,0.216041277444723,0.00321066916798066,"violation"
103,3430,"reverse",0.609770706474585,0.239509745066893,0.49329110062334,0.411538419222479,0.23955989377834,5.01487114470678e-05,"violation in reverse orientation",1,0.487931034482759,1,4970,0.232909657917012,0.620388435898407,0.409341586247411,0.490623306769559,0.620603558338949,0.000215122440541782,"violation",1,3430,0.609770706474585,0.239509745066893,0.49329110062334,0.411538419222479,0.23955989377834,5.01487114470678e-05,"violation"
104,1670,"forward",0.244075756420844,0.601659089162351,0.409129299023656,0.495954807850066,0.602414625868402,0.000755536706051552,"violation in forward orientation",1,0.487931034482759,1,1670,0.244075756420844,0.601659089162351,0.409129299023656,0.495954807850066,0.602414625868402,0.000755536706051552,"violation",1,5580,0.642538525234257,0.219403146346792,0.485413014750926,0.400536632106064,0.219443886826382,4.07404795899624e-05,"violation"
105,2500,"reverse",0.553688187281946,0.273593759472322,0.499550357821912,0.430442377095936,0.273988683629646,0.000394924157324561,"violation in reverse orientation",1,0.487931034482759,1,4000,0.207610937869323,0.66101685867887,0.389710710014493,0.481359987431444,0.661813718752701,0.000796860073831174,"violation",1,2500,0.553688187281946,0.273593759472322,0.499550357821912,0.430442377095936,0.273988683629646,0.000394924157324561,"violation"
106,5780,"forward",0.223043319471771,0.636397833850408,0.403334510680226,0.486827324725193,0.636675256403448,0.000277422553039752,"violation in forward orientation",1,0.487931034482759,1,5780,0.223043319471771,0.636397833850408,0.403334510680226,0.486827324725193,0.636675256403448,0.000277422553039752,"violation",1,6780,0.611141218351928,0.23758796941761,0.491838702080621,0.414086694929019,0.23871854310271,0.00113057368509961,"violation"
107,2370,"forward",0.220835857585399,0.640064254056023,0.39582669564932,0.488286114480656,0.640271084898848,0.000206830842825356,"violation in forward orientation",1,0.487931034482759,1,2370,0.220835857585399,0.640064254056023,0.39582669564932,0.488286114480656,0.640271084898848,0.000206830842825356,"violation",1,2630,0.635323037223299,0.223479104084824,0.489025566522952,0.398567059920224,0.223873440348231,0.000394336263406014,"violation"
108,600,"reverse",0.549938224965847,0.275068301602307,0.499899989998,0.417582327212252,0.276290767530119,0.001222465927812,"violation in reverse orientation",1,0.487931034482759,1,4030,0.223667836484856,0.635464566181859,0.401665237435199,0.487878296905888,0.63565795409559,0.000193387913731913,"violation",1,600,0.549938224965847,0.275068301602307,0.499899989998,0.417582327212252,0.276290767530119,0.001222465927812,"violation"
109,2360,"reverse",0.568815578416089,0.262537893307912,0.498731513608174,0.423574336248157,0.26470205068495,0.00216415737703746,"violation in reverse orientation",1,0.487931034482759,1,5760,0.214465423496447,0.649864410126673,0.39710671761816,0.483443043852433,0.650648155763148,0.000783745636474875,"violation",1,2360,0.568815578416089,0.262537893307912,0.498731513608174,0.423574336248157,0.26470205068495,0.00216415737703746,"violation"
110,50,"forward",0.430755917550709,0.329560327676681,0.438634243989226,0.384187454245971,0.349456215071715,0.0198958873950336,"violation in forward orientation",1,0.487931034482759,1,50,0.430755917550709,0.329560327676681,0.438634243989226,0.384187454245971,0.349456215071715,0.0198958873950336,"violation at burn-in",1,7320,0.664900242229499,0.205681721637891,0.478529877863943,0.391781843161488,0.205716135893884,3.44142559927929e-05,"violation"
111,4000,"forward",0.214125495796923,0.648202319401651,0.394653012151181,0.484824646135074,0.65120187844161,0.00299955903995908,"violation in forward orientation",1,0.487931034482759,1,4000,0.214125495796923,0.648202319401651,0.394653012151181,0.484824646135074,0.65120187844161,0.00299955903995908,"violation",0,10050,0.664242223603428,0.207260740177921,0.477974572118426,0.394525242633564,0.206120090375983,-0.00114064980193831,"max_iter reached without violation"
112,5980,"forward",0.221937850291018,0.638103202883497,0.402732942947693,0.486345126860317,0.638476002140205,0.000372799256708078,"violation in forward orientation",1,0.487931034482759,1,5980,0.221937850291018,0.638103202883497,0.402732942947693,0.486345126860317,0.638476002140205,0.000372799256708078,"violation",1,7090,0.694270647338756,0.187583600930133,0.468572129065723,0.377076141429122,0.187685784905531,0.000102183975397879,"violation"
113,3220,"reverse",0.619166729267398,0.233784205988146,0.49176496456247,0.407264006876871,0.233791720400452,7.51441230592564e-06,"violation in reverse orientation",1,0.487931034482759,1,5770,0.199008804455561,0.675617951482732,0.385252063501158,0.475781740617573,0.67582609950609,0.000208148023358556,"violation",1,3220,0.619166729267398,0.233784205988146,0.49176496456247,0.407264006876871,0.233791720400452,7.51441230592564e-06,"violation"
114,5140,"reverse",0.610149994031058,0.239229326456157,0.492481742853645,0.413745629166018,0.239327050964518,9.77245083617351e-05,"violation in reverse orientation",1,0.487931034482759,1,8970,0.206840270936072,0.662939620354292,0.393677671861975,0.478636437060522,0.663069090877653,0.000129470523361097,"violation",1,5140,0.610149994031058,0.239229326456157,0.492481742853645,0.413745629166018,0.239327050964518,9.77245083617351e-05,"violation"
115,3300,"forward",0.269144497996077,0.560437883215024,0.429637128798953,0.499005806804868,0.561579087163723,0.00114120394869877,"violation in forward orientation",1,0.487931034482759,1,3300,0.269144497996077,0.560437883215024,0.429637128798953,0.499005806804868,0.561579087163723,0.00114120394869877,"violation",1,3950,0.637620344820109,0.222313365928534,0.487433823297292,0.400568495231334,0.222463134220528,0.000149768291993702,"violation"
116,3620,"forward",0.234673879461441,0.617490991718117,0.408639173570783,0.491823192007259,0.617729742876575,0.000238751158457617,"violation in forward orientation",1,0.487931034482759,1,3620,0.234673879461441,0.617490991718117,0.408639173570783,0.491823192007259,0.617729742876575,0.000238751158457617,"violation",1,4800,0.611527203844347,0.238196861958676,0.492358094333337,0.412688035846153,0.2384815884581,0.000284726499423488,"violation"
117,50,"reverse",0.246504271019468,0.501594493296846,0.324961536185438,0.466476151587624,0.598458715214116,0.0968642219172706,"violation in reverse orientation",1,0.487931034482759,1,3910,0.224008505032294,0.634814321864548,0.401716038925879,0.488099158560227,0.635103024618471,0.00028870275392312,"violation",1,50,0.246504271019468,0.501594493296846,0.324961536185438,0.466476151587624,0.598458715214116,0.0968642219172706,"violation at burn-in"
118,6680,"reverse",0.647891238974371,0.216087133940547,0.483616258740733,0.399098988809186,0.216157881505195,7.07475646485323e-05,"violation in reverse orientation",1,0.487931034482759,0,10050,0.213909439313516,0.658436048880359,0.399476663167866,0.4797378990355,0.651553822030964,-0.00688222684939521,"max_iter reached without violation",1,6680,0.647891238974371,0.216087133940547,0.483616258740733,0.399098988809186,0.216157881505195,7.07475646485323e-05,"violation"
119,2690,"forward",0.216270072554825,0.647399458117708,0.393442222946856,0.486183533466625,0.647708486204921,0.000309028087213004,"violation in forward orientation",1,0.487931034482759,1,2690,0.216270072554825,0.647399458117708,0.393442222946856,0.486183533466625,0.647708486204921,0.000309028087213004,"violation",1,2950,0.610973619640439,0.23879512925247,0.49339259616457,0.410055874444714,0.238821431148759,2.63018962882722e-05,"violation"
120,4510,"reverse",0.648403321344487,0.215770313860665,0.484450318049494,0.396635324363622,0.215843516591473,7.32027308089911e-05,"violation in reverse orientation",1,0.487931034482759,1,5670,0.188528516074642,0.692503341494262,0.376575218891531,0.469950658837005,0.692897886716903,0.000394545222641263,"violation",1,4510,0.648403321344487,0.215770313860665,0.484450318049494,0.396635324363622,0.215843516591473,7.32027308089911e-05,"violation"
121,4210,"forward",0.213058162198977,0.652188491956902,0.394184798649102,0.483643874638926,0.652940503506572,0.000752011549669529,"violation in forward orientation",1,0.487931034482759,1,4210,0.213058162198977,0.652188491956902,0.394184798649102,0.483643874638926,0.652940503506572,0.000752011549669529,"violation",1,4530,0.625565566958928,0.229727033665993,0.489762300602669,0.406630725709475,0.229863504597279,0.000136470931286298,"violation"
122,4000,"forward",0.214906664922906,0.64918876308381,0.395235293844059,0.484571395668378,0.649929398848517,0.000740635764707509,"violation in forward orientation",1,0.487931034482759,1,4000,0.214906664922906,0.64918876308381,0.395235293844059,0.484571395668378,0.649929398848517,0.000740635764707509,"violation",1,6100,0.593890759545898,0.249260802855504,0.494841191043822,0.421042683919746,0.24930851711995,4.77142644461914e-05,"violation"
123,5840,"reverse",0.678754212840319,0.197198372172824,0.474704695071565,0.38387336739791,0.197211249707732,1.28775349081123e-05,"violation in reverse orientation",1,0.487931034482759,1,6780,0.234247806297806,0.613628565569388,0.411872093390378,0.491373424628243,0.61842379156316,0.0047952259937718,"violation",1,5840,0.678754212840319,0.197198372172824,0.474704695071565,0.38387336739791,0.197211249707732,1.28775349081123e-05,"violation"
124,5970,"forward",0.198716383511309,0.676179119624309,0.385216514956751,0.475496447780929,0.676302436411604,0.000123316787295158,"violation in forward orientation",1,0.487931034482759,1,5970,0.198716383511309,0.676179119624309,0.385216514956751,0.475496447780929,0.676302436411604,0.000123316787295158,"violation",1,6780,0.668348007684523,0.201820738787396,0.47765973469342,0.388381299225762,0.203599569198657,0.00177883041126037,"violation"
125,6780,"reverse",0.634236772625906,0.224521648924264,0.486999922730593,0.405213112106313,0.224540292980476,1.86440562114643e-05,"violation in reverse orientation",1,0.487931034482759,0,10050,0.216567226949441,0.650755714362958,0.401410954246708,0.481949427442972,0.647224438780913,-0.00353127558204469,"max_iter reached without violation",1,6780,0.634236772625906,0.224521648924264,0.486999922730593,0.405213112106313,0.224540292980476,1.86440562114643e-05,"violation"
126,930,"forward",0.296791304888337,0.514912888444355,0.435163827705152,0.498814643026892,0.516544028282862,0.00163113983850638,"violation in forward orientation",1,0.487931034482759,1,930,0.296791304888337,0.514912888444355,0.435163827705152,0.498814643026892,0.516544028282862,0.00163113983850638,"violation",1,6930,0.663581055158083,0.206331269605654,0.479071285112407,0.391992716465735,0.206525978517044,0.000194708911389257,"violation"
127,4080,"forward",0.230149776624352,0.625040409823897,0.406292344671563,0.490097048820528,0.625099246285969,5.8836462072942e-05,"violation in forward orientation",1,0.487931034482759,1,4080,0.230149776624352,0.625040409823897,0.406292344671563,0.490097048820528,0.625099246285969,5.8836462072942e-05,"violation",1,4770,0.625214801429098,0.229904826031444,0.489726027395155,0.407054252388839,0.230078837875588,0.000174011844143784,"violation"
128,5430,"forward",0.2242090896983,0.634597694672401,0.403815963986484,0.487385829436441,0.634776283730116,0.000178589057715284,"violation in forward orientation",1,0.487931034482759,1,5430,0.2242090896983,0.634597694672401,0.403815963986484,0.487385829436441,0.634776283730116,0.000178589057715284,"violation",1,8380,0.611263769845418,0.238586854439851,0.491484552794191,0.415721990223959,0.238643309327978,5.64548881273053e-05,"violation"
129,6210,"reverse",0.654843085255337,0.211693606146764,0.481894409826699,0.395461276783809,0.21189017637833,0.000196570231565024,"violation in reverse orientation",1,0.487931034482759,1,6780,0.185923829484161,0.696974566936531,0.375425348234745,0.467681858414313,0.697140771416956,0.000166204480425036,"violation",1,6210,0.654843085255337,0.211693606146764,0.481894409826699,0.395461276783809,0.21189017637833,0.000196570231565024,"violation"
130,3330,"forward",0.224977088830383,0.633035441597828,0.401345031850835,0.488892578067848,0.633525257299882,0.000489815702053864,"violation in forward orientation",1,0.487931034482759,1,3330,0.224977088830383,0.633035441597828,0.401345031850835,0.488892578067848,0.633525257299882,0.000489815702053864,"violation",1,4930,0.628672224031786,0.227836827399227,0.488922460070316,0.405812604943062,0.227956342703675,0.000119515304447759,"violation"
131,4000,"forward",0.217249442893748,0.640059694869586,0.396968512605219,0.486830566008339,0.646113148231482,0.00605345336189589,"violation in forward orientation",1,0.487931034482759,1,4000,0.217249442893748,0.640059694869586,0.396968512605219,0.486830566008339,0.646113148231482,0.00605345336189589,"violation",1,6880,0.689602445470722,0.190503154604983,0.470401565877599,0.379344287055912,0.190551571667819,4.84170628358149e-05,"violation"
132,2300,"forward",0.20816338254888,0.660800527743922,0.385987795726634,0.483269230696901,0.660913818132379,0.000113290388457532,"violation in forward orientation",1,0.487931034482759,1,2300,0.20816338254888,0.660800527743922,0.385987795726634,0.483269230696901,0.660913818132379,0.000113290388457532,"violation",1,7080,0.622112930956082,0.231904231545537,0.489607515432049,0.410508426951,0.231983061298481,7.88297529437099e-05,"violation"
133,2800,"forward",0.249049493325061,0.593633069068694,0.416400850584322,0.496033244442181,0.594312694415261,0.000679625346567847,"violation in forward orientation",1,0.487931034482759,1,2800,0.249049493325061,0.593633069068694,0.416400850584322,0.496033244442181,0.594312694415261,0.000679625346567847,"violation",1,6600,0.602836438971137,0.243798991887197,0.49333554369991,0.41798082016269,0.243816807377904,1.78154907075068e-05,"violation"
134,3010,"forward",0.23691452771815,0.614059080227741,0.408930694858464,0.492827664903891,0.614079855691938,2.07754641960989e-05,"violation in forward orientation",1,0.487931034482759,1,3010,0.23691452771815,0.614059080227741,0.408930694858464,0.492827664903891,0.614079855691938,2.07754641960989e-05,"violation",1,9870,0.678731348151019,0.197222277203624,0.473268764257849,0.386649078862997,0.197225286230953,3.00902732830455e-06,"violation"
135,610,"forward",0.524942754866838,0.290128281303154,0.498813426765809,0.426683238950753,0.291635366875191,0.00150708557203716,"violation in forward orientation",1,0.487931034482759,1,610,0.524942754866838,0.290128281303154,0.498813426765809,0.426683238950753,0.291635366875191,0.00150708557203716,"violation",1,6780,0.648099078122392,0.213257756823357,0.483526875840721,0.397094962559159,0.216030290047944,0.00277253322458723,"violation"
136,60,"forward",0.954387851160112,0.022974813582176,0.386939558874797,0.0645497224367903,0.0280010796533752,0.0050262660711992,"violation in forward orientation",1,0.487931034482759,1,60,0.954387851160112,0.022974813582176,0.386939558874797,0.0645497224367903,0.0280010796533752,0.0050262660711992,"violation",1,8430,0.720821423209159,0.171245909642473,0.457004490893969,0.363743720991313,0.171386390798584,0.000140481156111177,"violation"
137,5500,"reverse",0.599373987925698,0.245441513795561,0.494162251268257,0.418119995430154,0.245942389486732,0.000500875691170494,"violation in reverse orientation",1,0.487931034482759,1,7010,0.24269137635514,0.604664710575042,0.417558838838525,0.492938158502049,0.604669701400829,4.99082578775401e-06,"violation",1,5500,0.599373987925698,0.245441513795561,0.494162251268257,0.418119995430154,0.245942389486732,0.000500875691170494,"violation"
138,5180,"forward",0.258121828523001,0.579119641497346,0.425640391116787,0.49694224597221,0.579534381989585,0.000414740492239218,"violation in forward orientation",1,0.487931034482759,1,5180,0.258121828523001,0.579119641497346,0.425640391116787,0.49694224597221,0.579534381989585,0.000414740492239218,"violation",1,6780,0.614798884691935,0.228626588253225,0.491149888826568,0.40806225195712,0.236473119259788,0.00784653100656318,"violation"
139,4020,"reverse",0.595113266874836,0.248208080481652,0.495263823926915,0.418154394566889,0.248558025727523,0.000349945245871425,"violation in reverse orientation",1,0.487931034482759,1,6780,0.209142926041434,0.65888415482012,0.394016024189241,0.480521172199317,0.659318198101631,0.000434043281511198,"violation",1,4020,0.595113266874836,0.248208080481652,0.495263823926915,0.418154394566889,0.248558025727523,0.000349945245871425,"violation"
140,2360,"forward",0.2395283297426,0.609607610427381,0.408927723539961,0.494082877637088,0.609822122474039,0.000214512046657789,"violation in forward orientation",1,0.487931034482759,1,2360,0.2395283297426,0.609607610427381,0.408927723539961,0.494082877637088,0.609822122474039,0.000214512046657789,"violation",1,9340,0.631102030433062,0.226407998694793,0.487123690259506,0.408038097683105,0.226464696194688,5.66974998957026e-05,"violation"
141,3160,"forward",0.218975363397128,0.642653096613081,0.396638555724475,0.486848344648916,0.643301722962868,0.000648626349787018,"violation in forward orientation",1,0.487931034482759,1,3160,0.218975363397128,0.642653096613081,0.396638555724475,0.486848344648916,0.643301722962868,0.000648626349787018,"violation",1,7310,0.669968584181374,0.202565967538332,0.476948084686031,0.38936477274879,0.202604705051124,3.87375127920142e-05,"violation"
142,5000,"forward",0.239395650015762,0.60984625175094,0.413704435557561,0.492583353352506,0.610038250120669,0.000191998369729496,"violation in forward orientation",1,0.487931034482759,1,5000,0.239395650015762,0.60984625175094,0.413704435557561,0.492583353352506,0.610038250120669,0.000191998369729496,"violation",1,5610,0.6663169381319,0.204767571108723,0.47880662618936,0.389615040640913,0.204846433066531,7.88619578074856e-05,"violation"
143,3690,"forward",0.210551583344885,0.656800321181313,0.391420332306856,0.482782409765306,0.657023576344727,0.000223255163413816,"violation in forward orientation",1,0.487931034482759,1,3690,0.210551583344885,0.656800321181313,0.391420332306856,0.482782409765306,0.657023576344727,0.000223255163413816,"violation",1,4670,0.641538325243551,0.219640644767336,0.486086841652462,0.399678442343173,0.220057904808902,0.000417260041566003,"violation"
144,1440,"forward",0.271653647572947,0.556244633567509,0.425121964162733,0.499766535000267,0.557491826765964,0.00124719319845479,"violation in forward orientation",1,0.487931034482759,1,1440,0.271653647572947,0.556244633567509,0.425121964162733,0.499766535000267,0.557491826765964,0.00124719319845479,"violation",1,5120,0.663434661404354,0.206570888475134,0.479931578527981,0.390468669889823,0.206615848941112,4.49604659782388e-05,"violation"
145,70,"reverse",0.962966029363035,0.0197229474105692,0.363935405795914,0.0597614304667197,0.0227349771510778,0.00301202974050853,"violation in reverse orientation",1,0.487931034482759,1,6780,0.239257450961456,0.608360569216622,0.415180056108088,0.492343086771041,0.610263368434412,0.00190279921778969,"violation",1,70,0.962966029363035,0.0197229474105692,0.363935405795914,0.0597614304667197,0.0227349771510778,0.00301202974050853,"violation"
146,4790,"forward",0.207084286240575,0.661875511101725,0.390458559615477,0.480580016629282,0.662671603976221,0.00079609287449578,"violation in forward orientation",1,0.487931034482759,1,4790,0.207084286240575,0.661875511101725,0.390458559615477,0.480580016629282,0.662671603976221,0.00079609287449578,"violation",1,5260,0.653305767859847,0.212619668988342,0.482742822177823,0.395216878848684,0.212833928162415,0.000214259174073611,"violation"
147,2360,"reverse",0.648498183706474,0.213276986453189,0.48633362667803,0.390142653217046,0.215785281041918,0.0025082945887292,"violation in reverse orientation",1,0.487931034482759,1,5020,0.228572602996885,0.627227935673825,0.406426057193719,0.489194481869339,0.627668371445888,0.000440435772062875,"violation",1,2360,0.648498183706474,0.213276986453189,0.48633362667803,0.390142653217046,0.215785281041918,0.0025082945887292,"violation"
148,4250,"forward",0.199811131964443,0.674090344274529,0.38399134938353,0.477227807889311,0.674519154123753,0.000428809849223999,"violation in forward orientation",1,0.487931034482759,1,4250,0.199811131964443,0.674090344274529,0.38399134938353,0.477227807889311,0.674519154123753,0.000428809849223999,"violation",1,6600,0.636329384506166,0.223196724979206,0.486559481007523,0.404143796745809,0.223255648572504,5.89235932976218e-05,"violation"
149,240,"forward",0.772079275854865,0.139061205606979,0.463512405443479,0.282566363886433,0.139919440626348,0.000858235019368797,"violation in forward orientation",1,0.487931034482759,1,240,0.772079275854865,0.139061205606979,0.463512405443479,0.282566363886433,0.139919440626348,0.000858235019368797,"violation",1,3410,0.613507577784453,0.237225236175933,0.492663734091103,0.409975394231073,0.237265846383876,4.06102079429649e-05,"violation"
150,3540,"reverse",0.621157010931945,0.23163918068787,0.491179419095948,0.406420411828307,0.232569896021661,0.000930715333791743,"violation in reverse orientation",1,0.487931034482759,1,7240,0.222452181567012,0.637626269712851,0.404084635971594,0.486054394511414,0.637638186062966,1.19163501149933e-05,"violation",1,3540,0.621157010931945,0.23163918068787,0.491179419095948,0.406420411828307,0.232569896021661,0.000930715333791743,"violation"
151,2680,"forward",0.21000430853031,0.657790046072177,0.388660377530501,0.483539332686898,0.657915055552235,0.000125009480058114,"violation in forward orientation",1,0.487931034482759,1,2680,0.21000430853031,0.657790046072177,0.388660377530501,0.483539332686898,0.657915055552235,0.000125009480058114,"violation",1,5250,0.674414111714674,0.199568871655911,0.476457410897441,0.38513649846383,0.199875616996137,0.000306745340226622,"violation"
152,4120,"reverse",0.649881990647477,0.214839385544673,0.484310343297304,0.395376280457326,0.214935768590401,9.63830457286485e-05,"violation in reverse orientation",1,0.487931034482759,1,4960,0.248573658840514,0.594808811120679,0.419558292380206,0.494995605095111,0.595087801432597,0.000278990311917582,"violation",1,4120,0.649881990647477,0.214839385544673,0.484310343297304,0.395376280457326,0.214935768590401,9.63830457286485e-05,"violation"
153,510,"reverse",0.801299366585293,0.120146114681048,0.435806093546919,0.277857735512546,0.121981366915029,0.00183525223398037,"violation in reverse orientation",1,0.487931034482759,1,7730,0.188382235870156,0.692980785860411,0.378214837118876,0.468796226927337,0.693136168759664,0.000155382899253431,"violation",1,510,0.801299366585293,0.120146114681048,0.435806093546919,0.277857735512546,0.121981366915029,0.00183525223398037,"violation"
154,1080,"forward",0.205217716670979,0.662637400342124,0.375957853050356,0.48597528966744,0.665712138487116,0.0030747381449916,"violation in forward orientation",1,0.487931034482759,1,1080,0.205217716670979,0.662637400342124,0.375957853050356,0.48597528966744,0.665712138487116,0.0030747381449916,"violation",1,4980,0.640043641464655,0.220807858135139,0.486294597715382,0.400900785702366,0.220975484020011,0.000167625884871514,"violation"
155,3830,"forward",0.255933500373188,0.582953264844518,0.422677907693331,0.496868212755481,0.583099042728221,0.000145777883702403,"violation in forward orientation",1,0.487931034482759,1,3830,0.255933500373188,0.582953264844518,0.422677907693331,0.496868212755481,0.583099042728221,0.000145777883702403,"violation",1,7060,0.559487463999615,0.270215270042682,0.498524393700495,0.434070604027583,0.27042853543594,0.000213265393258111,"violation"
156,7070,"forward",0.217067738936771,0.646215027672445,0.400106042972833,0.483930578718803,0.646409133530371,0.000194105857926341,"violation in forward orientation",1,0.487931034482759,1,7070,0.217067738936771,0.646215027672445,0.400106042972833,0.483930578718803,0.646409133530371,0.000194105857926341,"violation",1,7560,0.666491902293965,0.204721481008713,0.477956381741122,0.391209914883135,0.204739023405659,1.75423969460686e-05,"violation"
157,6360,"forward",0.199946338222382,0.673716333291733,0.386553046275343,0.476120749929998,0.674298910903222,0.000582577611489055,"violation in forward orientation",1,0.487931034482759,1,6360,0.199946338222382,0.673716333291733,0.386553046275343,0.476120749929998,0.674298910903222,0.000582577611489055,"violation",1,7610,0.605368840704067,0.241966746683455,0.492695937959643,0.417474108614821,0.24226217808633,0.000295431402875385,"violation"
158,5030,"reverse",0.649016611245433,0.215355591154618,0.484007201271281,0.396986781141424,0.215467020859442,0.000111429704824056,"violation in reverse orientation",1,0.487931034482759,1,5580,0.200641020203992,0.67278187098712,0.386351790425155,0.476800189415506,0.673167313895756,0.000385442908635736,"violation",1,5030,0.649016611245433,0.215355591154618,0.484007201271281,0.396986781141424,0.215467020859442,0.000111429704824056,"violation"
159,2360,"forward",0.219521052708073,0.639318131756795,0.394824314836771,0.488465048896137,0.642412826449617,0.00309469469282186,"violation in forward orientation",1,0.487931034482759,1,2360,0.219521052708073,0.639318131756795,0.394824314836771,0.488465048896137,0.642412826449617,0.00309469469282186,"violation",1,5380,0.620072693729537,0.233170923996303,0.490532349188081,0.409955604662739,0.233235553157455,6.4629161151436e-05,"violation"
160,3370,"forward",0.165655297196362,0.73009094518395,0.352504270739881,0.456554588710285,0.730157045179306,6.60999953556729e-05,"violation in forward orientation",1,0.487931034482759,1,3370,0.165655297196362,0.73009094518395,0.352504270739881,0.456554588710285,0.730157045179306,6.60999953556729e-05,"violation",1,4920,0.606351631481943,0.241533155457522,0.493211233020986,0.415013376710719,0.241658847536162,0.000125692078639772,"violation"
161,2510,"reverse",0.664751691595124,0.205448036371386,0.481857645665047,0.384585162906497,0.205807330416648,0.000359294045262692,"violation in reverse orientation",1,0.487931034482759,1,9170,0.223487532489697,0.635799573023983,0.40592703054329,0.486036545969573,0.635951658937169,0.000152085913186273,"violation",1,2510,0.664751691595124,0.205448036371386,0.481857645665047,0.384585162906497,0.205807330416648,0.000359294045262692,"violation"
162,420,"reverse",0.744337551808169,0.15629794361896,0.467024886807929,0.315249244515828,0.156949952113107,0.000652008494146122,"violation in reverse orientation",1,0.487931034482759,1,6720,0.205901871377623,0.664292419195521,0.391499163596006,0.478934962279662,0.664597689805306,0.00030527060978558,"violation",1,420,0.744337551808169,0.15629794361896,0.467024886807929,0.315249244515828,0.156949952113107,0.000652008494146122,"violation"
163,2170,"reverse",0.63288765329687,0.224685569490436,0.490085178659739,0.397911257351817,0.225368510873188,0.000682941382752128,"violation in reverse orientation",1,0.487931034482759,1,5660,0.225129890773337,0.633216056068049,0.404692228024139,0.487614072473726,0.63327635172012,6.02956520711073e-05,"violation",1,2170,0.63288765329687,0.224685569490436,0.490085178659739,0.397911257351817,0.225368510873188,0.000682941382752128,"violation"
164,3010,"reverse",0.640645940377327,0.220263344959231,0.487455917367607,0.397232870881955,0.220605735603024,0.000342390643793156,"violation in reverse orientation",1,0.487931034482759,1,4410,0.196015202067251,0.680432988915392,0.381174754231042,0.475038072143441,0.680702505680186,0.00026951676479392,"violation",1,3010,0.640645940377327,0.220263344959231,0.487455917367607,0.397232870881955,0.220605735603024,0.000342390643793156,"violation"
165,3780,"reverse",0.655829834597984,0.211165032201233,0.482974819468745,0.392049835890951,0.211284415684214,0.000119383482981017,"violation in reverse orientation",1,0.487931034482759,1,7550,0.200609653247407,0.672969875428073,0.388001800423277,0.475894260915673,0.673218408864598,0.000248533436524423,"violation",1,3780,0.655829834597984,0.211165032201233,0.482974819468745,0.392049835890951,0.211284415684214,0.000119383482981017,"violation"
166,4010,"forward",0.191470192785292,0.687877400366856,0.376789825131082,0.472824860267138,0.688106064486261,0.00022866411940492,"violation in forward orientation",1,0.487931034482759,1,4010,0.191470192785292,0.687877400366856,0.376789825131082,0.472824860267138,0.688106064486261,0.00022866411940492,"violation",0,10050,0.672896909899842,0.20429240257145,0.475197629215685,0.392261585875637,0.200807019921627,-0.00348538264982229,"max_iter reached without violation"
167,5170,"forward",0.191330412440449,0.688095834715724,0.378345901796284,0.471858442388336,0.688333758631373,0.000237923915648364,"violation in forward orientation",1,0.487931034482759,1,5170,0.191330412440449,0.688095834715724,0.378345901796284,0.471858442388336,0.688333758631373,0.000237923915648364,"violation",1,8320,0.60147652676701,0.244596080446426,0.493234964228136,0.419545724994906,0.244651650964928,5.55705185018018e-05,"violation"
168,6780,"forward",0.220261964692524,0.639346086275191,0.402195487138543,0.485770292371943,0.641205923425506,0.00185983715031435,"violation in forward orientation",1,0.487931034482759,1,6780,0.220261964692524,0.639346086275191,0.402195487138543,0.485770292371943,0.641205923425506,0.00185983715031435,"violation",1,6780,0.722185168662447,0.169671833674732,0.457155075679961,0.361073123152069,0.170549193998264,0.000877360323531917,"violation"
169,3750,"forward",0.217545865349166,0.645369318573359,0.396764156087159,0.485714136321172,0.645630293094346,0.0002609745209875,"violation in forward orientation",1,0.487931034482759,1,3750,0.217545865349166,0.645369318573359,0.396764156087159,0.485714136321172,0.645630293094346,0.0002609745209875,"violation",1,3960,0.634321406434513,0.224389764780633,0.488178798110487,0.402068340729886,0.224488336690837,9.85719102039595e-05,"violation"
170,4400,"forward",0.209952414133864,0.657535555965235,0.392121204803054,0.482061688038347,0.657999588540388,0.00046403257515315,"violation in forward orientation",1,0.487931034482759,1,4400,0.209952414133864,0.657535555965235,0.392121204803054,0.482061688038347,0.657999588540388,0.00046403257515315,"violation",1,4440,0.629573763270559,0.227053228027452,0.488956857542941,0.404652955363673,0.227402892084101,0.000349664056649684,"violation"
171,5820,"reverse",0.668311429505802,0.203390925892134,0.478089379486034,0.388756858452882,0.203622024367334,0.000231098475199309,"violation in reverse orientation",1,0.487931034482759,1,5850,0.185140405324457,0.69831870536649,0.373896643052434,0.467651820109867,0.698416924330328,9.82189638379927e-05,"violation",1,5820,0.668311429505802,0.203390925892134,0.478089379486034,0.388756858452882,0.203622024367334,0.000231098475199309,"violation"
172,1740,"forward",0.270756286999772,0.558494906169157,0.426169867205668,0.499571754774874,0.558953575546131,0.000458669376974141,"violation in forward orientation",1,0.487931034482759,1,1740,0.270756286999772,0.558494906169157,0.426169867205668,0.499571754774874,0.558953575546131,0.000458669376974141,"violation",1,4000,0.616822576250437,0.23361931537796,0.491741547970069,0.408548574223433,0.235230784707158,0.00161146932919842,"violation"
173,4900,"reverse",0.601865963985329,0.244186055008754,0.493949227384407,0.416705709679865,0.244412577322324,0.000226522313569982,"violation in reverse orientation",1,0.487931034482759,1,5150,0.221904702903294,0.63822577526109,0.401880817106826,0.486652613606949,0.638529997329006,0.000304222067915805,"violation",1,4900,0.601865963985329,0.244186055008754,0.493949227384407,0.416705709679865,0.244412577322324,0.000226522313569982,"violation"
174,3080,"reverse",0.668563542212248,0.203458309036442,0.480018934628228,0.384619549259339,0.203467253584673,8.94454823108237e-06,"violation in reverse orientation",1,0.487931034482759,1,6320,0.263019118817381,0.571100260013874,0.429485178821238,0.497588218722059,0.57155697766859,0.000456717654715777,"violation",1,3080,0.668563542212248,0.203458309036442,0.480018934628228,0.384619549259339,0.203467253584673,8.94454823108237e-06,"violation"
175,6430,"reverse",0.593312307844867,0.249651061620361,0.494855612632776,0.421538904776929,0.249663625847957,1.25642275963511e-05,"violation in reverse orientation",1,0.487931034482759,1,7490,0.225600922654568,0.632144003237751,0.406459595136815,0.487290889467748,0.632509067867462,0.000365064629711087,"violation",1,6430,0.593312307844867,0.249651061620361,0.494855612632776,0.421538904776929,0.249663625847957,1.25642275963511e-05,"violation"
176,6440,"reverse",0.608760429008601,0.240004880072566,0.49235305836801,0.415416524068084,0.240180098274654,0.000175218202087102,"violation in reverse orientation",1,0.487931034482759,1,9080,0.212535660458253,0.653491236750673,0.398003907718382,0.481393082329528,0.653791628801096,0.000300392050423759,"violation",1,6440,0.608760429008601,0.240004880072566,0.49235305836801,0.415416524068084,0.240180098274654,0.000175218202087102,"violation"
177,160,"forward",0.317349074358807,0.462157445752236,0.417582327212252,0.478890318862263,0.483056603779566,0.0208991580273301,"violation in forward orientation",1,0.487931034482759,1,160,0.317349074358807,0.462157445752236,0.417582327212252,0.478890318862263,0.483056603779566,0.0208991580273301,"violation",1,620,0.551008750057214,0.273472984033473,0.499934959349318,0.417050118389504,0.275633577305218,0.00216059327174456,"violation"
178,1100,"reverse",0.771692539773221,0.139786578909416,0.443487307299247,0.314019528792096,0.140156856054087,0.000370277144671,"violation in reverse orientation",1,0.487931034482759,1,3530,0.186681576995006,0.695644372584774,0.371831241966011,0.470529289584669,0.695906444288305,0.000262071703530986,"violation",1,1100,0.771692539773221,0.139786578909416,0.443487307299247,0.314019528792096,0.140156856054087,0.000370277144671,"violation"
179,4300,"forward",0.209897299856952,0.657834741145534,0.391932917185867,0.482044220597178,0.658089366528696,0.000254625383162344,"violation in forward orientation",1,0.487931034482759,1,4300,0.209897299856952,0.657834741145534,0.391932917185867,0.482044220597178,0.658089366528696,0.000254625383162344,"violation",1,8560,0.549995372266774,0.276235896931716,0.499069454090424,0.438147285164759,0.276255685075862,1.9788144146049e-05,"violation"
180,2030,"forward",0.239772672765524,0.60799558801487,0.407903190699216,0.494656098986365,0.60942410173814,0.00142851372327013,"violation in forward orientation",1,0.487931034482759,1,2030,0.239772672765524,0.60799558801487,0.407903190699216,0.494656098986365,0.60942410173814,0.00142851372327013,"violation",1,4150,0.584015096714598,0.25505101124068,0.496644276936628,0.422597570548819,0.255371139219598,0.000320127978918006,"violation"
181,4350,"reverse",0.614861616185129,0.236420722909096,0.491938124138838,0.410941901167979,0.236434608696651,1.38857875547349e-05,"violation in reverse orientation",1,0.487931034482759,1,5790,0.22159367487089,0.638920377280792,0.402312838827085,0.486219118417745,0.639036644111309,0.000116266830517131,"violation",1,4350,0.614861616185129,0.236420722909096,0.491938124138838,0.410941901167979,0.236434608696651,1.38857875547349e-05,"violation"
182,3210,"reverse",0.650237656094127,0.214661874284293,0.484936171490969,0.393551168834559,0.21471742727663,5.55529923367548e-05,"violation in reverse orientation",1,0.487931034482759,1,8040,0.203861823032385,0.667780733466974,0.390859094542192,0.477397712501418,0.667920811267601,0.000140077800627525,"violation",1,3210,0.650237656094127,0.214661874284293,0.484936171490969,0.393551168834559,0.21471742727663,5.55529923367548e-05,"violation"
183,2890,"reverse",0.609469416344984,0.238948219062065,0.49368129376449,0.41001576760212,0.239744854345476,0.000796635283410924,"violation in reverse orientation",1,0.487931034482759,1,6990,0.213162355596493,0.65226058932867,0.397183087408622,0.482327060073196,0.652770778452592,0.000510189123922533,"violation",1,2890,0.609469416344984,0.238948219062065,0.49368129376449,0.41001576760212,0.239744854345476,0.000796635283410924,"violation"
184,3370,"forward",0.188808442943844,0.692105776749042,0.37329612732952,0.471995652440044,0.692441901941302,0.000336125192260228,"violation in forward orientation",1,0.487931034482759,1,3370,0.188808442943844,0.692105776749042,0.37329612732952,0.471995652440044,0.692441901941302,0.000336125192260228,"violation",1,6720,0.682049003627364,0.194963511265085,0.47316290152288,0.382868107916822,0.195188593428303,0.000225082163217732,"violation"
185,1600,"forward",0.223409515111436,0.634715911091151,0.39426355398388,0.490648486698981,0.636078744760766,0.00136283366961543,"violation in forward orientation",1,0.487931034482759,1,1600,0.223409515111436,0.634715911091151,0.39426355398388,0.490648486698981,0.636078744760766,0.00136283366961543,"violation",1,8000,0.680519770231762,0.196087912200418,0.473199482248237,0.384707173542423,0.196127382483586,3.94702831685578e-05,"violation"
186,3150,"reverse",0.57829120313861,0.258653931739189,0.497604136380728,0.423152573284327,0.258885010063773,0.0002310783245838,"violation in reverse orientation",1,0.487931034482759,1,5930,0.229174663677464,0.626630805652393,0.40775176197395,0.488982493707313,0.626687649212562,5.68435601685513e-05,"violation",1,3150,0.57829120313861,0.258653931739189,0.497604136380728,0.423152573284327,0.258885010063773,0.0002310783245838,"violation"
187,3860,"forward",0.202548841087071,0.669541817261994,0.385519648448143,0.47895830481005,0.670059583366932,0.000517766104938255,"violation in forward orientation",1,0.487931034482759,1,3860,0.202548841087071,0.669541817261994,0.385519648448143,0.47895830481005,0.670059583366932,0.000517766104938255,"violation",1,4000,0.664955735031165,0.203958948668495,0.480218114506315,0.386871344893881,0.205682069128797,0.00172312046030274,"violation"
188,1260,"forward",0.275049461016832,0.549727589667753,0.42591770999996,0.499959685953513,0.551960241907367,0.00223265223961311,"violation in forward orientation",1,0.487931034482759,1,1260,0.275049461016832,0.549727589667753,0.42591770999996,0.499959685953513,0.551960241907367,0.00223265223961311,"violation",1,4000,0.630920701635088,0.226350076162778,0.488904323462168,0.403518819263736,0.226576013075051,0.000225936912273211,"violation"
189,2360,"forward",0.2395283297426,0.607930022778555,0.408927723539961,0.49434299833213,0.609822122474039,0.00189209969548398,"violation in forward orientation",1,0.487931034482759,1,2360,0.2395283297426,0.607930022778555,0.408927723539961,0.49434299833213,0.609822122474039,0.00189209969548398,"violation",1,7540,0.620574517467348,0.232863899031921,0.489816563721862,0.411455684847938,0.232927485968958,6.35869370375908e-05,"violation"
190,2420,"reverse",0.600015412463039,0.24540793086352,0.495442482914113,0.413011516058202,0.245548622036205,0.000140691172685004,"violation in reverse orientation",1,0.487931034482759,1,7110,0.210349546219219,0.657285590492422,0.3951739793591,0.480867650723223,0.65735268320636,6.70927139382327e-05,"violation",1,2420,0.600015412463039,0.24540793086352,0.495442482914113,0.413011516058202,0.245548622036205,0.000140691172685004,"violation"
191,1920,"reverse",0.603679377580549,0.243298119043535,0.495394369767383,0.409806812124797,0.24329933140395,1.21236041547568e-06,"violation in reverse orientation",1,0.487931034482759,1,6260,0.212675779127805,0.653562191289172,0.396237594039476,0.482231594655571,0.653563383544486,1.19225531391987e-06,"violation",1,1920,0.603679377580549,0.243298119043535,0.495394369767383,0.409806812124797,0.24329933140395,1.21236041547568e-06,"violation"
192,2590,"reverse",0.648141756548658,0.215911490415783,0.486121086037773,0.392879482919969,0.216004089966524,9.25995507407851e-05,"violation in reverse orientation",1,0.487931034482759,1,5380,0.242956363935915,0.604224288397353,0.416414087612208,0.493419158494315,0.604238051867145,1.3763469791872e-05,"violation",1,2590,0.648141756548658,0.215911490415783,0.486121086037773,0.392879482919969,0.216004089966524,9.25995507407851e-05,"violation"
193,4170,"reverse",0.584402487519268,0.254844402680428,0.496592602675928,0.422498139962499,0.255133321860529,0.000288919180100766,"violation in reverse orientation",1,0.487931034482759,1,7750,0.222404491935694,0.637596271916081,0.404383555988369,0.485923491877453,0.637715869730479,0.000119597814398298,"violation",1,4170,0.584402487519268,0.254844402680428,0.496592602675928,0.422498139962499,0.255133321860529,0.000288919180100766,"violation"
194,2780,"forward",0.230535570586108,0.624445917293943,0.403990466065741,0.491106533287777,0.624470810103401,2.48928094579437e-05,"violation in forward orientation",1,0.487931034482759,1,2780,0.230535570586108,0.624445917293943,0.403990466065741,0.491106533287777,0.624470810103401,2.48928094579437e-05,"violation",1,6150,0.636766700856481,0.22279813578828,0.486604919766581,0.403493535079332,0.222987182160148,0.000189046371867341,"violation"
195,3960,"reverse",0.586531270915926,0.253456488883166,0.496405236536986,0.421349867262079,0.253826471931931,0.000369983048764677,"violation in reverse orientation",1,0.487931034482759,1,5840,0.201996176731267,0.67082470014901,0.387685149079816,0.477291487073624,0.670959841827229,0.000135141678219153,"violation",1,3960,0.586531270915926,0.253456488883166,0.496405236536986,0.421349867262079,0.253826471931931,0.000369983048764677,"violation"
196,4890,"reverse",0.612792257557053,0.237703378831547,0.492096780679909,0.412464907074531,0.23770497804451,1.5992129629161e-06,"violation in reverse orientation",1,0.487931034482759,0,10050,0.196917236489536,0.684884621198155,0.386491037920687,0.471051544089581,0.679233143468539,-0.00565147772961638,"max_iter reached without violation",1,4890,0.612792257557053,0.237703378831547,0.492096780679909,0.412464907074531,0.23770497804451,1.5992129629161e-06,"violation"
197,50,"forward",0.478395081610861,0.275078575707952,0.458257569495584,0.346987031457949,0.320210760485678,0.0451321847777255,"violation in forward orientation",1,0.487931034482759,1,50,0.478395081610861,0.275078575707952,0.458257569495584,0.346987031457949,0.320210760485678,0.0451321847777255,"violation at burn-in",1,1500,0.637501840485381,0.222315289245111,0.4903019477832,0.392826792478427,0.222535883463885,0.000220594218773601,"violation"
198,5170,"reverse",0.67344097078616,0.200187183701521,0.476817258991786,0.385534960051416,0.200473023550013,0.000285839848491315,"violation in reverse orientation",1,0.487931034482759,0,10050,0.223616035934232,0.639817542283745,0.406419807555886,0.484865075288093,0.635742334214296,-0.00407520806944883,"max_iter reached without violation",1,5170,0.67344097078616,0.200187183701521,0.476817258991786,0.385534960051416,0.200473023550013,0.000285839848491315,"violation"
199,50,"forward",0.355715993350399,0.4062591846095,0.4,0.427083130081252,0.420559098639206,0.0142999140297057,"violation in forward orientation",1,0.487931034482759,1,50,0.355715993350399,0.4062591846095,0.4,0.427083130081252,0.420559098639206,0.0142999140297057,"violation at burn-in",1,7000,0.60465401183299,0.242444799243323,0.49294210447815,0.417394029078285,0.24270100810567,0.000256208862347368,"violation"
200,4000,"forward",0.207350174070786,0.661263094834132,0.389509627608869,0.481289673689349,0.662238487987965,0.000975393153832993,"violation in forward orientation",1,0.487931034482759,1,4000,0.207350174070786,0.661263094834132,0.389509627608869,0.481289673689349,0.662238487987965,0.000975393153832993,"violation",1,6790,0.690473982347901,0.189780003193181,0.470122124699185,0.378670699690105,0.190016539354292,0.000236536161111356,"violation"
201,5080,"reverse",0.711233590493293,0.176997788659579,0.462992753695541,0.365910889468403,0.177272315369308,0.000274526709729023,"violation in reverse orientation",1,0.487931034482759,1,8810,0.194039900417496,0.683826472586823,0.383543244156832,0.471777737874561,0.683920158498134,9.36859113115363e-05,"violation",1,5080,0.711233590493293,0.176997788659579,0.462992753695541,0.365910889468403,0.177272315369308,0.000274526709729023,"violation"
202,5950,"forward",0.216782234697381,0.646703936409373,0.398988056875125,0.484198763842468,0.64687420352134,0.000170267111966993,"violation in forward orientation",1,0.487931034482759,1,5950,0.216782234697381,0.646703936409373,0.398988056875125,0.484198763842468,0.64687420352134,0.000170267111966993,"violation",1,6960,0.646608560726038,0.216735430757655,0.483862120537564,0.399784321394975,0.216945311536771,0.000209880779115185,"violation"
203,7600,"reverse",0.671790780343489,0.201350298503428,0.476260374066347,0.388617457653863,0.201486067557009,0.000135769053581286,"violation in reverse orientation",1,0.487931034482759,1,9700,0.231036787089843,0.623292407137599,0.411357659242686,0.488817452491133,0.623654357236141,0.000361950098541342,"violation",1,7600,0.671790780343489,0.201350298503428,0.476260374066347,0.388617457653863,0.201486067557009,0.000135769053581286,"violation"
204,2470,"forward",0.239291124357155,0.610016581542307,0.409112266534732,0.49392065436791,0.610208516408861,0.000191934866553334,"violation in forward orientation",1,0.487931034482759,1,2470,0.239291124357155,0.610016581542307,0.409112266534732,0.49392065436791,0.610208516408861,0.000191934866553334,"violation",1,6520,0.654060654558037,0.21226871117535,0.481993285228287,0.396153471426582,0.21237050683492,0.00010179565956997,"violation"
205,3970,"reverse",0.546977341439967,0.278053698789317,0.499593766793196,0.435669897606665,0.278108439741607,5.47409522903552e-05,"violation in reverse orientation",1,0.487931034482759,1,6610,0.214430490794637,0.650507860252226,0.397827950287715,0.482938457864093,0.65070505912595,0.000197198873723714,"violation",1,3970,0.546977341439967,0.278053698789317,0.499593766793196,0.435669897606665,0.278108439741607,5.47409522903552e-05,"violation"
206,2770,"forward",0.232480256912885,0.621258752025908,0.405314690624525,0.491720605665079,0.621303027886362,4.42758604534133e-05,"violation in forward orientation",1,0.487931034482759,1,2770,0.232480256912885,0.621258752025908,0.405314690624525,0.491720605665079,0.621303027886362,4.42758604534133e-05,"violation",1,4040,0.638593622279007,0.221581293052205,0.487150785843789,0.400185523954805,0.221865643851304,0.000284350799099192,"violation"
207,2360,"reverse",0.610026945388644,0.23464619409387,0.49401691746047,0.405608306433226,0.239402589936593,0.00475639584272286,"violation in reverse orientation",1,0.487931034482759,1,5870,0.274065566896533,0.553124988756566,0.435395753469942,0.499079627361996,0.553562948860573,0.000437960104006652,"violation",1,2360,0.610026945388644,0.23464619409387,0.49401691746047,0.405608306433226,0.239402589936593,0.00475639584272286,"violation"
208,5980,"forward",0.238332786427817,0.611436124590947,0.413952089864532,0.491991631631538,0.61176959379634,0.000333469205393233,"violation in forward orientation",1,0.487931034482759,1,5980,0.238332786427817,0.611436124590947,0.413952089864532,0.491991631631538,0.61176959379634,0.000333469205393233,"violation",0,10050,0.635972069538053,0.225351704357504,0.485825733061639,0.407626668659511,0.223475002519598,-0.00187670183790631,"max_iter reached without violation"
209,740,"forward",0.487934145432359,0.313078438089545,0.495596017649463,0.44126122447478,0.314354774905564,0.0012763368160188,"violation in forward orientation",1,0.487931034482759,1,740,0.487934145432359,0.313078438089545,0.495596017649463,0.44126122447478,0.314354774905564,0.0012763368160188,"violation",1,2930,0.686903687449697,0.192116077999173,0.474372773871876,0.37500193168128,0.192208326287672,9.22482884988252e-05,"violation"
210,4030,"reverse",0.646245114102213,0.216956657321704,0.485300427186301,0.396801194617561,0.217168429677931,0.000211772356226658,"violation in reverse orientation",1,0.487931034482759,1,9310,0.187650094204158,0.694239894741107,0.378559904795473,0.467779839944473,0.694328785439263,8.88906981558746e-05,"violation",1,4030,0.646245114102213,0.216956657321704,0.485300427186301,0.396801194617561,0.217168429677931,0.000211772356226658,"violation"
211,2500,"forward",0.263199053471435,0.571219375781865,0.42437323195508,0.498492286800909,0.571263874462435,4.44986805706593e-05,"violation in forward orientation",1,0.487931034482759,1,2500,0.263199053471435,0.571219375781865,0.42437323195508,0.498492286800909,0.571263874462435,4.44986805706593e-05,"violation",1,7450,0.711454853835747,0.177127575428955,0.461521250627602,0.368339953000666,0.177136482863407,8.90743445247644e-06,"violation"
212,3080,"reverse",0.659625150333575,0.208906966157237,0.482576218727602,0.388875931109034,0.208954489536795,4.75233795583507e-05,"violation in reverse orientation",1,0.487931034482759,1,7450,0.1932655580013,0.68503531939146,0.382048794034711,0.471814199924593,0.685181517773484,0.000146198382023566,"violation",1,3080,0.659625150333575,0.208906966157237,0.482576218727602,0.388875931109034,0.208954489536795,4.75233795583507e-05,"violation"
213,2810,"reverse",0.576398971692682,0.259659505275109,0.49792072823669,0.4230273524612,0.260046641883095,0.000387136607986227,"violation in reverse orientation",1,0.487931034482759,1,5680,0.202105973133896,0.670701405747913,0.38761048939597,0.477410254893924,0.670780989800064,7.95840521514712e-05,"violation",1,2810,0.576398971692682,0.259659505275109,0.49792072823669,0.4230273524612,0.260046641883095,0.000387136607986227,"violation"
214,490,"reverse",0.84329755410003,0.0952307069757063,0.407453464456527,0.243439534923319,0.0961988808053383,0.00096817382963206,"violation in reverse orientation",1,0.487931034482759,1,3610,0.2508333723786,0.590582978900629,0.419168495448456,0.496030235088755,0.59140685800075,0.000823879100121161,"violation",1,490,0.84329755410003,0.0952307069757063,0.407453464456527,0.243439534923319,0.0961988808053383,0.00096817382963206,"violation"
215,4230,"forward",0.270579223545063,0.559193176091227,0.431846308254606,0.498903390890553,0.55924200173363,4.88256424034939e-05,"violation in forward orientation",1,0.487931034482759,1,4230,0.270579223545063,0.559193176091227,0.431846308254606,0.498903390890553,0.55924200173363,4.88256424034939e-05,"violation",1,5090,0.6836507785619,0.193872897241246,0.473469295351532,0.380344755047434,0.194205271469801,0.00033237422855506,"violation"
216,5240,"forward",0.199744375470012,0.674529076663243,0.385264649689144,0.476426051787173,0.674627896615032,9.8819951788176e-05,"violation in forward orientation",1,0.487931034482759,1,5240,0.199744375470012,0.674529076663243,0.385264649689144,0.476426051787173,0.674627896615032,9.8819951788176e-05,"violation",1,7090,0.610068680580043,0.23927367868983,0.491964389679435,0.415404200503311,0.239376968902539,0.000103290212708246,"violation"
217,270,"reverse",0.178781576669075,0.69884668218656,0.327542288288526,0.486639043130573,0.708775090610594,0.00992840842403453,"violation in reverse orientation",1,0.487931034482759,1,5560,0.214033140374361,0.651350070413649,0.396587872525803,0.483131959023328,0.65135232011501,2.24970136120106e-06,"violation",1,270,0.178781576669075,0.69884668218656,0.327542288288526,0.486639043130573,0.708775090610594,0.00992840842403453,"violation"
218,1390,"forward",0.234048563753567,0.596744954241621,0.400538558823872,0.496921843205497,0.618748346212323,0.022003391970702,"violation in forward orientation",1,0.487931034482759,1,1390,0.234048563753567,0.596744954241621,0.400538558823872,0.496921843205497,0.618748346212323,0.022003391970702,"violation",1,2020,0.598130813930788,0.246643365686819,0.496031451880603,0.41242674978574,0.246705568046389,6.22023595691634e-05,"violation"
219,2570,"forward",0.233459659017503,0.618044141726408,0.405439442178364,0.492481742853645,0.619707638168432,0.00166349644202457,"violation in forward orientation",1,0.487931034482759,1,2570,0.233459659017503,0.618044141726408,0.405439442178364,0.492481742853645,0.619707638168432,0.00166349644202457,"violation",1,7330,0.692270572512938,0.188751429662365,0.469222307168169,0.378236658503113,0.188913621259109,0.000162191596744327,"violation"
220,1650,"reverse",0.604414891358543,0.242479416380896,0.495616783742142,0.40795397568965,0.242847803019351,0.000368386638455398,"violation in reverse orientation",1,0.487931034482759,1,9150,0.211833426454372,0.654896775647296,0.397519857474824,0.480975212962051,0.654935527618639,3.87519713435092e-05,"violation",1,1650,0.604414891358543,0.242479416380896,0.495616783742142,0.40795397568965,0.242847803019351,0.000368386638455398,"violation"
221,5210,"forward",0.23429065897643,0.61780881627615,0.410535758461793,0.491038160534803,0.618353987013486,0.000545170737335954,"violation in forward orientation",1,0.487931034482759,1,5210,0.23429065897643,0.61780881627615,0.410535758461793,0.491038160534803,0.618353987013486,0.000545170737335954,"violation",1,7840,0.645884493867551,0.217264091314521,0.483791789432912,0.400763276342955,0.217389812712325,0.000125721397803646,"violation"
222,4890,"forward",0.244675703134272,0.601029225813824,0.417008666899586,0.494084088139899,0.601437347166022,0.000408121352198032,"violation in forward orientation",1,0.487931034482759,1,4890,0.244675703134272,0.601029225813824,0.417008666899586,0.494084088139899,0.601437347166022,0.000408121352198032,"violation",1,5740,0.565654488028385,0.266388893402701,0.498174836535616,0.430982249322994,0.266642628929758,0.000253735527057541,"violation"
223,4000,"forward",0.205263552309379,0.659539284383394,0.387891415218228,0.481778930112142,0.665637474867471,0.00609819048407678,"violation in forward orientation",1,0.487931034482759,1,4000,0.205263552309379,0.659539284383394,0.387891415218228,0.481778930112142,0.665637474867471,0.00609819048407678,"violation",1,4900,0.629972578075755,0.226880616603956,0.488652534484944,0.405111242377376,0.22715806158584,0.000277444981883729,"violation"
224,2030,"forward",0.260933832033444,0.5747667886058,0.421494425271648,0.49844452168939,0.574953789946552,0.000187001340751891,"violation in forward orientation",1,0.487931034482759,1,2030,0.260933832033444,0.5747667886058,0.421494425271648,0.49844452168939,0.574953789946552,0.000187001340751891,"violation",1,3480,0.613279299673776,0.237338257544863,0.49266242032885,0.410182906170809,0.237405985222383,6.77276775195301e-05,"violation"
225,190,"forward",0.31753552163125,0.466712555528106,0.421841366516082,0.48237638894272,0.482752891892497,0.0160403363643913,"violation in forward orientation",1,0.487931034482759,1,190,0.31753552163125,0.466712555528106,0.421841366516082,0.48237638894272,0.482752891892497,0.0160403363643913,"violation",1,3190,0.631273472639409,0.226129608773263,0.489379345043811,0.401868651362589,0.22635944864556,0.000229839872297549,"violation"
226,4450,"reverse",0.634873093394298,0.223755262283396,0.487775262263735,0.402340331944554,0.224149658709256,0.0003943964258602,"violation in reverse orientation",1,0.487931034482759,1,9040,0.213348258099057,0.652037106629912,0.398582670244439,0.481812694386931,0.652467953964336,0.000430847334424223,"violation",1,4450,0.634873093394298,0.223755262283396,0.487775262263735,0.402340331944554,0.224149658709256,0.0003943964258602,"violation"
227,2970,"forward",0.229495206484369,0.625004324146068,0.403738523588025,0.490836572585908,0.626165503409646,0.00116117926357784,"violation in forward orientation",1,0.487931034482759,1,2970,0.229495206484369,0.625004324146068,0.403738523588025,0.490836572585908,0.626165503409646,0.00116117926357784,"violation",1,5370,0.712049213343382,0.17636548551594,0.462439670181128,0.365705604707373,0.176771608409137,0.000406122893197608,"violation"
228,1640,"reverse",0.61395644134034,0.236192560637862,0.494250103472794,0.403612479871953,0.236990291197341,0.000797730559478543,"violation in reverse orientation",1,0.487931034482759,1,7020,0.221526457501125,0.638705462379074,0.403274189598304,0.485854377379543,0.63914613734201,0.000440674962936316,"violation",1,1640,0.61395644134034,0.236192560637862,0.494250103472794,0.403612479871953,0.236990291197341,0.000797730559478543,"violation"
229,4580,"forward",0.227268156066022,0.629550165862268,0.404988051652012,0.488892859183606,0.629793240497395,0.000243074635127072,"violation in forward orientation",1,0.487931034482759,1,4580,0.227268156066022,0.629550165862268,0.404988051652012,0.488892859183606,0.629793240497395,0.000243074635127072,"violation",0,10050,0.677516630805132,0.20152764474814,0.47364150874367,0.390123051291044,0.197970995390105,-0.00355664935803482,"max_iter reached without violation"
230,1520,"forward",0.20965650099428,0.657984348566952,0.383308241179645,0.48561322499869,0.658481614031314,0.000497265464361685,"violation in forward orientation",1,0.487931034482759,1,1520,0.20965650099428,0.657984348566952,0.383308241179645,0.48561322499869,0.658481614031314,0.000497265464361685,"violation",1,3670,0.668822651933782,0.202564347838654,0.479342669370874,0.385182898201532,0.20330818736797,0.000743839529315143,"violation"
231,2990,"forward",0.245428933694043,0.600123640934137,0.414517295286766,0.495042593390748,0.600210377890969,8.67369568325893e-05,"violation in forward orientation",1,0.487931034482759,1,2990,0.245428933694043,0.600123640934137,0.414517295286766,0.495042593390748,0.600210377890969,8.67369568325893e-05,"violation",1,4820,0.623458490607247,0.230788129481571,0.49006661425806,0.407721218482466,0.23115702867496,0.0003688991933887,"violation"
232,2000,"reverse",0.576072668494793,0.260038975642569,0.498357050717656,0.420832508250016,0.26024695785302,0.000207982210451318,"violation in reverse orientation",1,0.487931034482759,1,4290,0.214743242539687,0.650118745252482,0.3955623044216,0.484137961090211,0.65019560451485,7.68592623673348e-05,"violation",1,2000,0.576072668494793,0.260038975642569,0.498357050717656,0.420832508250016,0.26024695785302,0.000207982210451318,"violation"
233,3070,"reverse",0.647896402510849,0.216054221803719,0.485658904486873,0.394269905111979,0.216154711634889,0.000100489831170197,"violation in reverse orientation",1,0.487931034482759,1,6780,0.222848533940443,0.632192350932958,0.404035338745441,0.487475599963591,0.636992550834833,0.00480019990187475,"violation",1,3070,0.647896402510849,0.216054221803719,0.485658904486873,0.394269905111979,0.216154711634889,0.000100489831170197,"violation"
234,2360,"forward",0.24440517394519,0.597856201308742,0.412167705859543,0.495779189933309,0.601878023661026,0.00402182235228365,"violation in forward orientation",1,0.487931034482759,1,2360,0.24440517394519,0.597856201308742,0.412167705859543,0.495779189933309,0.601878023661026,0.00402182235228365,"violation",1,4490,0.648333144922874,0.215786905374113,0.484480193538663,0.396620162167698,0.215886597560499,9.96921863863076e-05,"violation"
235,5320,"forward",0.230313210921375,0.624613149859247,0.407949131884649,0.489627522514129,0.624833021212735,0.00021987135348811,"violation in forward orientation",1,0.487931034482759,1,5320,0.230313210921375,0.624613149859247,0.407949131884649,0.489627522514129,0.624833021212735,0.00021987135348811,"violation",1,6410,0.612766224490658,0.237574723940061,0.491629329016336,0.413802663115582,0.23772095961925,0.000146235679189061,"violation"
236,1350,"forward",0.239208484377315,0.607683202497307,0.40383687915507,0.495634716591573,0.610343132184655,0.00265992968734796,"violation in forward orientation",1,0.487931034482759,1,1350,0.239208484377315,0.607683202497307,0.40383687915507,0.495634716591573,0.610343132184655,0.00265992968734796,"violation",1,3790,0.60957760775515,0.23917061973945,0.493132430053105,0.411943322448498,0.239678436157101,0.000507816417650742,"violation"
237,650,"reverse",0.559391629847705,0.267931149134395,0.499997633130493,0.41424630354416,0.270487367562673,0.00255621842827813,"violation in reverse orientation",1,0.487931034482759,1,2500,0.211305497519964,0.655501586241278,0.389106669179545,0.484380016103059,0.655795493499642,0.000293907258363757,"violation",1,650,0.559391629847705,0.267931149134395,0.499997633130493,0.41424630354416,0.270487367562673,0.00255621842827813,"violation"
238,4000,"forward",0.211520711170143,0.646475760502303,0.392695492716685,0.485262557797323,0.655444922837158,0.00896916233485523,"violation in forward orientation",1,0.487931034482759,1,4000,0.211520711170143,0.646475760502303,0.392695492716685,0.485262557797323,0.655444922837158,0.00896916233485523,"violation",1,6780,0.625618318426475,0.229386485015531,0.488942368850443,0.408583430820016,0.229831120724074,0.00044463570854375,"violation"
239,60,"forward",0.53818458826428,0.277090389131333,0.481894409826699,0.357071421427142,0.283506268791695,0.00641587966036172,"violation in forward orientation",1,0.487931034482759,1,60,0.53818458826428,0.277090389131333,0.481894409826699,0.357071421427142,0.283506268791695,0.00641587966036172,"violation",1,6820,0.68392372887395,0.193823204566756,0.472464962188592,0.38202320265571,0.194037708580888,0.000214504014132144,"violation"
240,3140,"reverse",0.665081194352488,0.20533638057237,0.480971752736165,0.386242978294068,0.20560505025249,0.000268669680119737,"violation in reverse orientation",1,0.487931034482759,1,9170,0.215080463264108,0.649514100912747,0.399918188327776,0.482482679312406,0.649646291343194,0.000132190430447765,"violation",1,3140,0.665081194352488,0.20533638057237,0.480971752736165,0.386242978294068,0.20560505025249,0.000268669680119737,"violation"
241,2380,"reverse",0.620074021311301,0.23316320053818,0.49230287559501,0.404650207999428,0.23323473816137,7.15376231902043e-05,"violation in reverse orientation",1,0.487931034482759,1,5340,0.220554545935292,0.640505532253679,0.401119224195207,0.486018051382261,0.640729325402926,0.00022379314924692,"violation",1,2380,0.620074021311301,0.23316320053818,0.49230287559501,0.404650207999428,0.23323473816137,7.15376231902043e-05,"violation"
242,3640,"reverse",0.572496802757931,0.262179291996994,0.497990694608278,0.426142737983524,0.262442164697564,0.000262872700570183,"violation in reverse orientation",1,0.487931034482759,1,6020,0.208115514366535,0.660915283209236,0.392589409587778,0.480231839905874,0.66099179264925,7.65094400141386e-05,"violation",1,3640,0.572496802757931,0.262179291996994,0.497990694608278,0.426142737983524,0.262442164697564,0.000262872700570183,"violation"
243,140,"forward",0.327572698663508,0.454767023275975,0.419912527334259,0.474664220738176,0.466402907592072,0.0116358843160965,"violation in forward orientation",1,0.487931034482759,1,140,0.327572698663508,0.454767023275975,0.419912527334259,0.474664220738176,0.466402907592072,0.0116358843160965,"violation",1,6060,0.689383282402917,0.190504050601256,0.470876806660894,0.378620608993456,0.190686114825174,0.00018206422391831,"violation"
244,2250,"reverse",0.68436809732896,0.193405050088215,0.476336015854355,0.373866286257534,0.193764912915245,0.000359862827030349,"violation in reverse orientation",1,0.487931034482759,1,7930,0.210287344003516,0.65721982888688,0.395680434671087,0.480627308347615,0.65745400703944,0.000234178152559883,"violation",1,2250,0.68436809732896,0.193405050088215,0.476336015854355,0.373866286257534,0.193764912915245,0.000359862827030349,"violation"
245,1100,"forward",0.260990021730049,0.57408912490509,0.416076717337973,0.499205153342758,0.574862260161395,0.000773135256304736,"violation in forward orientation",1,0.487931034482759,1,1100,0.260990021730049,0.57408912490509,0.416076717337973,0.499205153342758,0.574862260161395,0.000773135256304736,"violation",1,7110,0.671032945520957,0.201628443549275,0.476681133070329,0.388485712319406,0.201951298723914,0.000322855174639036,"violation"
246,4100,"reverse",0.70184916958973,0.182750198784328,0.467595008749045,0.369521371535417,0.183033366402967,0.000283167618639335,"violation in reverse orientation",1,0.487931034482759,0,10050,0.217895765211693,0.649475178614103,0.402368375246219,0.482304887498395,0.645060326335699,-0.00441485227840388,"max_iter reached without violation",1,4100,0.70184916958973,0.182750198784328,0.467595008749045,0.369521371535417,0.183033366402967,0.000283167618639335,"violation"
247,2360,"reverse",0.654750106480982,0.210151274404505,0.484772245039329,0.387746594721214,0.211947255602462,0.00179598119795657,"violation in reverse orientation",1,0.487931034482759,1,6780,0.196628641607339,0.677657395347878,0.384261147316086,0.474636310109239,0.679703247938944,0.00204585259106638,"violation",1,2360,0.654750106480982,0.210151274404505,0.484772245039329,0.387746594721214,0.211947255602462,0.00179598119795657,"violation"
248,6780,"reverse",0.648390716713735,0.215390295758214,0.483449126153605,0.398666427619146,0.215851254513906,0.000460958755691993,"violation in reverse orientation",1,0.487931034482759,1,9880,0.1876341325145,0.694143396730473,0.378837703430065,0.467651820109867,0.694354786114003,0.000211389383529825,"violation",1,6780,0.648390716713735,0.215390295758214,0.483449126153605,0.398666427619146,0.215851254513906,0.000460958755691993,"violation"
249,3820,"forward",0.221550481374177,0.638885401327069,0.399803531010357,0.48722467799282,0.639107003834056,0.000221602506986551,"violation in forward orientation",1,0.487931034482759,1,3820,0.221550481374177,0.638885401327069,0.399803531010357,0.48722467799282,0.639107003834056,0.000221602506986551,"violation",1,4460,0.658952466082994,0.20928310120715,0.481624527036293,0.391697297808215,0.20936744717552,8.4345968369981e-05,"violation"
250,2600,"forward",0.243695160549331,0.602057560995549,0.412413699059085,0.495021217643405,0.603034594660827,0.000977033665277904,"violation in forward orientation",1,0.487931034482759,1,2600,0.243695160549331,0.602057560995549,0.412413699059085,0.495021217643405,0.603034594660827,0.000977033665277904,"violation",1,4790,0.675857824301251,0.198611684934732,0.476274684191135,0.383804433705856,0.1989893287558,0.000377643821067863,"violation"
251,4200,"forward",0.214546468450701,0.650397678533774,0.395281408986369,0.484122918275927,0.650516138192329,0.000118459658554615,"violation in forward orientation",1,0.487931034482759,1,4200,0.214546468450701,0.650397678533774,0.395281408986369,0.484122918275927,0.650516138192329,0.000118459658554615,"violation",1,6850,0.694967516043783,0.187236185477656,0.468415743949785,0.376591859912021,0.187257980546085,2.17950684284485e-05,"violation"
252,3780,"reverse",0.651658068299365,0.213648609691961,0.484088745707046,0.393922717141153,0.213845443028769,0.000196833336808255,"violation in reverse orientation",1,0.487931034482759,1,4060,0.241221760088335,0.607039177324726,0.413712459887463,0.493430106906841,0.607063621804215,2.44444794887944e-05,"violation",1,3780,0.651658068299365,0.213648609691961,0.484088745707046,0.393922717141153,0.213845443028769,0.000196833336808255,"violation"
253,3830,"reverse",0.607312271515183,0.240788816062582,0.493490612626065,0.413076285203291,0.241069115222007,0.000280299159425013,"violation in reverse orientation",1,0.487931034482759,1,4550,0.217335417870201,0.645720998758125,0.397841112782991,0.485113446682978,0.645973099937951,0.000252101179826214,"violation",1,3830,0.607312271515183,0.240788816062582,0.493490612626065,0.413076285203291,0.241069115222007,0.000280299159425013,"violation"
254,4500,"forward",0.211620408122317,0.655274461542218,0.393525125870456,0.482624307533533,0.655282522234118,8.06069189995817e-06,"violation in forward orientation",1,0.487931034482759,1,4500,0.211620408122317,0.655274461542218,0.393525125870456,0.482624307533533,0.655282522234118,8.06069189995817e-06,"violation",1,9980,0.679863988013244,0.196421099884078,0.472848398633143,0.386062391985207,0.196529964045802,0.000108864161724398,"violation"
255,3810,"reverse",0.636872542425243,0.222666222627009,0.487696602095966,0.400589342024525,0.222922206528152,0.000255983901142703,"violation in reverse orientation",1,0.487931034482759,0,10050,0.188302574620883,0.695191605716089,0.379476984953441,0.467201265886523,0.693265932354627,-0.00192567336146232,"max_iter reached without violation",1,3810,0.636872542425243,0.222666222627009,0.487696602095966,0.400589342024525,0.222922206528152,0.000255983901142703,"violation"
256,780,"reverse",0.548251385277499,0.277121138250026,0.499973700820516,0.422141545633261,0.277326310333456,0.000205172083430016,"violation in reverse orientation",1,0.487931034482759,1,4000,0.25045781821213,0.588806405890397,0.419542608086473,0.496109803874102,0.592018614145532,0.00321220825513457,"violation",1,780,0.548251385277499,0.277121138250026,0.499973700820516,0.422141545633261,0.277326310333456,0.000205172083430016,"violation"
257,2850,"reverse",0.594054430569973,0.249167017449722,0.49595023529379,0.416596448376899,0.249208040262389,4.10228126664358e-05,"violation in reverse orientation",1,0.487931034482759,1,4140,0.209293999781943,0.659002817898909,0.391228223644502,0.481827512331413,0.659072107664291,6.92897653813418e-05,"violation",1,2850,0.594054430569973,0.249167017449722,0.49595023529379,0.416596448376899,0.249208040262389,4.10228126664358e-05,"violation"
258,5080,"reverse",0.575890142395626,0.26026665874409,0.497312473088492,0.426819183729166,0.26035900975085,9.23510067594169e-05,"violation in reverse orientation",1,0.487931034482759,1,6060,0.231498223693537,0.622743085645664,0.409453094952126,0.489762749820305,0.622902703538911,0.00015961789324781,"violation",1,5080,0.575890142395626,0.26026665874409,0.497312473088492,0.426819183729166,0.26035900975085,9.23510067594169e-05,"violation"
259,4030,"forward",0.233203655404112,0.619268124277777,0.40831158064601,0.491265004836433,0.620124653335779,0.000856529058002153,"violation in forward orientation",1,0.487931034482759,1,4030,0.233203655404112,0.619268124277777,0.40831158064601,0.491265004836433,0.620124653335779,0.000856529058002153,"violation",0,10050,0.66945548092119,0.204087643400723,0.476323313426283,0.392104207149862,0.202919696684367,-0.00116794671635614,"max_iter reached without violation"
260,2850,"forward",0.188879481365339,0.69192385527829,0.372049136771423,0.472751388193069,0.692326184437024,0.000402329158733949,"violation in forward orientation",1,0.487931034482759,1,2850,0.188879481365339,0.69192385527829,0.372049136771423,0.472751388193069,0.692326184437024,0.000402329158733949,"violation",1,3790,0.69953821440538,0.18438908233797,0.468792302342784,0.370380888212511,0.184452050719277,6.29683813074267e-05,"violation"
261,6590,"forward",0.218518040535606,0.643721651936427,0.400794462268476,0.484733725027367,0.644046675610617,0.000325023674190072,"violation in forward orientation",1,0.487931034482759,1,6590,0.218518040535606,0.643721651936427,0.400794462268476,0.484733725027367,0.644046675610617,0.000325023674190072,"violation",1,8530,0.698788582483867,0.184811075458028,0.466267702987435,0.375725465525608,0.184912246164545,0.000101170706517301,"violation"
262,1500,"reverse",0.621079982155421,0.232226541757772,0.493340540487895,0.4,0.232617183618538,0.000390641860766011,"violation in reverse orientation",1,0.487931034482759,1,5450,0.205530465840929,0.664964888445867,0.390036676099788,0.47929784094547,0.665202688070707,0.000237799624839941,"violation",1,1500,0.621079982155421,0.232226541757772,0.493340540487895,0.4,0.232617183618538,0.000390641860766011,"violation"
263,3800,"forward",0.22789371558957,0.62860697763852,0.404277338228333,0.489518319979516,0.628774239999932,0.000167262361411846,"violation in forward orientation",1,0.487931034482759,1,3800,0.22789371558957,0.62860697763852,0.404277338228333,0.489518319979516,0.628774239999932,0.000167262361411846,"violation",1,5080,0.598779072355929,0.246064261989343,0.494372823695819,0.418099809692496,0.246307605304882,0.000243343315538463,"violation"
264,3590,"forward",0.247291416932058,0.597076748135081,0.416892547717469,0.495165914757021,0.597176499779276,9.97516441949564e-05,"violation in forward orientation",1,0.487931034482759,1,3590,0.247291416932058,0.597076748135081,0.416892547717469,0.495165914757021,0.597176499779276,9.97516441949564e-05,"violation",1,4320,0.612109641899915,0.237789548578124,0.492447895414547,0.41181427342801,0.238124032526141,0.000334483948016467,"violation"
265,1960,"forward",0.237389279944897,0.613108587593146,0.405994236761084,0.493949227384407,0.613306511610334,0.000197924017187323,"violation in forward orientation",1,0.487931034482759,1,1960,0.237389279944897,0.613108587593146,0.405994236761084,0.493949227384407,0.613306511610334,0.000197924017187323,"violation",1,4010,0.663850757948532,0.206063077435747,0.480534392918933,0.388530038828653,0.206360409266083,0.000297331830336506,"violation"
266,8340,"forward",0.22283606140882,0.63682474172041,0.40503581149287,0.485967229161016,0.637012867871742,0.00018812615133168,"violation in forward orientation",1,0.487931034482759,1,8340,0.22283606140882,0.63682474172041,0.40503581149287,0.485967229161016,0.637012867871742,0.00018812615133168,"violation",1,9000,0.649800176787357,0.214968187856314,0.482443318489909,0.399749782850334,0.214985993727174,1.78058708595608e-05,"violation"
267,5020,"reverse",0.655377796224198,0.211435754936584,0.482296217191062,0.394053662885532,0.211561919876248,0.000126164939663304,"violation in reverse orientation",1,0.487931034482759,1,6630,0.239921538001902,0.608718516673097,0.41550434716231,0.492314346508131,0.609181608827052,0.000463092153954681,"violation",1,5020,0.655377796224198,0.211435754936584,0.482296217191062,0.394053662885532,0.211561919876248,0.000126164939663304,"violation"
268,2410,"reverse",0.665019291129151,0.205457247877626,0.481932657586344,0.384256561617705,0.205643052344729,0.000185804467103701,"violation in reverse orientation",1,0.487931034482759,1,6030,0.237075529828405,0.613586892688185,0.413165733236331,0.491579438329554,0.613817592511111,0.000230699822926228,"violation",1,2410,0.665019291129151,0.205457247877626,0.481932657586344,0.384256561617705,0.205643052344729,0.000185804467103701,"violation"
269,3900,"reverse",0.66344019506069,0.206405336827044,0.480740443582594,0.388609263609752,0.206612451855998,0.000207115028954319,"violation in reverse orientation",1,0.487931034482759,1,7920,0.221736034567074,0.638790988438974,0.404014973158005,0.485585508844062,0.638804748351162,1.37599121882159e-05,"violation",1,3900,0.66344019506069,0.206405336827044,0.480740443582594,0.388609263609752,0.206612451855998,0.000207115028954319,"violation"
270,4000,"reverse",0.659046699748215,0.20813242309407,0.4819174592189,0.390112083253006,0.209309597579897,0.0011771744858268,"violation in reverse orientation",1,0.487931034482759,1,9950,0.210657379594133,0.656827785340852,0.397030071855555,0.480233775550844,0.656851240337433,2.34549965806297e-05,"violation",1,4000,0.659046699748215,0.20813242309407,0.4819174592189,0.390112083253006,0.209309597579897,0.0011771744858268,"violation"
271,4870,"forward",0.200541594759081,0.672831170553253,0.385448019449443,0.477195022229028,0.673329272229074,0.000498101675820872,"violation in forward orientation",1,0.487931034482759,1,4870,0.200541594759081,0.672831170553253,0.385448019449443,0.477195022229028,0.673329272229074,0.000498101675820872,"violation",1,7290,0.616927017874636,0.235074736899628,0.490612459855914,0.412773043162768,0.235166668494423,9.19315947945643e-05,"violation"
272,2420,"forward",0.215078226532956,0.649395105942551,0.391711998455891,0.486032629240073,0.649649934849641,0.00025482890709061,"violation in forward orientation",1,0.487931034482759,1,2420,0.215078226532956,0.649395105942551,0.391711998455891,0.486032629240073,0.649649934849641,0.00025482890709061,"violation",1,4430,0.62447077726057,0.22989630497416,0.490035694189233,0.406615393394816,0.230535590748165,0.000639285774004045,"violation"
273,7680,"reverse",0.614989944441329,0.236318673009348,0.490907157868455,0.413840820343098,0.236355828594967,3.71555856194805e-05,"violation in reverse orientation",1,0.487931034482759,1,9250,0.174993052532127,0.714790603881444,0.36760572139023,0.459381220683571,0.714946378609381,0.000155774727937152,"violation",1,7680,0.614989944441329,0.236318673009348,0.490907157868455,0.413840820343098,0.236355828594967,3.71555856194805e-05,"violation"
274,2190,"forward",0.238518229799911,0.611118683577802,0.407665392095767,0.494009061851232,0.611467517205222,0.000348833627420109,"violation in forward orientation",1,0.487931034482759,1,2190,0.238518229799911,0.611118683577802,0.407665392095767,0.494009061851232,0.611467517205222,0.000348833627420109,"violation",1,3110,0.608744803970808,0.239855343800917,0.493651972058735,0.41112314362507,0.240189690410498,0.00033434660958076,"violation"
275,5690,"reverse",0.676661753461841,0.198108118324181,0.475479885555709,0.384450725559365,0.198495800495591,0.00038768217141022,"violation in reverse orientation",1,0.487931034482759,1,7060,0.210498324362073,0.656764136177998,0.395249012311557,0.481034740690564,0.657110332165616,0.000346195987617759,"violation",1,5690,0.676661753461841,0.198108118324181,0.475479885555709,0.384450725559365,0.198495800495591,0.00038768217141022,"violation"
276,6700,"reverse",0.594233056554661,0.248970420354114,0.49466649693958,0.421310370342007,0.249098382626153,0.000127962272039123,"violation in reverse orientation",1,0.487931034482759,1,7630,0.198945759445507,0.67582376124225,0.386742792317005,0.474923834736996,0.675928796202711,0.00010503496046077,"violation",1,6700,0.594233056554661,0.248970420354114,0.49466649693958,0.421310370342007,0.249098382626153,0.000127962272039123,"violation"
277,5580,"forward",0.214207996119607,0.651037764331139,0.396737766780832,0.483207131250694,0.651067490159294,2.97258281554136e-05,"violation in forward orientation",1,0.487931034482759,1,5580,0.214207996119607,0.651037764331139,0.396737766780832,0.483207131250694,0.651067490159294,2.97258281554136e-05,"violation",1,6700,0.621338902753179,0.232386140774953,0.489867458581457,0.410563240200105,0.232458233504016,7.20927290628337e-05,"violation"
278,4260,"reverse",0.656152556642384,0.210362592158501,0.482537760120876,0.392226688562833,0.211086298167259,0.000723706008757596,"violation in reverse orientation",1,0.487931034482759,1,6810,0.204896489344097,0.666074046633113,0.390796574179087,0.4783550496351,0.666235399333718,0.000161352700604356,"violation",1,4260,0.656152556642384,0.210362592158501,0.482537760120876,0.392226688562833,0.211086298167259,0.000723706008757596,"violation"
279,3960,"forward",0.261026444277246,0.574731783242823,0.425939891108675,0.497692614960095,0.574802929926117,7.11466832943319e-05,"violation in forward orientation",1,0.487931034482759,1,3960,0.261026444277246,0.574731783242823,0.425939891108675,0.497692614960095,0.574802929926117,7.11466832943319e-05,"violation",1,8300,0.62715820580412,0.228848208402065,0.488233965721134,0.409182506596331,0.228885791240256,3.75828381912191e-05,"violation"
280,1740,"reverse",0.521726103292043,0.293552877724462,0.499740981925359,0.438822741360695,0.293610053866571,5.71761421087058e-05,"violation in reverse orientation",1,0.487931034482759,1,4730,0.247331492647896,0.596806370304478,0.418518634252939,0.494775298491989,0.59711121874232,0.000304848437841732,"violation",1,1740,0.521726103292043,0.293552877724462,0.499740981925359,0.438822741360695,0.293610053866571,5.71761421087058e-05,"violation"
281,5410,"forward",0.207981401705125,0.660967819471061,0.391876721880518,0.480503368857034,0.66121025446391,0.000242434992849039,"violation in forward orientation",1,0.487931034482759,1,5410,0.207981401705125,0.660967819471061,0.391876721880518,0.480503368857034,0.66121025446391,0.000242434992849039,"violation",1,6780,0.657136002544345,0.21020999928052,0.481026683223796,0.394820429965447,0.210482565439553,0.000272566159033538,"violation"
282,60,"reverse",0.363298063516486,0.404119734820393,0.411973569810276,0.433012701892219,0.408208342267984,0.00408860744759115,"violation in reverse orientation",1,0.487931034482759,1,6780,0.199377983389007,0.671549110443741,0.386455982193008,0.476643681943937,0.675224728249362,0.00367561780562153,"violation",1,60,0.363298063516486,0.404119734820393,0.411973569810276,0.433012701892219,0.408208342267984,0.00408860744759115,"violation"
283,3160,"reverse",0.601661936203586,0.244049872254841,0.494720464106906,0.413989368902745,0.244537829000077,0.00048795674523594,"violation in reverse orientation",1,0.487931034482759,1,7950,0.229066037915866,0.626850797895083,0.409131944758638,0.488379597794046,0.626864594332791,1.37964377082689e-05,"violation",1,3160,0.601661936203586,0.244049872254841,0.494720464106906,0.413989368902745,0.244537829000077,0.00048795674523594,"violation"
284,4000,"reverse",0.59997388739351,0.243210398669639,0.494568246049016,0.414920474308029,0.24557411407745,0.00236371540781125,"violation in reverse orientation",1,0.487931034482759,1,5040,0.191420631496125,0.68784825875829,0.378260995478556,0.472032066222148,0.688186796976801,0.000338538218510709,"violation",1,4000,0.59997388739351,0.243210398669639,0.494568246049016,0.414920474308029,0.24557411407745,0.00236371540781125,"violation"
285,2360,"forward",0.222639493658197,0.625943200554441,0.397111220153847,0.49123311004032,0.63733306543589,0.0113898648814496,"violation in forward orientation",1,0.487931034482759,1,2360,0.222639493658197,0.625943200554441,0.397111220153847,0.49123311004032,0.63733306543589,0.0113898648814496,"violation",1,6140,0.653710885564395,0.212548765880653,0.482238151250314,0.396037627098077,0.212585228344438,3.64624637850808e-05,"violation"
286,4420,"reverse",0.632325421126062,0.225713299495066,0.488364230078204,0.403685088988738,0.225713662509296,3.63014229953773e-07,"violation in reverse orientation",1,0.487931034482759,1,5500,0.216513864324614,0.64727195276914,0.398354300542031,0.484240053849396,0.647311363428685,3.94106595451582e-05,"violation",1,4420,0.632325421126062,0.225713299495066,0.488364230078204,0.403685088988738,0.225713662509296,3.63014229953773e-07,"violation"
287,2610,"forward",0.222741018478618,0.636587263682212,0.397974385500882,0.488772371082437,0.63716768734057,0.000580423658358864,"violation in forward orientation",1,0.487931034482759,1,2610,0.222741018478618,0.636587263682212,0.397974385500882,0.488772371082437,0.63716768734057,0.000580423658358864,"violation",1,8680,0.725391536226436,0.168417373134707,0.454810797004191,0.361310600860429,0.16858082031185,0.000163447177142478,"violation"
288,6780,"reverse",0.674312857410892,0.197392480772168,0.475746625597845,0.384873916187554,0.199937776528139,0.00254529575597043,"violation in reverse orientation",1,0.487931034482759,1,9600,0.200221275003118,0.673846695109341,0.38888795727815,0.474993135458439,0.673851054694828,4.35958548716808e-06,"violation",1,6780,0.674312857410892,0.197392480772168,0.475746625597845,0.384873916187554,0.199937776528139,0.00254529575597043,"violation"
289,1390,"reverse",0.602444150442191,0.240919248492741,0.496246456431095,0.405295928436449,0.244057631426442,0.00313838293370114,"violation in reverse orientation",1,0.487931034482759,1,3610,0.209912927428127,0.656881603085286,0.390782938678072,0.482826676709329,0.658063910113755,0.00118230702846889,"violation",1,1390,0.602444150442191,0.240919248492741,0.496246456431095,0.405295928436449,0.244057631426442,0.00313838293370114,"violation"
290,4550,"forward",0.249203221904443,0.593272830101811,0.419485599390063,0.495336298432552,0.594062279398037,0.000789449296225375,"violation in forward orientation",1,0.487931034482759,1,4550,0.249203221904443,0.593272830101811,0.419485599390063,0.495336298432552,0.594062279398037,0.000789449296225375,"violation",1,5240,0.667384845072599,0.204107314067556,0.478674917142015,0.388699561643788,0.204190850111781,8.35360442252575e-05,"violation"
291,50,"reverse",0.302716065288689,0.329560327676681,0.366606055596467,0.384187454245971,0.506892934233388,0.177332606556707,"violation in reverse orientation",1,0.487931034482759,1,5330,0.259494781410454,0.577107046301712,0.426602417914229,0.497132639027639,0.577297920673527,0.000190874371814531,"violation",1,50,0.302716065288689,0.329560327676681,0.366606055596467,0.384187454245971,0.506892934233388,0.177332606556707,"violation at burn-in"
292,3640,"reverse",0.621016914640285,0.232555238948587,0.491145406707758,0.407229973921895,0.232655900463935,0.000100661515348599,"violation in reverse orientation",1,0.487931034482759,1,8150,0.193041194415661,0.685428645576289,0.38233705706131,0.471418979056418,0.685546993154758,0.000118347578469069,"violation",1,3640,0.621016914640285,0.232555238948587,0.491145406707758,0.407229973921895,0.232655900463935,0.000100661515348599,"violation"
293,2990,"forward",0.235324808266525,0.61602352613085,0.40780738661341,0.492498168219652,0.616669417278091,0.00064589114724134,"violation in forward orientation",1,0.487931034482759,1,2990,0.235324808266525,0.61602352613085,0.40780738661341,0.492498168219652,0.616669417278091,0.00064589114724134,"violation",1,5530,0.671533238764198,0.201483828303461,0.477224748716593,0.386964222012556,0.201644171098701,0.000160342795240187,"violation"
294,3650,"reverse",0.637521638824558,0.222522883363774,0.487657072289406,0.400205332923809,0.222523729358314,8.45994540588091e-07,"violation in reverse orientation",1,0.487931034482759,1,5860,0.214579914516609,0.650084220385537,0.397287033560593,0.483342005927658,0.650461656473939,0.000377436088401684,"violation",1,3650,0.637521638824558,0.222522883363774,0.487657072289406,0.400205332923809,0.222523729358314,8.45994540588091e-07,"violation"
295,4690,"reverse",0.665614188072638,0.205206344328991,0.479536984416206,0.388875931109034,0.205277847961165,7.15036321738693e-05,"violation in reverse orientation",1,0.487931034482759,1,5810,0.238970577456458,0.610705349804035,0.414223033771174,0.492172910643728,0.610730668880328,2.53190762929956e-05,"violation",1,4690,0.665614188072638,0.205206344328991,0.479536984416206,0.388875931109034,0.205277847961165,7.15036321738693e-05,"violation"
296,1680,"reverse",0.640553734741609,0.22000304638727,0.489281007392492,0.392206802980079,0.220662340201052,0.000659293813782075,"violation in reverse orientation",1,0.487931034482759,1,6550,0.213048774980241,0.652664697809616,0.396757911717536,0.482369812826792,0.652955794746175,0.000291096936559154,"violation",1,1680,0.640553734741609,0.22000304638727,0.489281007392492,0.392206802980079,0.220662340201052,0.000659293813782075,"violation"
297,6220,"forward",0.281838255407623,0.539652962466486,0.439840913698131,0.499698423334866,0.540901686164898,0.00124872369841234,"violation in forward orientation",1,0.487931034482759,1,6220,0.281838255407623,0.539652962466486,0.439840913698131,0.499698423334866,0.540901686164898,0.00124872369841234,"violation",0,10050,0.619097068581242,0.239834869954332,0.489652701741312,0.417303527546936,0.233834484761952,-0.00600038519238039,"max_iter reached without violation"
298,2120,"forward",0.246189133982979,0.597758888131858,0.41251314746516,0.495988715578062,0.598972055327827,0.00121316719596909,"violation in forward orientation",1,0.487931034482759,1,2120,0.246189133982979,0.597758888131858,0.41251314746516,0.495988715578062,0.598972055327827,0.00121316719596909,"violation",1,6780,0.597670453933963,0.244718457660444,0.494128383827141,0.418694415868064,0.246988180842939,0.00226972318249516,"violation"
299,3640,"reverse",0.642461899579056,0.219399976654546,0.48650425541052,0.397924742827072,0.219490926949011,9.09502944644036e-05,"violation in reverse orientation",1,0.487931034482759,1,4000,0.206567797667532,0.659292995803902,0.388904792333548,0.481848264498275,0.663512934166318,0.00421993836241596,"violation",1,3640,0.642461899579056,0.219399976654546,0.48650425541052,0.397924742827072,0.219490926949011,9.09502944644036e-05,"violation"
300,2370,"reverse",0.618410766609064,0.234122735409126,0.492608760415771,0.40528057639108,0.234255802254725,0.000133066845599661,"violation in reverse orientation",1,0.487931034482759,1,4550,0.261223591133165,0.57426644622891,0.42681522390614,0.497592125094605,0.574481789032737,0.000215342803827179,"violation",1,2370,0.618410766609064,0.234122735409126,0.492608760415771,0.40528057639108,0.234255802254725,0.000133066845599661,"violation"
301,2360,"forward",0.237309840841039,0.609607610427381,0.40742886048655,0.494082877637088,0.613435913343186,0.00382830291580449,"violation in forward orientation",1,0.487931034482759,1,2360,0.237309840841039,0.609607610427381,0.40742886048655,0.494082877637088,0.613435913343186,0.00382830291580449,"violation",1,3810,0.678758540813325,0.197194593936349,0.476094143349051,0.381141404911013,0.197208592785838,1.39988494890497e-05,"violation"
302,1390,"reverse",0.597457661335307,0.245492398103214,0.496841116116447,0.408379696486311,0.247118813199804,0.00162641509658962,"violation in reverse orientation",1,0.487931034482759,1,3290,0.235251492256057,0.61640741564196,0.408407498920807,0.492223315831227,0.616788844843857,0.000381429201897321,"violation",1,1390,0.597457661335307,0.245492398103214,0.496841116116447,0.408379696486311,0.247118813199804,0.00162641509658962,"violation"
303,2210,"reverse",0.623716893661907,0.22976299184809,0.491825022905667,0.401686877322416,0.230998396277666,0.00123540442957593,"violation in reverse orientation",1,0.487931034482759,1,2360,0.259446893636891,0.569658958971055,0.421699377326657,0.498670308910979,0.577375927103364,0.00771696813230949,"violation",1,2210,0.623716893661907,0.22976299184809,0.491825022905667,0.401686877322416,0.230998396277666,0.00123540442957593,"violation"
304,2140,"reverse",0.593794960808341,0.249331076012588,0.49646558459567,0.414624775253055,0.249367327505982,3.62514933946179e-05,"violation in reverse orientation",1,0.487931034482759,1,3770,0.192579053575108,0.686193720312121,0.377278973763917,0.473637045068479,0.686299794013341,0.000106073701219955,"violation",1,2140,0.593794960808341,0.249331076012588,0.49646558459567,0.414624775253055,0.249367327505982,3.62514933946179e-05,"violation"
305,2950,"forward",0.233138371076044,0.620029603651532,0.406217832350742,0.491802259854554,0.620230997752695,0.000201394101163377,"violation in forward orientation",1,0.487931034482759,1,2950,0.233138371076044,0.620029603651532,0.406217832350742,0.491802259854554,0.620230997752695,0.000201394101163377,"violation",1,9000,0.63241454500568,0.225590841791297,0.486882549783775,0.407308237088326,0.225658949786575,6.81079952778718e-05,"violation"
306,6290,"forward",0.248897632057664,0.594303610661847,0.420965037750023,0.494739681267661,0.594560067688623,0.00025645702677668,"violation in forward orientation",1,0.487931034482759,1,6290,0.248897632057664,0.594303610661847,0.420965037750023,0.494739681267661,0.594560067688623,0.00025645702677668,"violation",1,9190,0.63272622306332,0.225467388269522,0.48677087090268,0.40731598432842,0.225467612120182,2.23850660341363e-07,"violation"
307,7420,"reverse",0.711456401474731,0.176853168728624,0.461534141822025,0.368074547577397,0.177135532775249,0.000282364046625794,"violation in reverse orientation",1,0.487931034482759,1,7770,0.233625331956412,0.61929221942877,0.412106272778321,0.490028862451613,0.619437766476275,0.000145547047505801,"violation",1,7420,0.711456401474731,0.176853168728624,0.461534141822025,0.368074547577397,0.177135532775249,0.000282364046625794,"violation"
308,3470,"forward",0.227812513573742,0.628665295344708,0.403627897623401,0.489720677411872,0.628906513415026,0.000241218070318072,"violation in forward orientation",1,0.487931034482759,1,3470,0.227812513573742,0.628665295344708,0.403627897623401,0.489720677411872,0.628906513415026,0.000241218070318072,"violation",1,7650,0.633402887641779,0.224995771465039,0.486955756551333,0.406139899133806,0.225052210977242,5.64395122026329e-05,"violation"
309,7560,"forward",0.210592841603599,0.656822783041336,0.395670254339858,0.480854292359036,0.656956369013416,0.000133585972079908,"violation in forward orientation",1,0.487931034482759,1,7560,0.210592841603599,0.656822783041336,0.395670254339858,0.480854292359036,0.656956369013416,0.000133585972079908,"violation",0,10050,0.70872300421065,0.181012043660889,0.46173272461723,0.373299810734401,0.178813552260464,-0.00219849140042458,"max_iter reached without violation"
310,2040,"reverse",0.634680289310819,0.224184418512363,0.489897948556636,0.397028563359149,0.224268020212415,8.36017000510614e-05,"violation in reverse orientation",1,0.487931034482759,1,4830,0.233105189161406,0.619134163472424,0.409312947742682,0.49092606967122,0.620285049183854,0.00115088571142974,"violation",1,2040,0.634680289310819,0.224184418512363,0.489897948556636,0.397028563359149,0.224268020212415,8.36017000510614e-05,"violation"
311,1400,"forward",0.224826984347081,0.632911360551007,0.393984745379611,0.491436357911735,0.633769768872959,0.000858408321952275,"violation in forward orientation",1,0.487931034482759,1,1400,0.224826984347081,0.632911360551007,0.393984745379611,0.491436357911735,0.633769768872959,0.000858408321952275,"violation",1,5610,0.680542110054674,0.196068975122758,0.474223789541096,0.382725678317003,0.196113668173327,4.46930505682841e-05,"violation"
312,3840,"reverse",0.62769999594063,0.228547720721449,0.48968416514854,0.404801018371775,0.22855318887107,5.46814962115727e-06,"violation in reverse orientation",1,0.487931034482759,1,6520,0.204018899331876,0.667385726989116,0.389881976629149,0.478064679928238,0.667664943006795,0.000279216017678774,"violation",1,3840,0.62769999594063,0.228547720721449,0.48968416514854,0.404801018371775,0.22855318887107,5.46814962115727e-06,"violation"
313,1910,"reverse",0.560948265091809,0.269219525254931,0.499394112217997,0.42599433890247,0.269531756643872,0.000312231388940321,"violation in reverse orientation",1,0.487931034482759,1,5980,0.213810700036477,0.651492712640689,0.39683014170152,0.482912193627437,0.651714662636269,0.000221949995580673,"violation",1,1910,0.560948265091809,0.269219525254931,0.499394112217997,0.42599433890247,0.269531756643872,0.000312231388940321,"violation"
314,2260,"forward",0.162398071454654,0.734945102795865,0.345881873619975,0.456498872863537,0.735462878639123,0.000517775843257295,"violation in forward orientation",1,0.487931034482759,1,2260,0.162398071454654,0.734945102795865,0.345881873619975,0.456498872863537,0.735462878639123,0.000517775843257295,"violation",1,4860,0.634579501517666,0.224023050628724,0.487638302596737,0.403053595337718,0.224329893355776,0.000306842727051698,"violation"
315,5070,"reverse",0.682565645134108,0.194828952874064,0.473855112586992,0.381101839530347,0.194871429682447,4.24768083825688e-05,"violation in reverse orientation",1,0.487931034482759,1,7220,0.238740080193448,0.611066566269453,0.415141940058717,0.491751995591906,0.611106135669385,3.95693999319935e-05,"violation",1,5070,0.682565645134108,0.194828952874064,0.473855112586992,0.381101839530347,0.194871429682447,4.24768083825688e-05,"violation"
316,4530,"forward",0.23772883338567,0.61266827022409,0.41204945823192,0.492259673722028,0.61275339857786,8.51283537706138e-05,"violation in forward orientation",1,0.487931034482759,1,4530,0.23772883338567,0.61266827022409,0.41204945823192,0.492259673722028,0.61275339857786,8.51283537706138e-05,"violation",1,4940,0.755488838528089,0.150081776761719,0.441967091086544,0.340007402395234,0.150104230619516,2.24538577968947e-05,"violation"
317,6880,"reverse",0.679149794638025,0.196828469890405,0.47409018696291,0.384501908514682,0.19696840393728,0.000139934046874818,"violation in reverse orientation",1,0.487931034482759,1,7630,0.204226556589,0.667157469209818,0.390875349440955,0.477725353102685,0.667326681274145,0.000169212064326518,"violation",1,6880,0.679149794638025,0.196828469890405,0.47409018696291,0.384501908514682,0.19696840393728,0.000139934046874818,"violation"
318,2300,"reverse",0.586951321886693,0.252435662131857,0.497131849326078,0.417152105372864,0.253568604653365,0.00113294252150759,"violation in reverse orientation",1,0.487931034482759,1,3900,0.247986240193573,0.596016345185672,0.41783536295118,0.495183905828649,0.596044672634968,2.83274492955954e-05,"violation",1,2300,0.586951321886693,0.252435662131857,0.497131849326078,0.417152105372864,0.253568604653365,0.00113294252150759,"violation"
319,3360,"reverse",0.632594542106738,0.225184798895536,0.488965451755238,0.401554055791026,0.225548450428568,0.000363651533032111,"violation in reverse orientation",1,0.487931034482759,1,6750,0.193343554195688,0.684806475616372,0.381574645222325,0.472184312203781,0.685054466457199,0.00024799084082705,"violation",1,3360,0.632594542106738,0.225184798895536,0.488965451755238,0.401554055791026,0.225548450428568,0.000363651533032111,"violation"
320,4020,"forward",0.209971088607472,0.657850211777975,0.391552086964199,0.48223681961185,0.657969168896565,0.000118957118590002,"violation in forward orientation",1,0.487931034482759,1,4020,0.209971088607472,0.657850211777975,0.391552086964199,0.48223681961185,0.657969168896565,0.000118957118590002,"violation",1,7760,0.623135461676308,0.23127176971245,0.489229282727119,0.410518045597882,0.231355334588091,8.35648756409568e-05,"violation"
321,4740,"forward",0.245512616905386,0.599984283865745,0.417373752436447,0.49429488314301,0.600074062751037,8.97788852922687e-05,"violation in forward orientation",1,0.487931034482759,1,4740,0.245512616905386,0.599984283865745,0.417373752436447,0.49429488314301,0.600074062751037,8.97788852922687e-05,"violation",1,6780,0.64430702411295,0.218131068648335,0.484520143807123,0.400662189761704,0.218358213837306,0.000227145188971212,"violation"
322,2390,"forward",0.21286802130856,0.65306910430949,0.389935038013007,0.485157945594841,0.653250232084955,0.000181127775464862,"violation in forward orientation",1,0.487931034482759,1,2390,0.21286802130856,0.65306910430949,0.389935038013007,0.485157945594841,0.653250232084955,0.000181127775464862,"violation",1,4630,0.668825793132912,0.203094096562656,0.478601579832813,0.387145639212691,0.203306259000873,0.000212162438216978,"violation"
323,1290,"reverse",0.586966597028792,0.253285306672832,0.498043766443946,0.412770862426962,0.25355922731681,0.000273920643977688,"violation in reverse orientation",1,0.487931034482759,1,4160,0.226062845224863,0.631745410211271,0.403561025718899,0.488632747005362,0.63175662255858,1.12123473092751e-05,"violation",1,1290,0.586966597028792,0.253285306672832,0.498043766443946,0.412770862426962,0.25355922731681,0.000273920643977688,"violation"
324,1760,"forward",0.248689293604628,0.593667160629864,0.412623244173461,0.49682586235018,0.594899439050249,0.00123227842038498,"violation in forward orientation",1,0.487931034482759,1,1760,0.248689293604628,0.593667160629864,0.412623244173461,0.49682586235018,0.594899439050249,0.00123227842038498,"violation",1,6580,0.667488334546901,0.204077445853516,0.478008222476525,0.38997739309505,0.204127318419306,4.98725657906152e-05,"violation"
325,360,"forward",0.309388473689454,0.482611625639429,0.429757324573638,0.491525403435288,0.496023964577087,0.0134123389376574,"violation in forward orientation",1,0.487931034482759,1,360,0.309388473689454,0.482611625639429,0.429757324573638,0.491525403435288,0.496023964577087,0.0134123389376574,"violation",1,4000,0.584583962921578,0.2548536858246,0.496624606720207,0.422267613605401,0.255021914980466,0.000168229155865396,"violation"
326,6850,"reverse",0.62663990255735,0.229187687474746,0.488701236663023,0.408498352690021,0.229203975120352,1.62876456066552e-05,"violation in reverse orientation",1,0.487931034482759,1,7840,0.241532513482876,0.606440096490383,0.417330078466627,0.492464496380959,0.606557422391199,0.000117325900816034,"violation",1,6850,0.62663990255735,0.229187687474746,0.488701236663023,0.408498352690021,0.229203975120352,1.62876456066552e-05,"violation"
327,2390,"forward",0.242726076448123,0.604339246460378,0.411155732364719,0.494854389625475,0.604613176944434,0.000273930484055995,"violation in forward orientation",1,0.487931034482759,1,2390,0.242726076448123,0.604339246460378,0.411155732364719,0.494854389625475,0.604613176944434,0.000273930484055995,"violation",1,8260,0.686478798515294,0.192136252463364,0.471003500640524,0.381666655380698,0.192469163568937,0.00033291110557282,"violation"
328,3960,"reverse",0.62758168763599,0.228589040221701,0.489638520259993,0.405023976435474,0.228625817772495,3.6777550793704e-05,"violation in reverse orientation",1,0.487931034482759,1,5530,0.185687833839167,0.69750996941802,0.374020372844801,0.468154844471506,0.697525194754139,1.52253361186405e-05,"violation",1,3960,0.62758168763599,0.228589040221701,0.489638520259993,0.405023976435474,0.228625817772495,3.6777550793704e-05,"violation"
329,5800,"reverse",0.573013419440001,0.261912648493678,0.49747636013601,0.428439603048279,0.262125016191456,0.000212367697778382,"violation in reverse orientation",1,0.487931034482759,1,5950,0.205820448930791,0.664128774114228,0.390765844285778,0.479307458880423,0.664730322289832,0.000601548175603761,"violation",1,5800,0.573013419440001,0.261912648493678,0.49747636013601,0.428439603048279,0.262125016191456,0.000212367697778382,"violation"
330,6290,"forward",0.201474562478196,0.671569470060883,0.387696678104337,0.476844424466264,0.671809521455394,0.000240051394510332,"violation in forward orientation",1,0.487931034482759,1,6290,0.201474562478196,0.671569470060883,0.387696678104337,0.476844424466264,0.671809521455394,0.000240051394510332,"violation",1,6780,0.655533263542467,0.21066725926247,0.481483886695202,0.39516384827267,0.211466479234378,0.000799219971907378,"violation"
331,4720,"forward",0.24040248483564,0.608329986670968,0.414045662128577,0.492946832474511,0.608398174086817,6.81874158484641e-05,"violation in forward orientation",1,0.487931034482759,1,4720,0.24040248483564,0.608329986670968,0.414045662128577,0.492946832474511,0.608398174086817,6.81874158484641e-05,"violation",1,8450,0.632624526130894,0.225334981769674,0.486949447801433,0.406844026074449,0.225530043379787,0.000195061610112734,"violation"
332,2340,"reverse",0.625158294702063,0.229880397705159,0.49140542319029,0.402226208748102,0.230113527084602,0.000233129379442587,"violation in reverse orientation",1,0.487931034482759,1,7030,0.214612815059399,0.649924374239311,0.398282869205899,0.482953342685698,0.650408063381342,0.000483689142030674,"violation",1,2340,0.625158294702063,0.229880397705159,0.49140542319029,0.402226208748102,0.230113527084602,0.000233129379442587,"violation"
333,130,"forward",0.734248022778746,0.163028922532706,0.48650425541052,0.289459811111181,0.163143865647188,0.00011494311448218,"violation in forward orientation",1,0.487931034482759,1,130,0.734248022778746,0.163028922532706,0.48650425541052,0.289459811111181,0.163143865647188,0.00011494311448218,"violation",1,1390,0.623056273030181,0.229460596213453,0.493227777077428,0.39727671380267,0.23140394811857,0.00194335190511755,"violation"
334,3630,"forward",0.209068409570051,0.659370822539529,0.390174461186892,0.482122313198319,0.659439581149207,6.87586096772552e-05,"violation in forward orientation",1,0.487931034482759,1,3630,0.209068409570051,0.659370822539529,0.390174461186892,0.482122313198319,0.659439581149207,6.87586096772552e-05,"violation",1,5820,0.628246665449071,0.227929217266796,0.488669097692493,0.406793464206335,0.228217591078831,0.000288373812035031,"violation"
335,6780,"reverse",0.69450767270954,0.187454380253494,0.468622300328256,0.376717618578618,0.187540276165952,8.58959124581393e-05,"violation in reverse orientation",1,0.487931034482759,1,7040,0.22456829317989,0.634130734436015,0.405434655418169,0.486948703397436,0.634191161910925,6.04274749100853e-05,"violation",1,6780,0.69450767270954,0.187454380253494,0.468622300328256,0.376717618578618,0.187540276165952,8.58959124581393e-05,"violation"
336,4720,"forward",0.181607215134486,0.703818865632518,0.369489338743335,0.466279627054569,0.704172288009855,0.000353422377337043,"violation in forward orientation",1,0.487931034482759,1,4720,0.181607215134486,0.703818865632518,0.369489338743335,0.466279627054569,0.704172288009855,0.000353422377337043,"violation",1,5020,0.629199243106983,0.227541712834581,0.488769244814557,0.40571048593406,0.227632808218263,9.10953836820994e-05,"violation"
337,120,"forward",0.230215830491362,0.610230297686019,0.348707932548461,0.499722145018832,0.624991648334361,0.0147613506483423,"violation in forward orientation",1,0.487931034482759,1,120,0.230215830491362,0.610230297686019,0.348707932548461,0.499722145018832,0.624991648334361,0.0147613506483423,"violation",1,4580,0.629334191858819,0.227494494274721,0.488939613659767,0.405146051409221,0.227549963826026,5.54695513043935e-05,"violation"
338,4000,"reverse",0.68560277055464,0.189845592801274,0.473624257719133,0.375413022549831,0.193006952937093,0.00316136013581889,"violation in reverse orientation",1,0.487931034482759,1,5780,0.253017772522079,0.587330251090957,0.423097938164901,0.495818019473884,0.587848595758593,0.000518344667636117,"violation",1,4000,0.68560277055464,0.189845592801274,0.473624257719133,0.375413022549831,0.193006952937093,0.00316136013581889,"violation"
339,3280,"reverse",0.624850394997741,0.229919548580762,0.490630535563296,0.404722710246377,0.230302545237994,0.00038299665723171,"violation in reverse orientation",1,0.487931034482759,1,4220,0.231031031097284,0.623540102351508,0.407105625396321,0.490328453048572,0.62366373341708,0.000123631065571561,"violation",1,3280,0.624850394997741,0.229919548580762,0.490630535563296,0.404722710246377,0.230302545237994,0.00038299665723171,"violation"
340,1390,"forward",0.236340276235875,0.613825600760784,0.402142185750473,0.494692078544743,0.61501527834011,0.00118967757932609,"violation in forward orientation",1,0.487931034482759,1,1390,0.236340276235875,0.613825600760784,0.402142185750473,0.494692078544743,0.61501527834011,0.00118967757932609,"violation",1,4760,0.601712105422979,0.244501283520496,0.494019696388172,0.416749485684425,0.244507030356643,5.74683614615323e-06,"violation"
341,5570,"reverse",0.628205454641495,0.227958856051783,0.488767625524453,0.406577687499366,0.228242890196169,0.000284034144385686,"violation in reverse orientation",1,0.487931034482759,1,7380,0.219697112249819,0.641969429530962,0.402218511940275,0.484933944790267,0.642126035578615,0.000156606047652552,"violation",1,5570,0.628205454641495,0.227958856051783,0.488767625524453,0.406577687499366,0.228242890196169,0.000284034144385686,"violation"
342,6940,"reverse",0.686952176293933,0.192168913303196,0.471336551017168,0.380766217523141,0.192178559218496,9.64591529997727e-06,"violation in reverse orientation",1,0.487931034482759,0,10050,0.218100134833099,0.645238590791977,0.402515099698151,0.483454121839463,0.644727419972612,-0.000511170819365581,"max_iter reached without violation",1,6940,0.686952176293933,0.192168913303196,0.471336551017168,0.380766217523141,0.192178559218496,9.64591529997727e-06,"violation"
343,2120,"forward",0.193463035599239,0.684610372262083,0.373379672519114,0.476522265173542,0.684859838120369,0.000249465858285447,"violation in forward orientation",1,0.487931034482759,1,2120,0.193463035599239,0.684610372262083,0.373379672519114,0.476522265173542,0.684859838120369,0.000249465858285447,"violation",1,8390,0.671797977228224,0.201390742867688,0.47600311206556,0.389150907052793,0.201481649423949,9.09065562614275e-05,"violation"
344,6450,"forward",0.214853489961446,0.64975960913029,0.398009620428009,0.48319848550637,0.650016017803455,0.000256408673164565,"violation in forward orientation",1,0.487931034482759,1,6450,0.214853489961446,0.64975960913029,0.398009620428009,0.48319848550637,0.650016017803455,0.000256408673164565,"violation",1,9780,0.654290179062261,0.212058856978575,0.481006146080565,0.397992261763826,0.212229602841387,0.0001707458628116,"violation"
345,4000,"reverse",0.658061440827781,0.208653851967503,0.482192842647006,0.390512403772275,0.209914443310957,0.00126059134345408,"violation in reverse orientation",1,0.487931034482759,1,4230,0.186160416569235,0.696659470822937,0.372677996249965,0.46944670269814,0.69675538465789,9.59138349534427e-05,"violation",1,4000,0.658061440827781,0.208653851967503,0.482192842647006,0.390512403772275,0.209914443310957,0.00126059134345408,"violation"
346,2020,"reverse",0.548401132906033,0.277171064882959,0.499834302511993,0.430993408425312,0.277234380981712,6.33160987529302e-05,"violation in reverse orientation",1,0.487931034482759,1,6210,0.225837419973061,0.632073991827864,0.405682063289218,0.487680833743312,0.632123827332994,4.9835505130158e-05,"violation",1,2020,0.548401132906033,0.277171064882959,0.499834302511993,0.430993408425312,0.277234380981712,6.33160987529302e-05,"violation"
347,2250,"reverse",0.714726820584012,0.174500815932813,0.465263711230152,0.357289107268665,0.175127838152039,0.00062702221922592,"violation in reverse orientation",1,0.487931034482759,1,3510,0.188920026694254,0.69218414701314,0.373694158759806,0.471805882305423,0.692260138427367,7.59914142267615e-05,"violation",1,2250,0.714726820584012,0.174500815932813,0.465263711230152,0.357289107268665,0.175127838152039,0.00062702221922592,"violation"
348,4260,"forward",0.249085104045966,0.593676607959247,0.419042423523209,0.495376304883706,0.594254686598336,0.000578078639089097,"violation in forward orientation",1,0.487931034482759,1,4260,0.249085104045966,0.593676607959247,0.419042423523209,0.495376304883706,0.594254686598336,0.000578078639089097,"violation",1,4320,0.647362854533189,0.216411258122981,0.484831649539365,0.396840823112856,0.216482254182244,7.0996059263001e-05,"violation"
349,4000,"reverse",0.626718412140887,0.227648875844863,0.489795620641916,0.404430463738824,0.229155778463144,0.00150690261828137,"violation in reverse orientation",1,0.487931034482759,1,5550,0.261451516306658,0.574068369471293,0.427957324737082,0.497411561490832,0.574110512029621,4.21425583277957e-05,"violation",1,4000,0.626718412140887,0.227648875844863,0.489795620641916,0.404430463738824,0.229155778463144,0.00150690261828137,"violation"
350,4040,"reverse",0.640304767853754,0.22080900982469,0.486746962627297,0.399628233766106,0.220815179780751,6.16995606178561e-06,"violation in reverse orientation",1,0.487931034482759,1,5000,0.237122336468247,0.61321675043503,0.412202620079009,0.491979023943095,0.613741347185944,0.000524596750914763,"violation",1,4040,0.640304767853754,0.22080900982469,0.486746962627297,0.399628233766106,0.220815179780751,6.16995606178561e-06,"violation"
351,5280,"forward",0.229088462425777,0.626758289247862,0.407065297597651,0.489189697272291,0.626828066095438,6.97768475760308e-05,"violation in forward orientation",1,0.487931034482759,1,5280,0.229088462425777,0.626758289247862,0.407065297597651,0.489189697272291,0.626828066095438,6.97768475760308e-05,"violation",1,7640,0.583148908307418,0.255806248088609,0.496037034688291,0.426074745165645,0.255902888133016,9.66400444060711e-05,"violation"
352,4150,"forward",0.254303974030665,0.585691335479127,0.422139584737985,0.496444960767035,0.585753447450959,6.21119718325902e-05,"violation in forward orientation",1,0.487931034482759,1,4150,0.254303974030665,0.585691335479127,0.422139584737985,0.496444960767035,0.585753447450959,6.21119718325902e-05,"violation",1,5550,0.677537379719651,0.197776318739727,0.475265349913608,0.384037305765713,0.197958257730886,0.000181938991158398,"violation"
353,7420,"reverse",0.656468461326144,0.21074767986699,0.481000514301287,0.395691462775058,0.210892365795339,0.000144685928349597,"violation in reverse orientation",1,0.487931034482759,1,8030,0.198197279265521,0.676946726842311,0.386412096832124,0.474410278455868,0.677148027382217,0.000201300539906191,"violation",1,7420,0.656468461326144,0.21074767986699,0.481000514301287,0.395691462775058,0.210892365795339,0.000144685928349597,"violation"
354,2050,"reverse",0.666739614153857,0.204557907005909,0.482073895713115,0.3821427423755,0.204586954281614,2.90472757049909e-05,"violation in reverse orientation",1,0.487931034482759,1,4010,0.213082792807644,0.652793801448063,0.393888675743287,0.483619786310315,0.652900381661184,0.000106580213121155,"violation",1,2050,0.666739614153857,0.204557907005909,0.482073895713115,0.3821427423755,0.204586954281614,2.90472757049909e-05,"violation"
355,2900,"reverse",0.619733414378474,0.23310635401614,0.491896279778017,0.406075149877944,0.233443835125647,0.000337481109507431,"violation in reverse orientation",1,0.487931034482759,1,3400,0.246464037654877,0.59834266750626,0.416023251778986,0.495075751779463,0.598524253051828,0.000181585545567464,"violation",1,2900,0.619733414378474,0.23310635401614,0.491896279778017,0.406075149877944,0.233443835125647,0.000337481109507431,"violation"
356,6780,"reverse",0.698715506080734,0.183780314112824,0.467008771710148,0.373598878287427,0.184957107418333,0.00117679330550866,"violation in reverse orientation",1,0.487931034482759,1,7490,0.226425646358141,0.630953746153479,0.407032288647076,0.487565548917974,0.631165640371636,0.000211894218157149,"violation",1,6780,0.698715506080734,0.183780314112824,0.467008771710148,0.373598878287427,0.184957107418333,0.00117679330550866,"violation"
357,140,"reverse",0.522975342090722,0.285876857552741,0.491301893971933,0.394541842275471,0.292843152152935,0.00696629460019399,"violation in reverse orientation",1,0.487931034482759,1,6780,0.270301173438243,0.558630607137455,0.433945361994467,0.498616615497848,0.559694929371215,0.00106432223376085,"violation",1,140,0.522975342090722,0.285876857552741,0.491301893971933,0.394541842275471,0.292843152152935,0.00696629460019399,"violation"
358,1870,"forward",0.254116460011317,0.585198262373586,0.416610146108842,0.497626267938351,0.586058897007402,0.000860634633816582,"violation in forward orientation",1,0.487931034482759,1,1870,0.254116460011317,0.585198262373586,0.416610146108842,0.497626267938351,0.586058897007402,0.000860634633816582,"violation",1,5690,0.652569044058749,0.21323543919076,0.482742732043212,0.396126277294933,0.213286199374401,5.07601836407245e-05,"violation"
359,3180,"reverse",0.635355277771688,0.223214160124697,0.488503465143757,0.399763957687813,0.223853648030033,0.0006394879053358,"violation in reverse orientation",1,0.487931034482759,1,4000,0.239064913860645,0.609888786621205,0.412202620079009,0.49297844780477,0.610577000301758,0.00068821368055294,"violation",1,3180,0.635355277771688,0.223214160124697,0.488503465143757,0.399763957687813,0.223853648030033,0.0006394879053358,"violation"
360,2520,"reverse",0.662230921079048,0.20716081042048,0.482546861893125,0.385962221900919,0.207354819359918,0.000194008939438634,"violation in reverse orientation",1,0.487931034482759,1,4000,0.184869031497596,0.697131189605845,0.371180549059349,0.469484824035879,0.698858976691711,0.00172778708586607,"violation",1,2520,0.662230921079048,0.20716081042048,0.482546861893125,0.385962221900919,0.207354819359918,0.000194008939438634,"violation"
361,8290,"forward",0.190079804075475,0.690013845481777,0.379992896013337,0.469700066931065,0.690370927754484,0.000357082272706366,"violation in forward orientation",1,0.487931034482759,1,8290,0.190079804075475,0.690013845481777,0.379992896013337,0.469700066931065,0.690370927754484,0.000357082272706366,"violation",0,10050,0.671127160712678,0.208284016405415,0.475780069036341,0.395297924354261,0.201893460469084,-0.00639055593633148,"max_iter reached without violation"
362,1780,"reverse",0.600101158181042,0.244788552978402,0.496025104129087,0.41015814735931,0.245495983150715,0.000707430172313533,"violation in reverse orientation",1,0.487931034482759,1,6790,0.222525849299639,0.637411797770879,0.403814577745935,0.486239602464009,0.637518185562026,0.000106387791147355,"violation",1,1780,0.600101158181042,0.244788552978402,0.496025104129087,0.41015814735931,0.245495983150715,0.000707430172313533,"violation"
363,5030,"forward",0.208133112618297,0.660198657463351,0.391560726903073,0.480927662451304,0.660963126108937,0.000764468645585548,"violation in forward orientation",1,0.487931034482759,1,5030,0.208133112618297,0.660198657463351,0.391560726903073,0.480927662451304,0.660963126108937,0.000764468645585548,"violation",1,5190,0.650222252336677,0.214634960566889,0.483608686447686,0.396637619737083,0.214726883569533,9.19230026432127e-05,"violation"
364,4400,"forward",0.246489989571262,0.598185057643325,0.417582327212252,0.494682467651374,0.598481978872136,0.00029692122881142,"violation in forward orientation",1,0.487931034482759,1,4400,0.246489989571262,0.598185057643325,0.417582327212252,0.494682467651374,0.598481978872136,0.00029692122881142,"violation",1,7160,0.6213089886935,0.232231399543638,0.489754885161027,0.410783584510847,0.23247659760194,0.000245198058301893,"violation"
365,820,"reverse",0.574126666695635,0.261440297657698,0.499517911552656,0.413087142752514,0.261441599034586,1.30137688814091e-06,"violation in reverse orientation",1,0.487931034482759,0,10050,0.231372520484319,0.628178850669632,0.411733839194405,0.487671264070839,0.623107466839452,-0.00507138383018013,"max_iter reached without violation",1,820,0.574126666695635,0.261440297657698,0.499517911552656,0.413087142752514,0.261441599034586,1.30137688814091e-06,"violation"
366,4120,"forward",0.205735527165158,0.664713059236588,0.388455006909746,0.480197698234946,0.664868654963491,0.000155595726903046,"violation in forward orientation",1,0.487931034482759,1,4120,0.205735527165158,0.664713059236588,0.388455006909746,0.480197698234946,0.664868654963491,0.000155595726903046,"violation",1,8620,0.609074156283738,0.239785336687879,0.491850278767034,0.416623731151329,0.239987502603457,0.000202165915577729,"violation"
367,6670,"reverse",0.608889539167017,0.240050270975421,0.492274220337115,0.415617217694284,0.240100838166945,5.05671915241035e-05,"violation in reverse orientation",1,0.487931034482759,1,7900,0.184128379339012,0.699968932612439,0.374740737167623,0.466034950994869,0.700065456474423,9.6523861983222e-05,"violation",1,6670,0.608889539167017,0.240050270975421,0.492274220337115,0.415617217694284,0.240100838166945,5.05671915241035e-05,"violation"
368,2910,"reverse",0.562426490001391,0.26842967614028,0.498977592156961,0.428455642315801,0.268624281453783,0.000194605313503626,"violation in reverse orientation",1,0.487931034482759,1,3200,0.189750058769684,0.690870824914524,0.373699698747203,0.472641761141565,0.690908063898988,3.72389844638388e-05,"violation",1,2910,0.562426490001391,0.26842967614028,0.498977592156961,0.428455642315801,0.268624281453783,0.000194605313503626,"violation"
369,4740,"forward",0.226086941245409,0.631128256679663,0.40436296702921,0.488471301396425,0.631717371526507,0.000589114846843986,"violation in forward orientation",1,0.487931034482759,1,4740,0.226086941245409,0.631128256679663,0.40436296702921,0.488471301396425,0.631717371526507,0.000589114846843986,"violation",1,6780,0.615530269939739,0.234551524107443,0.491008687366292,0.412074968449338,0.236024125360093,0.00147260125265075,"violation"
370,5320,"forward",0.20363207650525,0.667879681855221,0.38841950804405,0.478479132787746,0.668295055151082,0.000415373295861055,"violation in forward orientation",1,0.487931034482759,1,5320,0.20363207650525,0.667879681855221,0.38841950804405,0.478479132787746,0.668295055151082,0.000415373295861055,"violation",1,6190,0.643643483289536,0.218545980245913,0.484894931371144,0.400483838067703,0.218765558369898,0.000219578123984154,"violation"
371,4000,"forward",0.242692378203217,0.601709796261541,0.414583827470392,0.494305004526557,0.604668069447912,0.00295827318637076,"violation in forward orientation",1,0.487931034482759,1,4000,0.242692378203217,0.601709796261541,0.414583827470392,0.494305004526557,0.604668069447912,0.00295827318637076,"violation",1,4400,0.62251253005772,0.23119685063708,0.490446751981217,0.407469957823795,0.231737749324391,0.000540898687311803,"violation"
372,6780,"reverse",0.625326044809801,0.226650452751742,0.489005365610823,0.406697803044462,0.230010546097121,0.00336009334537932,"violation in reverse orientation",1,0.487931034482759,1,8790,0.225989831320548,0.631796827719801,0.407478231904405,0.487070776208145,0.631875558010793,7.87302909919241e-05,"violation",1,6780,0.625326044809801,0.226650452751742,0.489005365610823,0.406697803044462,0.230010546097121,0.00336009334537932,"violation"
373,4000,"forward",0.228428003790339,0.623998186742163,0.404974613401877,0.490351850715382,0.627903915239654,0.00390572849749182,"violation in forward orientation",1,0.487931034482759,1,4000,0.228428003790339,0.623998186742163,0.404974613401877,0.490351850715382,0.627903915239654,0.00390572849749182,"violation",1,6950,0.662155546792188,0.20738332833663,0.479493029720388,0.392811684673409,0.207401091273517,1.77629368875165e-05,"violation"
374,2360,"reverse",0.615476039372483,0.230647692387005,0.493125500521499,0.402831965413021,0.236057417245523,0.0054097248585184,"violation in reverse orientation",1,0.487931034482759,1,4510,0.229346811072249,0.626052825207562,0.406341840908734,0.489670339525286,0.62640723100403,0.000354405796468393,"violation",1,2360,0.615476039372483,0.230647692387005,0.493125500521499,0.402831965413021,0.236057417245523,0.0054097248585184,"violation"
375,60,"forward",0.677962140771975,0.181705607971508,0.5,0.276385399196283,0.197697498955816,0.0159918909843079,"violation in forward orientation",1,0.487931034482759,1,60,0.677962140771975,0.181705607971508,0.5,0.276385399196283,0.197697498955816,0.0159918909843079,"violation",1,4000,0.662494163010551,0.20552442995355,0.480936001459654,0.388094624415232,0.207193216399313,0.00166878644576249,"violation"
376,4320,"forward",0.210631661931274,0.656724382708053,0.392520247964011,0.482339813189329,0.656893132931599,0.000168750223546565,"violation in forward orientation",1,0.487931034482759,1,4320,0.210631661931274,0.656724382708053,0.392520247964011,0.482339813189329,0.656893132931599,0.000168750223546565,"violation",1,6800,0.677611562938365,0.197887594146706,0.474643350900055,0.385286006874667,0.197912717008316,2.51228616099941e-05,"violation"
377,990,"forward",0.236327213808156,0.612360083278482,0.398476846970657,0.495803221660281,0.615036556283843,0.00267647300536167,"violation in forward orientation",1,0.487931034482759,1,990,0.236327213808156,0.612360083278482,0.398476846970657,0.495803221660281,0.615036556283843,0.00267647300536167,"violation",1,6610,0.702997799440906,0.181986886464241,0.465404333188619,0.371909436989713,0.182328228040205,0.000341341575964133,"violation"
378,1490,"forward",0.245107978955417,0.598510281164605,0.408781583214742,0.496578990808993,0.600733194706974,0.00222291354236925,"violation in forward orientation",1,0.487931034482759,1,1490,0.245107978955417,0.598510281164605,0.408781583214742,0.496578990808993,0.600733194706974,0.00222291354236925,"violation",1,3530,0.600406965146057,0.245231811656426,0.494712713412587,0.415466015900738,0.245308249719958,7.64380635318584e-05,"violation"
379,4000,"reverse",0.637096778183195,0.221411716263633,0.487523332774956,0.4,0.222784549270618,0.0013728330069849,"violation in reverse orientation",1,0.487931034482759,1,7530,0.187531680670511,0.69433670302892,0.377361975611594,0.468362443746082,0.694521674277417,0.000184971248497257,"violation",1,4000,0.637096778183195,0.221411716263633,0.487523332774956,0.4,0.222784549270618,0.0013728330069849,"violation"
380,4390,"reverse",0.588647673433923,0.251983520311599,0.49600267007363,0.421022352366586,0.252527222565429,0.000543702253829492,"violation in reverse orientation",1,0.487931034482759,1,7890,0.222826694382764,0.636886151554193,0.404767272976919,0.486061193421928,0.637028126218632,0.000141974664438882,"violation",1,4390,0.588647673433923,0.251983520311599,0.49600267007363,0.421022352366586,0.252527222565429,0.000543702253829492,"violation"
381,4060,"forward",0.223841124663131,0.634829324470887,0.401835496038349,0.48800407517108,0.635375677616343,0.000546353145455925,"violation in forward orientation",1,0.487931034482759,1,4060,0.223841124663131,0.634829324470887,0.401835496038349,0.48800407517108,0.635375677616343,0.000546353145455925,"violation",1,7310,0.623288448327124,0.230923486765711,0.489302760822631,0.409998918013301,0.231261416816086,0.000337930050375856,"violation"
382,5800,"forward",0.239197363704012,0.609846101521672,0.414362790314987,0.492330114593886,0.610361247122084,0.000515145600412104,"violation in forward orientation",1,0.487931034482759,1,5800,0.239197363704012,0.609846101521672,0.414362790314987,0.492330114593886,0.610361247122084,0.000515145600412104,"violation",0,10050,0.660699813988004,0.211557519946765,0.47905982856897,0.397743692034648,0.208294758667857,-0.00326276127890762,"max_iter reached without violation"
383,3300,"forward",0.203538229863016,0.667523228083688,0.385193832164957,0.480088280066785,0.668447925935591,0.000924697851903522,"violation in forward orientation",1,0.487931034482759,1,3300,0.203538229863016,0.667523228083688,0.385193832164957,0.480088280066785,0.668447925935591,0.000924697851903522,"violation",1,6770,0.630905149284363,0.226218272541867,0.487773243140761,0.406390208354679,0.226585560588653,0.00036728804678629,"violation"
384,4000,"forward",0.209696541351757,0.651654357320369,0.391309899568104,0.483928649182914,0.658416390591095,0.006762033270726,"violation in forward orientation",1,0.487931034482759,1,4000,0.209696541351757,0.651654357320369,0.391309899568104,0.483928649182914,0.658416390591095,0.006762033270726,"violation",1,5950,0.713567962300543,0.175779772715384,0.461414453381885,0.365824910665953,0.175839255700383,5.94829849991374e-05,"violation"
385,3180,"forward",0.189594045765029,0.690715732100548,0.373519651036005,0.472721740471498,0.691162200113641,0.000446468013093004,"violation in forward orientation",1,0.487931034482759,1,3180,0.189594045765029,0.690715732100548,0.373519651036005,0.472721740471498,0.691162200113641,0.000446468013093004,"violation",1,5380,0.61473130514914,0.236434417375446,0.491565795693972,0.412143905253235,0.236514606017349,8.0188641902984e-05,"violation"
386,5960,"reverse",0.575926262723071,0.260010418671386,0.497145017853122,0.427450265073378,0.260336835654877,0.000326416983491562,"violation in reverse orientation",1,0.487931034482759,1,7310,0.212455826515825,0.653620189862771,0.396888872548128,0.48184390557743,0.653921673703278,0.000301483840506989,"violation",1,5960,0.575926262723071,0.260010418671386,0.497145017853122,0.427450265073378,0.260336835654877,0.000326416983491562,"violation"
387,3650,"forward",0.202504906344719,0.669918676256966,0.385097609557916,0.479028854321594,0.670131150536205,0.00021247427923865,"violation in forward orientation",1,0.487931034482759,1,3650,0.202504906344719,0.669918676256966,0.385097609557916,0.479028854321594,0.670131150536205,0.00021247427923865,"violation",1,3690,0.601888541936105,0.244387708418616,0.494414717917884,0.41519534439495,0.24439871682651,1.10084078938921e-05,"violation"
388,80,"forward",0.913978878076396,0.0468507967519744,0.409076704298839,0.111102430216445,0.052807954637496,0.00595715788552161,"violation in forward orientation",1,0.487931034482759,1,80,0.913978878076396,0.0468507967519744,0.409076704298839,0.111102430216445,0.052807954637496,0.00595715788552161,"violation",1,7440,0.606289568639265,0.241468016665616,0.492568174578606,0.417050118389504,0.241696947617951,0.000228930952334727,"violation"
389,1060,"reverse",0.724677956346209,0.167863732836711,0.466037735849057,0.342628210198224,0.169018883581691,0.00115515074497971,"violation in reverse orientation",1,0.487931034482759,1,4000,0.219591137830643,0.639565947790843,0.398681498818292,0.48694737908731,0.642298661814478,0.00273271402363484,"violation",1,1060,0.724677956346209,0.167863732836711,0.466037735849057,0.342628210198224,0.169018883581691,0.00115515074497971,"violation"
390,1170,"forward",0.256736344732811,0.581409846953823,0.414015011957754,0.498647451055505,0.581791255425742,0.000381408471918476,"violation in forward orientation",1,0.487931034482759,1,1170,0.256736344732811,0.581409846953823,0.414015011957754,0.498647451055505,0.581791255425742,0.000381408471918476,"violation",1,6780,0.647224112665832,0.212953048788922,0.48375897067602,0.396869082569262,0.216567427149928,0.00361437836100575,"violation"
391,7130,"forward",0.185239122797216,0.698230146923262,0.375126840139467,0.467036377170896,0.698256119242942,2.59723196790462e-05,"violation in forward orientation",1,0.487931034482759,1,7130,0.185239122797216,0.698230146923262,0.375126840139467,0.467036377170896,0.698256119242942,2.59723196790462e-05,"violation",0,10050,0.668472026763114,0.206851388470504,0.476639775519248,0.39421504266563,0.203523434480462,-0.00332795399004185,"max_iter reached without violation"
392,4000,"reverse",0.637590669931343,0.222451758877641,0.487409222317346,0.400748050525514,0.222481351492575,2.95926149339876e-05,"violation in reverse orientation",1,0.487931034482759,1,5950,0.200593131222499,0.673077673250377,0.386687189544377,0.476517982614614,0.673245322293243,0.000167649042866147,"violation",1,4000,0.637590669931343,0.222451758877641,0.487409222317346,0.400748050525514,0.222481351492575,2.95926149339876e-05,"violation"
393,3430,"forward",0.197514668133226,0.67820908582373,0.380651407753006,0.476647496918006,0.67825996167016,5.0875846430265e-05,"violation in forward orientation",1,0.487931034482759,1,3430,0.197514668133226,0.67820908582373,0.380651407753006,0.476647496918006,0.67825996167016,5.0875846430265e-05,"violation",1,7280,0.739223408755772,0.159916496116994,0.448769748729472,0.352294623120039,0.160089500032053,0.000173003915058811,"violation"
394,2380,"forward",0.190217857579307,0.689061987439276,0.371672797002846,0.474524913030545,0.690146046534094,0.00108405909481801,"violation in forward orientation",1,0.487931034482759,1,2380,0.190217857579307,0.689061987439276,0.371672797002846,0.474524913030545,0.690146046534094,0.00108405909481801,"violation",1,8470,0.681367201823625,0.195373456584084,0.472750389540545,0.384423289666315,0.195607148289231,0.000233691705146616,"violation"
395,650,"reverse",0.653679151572564,0.210919569291722,0.490515970341194,0.373592823315888,0.212604709689991,0.00168514039826953,"violation in reverse orientation",1,0.487931034482759,1,4470,0.22509526870072,0.633235034578187,0.403316928283616,0.48813523083611,0.633332749085826,9.77145076396235e-05,"violation",1,650,0.653679151572564,0.210919569291722,0.490515970341194,0.373592823315888,0.212604709689991,0.00168514039826953,"violation"
396,3280,"forward",0.240076636727038,0.608256246193427,0.411623643206557,0.49362750176596,0.608928961921171,0.000672715727743967,"violation in forward orientation",1,0.487931034482759,1,3280,0.240076636727038,0.608256246193427,0.411623643206557,0.49362750176596,0.608928961921171,0.000672715727743967,"violation",1,5860,0.673488328183676,0.200433646939706,0.476429577710784,0.386473337745174,0.200443951070558,1.03041308528451e-05,"violation"
397,820,"reverse",0.592300262804786,0.245723071177483,0.498377796773169,0.402717937347311,0.250284915449541,0.00456184427205836,"violation in reverse orientation",1,0.487931034482759,1,4630,0.235824826011161,0.615276300572015,0.410904729191538,0.491742144200182,0.615854917120481,0.000578616548466582,"violation",1,820,0.592300262804786,0.245723071177483,0.498377796773169,0.402717937347311,0.250284915449541,0.00456184427205836,"violation"
398,3150,"forward",0.252064616941538,0.58933039318602,0.419088983047474,0.496386945839634,0.58940123139784,7.0838211820079e-05,"violation in forward orientation",1,0.487931034482759,1,3150,0.252064616941538,0.58933039318602,0.419088983047474,0.496386945839634,0.58940123139784,7.0838211820079e-05,"violation",1,3480,0.616408578432615,0.235246844685912,0.492104392101504,0.408773432822742,0.235484935984131,0.000238091298219723,"violation"
399,2300,"forward",0.298092751088145,0.513639236646874,0.44305414502669,0.499599839871872,0.514424047249716,0.000784810602841746,"violation in forward orientation",1,0.487931034482759,1,2300,0.298092751088145,0.513639236646874,0.44305414502669,0.499599839871872,0.514424047249716,0.000784810602841746,"violation",1,3780,0.643046983270072,0.218887567082343,0.486261809416602,0.397800829368201,0.219131746874124,0.000244179791781207,"violation"
400,1960,"reverse",0.703252521015165,0.18170636014827,0.470433617444046,0.362487343414604,0.182171855686092,0.00046549553782127,"violation in reverse orientation",1,0.487931034482759,1,2360,0.230203187111576,0.624687969922928,0.402520070747048,0.491472637434414,0.625012243673104,0.000324273750175519,"violation",1,1960,0.703252521015165,0.18170636014827,0.470433617444046,0.362487343414604,0.182171855686092,0.00046549553782127,"violation"
