"trial","stopped_at_n","selected_direction","T1_","T2_","s1","s2","beta_allowed","margin","reason","violation","eps","fwd_violation","fwd_stopped_at_n","fwd_T1_","fwd_T2_","fwd_s1","fwd_s2","fwd_beta_allowed","fwd_margin","fwd_reason","rev_violation","rev_stopped_at_n","rev_T1_","rev_T2_","rev_s1","rev_s2","rev_beta_allowed","rev_margin","rev_reason"
1,60,"forward",0.644232895622817,0.321054517826778,0.498887651569859,0.386939558874797,0.340405782712464,0.0193512648856857,"violation in forward orientation",1,0.0441379310344828,1,60,0.644232895622817,0.321054517826778,0.498887651569859,0.386939558874797,0.340405782712464,0.0193512648856857,"violation",1,130,0.306802581183292,0.675296407203263,0.405655288413391,0.497092136043185,0.679352492036767,0.00405608483350395,"violation"
2,90,"reverse",0.382890080077361,0.589508511541965,0.436173031697567,0.496903994999953,0.599831430599012,0.0103229190570465,"violation in reverse orientation",1,0.0441379310344828,1,200,0.533590057740647,0.444853851314386,0.495756996924905,0.476969600708473,0.446271281145051,0.00141742983066429,"violation",1,90,0.382890080077361,0.589508511541965,0.436173031697567,0.496903994999953,0.599831430599012,0.0103229190570465,"violation"
3,80,"reverse",0.441684683216467,0.538126767493411,0.458257569495584,0.487179381747627,0.538383632782152,0.000256865288741248,"violation in reverse orientation",1,0.0441379310344828,1,160,0.653901777618562,0.302968040723733,0.498082259772419,0.409076704298839,0.331154383965304,0.0281863432415705,"violation",1,80,0.441684683216467,0.538126767493411,0.458257569495584,0.487179381747627,0.538383632782152,0.000256865288741248,"violation"
4,50,"reverse",0.302716065288689,0.590712364249548,0.366606055596467,0.489897948556636,0.683623418092222,0.0929110538426741,"violation in reverse orientation",1,0.0441379310344828,1,50,0.694644991687999,0.216786995012799,0.5,0.3,0.292170381496025,0.0753833864832258,"violation at burn-in",1,50,0.302716065288689,0.590712364249548,0.366606055596467,0.489897948556636,0.683623418092222,0.0929110538426741,"violation at burn-in"
5,50,"reverse",0.355715993350399,0.590712364249548,0.4,0.489897948556636,0.628231788759531,0.0375194245099822,"violation in reverse orientation",1,0.0441379310344828,1,170,0.553875678598616,0.417668921677412,0.497189331979187,0.465561386762574,0.426861553373693,0.00919263169628082,"violation",1,50,0.355715993350399,0.590712364249548,0.4,0.489897948556636,0.628231788759531,0.0375194245099822,"violation at burn-in"
6,60,"forward",0.519765062450468,0.404119734820393,0.476969600708473,0.433012701892219,0.459499340414297,0.055379605593904,"violation in forward orientation",1,0.0441379310344828,1,60,0.519765062450468,0.404119734820393,0.476969600708473,0.433012701892219,0.459499340414297,0.055379605593904,"violation",1,90,0.139488250402838,0.824040028479255,0.249443825784929,0.462948147911104,0.854217133019814,0.0301771045405594,"violation"
7,70,"forward",0.499509642474121,0.467494881339954,0.474664220738176,0.464230765979198,0.478880171318517,0.0113852899785626,"violation in forward orientation",1,0.0441379310344828,1,70,0.499509642474121,0.467494881339954,0.474664220738176,0.464230765979198,0.478880171318517,0.0113852899785626,"violation",1,80,0.354108657851495,0.603815767828986,0.417582327212252,0.49749371855331,0.629911657684351,0.0260958898553652,"violation"
8,70,"reverse",0.332011213630856,0.650660936341786,0.4,0.499795876701026,0.653006282228827,0.00234534588704083,"violation in reverse orientation",1,0.0441379310344828,1,80,0.679397303997039,0.276559731956136,0.499374608885954,0.368908864084343,0.306759704115055,0.0301999721589181,"violation",1,70,0.332011213630856,0.650660936341786,0.4,0.499795876701026,0.653006282228827,0.00234534588704083,"violation"
9,50,"reverse",0.302716065288689,0.590712364249548,0.366606055596467,0.489897948556636,0.683623418092222,0.0929110538426741,"violation in reverse orientation",1,0.0441379310344828,1,60,0.592139703863035,0.34236971261758,0.493006648591635,0.4,0.390249693228089,0.0478799806105087,"violation",1,50,0.302716065288689,0.590712364249548,0.366606055596467,0.489897948556636,0.683623418092222,0.0929110538426741,"violation at burn-in"
10,50,"reverse",0.216786995012799,0.694644991687999,0.3,0.5,0.773430166585973,0.0787851748979741,"violation in reverse orientation",1,0.0441379310344828,1,210,0.544248504803236,0.430024377179493,0.497248665988823,0.473061146230128,0.436073044798294,0.0060486676188003,"violation",1,50,0.216786995012799,0.694644991687999,0.3,0.5,0.773430166585973,0.0787851748979741,"violation at burn-in"
11,50,"forward",0.674489213358372,0.302716065288689,0.499599839871872,0.366606055596467,0.311455873083244,0.00873980779455541,"violation in forward orientation",1,0.0441379310344828,1,50,0.674489213358372,0.302716065288689,0.499599839871872,0.366606055596467,0.311455873083244,0.00873980779455541,"violation at burn-in",1,100,0.358457767577596,0.587987176577287,0.427083130081252,0.49749371855331,0.625366287856775,0.0373791112794882,"violation"
12,50,"forward",0.826859192020479,0.152451248673278,0.48,0.237486841740758,0.165664929485024,0.0132136808117462,"violation in forward orientation",1,0.0441379310344828,1,50,0.826859192020479,0.152451248673278,0.48,0.237486841740758,0.165664929485024,0.0132136808117462,"violation at burn-in",1,170,0.385545813249943,0.595626257104346,0.452941176470588,0.499861572533338,0.597055853482551,0.00142959637820517,"violation"
13,60,"forward",0.819765062450468,0.155449781144742,0.476969600708473,0.249443825784929,0.172452748536397,0.0170029673916554,"violation in forward orientation",1,0.0441379310344828,1,60,0.819765062450468,0.155449781144742,0.476969600708473,0.249443825784929,0.172452748536397,0.0170029673916554,"violation",1,130,0.377601999819964,0.591159946398702,0.443560099795031,0.499052356409495,0.605358143411871,0.0141981970131694,"violation"
14,80,"forward",0.538126767493411,0.413053876615838,0.487179381747627,0.446514277487294,0.441930457568817,0.0288765809529793,"violation in forward orientation",1,0.0441379310344828,1,80,0.538126767493411,0.413053876615838,0.487179381747627,0.446514277487294,0.441930457568817,0.0288765809529793,"violation",1,160,0.228966979922067,0.684324833300536,0.357071421427142,0.49434299833213,0.76070054158372,0.0763757082831842,"violation"
15,50,"reverse",0.302716065288689,0.633238465893974,0.366606055596467,0.496386945839634,0.683623418092222,0.0503849521982488,"violation in reverse orientation",1,0.0441379310344828,1,80,0.679397303997039,0.292478733192347,0.499374608885954,0.379967103839267,0.306759704115055,0.0142809709227077,"violation",1,50,0.302716065288689,0.633238465893974,0.366606055596467,0.496386945839634,0.683623418092222,0.0503849521982488,"violation at burn-in"
16,130,"reverse",0.386251568800868,0.575485299258979,0.447478140684584,0.497865265393366,0.596318249653526,0.0208329503945472,"violation in reverse orientation",1,0.0441379310344828,1,140,0.639203467785065,0.335784022647121,0.499540605283025,0.424444414764159,0.345218049778873,0.00943402713175223,"violation",1,130,0.386251568800868,0.575485299258979,0.447478140684584,0.497865265393366,0.596318249653526,0.0208329503945472,"violation"
17,90,"reverse",0.343591528449175,0.600945650434495,0.415739709641549,0.498020774022555,0.640903388330079,0.0399577378955842,"violation in reverse orientation",1,0.0441379310344828,1,170,0.52360068774411,0.455610578367449,0.493171362793487,0.477884612037409,0.455829329853429,0.000218751485979218,"violation",1,90,0.343591528449175,0.600945650434495,0.415739709641549,0.498020774022555,0.640903388330079,0.0399577378955842,"violation"
18,80,"forward",0.808698556974645,0.156435685071958,0.472857007984443,0.263391343821318,0.183041424139175,0.026605739067217,"violation in forward orientation",1,0.0441379310344828,1,80,0.808698556974645,0.156435685071958,0.472857007984443,0.263391343821318,0.183041424139175,0.026605739067217,"violation",1,90,0.139488250402838,0.833781791811234,0.249443825784929,0.458257569495584,0.854217133019814,0.0204353412085806,"violation"
19,90,"reverse",0.247071505072811,0.732531618198095,0.351539822656808,0.492035329455212,0.74177902257285,0.00924740437475524,"violation in reverse orientation",1,0.0441379310344828,1,110,0.70374079697118,0.261614030131997,0.494682467651374,0.369945271806833,0.283467315139619,0.0218532850076219,"violation",1,90,0.247071505072811,0.732531618198095,0.351539822656808,0.492035329455212,0.74177902257285,0.00924740437475524,"violation"
20,50,"forward",0.56895608070809,0.355715993350399,0.485386443980464,0.4,0.412432293274784,0.056716299924385,"violation in forward orientation",1,0.0441379310344828,1,50,0.56895608070809,0.355715993350399,0.485386443980464,0.4,0.412432293274784,0.056716299924385,"violation at burn-in",1,70,0.295810536031579,0.621549582751732,0.376883027379226,0.498159879261791,0.690840569717608,0.0692909869658765,"violation"
21,50,"reverse",0.275078575707952,0.590712364249548,0.346987031457949,0.489897948556636,0.712508090855548,0.121795726606,"violation in reverse orientation",1,0.0441379310344828,1,80,0.691655263867034,0.292478733192347,0.498591766879478,0.379967103839267,0.295031018768193,0.00255228557584652,"violation",1,50,0.275078575707952,0.590712364249548,0.346987031457949,0.489897948556636,0.712508090855548,0.121795726606,"violation at burn-in"
22,90,"reverse",0.187580741083115,0.794279587966123,0.3,0.475186772896513,0.803954396543152,0.00967480857702863,"violation in reverse orientation",1,0.0441379310344828,1,160,0.6600216206812,0.295730681725611,0.49749371855331,0.404612082740988,0.325298783652111,0.0295681019265008,"violation",1,90,0.187580741083115,0.794279587966123,0.3,0.475186772896513,0.803954396543152,0.00967480857702863,"violation"
23,130,"reverse",0.420456037036493,0.559693473732081,0.461538461538462,0.496198566857543,0.560570253470898,0.000876779738817168,"violation in reverse orientation",1,0.0441379310344828,1,140,0.552619090887638,0.415904058037976,0.495850125480246,0.461309139784786,0.428063884106467,0.0121598260684904,"violation",1,130,0.420456037036493,0.559693473732081,0.461538461538462,0.496198566857543,0.560570253470898,0.000876779738817168,"violation"
24,50,"reverse",0.246504271019468,0.674489213358372,0.324961536185438,0.499599839871872,0.742371853913887,0.0678826405555144,"violation in reverse orientation",1,0.0441379310344828,1,160,0.647764456021478,0.302968040723733,0.498591766879478,0.409076704298839,0.337026708124309,0.0340586674005761,"violation",1,50,0.246504271019468,0.674489213358372,0.324961536185438,0.499599839871872,0.742371853913887,0.0678826405555144,"violation at burn-in"
25,50,"forward",0.714489213358372,0.185611725055255,0.499599839871872,0.271293199325011,0.273182994166191,0.0875712691109365,"violation in forward orientation",1,0.0441379310344828,1,50,0.714489213358372,0.185611725055255,0.499599839871872,0.271293199325011,0.273182994166191,0.0875712691109365,"violation at burn-in",1,90,0.202857682846242,0.774015565121441,0.314269680527354,0.481894409826699,0.787988059862562,0.0139724947411209,"violation"
26,50,"reverse",0.246504271019468,0.61213738305134,0.324961536185438,0.493558507170123,0.742371853913887,0.130234470862547,"violation in reverse orientation",1,0.0441379310344828,1,120,0.643563631019352,0.311460526685915,0.499722145018832,0.406116431033707,0.341046149790762,0.0295856231048461,"violation",1,50,0.246504271019468,0.61213738305134,0.324961536185438,0.493558507170123,0.742371853913887,0.130234470862547,"violation at burn-in"
27,50,"forward",0.674489213358372,0.302716065288689,0.499599839871872,0.366606055596467,0.311455873083244,0.00873980779455541,"violation in forward orientation",1,0.0441379310344828,1,50,0.674489213358372,0.302716065288689,0.499599839871872,0.366606055596467,0.311455873083244,0.00873980779455541,"violation at burn-in",1,90,0.247071505072811,0.623601442490622,0.351539822656808,0.499505928733089,0.74177902257285,0.118177580082228,"violation"
28,50,"forward",0.590712364249548,0.302716065288689,0.489897948556636,0.366606055596467,0.391615403133101,0.088899337844412,"violation in forward orientation",1,0.0441379310344828,1,50,0.590712364249548,0.302716065288689,0.489897948556636,0.366606055596467,0.391615403133101,0.088899337844412,"violation at burn-in",1,50,0.302716065288689,0.674489213358372,0.366606055596467,0.499599839871872,0.683623418092222,0.00913420473385007,"violation at burn-in"
29,50,"forward",0.654021127930363,0.329560327676681,0.498397431775085,0.384187454245971,0.331040186964497,0.00147985928781597,"violation in forward orientation",1,0.0441379310344828,1,50,0.654021127930363,0.329560327676681,0.498397431775085,0.384187454245971,0.331040186964497,0.00147985928781597,"violation at burn-in",1,160,0.387592559593228,0.579109709427252,0.452596674755792,0.499022481958478,0.594916744639736,0.0158070352124841,"violation"
30,80,"forward",0.715878168740764,0.260399815732986,0.496078370824611,0.357071421427142,0.271854011136904,0.0114541954039185,"violation in forward orientation",1,0.0441379310344828,1,80,0.715878168740764,0.260399815732986,0.496078370824611,0.357071421427142,0.271854011136904,0.0114541954039185,"violation",1,120,0.388385622226397,0.559167193522576,0.446514277487294,0.495535624910617,0.594087893865393,0.0349207003428167,"violation"
31,60,"reverse",0.181705607971508,0.804851254930947,0.276385399196283,0.481894409826699,0.810094653851037,0.0052433989200904,"violation in reverse orientation",1,0.0441379310344828,1,120,0.660018390556222,0.311460526685915,0.498887651569859,0.406116431033707,0.325301874306665,0.01384134762075,"violation",1,60,0.181705607971508,0.804851254930947,0.276385399196283,0.481894409826699,0.810094653851037,0.0052433989200904,"violation"
32,50,"reverse",0.355715993350399,0.590712364249548,0.4,0.489897948556636,0.628231788759531,0.0375194245099822,"violation in reverse orientation",1,0.0441379310344828,1,140,0.660306510393101,0.319320750326329,0.498159879261791,0.415208332266675,0.325026194915904,0.00570544458957434,"violation",1,50,0.355715993350399,0.590712364249548,0.4,0.489897948556636,0.628231788759531,0.0375194245099822,"violation at burn-in"
33,80,"reverse",0.413053876615838,0.564705087131815,0.446514277487294,0.49228421668788,0.568306447486193,0.0036013603543783,"violation in reverse orientation",1,0.0441379310344828,1,90,0.657042967008405,0.303158498150334,0.499876527964533,0.391420332306856,0.328148824935979,0.0249903267856455,"violation",1,80,0.413053876615838,0.564705087131815,0.446514277487294,0.49228421668788,0.568306447486193,0.0036013603543783,"violation"
34,50,"forward",0.674489213358372,0.216786995012799,0.499599839871872,0.3,0.311455873083244,0.0946688780704451,"violation in forward orientation",1,0.0441379310344828,1,50,0.674489213358372,0.216786995012799,0.499599839871872,0.3,0.311455873083244,0.0946688780704451,"violation at burn-in",1,140,0.335784022647121,0.64626201502557,0.424444414764159,0.499183005990176,0.649063219545259,0.00280120451968879,"violation"
35,50,"forward",0.714489213358372,0.246504271019468,0.499599839871872,0.324961536185438,0.273182994166191,0.026678723146723,"violation in forward orientation",1,0.0441379310344828,1,50,0.714489213358372,0.246504271019468,0.499599839871872,0.324961536185438,0.273182994166191,0.026678723146723,"violation at burn-in",1,90,0.356808336031459,0.577997924209187,0.422952584681651,0.495535624910617,0.627090152476117,0.0490922282669298,"violation"
36,50,"forward",0.612137383051339,0.355715993350399,0.493558507170123,0.4,0.371115474373187,0.0153994810227883,"violation in forward orientation",1,0.0441379310344828,1,50,0.612137383051339,0.355715993350399,0.493558507170123,0.4,0.371115474373187,0.0153994810227883,"violation at burn-in",1,110,0.338260821129089,0.623309040262332,0.419070202604222,0.499917348540637,0.646474651815785,0.0231656115534532,"violation"
37,80,"reverse",0.243974143961777,0.715878168740764,0.344374432848898,0.496078370824611,0.745016156751073,0.029137988010309,"violation in reverse orientation",1,0.0441379310344828,1,250,0.549218834351644,0.429037775326722,0.498397431775085,0.475041050857713,0.431317324273692,0.00227954894696958,"violation",1,80,0.243974143961777,0.715878168740764,0.344374432848898,0.496078370824611,0.745016156751073,0.029137988010309,"violation"
38,60,"forward",0.519765062450468,0.424062306087747,0.476969600708473,0.442216638714053,0.459499340414297,0.03543703432655,"violation in forward orientation",1,0.0441379310344828,1,60,0.519765062450468,0.424062306087747,0.476969600708473,0.442216638714053,0.459499340414297,0.03543703432655,"violation",1,160,0.373747426619383,0.591748113255807,0.446514277487294,0.499648313816829,0.609386660011247,0.0176385467554397,"violation"
39,60,"forward",0.592139703863035,0.34236971261758,0.493006648591635,0.4,0.390249693228089,0.0478799806105087,"violation in forward orientation",1,0.0441379310344828,1,60,0.592139703863035,0.34236971261758,0.493006648591635,0.4,0.390249693228089,0.0478799806105087,"violation",1,90,0.247071505072811,0.678976500805676,0.351539822656808,0.498887651569859,0.74177902257285,0.062802521767174,"violation"
40,60,"forward",0.74303982794241,0.230926430345563,0.495535624910617,0.321022671404304,0.245865138791633,0.0149387084460694,"violation in forward orientation",1,0.0441379310344828,1,60,0.74303982794241,0.230926430345563,0.495535624910617,0.321022671404304,0.245865138791633,0.0149387084460694,"violation",1,100,0.298810407487868,0.638682330481023,0.392300904918661,0.5,0.687705324561067,0.0490229940800436,"violation"
41,150,"reverse",0.404523913458941,0.573679409779001,0.458257569495584,0.498397431775084,0.577221338028274,0.00354192824927324,"violation in reverse orientation",1,0.0441379310344828,1,160,0.75548267551641,0.228966979922067,0.476969600708473,0.357071421427142,0.233959548827057,0.00499256890498945,"violation",1,150,0.404523913458941,0.573679409779001,0.458257569495584,0.498397431775084,0.577221338028274,0.00354192824927324,"violation"
42,70,"forward",0.721075689618868,0.258342897757551,0.496723961448963,0.349927106111883,0.266880908955991,0.00853801119844083,"violation in forward orientation",1,0.0441379310344828,1,70,0.721075689618868,0.258342897757551,0.496723961448963,0.349927106111883,0.266880908955991,0.00853801119844083,"violation",1,80,0.354108657851495,0.603815767828986,0.417582327212252,0.49749371855331,0.629911657684351,0.0260958898553652,"violation"
43,90,"forward",0.668045886935067,0.316774321444153,0.499505928733089,0.4,0.3176209893838,0.000846667939647106,"violation in forward orientation",1,0.0441379310344828,1,90,0.668045886935067,0.316774321444153,0.499505928733089,0.4,0.3176209893838,0.000846667939647106,"violation",1,110,0.441538187753225,0.529746374608728,0.4657704893618,0.489897948556636,0.538536739072964,0.00879036446423653,"violation"
44,50,"reverse",0.275078575707952,0.694644991687999,0.346987031457949,0.5,0.712508090855548,0.017863099167549,"violation in reverse orientation",1,0.0441379310344828,1,140,0.782166588346298,0.20748833768782,0.469693777793531,0.334724986110285,0.208427794707769,0.000939457019948908,"violation",1,50,0.275078575707952,0.694644991687999,0.346987031457949,0.5,0.712508090855548,0.017863099167549,"violation at burn-in"
45,50,"reverse",0.430755917550709,0.546859192020479,0.438634243989226,0.48,0.549805575395294,0.00294638337481512,"violation in reverse orientation",1,0.0441379310344828,1,60,0.609706494609077,0.363298063516486,0.495535624910617,0.411973569810276,0.373441401848477,0.0101433383319912,"violation",1,50,0.430755917550709,0.546859192020479,0.438634243989226,0.48,0.549805575395294,0.00294638337481512,"violation at burn-in"
46,90,"forward",0.689834539323383,0.261362863693741,0.498020774022555,0.362433476228891,0.296773128018205,0.0354102643244636,"violation in forward orientation",1,0.0441379310344828,1,90,0.689834539323383,0.261362863693741,0.498020774022555,0.362433476228891,0.296773128018205,0.0354102643244636,"violation",1,90,0.261362863693741,0.721968833534088,0.362433476228891,0.493913572686508,0.726842744952447,0.00487391141835825,"violation"
47,50,"forward",0.694644991687999,0.246504271019468,0.5,0.324961536185438,0.292170381496025,0.0456661104765571,"violation in forward orientation",1,0.0441379310344828,1,50,0.694644991687999,0.246504271019468,0.5,0.324961536185438,0.292170381496025,0.0456661104765571,"violation at burn-in",1,190,0.323471761400868,0.65394814108314,0.425144590036934,0.497222200728715,0.66193109005266,0.00798294896952068,"violation"
48,50,"reverse",0.329560327676681,0.61213738305134,0.384187454245971,0.493558507170123,0.655567768088814,0.0434303850374741,"violation in reverse orientation",1,0.0441379310344828,1,50,0.612137383051339,0.355715993350399,0.493558507170123,0.4,0.371115474373187,0.0153994810227883,"violation at burn-in",1,50,0.329560327676681,0.61213738305134,0.384187454245971,0.493558507170123,0.655567768088814,0.0434303850374741,"violation at burn-in"
49,50,"forward",0.590712364249548,0.329560327676681,0.489897948556636,0.384187454245971,0.391615403133101,0.0620550754564199,"violation in forward orientation",1,0.0441379310344828,1,50,0.590712364249548,0.329560327676681,0.489897948556636,0.384187454245971,0.391615403133101,0.0620550754564199,"violation at burn-in",1,80,0.32367253060101,0.603815767828986,0.4,0.49749371855331,0.661721260841143,0.0579054930121572,"violation"
50,90,"reverse",0.316774321444153,0.623601442490622,0.4,0.499505928733089,0.668930762035769,0.0453293195451464,"violation in reverse orientation",1,0.0441379310344828,1,160,0.5600216206812,0.415006592849108,0.49749371855331,0.463512405443479,0.420980980944745,0.00597438809563655,"violation",1,90,0.316774321444153,0.623601442490622,0.4,0.499505928733089,0.668930762035769,0.0453293195451464,"violation"
51,50,"reverse",0.302716065288689,0.61213738305134,0.366606055596467,0.493558507170123,0.683623418092222,0.0714860350408828,"violation in reverse orientation",1,0.0441379310344828,1,90,0.824040028479255,0.155964483968887,0.462948147911104,0.267821573182088,0.16836236710654,0.0123978831376532,"violation",1,50,0.302716065288689,0.61213738305134,0.366606055596467,0.493558507170123,0.683623418092222,0.0714860350408828,"violation at burn-in"
52,50,"reverse",0.355715993350399,0.61213738305134,0.4,0.493558507170123,0.628231788759531,0.016094405708191,"violation in reverse orientation",1,0.0441379310344828,1,130,0.726985816786762,0.251455309951451,0.488264648386411,0.36802688350479,0.261225969418961,0.00977065946751027,"violation",1,50,0.355715993350399,0.61213738305134,0.4,0.493558507170123,0.628231788759531,0.016094405708191,"violation at burn-in"
53,70,"reverse",0.178102889634612,0.788036585503097,0.279941684889506,0.483186700722508,0.81385995025814,0.0258233647550429,"violation in reverse orientation",1,0.0441379310344828,1,100,0.567316518042841,0.404536423902243,0.495075751779463,0.448998886412873,0.414001062858884,0.00946463895664079,"violation",1,70,0.178102889634612,0.788036585503097,0.279941684889506,0.483186700722508,0.81385995025814,0.0258233647550429,"violation"
54,50,"forward",0.633238465893974,0.275078575707952,0.496386945839634,0.346987031457949,0.350925494656816,0.0758469189488641,"violation in forward orientation",1,0.0441379310344828,1,50,0.633238465893974,0.275078575707952,0.496386945839634,0.346987031457949,0.350925494656816,0.0758469189488641,"violation at burn-in",1,50,0.275078575707952,0.674489213358372,0.346987031457949,0.499599839871872,0.712508090855548,0.0380188774971758,"violation at burn-in"
55,50,"forward",0.772137383051339,0.185611725055255,0.493558507170123,0.271293199325011,0.218023958704974,0.0324122336497197,"violation in forward orientation",1,0.0441379310344828,1,50,0.772137383051339,0.185611725055255,0.493558507170123,0.271293199325011,0.218023958704974,0.0324122336497197,"violation at burn-in",1,180,0.359120870669303,0.621143543146388,0.442216638714053,0.499722145018832,0.624673261243184,0.0035297180967957,"violation"
56,50,"forward",0.753238465893974,0.152451248673278,0.496386945839634,0.237486841740758,0.236106857905656,0.0836556092323782,"violation in forward orientation",1,0.0441379310344828,1,50,0.753238465893974,0.152451248673278,0.496386945839634,0.237486841740758,0.236106857905656,0.0836556092323782,"violation at burn-in",1,70,0.367154334451918,0.606789975333154,0.419912527334259,0.496723961448963,0.61627727535456,0.00948730002140619,"violation"
57,90,"reverse",0.343591528449175,0.61230983413901,0.415739709641549,0.498887651569859,0.640903388330079,0.0285935541910691,"violation in reverse orientation",1,0.0441379310344828,1,110,0.529746374608728,0.441538187753225,0.489897948556636,0.4657704893618,0.449949001622638,0.00841081386941234,"violation",1,90,0.343591528449175,0.61230983413901,0.415739709641549,0.498887651569859,0.640903388330079,0.0285935541910691,"violation"
58,90,"reverse",0.382890080077361,0.589508511541965,0.436173031697567,0.496903994999953,0.599831430599012,0.0103229190570465,"violation in reverse orientation",1,0.0441379310344828,1,100,0.556895688006175,0.393138664440465,0.493558507170123,0.443959457608462,0.423971942014097,0.0308332775736315,"violation",1,90,0.382890080077361,0.589508511541965,0.436173031697567,0.496903994999953,0.599831430599012,0.0103229190570465,"violation"
59,60,"forward",0.574366575369876,0.363298063516486,0.489897948556636,0.411973569810276,0.407255413097987,0.0439573495815011,"violation in forward orientation",1,0.0441379310344828,1,60,0.574366575369876,0.363298063516486,0.489897948556636,0.411973569810276,0.407255413097987,0.0439573495815011,"violation",1,170,0.32642608293888,0.65400269480382,0.424182502995763,0.497780541130354,0.658843450322799,0.00484075551897845,"violation"
60,70,"forward",0.483583542674893,0.401384518782172,0.469693777793531,0.43705881545081,0.494594024428695,0.0932095056465236,"violation in forward orientation",1,0.0441379310344828,1,70,0.483583542674893,0.401384518782172,0.469693777793531,0.43705881545081,0.494594024428695,0.0932095056465236,"violation",1,130,0.386251568800868,0.591159946398702,0.447478140684584,0.499052356409495,0.596318249653526,0.00515830325482436,"violation"
61,60,"reverse",0.25432432379694,0.661196578770763,0.339934634239519,0.499722145018832,0.734198909522199,0.0730023307514365,"violation in reverse orientation",1,0.0441379310344828,1,160,0.743812550300504,0.228966979922067,0.480722113075735,0.357071421427142,0.245125781060438,0.0161588011383702,"violation",1,60,0.25432432379694,0.661196578770763,0.339934634239519,0.499722145018832,0.734198909522199,0.0730023307514365,"violation"
62,90,"reverse",0.275464716989807,0.71133125754252,0.372677996249965,0.495535624910617,0.712104524369011,0.000773266826490926,"violation in reverse orientation",1,0.0441379310344828,1,120,0.643563631019352,0.340735816085425,0.499722145018832,0.422952584681651,0.341046149790762,0.000310333705336119,"violation",1,90,0.275464716989807,0.71133125754252,0.372677996249965,0.495535624910617,0.712104524369011,0.000773266826490926,"violation"
63,50,"forward",0.612137383051339,0.216786995012799,0.493558507170123,0.3,0.371115474373187,0.154328479360388,"violation in forward orientation",1,0.0441379310344828,1,50,0.612137383051339,0.216786995012799,0.493558507170123,0.3,0.371115474373187,0.154328479360388,"violation at burn-in",1,80,0.276559731956136,0.691655263867034,0.368908864084343,0.498591766879478,0.710960095209447,0.0193048313424122,"violation"
64,50,"forward",0.654021127930363,0.275078575707952,0.498397431775085,0.346987031457949,0.331040186964497,0.055961611256545,"violation in forward orientation",1,0.0441379310344828,1,50,0.654021127930363,0.275078575707952,0.498397431775085,0.346987031457949,0.331040186964497,0.055961611256545,"violation at burn-in",1,130,0.411962137162469,0.567604099510956,0.458257569495584,0.497092136043185,0.569447453320361,0.00184335380940504,"violation"
65,100,"reverse",0.346724065972573,0.628654591240726,0.420832508250016,0.499899989998,0.637629490351108,0.00897489911038218,"violation in reverse orientation",1,0.0441379310344828,1,160,0.566401777618562,0.387592559593228,0.498082259772419,0.452596674755792,0.414876306596357,0.027283747003129,"violation",1,100,0.346724065972573,0.628654591240726,0.420832508250016,0.499899989998,0.637629490351108,0.00897489911038218,"violation"
66,110,"reverse",0.272841182473027,0.668434804605088,0.378011325205305,0.498675932796454,0.71484644981702,0.0464116452119321,"violation in reverse orientation",1,0.0441379310344828,1,290,0.661762668942201,0.316643315869328,0.493669797742711,0.429984929083568,0.32363291042006,0.00698959455073206,"violation",1,110,0.272841182473027,0.668434804605088,0.378011325205305,0.498675932796454,0.71484644981702,0.0464116452119321,"violation"
67,50,"forward",0.734021127930363,0.152451248673278,0.498397431775084,0.237486841740758,0.254494429130391,0.102043180457112,"violation in forward orientation",1,0.0441379310344828,1,50,0.734021127930363,0.152451248673278,0.498397431775084,0.237486841740758,0.254494429130391,0.102043180457112,"violation at burn-in",1,90,0.369905994351297,0.61230983413901,0.429757324573638,0.498887651569859,0.613401442673832,0.0010916085348226,"violation"
68,120,"reverse",0.281590846830816,0.68443380981172,0.386939558874797,0.496585563847986,0.705701943727732,0.0212681339160122,"violation in reverse orientation",1,0.0441379310344828,1,150,0.560060961031326,0.411841138745033,0.497147418333391,0.461109772421082,0.420943339233321,0.00910220048828825,"violation",1,120,0.281590846830816,0.68443380981172,0.386939558874797,0.496585563847986,0.705701943727732,0.0212681339160122,"violation"
69,60,"reverse",0.155449781144742,0.789716484604453,0.249443825784929,0.486198404860494,0.837535314255675,0.0478188296512218,"violation in reverse orientation",1,0.0441379310344828,1,90,0.700619622653076,0.247071505072811,0.496903994999953,0.351539822656808,0.286453723308513,0.0393822182357023,"violation",1,60,0.155449781144742,0.789716484604453,0.249443825784929,0.486198404860494,0.837535314255675,0.0478188296512218,"violation"
70,90,"forward",0.700619622653076,0.261362863693741,0.496903994999953,0.362433476228891,0.286453723308513,0.0250908596147721,"violation in forward orientation",1,0.0441379310344828,1,90,0.700619622653076,0.261362863693741,0.496903994999953,0.362433476228891,0.286453723308513,0.0250908596147721,"violation",1,90,0.303158498150334,0.678976500805676,0.391420332306856,0.498887651569859,0.683161019783902,0.00418451897822569,"violation"
71,90,"reverse",0.261362863693741,0.700619622653076,0.362433476228891,0.496903994999953,0.726842744952447,0.0262231222993704,"violation in reverse orientation",1,0.0441379310344828,1,180,0.513980905559012,0.455633427315313,0.492035329455212,0.478681316189734,0.465033748822895,0.00940032150758263,"violation",1,90,0.261362863693741,0.700619622653076,0.362433476228891,0.496903994999953,0.726842744952447,0.0262231222993704,"violation"
72,50,"forward",0.790712364249548,0.152451248673278,0.489897948556636,0.237486841740758,0.200251008547835,0.0477997598745565,"violation in forward orientation",1,0.0441379310344828,1,50,0.790712364249548,0.152451248673278,0.489897948556636,0.237486841740758,0.200251008547835,0.0477997598745565,"violation at burn-in",1,50,0.246504271019468,0.734021127930363,0.324961536185438,0.498397431775084,0.742371853913887,0.00835072598352382,"violation at burn-in"
73,70,"reverse",0.314054244758118,0.636172957540227,0.388875931109034,0.499183005990176,0.671773586263264,0.0356006287230377,"violation in reverse orientation",1,0.0441379310344828,1,130,0.629838556737926,0.342577334592128,0.499940824900674,0.426142737983524,0.354178602443276,0.0116012678511485,"violation",1,70,0.314054244758118,0.636172957540227,0.388875931109034,0.499183005990176,0.671773586263264,0.0356006287230377,"violation"
74,90,"reverse",0.343591528449175,0.61230983413901,0.415739709641549,0.498887651569859,0.640903388330079,0.0285935541910691,"violation in reverse orientation",1,0.0441379310344828,1,120,0.593351723889555,0.359957099047924,0.498887651569859,0.433012701892219,0.389090005835087,0.0291329067871631,"violation",1,90,0.343591528449175,0.61230983413901,0.415739709641549,0.498887651569859,0.640903388330079,0.0285935541910691,"violation"
75,50,"reverse",0.4062591846095,0.501594493296846,0.427083130081252,0.466476151587624,0.575407760163573,0.0738132668667275,"violation in reverse orientation",1,0.0441379310344828,1,90,0.645967901805191,0.316774321444153,0.5,0.4,0.338745690674006,0.0219713692298532,"violation",1,50,0.4062591846095,0.501594493296846,0.427083130081252,0.466476151587624,0.575407760163573,0.0738132668667275,"violation at burn-in"
76,50,"forward",0.654021127930363,0.329560327676681,0.498397431775085,0.384187454245971,0.331040186964497,0.00147985928781597,"violation in forward orientation",1,0.0441379310344828,1,50,0.654021127930363,0.329560327676681,0.498397431775085,0.384187454245971,0.331040186964497,0.00147985928781597,"violation at burn-in",1,160,0.317349074358807,0.641609709427252,0.417582327212252,0.499022481958478,0.668330072533524,0.0267203631062717,"violation"
77,90,"forward",0.589508511541965,0.330249254092939,0.496903994999953,0.408097059382377,0.392767275855884,0.0625180217629445,"violation in forward orientation",1,0.0441379310344828,1,90,0.589508511541965,0.330249254092939,0.496903994999953,0.408097059382377,0.392767275855884,0.0625180217629445,"violation",1,90,0.330249254092939,0.645967901805191,0.408097059382377,0.5,0.654847752834407,0.0088798510292164,"violation"
78,160,"reverse",0.251578187192657,0.647764456021478,0.374530956664466,0.498591766879478,0.737068969660851,0.0893045136393733,"violation in reverse orientation",1,0.0441379310344828,1,170,0.52968634172721,0.449330778908264,0.494117647058823,0.476034658969063,0.450006442402772,0.000675663494507761,"violation",1,160,0.251578187192657,0.647764456021478,0.374530956664466,0.498591766879478,0.737068969660851,0.0893045136393733,"violation"
79,50,"reverse",0.275078575707952,0.654021127930363,0.346987031457949,0.498397431775084,0.712508090855548,0.0584869629251853,"violation in reverse orientation",1,0.0441379310344828,1,180,0.643107190844004,0.32803729666281,0.498485360187225,0.426404722833039,0.341482881779861,0.013445585117051,"violation",1,50,0.275078575707952,0.654021127930363,0.346987031457949,0.498397431775084,0.712508090855548,0.0584869629251853,"violation at burn-in"
80,50,"reverse",0.275078575707952,0.61213738305134,0.346987031457949,0.493558507170123,0.712508090855548,0.100370707804209,"violation in reverse orientation",1,0.0441379310344828,1,90,0.700619622653076,0.232572423955049,0.496903994999953,0.339934634239519,0.286453723308513,0.0538812993534647,"violation",1,50,0.275078575707952,0.61213738305134,0.346987031457949,0.493558507170123,0.712508090855548,0.100370707804209,"violation at burn-in"
81,80,"forward",0.703815767828986,0.276559731956136,0.49749371855331,0.368908864084343,0.283395581375541,0.00683584941940413,"violation in forward orientation",1,0.0441379310344828,1,80,0.703815767828986,0.276559731956136,0.49749371855331,0.368908864084343,0.283395581375541,0.00683584941940413,"violation",1,100,0.286560022992805,0.678237834688651,0.384187454245971,0.498397431775084,0.700508526036046,0.0222706913473951,"violation"
82,70,"forward",0.621549582751732,0.349704765490709,0.498159879261791,0.410325903324145,0.362109674886281,0.0124049093955726,"violation in forward orientation",1,0.0441379310344828,1,70,0.621549582751732,0.349704765490709,0.498159879261791,0.410325903324145,0.362109674886281,0.0124049093955726,"violation",1,160,0.324494638919108,0.635437582923543,0.421631874388073,0.499374608885954,0.660862053651759,0.0254244707282161,"violation"
83,50,"reverse",0.381261936620275,0.454790769027509,0.41424630354416,0.448998886412873,0.601533046472346,0.146742277444837,"violation in reverse orientation",1,0.0441379310344828,1,70,0.636172957540227,0.314054244758118,0.499183005990176,0.388875931109034,0.348117708570313,0.0340634638121948,"violation",1,50,0.381261936620275,0.454790769027509,0.41424630354416,0.448998886412873,0.601533046472346,0.146742277444837,"violation at burn-in"
84,50,"reverse",0.329560327676681,0.590712364249548,0.384187454245971,0.489897948556636,0.655567768088814,0.0648554038392654,"violation in reverse orientation",1,0.0441379310344828,1,90,0.763761939446244,0.187580741083115,0.484831649539365,0.3,0.226037767179335,0.0384570260962205,"violation",1,50,0.329560327676681,0.590712364249548,0.384187454245971,0.489897948556636,0.655567768088814,0.0648554038392654,"violation at burn-in"
85,60,"reverse",0.277090389131333,0.661196578770763,0.357071421427142,0.499722145018832,0.71040549133306,0.0492089125622976,"violation in reverse orientation",1,0.0441379310344828,1,80,0.603815767828986,0.369072457693506,0.49749371855331,0.42555111326373,0.379077778668174,0.0100053209746677,"violation",1,60,0.277090389131333,0.661196578770763,0.357071421427142,0.499722145018832,0.71040549133306,0.0492089125622976,"violation"
86,50,"reverse",0.329560327676681,0.61213738305134,0.384187454245971,0.493558507170123,0.655567768088814,0.0434303850374741,"violation in reverse orientation",1,0.0441379310344828,1,80,0.667042346118264,0.308177297821902,0.499843725578305,0.3903123748999,0.318581199288045,0.0104039014661438,"violation",1,50,0.329560327676681,0.61213738305134,0.384187454245971,0.493558507170123,0.655567768088814,0.0434303850374741,"violation at burn-in"
87,50,"forward",0.674489213358372,0.275078575707952,0.499599839871872,0.346987031457949,0.311455873083244,0.0363772973752923,"violation in forward orientation",1,0.0441379310344828,1,50,0.674489213358372,0.275078575707952,0.499599839871872,0.346987031457949,0.311455873083244,0.0363772973752923,"violation at burn-in",1,110,0.238827444645879,0.738322459515152,0.352558535084824,0.487954069102532,0.75039510859533,0.012072649080178,"violation"
88,70,"forward",0.515278239716522,0.451237844761596,0.479157423749955,0.458257569495584,0.463792430994762,0.0125545862331654,"violation in forward orientation",1,0.0441379310344828,1,70,0.515278239716522,0.451237844761596,0.479157423749955,0.458257569495584,0.463792430994762,0.0125545862331654,"violation",1,90,0.330249254092939,0.589508511541965,0.408097059382377,0.496903994999953,0.654847752834407,0.0653392412924424,"violation"
89,50,"forward",0.714489213358372,0.216786995012799,0.499599839871872,0.3,0.273182994166191,0.0563959991533918,"violation in forward orientation",1,0.0441379310344828,1,50,0.714489213358372,0.216786995012799,0.499599839871872,0.3,0.273182994166191,0.0563959991533918,"violation at burn-in",1,50,0.216786995012799,0.77213738305134,0.3,0.493558507170123,0.773430166585973,0.00129278353463358,"violation at burn-in"
90,70,"forward",0.748285526233975,0.239040057693904,0.492598275701905,0.334724986110285,0.240845939402922,0.00180588170901755,"violation in forward orientation",1,0.0441379310344828,1,70,0.748285526233975,0.239040057693904,0.492598275701905,0.334724986110285,0.240845939402922,0.00180588170901755,"violation",1,150,0.39718035037657,0.580457890619215,0.455289895439037,0.498887651569859,0.584896290412479,0.00443839979326466,"violation"
91,50,"reverse",0.152451248673278,0.77213738305134,0.237486841740758,0.493558507170123,0.840669160003691,0.0685317769523514,"violation in reverse orientation",1,0.0441379310344828,1,70,0.77493133917732,0.199008410223142,0.486763572497166,0.3,0.215350640092244,0.0163422298691021,"violation",1,50,0.152451248673278,0.77213738305134,0.237486841740758,0.493558507170123,0.840669160003691,0.0685317769523514,"violation at burn-in"
92,90,"forward",0.657042967008405,0.316774321444153,0.499876527964533,0.4,0.328148824935979,0.0113745034918265,"violation in forward orientation",1,0.0441379310344828,1,90,0.657042967008405,0.316774321444153,0.499876527964533,0.4,0.328148824935979,0.0113745034918265,"violation",1,120,0.301574017175407,0.68443380981172,0.4,0.496585563847986,0.684817002840061,0.000383193028341222,"violation"
93,50,"forward",0.546859192020479,0.329560327676681,0.48,0.384187454245971,0.433575081904397,0.104014754227716,"violation in forward orientation",1,0.0441379310344828,1,50,0.546859192020479,0.329560327676681,0.48,0.384187454245971,0.433575081904397,0.104014754227716,"violation at burn-in",1,70,0.434805754198776,0.483583542674893,0.451753951452626,0.469693777793531,0.545572983792406,0.0619894411175134,"violation"
94,50,"forward",0.694644991687999,0.246504271019468,0.5,0.324961536185438,0.292170381496025,0.0456661104765571,"violation in forward orientation",1,0.0441379310344828,1,50,0.694644991687999,0.246504271019468,0.5,0.324961536185438,0.292170381496025,0.0456661104765571,"violation at burn-in",1,50,0.152451248673278,0.826859192020479,0.237486841740758,0.48,0.840669160003691,0.0138099679832119,"violation at burn-in"
95,90,"forward",0.566413277978533,0.395765536459536,0.493913572686508,0.442216638714053,0.414865302799241,0.0190997663397052,"violation in forward orientation",1,0.0441379310344828,1,90,0.566413277978533,0.395765536459536,0.493913572686508,0.442216638714053,0.414865302799241,0.0190997663397052,"violation",1,140,0.39222269413651,0.574592224678815,0.451753951452626,0.498159879261791,0.590077668328476,0.0154854436496609,"violation"
96,50,"forward",0.524410079701748,0.381261936620275,0.47370877129308,0.41424630354416,0.455054885843651,0.0737929492233761,"violation in forward orientation",1,0.0441379310344828,1,50,0.524410079701748,0.381261936620275,0.47370877129308,0.41424630354416,0.455054885843651,0.0737929492233761,"violation at burn-in",1,170,0.186866755461576,0.798452700483978,0.322189739708921,0.458257569495584,0.804700601837074,0.00624790135309605,"violation"
97,50,"forward",0.694644991687999,0.216786995012799,0.5,0.3,0.292170381496025,0.0753833864832258,"violation in forward orientation",1,0.0441379310344828,1,50,0.694644991687999,0.216786995012799,0.5,0.3,0.292170381496025,0.0753833864832258,"violation at burn-in",1,60,0.299311814729174,0.677962140771975,0.372677996249965,0.5,0.687181290565722,0.00921914979374727,"violation"
98,90,"reverse",0.275464716989807,0.678976500805676,0.372677996249965,0.498887651569859,0.712104524369011,0.033128023563335,"violation in reverse orientation",1,0.0441379310344828,1,90,0.743018751298959,0.217843543370117,0.489897948556636,0.327542288288526,0.245885305387202,0.0280417620170859,"violation",1,90,0.275464716989807,0.678976500805676,0.372677996249965,0.498887651569859,0.712104524369011,0.033128023563335,"violation"
99,60,"forward",0.727070094348715,0.25432432379694,0.49749371855331,0.339934634239519,0.26114533079586,0.0068210069989203,"violation in forward orientation",1,0.0441379310344828,1,60,0.727070094348715,0.25432432379694,0.49749371855331,0.339934634239519,0.26114533079586,0.0068210069989203,"violation",1,100,0.298810407487868,0.658571340202755,0.392300904918661,0.499599839871872,0.687705324561067,0.0291339843583124,"violation"
100,110,"forward",0.623309040262332,0.359431711356376,0.499917348540637,0.430356377401623,0.360426187279709,0.000994475923333293,"violation in forward orientation",1,0.0441379310344828,1,110,0.623309040262332,0.359431711356376,0.499917348540637,0.430356377401623,0.360426187279709,0.000994475923333293,"violation",1,170,0.372558896878605,0.607420702938248,0.447252280124009,0.5,0.61062882393976,0.00320812100151191,"violation"
101,80,"forward",0.642042346118264,0.32367253060101,0.499843725578305,0.4,0.342501748611204,0.018829218010194,"violation in forward orientation",1,0.0441379310344828,1,80,0.642042346118264,0.32367253060101,0.499843725578305,0.4,0.342501748611204,0.018829218010194,"violation",1,80,0.0732709191287606,0.913978878076396,0.15612494995996,0.409076704298839,0.923422620715252,0.00944374263885606,"violation"
102,50,"reverse",0.275078575707952,0.694644991687999,0.346987031457949,0.5,0.712508090855548,0.017863099167549,"violation in reverse orientation",1,0.0441379310344828,1,90,0.634820744786182,0.303158498150334,0.499876527964533,0.391420332306856,0.349411535445453,0.0462530372951196,"violation",1,50,0.275078575707952,0.694644991687999,0.346987031457949,0.5,0.712508090855548,0.017863099167549,"violation at burn-in"
103,90,"reverse",0.261362863693741,0.645967901805191,0.362433476228891,0.5,0.726842744952447,0.0808748431472556,"violation in reverse orientation",1,0.0441379310344828,1,100,0.618571340202755,0.358457767577596,0.499599839871872,0.427083130081252,0.364959322797847,0.00650155522025092,"violation",1,90,0.261362863693741,0.645967901805191,0.362433476228891,0.5,0.726842744952447,0.0808748431472556,"violation"
104,60,"forward",0.694529912104096,0.277090389131333,0.499722145018832,0.357071421427142,0.292280492170539,0.0151901030392058,"violation in forward orientation",1,0.0441379310344828,1,60,0.694529912104096,0.277090389131333,0.499722145018832,0.357071421427142,0.292280492170539,0.0151901030392058,"violation",1,160,0.28115698818386,0.653901777618562,0.395235293844059,0.498082259772419,0.706155380897062,0.0522536032784995,"violation"
105,50,"forward",0.674489213358372,0.216786995012799,0.499599839871872,0.3,0.311455873083244,0.0946688780704451,"violation in forward orientation",1,0.0441379310344828,1,50,0.674489213358372,0.216786995012799,0.499599839871872,0.3,0.311455873083244,0.0946688780704451,"violation at burn-in",1,60,0.383872428163307,0.556383151271119,0.422952584681651,0.486198404860494,0.598804752581845,0.0424216013107258,"violation"
106,60,"forward",0.710899562289484,0.25432432379694,0.498887651569859,0.339934634239519,0.276617651184042,0.0222933273871024,"violation in forward orientation",1,0.0441379310344828,1,60,0.710899562289484,0.25432432379694,0.498887651569859,0.339934634239519,0.276617651184042,0.0222933273871024,"violation",1,160,0.310173845011429,0.641609709427252,0.413398642353842,0.499022481958478,0.675829094870389,0.0342193854431365,"violation"
107,90,"reverse",0.139488250402838,0.814207428738858,0.249443825784929,0.46732757432918,0.854217133019814,0.0400097042809568,"violation in reverse orientation",1,0.0441379310344828,1,160,0.666123923094054,0.317349074358807,0.49682586235018,0.417582327212252,0.319459966618051,0.00211089225924388,"violation",1,90,0.139488250402838,0.814207428738858,0.249443825784929,0.46732757432918,0.854217133019814,0.0400097042809568,"violation"
108,70,"forward",0.813795356759835,0.178102889634612,0.474664220738176,0.279941684889506,0.178164694113098,6.18044784863325e-05,"violation in forward orientation",1,0.0441379310344828,1,70,0.813795356759835,0.178102889634612,0.474664220738176,0.279941684889506,0.178164694113098,6.18044784863325e-05,"violation",1,130,0.368911008531405,0.591159946398702,0.43947251867956,0.499052356409495,0.614441328721651,0.0232813823229487,"violation"
109,70,"reverse",0.451237844761596,0.515278239716522,0.458257569495584,0.479157423749955,0.528399370489438,0.0131211307729157,"violation in reverse orientation",1,0.0441379310344828,1,80,0.577841623971563,0.383879441563478,0.49434299833213,0.433012701892219,0.403930410238905,0.020050968675427,"violation",1,70,0.451237844761596,0.515278239716522,0.458257569495584,0.479157423749955,0.528399370489438,0.0131211307729157,"violation"
110,50,"forward",0.546859192020479,0.329560327676681,0.48,0.384187454245971,0.433575081904397,0.104014754227716,"violation in forward orientation",1,0.0441379310344828,1,50,0.546859192020479,0.329560327676681,0.48,0.384187454245971,0.433575081904397,0.104014754227716,"violation at burn-in",1,60,0.424062306087747,0.556383151271119,0.442216638714053,0.486198404860494,0.556801246118126,0.000418094847006278,"violation"
111,110,"forward",0.586418960663303,0.359431711356376,0.497929597731969,0.430356377401623,0.395723426023061,0.0362917146666855,"violation in forward orientation",1,0.0441379310344828,1,110,0.586418960663303,0.359431711356376,0.497929597731969,0.430356377401623,0.395723426023061,0.0362917146666855,"violation",1,110,0.491038274302675,0.48124014169293,0.481045692920835,0.478375349706286,0.486985762525705,0.00574562083277563,"violation"
112,70,"forward",0.707263868466018,0.277251743648749,0.498159879261791,0.363935405795914,0.280096362921167,0.00284461927241819,"violation in forward orientation",1,0.0441379310344828,1,70,0.707263868466018,0.277251743648749,0.498159879261791,0.363935405795914,0.280096362921167,0.00284461927241819,"violation",1,160,0.317349074358807,0.666123923094054,0.417582327212252,0.49682586235018,0.668330072533524,0.00220614943946984,"violation"
113,50,"forward",0.56895608070809,0.381261936620275,0.485386443980464,0.41424630354416,0.412432293274784,0.0311703566545097,"violation in forward orientation",1,0.0441379310344828,1,50,0.56895608070809,0.381261936620275,0.485386443980464,0.41424630354416,0.412432293274784,0.0311703566545097,"violation at burn-in",1,80,0.308177297821902,0.667042346118264,0.3903123748999,0.499843725578305,0.677915739247317,0.0108733931290528,"violation"
114,50,"reverse",0.275078575707952,0.674489213358372,0.346987031457949,0.499599839871872,0.712508090855548,0.0380188774971758,"violation in reverse orientation",1,0.0441379310344828,1,70,0.59189294941248,0.384376285178422,0.494871659305393,0.428809457708675,0.390485793308297,0.00610950812987532,"violation",1,50,0.275078575707952,0.674489213358372,0.346987031457949,0.499599839871872,0.712508090855548,0.0380188774971758,"violation at burn-in"
115,50,"reverse",0.302716065288689,0.674489213358372,0.366606055596467,0.499599839871872,0.683623418092222,0.00913420473385007,"violation in reverse orientation",1,0.0441379310344828,1,160,0.553623923094054,0.421804934308671,0.49682586235018,0.465991885658967,0.427102438572263,0.0052975042635921,"violation",1,50,0.302716065288689,0.674489213358372,0.366606055596467,0.499599839871872,0.683623418092222,0.00913420473385007,"violation at burn-in"
116,60,"forward",0.694529912104096,0.277090389131333,0.499722145018832,0.357071421427142,0.292280492170539,0.0151901030392058,"violation in forward orientation",1,0.0441379310344828,1,60,0.694529912104096,0.277090389131333,0.499722145018832,0.357071421427142,0.292280492170539,0.0151901030392058,"violation",1,100,0.404536423902243,0.556895688006175,0.448998886412873,0.493558507170123,0.577208263032449,0.0203125750262739,"violation"
117,70,"reverse",0.239040057693904,0.693315814683084,0.334724986110285,0.499183005990176,0.750172901064524,0.05685708638144,"violation in reverse orientation",1,0.0441379310344828,1,70,0.707263868466018,0.277251743648749,0.498159879261791,0.363935405795914,0.280096362921167,0.00284461927241819,"violation",1,70,0.239040057693904,0.693315814683084,0.334724986110285,0.499183005990176,0.750172901064524,0.05685708638144,"violation"
118,50,"forward",0.694644991687999,0.275078575707952,0.5,0.346987031457949,0.292170381496025,0.0170918057880731,"violation in forward orientation",1,0.0441379310344828,1,50,0.694644991687999,0.275078575707952,0.5,0.346987031457949,0.292170381496025,0.0170918057880731,"violation at burn-in",1,50,0.355715993350399,0.61213738305134,0.4,0.493558507170123,0.628231788759531,0.016094405708191,"violation at burn-in"
119,90,"reverse",0.343591528449175,0.634820744786183,0.415739709641549,0.499876527964533,0.640903388330079,0.00608264354389632,"violation in reverse orientation",1,0.0441379310344828,1,160,0.678275613696132,0.288460711424568,0.495250883391438,0.4,0.307832962041781,0.0193722506172122,"violation",1,90,0.343591528449175,0.634820744786183,0.415739709641549,0.499876527964533,0.640903388330079,0.00608264354389632,"violation"
120,50,"forward",0.56895608070809,0.275078575707952,0.485386443980464,0.346987031457949,0.412432293274784,0.137353717566832,"violation in forward orientation",1,0.0441379310344828,1,50,0.56895608070809,0.275078575707952,0.485386443980464,0.346987031457949,0.412432293274784,0.137353717566832,"violation at burn-in",1,80,0.156435685071958,0.830809380365391,0.263391343821318,0.463512405443479,0.836504919934565,0.00569553956917479,"violation"
121,70,"forward",0.650660936341786,0.295810536031579,0.499795876701026,0.376883027379226,0.33425529210969,0.0384447560781109,"violation in forward orientation",1,0.0441379310344828,1,70,0.650660936341786,0.295810536031579,0.499795876701026,0.376883027379226,0.33425529210969,0.0384447560781109,"violation",1,160,0.33870010349401,0.623041328914409,0.42934361238989,0.499843725578305,0.64601554617508,0.0229742172606711,"violation"
122,50,"reverse",0.246504271019468,0.674489213358372,0.324961536185438,0.499599839871872,0.742371853913887,0.0678826405555144,"violation in reverse orientation",1,0.0441379310344828,1,50,0.654021127930363,0.275078575707952,0.498397431775085,0.346987031457949,0.331040186964497,0.055961611256545,"violation at burn-in",1,50,0.246504271019468,0.674489213358372,0.324961536185438,0.499599839871872,0.742371853913887,0.0678826405555144,"violation at burn-in"
123,100,"reverse",0.415857557760774,0.525284595613564,0.453762052181537,0.487749935930288,0.565376246023154,0.0400916504095897,"violation in reverse orientation",1,0.0441379310344828,1,140,0.625014033831274,0.343956010304985,0.499948976988489,0.428809457708675,0.358794811969247,0.0148388016642616,"violation",1,100,0.415857557760774,0.525284595613564,0.453762052181537,0.487749935930288,0.565376246023154,0.0400916504095897,"violation"
124,50,"forward",0.590712364249548,0.329560327676681,0.489897948556636,0.384187454245971,0.391615403133101,0.0620550754564199,"violation in forward orientation",1,0.0441379310344828,1,50,0.590712364249548,0.329560327676681,0.489897948556636,0.384187454245971,0.391615403133101,0.0620550754564199,"violation at burn-in",1,80,0.227252112493843,0.751467297585606,0.330718913883074,0.489897948556636,0.762492794977505,0.0110254973918987,"violation"
125,50,"forward",0.524410079701748,0.4062591846095,0.47370877129308,0.427083130081252,0.455054885843651,0.0487957012341506,"violation in forward orientation",1,0.0441379310344828,1,50,0.524410079701748,0.4062591846095,0.47370877129308,0.427083130081252,0.455054885843651,0.0487957012341506,"violation at burn-in",1,60,0.321054517826778,0.644232895622817,0.386939558874797,0.498887651569859,0.664457415369685,0.0202245197468678,"violation"
126,100,"reverse",0.393138664440465,0.577680196938796,0.443959457608462,0.496386945839634,0.5891203634903,0.011440166551504,"violation in reverse orientation",1,0.0441379310344828,1,110,0.586418960663303,0.39067852237157,0.497929597731969,0.445361771415123,0.395723426023061,0.00504490365149052,"violation",1,100,0.393138664440465,0.577680196938796,0.443959457608462,0.496386945839634,0.5891203634903,0.011440166551504,"violation"
127,50,"forward",0.654021127930363,0.246504271019468,0.498397431775085,0.324961536185438,0.331040186964497,0.084535915945029,"violation in forward orientation",1,0.0441379310344828,1,50,0.654021127930363,0.246504271019468,0.498397431775085,0.324961536185438,0.331040186964497,0.084535915945029,"violation at burn-in",1,80,0.260399815732986,0.679397303997039,0.357071421427142,0.499374608885954,0.727849251897318,0.0484519479002791,"violation"
128,160,"forward",0.678275613696132,0.28115698818386,0.495250883391438,0.395235293844059,0.307832962041781,0.026675973857921,"violation in forward orientation",1,0.0441379310344828,1,160,0.678275613696132,0.28115698818386,0.495250883391438,0.395235293844059,0.307832962041781,0.026675973857921,"violation",1,230,0.303958689476567,0.678620109867867,0.418296120723676,0.492380506648092,0.682324718623524,0.00370460875565737,"violation"
129,110,"reverse",0.238827444645879,0.746851440774935,0.352558535084824,0.485832335123178,0.75039510859533,0.00354366782039484,"violation in reverse orientation",1,0.0441379310344828,1,150,0.614044939371098,0.367531806168737,0.5,0.442216638714053,0.369290282571848,0.00175847640311111,"violation",1,110,0.238827444645879,0.746851440774935,0.352558535084824,0.485832335123178,0.75039510859533,0.00354366782039484,"violation"
130,70,"forward",0.826440685532036,0.15642378565755,0.469693777793531,0.257539376818856,0.166065365688979,0.00964158003142859,"violation in forward orientation",1,0.0441379310344828,1,70,0.826440685532036,0.15642378565755,0.469693777793531,0.257539376818856,0.166065365688979,0.00964158003142859,"violation",1,70,0.219286761535403,0.761680056860571,0.318157963590287,0.489897948556636,0.770817594348571,0.00913753748800039,"violation"
131,150,"forward",0.653679409779001,0.329804537087069,0.498397431775084,0.422952584681651,0.331367150400268,0.00156261331319846,"violation in forward orientation",1,0.0441379310344828,1,150,0.653679409779001,0.329804537087069,0.498397431775084,0.422952584681651,0.331367150400268,0.00156261331319846,"violation",1,180,0.389736978234911,0.565329413066226,0.455792621243748,0.498485360187225,0.592675555889519,0.0273461428232933,"violation"
132,50,"forward",0.56895608070809,0.381261936620275,0.485386443980464,0.41424630354416,0.412432293274784,0.0311703566545097,"violation in forward orientation",1,0.0441379310344828,1,50,0.56895608070809,0.381261936620275,0.485386443980464,0.41424630354416,0.412432293274784,0.0311703566545097,"violation at burn-in",1,160,0.205927109800452,0.726162040908508,0.337673566481002,0.485693769262073,0.784780120411901,0.0586180795033933,"violation"
133,50,"forward",0.501594493296846,0.355715993350399,0.466476151587624,0.4,0.47688534024106,0.121169346890661,"violation in forward orientation",1,0.0441379310344828,1,50,0.501594493296846,0.355715993350399,0.466476151587624,0.4,0.47688534024106,0.121169346890661,"violation at burn-in",1,70,0.199008410223142,0.788036585503097,0.3,0.483186700722508,0.792011036687946,0.00397445118484829,"violation"
134,50,"reverse",0.275078575707952,0.694644991687999,0.346987031457949,0.5,0.712508090855548,0.017863099167549,"violation in reverse orientation",1,0.0441379310344828,1,130,0.712368559941964,0.260840456014983,0.49140542319029,0.374955618675506,0.275212081951972,0.0143716259369889,"violation",1,50,0.275078575707952,0.694644991687999,0.346987031457949,0.5,0.712508090855548,0.017863099167549,"violation at burn-in"
135,70,"reverse",0.384376285178422,0.546359910605891,0.428809457708675,0.486763572497166,0.598278158262973,0.0519182476570819,"violation in reverse orientation",1,0.0441379310344828,1,130,0.622160706789534,0.333707961152927,0.5,0.421325044234743,0.361524937978729,0.0278169768258022,"violation",1,70,0.384376285178422,0.546359910605891,0.428809457708675,0.486763572497166,0.598278158262973,0.0519182476570819,"violation"
136,90,"forward",0.678976500805676,0.303158498150334,0.498887651569859,0.391420332306856,0.307162337854827,0.00400383970449364,"violation in forward orientation",1,0.0441379310344828,1,90,0.678976500805676,0.303158498150334,0.498887651569859,0.391420332306856,0.307162337854827,0.00400383970449364,"violation",1,90,0.369905994351297,0.61230983413901,0.429757324573638,0.498887651569859,0.613401442673832,0.0010916085348226,"violation"
137,50,"reverse",0.302716065288689,0.454790769027509,0.366606055596467,0.448998886412873,0.683623418092222,0.228832649064713,"violation in reverse orientation",1,0.0441379310344828,1,90,0.623601442490623,0.356808336031459,0.499505928733089,0.422952584681651,0.360146410402748,0.00333807437128875,"violation",1,50,0.302716065288689,0.454790769027509,0.366606055596467,0.448998886412873,0.683623418092222,0.228832649064713,"violation at burn-in"
138,50,"forward",0.714489213358372,0.216786995012799,0.499599839871872,0.3,0.273182994166191,0.0563959991533918,"violation in forward orientation",1,0.0441379310344828,1,50,0.714489213358372,0.216786995012799,0.499599839871872,0.3,0.273182994166191,0.0563959991533918,"violation at burn-in",1,60,0.383872428163307,0.592139703863035,0.422952584681651,0.493006648591635,0.598804752581845,0.00666504871881013,"violation"
139,50,"forward",0.454790769027509,0.501594493296846,0.448998886412873,0.466476151587624,0.524686115185479,0.0230916218886335,"violation in forward orientation",1,0.0441379310344828,1,50,0.454790769027509,0.501594493296846,0.448998886412873,0.466476151587624,0.524686115185479,0.0230916218886335,"violation at burn-in",1,100,0.393138664440465,0.587987176577287,0.443959457608462,0.49749371855331,0.5891203634903,0.00113318691301334,"violation"
140,60,"reverse",0.463104996184793,0.501117648712452,0.458257569495584,0.471404520791032,0.515996696053668,0.0148790473412161,"violation in reverse orientation",1,0.0441379310344828,1,100,0.618571340202755,0.358457767577596,0.499599839871872,0.427083130081252,0.364959322797847,0.00650155522025092,"violation",1,60,0.463104996184793,0.501117648712452,0.458257569495584,0.471404520791032,0.515996696053668,0.0148790473412161,"violation"
141,60,"reverse",0.321054517826778,0.627070094348715,0.386939558874797,0.49749371855331,0.664457415369685,0.0373873210209701,"violation in reverse orientation",1,0.0441379310344828,1,80,0.629397303997039,0.32367253060101,0.499374608885954,0.4,0.354600802761371,0.0309282721603616,"violation",1,60,0.321054517826778,0.627070094348715,0.386939558874797,0.49749371855331,0.664457415369685,0.0373873210209701,"violation"
142,50,"forward",0.612137383051339,0.329560327676681,0.493558507170123,0.384187454245971,0.371115474373187,0.0415551466965063,"violation in forward orientation",1,0.0441379310344828,1,50,0.612137383051339,0.329560327676681,0.493558507170123,0.384187454245971,0.371115474373187,0.0415551466965063,"violation at burn-in",1,160,0.259030400808886,0.720240586751941,0.379967103839267,0.487179381747627,0.729280463724437,0.00903987697249542,"violation"
143,60,"reverse",0.277090389131333,0.661196578770763,0.357071421427142,0.499722145018832,0.71040549133306,0.0492089125622976,"violation in reverse orientation",1,0.0441379310344828,1,280,0.655443872143682,0.307773019474292,0.494871659305394,0.424444414764159,0.32967887403934,0.0219058545650479,"violation",1,60,0.277090389131333,0.661196578770763,0.357071421427142,0.499722145018832,0.71040549133306,0.0492089125622976,"violation"
144,50,"reverse",0.275078575707952,0.56895608070809,0.346987031457949,0.485386443980464,0.712508090855548,0.143552010147458,"violation in reverse orientation",1,0.0441379310344828,1,160,0.598041328914409,0.345761529163151,0.499843725578305,0.433012701892219,0.384602888702961,0.0388413595398107,"violation",1,50,0.275078575707952,0.56895608070809,0.346987031457949,0.485386443980464,0.712508090855548,0.143552010147458,"violation at burn-in"
145,90,"forward",0.634820744786182,0.316774321444153,0.499876527964533,0.4,0.349411535445453,0.0326372140013006,"violation in forward orientation",1,0.0441379310344828,1,90,0.634820744786182,0.316774321444153,0.499876527964533,0.4,0.349411535445453,0.0326372140013006,"violation",1,130,0.342577334592128,0.637487480927162,0.426142737983524,0.499763257562486,0.641963349206547,0.0044758682793854,"violation"
146,90,"forward",0.657042967008405,0.316774321444153,0.499876527964533,0.4,0.328148824935979,0.0113745034918265,"violation in forward orientation",1,0.0441379310344828,1,90,0.657042967008405,0.316774321444153,0.499876527964533,0.4,0.328148824935979,0.0113745034918265,"violation",1,120,0.311460526685915,0.651808712749861,0.406116431033707,0.499374608885954,0.674484349754899,0.0226756370050384,"violation"
147,90,"forward",0.689834539323383,0.289392299544533,0.498020774022555,0.382325567424117,0.296773128018205,0.00738082847367211,"violation in forward orientation",1,0.0441379310344828,1,90,0.689834539323383,0.289392299544533,0.498020774022555,0.382325567424117,0.296773128018205,0.00738082847367211,"violation",1,120,0.369485323132463,0.610230297686019,0.43771819955563,0.499722145018832,0.613841097312561,0.00361079962654198,"violation"
148,50,"forward",0.654021127930363,0.185611725055255,0.498397431775085,0.271293199325011,0.331040186964497,0.145428461909242,"violation in forward orientation",1,0.0441379310344828,1,50,0.654021127930363,0.185611725055255,0.498397431775085,0.271293199325011,0.331040186964497,0.145428461909242,"violation at burn-in",1,90,0.330249254092939,0.623601442490622,0.408097059382377,0.499505928733089,0.654847752834407,0.031246310343785,"violation"
149,50,"forward",0.612137383051339,0.355715993350399,0.493558507170123,0.4,0.371115474373187,0.0153994810227883,"violation in forward orientation",1,0.0441379310344828,1,50,0.612137383051339,0.355715993350399,0.493558507170123,0.4,0.371115474373187,0.0153994810227883,"violation at burn-in",1,90,0.433781791811234,0.531207015560322,0.458257569495584,0.487498021521785,0.546643154018964,0.0154361384586419,"violation"
150,130,"reverse",0.333707961152927,0.629838556737926,0.421325044234743,0.499940824900674,0.651232966429148,0.0213944096912222,"violation in reverse orientation",1,0.0441379310344828,1,170,0.630831105440061,0.34633220374292,0.499446059932408,0.43469752439629,0.353228910035873,0.00689670629295364,"violation",1,130,0.333707961152927,0.629838556737926,0.421325044234743,0.499940824900674,0.651232966429148,0.0213944096912222,"violation"
151,50,"reverse",0.329560327676681,0.633238465893974,0.384187454245971,0.496386945839634,0.655567768088814,0.0223293021948401,"violation in reverse orientation",1,0.0441379310344828,1,90,0.577997924209187,0.395765536459536,0.495535624910617,0.442216638714053,0.403780858737173,0.00801532227763702,"violation",1,50,0.329560327676681,0.633238465893974,0.384187454245971,0.496386945839634,0.655567768088814,0.0223293021948401,"violation at burn-in"
152,70,"reverse",0.349704765490709,0.621549582751732,0.410325903324145,0.498159879261791,0.634514282295194,0.0129646995434622,"violation in reverse orientation",1,0.0441379310344828,1,150,0.73071173515061,0.235516057639575,0.485386443980464,0.360308509783244,0.257660928859102,0.0221448712195271,"violation",1,70,0.349704765490709,0.621549582751732,0.410325903324145,0.498159879261791,0.634514282295194,0.0129646995434622,"violation"
153,50,"reverse",0.185611725055255,0.77213738305134,0.271293199325011,0.493558507170123,0.806012267373436,0.0338748843220963,"violation in reverse orientation",1,0.0441379310344828,1,70,0.561680056860571,0.418190929441929,0.489897948556636,0.444696640464954,0.419394152767626,0.00120322332569722,"violation",1,50,0.185611725055255,0.77213738305134,0.271293199325011,0.493558507170123,0.806012267373436,0.0338748843220963,"violation at burn-in"
154,50,"reverse",0.329560327676681,0.633238465893974,0.384187454245971,0.496386945839634,0.655567768088814,0.0223293021948401,"violation in reverse orientation",1,0.0441379310344828,1,50,0.56895608070809,0.4062591846095,0.485386443980464,0.427083130081252,0.412432293274784,0.00617310866528414,"violation at burn-in",1,50,0.329560327676681,0.633238465893974,0.384187454245971,0.496386945839634,0.655567768088814,0.0223293021948401,"violation at burn-in"
155,50,"forward",0.590712364249548,0.381261936620275,0.489897948556636,0.41424630354416,0.391615403133101,0.0103534665128265,"violation in forward orientation",1,0.0441379310344828,1,50,0.590712364249548,0.381261936620275,0.489897948556636,0.41424630354416,0.391615403133101,0.0103534665128265,"violation at burn-in",1,230,0.259537563549332,0.70787152996874,0.389876622431169,0.486023951738509,0.728750414504418,0.0208788845356779,"violation"
156,50,"reverse",0.355715993350399,0.61213738305134,0.4,0.493558507170123,0.628231788759531,0.016094405708191,"violation in reverse orientation",1,0.0441379310344828,1,60,0.53818458826428,0.383872428163307,0.481894409826699,0.422952584681651,0.441875133384758,0.058002705221451,"violation",1,50,0.355715993350399,0.61213738305134,0.4,0.493558507170123,0.628231788759531,0.016094405708191,"violation at burn-in"
157,50,"forward",0.826859192020479,0.0745005976726398,0.48,0.14,0.165664929485024,0.0911643318123846,"violation in forward orientation",1,0.0441379310344828,1,50,0.826859192020479,0.0745005976726398,0.48,0.14,0.165664929485024,0.0911643318123846,"violation at burn-in",1,80,0.354108657851495,0.629397303997039,0.417582327212252,0.499374608885954,0.629911657684351,0.000514353687312341,"violation"
158,90,"reverse",0.202857682846242,0.763761939446244,0.314269680527354,0.484831649539365,0.787988059862562,0.0242261204163184,"violation in reverse orientation",1,0.0441379310344828,1,90,0.645967901805191,0.316774321444153,0.5,0.4,0.338745690674006,0.0219713692298532,"violation",1,90,0.202857682846242,0.763761939446244,0.314269680527354,0.484831649539365,0.787988059862562,0.0242261204163184,"violation"
159,60,"forward",0.609706494609077,0.363298063516486,0.495535624910617,0.411973569810276,0.373441401848477,0.0101433383319912,"violation in forward orientation",1,0.0441379310344828,1,60,0.609706494609077,0.363298063516486,0.495535624910617,0.411973569810276,0.373441401848477,0.0101433383319912,"violation",1,120,0.340735816085425,0.635283219199831,0.422952584681651,0.499930550732355,0.643887968998743,0.00860474979891257,"violation"
160,70,"reverse",0.434805754198776,0.515278239716522,0.451753951452626,0.479157423749955,0.545572983792406,0.0302947440758844,"violation in reverse orientation",1,0.0441379310344828,1,90,0.668045886935067,0.275464716989807,0.499505928733089,0.372677996249965,0.3176209893838,0.0421562723939928,"violation",1,70,0.434805754198776,0.515278239716522,0.451753951452626,0.479157423749955,0.545572983792406,0.0302947440758844,"violation"
161,90,"reverse",0.356808336031459,0.577997924209187,0.422952584681651,0.495535624910617,0.627090152476117,0.0490922282669298,"violation in reverse orientation",1,0.0441379310344828,1,170,0.733172066877688,0.251400563603788,0.482962312355436,0.376148759499957,0.255306829401946,0.00390626579815762,"violation",1,90,0.356808336031459,0.577997924209187,0.422952584681651,0.495535624910617,0.627090152476117,0.0490922282669298,"violation"
162,50,"forward",0.674489213358372,0.216786995012799,0.499599839871872,0.3,0.311455873083244,0.0946688780704451,"violation in forward orientation",1,0.0441379310344828,1,50,0.674489213358372,0.216786995012799,0.499599839871872,0.3,0.311455873083244,0.0946688780704451,"violation at burn-in",1,240,0.347360004394318,0.636686538986986,0.442216638714053,0.49789487400008,0.636964854253966,0.000278315266979745,"violation"
163,50,"forward",0.772137383051339,0.216786995012799,0.493558507170123,0.3,0.218023958704974,0.00123696369217496,"violation in forward orientation",1,0.0441379310344828,1,50,0.772137383051339,0.216786995012799,0.493558507170123,0.3,0.218023958704974,0.00123696369217496,"violation at burn-in",1,70,0.418190929441929,0.53089372836024,0.444696640464954,0.483186700722508,0.562937577444068,0.0320438490838275,"violation"
164,90,"forward",0.577997924209187,0.343591528449175,0.495535624910617,0.415739709641549,0.403780858737173,0.0601893302879982,"violation in forward orientation",1,0.0441379310344828,1,90,0.577997924209187,0.343591528449175,0.495535624910617,0.415739709641549,0.403780858737173,0.0601893302879982,"violation",1,140,0.477743418290753,0.477743418290753,0.481229293220042,0.481229293220042,0.500697693187764,0.0229542748970109,"violation"
165,80,"reverse",0.427434440271627,0.551467297585606,0.452596674755792,0.489897948556636,0.553276939319895,0.00180964173428932,"violation in reverse orientation",1,0.0441379310344828,1,130,0.64510744850675,0.333707961152927,0.499467171715321,0.421325044234743,0.339568991296632,0.00586103014370515,"violation",1,80,0.427434440271627,0.551467297585606,0.452596674755792,0.489897948556636,0.553276939319895,0.00180964173428932,"violation"
166,50,"forward",0.633238465893974,0.275078575707952,0.496386945839634,0.346987031457949,0.350925494656816,0.0758469189488641,"violation in forward orientation",1,0.0441379310344828,1,50,0.633238465893974,0.275078575707952,0.496386945839634,0.346987031457949,0.350925494656816,0.0758469189488641,"violation at burn-in",1,90,0.356808336031459,0.483168476855012,0.422952584681651,0.475186772896513,0.627090152476117,0.143921675621105,"violation"
167,70,"reverse",0.314054244758118,0.66501401703857,0.388875931109034,0.5,0.671773586263264,0.00675956922469401,"violation in reverse orientation",1,0.0441379310344828,1,120,0.668192560636227,0.301574017175407,0.498260864295892,0.4,0.317480648763679,0.0159066315882723,"violation",1,70,0.314054244758118,0.66501401703857,0.388875931109034,0.5,0.671773586263264,0.00675956922469401,"violation"
168,150,"forward",0.58721595995273,0.382412101557293,0.499288382489407,0.448998886412873,0.394960839590531,0.0125487380332379,"violation in forward orientation",1,0.0441379310344828,1,150,0.58721595995273,0.382412101557293,0.499288382489407,0.448998886412873,0.394960839590531,0.0125487380332379,"violation",1,220,0.367343777157797,0.599594214687196,0.449885201151223,0.499979338416074,0.616079283762351,0.0164850690751552,"violation"
169,50,"forward",0.612137383051339,0.275078575707952,0.493558507170123,0.346987031457949,0.371115474373187,0.0960368986652353,"violation in forward orientation",1,0.0441379310344828,1,50,0.612137383051339,0.275078575707952,0.493558507170123,0.346987031457949,0.371115474373187,0.0960368986652353,"violation at burn-in",1,100,0.261683564317147,0.726417177917328,0.366606055596467,0.491833305094317,0.726507572232254,9.03943149253017e-05,"violation"
170,160,"forward",0.610575889280711,0.352796350711866,0.5,0.436561493377508,0.372609545923513,0.0198131952116467,"violation in forward orientation",1,0.0441379310344828,1,160,0.610575889280711,0.352796350711866,0.5,0.436561493377508,0.372609545923513,0.0198131952116467,"violation",1,250,0.373393327523893,0.593502848144214,0.454682306671372,0.499983999743992,0.609756738359685,0.0162538902154714,"violation"
171,160,"reverse",0.428581931084374,0.521369530078241,0.46837484987988,0.49228421668788,0.552077666262612,0.0307081361843714,"violation in reverse orientation",1,0.0441379310344828,1,220,0.61317164066046,0.357392939755917,0.499669312133138,0.445361771415123,0.370125873967115,0.0127329342111974,"violation",1,160,0.428581931084374,0.521369530078241,0.46837484987988,0.49228421668788,0.552077666262612,0.0307081361843714,"violation"
172,70,"forward",0.66501401703857,0.314054244758118,0.5,0.388875931109034,0.320521949119822,0.00646770436170385,"violation in forward orientation",1,0.0441379310344828,1,70,0.66501401703857,0.314054244758118,0.5,0.388875931109034,0.320521949119822,0.00646770436170385,"violation",1,90,0.356808336031459,0.566413277978533,0.422952584681651,0.493913572686508,0.627090152476117,0.0606768744975841,"violation"
173,90,"forward",0.753429237782545,0.232572423955049,0.487498021521785,0.339934634239519,0.235924323170855,0.00335189921580645,"violation in forward orientation",1,0.0441379310344828,1,90,0.753429237782545,0.232572423955049,0.487498021521785,0.339934634239519,0.235924323170855,0.00335189921580645,"violation",1,160,0.317349074358807,0.641609709427252,0.417582327212252,0.499022481958478,0.668330072533524,0.0267203631062717,"violation"
174,50,"forward",0.826859192020479,0.116284945699819,0.48,0.195959179422654,0.165664929485024,0.049379983785205,"violation in forward orientation",1,0.0441379310344828,1,50,0.826859192020479,0.116284945699819,0.48,0.195959179422654,0.165664929485024,0.049379983785205,"violation at burn-in",1,60,0.363298063516486,0.592139703863035,0.411973569810276,0.493006648591635,0.620307566301619,0.0281678624385836,"violation"
175,80,"reverse",0.369072457693506,0.603815767828986,0.42555111326373,0.49749371855331,0.614272593923884,0.010456826094898,"violation in reverse orientation",1,0.0441379310344828,1,90,0.71133125754252,0.275464716989807,0.495535624910617,0.372677996249965,0.276204595680329,0.000739878690521611,"violation",1,80,0.369072457693506,0.603815767828986,0.42555111326373,0.49749371855331,0.614272593923884,0.010456826094898,"violation"
176,100,"reverse",0.427104455396434,0.546417177917328,0.458257569495584,0.491833305094317,0.553621815257666,0.00720463734033816,"violation in reverse orientation",1,0.0441379310344828,1,110,0.577086061449853,0.400967433231594,0.497015888466787,0.449885201151223,0.404653349061597,0.00368591583000299,"violation",1,100,0.427104455396434,0.546417177917328,0.458257569495584,0.491833305094317,0.553621815257666,0.00720463734033816,"violation"
177,70,"reverse",0.239040057693904,0.748285526233975,0.334724986110285,0.492598275701905,0.750172901064524,0.00188737483054924,"violation in reverse orientation",1,0.0441379310344828,1,80,0.642042346118264,0.338978878076396,0.499843725578305,0.409076704298839,0.342501748611204,0.00352287053480771,"violation",1,70,0.239040057693904,0.748285526233975,0.334724986110285,0.492598275701905,0.750172901064524,0.00188737483054924,"violation"
178,90,"forward",0.531207015560322,0.421207676384509,0.487498021521785,0.453246178986025,0.448551428265595,0.0273437518810862,"violation in forward orientation",1,0.0441379310344828,1,90,0.531207015560322,0.421207676384509,0.487498021521785,0.453246178986025,0.448551428265595,0.0273437518810862,"violation",1,140,0.343956010304985,0.639203467785065,0.428809457708675,0.499540605283025,0.640522458683683,0.00131899089861831,"violation"
179,60,"forward",0.644232895622817,0.321054517826778,0.498887651569859,0.386939558874797,0.340405782712464,0.0193512648856857,"violation in forward orientation",1,0.0441379310344828,1,60,0.644232895622817,0.321054517826778,0.498887651569859,0.386939558874797,0.340405782712464,0.0193512648856857,"violation",1,100,0.346724065972573,0.598237834688651,0.420832508250016,0.498397431775084,0.637629490351108,0.0393916556624567,"violation"
180,70,"reverse",0.384376285178422,0.576856954805403,0.428809457708675,0.492598275701905,0.598278158262973,0.0214212034575698,"violation in reverse orientation",1,0.0441379310344828,1,100,0.773135037261782,0.21013284630978,0.48,0.324961536185438,0.21706938123504,0.00693653492526022,"violation",1,70,0.384376285178422,0.576856954805403,0.428809457708675,0.492598275701905,0.598278158262973,0.0214212034575698,"violation"
181,120,"forward",0.593351723889555,0.369485323132463,0.498887651569859,0.43771819955563,0.389090005835087,0.0196046827026245,"violation in forward orientation",1,0.0441379310344828,1,120,0.593351723889555,0.369485323132463,0.498887651569859,0.43771819955563,0.389090005835087,0.0196046827026245,"violation",1,160,0.36678871548486,0.579109709427252,0.443309640657633,0.499022481958478,0.616659393426054,0.0375496839988012,"violation"
182,50,"forward",0.694644991687999,0.185611725055255,0.5,0.271293199325011,0.292170381496025,0.10655865644077,"violation in forward orientation",1,0.0441379310344828,1,50,0.694644991687999,0.185611725055255,0.5,0.271293199325011,0.292170381496025,0.10655865644077,"violation at burn-in",1,60,0.230926430345563,0.74303982794241,0.321022671404304,0.495535624910617,0.758652668020049,0.0156128400776385,"violation"
183,50,"reverse",0.381261936620275,0.501594493296846,0.41424630354416,0.466476151587624,0.601533046472346,0.0999385531755006,"violation in reverse orientation",1,0.0441379310344828,1,100,0.707316518042841,0.274187264057314,0.495075751779463,0.375632799419859,0.280045986649197,0.0058587225918838,"violation",1,50,0.381261936620275,0.501594493296846,0.41424630354416,0.466476151587624,0.601533046472346,0.0999385531755006,"violation at burn-in"
184,90,"forward",0.721968833534088,0.247071505072811,0.493913572686508,0.351539822656808,0.266026329232923,0.0189548241601119,"violation in forward orientation",1,0.0441379310344828,1,90,0.721968833534088,0.247071505072811,0.493913572686508,0.351539822656808,0.266026329232923,0.0189548241601119,"violation",1,110,0.411196235626877,0.548818706842662,0.454181672610793,0.49326036240911,0.570247917311849,0.0214292104691868,"violation"
185,60,"reverse",0.299311814729174,0.677962140771975,0.372677996249965,0.5,0.687181290565722,0.00921914979374727,"violation in reverse orientation",1,0.0441379310344828,1,200,0.653830448363256,0.330530455828024,0.49696579359147,0.430087200460558,0.331222633364093,0.000692177536068983,"violation",1,60,0.299311814729174,0.677962140771975,0.372677996249965,0.5,0.687181290565722,0.00921914979374727,"violation"
186,50,"forward",0.80895608070809,0.116284945699819,0.485386443980464,0.195959179422654,0.182795019772465,0.0665100740726452,"violation in forward orientation",1,0.0441379310344828,1,50,0.80895608070809,0.116284945699819,0.485386443980464,0.195959179422654,0.182795019772465,0.0665100740726452,"violation at burn-in",1,50,0.329560327676681,0.590712364249548,0.384187454245971,0.489897948556636,0.655567768088814,0.0648554038392654,"violation at burn-in"
187,50,"forward",0.633238465893974,0.302716065288689,0.496386945839634,0.366606055596467,0.350925494656816,0.0482094293681272,"violation in forward orientation",1,0.0441379310344828,1,50,0.633238465893974,0.302716065288689,0.496386945839634,0.366606055596467,0.350925494656816,0.0482094293681272,"violation at burn-in",1,60,0.181705607971508,0.804851254930947,0.276385399196283,0.481894409826699,0.810094653851037,0.0052433989200904,"violation"
188,50,"forward",0.654021127930363,0.302716065288689,0.498397431775085,0.366606055596467,0.331040186964497,0.0283241216758081,"violation in forward orientation",1,0.0441379310344828,1,50,0.654021127930363,0.302716065288689,0.498397431775085,0.366606055596467,0.331040186964497,0.0283241216758081,"violation at burn-in",1,70,0.178102889634612,0.800992525430808,0.279941684889506,0.479157423749955,0.81385995025814,0.0128674248273324,"violation"
189,50,"forward",0.612137383051339,0.246504271019468,0.493558507170123,0.324961536185438,0.371115474373187,0.124611203353719,"violation in forward orientation",1,0.0441379310344828,1,50,0.612137383051339,0.246504271019468,0.493558507170123,0.324961536185438,0.371115474373187,0.124611203353719,"violation at burn-in",1,90,0.275464716989807,0.623601442490622,0.372677996249965,0.499505928733089,0.712104524369011,0.088503081878389,"violation"
190,130,"forward",0.667792991566671,0.306802581183292,0.497865265393366,0.405655288413391,0.317862965229132,0.01106038404584,"violation in forward orientation",1,0.0441379310344828,1,130,0.667792991566671,0.306802581183292,0.497865265393366,0.405655288413391,0.317862965229132,0.01106038404584,"violation",1,220,0.357392939755917,0.622183909268911,0.445361771415123,0.499255644281672,0.626479167631496,0.00429525836258571,"violation"
191,100,"forward",0.658571340202755,0.322972911087052,0.499599839871872,0.407308237088326,0.326686443880794,0.00371353279374137,"violation in forward orientation",1,0.0441379310344828,1,100,0.658571340202755,0.322972911087052,0.499599839871872,0.407308237088326,0.326686443880794,0.00371353279374137,"violation",1,120,0.321281192805974,0.643563631019352,0.411973569810276,0.499722145018832,0.664220511341967,0.0206568803226154,"violation"
192,50,"reverse",0.246504271019468,0.633238465893974,0.324961536185438,0.496386945839634,0.742371853913887,0.109133388019913,"violation in reverse orientation",1,0.0441379310344828,1,50,0.612137383051339,0.355715993350399,0.493558507170123,0.4,0.371115474373187,0.0153994810227883,"violation at burn-in",1,50,0.246504271019468,0.633238465893974,0.324961536185438,0.496386945839634,0.742371853913887,0.109133388019913,"violation at burn-in"
193,50,"forward",0.654021127930363,0.329560327676681,0.498397431775085,0.384187454245971,0.331040186964497,0.00147985928781597,"violation in forward orientation",1,0.0441379310344828,1,50,0.654021127930363,0.329560327676681,0.498397431775085,0.384187454245971,0.331040186964497,0.00147985928781597,"violation at burn-in",1,140,0.408041743115843,0.559967969201867,0.458257569495584,0.496723961448963,0.573544761030212,0.0135767918283457,"violation"
194,50,"forward",0.590712364249548,0.329560327676681,0.489897948556636,0.384187454245971,0.391615403133101,0.0620550754564199,"violation in forward orientation",1,0.0441379310344828,1,50,0.590712364249548,0.329560327676681,0.489897948556636,0.384187454245971,0.391615403133101,0.0620550754564199,"violation at burn-in",1,120,0.331038786191009,0.643563631019352,0.417582327212252,0.499722145018832,0.654022591915856,0.0104589608965039,"violation"
195,80,"reverse",0.354108657851495,0.629397303997039,0.417582327212252,0.499374608885954,0.629911657684351,0.000514353687312341,"violation in reverse orientation",1,0.0441379310344828,1,130,0.64510744850675,0.333707961152927,0.499467171715321,0.421325044234743,0.339568991296632,0.00586103014370515,"violation",1,80,0.354108657851495,0.629397303997039,0.417582327212252,0.499374608885954,0.629911657684351,0.000514353687312341,"violation"
196,50,"forward",0.454790769027509,0.4062591846095,0.448998886412873,0.427083130081252,0.524686115185479,0.118426930575979,"violation in forward orientation",1,0.0441379310344828,1,50,0.454790769027509,0.4062591846095,0.448998886412873,0.427083130081252,0.524686115185479,0.118426930575979,"violation at burn-in",1,50,0.329560327676681,0.654021127930363,0.384187454245971,0.498397431775084,0.655567768088814,0.00154664015845085,"violation at burn-in"
197,80,"forward",0.691655263867034,0.292478733192347,0.498591766879478,0.379967103839267,0.295031018768193,0.00255228557584652,"violation in forward orientation",1,0.0441379310344828,1,80,0.691655263867034,0.292478733192347,0.498591766879478,0.379967103839267,0.295031018768193,0.00255228557584652,"violation",1,150,0.374986270713314,0.580457890619215,0.445670531022887,0.498887651569859,0.608091911218906,0.0276340205996917,"violation"
198,50,"forward",0.654021127930363,0.302716065288689,0.498397431775085,0.366606055596467,0.331040186964497,0.0283241216758081,"violation in forward orientation",1,0.0441379310344828,1,50,0.654021127930363,0.302716065288689,0.498397431775085,0.366606055596467,0.331040186964497,0.0283241216758081,"violation at burn-in",1,80,0.276559731956136,0.654590663251262,0.368908864084343,0.5,0.710960095209447,0.0563694319581846,"violation"
199,130,"forward",0.53578333160449,0.428913170816371,0.49278822701683,0.464668871093506,0.444172708519481,0.0152595377031099,"violation in forward orientation",1,0.0441379310344828,1,130,0.53578333160449,0.428913170816371,0.49278822701683,0.464668871093506,0.444172708519481,0.0152595377031099,"violation",1,150,0.433639495883796,0.539478320967413,0.468994195652308,0.494592986426438,0.546791871263619,0.00731355029620506,"violation"
200,60,"reverse",0.404119734820393,0.574366575369876,0.433012701892219,0.489897948556636,0.577643755834287,0.00327718046441139,"violation in reverse orientation",1,0.0441379310344828,1,90,0.645967901805191,0.330249254092939,0.5,0.408097059382377,0.338745690674006,0.0084964365810668,"violation",1,60,0.404119734820393,0.574366575369876,0.433012701892219,0.489897948556636,0.577643755834287,0.00327718046441139,"violation"
201,70,"reverse",0.349704765490709,0.621549582751732,0.410325903324145,0.498159879261791,0.634514282295194,0.0129646995434622,"violation in reverse orientation",1,0.0441379310344828,1,100,0.697680196938796,0.274187264057314,0.496386945839634,0.375632799419859,0.289266230419721,0.0150789663624077,"violation",1,70,0.349704765490709,0.621549582751732,0.410325903324145,0.498159879261791,0.634514282295194,0.0129646995434622,"violation"
202,50,"forward",0.734021127930363,0.246504271019468,0.498397431775084,0.324961536185438,0.254494429130391,0.00799015811092246,"violation in forward orientation",1,0.0441379310344828,1,50,0.734021127930363,0.246504271019468,0.498397431775084,0.324961536185438,0.254494429130391,0.00799015811092246,"violation at burn-in",1,160,0.421804934308671,0.534324833300536,0.465991885658967,0.49434299833213,0.559160485185527,0.0248356518849906,"violation"
203,70,"reverse",0.349704765490709,0.621549582751732,0.410325903324145,0.498159879261791,0.634514282295194,0.0129646995434622,"violation in reverse orientation",1,0.0441379310344828,1,70,0.66501401703857,0.314054244758118,0.5,0.388875931109034,0.320521949119822,0.00646770436170385,"violation",1,70,0.349704765490709,0.621549582751732,0.410325903324145,0.498159879261791,0.634514282295194,0.0129646995434622,"violation"
204,100,"forward",0.628654591240726,0.346724065972573,0.499899989998,0.420832508250016,0.355311446646184,0.00858738067361076,"violation in forward orientation",1,0.0441379310344828,1,100,0.628654591240726,0.346724065972573,0.499899989998,0.420832508250016,0.355311446646184,0.00858738067361076,"violation",1,160,0.266443233185236,0.684324833300536,0.385225177655874,0.49434299833213,0.721533116165435,0.0372082828648989,"violation"
205,50,"reverse",0.216786995012799,0.694644991687999,0.3,0.5,0.773430166585973,0.0787851748979741,"violation in reverse orientation",1,0.0441379310344828,1,110,0.577086061449853,0.359431711356376,0.497015888466787,0.430356377401623,0.404653349061597,0.0452216377052212,"violation",1,50,0.216786995012799,0.694644991687999,0.3,0.5,0.773430166585973,0.0787851748979741,"violation at burn-in"
206,50,"forward",0.772137383051339,0.185611725055255,0.493558507170123,0.271293199325011,0.218023958704974,0.0324122336497197,"violation in forward orientation",1,0.0441379310344828,1,50,0.772137383051339,0.185611725055255,0.493558507170123,0.271293199325011,0.218023958704974,0.0324122336497197,"violation at burn-in",1,100,0.334897285537307,0.628654591240726,0.41424630354416,0.499899989998,0.649989971997548,0.0213353807568224,"violation"
207,50,"forward",0.753238465893974,0.216786995012799,0.496386945839634,0.3,0.236106857905656,0.019319862892857,"violation in forward orientation",1,0.0441379310344828,1,50,0.753238465893974,0.216786995012799,0.496386945839634,0.3,0.236106857905656,0.019319862892857,"violation at burn-in",1,80,0.276559731956136,0.703815767828986,0.368908864084343,0.49749371855331,0.710960095209447,0.00714432738046078,"violation"
208,50,"reverse",0.152451248673278,0.826859192020479,0.237486841740758,0.48,0.840669160003691,0.0138099679832119,"violation in reverse orientation",1,0.0441379310344828,1,280,0.556175817651973,0.408312232562363,0.499183005990176,0.469693777793531,0.424660729786656,0.0163484972242928,"violation",1,50,0.152451248673278,0.826859192020479,0.237486841740758,0.48,0.840669160003691,0.0138099679832119,"violation at burn-in"
209,90,"forward",0.519317495001799,0.446262250701477,0.484831649539365,0.462948147911104,0.45992758278355,0.0136653320820724,"violation in forward orientation",1,0.0441379310344828,1,90,0.519317495001799,0.446262250701477,0.484831649539365,0.462948147911104,0.45992758278355,0.0136653320820724,"violation",1,160,0.317349074358807,0.653901777618562,0.417582327212252,0.498082259772419,0.668330072533524,0.0144282949149617,"violation"
210,50,"forward",0.694644991687999,0.216786995012799,0.5,0.3,0.292170381496025,0.0753833864832258,"violation in forward orientation",1,0.0441379310344828,1,50,0.694644991687999,0.216786995012799,0.5,0.3,0.292170381496025,0.0753833864832258,"violation at burn-in",1,90,0.330249254092939,0.645967901805191,0.408097059382377,0.5,0.654847752834407,0.0088798510292164,"violation"
211,90,"reverse",0.356808336031459,0.61230983413901,0.422952584681651,0.498887651569859,0.627090152476117,0.0147803183371072,"violation in reverse orientation",1,0.0441379310344828,1,90,0.678976500805676,0.303158498150334,0.498887651569859,0.391420332306856,0.307162337854827,0.00400383970449364,"violation",1,90,0.356808336031459,0.61230983413901,0.422952584681651,0.498887651569859,0.627090152476117,0.0147803183371072,"violation"
212,50,"reverse",0.216786995012799,0.694644991687999,0.3,0.5,0.773430166585973,0.0787851748979741,"violation in reverse orientation",1,0.0441379310344828,1,160,0.635437582923543,0.345761529163151,0.499374608885954,0.433012701892219,0.348821331161888,0.00305980199873701,"violation",1,50,0.216786995012799,0.694644991687999,0.3,0.5,0.773430166585973,0.0787851748979741,"violation at burn-in"
213,160,"forward",0.6600216206812,0.317349074358807,0.49749371855331,0.417582327212252,0.325298783652111,0.00794970929330441,"violation in forward orientation",1,0.0441379310344828,1,160,0.6600216206812,0.317349074358807,0.49749371855331,0.417582327212252,0.325298783652111,0.00794970929330441,"violation",1,210,0.404498861133609,0.563614625031171,0.464230765979198,0.498887651569859,0.577247520877374,0.0136328958462025,"violation"
214,50,"forward",0.753238465893974,0.216786995012799,0.496386945839634,0.3,0.236106857905656,0.019319862892857,"violation in forward orientation",1,0.0441379310344828,1,50,0.753238465893974,0.216786995012799,0.496386945839634,0.3,0.236106857905656,0.019319862892857,"violation at burn-in",1,90,0.187580741083115,0.78418865915957,0.3,0.478681316189734,0.803954396543152,0.0197657373835822,"violation"
215,100,"reverse",0.249038993743375,0.735880378407413,0.357071421427142,0.489897948556636,0.739722748024151,0.00384236961673823,"violation in reverse orientation",1,0.0441379310344828,1,150,0.518707073232583,0.455216575972217,0.49121165386103,0.475908487935327,0.460511647745089,0.00529507177287136,"violation",1,100,0.249038993743375,0.735880378407413,0.357071421427142,0.489897948556636,0.739722748024151,0.00384236961673823,"violation"
216,60,"reverse",0.404119734820393,0.574366575369876,0.433012701892219,0.489897948556636,0.577643755834287,0.00327718046441139,"violation in reverse orientation",1,0.0441379310344828,1,90,0.689834539323383,0.261362863693741,0.498020774022555,0.362433476228891,0.296773128018205,0.0354102643244636,"violation",1,60,0.404119734820393,0.574366575369876,0.433012701892219,0.489897948556636,0.577643755834287,0.00327718046441139,"violation"
217,80,"forward",0.739705087131815,0.210195306156735,0.49228421668788,0.315980616494114,0.249055892073224,0.0388605859164891,"violation in forward orientation",1,0.0441379310344828,1,80,0.739705087131815,0.210195306156735,0.49228421668788,0.315980616494114,0.249055892073224,0.0388605859164891,"violation",1,120,0.407087678301415,0.559167193522576,0.454529671443155,0.495535624910617,0.5745418794508,0.0153746859282238,"violation"
218,50,"forward",0.694644991687999,0.275078575707952,0.5,0.346987031457949,0.292170381496025,0.0170918057880731,"violation in forward orientation",1,0.0441379310344828,1,50,0.694644991687999,0.275078575707952,0.5,0.346987031457949,0.292170381496025,0.0170918057880731,"violation at burn-in",1,120,0.369485323132463,0.60180871274986,0.43771819955563,0.499374608885954,0.613841097312561,0.0120323845627002,"violation"
219,90,"reverse",0.261362863693741,0.71133125754252,0.362433476228891,0.495535624910617,0.726842744952447,0.0155114874099261,"violation in reverse orientation",1,0.0441379310344828,1,160,0.823747426619383,0.141672793132552,0.446514277487294,0.27321866242993,0.168642334995385,0.0269695418628333,"violation",1,90,0.261362863693741,0.71133125754252,0.362433476228891,0.495535624910617,0.726842744952447,0.0155114874099261,"violation"
220,50,"forward",0.590712364249548,0.355715993350399,0.489897948556636,0.4,0.391615403133101,0.0358994097827018,"violation in forward orientation",1,0.0441379310344828,1,50,0.590712364249548,0.355715993350399,0.489897948556636,0.4,0.391615403133101,0.0358994097827018,"violation at burn-in",1,60,0.230926430345563,0.74303982794241,0.321022671404304,0.495535624910617,0.758652668020049,0.0156128400776385,"violation"
221,50,"forward",0.674489213358372,0.302716065288689,0.499599839871872,0.366606055596467,0.311455873083244,0.00873980779455541,"violation in forward orientation",1,0.0441379310344828,1,50,0.674489213358372,0.302716065288689,0.499599839871872,0.366606055596467,0.311455873083244,0.00873980779455541,"violation at burn-in",1,110,0.283966960418264,0.694981316500521,0.385694607919935,0.495933879890395,0.703218604449704,0.00823728794918288,"violation"
222,50,"forward",0.590712364249548,0.355715993350399,0.489897948556636,0.4,0.391615403133101,0.0358994097827018,"violation in forward orientation",1,0.0441379310344828,1,50,0.590712364249548,0.355715993350399,0.489897948556636,0.4,0.391615403133101,0.0358994097827018,"violation at burn-in",1,160,0.228966979922067,0.726162040908508,0.357071421427142,0.485693769262073,0.76070054158372,0.0345385006752122,"violation"
223,70,"forward",0.66501401703857,0.314054244758118,0.5,0.388875931109034,0.320521949119822,0.00646770436170385,"violation in forward orientation",1,0.0441379310344828,1,70,0.66501401703857,0.314054244758118,0.5,0.388875931109034,0.320521949119822,0.00646770436170385,"violation",1,120,0.198185572513956,0.786372793895149,0.321022671404304,0.471404520791032,0.792871006183284,0.00649821228813496,"violation"
224,100,"forward",0.735880378407413,0.236241940338561,0.489897948556636,0.346987031457949,0.252715457420775,0.0164735170822139,"violation in forward orientation",1,0.0441379310344828,1,100,0.735880378407413,0.236241940338561,0.489897948556636,0.346987031457949,0.252715457420775,0.0164735170822139,"violation",1,170,0.251400563603789,0.733172066877688,0.376148759499957,0.482962312355436,0.737254608780661,0.00408254190297352,"violation"
225,90,"forward",0.566413277978533,0.356808336031459,0.493913572686508,0.422952584681651,0.414865302799241,0.058056966767782,"violation in forward orientation",1,0.0441379310344828,1,90,0.566413277978533,0.356808336031459,0.493913572686508,0.422952584681651,0.414865302799241,0.058056966767782,"violation",1,280,0.366265521563528,0.59202014371622,0.453430799346403,0.499948976988489,0.617206197258048,0.0251860535418275,"violation"
226,110,"reverse",0.272841182473027,0.712455070479026,0.378011325205305,0.49326036240911,0.71484644981702,0.00239137933799405,"violation in reverse orientation",1,0.0441379310344828,1,200,0.668454580079936,0.308043640345364,0.495075751779463,0.417582327212252,0.317229942802605,0.00918630245724106,"violation",1,110,0.272841182473027,0.712455070479026,0.378011325205305,0.49326036240911,0.71484644981702,0.00239137933799405,"violation"
227,90,"forward",0.721968833534088,0.232572423955049,0.493913572686508,0.339934634239519,0.266026329232923,0.0334539052778744,"violation in forward orientation",1,0.0441379310344828,1,90,0.721968833534088,0.232572423955049,0.493913572686508,0.339934634239519,0.266026329232923,0.0334539052778744,"violation",1,120,0.321281192805974,0.643563631019352,0.411973569810276,0.499722145018832,0.664220511341967,0.0206568803226154,"violation"
228,50,"reverse",0.246504271019468,0.734021127930363,0.324961536185438,0.498397431775084,0.742371853913887,0.00835072598352382,"violation in reverse orientation",1,0.0441379310344828,1,90,0.634820744786182,0.343591528449175,0.499876527964533,0.415739709641549,0.349411535445453,0.00582000699627866,"violation",1,50,0.246504271019468,0.734021127930363,0.324961536185438,0.498397431775084,0.742371853913887,0.00835072598352382,"violation at burn-in"
229,70,"reverse",0.332011213630856,0.650660936341786,0.4,0.499795876701026,0.653006282228827,0.00234534588704083,"violation in reverse orientation",1,0.0441379310344828,1,170,0.630831105440061,0.319742805792186,0.499446059932408,0.420454524200198,0.353228910035873,0.033486104243687,"violation",1,70,0.332011213630856,0.650660936341786,0.4,0.499795876701026,0.653006282228827,0.00234534588704083,"violation"
230,50,"forward",0.790712364249548,0.152451248673278,0.489897948556636,0.237486841740758,0.200251008547835,0.0477997598745565,"violation in forward orientation",1,0.0441379310344828,1,50,0.790712364249548,0.152451248673278,0.489897948556636,0.237486841740758,0.200251008547835,0.0477997598745565,"violation at burn-in",1,80,0.210195306156735,0.763126767493411,0.315980616494113,0.487179381747627,0.780319315291353,0.0171925477979418,"violation"
231,50,"forward",0.612137383051339,0.302716065288689,0.493558507170123,0.366606055596467,0.371115474373187,0.0683994090844984,"violation in forward orientation",1,0.0441379310344828,1,50,0.612137383051339,0.302716065288689,0.493558507170123,0.366606055596467,0.371115474373187,0.0683994090844984,"violation at burn-in",1,400,0.431719517892623,0.546905303988912,0.480722113075735,0.499374608885954,0.548798491142237,0.00189318715332454,"violation"
232,50,"forward",0.654021127930363,0.275078575707952,0.498397431775085,0.346987031457949,0.331040186964497,0.055961611256545,"violation in forward orientation",1,0.0441379310344828,1,50,0.654021127930363,0.275078575707952,0.498397431775085,0.346987031457949,0.331040186964497,0.055961611256545,"violation at burn-in",1,90,0.316774321444153,0.634820744786183,0.4,0.499876527964533,0.668930762035769,0.0341100172495863,"violation"
233,50,"reverse",0.116284945699819,0.826859192020479,0.195959179422654,0.48,0.87846752166009,0.0516083296396109,"violation in reverse orientation",1,0.0441379310344828,1,90,0.721968833534088,0.187580741083115,0.493913572686508,0.3,0.266026329232923,0.0784455881498083,"violation",1,50,0.116284945699819,0.826859192020479,0.195959179422654,0.48,0.87846752166009,0.0516083296396109,"violation at burn-in"
234,90,"reverse",0.356808336031459,0.623601442490622,0.422952584681651,0.499505928733089,0.627090152476117,0.00348870998549455,"violation in reverse orientation",1,0.0441379310344828,1,90,0.519317495001799,0.458651873183302,0.484831649539365,0.46732757432918,0.45992758278355,0.0012757096002477,"violation",1,90,0.356808336031459,0.623601442490622,0.422952584681651,0.499505928733089,0.627090152476117,0.00348870998549455,"violation"
235,60,"reverse",0.424062306087747,0.556383151271119,0.442216638714053,0.486198404860494,0.556801246118126,0.000418094847006278,"violation in reverse orientation",1,0.0441379310344828,1,170,0.619155668869052,0.339720188690802,0.499861572533338,0.431301241878197,0.364400224290523,0.0246800355997209,"violation",1,60,0.424062306087747,0.556383151271119,0.442216638714053,0.486198404860494,0.556801246118126,0.000418094847006278,"violation"
236,50,"forward",0.694644991687999,0.275078575707952,0.5,0.346987031457949,0.292170381496025,0.0170918057880731,"violation in forward orientation",1,0.0441379310344828,1,50,0.694644991687999,0.275078575707952,0.5,0.346987031457949,0.292170381496025,0.0170918057880731,"violation at burn-in",1,90,0.316774321444153,0.668045886935067,0.4,0.499505928733089,0.668930762035769,0.000884875100701898,"violation"
237,50,"reverse",0.275078575707952,0.478395081610861,0.346987031457949,0.458257569495584,0.712508090855548,0.234113009244687,"violation in reverse orientation",1,0.0441379310344828,1,50,0.590712364249548,0.329560327676681,0.489897948556636,0.384187454245971,0.391615403133101,0.0620550754564199,"violation at burn-in",1,50,0.275078575707952,0.478395081610861,0.346987031457949,0.458257569495584,0.712508090855548,0.234113009244687,"violation at burn-in"
238,60,"forward",0.710899562289484,0.230926430345563,0.498887651569859,0.321022671404304,0.276617651184042,0.0456912208384788,"violation in forward orientation",1,0.0441379310344828,1,60,0.710899562289484,0.230926430345563,0.498887651569859,0.321022671404304,0.276617651184042,0.0456912208384788,"violation",1,200,0.42886366220779,0.538715334237523,0.471990466005406,0.496386945839634,0.551783221599563,0.0130678873620398,"violation"
239,90,"forward",0.600945650434495,0.356808336031459,0.498020774022555,0.422952584681651,0.381823970056101,0.0250156340246417,"violation in forward orientation",1,0.0441379310344828,1,90,0.600945650434495,0.356808336031459,0.498020774022555,0.422952584681651,0.381823970056101,0.0250156340246417,"violation",1,130,0.360177427802966,0.614453941353311,0.43521062030202,0.499940824900674,0.623569025383683,0.00911508403037242,"violation"
240,110,"forward",0.623309040262332,0.359431711356376,0.499917348540637,0.430356377401623,0.360426187279709,0.000994475923333293,"violation in forward orientation",1,0.0441379310344828,1,110,0.623309040262332,0.359431711356376,0.499917348540637,0.430356377401623,0.360426187279709,0.000994475923333293,"violation",1,160,0.317349074358807,0.6600216206812,0.417582327212252,0.49749371855331,0.668330072533524,0.00830845185232432,"violation"
241,60,"reverse",0.363298063516486,0.592139703863035,0.411973569810276,0.493006648591635,0.620307566301619,0.0281678624385836,"violation in reverse orientation",1,0.0441379310344828,1,90,0.600945650434495,0.356808336031459,0.498020774022555,0.422952584681651,0.381823970056101,0.0250156340246417,"violation",1,60,0.363298063516486,0.592139703863035,0.411973569810276,0.493006648591635,0.620307566301619,0.0281678624385836,"violation"
242,50,"reverse",0.430755917550709,0.546859192020479,0.438634243989226,0.48,0.549805575395294,0.00294638337481512,"violation in reverse orientation",1,0.0441379310344828,1,70,0.693315814683084,0.277251743648749,0.499183005990176,0.363935405795914,0.293442167260237,0.0161904236114874,"violation",1,50,0.430755917550709,0.546859192020479,0.438634243989226,0.48,0.549805575395294,0.00294638337481512,"violation at burn-in"
243,50,"reverse",0.216786995012799,0.77213738305134,0.3,0.493558507170123,0.773430166585973,0.00129278353463358,"violation in reverse orientation",1,0.0441379310344828,1,100,0.648654591240726,0.310945864384819,0.499899989998,0.4,0.336175007187657,0.0252291428028389,"violation",1,50,0.216786995012799,0.77213738305134,0.3,0.493558507170123,0.773430166585973,0.00129278353463358,"violation at burn-in"
244,50,"reverse",0.501594493296846,0.430755917550709,0.466476151587624,0.438634243989226,0.47688534024106,0.0461294226903507,"violation in reverse orientation",1,0.0441379310344828,1,50,0.734021127930363,0.246504271019468,0.498397431775084,0.324961536185438,0.254494429130391,0.00799015811092246,"violation at burn-in",1,50,0.501594493296846,0.430755917550709,0.466476151587624,0.438634243989226,0.47688534024106,0.0461294226903507,"violation at burn-in"
245,50,"reverse",0.524410079701748,0.454790769027509,0.47370877129308,0.448998886412873,0.455054885843651,0.00026411681614158,"violation in reverse orientation",1,0.0441379310344828,1,140,0.701852413931729,0.277398168861188,0.492598275701905,0.388875931109034,0.285274161525066,0.00787599266387856,"violation",1,50,0.524410079701748,0.454790769027509,0.47370877129308,0.448998886412873,0.455054885843651,0.00026411681614158,"violation at burn-in"
246,60,"reverse",0.299311814729174,0.677962140771975,0.372677996249965,0.5,0.687181290565722,0.00921914979374727,"violation in reverse orientation",1,0.0441379310344828,1,90,0.721968833534088,0.202857682846242,0.493913572686508,0.314269680527354,0.266026329232923,0.0631686463866805,"violation",1,60,0.299311814729174,0.677962140771975,0.372677996249965,0.5,0.687181290565722,0.00921914979374727,"violation"
247,90,"forward",0.732531618198095,0.232572423955049,0.492035329455212,0.339934634239519,0.255919624771112,0.0233472008160634,"violation in forward orientation",1,0.0441379310344828,1,90,0.732531618198095,0.232572423955049,0.492035329455212,0.339934634239519,0.255919624771112,0.0233472008160634,"violation",1,200,0.324933043236796,0.648935435590452,0.427083130081252,0.49749371855331,0.660403865681486,0.011468430091034,"violation"
248,60,"forward",0.789716484604453,0.181705607971508,0.486198404860494,0.276385399196283,0.201203888074652,0.0194982801031438,"violation in forward orientation",1,0.0441379310344828,1,60,0.789716484604453,0.181705607971508,0.486198404860494,0.276385399196283,0.201203888074652,0.0194982801031438,"violation",1,90,0.316774321444153,0.634820744786183,0.4,0.499876527964533,0.668930762035769,0.0341100172495863,"violation"
249,50,"reverse",0.275078575707952,0.694644991687999,0.346987031457949,0.5,0.712508090855548,0.017863099167549,"violation in reverse orientation",1,0.0441379310344828,1,70,0.748285526233975,0.239040057693904,0.492598275701905,0.334724986110285,0.240845939402922,0.00180588170901755,"violation",1,50,0.275078575707952,0.694644991687999,0.346987031457949,0.5,0.712508090855548,0.017863099167549,"violation at burn-in"
250,50,"forward",0.612137383051339,0.185611725055255,0.493558507170123,0.271293199325011,0.371115474373187,0.185503749317933,"violation in forward orientation",1,0.0441379310344828,1,50,0.612137383051339,0.185611725055255,0.493558507170123,0.271293199325011,0.371115474373187,0.185503749317933,"violation at burn-in",1,80,0.455809380365391,0.511130300599852,0.463512405443479,0.480722113075735,0.523621537482726,0.0124912368828739,"violation"
251,50,"reverse",0.216786995012799,0.633238465893974,0.3,0.496386945839634,0.773430166585973,0.140191700692,"violation in reverse orientation",1,0.0441379310344828,1,50,0.633238465893974,0.329560327676681,0.496386945839634,0.384187454245971,0.350925494656816,0.0213651669801351,"violation at burn-in",1,50,0.216786995012799,0.633238465893974,0.3,0.496386945839634,0.773430166585973,0.140191700692,"violation at burn-in"
252,50,"reverse",0.355715993350399,0.56895608070809,0.4,0.485386443980464,0.628231788759531,0.0592757080514409,"violation in reverse orientation",1,0.0441379310344828,1,160,0.684324833300536,0.288460711424568,0.49434299833213,0.4,0.30204493580523,0.0135842243806612,"violation",1,50,0.355715993350399,0.56895608070809,0.4,0.485386443980464,0.628231788759531,0.0592757080514409,"violation at burn-in"
253,60,"reverse",0.34236971261758,0.574366575369876,0.4,0.489897948556636,0.642180340434197,0.0678137650643211,"violation in reverse orientation",1,0.0441379310344828,1,60,0.609706494609077,0.34236971261758,0.495535624910617,0.4,0.373441401848477,0.0310716892308967,"violation",1,60,0.34236971261758,0.574366575369876,0.4,0.489897948556636,0.642180340434197,0.0678137650643211,"violation"
254,50,"forward",0.56895608070809,0.302716065288689,0.485386443980464,0.366606055596467,0.412432293274784,0.109716227986095,"violation in forward orientation",1,0.0441379310344828,1,50,0.56895608070809,0.302716065288689,0.485386443980464,0.366606055596467,0.412432293274784,0.109716227986095,"violation at burn-in",1,80,0.338978878076396,0.629397303997039,0.409076704298839,0.499374608885954,0.645724191471411,0.0163268874743724,"violation"
255,50,"reverse",0.381261936620275,0.454790769027509,0.41424630354416,0.448998886412873,0.601533046472346,0.146742277444837,"violation in reverse orientation",1,0.0441379310344828,1,50,0.80895608070809,0.116284945699819,0.485386443980464,0.195959179422654,0.182795019772465,0.0665100740726452,"violation at burn-in",1,50,0.381261936620275,0.454790769027509,0.41424630354416,0.448998886412873,0.601533046472346,0.146742277444837,"violation at burn-in"
256,50,"forward",0.56895608070809,0.4062591846095,0.485386443980464,0.427083130081252,0.412432293274784,0.00617310866528414,"violation in forward orientation",1,0.0441379310344828,1,50,0.56895608070809,0.4062591846095,0.485386443980464,0.427083130081252,0.412432293274784,0.00617310866528414,"violation at burn-in",1,90,0.343591528449175,0.623601442490622,0.415739709641549,0.499505928733089,0.640903388330079,0.0173019458394564,"violation"
257,50,"forward",0.772137383051339,0.216786995012799,0.493558507170123,0.3,0.218023958704974,0.00123696369217496,"violation in forward orientation",1,0.0441379310344828,1,50,0.772137383051339,0.216786995012799,0.493558507170123,0.3,0.218023958704974,0.00123696369217496,"violation at burn-in",1,210,0.29942196619946,0.676834554373354,0.413600966678256,0.493403194170995,0.687066168345077,0.0102316139717237,"violation"
258,50,"reverse",0.216786995012799,0.734021127930363,0.3,0.498397431775084,0.773430166585973,0.0394090386556103,"violation in reverse orientation",1,0.0441379310344828,1,70,0.707263868466018,0.277251743648749,0.498159879261791,0.363935405795914,0.280096362921167,0.00284461927241819,"violation",1,50,0.216786995012799,0.734021127930363,0.3,0.498397431775084,0.773430166585973,0.0394090386556103,"violation at burn-in"
259,50,"forward",0.790712364249548,0.185611725055255,0.489897948556636,0.271293199325011,0.200251008547835,0.01463928349258,"violation in forward orientation",1,0.0441379310344828,1,50,0.790712364249548,0.185611725055255,0.489897948556636,0.271293199325011,0.200251008547835,0.01463928349258,"violation at burn-in",1,280,0.259839260139821,0.71060295169345,0.394541842275471,0.483186700722508,0.728435103402641,0.0178321517091905,"violation"
260,50,"reverse",0.246504271019468,0.734021127930363,0.324961536185438,0.498397431775084,0.742371853913887,0.00835072598352382,"violation in reverse orientation",1,0.0441379310344828,1,80,0.538126767493411,0.413053876615838,0.487179381747627,0.446514277487294,0.441930457568817,0.0288765809529793,"violation",1,50,0.246504271019468,0.734021127930363,0.324961536185438,0.498397431775084,0.742371853913887,0.00835072598352382,"violation at burn-in"
261,50,"forward",0.56895608070809,0.275078575707952,0.485386443980464,0.346987031457949,0.412432293274784,0.137353717566832,"violation in forward orientation",1,0.0441379310344828,1,50,0.56895608070809,0.275078575707952,0.485386443980464,0.346987031457949,0.412432293274784,0.137353717566832,"violation at burn-in",1,50,0.0745005976726397,0.861594493296846,0.14,0.466476151587624,0.922137451082161,0.0605429577853152,"violation at burn-in"
262,50,"forward",0.524410079701748,0.430755917550709,0.47370877129308,0.438634243989226,0.455054885843651,0.0242989682929412,"violation in forward orientation",1,0.0441379310344828,1,50,0.524410079701748,0.430755917550709,0.47370877129308,0.438634243989226,0.455054885843651,0.0242989682929412,"violation at burn-in",1,180,0.315461385009563,0.670268267658628,0.419398452224606,0.495535624910617,0.670302946696803,3.46790381742235e-05,"violation"
263,50,"reverse",0.381261936620275,0.478395081610861,0.41424630354416,0.458257569495584,0.601533046472346,0.123137964861485,"violation in reverse orientation",1,0.0441379310344828,1,50,0.694644991687999,0.216786995012799,0.5,0.3,0.292170381496025,0.0753833864832258,"violation at burn-in",1,50,0.381261936620275,0.478395081610861,0.41424630354416,0.458257569495584,0.601533046472346,0.123137964861485,"violation at burn-in"
264,60,"forward",0.74303982794241,0.206777284463185,0.495535624910617,0.3,0.245865138791633,0.0390878543284474,"violation in forward orientation",1,0.0441379310344828,1,60,0.74303982794241,0.206777284463185,0.495535624910617,0.3,0.245865138791633,0.0390878543284474,"violation",1,80,0.276559731956136,0.679397303997039,0.368908864084343,0.499374608885954,0.710960095209447,0.031562791212408,"violation"
265,90,"reverse",0.289392299544533,0.678976500805676,0.382325567424117,0.498887651569859,0.697548438755583,0.0185719379499062,"violation in reverse orientation",1,0.0441379310344828,1,90,0.689834539323383,0.289392299544533,0.498020774022555,0.382325567424117,0.296773128018205,0.00738082847367211,"violation",1,90,0.289392299544533,0.678976500805676,0.382325567424117,0.498887651569859,0.697548438755583,0.0185719379499062,"violation"
266,50,"forward",0.633238465893974,0.216786995012799,0.496386945839634,0.3,0.350925494656816,0.134138499644017,"violation in forward orientation",1,0.0441379310344828,1,50,0.633238465893974,0.216786995012799,0.496386945839634,0.3,0.350925494656816,0.134138499644017,"violation at burn-in",1,90,0.232572423955049,0.732531618198095,0.339934634239519,0.492035329455212,0.756932396479408,0.0244007782813124,"violation"
267,100,"reverse",0.236241940338561,0.735880378407413,0.346987031457949,0.489897948556636,0.753097287663616,0.0172169092562031,"violation in reverse orientation",1,0.0441379310344828,1,160,0.696369530078241,0.259030400808886,0.49228421668788,0.379967103839267,0.290520305271087,0.0314899044622007,"violation",1,100,0.236241940338561,0.735880378407413,0.346987031457949,0.489897948556636,0.753097287663616,0.0172169092562031,"violation"
268,60,"reverse",0.383872428163307,0.574366575369876,0.422952584681651,0.489897948556636,0.598804752581845,0.0244381772119695,"violation in reverse orientation",1,0.0441379310344828,1,70,0.748285526233975,0.219286761535403,0.492598275701905,0.318157963590287,0.240845939402922,0.0215591778675185,"violation",1,60,0.383872428163307,0.574366575369876,0.422952584681651,0.489897948556636,0.598804752581845,0.0244381772119695,"violation"
269,50,"reverse",0.302716065288689,0.546859192020479,0.366606055596467,0.48,0.683623418092222,0.136764226071743,"violation in reverse orientation",1,0.0441379310344828,1,50,0.694644991687999,0.246504271019468,0.5,0.324961536185438,0.292170381496025,0.0456661104765571,"violation at burn-in",1,50,0.302716065288689,0.546859192020479,0.366606055596467,0.48,0.683623418092222,0.136764226071743,"violation at burn-in"
270,50,"reverse",0.4062591846095,0.546859192020479,0.427083130081252,0.48,0.575407760163573,0.0285485681430941,"violation in reverse orientation",1,0.0441379310344828,1,160,0.720240586751941,0.228966979922067,0.487179381747627,0.357071421427142,0.26767995372872,0.038712973806653,"violation",1,50,0.4062591846095,0.546859192020479,0.427083130081252,0.48,0.575407760163573,0.0285485681430941,"violation at burn-in"
271,140,"reverse",0.508002042849685,0.470112083915969,0.488385511827762,0.479157423749955,0.470754456036289,0.000642372120320811,"violation in reverse orientation",1,0.0441379310344828,1,200,0.658715334237524,0.324933043236796,0.496386945839634,0.427083130081252,0.326548667224356,0.00161562398756077,"violation",1,140,0.508002042849685,0.470112083915969,0.488385511827762,0.479157423749955,0.470754456036289,0.000642372120320811,"violation"
272,80,"forward",0.538126767493411,0.441684683216467,0.487179381747627,0.458257569495584,0.441930457568817,0.00024577435234957,"violation in forward orientation",1,0.0441379310344828,1,80,0.538126767493411,0.441684683216467,0.487179381747627,0.458257569495584,0.441930457568817,0.00024577435234957,"violation",1,90,0.433781791811234,0.519317495001799,0.458257569495584,0.484831649539365,0.546643154018964,0.0273256590171648,"violation"
273,50,"forward",0.56895608070809,0.381261936620275,0.485386443980464,0.41424630354416,0.412432293274784,0.0311703566545097,"violation in forward orientation",1,0.0441379310344828,1,50,0.56895608070809,0.381261936620275,0.485386443980464,0.41424630354416,0.412432293274784,0.0311703566545097,"violation at burn-in",1,110,0.261614030131997,0.721123744751963,0.369945271806833,0.491666083017817,0.726580244251833,0.00545649949987048,"violation"
274,50,"reverse",0.275078575707952,0.654021127930363,0.346987031457949,0.498397431775084,0.712508090855548,0.0584869629251853,"violation in reverse orientation",1,0.0441379310344828,1,100,0.745284595613564,0.236241940338561,0.487749935930288,0.346987031457949,0.243717295759758,0.00747535542119682,"violation",1,50,0.275078575707952,0.654021127930363,0.346987031457949,0.498397431775084,0.712508090855548,0.0584869629251853,"violation at burn-in"
275,160,"reverse",0.317349074358807,0.6600216206812,0.417582327212252,0.49749371855331,0.668330072533524,0.00830845185232432,"violation in reverse orientation",1,0.0441379310344828,1,280,0.62038341186004,0.354679507151871,0.498722858706034,0.448296093843234,0.36322549281964,0.00854598566776904,"violation",1,160,0.317349074358807,0.6600216206812,0.417582327212252,0.49749371855331,0.668330072533524,0.00830845185232432,"violation"
276,60,"forward",0.556383151271119,0.424062306087747,0.486198404860494,0.442216638714053,0.42446234842413,0.000400042336382689,"violation in forward orientation",1,0.0441379310344828,1,60,0.556383151271119,0.424062306087747,0.486198404860494,0.442216638714053,0.42446234842413,0.000400042336382689,"violation",1,100,0.393138664440465,0.567316518042841,0.443959457608462,0.495075751779463,0.5891203634903,0.0218038454474589,"violation"
277,50,"forward",0.654021127930363,0.275078575707952,0.498397431775085,0.346987031457949,0.331040186964497,0.055961611256545,"violation in forward orientation",1,0.0441379310344828,1,50,0.654021127930363,0.275078575707952,0.498397431775085,0.346987031457949,0.331040186964497,0.055961611256545,"violation at burn-in",1,50,0.302716065288689,0.674489213358372,0.366606055596467,0.499599839871872,0.683623418092222,0.00913420473385007,"violation at burn-in"
278,50,"forward",0.694644991687999,0.246504271019468,0.5,0.324961536185438,0.292170381496025,0.0456661104765571,"violation in forward orientation",1,0.0441379310344828,1,50,0.694644991687999,0.246504271019468,0.5,0.324961536185438,0.292170381496025,0.0456661104765571,"violation at burn-in",1,60,0.424062306087747,0.53818458826428,0.442216638714053,0.481894409826699,0.556801246118126,0.0186166578538453,"violation"
279,50,"forward",0.654021127930363,0.302716065288689,0.498397431775085,0.366606055596467,0.331040186964497,0.0283241216758081,"violation in forward orientation",1,0.0441379310344828,1,50,0.654021127930363,0.302716065288689,0.498397431775085,0.366606055596467,0.331040186964497,0.0283241216758081,"violation at burn-in",1,50,0.329560327676681,0.633238465893974,0.384187454245971,0.496386945839634,0.655567768088814,0.0223293021948401,"violation at burn-in"
280,80,"reverse",0.338978878076396,0.642042346118264,0.409076704298839,0.499843725578305,0.645724191471411,0.00368184535314686,"violation in reverse orientation",1,0.0441379310344828,1,130,0.614453941353311,0.351399993541752,0.499940824900674,0.430769230769231,0.368898940488297,0.0174989469465441,"violation",1,80,0.338978878076396,0.642042346118264,0.409076704298839,0.499843725578305,0.645724191471411,0.00368184535314686,"violation"
281,60,"forward",0.609706494609077,0.34236971261758,0.495535624910617,0.4,0.373441401848477,0.0310716892308967,"violation in forward orientation",1,0.0441379310344828,1,60,0.609706494609077,0.34236971261758,0.495535624910617,0.4,0.373441401848477,0.0310716892308967,"violation",1,110,0.227251178235511,0.729746374608727,0.343174292512307,0.489897948556636,0.762493771395645,0.0327473967869176,"violation"
282,100,"forward",0.735880378407413,0.223278688067167,0.489897948556636,0.336303434416005,0.252715457420775,0.0294367693536081,"violation in forward orientation",1,0.0441379310344828,1,100,0.735880378407413,0.223278688067167,0.489897948556636,0.336303434416005,0.252715457420775,0.0294367693536081,"violation",1,180,0.419926367906856,0.559676726511326,0.46732757432918,0.498020774022555,0.561123824714687,0.00144709820336097,"violation"
283,50,"forward",0.753238465893974,0.216786995012799,0.496386945839634,0.3,0.236106857905656,0.019319862892857,"violation in forward orientation",1,0.0441379310344828,1,50,0.753238465893974,0.216786995012799,0.496386945839634,0.3,0.236106857905656,0.019319862892857,"violation at burn-in",1,160,0.401344476533183,0.566401777618562,0.458257569495584,0.498082259772419,0.580544251815501,0.0141424741969389,"violation"
284,90,"reverse",0.247071505072811,0.721968833534088,0.351539822656808,0.493913572686508,0.74177902257285,0.0198101890387621,"violation in reverse orientation",1,0.0441379310344828,1,110,0.677328051572394,0.305937471255794,0.497929597731969,0.4,0.308739610302485,0.00280213904669141,"violation",1,90,0.247071505072811,0.721968833534088,0.351539822656808,0.493913572686508,0.74177902257285,0.0198101890387621,"violation"
285,140,"reverse",0.268868325058554,0.708689627805008,0.382993046241557,0.491301893971933,0.718998588382904,0.0103089605778963,"violation in reverse orientation",1,0.0441379310344828,1,140,0.749171989719324,0.234185448001011,0.481229293220042,0.357071421427142,0.239997751661943,0.00581230366093186,"violation",1,140,0.268868325058554,0.708689627805008,0.382993046241557,0.491301893971933,0.718998588382904,0.0103089605778963,"violation"
286,50,"reverse",0.275078575707952,0.694644991687999,0.346987031457949,0.5,0.712508090855548,0.017863099167549,"violation in reverse orientation",1,0.0441379310344828,1,60,0.644232895622817,0.321054517826778,0.498887651569859,0.386939558874797,0.340405782712464,0.0193512648856857,"violation",1,50,0.275078575707952,0.694644991687999,0.346987031457949,0.5,0.712508090855548,0.017863099167549,"violation at burn-in"
287,120,"forward",0.593351723889555,0.388385622226397,0.498887651569859,0.446514277487294,0.389090005835087,0.000704383608690129,"violation in forward orientation",1,0.0441379310344828,1,120,0.593351723889555,0.388385622226397,0.498887651569859,0.446514277487294,0.389090005835087,0.000704383608690129,"violation",1,220,0.357392939755917,0.61317164066046,0.445361771415123,0.499669312133138,0.626479167631496,0.0133075269710363,"violation"
288,50,"reverse",0.275078575707952,0.61213738305134,0.346987031457949,0.493558507170123,0.712508090855548,0.100370707804209,"violation in reverse orientation",1,0.0441379310344828,1,200,0.604428882220546,0.374771755814802,0.499974999374969,0.451414443721067,0.378491137346411,0.00371938153160939,"violation",1,50,0.275078575707952,0.61213738305134,0.346987031457949,0.493558507170123,0.712508090855548,0.100370707804209,"violation at burn-in"
289,50,"forward",0.734021127930363,0.246504271019468,0.498397431775084,0.324961536185438,0.254494429130391,0.00799015811092246,"violation in forward orientation",1,0.0441379310344828,1,50,0.734021127930363,0.246504271019468,0.498397431775084,0.324961536185438,0.254494429130391,0.00799015811092246,"violation at burn-in",1,70,0.239040057693904,0.734750092269623,0.334724986110285,0.494871659305394,0.750172901064524,0.0154228087949009,"violation"
290,50,"reverse",0.216786995012799,0.633238465893974,0.3,0.496386945839634,0.773430166585973,0.140191700692,"violation in reverse orientation",1,0.0441379310344828,1,110,0.738322459515152,0.227251178235511,0.487954069102532,0.343174292512307,0.250378820557222,0.0231276423217108,"violation",1,50,0.216786995012799,0.633238465893974,0.3,0.496386945839634,0.773430166585973,0.140191700692,"violation at burn-in"
291,60,"forward",0.661196578770763,0.299311814729174,0.499722145018832,0.372677996249965,0.32417455793475,0.0248627432055754,"violation in forward orientation",1,0.0441379310344828,1,60,0.661196578770763,0.299311814729174,0.499722145018832,0.372677996249965,0.32417455793475,0.0248627432055754,"violation",1,90,0.275464716989807,0.71133125754252,0.372677996249965,0.495535624910617,0.712104524369011,0.000773266826490926,"violation"
292,50,"reverse",0.185611725055255,0.753238465893974,0.271293199325011,0.496386945839634,0.806012267373436,0.0527738014794622,"violation in reverse orientation",1,0.0441379310344828,1,90,0.623601442490623,0.343591528449175,0.499505928733089,0.415739709641549,0.360146410402748,0.0165548819535732,"violation",1,50,0.185611725055255,0.753238465893974,0.271293199325011,0.496386945839634,0.806012267373436,0.0527738014794622,"violation at burn-in"
293,50,"reverse",0.329560327676681,0.633238465893974,0.384187454245971,0.496386945839634,0.655567768088814,0.0223293021948401,"violation in reverse orientation",1,0.0441379310344828,1,70,0.66501401703857,0.295810536031579,0.5,0.376883027379226,0.320521949119822,0.0247114130882432,"violation",1,50,0.329560327676681,0.633238465893974,0.384187454245971,0.496386945839634,0.655567768088814,0.0223293021948401,"violation at burn-in"
294,50,"forward",0.772137383051339,0.216786995012799,0.493558507170123,0.3,0.218023958704974,0.00123696369217496,"violation in forward orientation",1,0.0441379310344828,1,50,0.772137383051339,0.216786995012799,0.493558507170123,0.3,0.218023958704974,0.00123696369217496,"violation at burn-in",1,120,0.331038786191009,0.651808712749861,0.417582327212252,0.499374608885954,0.654022591915856,0.00221387916599536,"violation"
295,60,"forward",0.592139703863035,0.363298063516486,0.493006648591635,0.411973569810276,0.390249693228089,0.0269516297116031,"violation in forward orientation",1,0.0441379310344828,1,60,0.592139703863035,0.363298063516486,0.493006648591635,0.411973569810276,0.390249693228089,0.0269516297116031,"violation",1,150,0.389809930959501,0.580457890619215,0.45220447685631,0.498887651569859,0.59259931106378,0.0121414204445653,"violation"
296,50,"reverse",0.4062591846095,0.56895608070809,0.427083130081252,0.485386443980464,0.575407760163573,0.00645167945548353,"violation in reverse orientation",1,0.0441379310344828,1,160,0.547208614013715,0.428581931084374,0.496078370824611,0.46837484987988,0.433240747263445,0.00465881617907132,"violation",1,50,0.4062591846095,0.56895608070809,0.427083130081252,0.485386443980464,0.575407760163573,0.00645167945548353,"violation at burn-in"
297,50,"forward",0.734021127930363,0.216786995012799,0.498397431775084,0.3,0.254494429130391,0.0377074341175912,"violation in forward orientation",1,0.0441379310344828,1,50,0.734021127930363,0.216786995012799,0.498397431775084,0.3,0.254494429130391,0.0377074341175912,"violation at burn-in",1,160,0.288460711424569,0.666123923094054,0.4,0.49682586235018,0.698522066187147,0.0323981430930923,"violation"
298,90,"forward",0.71133125754252,0.275464716989807,0.495535624910617,0.372677996249965,0.276204595680329,0.000739878690521611,"violation in forward orientation",1,0.0441379310344828,1,90,0.71133125754252,0.275464716989807,0.495535624910617,0.372677996249965,0.276204595680329,0.000739878690521611,"violation",1,150,0.344989602802316,0.627337716181324,0.431071017608726,0.499822190606042,0.639442223774184,0.0121045075928599,"violation"
299,80,"forward",0.642042346118264,0.32367253060101,0.499843725578305,0.4,0.342501748611204,0.018829218010194,"violation in forward orientation",1,0.0441379310344828,1,80,0.642042346118264,0.32367253060101,0.499843725578305,0.4,0.342501748611204,0.018829218010194,"violation",1,100,0.236241940338561,0.707316518042841,0.346987031457949,0.495075751779463,0.753097287663616,0.0457807696207754,"violation"
300,50,"forward",0.612137383051339,0.302716065288689,0.493558507170123,0.366606055596467,0.371115474373187,0.0683994090844984,"violation in forward orientation",1,0.0441379310344828,1,50,0.612137383051339,0.302716065288689,0.493558507170123,0.366606055596467,0.371115474373187,0.0683994090844984,"violation at burn-in",1,60,0.206777284463185,0.74303982794241,0.3,0.495535624910617,0.783891580341973,0.0408517523995625,"violation"
301,90,"reverse",0.187580741083115,0.743018751298959,0.3,0.489897948556636,0.803954396543152,0.0609356452441929,"violation in reverse orientation",1,0.0441379310344828,1,90,0.668045886935067,0.275464716989807,0.499505928733089,0.372677996249965,0.3176209893838,0.0421562723939928,"violation",1,90,0.187580741083115,0.743018751298959,0.3,0.489897948556636,0.803954396543152,0.0609356452441929,"violation"
302,50,"forward",0.674489213358372,0.302716065288689,0.499599839871872,0.366606055596467,0.311455873083244,0.00873980779455541,"violation in forward orientation",1,0.0441379310344828,1,50,0.674489213358372,0.302716065288689,0.499599839871872,0.366606055596467,0.311455873083244,0.00873980779455541,"violation at burn-in",1,90,0.247071505072811,0.732531618198095,0.351539822656808,0.492035329455212,0.74177902257285,0.00924740437475524,"violation"
303,70,"forward",0.650660936341786,0.258342897757551,0.499795876701026,0.349927106111883,0.33425529210969,0.075912394352139,"violation in forward orientation",1,0.0441379310344828,1,70,0.650660936341786,0.258342897757551,0.499795876701026,0.349927106111883,0.33425529210969,0.075912394352139,"violation",1,100,0.261683564317147,0.726417177917328,0.366606055596467,0.491833305094317,0.726507572232254,9.03943149253017e-05,"violation"
304,90,"forward",0.814207428738858,0.139488250402838,0.46732757432918,0.249443825784929,0.177770414589142,0.0382821641863043,"violation in forward orientation",1,0.0441379310344828,1,90,0.814207428738858,0.139488250402838,0.46732757432918,0.249443825784929,0.177770414589142,0.0382821641863043,"violation",1,90,0.382890080077361,0.589508511541965,0.436173031697567,0.496903994999953,0.599831430599012,0.0103229190570465,"violation"
305,80,"forward",0.797470093848425,0.192754397950757,0.476969600708473,0.3,0.193785064380535,0.00103066642977767,"violation in forward orientation",1,0.0441379310344828,1,80,0.797470093848425,0.192754397950757,0.476969600708473,0.3,0.193785064380535,0.00103066642977767,"violation",1,160,0.39447994677785,0.566401777618562,0.455478800275051,0.498082259772419,0.587718553775079,0.0213167761565168,"violation"
306,50,"forward",0.381261936620275,0.546859192020479,0.41424630354416,0.48,0.601533046472346,0.0546738544518672,"violation in forward orientation",1,0.0441379310344828,1,50,0.381261936620275,0.546859192020479,0.41424630354416,0.48,0.601533046472346,0.0546738544518672,"violation at burn-in",1,140,0.285876857552742,0.694990039892699,0.394541842275471,0.493787940934411,0.701222520341564,0.00623248044886537,"violation"
307,160,"forward",0.540775613696132,0.373747426619383,0.495250883391438,0.446514277487294,0.439395983319151,0.0656485566997682,"violation in forward orientation",1,0.0441379310344828,1,160,0.540775613696132,0.373747426619383,0.495250883391438,0.446514277487294,0.439395983319151,0.0656485566997682,"violation",1,280,0.346925563978323,0.570565580161309,0.444696640464954,0.499795876701026,0.637418899445536,0.0668533192842272,"violation"
308,50,"forward",0.590712364249548,0.355715993350399,0.489897948556636,0.4,0.391615403133101,0.0358994097827018,"violation in forward orientation",1,0.0441379310344828,1,50,0.590712364249548,0.355715993350399,0.489897948556636,0.4,0.391615403133101,0.0358994097827018,"violation at burn-in",1,150,0.374986270713314,0.600671049514658,0.445670531022887,0.499822190606042,0.608091911218906,0.00742086170424883,"violation"
309,50,"reverse",0.381261936620275,0.524410079701748,0.41424630354416,0.47370877129308,0.601533046472346,0.0771229667705985,"violation in reverse orientation",1,0.0441379310344828,1,200,0.67330885908128,0.308043640345364,0.49434299833213,0.417582327212252,0.312585261991404,0.00454162164603944,"violation",1,50,0.381261936620275,0.524410079701748,0.41424630354416,0.47370877129308,0.601533046472346,0.0771229667705985,"violation at burn-in"
310,50,"reverse",0.329560327676681,0.590712364249548,0.384187454245971,0.489897948556636,0.655567768088814,0.0648554038392654,"violation in reverse orientation",1,0.0441379310344828,1,240,0.445831901197557,0.528021739825846,0.479510746027193,0.496078370824611,0.534049265367484,0.00602752554163855,"violation",1,50,0.329560327676681,0.590712364249548,0.384187454245971,0.489897948556636,0.655567768088814,0.0648554038392654,"violation at burn-in"
311,130,"forward",0.770080345552313,0.213141657853353,0.475742956802038,0.337147800012479,0.219992177383176,0.00685051952982349,"violation in forward orientation",1,0.0441379310344828,1,130,0.770080345552313,0.213141657853353,0.475742956802038,0.337147800012479,0.219992177383176,0.00685051952982349,"violation",1,150,0.283408783110177,0.692575700052613,0.39491208585653,0.493558507170123,0.703801970346267,0.0112262702936541,"violation"
312,70,"reverse",0.332011213630856,0.636172957540227,0.4,0.499183005990176,0.653006282228827,0.0168333246886005,"violation in reverse orientation",1,0.0441379310344828,1,80,0.654590663251262,0.292478733192347,0.5,0.379967103839267,0.330495243055103,0.0380165098627563,"violation",1,70,0.332011213630856,0.636172957540227,0.4,0.499183005990176,0.653006282228827,0.0168333246886005,"violation"
313,50,"reverse",0.355715993350399,0.454790769027509,0.4,0.448998886412873,0.628231788759531,0.173441019732022,"violation in reverse orientation",1,0.0441379310344828,1,50,0.772137383051339,0.216786995012799,0.493558507170123,0.3,0.218023958704974,0.00123696369217496,"violation at burn-in",1,50,0.355715993350399,0.454790769027509,0.4,0.448998886412873,0.628231788759531,0.173441019732022,"violation at burn-in"
314,90,"forward",0.634820744786182,0.316774321444153,0.499876527964533,0.4,0.349411535445453,0.0326372140013006,"violation in forward orientation",1,0.0441379310344828,1,90,0.634820744786182,0.316774321444153,0.499876527964533,0.4,0.349411535445453,0.0326372140013006,"violation",1,230,0.482160311505982,0.491201424864089,0.488042267840079,0.489897948556636,0.496081481039415,0.0048800561753255,"violation"
315,50,"reverse",0.430755917550709,0.430755917550709,0.438634243989226,0.438634243989226,0.549805575395294,0.119049657844585,"violation in reverse orientation",1,0.0441379310344828,1,260,0.505952777649183,0.462095332723499,0.493433208611811,0.484615384615385,0.472715238008483,0.0106199052849831,"violation",1,50,0.430755917550709,0.430755917550709,0.438634243989226,0.438634243989226,0.549805575395294,0.119049657844585,"violation at burn-in"
316,50,"reverse",0.275078575707952,0.674489213358372,0.346987031457949,0.499599839871872,0.712508090855548,0.0380188774971758,"violation in reverse orientation",1,0.0441379310344828,1,100,0.471390072744453,0.503912853250174,0.47370877129308,0.482804308182932,0.507337742983933,0.00342488973375843,"violation",1,50,0.275078575707952,0.674489213358372,0.346987031457949,0.499599839871872,0.712508090855548,0.0380188774971758,"violation at burn-in"
317,60,"forward",0.774366575369876,0.206777284463185,0.489897948556636,0.3,0.21589101851272,0.0091137340495353,"violation in forward orientation",1,0.0441379310344828,1,60,0.774366575369876,0.206777284463185,0.489897948556636,0.3,0.21589101851272,0.0091137340495353,"violation",1,160,0.408186562251593,0.572764456021478,0.460934851687307,0.498591766879478,0.573393406713685,0.00062895069220692,"violation"
318,80,"reverse",0.137340883031412,0.841684683216467,0.242061459137964,0.458257569495584,0.856461403565628,0.014776720349161,"violation in reverse orientation",1,0.0441379310344828,1,120,0.593351723889555,0.378960967806647,0.498887651569859,0.442216638714053,0.389090005835087,0.0101290380284405,"violation",1,80,0.137340883031412,0.841684683216467,0.242061459137964,0.458257569495584,0.856461403565628,0.014776720349161,"violation"
319,50,"forward",0.430755917550709,0.454790769027509,0.438634243989226,0.448998886412873,0.549805575395294,0.0950148063677851,"violation in forward orientation",1,0.0441379310344828,1,50,0.430755917550709,0.454790769027509,0.438634243989226,0.448998886412873,0.549805575395294,0.0950148063677851,"violation at burn-in",1,50,0.275078575707952,0.694644991687999,0.346987031457949,0.5,0.712508090855548,0.017863099167549,"violation at burn-in"
320,50,"forward",0.56895608070809,0.302716065288689,0.485386443980464,0.366606055596467,0.412432293274784,0.109716227986095,"violation in forward orientation",1,0.0441379310344828,1,50,0.56895608070809,0.302716065288689,0.485386443980464,0.366606055596467,0.412432293274784,0.109716227986095,"violation at burn-in",1,130,0.360177427802966,0.614453941353311,0.43521062030202,0.499940824900674,0.623569025383683,0.00911508403037242,"violation"
321,50,"forward",0.772137383051339,0.152451248673278,0.493558507170123,0.237486841740758,0.218023958704974,0.0655727100316962,"violation in forward orientation",1,0.0441379310344828,1,50,0.772137383051339,0.152451248673278,0.493558507170123,0.237486841740758,0.218023958704974,0.0655727100316962,"violation at burn-in",1,50,0.275078575707952,0.674489213358372,0.346987031457949,0.499599839871872,0.712508090855548,0.0380188774971758,"violation at burn-in"
322,90,"forward",0.700619622653076,0.275464716989807,0.496903994999953,0.372677996249965,0.286453723308513,0.0109890063187062,"violation in forward orientation",1,0.0441379310344828,1,90,0.700619622653076,0.275464716989807,0.496903994999953,0.372677996249965,0.286453723308513,0.0109890063187062,"violation",1,100,0.471390072744453,0.503912853250174,0.47370877129308,0.482804308182932,0.507337742983933,0.00342488973375843,"violation"
323,70,"reverse",0.332011213630856,0.650660936341786,0.4,0.499795876701026,0.653006282228827,0.00234534588704083,"violation in reverse orientation",1,0.0441379310344828,1,90,0.743018751298959,0.202857682846242,0.489897948556636,0.314269680527354,0.245885305387202,0.04302762254096,"violation",1,70,0.332011213630856,0.650660936341786,0.4,0.499795876701026,0.653006282228827,0.00234534588704083,"violation"
324,60,"reverse",0.299311814729174,0.627070094348715,0.372677996249965,0.49749371855331,0.687181290565722,0.0601111962170073,"violation in reverse orientation",1,0.0441379310344828,1,60,0.677962140771975,0.25432432379694,0.5,0.339934634239519,0.308132899823531,0.0538085760265914,"violation",1,60,0.299311814729174,0.627070094348715,0.372677996249965,0.49749371855331,0.687181290565722,0.0601111962170073,"violation"
325,50,"forward",0.590712364249548,0.381261936620275,0.489897948556636,0.41424630354416,0.391615403133101,0.0103534665128265,"violation in forward orientation",1,0.0441379310344828,1,50,0.590712364249548,0.381261936620275,0.489897948556636,0.41424630354416,0.391615403133101,0.0103534665128265,"violation at burn-in",1,160,0.345761529163151,0.635437582923543,0.433012701892219,0.499374608885954,0.638635463078175,0.00319788015463196,"violation"
326,160,"reverse",0.221338017550516,0.749657445752236,0.350836055017155,0.478890318862263,0.768673772328222,0.0190163265759863,"violation in reverse orientation",1,0.0441379310344828,1,270,0.571486288684461,0.406863527543606,0.49978047306993,0.468719763542411,0.410011334686919,0.00314780714331253,"violation",1,160,0.221338017550516,0.749657445752236,0.350836055017155,0.478890318862263,0.768673772328222,0.0190163265759863,"violation"
327,50,"reverse",0.355715993350399,0.56895608070809,0.4,0.485386443980464,0.628231788759531,0.0592757080514409,"violation in reverse orientation",1,0.0441379310344828,1,280,0.556175817651973,0.423441788379168,0.499183005990176,0.474664220738176,0.424660729786656,0.00121894140748802,"violation",1,50,0.355715993350399,0.56895608070809,0.4,0.485386443980464,0.628231788759531,0.0592757080514409,"violation at burn-in"
328,70,"forward",0.707263868466018,0.239040057693904,0.498159879261791,0.334724986110285,0.280096362921167,0.0410563052272631,"violation in forward orientation",1,0.0441379310344828,1,70,0.707263868466018,0.239040057693904,0.498159879261791,0.334724986110285,0.280096362921167,0.0410563052272631,"violation",1,130,0.351399993541752,0.622160706789534,0.430769230769231,0.5,0.632742554534951,0.0105818477454174,"violation"
329,90,"forward",0.657042967008405,0.275464716989807,0.499876527964533,0.372677996249965,0.328148824935979,0.0526841079461722,"violation in forward orientation",1,0.0441379310344828,1,90,0.657042967008405,0.275464716989807,0.499876527964533,0.372677996249965,0.328148824935979,0.0526841079461722,"violation",1,130,0.368911008531405,0.606718250157931,0.43947251867956,0.499763257562486,0.614441328721651,0.00772307856371968,"violation"
330,50,"forward",0.694644991687999,0.275078575707952,0.5,0.346987031457949,0.292170381496025,0.0170918057880731,"violation in forward orientation",1,0.0441379310344828,1,50,0.694644991687999,0.275078575707952,0.5,0.346987031457949,0.292170381496025,0.0170918057880731,"violation at burn-in",1,60,0.277090389131333,0.694529912104096,0.357071421427142,0.499722145018832,0.71040549133306,0.0158755792289644,"violation"
331,50,"forward",0.633238465893974,0.302716065288689,0.496386945839634,0.366606055596467,0.350925494656816,0.0482094293681272,"violation in forward orientation",1,0.0441379310344828,1,50,0.633238465893974,0.302716065288689,0.496386945839634,0.366606055596467,0.350925494656816,0.0482094293681272,"violation at burn-in",1,190,0.449988378696932,0.527085982613286,0.477789230180479,0.494540834632605,0.529705220584877,0.00261923797159114,"violation"
332,50,"reverse",0.185611725055255,0.734021127930363,0.271293199325011,0.498397431775084,0.806012267373436,0.071991139443073,"violation in reverse orientation",1,0.0441379310344828,1,90,0.732531618198095,0.247071505072811,0.492035329455212,0.351539822656808,0.255919624771112,0.0088481196983009,"violation",1,50,0.185611725055255,0.734021127930363,0.271293199325011,0.498397431775084,0.806012267373436,0.071991139443073,"violation at burn-in"
333,70,"forward",0.679232364913215,0.277251743648749,0.499795876701026,0.363935405795914,0.306917521454651,0.0296657778059023,"violation in forward orientation",1,0.0441379310344828,1,70,0.679232364913215,0.277251743648749,0.499795876701026,0.363935405795914,0.306917521454651,0.0296657778059023,"violation",1,90,0.356808336031459,0.623601442490622,0.422952584681651,0.499505928733089,0.627090152476117,0.00348870998549455,"violation"
334,80,"forward",0.667042346118264,0.308177297821902,0.499843725578305,0.3903123748999,0.318581199288045,0.0104039014661438,"violation in forward orientation",1,0.0441379310344828,1,80,0.667042346118264,0.308177297821902,0.499843725578305,0.3903123748999,0.318581199288045,0.0104039014661438,"violation",1,160,0.345761529163151,0.635437582923543,0.433012701892219,0.499374608885954,0.638635463078175,0.00319788015463196,"violation"
335,50,"reverse",0.216786995012799,0.734021127930363,0.3,0.498397431775084,0.773430166585973,0.0394090386556103,"violation in reverse orientation",1,0.0441379310344828,1,140,0.632120795068619,0.343956010304985,0.499795876701026,0.428809457708675,0.351994906661015,0.00803889635602945,"violation",1,50,0.216786995012799,0.734021127930363,0.3,0.498397431775084,0.773430166585973,0.0394090386556103,"violation at burn-in"
336,90,"reverse",0.330249254092939,0.623601442490622,0.408097059382377,0.499505928733089,0.654847752834407,0.031246310343785,"violation in reverse orientation",1,0.0441379310344828,1,100,0.648654591240726,0.334897285537307,0.499899989998,0.41424630354416,0.336175007187657,0.00127772165035067,"violation",1,90,0.330249254092939,0.623601442490622,0.408097059382377,0.499505928733089,0.654847752834407,0.031246310343785,"violation"
337,50,"forward",0.612137383051339,0.329560327676681,0.493558507170123,0.384187454245971,0.371115474373187,0.0415551466965063,"violation in forward orientation",1,0.0441379310344828,1,50,0.612137383051339,0.329560327676681,0.493558507170123,0.384187454245971,0.371115474373187,0.0415551466965063,"violation at burn-in",1,160,0.310173845011429,0.6600216206812,0.413398642353842,0.49749371855331,0.675829094870389,0.0158074741891892,"violation"
338,50,"forward",0.734021127930363,0.216786995012799,0.498397431775084,0.3,0.254494429130391,0.0377074341175912,"violation in forward orientation",1,0.0441379310344828,1,50,0.734021127930363,0.216786995012799,0.498397431775084,0.3,0.254494429130391,0.0377074341175912,"violation at burn-in",1,100,0.404536423902243,0.567316518042841,0.448998886412873,0.495075751779463,0.577208263032449,0.00989174498960788,"violation"
339,90,"forward",0.519317495001799,0.446262250701477,0.484831649539365,0.462948147911104,0.45992758278355,0.0136653320820724,"violation in forward orientation",1,0.0441379310344828,1,90,0.519317495001799,0.446262250701477,0.484831649539365,0.462948147911104,0.45992758278355,0.0136653320820724,"violation",1,110,0.305937471255794,0.659497428436184,0.4,0.499255644281672,0.680256641347691,0.0207592129115074,"violation"
340,80,"forward",0.774681766062824,0.210195306156735,0.484122918275927,0.315980616494114,0.215589437132045,0.00539413097530986,"violation in forward orientation",1,0.0441379310344828,1,80,0.774681766062824,0.210195306156735,0.484122918275927,0.315980616494114,0.215589437132045,0.00539413097530986,"violation",1,80,0.292478733192347,0.691655263867034,0.379967103839267,0.498591766879478,0.694322725158753,0.00266746129171835,"violation"
341,50,"reverse",0.152451248673278,0.790712364249548,0.237486841740758,0.489897948556636,0.840669160003691,0.0499567957541427,"violation in reverse orientation",1,0.0441379310344828,1,50,0.674489213358372,0.302716065288689,0.499599839871872,0.366606055596467,0.311455873083244,0.00873980779455541,"violation at burn-in",1,50,0.152451248673278,0.790712364249548,0.237486841740758,0.489897948556636,0.840669160003691,0.0499567957541427,"violation at burn-in"
342,150,"forward",0.653679409779001,0.322162232949454,0.498397431775084,0.418675159149536,0.331367150400268,0.00920491745081392,"violation in forward orientation",1,0.0441379310344828,1,150,0.653679409779001,0.322162232949454,0.498397431775084,0.418675159149536,0.331367150400268,0.00920491745081392,"violation",1,160,0.33870010349401,0.641609709427252,0.42934361238989,0.499022481958478,0.64601554617508,0.00440583674782791,"violation"
343,80,"reverse",0.32367253060101,0.642042346118264,0.4,0.499843725578305,0.661721260841143,0.0196789147228789,"violation in reverse orientation",1,0.0441379310344828,1,100,0.791390072744453,0.196784561353059,0.47370877129308,0.31288975694324,0.199602562168671,0.00281800081561212,"violation",1,80,0.32367253060101,0.642042346118264,0.4,0.499843725578305,0.661721260841143,0.0196789147228789,"violation"
344,60,"forward",0.53818458826428,0.424062306087747,0.481894409826699,0.442216638714053,0.441875133384758,0.0178128272970107,"violation in forward orientation",1,0.0441379310344828,1,60,0.53818458826428,0.424062306087747,0.481894409826699,0.442216638714053,0.441875133384758,0.0178128272970107,"violation",1,130,0.511601201402147,0.462388037860006,0.488264648386411,0.475742956802038,0.467310702049248,0.00492266418924237,"violation"
345,50,"forward",0.694644991687999,0.275078575707952,0.5,0.346987031457949,0.292170381496025,0.0170918057880731,"violation in forward orientation",1,0.0441379310344828,1,50,0.694644991687999,0.275078575707952,0.5,0.346987031457949,0.292170381496025,0.0170918057880731,"violation at burn-in",1,90,0.369905994351297,0.543018751298959,0.429757324573638,0.489897948556636,0.613401442673832,0.0703826913748733,"violation"
346,80,"reverse",0.276559731956136,0.691655263867034,0.368908864084343,0.498591766879478,0.710960095209447,0.0193048313424122,"violation in reverse orientation",1,0.0441379310344828,1,140,0.596346324927922,0.37627310295803,0.499540605283025,0.444696640464954,0.38622470576143,0.00995160280340018,"violation",1,80,0.276559731956136,0.691655263867034,0.368908864084343,0.498591766879478,0.710960095209447,0.0193048313424122,"violation"
347,90,"reverse",0.261362863693741,0.678976500805676,0.362433476228891,0.498887651569859,0.726842744952447,0.0478662441467702,"violation in reverse orientation",1,0.0441379310344828,1,160,0.726162040908508,0.221338017550516,0.485693769262073,0.350836055017155,0.262014176280041,0.0406761587295249,"violation",1,90,0.261362863693741,0.678976500805676,0.362433476228891,0.498887651569859,0.726842744952447,0.0478662441467702,"violation"
348,140,"forward",0.522975342090722,0.454767023275975,0.491301893971933,0.474664220738176,0.456427674315264,0.00166065103928853,"violation in forward orientation",1,0.0441379310344828,1,140,0.522975342090722,0.454767023275975,0.491301893971933,0.474664220738176,0.456427674315264,0.00166065103928853,"violation",1,160,0.345761529163151,0.610575889280711,0.433012701892219,0.5,0.638635463078175,0.0280595737974643,"violation"
349,100,"forward",0.697680196938796,0.286560022992806,0.496386945839634,0.384187454245971,0.289266230419721,0.00270620742691574,"violation in forward orientation",1,0.0441379310344828,1,100,0.697680196938796,0.286560022992806,0.496386945839634,0.384187454245971,0.289266230419721,0.00270620742691574,"violation",1,160,0.28115698818386,0.690356174668703,0.395235293844059,0.493354271796647,0.706155380897062,0.0157992062283584,"violation"
350,90,"reverse",0.155964483968887,0.78418865915957,0.267821573182088,0.478681316189734,0.836997384694367,0.0528087255347977,"violation in reverse orientation",1,0.0441379310344828,1,90,0.61230983413901,0.343591528449175,0.498887651569859,0.415739709641549,0.37095046938325,0.0273589409340748,"violation",1,90,0.155964483968887,0.78418865915957,0.267821573182088,0.478681316189734,0.836997384694367,0.0528087255347977,"violation"
351,90,"forward",0.700619622653076,0.217843543370117,0.496903994999953,0.327542288288526,0.286453723308513,0.0686101799383968,"violation in forward orientation",1,0.0441379310344828,1,90,0.700619622653076,0.217843543370117,0.496903994999953,0.327542288288526,0.286453723308513,0.0686101799383968,"violation",1,280,0.460916067321027,0.508925548938443,0.485031032038999,0.49434299833213,0.518284403616519,0.0093588546780764,"violation"
352,110,"forward",0.586418960663303,0.39067852237157,0.497929597731969,0.445361771415123,0.395723426023061,0.00504490365149052,"violation in forward orientation",1,0.0441379310344828,1,110,0.586418960663303,0.39067852237157,0.497929597731969,0.445361771415123,0.395723426023061,0.00504490365149052,"violation",1,140,0.302689270193088,0.667292309215636,0.40525879864298,0.49749371855331,0.683651422356714,0.0163591131410777,"violation"
353,100,"reverse",0.370102421252595,0.608432477215472,0.433012701892219,0.499099188538711,0.613196151713909,0.00476367449843684,"violation in reverse orientation",1,0.0441379310344828,1,240,0.648947623041624,0.333614634254751,0.496585563847986,0.43539174569831,0.335894627921791,0.0022799936670404,"violation",1,100,0.370102421252595,0.608432477215472,0.433012701892219,0.499099188538711,0.613196151713909,0.00476367449843684,"violation"
354,50,"forward",0.674489213358372,0.275078575707952,0.499599839871872,0.346987031457949,0.311455873083244,0.0363772973752923,"violation in forward orientation",1,0.0441379310344828,1,50,0.674489213358372,0.275078575707952,0.499599839871872,0.346987031457949,0.311455873083244,0.0363772973752923,"violation at burn-in",1,280,0.223065937041572,0.696924489716727,0.36726721073577,0.486763572497166,0.766867877877689,0.0699433881609625,"violation"
355,90,"forward",0.668045886935067,0.289392299544533,0.499505928733089,0.382325567424117,0.3176209893838,0.0282286898392672,"violation in forward orientation",1,0.0441379310344828,1,90,0.668045886935067,0.289392299544533,0.499505928733089,0.382325567424117,0.3176209893838,0.0282286898392672,"violation",1,110,0.250278717268158,0.712455070479026,0.36147082458311,0.49326036240911,0.738427080115323,0.0259720096362971,"violation"
356,90,"reverse",0.433781791811234,0.519317495001799,0.458257569495584,0.484831649539365,0.546643154018964,0.0273256590171648,"violation in reverse orientation",1,0.0441379310344828,1,120,0.626967521469259,0.331038786191009,0.5,0.417582327212252,0.356925672073383,0.0258868858823737,"violation",1,90,0.433781791811234,0.519317495001799,0.458257569495584,0.484831649539365,0.546643154018964,0.0273256590171648,"violation"
357,60,"forward",0.710899562289484,0.230926430345563,0.498887651569859,0.321022671404304,0.276617651184042,0.0456912208384788,"violation in forward orientation",1,0.0441379310344828,1,60,0.710899562289484,0.230926430345563,0.498887651569859,0.321022671404304,0.276617651184042,0.0456912208384788,"violation",1,90,0.369905994351297,0.600945650434495,0.429757324573638,0.498020774022555,0.613401442673832,0.0124557922393377,"violation"
358,60,"forward",0.609706494609077,0.363298063516486,0.495535624910617,0.411973569810276,0.373441401848477,0.0101433383319912,"violation in forward orientation",1,0.0441379310344828,1,60,0.609706494609077,0.363298063516486,0.495535624910617,0.411973569810276,0.373441401848477,0.0101433383319912,"violation",1,140,0.251645336687791,0.729048215461149,0.370534638552655,0.486763572497166,0.736998789944004,0.00795057448285519,"violation"
359,50,"forward",0.546859192020479,0.381261936620275,0.48,0.41424630354416,0.433575081904397,0.0523131452841228,"violation in forward orientation",1,0.0441379310344828,1,50,0.546859192020479,0.381261936620275,0.48,0.41424630354416,0.433575081904397,0.0523131452841228,"violation at burn-in",1,100,0.346724065972573,0.618571340202755,0.420832508250016,0.499599839871872,0.637629490351108,0.0190581501483532,"violation"
360,60,"reverse",0.299311814729174,0.677962140771975,0.372677996249965,0.5,0.687181290565722,0.00921914979374727,"violation in reverse orientation",1,0.0441379310344828,1,130,0.660260286805724,0.315822436282835,0.498518515262143,0.411088898950381,0.325070422659974,0.00924798637713847,"violation",1,60,0.299311814729174,0.677962140771975,0.372677996249965,0.5,0.687181290565722,0.00921914979374727,"violation"
361,50,"reverse",0.246504271019468,0.56895608070809,0.324961536185438,0.485386443980464,0.742371853913887,0.173415773205797,"violation in reverse orientation",1,0.0441379310344828,1,100,0.598237834688651,0.381661638370415,0.498397431775085,0.438634243989226,0.38441486766036,0.00275322928994459,"violation",1,50,0.246504271019468,0.56895608070809,0.324961536185438,0.485386443980464,0.742371853913887,0.173415773205797,"violation at burn-in"
362,80,"forward",0.629397303997039,0.338978878076396,0.499374608885954,0.409076704298839,0.354600802761371,0.0156219246849753,"violation in forward orientation",1,0.0441379310344828,1,80,0.629397303997039,0.338978878076396,0.499374608885954,0.409076704298839,0.354600802761371,0.0156219246849753,"violation",1,120,0.378960967806647,0.576331088782478,0.442216638714053,0.49749371855331,0.603937849955893,0.0276067611734157,"violation"
363,50,"forward",0.654021127930363,0.302716065288689,0.498397431775085,0.366606055596467,0.331040186964497,0.0283241216758081,"violation in forward orientation",1,0.0441379310344828,1,50,0.654021127930363,0.302716065288689,0.498397431775085,0.366606055596467,0.331040186964497,0.0283241216758081,"violation at burn-in",1,160,0.213659018315615,0.772837907380941,0.344374432848898,0.470662764089109,0.776699297924605,0.00386139054366397,"violation"
364,50,"reverse",0.329560327676681,0.633238465893974,0.384187454245971,0.496386945839634,0.655567768088814,0.0223293021948401,"violation in reverse orientation",1,0.0441379310344828,1,110,0.650516076660585,0.327565307208637,0.499669312133138,0.413011516058202,0.334393897035654,0.0068285898270169,"violation",1,50,0.329560327676681,0.633238465893974,0.384187454245971,0.496386945839634,0.655567768088814,0.0223293021948401,"violation at burn-in"
365,60,"forward",0.661196578770763,0.277090389131333,0.499722145018832,0.357071421427142,0.32417455793475,0.047084168803417,"violation in forward orientation",1,0.0441379310344828,1,60,0.661196578770763,0.277090389131333,0.499722145018832,0.357071421427142,0.32417455793475,0.047084168803417,"violation",1,160,0.266443233185236,0.672208614013715,0.385225177655874,0.496078370824611,0.721533116165435,0.04932450215172,"violation"
366,50,"forward",0.714489213358372,0.216786995012799,0.499599839871872,0.3,0.273182994166191,0.0563959991533918,"violation in forward orientation",1,0.0441379310344828,1,50,0.714489213358372,0.216786995012799,0.499599839871872,0.3,0.273182994166191,0.0563959991533918,"violation at burn-in",1,50,0.185611725055255,0.790712364249548,0.271293199325011,0.489897948556636,0.806012267373436,0.0152999031238876,"violation at burn-in"
367,50,"reverse",0.329560327676681,0.61213738305134,0.384187454245971,0.493558507170123,0.655567768088814,0.0434303850374741,"violation in reverse orientation",1,0.0441379310344828,1,150,0.566880457132142,0.389809930959501,0.497817458735852,0.45220447685631,0.414418295519775,0.024608364560274,"violation",1,50,0.329560327676681,0.61213738305134,0.384187454245971,0.493558507170123,0.655567768088814,0.0434303850374741,"violation at burn-in"
368,50,"forward",0.612137383051339,0.355715993350399,0.493558507170123,0.4,0.371115474373187,0.0153994810227883,"violation in forward orientation",1,0.0441379310344828,1,50,0.612137383051339,0.355715993350399,0.493558507170123,0.4,0.371115474373187,0.0153994810227883,"violation at burn-in",1,140,0.368247414561976,0.60354936649719,0.440952123830019,0.499795876701026,0.615134868364558,0.011585501867368,"violation"
369,80,"forward",0.654590663251262,0.32367253060101,0.5,0.4,0.330495243055103,0.0068227124540936,"violation in forward orientation",1,0.0441379310344828,1,80,0.654590663251262,0.32367253060101,0.5,0.4,0.330495243055103,0.0068227124540936,"violation",1,120,0.198185572513956,0.786372793895149,0.321022671404304,0.471404520791032,0.792871006183284,0.00649821228813496,"violation"
370,50,"reverse",0.329560327676681,0.524410079701748,0.384187454245971,0.47370877129308,0.655567768088814,0.131157688387066,"violation in reverse orientation",1,0.0441379310344828,1,100,0.535880378407413,0.427104455396434,0.489897948556636,0.458257569495584,0.444079852006041,0.0169753966096072,"violation",1,50,0.329560327676681,0.524410079701748,0.384187454245971,0.47370877129308,0.655567768088814,0.131157688387066,"violation at burn-in"
371,70,"reverse",0.295810536031579,0.679232364913215,0.376883027379226,0.499795876701026,0.690840569717608,0.0116082048043936,"violation in reverse orientation",1,0.0441379310344828,1,180,0.749720003515,0.237972203420405,0.476969600708473,0.36763340570146,0.239473400020773,0.00150119660036771,"violation",1,70,0.295810536031579,0.679232364913215,0.376883027379226,0.499795876701026,0.690840569717608,0.0116082048043936,"violation"
372,90,"forward",0.589508511541965,0.382890080077361,0.496903994999953,0.436173031697567,0.392767275855884,0.00987719577852214,"violation in forward orientation",1,0.0441379310344828,1,90,0.589508511541965,0.382890080077361,0.496903994999953,0.436173031697567,0.392767275855884,0.00987719577852214,"violation",1,110,0.380327651765266,0.595707531877815,0.440604393311005,0.498675932796454,0.602509492333169,0.00680196045535397,"violation"
373,50,"reverse",0.246504271019468,0.694644991687999,0.324961536185438,0.5,0.742371853913887,0.0477268622258876,"violation in reverse orientation",1,0.0441379310344828,1,250,0.549218834351644,0.424799282063698,0.498397431775085,0.47370877129308,0.431317324273692,0.00651804220999397,"violation",1,50,0.246504271019468,0.694644991687999,0.324961536185438,0.5,0.742371853913887,0.0477268622258876,"violation at burn-in"
374,50,"reverse",0.355715993350399,0.524410079701748,0.4,0.47370877129308,0.628231788759531,0.103821709057783,"violation in reverse orientation",1,0.0441379310344828,1,110,0.712455070479026,0.272841182473027,0.49326036240911,0.378011325205305,0.275129306769221,0.00228812429619468,"violation",1,50,0.355715993350399,0.524410079701748,0.4,0.47370877129308,0.628231788759531,0.103821709057783,"violation at burn-in"
375,50,"reverse",0.216786995012799,0.674489213358372,0.3,0.499599839871872,0.773430166585973,0.0989409532276009,"violation in reverse orientation",1,0.0441379310344828,1,190,0.548684983188403,0.421854013114799,0.497222200728715,0.468864367396212,0.431828124796953,0.00997411168215367,"violation",1,50,0.216786995012799,0.674489213358372,0.3,0.499599839871872,0.773430166585973,0.0989409532276009,"violation at burn-in"
376,50,"reverse",0.329560327676681,0.633238465893974,0.384187454245971,0.496386945839634,0.655567768088814,0.0223293021948401,"violation in reverse orientation",1,0.0441379310344828,1,150,0.633953666895996,0.33741333935307,0.499599839871872,0.427083130081252,0.350241174623022,0.0128278352699519,"violation",1,50,0.329560327676681,0.633238465893974,0.384187454245971,0.496386945839634,0.655567768088814,0.0223293021948401,"violation at burn-in"
377,100,"forward",0.567316518042841,0.381661638370415,0.495075751779463,0.438634243989226,0.414001062858884,0.0323394244884684,"violation in forward orientation",1,0.0441379310344828,1,100,0.567316518042841,0.381661638370415,0.495075751779463,0.438634243989226,0.414001062858884,0.0323394244884684,"violation",1,160,0.33870010349401,0.629248113255807,0.42934361238989,0.499648313816829,0.64601554617508,0.0167674329192734,"violation"
378,70,"forward",0.606789975333154,0.349704765490709,0.496723961448963,0.410325903324145,0.376231991576144,0.0265272260854349,"violation in forward orientation",1,0.0441379310344828,1,70,0.606789975333154,0.349704765490709,0.496723961448963,0.410325903324145,0.376231991576144,0.0265272260854349,"violation",1,90,0.343591528449175,0.634820744786183,0.415739709641549,0.499876527964533,0.640903388330079,0.00608264354389632,"violation"
379,50,"forward",0.546859192020479,0.4062591846095,0.48,0.427083130081252,0.433575081904397,0.0273158972948973,"violation in forward orientation",1,0.0441379310344828,1,50,0.546859192020479,0.4062591846095,0.48,0.427083130081252,0.433575081904397,0.0273158972948973,"violation at burn-in",1,100,0.322972911087052,0.648654591240726,0.407308237088326,0.499899989998,0.662452451735325,0.0137978604945996,"violation"
380,50,"reverse",0.246504271019468,0.714489213358372,0.324961536185438,0.499599839871872,0.742371853913887,0.0278826405555144,"violation in reverse orientation",1,0.0441379310344828,1,70,0.621549582751732,0.332011213630856,0.498159879261791,0.4,0.362109674886281,0.0300984612554252,"violation",1,50,0.246504271019468,0.714489213358372,0.324961536185438,0.499599839871872,0.742371853913887,0.0278826405555144,"violation at burn-in"
381,90,"forward",0.689834539323383,0.232572423955049,0.498020774022555,0.339934634239519,0.296773128018205,0.0642007040631562,"violation in forward orientation",1,0.0441379310344828,1,90,0.689834539323383,0.232572423955049,0.498020774022555,0.339934634239519,0.296773128018205,0.0642007040631562,"violation",1,110,0.359431711356376,0.623309040262332,0.430356377401623,0.499917348540637,0.624348393403744,0.00103935314141224,"violation"
382,50,"forward",0.56895608070809,0.246504271019468,0.485386443980464,0.324961536185438,0.412432293274784,0.165928022255316,"violation in forward orientation",1,0.0441379310344828,1,50,0.56895608070809,0.246504271019468,0.485386443980464,0.324961536185438,0.412432293274784,0.165928022255316,"violation at burn-in",1,70,0.277251743648749,0.707263868466018,0.363935405795914,0.498159879261791,0.710236855450961,0.00297298698494364,"violation"
383,50,"reverse",0.246504271019468,0.654021127930363,0.324961536185438,0.498397431775084,0.742371853913887,0.0883507259835239,"violation in reverse orientation",1,0.0441379310344828,1,170,0.630831105440061,0.333085006469814,0.499446059932408,0.427797125542981,0.353228910035873,0.0201439035660598,"violation",1,50,0.246504271019468,0.654021127930363,0.324961536185438,0.498397431775084,0.742371853913887,0.0883507259835239,"violation at burn-in"
384,70,"reverse",0.349704765490709,0.621549582751732,0.410325903324145,0.498159879261791,0.634514282295194,0.0129646995434622,"violation in reverse orientation",1,0.0441379310344828,1,140,0.596346324927922,0.352089851249444,0.499540605283025,0.433012701892219,0.38622470576143,0.0341348545119857,"violation",1,70,0.349704765490709,0.621549582751732,0.410325903324145,0.498159879261791,0.634514282295194,0.0129646995434622,"violation"
385,50,"forward",0.633238465893974,0.216786995012799,0.496386945839634,0.3,0.350925494656816,0.134138499644017,"violation in forward orientation",1,0.0441379310344828,1,50,0.633238465893974,0.216786995012799,0.496386945839634,0.3,0.350925494656816,0.134138499644017,"violation at burn-in",1,60,0.155449781144742,0.774366575369876,0.249443825784929,0.489897948556636,0.837535314255675,0.0631687388857989,"violation"
386,50,"reverse",0.381261936620275,0.56895608070809,0.41424630354416,0.485386443980464,0.601533046472346,0.0325769657642566,"violation in reverse orientation",1,0.0441379310344828,1,90,0.668045886935067,0.316774321444153,0.499505928733089,0.4,0.3176209893838,0.000846667939647106,"violation",1,50,0.381261936620275,0.56895608070809,0.41424630354416,0.485386443980464,0.601533046472346,0.0325769657642566,"violation at burn-in"
387,90,"forward",0.71133125754252,0.261362863693741,0.495535624910617,0.362433476228891,0.276204595680329,0.0148417319865876,"violation in forward orientation",1,0.0441379310344828,1,90,0.71133125754252,0.261362863693741,0.495535624910617,0.362433476228891,0.276204595680329,0.0148417319865876,"violation",1,110,0.380327651765266,0.577086061449853,0.440604393311005,0.497015888466787,0.602509492333169,0.0254234308833157,"violation"
388,50,"reverse",0.185611725055255,0.694644991687999,0.271293199325011,0.5,0.806012267373436,0.111367275685437,"violation in reverse orientation",1,0.0441379310344828,1,90,0.645967901805191,0.316774321444153,0.5,0.4,0.338745690674006,0.0219713692298532,"violation",1,50,0.185611725055255,0.694644991687999,0.271293199325011,0.5,0.806012267373436,0.111367275685437,"violation at burn-in"
389,50,"forward",0.714489213358372,0.246504271019468,0.499599839871872,0.324961536185438,0.273182994166191,0.026678723146723,"violation in forward orientation",1,0.0441379310344828,1,50,0.714489213358372,0.246504271019468,0.499599839871872,0.324961536185438,0.273182994166191,0.026678723146723,"violation at burn-in",1,90,0.330249254092939,0.623601442490622,0.408097059382377,0.499505928733089,0.654847752834407,0.031246310343785,"violation"
390,130,"reverse",0.394860794489534,0.567604099510956,0.451231057724999,0.497092136043185,0.587320519739009,0.0197164202280535,"violation in reverse orientation",1,0.0441379310344828,1,280,0.623909237082411,0.339146993140407,0.498454243289252,0.440952123830019,0.359851905774176,0.0207049126337694,"violation",1,130,0.394860794489534,0.567604099510956,0.451231057724999,0.497092136043185,0.587320519739009,0.0197164202280535,"violation"
391,50,"reverse",0.4062591846095,0.501594493296846,0.427083130081252,0.466476151587624,0.575407760163573,0.0738132668667275,"violation in reverse orientation",1,0.0441379310344828,1,160,0.690356174668703,0.295730681725611,0.493354271796647,0.404612082740988,0.296274015857948,0.000543334132337148,"violation",1,50,0.4062591846095,0.501594493296846,0.427083130081252,0.466476151587624,0.575407760163573,0.0738132668667275,"violation at burn-in"
392,70,"reverse",0.332011213630856,0.650660936341786,0.4,0.499795876701026,0.653006282228827,0.00234534588704083,"violation in reverse orientation",1,0.0441379310344828,1,100,0.618571340202755,0.358457767577596,0.499599839871872,0.427083130081252,0.364959322797847,0.00650155522025092,"violation",1,70,0.332011213630856,0.650660936341786,0.4,0.499795876701026,0.653006282228827,0.00234534588704083,"violation"
393,60,"reverse",0.206777284463185,0.758806370529702,0.3,0.493006648591635,0.783891580341973,0.0250852098122712,"violation in reverse orientation",1,0.0441379310344828,1,70,0.576856954805403,0.384376285178422,0.492598275701905,0.428809457708675,0.40487256333315,0.0204962781547283,"violation",1,60,0.206777284463185,0.758806370529702,0.3,0.493006648591635,0.783891580341973,0.0250852098122712,"violation"
394,80,"reverse",0.292478733192347,0.691655263867034,0.379967103839267,0.498591766879478,0.694322725158753,0.00266746129171835,"violation in reverse orientation",1,0.0441379310344828,1,160,0.553623923094054,0.415006592849108,0.49682586235018,0.463512405443479,0.427102438572263,0.0120958457231551,"violation",1,80,0.292478733192347,0.691655263867034,0.379967103839267,0.498591766879478,0.694322725158753,0.00266746129171835,"violation"
395,70,"reverse",0.367154334451918,0.606789975333154,0.419912527334259,0.496723961448963,0.61627727535456,0.00948730002140619,"violation in reverse orientation",1,0.0441379310344828,1,90,0.531207015560322,0.446262250701477,0.487498021521785,0.462948147911104,0.448551428265595,0.00228917756411828,"violation",1,70,0.367154334451918,0.606789975333154,0.419912527334259,0.496723961448963,0.61627727535456,0.00948730002140619,"violation"
396,90,"reverse",0.330249254092939,0.577997924209187,0.408097059382377,0.495535624910617,0.654847752834407,0.0768498286252203,"violation in reverse orientation",1,0.0441379310344828,1,180,0.643107190844004,0.340529937527662,0.498485360187225,0.433012701892219,0.341482881779861,0.000952944252199384,"violation",1,90,0.330249254092939,0.577997924209187,0.408097059382377,0.495535624910617,0.654847752834407,0.0768498286252203,"violation"
397,50,"forward",0.546859192020479,0.355715993350399,0.48,0.4,0.433575081904397,0.0778590885539981,"violation in forward orientation",1,0.0441379310344828,1,50,0.546859192020479,0.355715993350399,0.48,0.4,0.433575081904397,0.0778590885539981,"violation at burn-in",1,120,0.25103315076085,0.724402256602221,0.365053268563492,0.489897948556636,0.737638601679377,0.0132363450771555,"violation"
398,50,"forward",0.654021127930363,0.275078575707952,0.498397431775085,0.346987031457949,0.331040186964497,0.055961611256545,"violation in forward orientation",1,0.0441379310344828,1,50,0.654021127930363,0.275078575707952,0.498397431775085,0.346987031457949,0.331040186964497,0.055961611256545,"violation at burn-in",1,60,0.383872428163307,0.592139703863035,0.422952584681651,0.493006648591635,0.598804752581845,0.00666504871881013,"violation"
399,50,"forward",0.654021127930363,0.246504271019468,0.498397431775085,0.324961536185438,0.331040186964497,0.084535915945029,"violation in forward orientation",1,0.0441379310344828,1,50,0.654021127930363,0.246504271019468,0.498397431775085,0.324961536185438,0.331040186964497,0.084535915945029,"violation at burn-in",1,60,0.363298063516486,0.592139703863035,0.411973569810276,0.493006648591635,0.620307566301619,0.0281678624385836,"violation"
400,60,"forward",0.677962140771975,0.299311814729174,0.5,0.372677996249965,0.308132899823531,0.00882108509435664,"violation in forward orientation",1,0.0441379310344828,1,60,0.677962140771975,0.299311814729174,0.5,0.372677996249965,0.308132899823531,0.00882108509435664,"violation",1,130,0.351399993541752,0.606718250157931,0.430769230769231,0.499763257562486,0.632742554534951,0.0260243043770203,"violation"
