"trial","stopped_at_n","selected_direction","T1_","T2_","s1","s2","beta_allowed","margin","reason","violation","eps","fwd_violation","fwd_stopped_at_n","fwd_T1_","fwd_T2_","fwd_s1","fwd_s2","fwd_beta_allowed","fwd_margin","fwd_reason","rev_violation","rev_stopped_at_n","rev_T1_","rev_T2_","rev_s1","rev_s2","rev_beta_allowed","rev_margin","rev_reason"
1,350,"forward",0.495558985000316,0.31784437180978,0.493558507170123,0.43383435191091,0.320421715030412,0.00257734322063247,"violation in forward orientation",1,0.453793103448276,1,350,0.495558985000316,0.31784437180978,0.493558507170123,0.43383435191091,0.320421715030412,0.00257734322063247,"violation",1,1550,0.450061131240064,0.348413426541046,0.492009407454709,0.463152568565684,0.349322595227226,0.000909168686179407,"violation"
2,160,"forward",0.501800453905321,0.310173845011429,0.488580533279827,0.413398642353842,0.31645704570719,0.00628320069576116,"violation in forward orientation",1,0.453793103448276,1,160,0.501800453905321,0.310173845011429,0.488580533279827,0.413398642353842,0.31645704570719,0.00628320069576116,"violation",1,1720,0.430756034334403,0.361215143568537,0.488548902102756,0.468591666967672,0.361585465818845,0.000370322250307198,"violation"
3,130,"forward",0.470671409207969,0.324790251442971,0.478162162089848,0.416309511622609,0.336230655165344,0.0114404037223739,"violation in forward orientation",1,0.453793103448276,1,130,0.470671409207969,0.324790251442971,0.478162162089848,0.416309511622609,0.336230655165344,0.0114404037223739,"violation",1,1860,0.439322216485658,0.35587321016059,0.490545365346631,0.467054246662991,0.356144105762565,0.000270895601975074,"violation"
4,330,"forward",0.417068097294319,0.365601373173368,0.474520685138621,0.455564514234741,0.370280237018857,0.00467886384548893,"violation in forward orientation",1,0.453793103448276,1,330,0.417068097294319,0.365601373173368,0.474520685138621,0.455564514234741,0.370280237018857,0.00467886384548893,"violation",1,1360,0.432911842981348,0.359025669575121,0.488177153696282,0.466419379097001,0.360216065676128,0.00119039610100619,"violation"
5,480,"forward",0.518046540854939,0.289389958114436,0.497698697060335,0.422952584681651,0.306137301504045,0.0167473433896088,"violation in forward orientation",1,0.453793103448276,1,480,0.518046540854939,0.289389958114436,0.497698697060335,0.422952584681651,0.306137301504045,0.0167473433896088,"violation",1,550,0.374336197938804,0.408512745803253,0.465056648109038,0.476682752237787,0.410682910561722,0.00217016475846898,"violation"
6,530,"reverse",0.364050957704223,0.423185616111546,0.460686564891528,0.480654591036699,0.426874678871035,0.00368906275948894,"violation in reverse orientation",1,0.453793103448276,1,2750,0.302817729463769,0.52325088190931,0.446468456494552,0.499935995903476,0.523272451007384,2.15690980739369e-05,"violation",1,530,0.364050957704223,0.423185616111546,0.460686564891528,0.480654591036699,0.426874678871035,0.00368906275948894,"violation"
7,640,"reverse",0.434620944544604,0.358312260564957,0.484919049301015,0.460274947551732,0.359130420190867,0.000818159625910142,"violation in reverse orientation",1,0.453793103448276,1,1510,0.357340180358185,0.437338774030429,0.466425021131698,0.489488203955237,0.437439269438118,0.000100495407688583,"violation",1,640,0.434620944544604,0.358312260564957,0.484919049301015,0.460274947551732,0.359130420190867,0.000818159625910142,"violation"
8,1600,"forward",0.335926524595354,0.470708500701013,0.458257569495584,0.495337243072838,0.471150193525375,0.000441692824362183,"violation in forward orientation",1,0.453793103448276,1,1600,0.335926524595354,0.470708500701013,0.458257569495584,0.495337243072838,0.471150193525375,0.000441692824362183,"violation",1,2140,0.481225913547374,0.328908600429106,0.497154098416015,0.457023679610086,0.32952628473378,0.000617684304673516,"violation"
9,150,"forward",0.566880457132142,0.267629269853237,0.497817458735852,0.384187454245971,0.275117307213641,0.00748803736040426,"violation in forward orientation",1,0.453793103448276,1,150,0.566880457132142,0.267629269853237,0.497817458735852,0.384187454245971,0.275117307213641,0.00748803736040426,"violation",1,710,0.460270923918015,0.342120640696267,0.491014277622556,0.454475856243161,0.342837190518365,0.0007165498220984,"violation"
10,670,"reverse",0.585347835402893,0.26020893097707,0.499195164224226,0.409730716952423,0.263386567346995,0.00317763636992519,"violation in reverse orientation",1,0.453793103448276,1,2820,0.35016368711692,0.44859775745318,0.466966749106818,0.493244310868065,0.448737023616502,0.000139266163322105,"violation",1,670,0.585347835402893,0.26020893097707,0.499195164224226,0.409730716952423,0.263386567346995,0.00317763636992519,"violation"
11,90,"reverse",0.303158498150334,0.483168476855012,0.391420332306856,0.475186772896513,0.522735988319679,0.0395675114646671,"violation in reverse orientation",1,0.453793103448276,1,1040,0.333149774112852,0.475471179928393,0.453939853430545,0.494911234644673,0.475521554761477,5.0374833084732e-05,"violation",1,90,0.303158498150334,0.483168476855012,0.391420332306856,0.475186772896513,0.522735988319679,0.0395675114646671,"violation"
12,670,"forward",0.431421175226689,0.36014237993876,0.484410567270395,0.461442719019453,0.361162958916799,0.00102057897803914,"violation in forward orientation",1,0.453793103448276,1,670,0.431421175226689,0.36014237993876,0.484410567270395,0.461442719019453,0.361162958916799,0.00102057897803914,"violation",1,1290,0.376221302168265,0.405678661140021,0.472220295722077,0.481244905276551,0.40771524328063,0.00203658214060887,"violation"
13,480,"forward",0.447772333205978,0.347485546590422,0.486198404860494,0.452596674755792,0.350776472109559,0.00329092551913734,"violation in forward orientation",1,0.453793103448276,1,480,0.447772333205978,0.347485546590422,0.486198404860494,0.452596674755792,0.350776472109559,0.00329092551913734,"violation",1,1070,0.478817689237909,0.32998505215707,0.495451403906207,0.452761058143045,0.331056022875311,0.00107097071824191,"violation"
14,140,"reverse",0.36018664607018,0.415904058037976,0.43705881545081,0.461309139784786,0.432958157450664,0.0170540994126882,"violation in reverse orientation",1,0.453793103448276,1,1410,0.301760731408006,0.523597260103625,0.441465293143241,0.499685530604497,0.524936453717283,0.00133919361365864,"violation",1,140,0.36018664607018,0.415904058037976,0.43705881545081,0.461309139784786,0.432958157450664,0.0170540994126882,"violation"
15,1390,"reverse",0.477234081532286,0.32917724747355,0.495883369068421,0.45439215693728,0.33206195288731,0.0028847054137599,"violation in reverse orientation",1,0.453793103448276,1,2620,0.34998630178725,0.447853232947988,0.46656445460793,0.492963570650235,0.449016276418962,0.00116304347097373,"violation",1,1390,0.477234081532286,0.32917724747355,0.495883369068421,0.45439215693728,0.33206195288731,0.0028847054137599,"violation"
16,60,"reverse",0.609706494609077,0.230926430345563,0.495535624910617,0.321022671404304,0.247913602508202,0.0169871721626389,"violation in reverse orientation",1,0.453793103448276,1,280,0.545337808510983,0.251734490506074,0.498454243289252,0.388875931109034,0.288801502301236,0.0370670117951626,"violation",1,60,0.609706494609077,0.230926430345563,0.495535624910617,0.321022671404304,0.247913602508202,0.0169871721626389,"violation"
17,310,"reverse",0.482656629988581,0.325400197611694,0.490545365346631,0.435770514981644,0.32861747341532,0.00321727580362646,"violation in reverse orientation",1,0.453793103448276,1,830,0.476667968671566,0.331206263057446,0.494388602213429,0.451098238896078,0.332421555783125,0.00121529272567894,"violation",1,310,0.482656629988581,0.325400197611694,0.490545365346631,0.435770514981644,0.32861747341532,0.00321727580362646,"violation"
18,1160,"reverse",0.467687462475088,0.33671013224306,0.494078340608794,0.456352148013388,0.338126100332826,0.00141596808976602,"violation in reverse orientation",1,0.453793103448276,1,1220,0.349665264525296,0.448932918826255,0.462087937546888,0.491034234779898,0.449521676472405,0.000588757646150129,"violation",1,1160,0.467687462475088,0.33671013224306,0.494078340608794,0.456352148013388,0.338126100332826,0.00141596808976602,"violation"
19,800,"forward",0.401652879964909,0.379648127285639,0.477360909061477,0.47021271782035,0.380072201088035,0.000424073802395675,"violation in forward orientation",1,0.453793103448276,1,800,0.401652879964909,0.379648127285639,0.477360909061477,0.47021271782035,0.380072201088035,0.000424073802395675,"violation",1,1340,0.499568002698895,0.317015356610203,0.498187291052187,0.448558990756964,0.317875130287667,0.000859773677463205,"violation"
20,220,"forward",0.260390638403448,0.585946066442252,0.389399834880497,0.499917348540637,0.590064243208516,0.00411817676626436,"violation in forward orientation",1,0.453793103448276,1,220,0.260390638403448,0.585946066442252,0.389399834880497,0.499917348540637,0.590064243208516,0.00411817676626436,"violation",1,1940,0.458393718597011,0.343224219946794,0.493985507245812,0.462408484969781,0.344029617888083,0.000805397941289254,"violation"
21,1320,"reverse",0.520519143755338,0.30348989239353,0.499517099221898,0.441816077436066,0.304566669171028,0.00107677677749851,"violation in reverse orientation",1,0.453793103448276,1,2490,0.341818799518043,0.46156185391308,0.46316626773185,0.494978738481936,0.461874148611792,0.000312294698712579,"violation",1,1320,0.520519143755338,0.30348989239353,0.499517099221898,0.441816077436066,0.304566669171028,0.00107677677749851,"violation"
22,810,"forward",0.431225599495973,0.358439395232554,0.48544742072952,0.462442505808208,0.36128719138703,0.00284779615447617,"violation in forward orientation",1,0.453793103448276,1,810,0.431225599495973,0.358439395232554,0.48544742072952,0.462442505808208,0.36128719138703,0.00284779615447617,"violation",1,1390,0.415100538555357,0.367866818091261,0.484076443986898,0.469768748300777,0.371530058157554,0.00366324006629282,"violation"
23,1800,"reverse",0.378757102984651,0.402618098591387,0.474821603926733,0.481894409826699,0.40372320241809,0.00110510382670276,"violation in reverse orientation",1,0.453793103448276,1,2200,0.313616117636843,0.506059834444313,0.450324951544405,0.499205153342758,0.506272848137187,0.000213013692873854,"violation",1,1800,0.378757102984651,0.402618098591387,0.474821603926733,0.481894409826699,0.40372320241809,0.00110510382670276,"violation"
24,580,"reverse",0.375700278706693,0.400893601678154,0.466075654859078,0.474745691983692,0.408535476058968,0.00764187438081387,"violation in reverse orientation",1,0.453793103448276,1,590,0.467855426372045,0.335676230758499,0.491551723434331,0.449660729458723,0.338019407289921,0.00234317653142208,"violation",1,580,0.375700278706693,0.400893601678154,0.466075654859078,0.474745691983692,0.408535476058968,0.00764187438081387,"violation"
25,50,"forward",0.56895608070809,0.216786995012799,0.485386443980464,0.3,0.2737988417621,0.0570118467493009,"violation in forward orientation",1,0.453793103448276,1,50,0.56895608070809,0.216786995012799,0.485386443980464,0.3,0.2737988417621,0.0570118467493009,"violation at burn-in",1,890,0.48820827258779,0.325016439635658,0.496166340804935,0.448888709032463,0.325090991517938,7.45518822799496e-05,"violation"
26,90,"reverse",0.275464716989807,0.543018751298959,0.372677996249965,0.489897948556636,0.566333539561354,0.0233147882623946,"violation in reverse orientation",1,0.453793103448276,1,160,0.435337907380941,0.345761529163151,0.470662764089109,0.433012701892219,0.358674995257029,0.0129134660938781,"violation",1,90,0.275464716989807,0.543018751298959,0.372677996249965,0.489897948556636,0.566333539561354,0.0233147882623946,"violation"
27,110,"reverse",0.316792091153819,0.500787243770971,0.406659440842637,0.483530405344444,0.501273001155441,0.000485757384470098,"violation in reverse orientation",1,0.453793103448276,1,200,0.481768094935618,0.313689996399174,0.486595314404074,0.420832508250016,0.329181883447751,0.0154918870485775,"violation",1,110,0.316792091153819,0.500787243770971,0.406659440842637,0.483530405344444,0.501273001155441,0.000485757384470098,"violation"
28,50,"reverse",0.454790769027509,0.329560327676681,0.448998886412873,0.384187454245971,0.34631826241211,0.0167579347354284,"violation in reverse orientation",1,0.453793103448276,1,120,0.643563631019352,0.219654649275235,0.499722145018832,0.339934634239519,0.22640707060987,0.00675242133463466,"violation",1,50,0.454790769027509,0.329560327676681,0.448998886412873,0.384187454245971,0.34631826241211,0.0167579347354284,"violation at burn-in"
29,130,"forward",0.478921718454913,0.324790251442971,0.480446045219298,0.416309511622609,0.330989942045358,0.00619969060238695,"violation in forward orientation",1,0.453793103448276,1,130,0.478921718454913,0.324790251442971,0.480446045219298,0.416309511622609,0.330989942045358,0.00619969060238695,"violation",1,1430,0.494777969821332,0.320259479591244,0.497865265393366,0.450560802690515,0.320917826918209,0.000658347326965569,"violation"
30,90,"reverse",0.343591528449175,0.458651873183302,0.415739709641549,0.46732757432918,0.459083390644701,0.000431517461399245,"violation in reverse orientation",1,0.453793103448276,1,160,0.501800453905321,0.295730681725611,0.488580533279827,0.404612082740988,0.31645704570719,0.0207263639815798,"violation",1,90,0.343591528449175,0.458651873183302,0.415739709641549,0.46732757432918,0.459083390644701,0.000431517461399245,"violation"
31,230,"reverse",0.366432393768722,0.408704495752174,0.450267721243652,0.467143513689158,0.42312565015412,0.0144211544019462,"violation in reverse orientation",1,0.453793103448276,1,290,0.456756920442452,0.335517312892049,0.484344685196894,0.439759960467031,0.345069335225533,0.00955202233348384,"violation",1,230,0.366432393768722,0.408704495752174,0.450267721243652,0.467143513689158,0.42312565015412,0.0144211544019462,"violation"
32,190,"forward",0.323471761400868,0.488835881526345,0.425144590036934,0.487630939869493,0.490757381631146,0.00192150010480169,"violation in forward orientation",1,0.453793103448276,1,190,0.323471761400868,0.488835881526345,0.425144590036934,0.487630939869493,0.490757381631146,0.00192150010480169,"violation",1,1190,0.400607226500319,0.380732286249231,0.479407161615563,0.473252512003078,0.380736414957699,4.12870846755453e-06,"violation"
33,270,"reverse",0.461497547999306,0.334931626270213,0.484831649539365,0.438228132081453,0.342058021553457,0.00712639528324399,"violation in reverse orientation",1,0.453793103448276,1,300,0.442406415357125,0.353818506213433,0.480959688770506,0.448998886412873,0.35418497901876,0.000366472805326923,"violation",1,270,0.461497547999306,0.334931626270213,0.484831649539365,0.438228132081453,0.342058021553457,0.00712639528324399,"violation"
34,600,"reverse",0.365453139848733,0.421000607991902,0.462493243193887,0.480959688770506,0.424667262428293,0.00366665443639119,"violation in reverse orientation",1,0.453793103448276,1,2360,0.406818195342429,0.368782043196031,0.484013314125245,0.47278414649951,0.376791119705799,0.00800907650976773,"violation",1,600,0.365453139848733,0.421000607991902,0.462493243193887,0.480959688770506,0.424667262428293,0.00366665443639119,"violation"
35,1270,"forward",0.326534309639499,0.48308246833345,0.45255044978855,0.496405955683195,0.485936096917806,0.00285362858435645,"violation in forward orientation",1,0.453793103448276,1,1270,0.326534309639499,0.48308246833345,0.45255044978855,0.496405955683195,0.485936096917806,0.00285362858435645,"violation",1,2250,0.429683872743503,0.361724319867787,0.489158713418846,0.470132316546872,0.362266518025252,0.000542198157464924,"violation"
36,50,"forward",0.430755917550709,0.355715993350399,0.438634243989226,0.4,0.361585540001498,0.00586954665109918,"violation in forward orientation",1,0.453793103448276,1,50,0.430755917550709,0.355715993350399,0.438634243989226,0.4,0.361585540001498,0.00586954665109918,"violation at burn-in",1,580,0.38471748306843,0.391915472497341,0.469333020304007,0.471809328867269,0.394339941439166,0.00242446894182541,"violation"
37,1690,"reverse",0.438131926679292,0.356467648820535,0.490018359928962,0.466749522889684,0.356900194682155,0.000432545861620559,"violation in reverse orientation",1,0.453793103448276,1,2520,0.356985460233243,0.43698019193911,0.468964855857266,0.490922736828205,0.437997695488139,0.00101750354902924,"violation",1,1690,0.438131926679292,0.356467648820535,0.490018359928962,0.466749522889684,0.356900194682155,0.000432545861620559,"violation"
38,70,"reverse",0.25834289775755,0.561680056860571,0.349927106111883,0.489897948556636,0.593287944487214,0.0316078876266432,"violation in reverse orientation",1,0.453793103448276,1,450,0.507741276010742,0.307893760394302,0.496386945839634,0.432369298027211,0.312683351483193,0.00478959108889149,"violation",1,70,0.25834289775755,0.561680056860571,0.349927106111883,0.489897948556636,0.593287944487214,0.0316078876266432,"violation"
39,210,"forward",0.49520100521645,0.315524963935628,0.489897948556636,0.422952584681651,0.320649108852127,0.00512414491649932,"violation in forward orientation",1,0.453793103448276,1,210,0.49520100521645,0.315524963935628,0.489897948556636,0.422952584681651,0.320649108852127,0.00512414491649932,"violation",1,3010,0.48847329373416,0.324863990743843,0.4982724208189,0.457088408447119,0.324922646337499,5.86555936558653e-05,"violation"
40,280,"forward",0.523543521736558,0.279949958143328,0.49630008614769,0.4078158598071,0.302645541502772,0.0226955833594438,"violation in forward orientation",1,0.453793103448276,1,280,0.523543521736558,0.279949958143328,0.49630008614769,0.4078158598071,0.302645541502772,0.0226955833594438,"violation",1,1750,0.515423330543583,0.306187169390581,0.499503100029195,0.44528220815339,0.307803601794583,0.001616432404002,"violation"
41,260,"forward",0.409366514486538,0.368085558532451,0.469088881448095,0.453046884207298,0.375172391343902,0.00708683281145112,"violation in forward orientation",1,0.453793103448276,1,260,0.409366514486538,0.368085558532451,0.469088881448095,0.453046884207298,0.375172391343902,0.00708683281145112,"violation",1,1100,0.498501707082939,0.318439190185084,0.49776027287862,0.447652277983114,0.318552456343825,0.000113266158740966,"violation"
42,860,"forward",0.429894214177671,0.361431399664865,0.485443879217979,0.464097721941282,0.362132906171353,0.000701506506488148,"violation in forward orientation",1,0.453793103448276,1,860,0.429894214177671,0.361431399664865,0.485443879217979,0.464097721941282,0.362132906171353,0.000701506506488148,"violation",1,1920,0.485598825705117,0.326284753515161,0.497441097416876,0.455242597394663,0.326748549083916,0.000463795568754977,"violation"
43,240,"forward",0.502329402780283,0.315152301376143,0.49228421668788,0.42555111326373,0.316121049900749,0.000968748524606933,"violation in forward orientation",1,0.453793103448276,1,240,0.502329402780283,0.315152301376143,0.49228421668788,0.42555111326373,0.316121049900749,0.000968748524606933,"violation",1,1560,0.45768149721865,0.344265040680373,0.493327852600293,0.461538461538462,0.344482030980756,0.000216990300382858,"violation"
44,1390,"reverse",0.475052221591256,0.332910372254604,0.495599913604392,0.456026589690374,0.333447901180481,0.000537528925876996,"violation in reverse orientation",1,0.453793103448276,1,1890,0.342223857283543,0.460463758655127,0.461859910426907,0.494242204018463,0.461236477410995,0.000772718755868596,"violation",1,1390,0.475052221591256,0.332910372254604,0.495599913604392,0.456026589690374,0.333447901180481,0.000537528925876996,"violation"
45,120,"reverse",0.291618594854466,0.515618156308682,0.393612189287318,0.488122821520249,0.540902937872335,0.025284781563653,"violation in reverse orientation",1,0.453793103448276,1,490,0.493551716040332,0.32109373874393,0.494871659305393,0.440405137021246,0.321696760663135,0.000603021919204805,"violation",1,120,0.291618594854466,0.515618156308682,0.393612189287318,0.488122821520249,0.540902937872335,0.025284781563653,"violation"
46,1760,"forward",0.332164552935012,0.476581360266795,0.457258946114401,0.496290149717493,0.477072561124106,0.000491200857311636,"violation in forward orientation",1,0.453793103448276,1,1760,0.332164552935012,0.476581360266795,0.457258946114401,0.496290149717493,0.477072561124106,0.000491200857311636,"violation",1,2510,0.52369355562046,0.302241932262267,0.499923169919745,0.445657021475912,0.302550237857747,0.000308305595480285,"violation"
47,50,"forward",0.454790769027509,0.329560327676681,0.448998886412873,0.384187454245971,0.34631826241211,0.0167579347354284,"violation in forward orientation",1,0.453793103448276,1,50,0.454790769027509,0.329560327676681,0.448998886412873,0.384187454245971,0.34631826241211,0.0167579347354284,"violation at burn-in",1,2150,0.434398995860104,0.358987312657276,0.48999266007019,0.468936866484725,0.359271405134341,0.000284092477064901,"violation"
48,1320,"reverse",0.364839886216424,0.42468928814862,0.46837484987988,0.486198404860494,0.425632690605247,0.000943402456626996,"violation in reverse orientation",1,0.453793103448276,1,3580,0.354526865035689,0.441568872658159,0.469562544146893,0.49254262101194,0.441868193687232,0.000299321029072874,"violation",1,1320,0.364839886216424,0.42468928814862,0.46837484987988,0.486198404860494,0.425632690605247,0.000943402456626996,"violation"
49,330,"forward",0.505088104933985,0.309836670350415,0.494682467651374,0.428549564355483,0.314368683275657,0.00453201292524208,"violation in forward orientation",1,0.453793103448276,1,330,0.505088104933985,0.309836670350415,0.494682467651374,0.428549564355483,0.314368683275657,0.00453201292524208,"violation",1,730,0.431383112417063,0.360407528087492,0.48490828827628,0.462324200890693,0.361187136951806,0.000779608864313941,"violation"
50,120,"forward",0.635283219199831,0.208981121597478,0.499930550732355,0.330718913883074,0.231666905309706,0.0226857837122278,"violation in forward orientation",1,0.453793103448276,1,120,0.635283219199831,0.208981121597478,0.499930550732355,0.330718913883074,0.231666905309706,0.0226857837122278,"violation",1,2060,0.487029821984071,0.325799808540498,0.497685045358653,0.455451318450368,0.325839560008562,3.97514680639532e-05,"violation"
51,610,"forward",0.461664846072757,0.338987368748666,0.490555794896439,0.45153147978552,0.34195175145106,0.00296438270239363,"violation in forward orientation",1,0.453793103448276,1,610,0.461664846072757,0.338987368748666,0.490555794896439,0.45153147978552,0.34195175145106,0.00296438270239363,"violation",1,5250,0.436892648012898,0.357242438203038,0.492431608336517,0.471873806105922,0.357687402018498,0.000444963815459498,"violation"
52,280,"reverse",0.415887292350493,0.354679507151871,0.472239562173303,0.448296093843234,0.371030301019615,0.016350793867744,"violation in reverse orientation",1,0.453793103448276,1,710,0.371612869659193,0.413993143244992,0.466367357562641,0.480163960623381,0.414970170706157,0.000977027461164959,"violation",1,280,0.415887292350493,0.354679507151871,0.472239562173303,0.448296093843234,0.371030301019615,0.016350793867744,"violation"
53,460,"reverse",0.37111267119829,0.41444568190284,0.461955242964982,0.476969600708473,0.415757619263789,0.00131193736094931,"violation in reverse orientation",1,0.453793103448276,1,1670,0.32164962378397,0.491622574973104,0.45227977380913,0.497813714904514,0.493625922321261,0.00200334734815727,"violation",1,460,0.37111267119829,0.41444568190284,0.461955242964982,0.476969600708473,0.415757619263789,0.00131193736094931,"violation"
54,200,"forward",0.518152849121887,0.296699298381602,0.493558507170123,0.410822346032929,0.306069772989334,0.00937047460773205,"violation in forward orientation",1,0.453793103448276,1,200,0.518152849121887,0.296699298381602,0.493558507170123,0.410822346032929,0.306069772989334,0.00937047460773205,"violation",1,820,0.485917186186026,0.313285786909657,0.49564432374168,0.442430889752309,0.326546322003785,0.0132605350941282,"violation"
55,160,"forward",0.5600216206812,0.213659018315614,0.49749371855331,0.344374432848898,0.279474137133636,0.0658151188180215,"violation in forward orientation",1,0.453793103448276,1,160,0.5600216206812,0.213659018315614,0.49749371855331,0.344374432848898,0.279474137133636,0.0658151188180215,"violation",1,1110,0.422804626700713,0.366274095909748,0.484982660673685,0.467782762192555,0.366636312406647,0.000362216496899326,"violation"
56,190,"forward",0.554055927707904,0.269326078648604,0.497751175475237,0.391884430926027,0.283263629684663,0.0139375510360596,"violation in forward orientation",1,0.453793103448276,1,190,0.554055927707904,0.269326078648604,0.497751175475237,0.391884430926027,0.283263629684663,0.0139375510360596,"violation",1,1250,0.531517176866711,0.297349056996346,0.499855979258026,0.438195572775445,0.297580562990563,0.000231505994217118,"violation"
57,1310,"reverse",0.485135356150233,0.325626457846349,0.496711404122059,0.452372363436081,0.327042951500153,0.00141649365380392,"violation in reverse orientation",1,0.453793103448276,1,2320,0.344039686647971,0.458165389214677,0.463686534353014,0.49434299833213,0.458377867627706,0.000212478413029404,"violation",1,1310,0.485135356150233,0.325626457846349,0.496711404122059,0.452372363436081,0.327042951500153,0.00141649365380392,"violation"
58,1180,"reverse",0.385586172880745,0.392560831503024,0.47478430670296,0.476969600708473,0.392972387171802,0.000411555668778152,"violation in reverse orientation",1,0.453793103448276,1,3130,0.373211485512214,0.411543509771565,0.475383901634655,0.486057481778956,0.412453514126695,0.000910004355130445,"violation",1,1180,0.385586172880745,0.392560831503024,0.47478430670296,0.476969600708473,0.392972387171802,0.000411555668778152,"violation"
59,480,"forward",0.482008006844294,0.316346939966849,0.493006648591635,0.43771819955563,0.329029488010222,0.0126825480433728,"violation in forward orientation",1,0.453793103448276,1,480,0.482008006844294,0.316346939966849,0.493006648591635,0.43771819955563,0.329029488010222,0.0126825480433728,"violation",1,1200,0.46372533109235,0.338866522703983,0.493558507170123,0.457526562677573,0.340642902224624,0.00177637952064152,"violation"
60,360,"forward",0.38990489303379,0.386963121060805,0.466261398099848,0.465176191231762,0.387534688541599,0.000571567480794344,"violation in forward orientation",1,0.453793103448276,1,360,0.38990489303379,0.386963121060805,0.466261398099848,0.465176191231762,0.387534688541599,0.000571567480794344,"violation",1,1700,0.551138226224084,0.284318915939651,0.499832497894602,0.433689809899971,0.285116994933017,0.000798078993365703,"violation"
61,150,"reverse",0.419132512088893,0.360048031523678,0.463848634314639,0.438634243989226,0.368968891543773,0.00892086002009568,"violation in reverse orientation",1,0.453793103448276,1,230,0.418000744602214,0.366432393768722,0.470369681262557,0.450267721243652,0.369687806258202,0.00325541248947953,"violation",1,150,0.419132512088893,0.360048031523678,0.463848634314639,0.438634243989226,0.368968891543773,0.00892086002009568,"violation"
62,2340,"reverse",0.50345074598943,0.313898278050326,0.499104318654921,0.450822091420056,0.315408756834843,0.00151047878451671,"violation in reverse orientation",1,0.453793103448276,1,2360,0.35533157970865,0.436069032471934,0.46805733798978,0.490577695325438,0.440601353706589,0.00453232123465463,"violation",1,2340,0.50345074598943,0.313898278050326,0.499104318654921,0.450822091420056,0.315408756834843,0.00151047878451671,"violation"
63,100,"reverse",0.415857557760774,0.370102421252595,0.453762052181537,0.433012701892219,0.371049188851548,0.000946767598952791,"violation in reverse orientation",1,0.453793103448276,1,960,0.369598693057275,0.416871875403433,0.467984328367118,0.482748164088229,0.418141033041744,0.00126915763831187,"violation",1,100,0.415857557760774,0.370102421252595,0.453762052181537,0.433012701892219,0.371049188851548,0.000946767598952791,"violation"
64,70,"forward",0.515278239716522,0.295810536031579,0.479157423749955,0.376883027379226,0.30789576553999,0.0120852295084115,"violation in forward orientation",1,0.453793103448276,1,70,0.515278239716522,0.295810536031579,0.479157423749955,0.376883027379226,0.30789576553999,0.0120852295084115,"violation",1,1400,0.442819619295532,0.353535238206104,0.49033047997431,0.464515877016061,0.353922506033031,0.000387267826926663,"violation"
65,1190,"reverse",0.498046120454484,0.317113324231137,0.497859268692391,0.447671280735032,0.318841851413704,0.00172852718256628,"violation in reverse orientation",1,0.453793103448276,1,1520,0.342158093270761,0.45927536462711,0.460518796931102,0.493515780380693,0.461340007871516,0.00206464324440669,"violation",1,1190,0.498046120454484,0.317113324231137,0.497859268692391,0.447671280735032,0.318841851413704,0.00172852718256628,"violation"
66,80,"forward",0.308177297821902,0.511130300599852,0.3903123748999,0.480722113075735,0.514835031256988,0.00370473065713628,"violation in forward orientation",1,0.453793103448276,1,80,0.308177297821902,0.511130300599852,0.3903123748999,0.480722113075735,0.514835031256988,0.00370473065713628,"violation",1,1410,0.469295984962857,0.335696404162879,0.494842369218445,0.457323090642653,0.337104344098832,0.00140793993595284,"violation"
67,600,"forward",0.367201481489803,0.41755220756,0.463174433184255,0.48,0.421914896695255,0.00436268913525556,"violation in forward orientation",1,0.453793103448276,1,600,0.367201481489803,0.41755220756,0.463174433184255,0.48,0.421914896695255,0.00436268913525556,"violation",1,1600,0.501588649196899,0.316498509240486,0.498591766879478,0.449609205310567,0.316591587053591,9.30778131051357e-05,"violation"
68,560,"reverse",0.360427778734414,0.431176824544912,0.459799756770848,0.483186700722508,0.432578548988243,0.00140172444333059,"violation in reverse orientation",1,0.453793103448276,1,3490,0.350282206854946,0.447720754592944,0.467918047614384,0.493521297653415,0.44855044128158,0.000829686688636255,"violation",1,560,0.360427778734414,0.431176824544912,0.459799756770848,0.483186700722508,0.432578548988243,0.00140172444333059,"violation"
69,700,"forward",0.373722708549848,0.404886289644732,0.467024886807929,0.477416516903474,0.411648709883823,0.00676242023909124,"violation in forward orientation",1,0.453793103448276,1,700,0.373722708549848,0.404886289644732,0.467024886807929,0.477416516903474,0.411648709883823,0.00676242023909124,"violation",1,1150,0.408658527636848,0.374667891483066,0.481491067822857,0.470992998394734,0.375622114604072,0.00095422312100607,"violation"
70,750,"forward",0.496618348985245,0.318926908158051,0.49670201216513,0.444304200095185,0.319748792044317,0.000821883886266861,"violation in forward orientation",1,0.453793103448276,1,750,0.496618348985245,0.318926908158051,0.49670201216513,0.444304200095185,0.319748792044317,0.000821883886266861,"violation",1,940,0.457972813385187,0.342881887307471,0.491755247229665,0.457323090642653,0.344296982831609,0.00141509552413777,"violation"
71,50,"reverse",0.355715993350399,0.430755917550709,0.4,0.438634243989226,0.439996181976986,0.00924026442627623,"violation in reverse orientation",1,0.453793103448276,1,500,0.463743393258422,0.3341638816215,0.489897948556636,0.447016778208604,0.340631428881277,0.00646754725977694,"violation",1,50,0.355715993350399,0.430755917550709,0.4,0.438634243989226,0.439996181976986,0.00924026442627623,"violation at burn-in"
72,80,"forward",0.455809380365391,0.32367253060101,0.463512405443479,0.4,0.345671226083795,0.0219986954827853,"violation in forward orientation",1,0.453793103448276,1,80,0.455809380365391,0.32367253060101,0.463512405443479,0.4,0.345671226083795,0.0219986954827853,"violation",1,410,0.360059159099921,0.429356304368669,0.45609756097561,0.480283477664297,0.43315885665047,0.0038025522818006,"violation"
73,1460,"forward",0.364228326633681,0.42598089444555,0.468757435670055,0.486901038718314,0.426595451886974,0.000614557441424024,"violation in forward orientation",1,0.453793103448276,1,1460,0.364228326633681,0.42598089444555,0.468757435670055,0.486901038718314,0.426595451886974,0.000614557441424024,"violation",1,3230,0.428647942360791,0.362900884120505,0.489897948556636,0.472093181817254,0.362924555655791,2.36715352859851e-05,"violation"
74,710,"forward",0.322825662472098,0.490379207216743,0.445622762990691,0.495784650987433,0.491774517246935,0.00139531003019167,"violation in forward orientation",1,0.453793103448276,1,710,0.322825662472098,0.490379207216743,0.445622762990691,0.495784650987433,0.491774517246935,0.00139531003019167,"violation",1,1850,0.45749430549901,0.343830833249911,0.493732522968327,0.462382119303156,0.344600937808574,0.000770104558662277,"violation"
75,660,"forward",0.453199567611844,0.346295667234793,0.489269615506097,0.455564514234741,0.347329016056127,0.00103334882133332,"violation in forward orientation",1,0.453793103448276,1,660,0.453199567611844,0.346295667234793,0.489269615506097,0.455564514234741,0.347329016056127,0.00103334882133332,"violation",1,1410,0.448446041878057,0.349644787963842,0.491425906478557,0.463044534503491,0.350348522832613,0.000703734868771289,"violation"
76,830,"forward",0.331206263057446,0.471770536052309,0.451098238896078,0.493636380526614,0.478581170287997,0.00681063423568862,"violation in forward orientation",1,0.453793103448276,1,830,0.331206263057446,0.471770536052309,0.451098238896078,0.493636380526614,0.478581170287997,0.00681063423568862,"violation",1,2810,0.494595516643434,0.320710241899474,0.49868064681493,0.454922878958707,0.321033723757294,0.000323481857819496,"violation"
77,50,"forward",0.430755917550709,0.355715993350399,0.438634243989226,0.4,0.361585540001498,0.00586954665109918,"violation in forward orientation",1,0.453793103448276,1,50,0.430755917550709,0.355715993350399,0.438634243989226,0.4,0.361585540001498,0.00586954665109918,"violation at burn-in",1,1190,0.411807365390901,0.372933981504214,0.482508832010369,0.470606242152486,0.373621928327844,0.000687946823630214,"violation"
78,480,"forward",0.464929324179309,0.314110300928438,0.489897948556636,0.436561493377508,0.339878108787392,0.0257678078589539,"violation in forward orientation",1,0.453793103448276,1,480,0.464929324179309,0.314110300928438,0.489897948556636,0.436561493377508,0.339878108787392,0.0257678078589539,"violation",1,910,0.362908073740582,0.426421800785674,0.465103967170507,0.484893145089028,0.428673889382569,0.00225208859689502,"violation"
79,480,"reverse",0.320815086996334,0.437008661288261,0.439992897669951,0.483580217119031,0.494939710429541,0.0579310491412798,"violation in reverse orientation",1,0.453793103448276,1,610,0.260077958389512,0.58891468205795,0.40835469982692,0.499128506825904,0.590556486678296,0.00164180462034613,"violation",1,480,0.320815086996334,0.437008661288261,0.439992897669951,0.483580217119031,0.494939710429541,0.0579310491412798,"violation"
80,50,"forward",0.524410079701748,0.246504271019468,0.47370877129308,0.324961536185438,0.302095091627322,0.055590820607854,"violation in forward orientation",1,0.453793103448276,1,50,0.524410079701748,0.246504271019468,0.47370877129308,0.324961536185438,0.302095091627322,0.055590820607854,"violation at burn-in",1,1050,0.371653458784507,0.411878467820732,0.469345083340857,0.481894409826699,0.414906272372432,0.00302780455169999,"violation"
81,490,"forward",0.445420079835732,0.351530052963378,0.485787166543822,0.454607583501522,0.352270656718887,0.000740603755509328,"violation in forward orientation",1,0.453793103448276,1,490,0.445420079835732,0.351530052963378,0.485787166543822,0.454607583501522,0.352270656718887,0.000740603755509328,"violation",1,510,0.428811519355235,0.361167157445099,0.481894409826699,0.45910834129905,0.362820649235407,0.00165349179030816,"violation"
82,280,"forward",0.468353061145298,0.31171846442978,0.486763572497166,0.426647467148804,0.337703302643769,0.0259848382139888,"violation in forward orientation",1,0.453793103448276,1,280,0.468353061145298,0.31171846442978,0.486763572497166,0.426647467148804,0.337703302643769,0.0259848382139888,"violation",1,660,0.45630208253725,0.343106439547882,0.489897948556636,0.454181672610793,0.345358254695811,0.00225181514792944,"violation"
83,960,"forward",0.420078021709694,0.367438413176172,0.483580217119031,0.467195338563004,0.368368290460045,0.000929877283873504,"violation in forward orientation",1,0.453793103448276,1,960,0.420078021709694,0.367438413176172,0.483580217119031,0.467195338563004,0.368368290460045,0.000929877283873504,"violation",1,1180,0.419499449787024,0.368107299249619,0.484449358235928,0.468847842417207,0.368735807528222,0.000628508278603668,"violation"
84,1150,"forward",0.300486894207879,0.522456214544851,0.439108910363569,0.499488585335949,0.526941820275362,0.00448560573051082,"violation in forward orientation",1,0.453793103448276,1,1150,0.300486894207879,0.522456214544851,0.439108910363569,0.499488585335949,0.526941820275362,0.00448560573051082,"violation",1,1390,0.436373290700949,0.354507429015712,0.488996991883926,0.464844523060704,0.358017305128457,0.00350987611274567,"violation"
85,1390,"forward",0.334402825730338,0.46995811685509,0.456670791479245,0.494901284294783,0.473548910369397,0.00359079351430769,"violation in forward orientation",1,0.453793103448276,1,1390,0.334402825730338,0.46995811685509,0.456670791479245,0.494901284294783,0.473548910369397,0.00359079351430769,"violation",1,2190,0.452625872866184,0.346524112931218,0.493349570921531,0.464361111690926,0.347693435072488,0.00116932214127019,"violation"
86,820,"reverse",0.290052799207918,0.46112420691976,0.430159482343295,0.491788611165993,0.543367926511432,0.0822437195916716,"violation in reverse orientation",1,0.453793103448276,1,2280,0.374165233621942,0.410839080895949,0.47441464150842,0.484905266915534,0.410952054941887,0.000112974045937797,"violation",1,820,0.290052799207918,0.46112420691976,0.430159482343295,0.491788611165993,0.543367926511432,0.0822437195916716,"violation"
87,830,"reverse",0.561578686547328,0.277705812561302,0.499907089640274,0.423205526541036,0.278485066873473,0.00077925431217063,"violation in reverse orientation",1,0.453793103448276,1,4820,0.312107043912702,0.508585123269383,0.453589036536998,0.499738055728788,0.508648541027743,6.34177583599405e-05,"violation",1,830,0.561578686547328,0.277705812561302,0.499907089640274,0.423205526541036,0.278485066873473,0.00077925431217063,"violation"
88,1320,"reverse",0.486201139330649,0.325603865410063,0.49684726873368,0.452418635415539,0.326365950950296,0.000762085540233381,"violation in reverse orientation",1,0.453793103448276,1,1600,0.338511428992342,0.466284782899965,0.459340559933477,0.494715827521214,0.467080850258404,0.000796067358439678,"violation",1,1320,0.486201139330649,0.325603865410063,0.49684726873368,0.452418635415539,0.326365950950296,0.000762085540233381,"violation"
89,110,"reverse",0.421366620240471,0.359431711356376,0.458257569495584,0.430356377401623,0.367549754448302,0.00811804309192665,"violation in reverse orientation",1,0.453793103448276,1,480,0.437008661288261,0.340839598061435,0.483580217119031,0.449609205310567,0.35761370874518,0.0167741106837456,"violation",1,110,0.421366620240471,0.359431711356376,0.458257569495584,0.430356377401623,0.367549754448302,0.00811804309192665,"violation"
90,160,"forward",0.540775613696132,0.259030400808886,0.495250883391438,0.379967103839267,0.29169947297197,0.0326690721630838,"violation in forward orientation",1,0.453793103448276,1,160,0.540775613696132,0.259030400808886,0.495250883391438,0.379967103839267,0.29169947297197,0.0326690721630838,"violation",1,590,0.422544773260253,0.36604840145262,0.481263419135616,0.462562836868986,0.366801374987204,0.000752973534583423,"violation"
91,1980,"forward",0.391415579906234,0.385738707729351,0.479135906839315,0.477443451908633,0.386575078874175,0.000836371144823933,"violation in forward orientation",1,0.453793103448276,1,1980,0.391415579906234,0.385738707729351,0.479135906839315,0.477443451908633,0.386575078874175,0.000836371144823933,"violation",1,3800,0.445127149785383,0.352219870943431,0.493256393578526,0.46896176656968,0.352456730029857,0.000236859086426067,"violation"
92,2010,"forward",0.410117872281715,0.373538967825134,0.484283063805625,0.47364150874367,0.374695118245751,0.00115615042061779,"violation in forward orientation",1,0.453793103448276,1,2010,0.410117872281715,0.373538967825134,0.484283063805625,0.47364150874367,0.374695118245751,0.00115615042061779,"violation",1,2360,0.387394268006495,0.386097397555763,0.478667106746144,0.478281540339928,0.390125953185856,0.00402855563009313,"violation"
93,110,"reverse",0.411196235626877,0.369912791387257,0.454181672610793,0.435605401844034,0.374010126597324,0.00409733521006728,"violation in reverse orientation",1,0.453793103448276,1,160,0.4754482131575,0.288460711424568,0.482465996211132,0.4,0.333196361736988,0.0447356503124196,"violation",1,110,0.411196235626877,0.369912791387257,0.454181672610793,0.435605401844034,0.374010126597324,0.00409733521006728,"violation"
94,280,"reverse",0.385460185227572,0.38163250583752,0.461309139784786,0.459799756770848,0.393170726038322,0.0115382202008018,"violation in reverse orientation",1,0.453793103448276,1,4310,0.346767569980445,0.452587414072709,0.467435352889667,0.494629617984633,0.454083436589941,0.00149602251723135,"violation",1,280,0.385460185227572,0.38163250583752,0.461309139784786,0.459799756770848,0.393170726038322,0.0115382202008018,"violation"
95,280,"forward",0.508925548938443,0.291919277935724,0.49434299833213,0.415208332266675,0.311931084570029,0.0200118066343051,"violation in forward orientation",1,0.453793103448276,1,280,0.508925548938443,0.291919277935724,0.49434299833213,0.415208332266675,0.311931084570029,0.0200118066343051,"violation",1,480,0.311871933416059,0.452069015045202,0.43539174569831,0.487179381747627,0.509018668958828,0.0569496539136259,"violation"
96,180,"reverse",0.283627974082105,0.548332130482321,0.4,0.496903994999953,0.553482350432738,0.00515021995041787,"violation in reverse orientation",1,0.453793103448276,1,860,0.334715212961957,0.471437360513083,0.453005109230175,0.493708387488698,0.473057127818693,0.00161976730560998,"violation",1,180,0.283627974082105,0.548332130482321,0.4,0.496903994999953,0.553482350432738,0.00515021995041787,"violation"
97,280,"forward",0.453460094550593,0.346925563978323,0.483186700722508,0.444696640464954,0.347163525659931,0.000237961681608556,"violation in forward orientation",1,0.453793103448276,1,280,0.453460094550593,0.346925563978323,0.483186700722508,0.444696640464954,0.347163525659931,0.000237961681608556,"violation",1,840,0.489376327373888,0.323654696316154,0.496153001052614,0.447706108554695,0.324349026597698,0.00069433028154392,"violation"
98,150,"reverse",0.367531806168737,0.419132512088893,0.442216638714053,0.463848634314639,0.421394875718967,0.00226236363007448,"violation in reverse orientation",1,0.453793103448276,1,600,0.529842208524599,0.298352268080245,0.499099188538711,0.431071017608726,0.298644526570998,0.000292258490753039,"violation",1,150,0.367531806168737,0.419132512088893,0.442216638714053,0.463848634314639,0.421394875718967,0.00226236363007448,"violation"
99,490,"forward",0.449629921769607,0.349365803057501,0.486763572497166,0.453667547952212,0.349596505581571,0.000230702524069593,"violation in forward orientation",1,0.453793103448276,1,490,0.449629921769607,0.349365803057501,0.486763572497166,0.453667547952212,0.349596505581571,0.000230702524069593,"violation",1,2110,0.440440646668325,0.35538191424067,0.491115330521852,0.467527557984446,0.355433663092278,5.17488516078579e-05,"violation"
100,60,"forward",0.53818458826428,0.25432432379694,0.481894409826699,0.339934634239519,0.293345328971847,0.0390210051749072,"violation in forward orientation",1,0.453793103448276,1,60,0.53818458826428,0.25432432379694,0.481894409826699,0.339934634239519,0.293345328971847,0.0390210051749072,"violation",1,320,0.3597157894327,0.432661172147864,0.452596674755792,0.478890318862263,0.43369941398985,0.00103824184198542,"violation"
101,530,"forward",0.448520137319742,0.348112106192734,0.487015452797747,0.454023584685133,0.350301456360103,0.00218935016736904,"violation in forward orientation",1,0.453793103448276,1,530,0.448520137319742,0.348112106192734,0.487015452797747,0.454023584685133,0.350301456360103,0.00218935016736904,"violation",1,2090,0.465321906760777,0.339505510657341,0.495163300784507,0.461323426228684,0.339628734779243,0.00012322412190241,"violation"
102,50,"forward",0.590712364249548,0.246504271019468,0.489897948556636,0.324961536185438,0.259978942751635,0.0134746717321669,"violation in forward orientation",1,0.453793103448276,1,50,0.590712364249548,0.246504271019468,0.489897948556636,0.324961536185438,0.259978942751635,0.0134746717321669,"violation at burn-in",1,160,0.324494638919108,0.488662040908508,0.421631874388073,0.485693769262073,0.489147093936702,0.000485053028193683,"violation"
103,320,"reverse",0.393103113421022,0.383128826971867,0.465991885658967,0.462235988835789,0.385503133718344,0.00237430674647687,"violation in reverse orientation",1,0.453793103448276,1,1150,0.346764618954618,0.453932256087135,0.460499441204565,0.491753546092469,0.454088082308016,0.000155826220881061,"violation",1,320,0.393103113421022,0.383128826971867,0.465991885658967,0.462235988835789,0.385503133718344,0.00237430674647687,"violation"
104,690,"reverse",0.47148360946501,0.331819569612457,0.4928836145673,0.449565123949943,0.335714734074907,0.00389516446244992,"violation in reverse orientation",1,0.453793103448276,1,1390,0.38341029764079,0.390058141452345,0.475003234811199,0.477082575951141,0.396397807186482,0.00633966573413675,"violation",1,690,0.47148360946501,0.331819569612457,0.4928836145673,0.449565123949943,0.335714734074907,0.00389516446244992,"violation"
105,60,"reverse",0.299311814729174,0.501117648712452,0.372677996249965,0.471404520791032,0.528791715292908,0.0276740665804565,"violation in reverse orientation",1,0.453793103448276,1,1160,0.381336932586699,0.399075045938691,0.473299415279759,0.478825573508164,0.399661848259981,0.00058680232128977,"violation",1,60,0.299311814729174,0.501117648712452,0.372677996249965,0.471404520791032,0.528791715292908,0.0276740665804565,"violation"
106,540,"reverse",0.577630877044251,0.26643381488876,0.49978047306993,0.410693815574196,0.268288488439408,0.00185467355064806,"violation in reverse orientation",1,0.453793103448276,1,4000,0.316594938811224,0.500227027949794,0.45479658914728,0.499297256151083,0.501583372617861,0.00135634466806733,"violation",1,540,0.577630877044251,0.26643381488876,0.49978047306993,0.410693815574196,0.268288488439408,0.00185467355064806,"violation"
107,280,"forward",0.497915058352275,0.315656938241354,0.492598275701905,0.428809457708675,0.318925103914673,0.003268165673319,"violation in forward orientation",1,0.453793103448276,1,280,0.497915058352275,0.315656938241354,0.492598275701905,0.428809457708675,0.318925103914673,0.003268165673319,"violation",1,570,0.372814232065981,0.413066557618884,0.464829519280413,0.478326826328476,0.413078899204221,1.23415853370279e-05,"violation"
108,570,"forward",0.382000966451753,0.396652105870874,0.46821074193272,0.473232403113005,0.398616478171653,0.00196437230077889,"violation in forward orientation",1,0.453793103448276,1,570,0.382000966451753,0.396652105870874,0.46821074193272,0.473232403113005,0.398616478171653,0.00196437230077889,"violation",1,1550,0.454640495972733,0.345748710397111,0.492805259644621,0.462094494167657,0.346413717981856,0.000665007584744526,"violation"
109,70,"forward",0.499509642474121,0.295810536031579,0.474664220738176,0.376883027379226,0.317912201527847,0.0221016654962685,"violation in forward orientation",1,0.453793103448276,1,70,0.499509642474121,0.295810536031579,0.474664220738176,0.376883027379226,0.317912201527847,0.0221016654962685,"violation",1,1210,0.444929632121654,0.352454898658986,0.490232441254733,0.463135216255795,0.352582196043402,0.000127297384415748,"violation"
110,70,"forward",0.499509642474121,0.314054244758118,0.474664220738176,0.388875931109034,0.317912201527847,0.00385795676972922,"violation in forward orientation",1,0.453793103448276,1,70,0.499509642474121,0.314054244758118,0.474664220738176,0.388875931109034,0.317912201527847,0.00385795676972922,"violation",1,1010,0.415351810132439,0.36840414939154,0.482617158454954,0.467910568346763,0.371370446897991,0.00296629750645111,"violation"
111,480,"reverse",0.458504718664347,0.334179407382864,0.488580533279827,0.446514277487294,0.343959109075408,0.0097797016925445,"violation in reverse orientation",1,0.453793103448276,1,1970,0.360599100116716,0.431069122299047,0.469081677471694,0.4890514556146,0.432308842489863,0.0012397201908162,"violation",1,480,0.458504718664347,0.334179407382864,0.488580533279827,0.446514277487294,0.343959109075408,0.0097797016925445,"violation"
112,590,"forward",0.438286944610992,0.355358821349828,0.485302513035208,0.458257569495584,0.356801725099479,0.00144290374965117,"violation in forward orientation",1,0.453793103448276,1,590,0.438286944610992,0.355358821349828,0.485302513035208,0.458257569495584,0.356801725099479,0.00144290374965117,"violation",1,1180,0.486691436637824,0.325898889339623,0.496668013059813,0.451696505228225,0.326054507166372,0.000155617826749166,"violation"
113,80,"forward",0.564705087131815,0.260399815732986,0.49228421668788,0.357071421427142,0.276499133004688,0.0160993172717022,"violation in forward orientation",1,0.453793103448276,1,80,0.564705087131815,0.260399815732986,0.49228421668788,0.357071421427142,0.276499133004688,0.0160993172717022,"violation",1,2480,0.456035372949758,0.34440061563653,0.494157955584687,0.464161596055578,0.345527672397931,0.00112705676140118,"violation"
114,480,"reverse",0.334179407382864,0.443470646154859,0.446514277487294,0.485179663171856,0.473900631674475,0.0304299855196161,"violation in reverse orientation",1,0.453793103448276,1,860,0.416762273839649,0.369896323304379,0.482108223994416,0.467278404835644,0.370474500402606,0.000578177098226385,"violation",1,480,0.334179407382864,0.443470646154859,0.446514277487294,0.485179663171856,0.473900631674475,0.0304299855196161,"violation"
115,880,"reverse",0.426364416358972,0.364174429231109,0.484704050456488,0.46532529943849,0.364375083668664,0.000200654437555015,"violation in reverse orientation",1,0.453793103448276,1,2980,0.380547894674363,0.400350537260239,0.477494021445497,0.483110072915208,0.400904008751366,0.000553471491127333,"violation",1,880,0.426364416358972,0.364174429231109,0.484704050456488,0.46532529943849,0.364375083668664,0.000200654437555015,"violation"
116,100,"forward",0.598237834688651,0.249038993743375,0.498397431775085,0.357071421427142,0.255198657493978,0.00615966375060256,"violation in forward orientation",1,0.453793103448276,1,100,0.598237834688651,0.249038993743375,0.498397431775085,0.357071421427142,0.255198657493978,0.00615966375060256,"violation",1,2100,0.438608023917913,0.356535501762607,0.490753273560354,0.467928323677647,0.356597770982613,6.22692200051844e-05,"violation"
117,1840,"forward",0.394703749439375,0.384144742675341,0.479777425062126,0.476626406705501,0.384486387081264,0.000341644405922603,"violation in forward orientation",1,0.453793103448276,1,1840,0.394703749439375,0.384144742675341,0.479777425062126,0.476626406705501,0.384486387081264,0.000341644405922603,"violation",1,3380,0.504400377721523,0.31476525227956,0.499411088356915,0.453184909772261,0.314805537327722,4.0285048161226e-05,"violation"
118,1570,"reverse",0.473566927553563,0.332919245573098,0.495677285579038,0.456854432232408,0.334391380960134,0.00147213538703583,"violation in reverse orientation",1,0.453793103448276,1,2340,0.346009155056594,0.453944833597586,0.464498854904836,0.493709979065676,0.455277388160272,0.00133255456268588,"violation",1,1570,0.473566927553563,0.332919245573098,0.495677285579038,0.456854432232408,0.334391380960134,0.00147213538703583,"violation"
119,820,"reverse",0.366947676506449,0.401079632493544,0.465813751323499,0.4773514077161,0.42231445483804,0.0212348223444955,"violation in reverse orientation",1,0.453793103448276,1,1770,0.326255250785289,0.485385677528868,0.454723648327675,0.497291011151194,0.486375411528743,0.000989733999874454,"violation",1,820,0.366947676506449,0.401079632493544,0.465813751323499,0.4773514077161,0.42231445483804,0.0212348223444955,"violation"
120,390,"reverse",0.487168150029778,0.322787411064855,0.49278822701683,0.438071501433475,0.325751692077519,0.00296428101266366,"violation in reverse orientation",1,0.453793103448276,1,480,0.454215488495063,0.338621131309421,0.48765577995367,0.448589610767892,0.346683688742665,0.00806255743324419,"violation",1,390,0.487168150029778,0.322787411064855,0.49278822701683,0.438071501433475,0.325751692077519,0.00296428101266366,"violation"
121,260,"reverse",0.304818065333503,0.517798928204369,0.421325044234743,0.495183905828649,0.520123377752425,0.00232444954805566,"violation in reverse orientation",1,0.453793103448276,1,820,0.360596842134437,0.431199767086968,0.463388959494163,0.485506781844634,0.43231239716871,0.00111263008174189,"violation",1,260,0.304818065333503,0.517798928204369,0.421325044234743,0.495183905828649,0.520123377752425,0.00232444954805566,"violation"
122,280,"reverse",0.350805576236352,0.412102353395637,0.446514277487294,0.470981931279573,0.44772651538674,0.0356241619911029,"violation in reverse orientation",1,0.453793103448276,1,480,0.296153749890985,0.532787453972002,0.426829192678081,0.498887651569859,0.533763369138564,0.000975915166562258,"violation",1,280,0.350805576236352,0.412102353395637,0.446514277487294,0.470981931279573,0.44772651538674,0.0356241619911029,"violation"
123,170,"forward",0.404877006410849,0.366034474893156,0.460780141825086,0.444263707964687,0.378024190369892,0.0119897154767354,"violation in forward orientation",1,0.453793103448276,1,170,0.404877006410849,0.366034474893156,0.460780141825086,0.444263707964687,0.378024190369892,0.0119897154767354,"violation",1,2010,0.409104566545385,0.374557882288333,0.484026421994382,0.473976890492012,0.375338784380922,0.000780902092589741,"violation"
124,540,"forward",0.551717023999444,0.284493790318522,0.499876527964533,0.421779332367792,0.284749334400017,0.000255544081495085,"violation in forward orientation",1,0.453793103448276,1,540,0.551717023999444,0.284493790318522,0.499876527964533,0.421779332367792,0.284749334400017,0.000255544081495085,"violation",1,1630,0.445581579157772,0.352113113623057,0.491343254900302,0.46489346762617,0.352168070065399,5.49564423423243e-05,"violation"
125,490,"forward",0.422179840119757,0.360172588267472,0.479761151180902,0.458257569495584,0.367033185679394,0.0068605974119218,"violation in forward orientation",1,0.453793103448276,1,490,0.422179840119757,0.360172588267472,0.479761151180902,0.458257569495584,0.367033185679394,0.0068605974119218,"violation",1,2140,0.467560751884256,0.338053382999755,0.495514644446948,0.460861154531152,0.338206588692225,0.000153205692469238,"violation"
126,260,"forward",0.401162717855682,0.376395248873757,0.466178597971958,0.45655968455628,0.38038355899231,0.00398831011855233,"violation in forward orientation",1,0.453793103448276,1,260,0.401162717855682,0.376395248873757,0.466178597971958,0.45655968455628,0.38038355899231,0.00398831011855233,"violation",1,1200,0.364772126235475,0.420445990190627,0.467748745470139,0.484761539315982,0.425739363263069,0.00529337307244204,"violation"
127,600,"reverse",0.543250234609275,0.289418594471433,0.499722145018832,0.426064027530553,0.290127558768717,0.000708964297283732,"violation in reverse orientation",1,0.453793103448276,1,1770,0.365270566958949,0.423025567006284,0.470192288078528,0.486933548217004,0.424954681862699,0.00192911485641545,"violation",1,600,0.543250234609275,0.289418594471433,0.499722145018832,0.426064027530553,0.290127558768717,0.000708964297283732,"violation"
128,70,"forward",0.863377182770204,0.0835536454472621,0.451753951452626,0.166598625567009,0.0867783936559388,0.00322474820867673,"violation in forward orientation",1,0.453793103448276,1,70,0.863377182770204,0.0835536454472621,0.451753951452626,0.166598625567009,0.0867783936559388,0.00322474820867673,"violation",1,110,0.586418960663303,0.238827444645879,0.497929597731969,0.352558535084824,0.262706173432372,0.0238787287864929,"violation"
129,50,"forward",0.430755917550709,0.246504271019468,0.438634243989226,0.324961536185438,0.361585540001498,0.11508126898203,"violation in forward orientation",1,0.453793103448276,1,50,0.430755917550709,0.246504271019468,0.438634243989226,0.324961536185438,0.361585540001498,0.11508126898203,"violation at burn-in",1,830,0.415082383032141,0.371473099637843,0.481447049457432,0.467581653510867,0.37154159080268,6.84911648361486e-05,"violation"
130,2090,"forward",0.342951898653506,0.460005069923987,0.462709112717363,0.494397308828306,0.460090342083752,8.52721597652262e-05,"violation in forward orientation",1,0.453793103448276,1,2090,0.342951898653506,0.460005069923987,0.462709112717363,0.494397308828306,0.460090342083752,8.52721597652262e-05,"violation",1,2180,0.444886660146757,0.350894425930217,0.492016903107358,0.466014184078818,0.352609492449621,0.00171506651940412,"violation"
131,480,"reverse",0.316346939966849,0.469206273282255,0.43771819955563,0.490730040065026,0.501973790317157,0.0327675170349024,"violation in reverse orientation",1,0.453793103448276,1,960,0.31636017328179,0.499570044197338,0.445458370358244,0.497597308671603,0.50195295747664,0.00238291327930201,"violation",1,480,0.316346939966849,0.469206273282255,0.43771819955563,0.490730040065026,0.501973790317157,0.0327675170349024,"violation"
132,740,"forward",0.414676782507189,0.367023388071089,0.480625353534528,0.464998409479124,0.371799233992645,0.00477584592155639,"violation in forward orientation",1,0.453793103448276,1,740,0.414676782507189,0.367023388071089,0.480625353534528,0.464998409479124,0.371799233992645,0.00477584592155639,"violation",1,1320,0.50529133098013,0.31377040802021,0.49862011151843,0.446895217215267,0.314239591216865,0.000469183196655398,"violation"
133,820,"forward",0.449924947851489,0.337651858631589,0.489647434743593,0.453874850080934,0.349409100841726,0.0117572422101375,"violation in forward orientation",1,0.453793103448276,1,820,0.449924947851489,0.337651858631589,0.489647434743593,0.453874850080934,0.349409100841726,0.0117572422101375,"violation",1,2600,0.491115746864036,0.322596076756407,0.498335097923561,0.455348068959698,0.323244122736481,0.000648045980074063,"violation"
134,820,"forward",0.446185924634715,0.33253499806141,0.488876870882636,0.451588510952472,0.351784181271025,0.0192491832096152,"violation in forward orientation",1,0.453793103448276,1,820,0.446185924634715,0.33253499806141,0.488876870882636,0.451588510952472,0.351784181271025,0.0192491832096152,"violation",1,2710,0.444626260095592,0.352662443537339,0.492487785807048,0.467716216493835,0.352774902245029,0.000112458707689334,"violation"
135,160,"reverse",0.29573068172561,0.435337907380941,0.404612082740988,0.470662764089109,0.534429393612135,0.0990914862311943,"violation in reverse orientation",1,0.453793103448276,1,490,0.40731293890948,0.373093923982797,0.475334994435094,0.463409129881623,0.376476851594718,0.00338292761192122,"violation",1,160,0.29573068172561,0.435337907380941,0.404612082740988,0.470662764089109,0.534429393612135,0.0990914862311943,"violation"
136,980,"forward",0.406605949076458,0.376083690448805,0.480059476739945,0.470433617444046,0.376925941535799,0.000842251086994039,"violation in forward orientation",1,0.453793103448276,1,980,0.406605949076458,0.376083690448805,0.480059476739945,0.470433617444046,0.376925941535799,0.000842251086994039,"violation",1,1690,0.436929988309209,0.356467648820535,0.489776792709635,0.466749522889684,0.357663682934168,0.00119603411363284,"violation"
137,60,"forward",0.383872428163307,0.383872428163307,0.422952584681651,0.422952584681651,0.395670287927953,0.0117978597646465,"violation in forward orientation",1,0.453793103448276,1,60,0.383872428163307,0.383872428163307,0.422952584681651,0.422952584681651,0.395670287927953,0.0117978597646465,"violation",1,820,0.32612942124831,0.46112420691976,0.448639625295058,0.491788611165993,0.486573501477325,0.0254492945575647,"violation"
138,480,"forward",0.402348322412583,0.378319457436603,0.473567833636909,0.465176191231762,0.379630446209444,0.00131098877284108,"violation in forward orientation",1,0.453793103448276,1,480,0.402348322412583,0.378319457436603,0.473567833636909,0.465176191231762,0.379630446209444,0.00131098877284108,"violation",1,3280,0.470010011659964,0.336624236733272,0.496525610802932,0.462392968788206,0.336650784242159,2.65475088879197e-05,"violation"
139,680,"forward",0.385778712781953,0.391893831691674,0.471056752066903,0.473109057121924,0.392669276947875,0.000775445256200824,"violation in forward orientation",1,0.453793103448276,1,680,0.385778712781953,0.391893831691674,0.471056752066903,0.473109057121924,0.392669276947875,0.000775445256200824,"violation",1,1840,0.427932297006051,0.362413532155545,0.488162992532087,0.469381191294475,0.363379143706685,0.000965611551140333,"violation"
140,1100,"forward",0.362897521443095,0.427425057953484,0.466476151587624,0.486052576824788,0.4286905015717,0.00126544361821651,"violation in forward orientation",1,0.453793103448276,1,1100,0.362897521443095,0.427425057953484,0.466476151587624,0.486052576824788,0.4286905015717,0.00126544361821651,"violation",1,2290,0.540710991354306,0.291217799326133,0.499951180851183,0.439490743706946,0.291740521997469,0.000522722671335352,"violation"
141,280,"forward",0.548954840431468,0.267908759077483,0.498722858706034,0.4,0.286503912468695,0.0185951533912124,"violation in forward orientation",1,0.453793103448276,1,280,0.548954840431468,0.267908759077483,0.498722858706034,0.4,0.286503912468695,0.0185951533912124,"violation",1,480,0.323046621446925,0.447772333205978,0.441111089245731,0.486198404860494,0.491426667663973,0.0436543344579953,"violation"
142,50,"forward",0.546859192020479,0.275078575707952,0.48,0.346987031457949,0.287835097978671,0.0127565222707187,"violation in forward orientation",1,0.453793103448276,1,50,0.546859192020479,0.275078575707952,0.48,0.346987031457949,0.287835097978671,0.0127565222707187,"violation at burn-in",1,480,0.340839598061435,0.44992129785818,0.449609205310567,0.486693599425986,0.463415678294321,0.0134943804361412,"violation"
143,850,"forward",0.382618172846575,0.397222176276349,0.47168108397804,0.476411034767713,0.397644827270355,0.00042265099400618,"violation in forward orientation",1,0.453793103448276,1,850,0.382618172846575,0.397222176276349,0.47168108397804,0.476411034767713,0.397644827270355,0.00042265099400618,"violation",1,2030,0.451721930209638,0.347723199638516,0.493020519298358,0.464427530574809,0.348267632232628,0.000544432594112076,"violation"
144,240,"forward",0.32901385234115,0.480736720213379,0.433012701892219,0.488122821520249,0.48203262164426,0.00129590143088071,"violation in forward orientation",1,0.453793103448276,1,240,0.32901385234115,0.480736720213379,0.433012701892219,0.488122821520249,0.48203262164426,0.00129590143088071,"violation",1,550,0.498185260688458,0.318560780748497,0.495933879890395,0.440604393311005,0.318753467569186,0.000192686820688626,"violation"
145,250,"forward",0.532942560928585,0.29415482099307,0.496854103334168,0.41424630354416,0.296675138874874,0.00252031788180401,"violation in forward orientation",1,0.453793103448276,1,250,0.532942560928585,0.29415482099307,0.496854103334168,0.41424630354416,0.296675138874874,0.00252031788180401,"violation",1,1180,0.374231855792112,0.409956399760174,0.471003500640524,0.481972480532662,0.410847173508002,0.000890773747828144,"violation"
146,830,"forward",0.452130398178935,0.347612765040326,0.490142338781227,0.458257569495584,0.348008167601459,0.000395402561132963,"violation in forward orientation",1,0.453793103448276,1,830,0.452130398178935,0.347612765040326,0.490142338781227,0.458257569495584,0.348008167601459,0.000395402561132963,"violation",1,2410,0.441176091369682,0.35454701856917,0.491596186055642,0.467868774035848,0.354966498216385,0.00041947964721506,"violation"
147,90,"reverse",0.446262250701477,0.343591528449175,0.462948147911104,0.415739709641549,0.351735697873918,0.00814416942474344,"violation in reverse orientation",1,0.453793103448276,1,2000,0.384046034793053,0.395283082845545,0.476969600708473,0.480290537071052,0.395396983827933,0.00011390098238806,"violation",1,90,0.446262250701477,0.343591528449175,0.462948147911104,0.415739709641549,0.351735697873918,0.00814416942474344,"violation"
148,400,"forward",0.426509528351514,0.358002915018967,0.479263758279301,0.454910705523623,0.364282906478644,0.00627999145967723,"violation in forward orientation",1,0.453793103448276,1,400,0.426509528351514,0.358002915018967,0.479263758279301,0.454910705523623,0.364282906478644,0.00627999145967723,"violation",1,850,0.455175909791737,0.345890803775995,0.490835034550172,0.457742315808426,0.346073615551523,0.000182811775528313,"violation"
149,90,"forward",0.589508511541965,0.247071505072811,0.496903994999953,0.351539822656808,0.260743647017902,0.0136721419450914,"violation in forward orientation",1,0.453793103448276,1,90,0.589508511541965,0.247071505072811,0.496903994999953,0.351539822656808,0.260743647017902,0.0136721419450914,"violation",1,1200,0.41618435154558,0.3707969825887,0.483689523925788,0.469910600244581,0.370841604817508,4.46222288081888e-05,"violation"
150,450,"forward",0.37897757083251,0.399993929870243,0.464736750121593,0.472184312203781,0.403376126002686,0.0033821961324435,"violation in forward orientation",1,0.453793103448276,1,450,0.37897757083251,0.399993929870243,0.464736750121593,0.472184312203781,0.403376126002686,0.0033821961324435,"violation",1,480,0.373932278544624,0.402348322412583,0.463512405443479,0.473567833636909,0.411318789656137,0.00897046724355421,"violation"
151,160,"forward",0.4754482131575,0.295730681725611,0.482465996211132,0.404612082740988,0.333196361736988,0.0374656800113775,"violation in forward orientation",1,0.453793103448276,1,160,0.4754482131575,0.295730681725611,0.482465996211132,0.404612082740988,0.333196361736988,0.0374656800113775,"violation",1,990,0.436835407326368,0.355662922012743,0.487727144594944,0.462948147911104,0.357723762112152,0.0020608400994086,"violation"
152,220,"reverse",0.445487180289561,0.347397627511561,0.478375349706286,0.440604393311005,0.352228033561595,0.0048304060500341,"violation in reverse orientation",1,0.453793103448276,1,480,0.4413179158572,0.347485546590422,0.48465605645195,0.452596674755792,0.354876409296052,0.00739086270563022,"violation",1,220,0.445487180289561,0.347397627511561,0.478375349706286,0.440604393311005,0.352228033561595,0.0048304060500341,"violation"
153,90,"reverse",0.303158498150334,0.458651873183302,0.391420332306856,0.46732757432918,0.522735988319679,0.0640841151363774,"violation in reverse orientation",1,0.453793103448276,1,280,0.460916067321027,0.319588545832247,0.485031032038999,0.430931004468517,0.342427386304337,0.02283884047209,"violation",1,90,0.303158498150334,0.458651873183302,0.391420332306856,0.46732757432918,0.522735988319679,0.0640841151363774,"violation"
154,50,"forward",0.478395081610861,0.246504271019468,0.458257569495584,0.324961536185438,0.331324469217065,0.0848201981975969,"violation in forward orientation",1,0.453793103448276,1,50,0.478395081610861,0.246504271019468,0.458257569495584,0.324961536185438,0.331324469217065,0.0848201981975969,"violation at burn-in",1,1930,0.477950592592476,0.331063656937376,0.496620975006004,0.457347448925466,0.331606814928071,0.000543157990694154,"violation"
155,1470,"forward",0.384919475332253,0.393290838812146,0.475776788235419,0.4783377243891,0.394021950623055,0.00073111181090979,"violation in forward orientation",1,0.453793103448276,1,1470,0.384919475332253,0.393290838812146,0.475776788235419,0.4783377243891,0.394021950623055,0.00073111181090979,"violation",1,1830,0.442394661327922,0.35366100542365,0.491086605931547,0.466137835271423,0.35419244534435,0.000531439920699928,"violation"
156,90,"reverse",0.519317495001799,0.303158498150334,0.484831649539365,0.391420332306856,0.305329973454515,0.00217147530418155,"violation in reverse orientation",1,0.453793103448276,1,160,0.324494638919108,0.462157445752236,0.421631874388073,0.478890318862263,0.489147093936702,0.0269896481844661,"violation",1,90,0.519317495001799,0.303158498150334,0.484831649539365,0.391420332306856,0.305329973454515,0.00217147530418155,"violation"
157,90,"forward",0.495299770270681,0.303158498150334,0.478681316189734,0.391420332306856,0.32058637189282,0.0174278737424857,"violation in forward orientation",1,0.453793103448276,1,90,0.495299770270681,0.303158498150334,0.478681316189734,0.391420332306856,0.32058637189282,0.0174278737424857,"violation",1,920,0.409697235011184,0.374910203257824,0.480566330603425,0.46958031376699,0.374962312989178,5.21097313546104e-05,"violation"
158,120,"forward",0.541858331145758,0.281590846830816,0.493006648591635,0.386939558874797,0.291011715534805,0.00942086870398884,"violation in forward orientation",1,0.453793103448276,1,120,0.541858331145758,0.281590846830816,0.493006648591635,0.386939558874797,0.291011715534805,0.00942086870398884,"violation",1,370,0.351060263671601,0.433884439999695,0.450833170746278,0.480625353534528,0.447325568024425,0.0134411280247299,"violation"
159,950,"forward",0.328398218930266,0.482235943020655,0.451037584960601,0.495582703558631,0.483001796240589,0.000765853219934276,"violation in forward orientation",1,0.453793103448276,1,950,0.328398218930266,0.482235943020655,0.451037584960601,0.495582703558631,0.483001796240589,0.000765853219934276,"violation",1,1140,0.473768228682638,0.333286003316214,0.494925775794418,0.454730445861449,0.33426351163589,0.000977508319675635,"violation"
160,290,"reverse",0.424213810353267,0.361697442202172,0.475312025934146,0.451987288447313,0.365741179020084,0.00404373681791148,"violation in reverse orientation",1,0.453793103448276,1,610,0.364874186673168,0.422892896996351,0.462425862213108,0.481590685977428,0.425578692347954,0.00268579535160313,"violation",1,290,0.424213810353267,0.361697442202172,0.475312025934146,0.451987288447313,0.365741179020084,0.00404373681791148,"violation"
161,280,"reverse",0.430976034254487,0.346925563978323,0.476969600708473,0.444696640464954,0.361445718758089,0.0145201547797666,"violation in reverse orientation",1,0.453793103448276,1,1740,0.341205514845706,0.461537538438898,0.460965042039876,0.494211439054451,0.462839625654199,0.00130208721530123,"violation",1,280,0.430976034254487,0.346925563978323,0.476969600708473,0.444696640464954,0.361445718758089,0.0145201547797666,"violation"
162,370,"forward",0.445138403833994,0.345262020790912,0.483595010731785,0.448200688118395,0.35244958129901,0.00718756050809743,"violation in forward orientation",1,0.453793103448276,1,370,0.445138403833994,0.345262020790912,0.483595010731785,0.448200688118395,0.35244958129901,0.00718756050809743,"violation",1,860,0.343234711182658,0.456049008285099,0.45671925996495,0.491048865839755,0.459645118166512,0.00359610988141323,"violation"
163,90,"forward",0.543018751298959,0.202857682846242,0.489897948556636,0.314269680527354,0.29027460024136,0.0874169173951171,"violation in forward orientation",1,0.453793103448276,1,90,0.543018751298959,0.202857682846242,0.489897948556636,0.314269680527354,0.29027460024136,0.0874169173951171,"violation",1,2080,0.439761992313711,0.354927489161327,0.490947781828423,0.467286917866815,0.355864753936719,0.000937264775391189,"violation"
164,100,"forward",0.503912853250174,0.310945864384819,0.482804308182932,0.4,0.315115219767111,0.00416935538229296,"violation in forward orientation",1,0.453793103448276,1,100,0.503912853250174,0.310945864384819,0.482804308182932,0.4,0.315115219767111,0.00416935538229296,"violation",1,2880,0.393392565890263,0.384909855875488,0.481117205504125,0.478681316189734,0.385319269416079,0.000409413540591264,"violation"
165,280,"reverse",0.430976034254487,0.354679507151871,0.476969600708473,0.448296093843234,0.361445718758089,0.00676621160621876,"violation in reverse orientation",1,0.453793103448276,1,480,0.572513036586474,0.225359482694998,0.499960935974002,0.379967103839267,0.271539413081174,0.0461799303861756,"violation",1,280,0.430976034254487,0.354679507151871,0.476969600708473,0.448296093843234,0.361445718758089,0.00676621160621876,"violation"
166,820,"forward",0.418674011211553,0.36567828287218,0.482341354881983,0.465336195813144,0.36926013778576,0.00358185491357971,"violation in forward orientation",1,0.453793103448276,1,820,0.418674011211553,0.36567828287218,0.482341354881983,0.465336195813144,0.36926013778576,0.00358185491357971,"violation",1,1160,0.384889523811616,0.391100549217208,0.474459922014597,0.476423956124253,0.394069102470907,0.00296855325369888,"violation"
167,100,"forward",0.449383999631982,0.346724065972573,0.466476151587624,0.420832508250016,0.349752718801533,0.00302865282895926,"violation in forward orientation",1,0.453793103448276,1,100,0.449383999631982,0.346724065972573,0.466476151587624,0.420832508250016,0.349752718801533,0.00302865282895926,"violation",1,1920,0.399531925507341,0.380369935658099,0.48131312717283,0.475639189816072,0.381419461356708,0.00104952569860883,"violation"
168,420,"forward",0.414679215603453,0.364531515644927,0.476214285119077,0.458257569495584,0.371797688455486,0.00726617281055997,"violation in forward orientation",1,0.453793103448276,1,420,0.414679215603453,0.364531515644927,0.476214285119077,0.458257569495584,0.371797688455486,0.00726617281055997,"violation",1,2400,0.39005253568351,0.387078229193112,0.479510746027193,0.478639383797679,0.387440903842348,0.000362674649235117,"violation"
169,80,"forward",0.92367253060101,0.0468507967519744,0.4,0.111102430216445,0.048477935940598,0.00162713918862355,"violation in forward orientation",1,0.453793103448276,1,80,0.92367253060101,0.0468507967519744,0.4,0.111102430216445,0.048477935940598,0.00162713918862355,"violation",1,260,0.776985308852876,0.138369024695805,0.459917023645628,0.283964953250496,0.14165573383158,0.0032867091357745,"violation"
170,150,"forward",0.525651999167634,0.291235951496878,0.492431608336517,0.4,0.301306206817792,0.0100702553209139,"violation in forward orientation",1,0.453793103448276,1,150,0.525651999167634,0.291235951496878,0.492431608336517,0.4,0.301306206817792,0.0100702553209139,"violation",1,770,0.397855045568328,0.381701271210683,0.475936374549507,0.470633654163301,0.38248463921053,0.000783367999846463,"violation"
171,270,"forward",0.530248843400412,0.298138256485651,0.496903994999953,0.418190628685578,0.298386226346736,0.000247969861085051,"violation in forward orientation",1,0.453793103448276,1,270,0.530248843400412,0.298138256485651,0.496903994999953,0.418190628685578,0.298386226346736,0.000247969861085051,"violation",1,350,0.397458660639653,0.382321219545385,0.468641109801433,0.463077548933794,0.382736428523402,0.000415208978016723,"violation"
172,930,"reverse",0.488863817545733,0.323944867961452,0.496360904282626,0.448787887198047,0.324674580089105,0.000729712127653215,"violation in reverse orientation",1,0.453793103448276,1,1390,0.387104541950971,0.384149346831578,0.476170414940919,0.475239078321745,0.390582060875828,0.00643271404424961,"violation",1,930,0.488863817545733,0.323944867961452,0.496360904282626,0.448787887198047,0.324674580089105,0.000729712127653215,"violation"
173,2360,"reverse",0.476738683672851,0.32747314096229,0.496813857400825,0.456951596520648,0.332376636614168,0.00490349565187781,"violation in reverse orientation",1,0.453793103448276,1,2380,0.368351033936178,0.418879032239365,0.472676190300566,0.486960107376485,0.420105188176389,0.00122615593702446,"violation",1,2360,0.476738683672851,0.32747314096229,0.496813857400825,0.456951596520648,0.332376636614168,0.00490349565187781,"violation"
174,140,"reverse",0.343956010304985,0.447052513081979,0.428809457708675,0.472239562173303,0.45850959697264,0.0114570838906607,"violation in reverse orientation",1,0.453793103448276,1,820,0.323564191912931,0.482206439978118,0.447431362902983,0.495144478641667,0.490611870840742,0.00840543086262385,"violation",1,140,0.343956010304985,0.447052513081979,0.428809457708675,0.472239562173303,0.45850959697264,0.0114570838906607,"violation"
175,220,"forward",0.497849907059976,0.317129535156374,0.490803860775428,0.424848052565379,0.318966488936993,0.00183695378061882,"violation in forward orientation",1,0.453793103448276,1,220,0.497849907059976,0.317129535156374,0.490803860775428,0.424848052565379,0.318966488936993,0.00183695378061882,"violation",1,550,0.507411049710822,0.308846712432124,0.497015888466787,0.435605401844034,0.312893115899381,0.00404640346725732,"violation"
176,160,"reverse",0.331611385567067,0.468812550300504,0.42555111326373,0.480722113075735,0.477943397162329,0.00913084686182508,"violation in reverse orientation",1,0.453793103448276,1,1240,0.319055723798921,0.495900440122568,0.448919821620182,0.497730933543451,0.497709427092908,0.00180898697034027,"violation",1,160,0.331611385567067,0.468812550300504,0.42555111326373,0.480722113075735,0.477943397162329,0.00913084686182508,"violation"
177,990,"reverse",0.369289166749782,0.417188007395667,0.468091096437243,0.482994139130956,0.41862831171898,0.00144030432331277,"violation in reverse orientation",1,0.453793103448276,1,1530,0.31967430460505,0.496660852075059,0.450773846800655,0.498135701631115,0.496735612494027,7.47604189675899e-05,"violation",1,990,0.369289166749782,0.417188007395667,0.468091096437243,0.482994139130956,0.41862831171898,0.00144030432331277,"violation"
178,50,"reverse",0.355715993350399,0.430755917550709,0.4,0.438634243989226,0.439996181976986,0.00924026442627623,"violation in reverse orientation",1,0.453793103448276,1,2220,0.351228796113106,0.446253631429424,0.466232318997708,0.492304219487917,0.447060252078155,0.000806620648731271,"violation",1,50,0.355715993350399,0.430755917550709,0.4,0.438634243989226,0.439996181976986,0.00924026442627623,"violation at burn-in"
179,70,"reverse",0.277251743648749,0.515278239716522,0.363935405795914,0.479157423749955,0.5635202730781,0.0482420333615783,"violation in reverse orientation",1,0.453793103448276,1,230,0.495710736218621,0.318539216963025,0.490765383483502,0.426552540659752,0.320325320510287,0.0017861035472615,"violation",1,70,0.277251743648749,0.515278239716522,0.363935405795914,0.479157423749955,0.5635202730781,0.0482420333615783,"violation"
180,100,"reverse",0.286560022992805,0.535880378407413,0.384187454245971,0.489897948556636,0.548866507190301,0.0129861287828873,"violation in reverse orientation",1,0.453793103448276,1,130,0.52775317532658,0.297728565431627,0.49140542319029,0.4,0.299971510004134,0.00224294457250718,"violation",1,100,0.286560022992805,0.535880378407413,0.384187454245971,0.489897948556636,0.548866507190301,0.0129861287828873,"violation"
181,300,"forward",0.521609429231492,0.302869648333456,0.496386945839634,0.422952584681651,0.303874104416377,0.00100445608292038,"violation in forward orientation",1,0.453793103448276,1,300,0.521609429231492,0.302869648333456,0.496386945839634,0.422952584681651,0.303874104416377,0.00100445608292038,"violation",1,2000,0.45371262720149,0.346614246819523,0.493313034492299,0.463915671216224,0.347003113348445,0.000388866528921117,"violation"
182,1920,"forward",0.29119976607404,0.541511826908678,0.43829169439427,0.499972872527989,0.541562288399814,5.0461491136522e-05,"violation in forward orientation",1,0.453793103448276,1,1920,0.29119976607404,0.541511826908678,0.43829169439427,0.499972872527989,0.541562288399814,5.0461491136522e-05,"violation",1,2360,0.471186522296183,0.332706089338958,0.496158034474703,0.459176402893738,0.335903448046329,0.00319735870737131,"violation"
183,610,"reverse",0.526595243187156,0.300661233998005,0.498923862083056,0.432538428433849,0.30070704487604,4.58108780352351e-05,"violation in reverse orientation",1,0.453793103448276,1,970,0.374478346451101,0.408510397653182,0.469801178145529,0.480537349346889,0.41045913010311,0.00194873244992805,"violation",1,610,0.526595243187156,0.300661233998005,0.498923862083056,0.432538428433849,0.30070704487604,4.58108780352351e-05,"violation"
184,200,"forward",0.42886366220779,0.352766923463438,0.471990466005406,0.441333207452147,0.362787527357993,0.0100206038945552,"violation in forward orientation",1,0.453793103448276,1,200,0.42886366220779,0.352766923463438,0.471990466005406,0.441333207452147,0.362787527357993,0.0100206038945552,"violation",1,1080,0.530581038973747,0.297931787211399,0.499752167660064,0.43720571132958,0.298175211020223,0.000243423808823917,"violation"
185,110,"forward",0.441538187753225,0.338260821129089,0.4657704893618,0.419070202604222,0.354736489472332,0.0164756683432437,"violation in forward orientation",1,0.453793103448276,1,110,0.441538187753225,0.338260821129089,0.4657704893618,0.419070202604222,0.354736489472332,0.0164756683432437,"violation",1,120,0.340735816085425,0.453039460561816,0.422952584681651,0.471404520791032,0.463579059379439,0.0105395988176231,"violation"
186,480,"forward",0.413215847135754,0.365140526150592,0.476969600708473,0.460053589873566,0.37272724080298,0.00758671465238769,"violation in forward orientation",1,0.453793103448276,1,480,0.413215847135754,0.365140526150592,0.476969600708473,0.460053589873566,0.37272724080298,0.00758671465238769,"violation",1,1050,0.4362474155783,0.355863616227956,0.487857084756789,0.463464230518949,0.358097262786649,0.00223364655869313,"violation"
187,1710,"reverse",0.576598372306607,0.268638965497689,0.498508085054677,0.424782054047387,0.26894435005175,0.000305384554061372,"violation in reverse orientation",1,0.453793103448276,1,4250,0.351550414793786,0.446478252955254,0.469138944749814,0.493672404441016,0.446553936713347,7.56837580929148e-05,"violation",1,1710,0.576598372306607,0.268638965497689,0.498508085054677,0.424782054047387,0.26894435005175,0.000305384554061372,"violation"
188,480,"forward",0.507482343488435,0.284871288327275,0.496585563847986,0.420296687538167,0.312847829083514,0.0279765407562398,"violation in forward orientation",1,0.453793103448276,1,480,0.507482343488435,0.284871288327275,0.496585563847986,0.420296687538167,0.312847829083514,0.0279765407562398,"violation",1,550,0.433002717259192,0.357125008905669,0.483530405344444,0.458257569495584,0.360158341049582,0.0030333321439131,"violation"
189,960,"forward",0.367438413176172,0.421146268724625,0.467195338563004,0.483852765067938,0.421541901715719,0.000395632991094796,"violation in forward orientation",1,0.453793103448276,1,960,0.367438413176172,0.421146268724625,0.467195338563004,0.483852765067938,0.421541901715719,0.000395632991094796,"violation",1,1530,0.487440441472693,0.324422624871994,0.497258492939069,0.452941176470588,0.325578728701889,0.00115610382989473,"violation"
190,190,"forward",0.444387945799021,0.347037056045802,0.476134015911522,0.437475761101397,0.352926282856753,0.0058892268109515,"violation in forward orientation",1,0.453793103448276,1,190,0.444387945799021,0.347037056045802,0.476134015911522,0.437475761101397,0.352926282856753,0.0058892268109515,"violation",1,1390,0.491034125565926,0.320954228658133,0.497457434746019,0.45067449407729,0.323295969739433,0.00234174108129964,"violation"
191,820,"reverse",0.327411389947177,0.436200531018956,0.449237572107167,0.486681633609246,0.48455533372641,0.0483548027074541,"violation in reverse orientation",1,0.453793103448276,1,2750,0.358463188527641,0.43430529120509,0.46988305209342,0.490626181106122,0.435671348837863,0.00136605763277248,"violation",1,820,0.327411389947177,0.436200531018956,0.449237572107167,0.486681633609246,0.48455533372641,0.0483548027074541,"violation"
192,280,"forward",0.523543521736558,0.287937248326568,0.49630008614769,0.412789786893117,0.302645541502772,0.0147082931762034,"violation in forward orientation",1,0.453793103448276,1,280,0.523543521736558,0.287937248326568,0.49630008614769,0.412789786893117,0.302645541502772,0.0147082931762034,"violation",1,500,0.449344278764013,0.349041547373642,0.486830566008339,0.453762052181537,0.349777950058649,0.000736402685007242,"violation"
193,2760,"forward",0.336413748901595,0.469010792641413,0.461503614299327,0.496146540262037,0.470383169819424,0.00137237717801098,"violation in forward orientation",1,0.453793103448276,1,2760,0.336413748901595,0.469010792641413,0.461503614299327,0.496146540262037,0.470383169819424,0.00137237717801098,"violation",1,3420,0.463990411412776,0.339644448191679,0.495844708174516,0.463777993980774,0.340474519455988,0.000830071264309284,"violation"
194,70,"forward",0.576856954805403,0.258342897757551,0.492598275701905,0.349927106111883,0.268780094791314,0.010437197033763,"violation in forward orientation",1,0.453793103448276,1,70,0.576856954805403,0.258342897757551,0.492598275701905,0.349927106111883,0.268780094791314,0.010437197033763,"violation",1,2440,0.485570350158832,0.326731850533178,0.49777369851316,0.456812625473205,0.326766637153654,3.47866204764569e-05,"violation"
195,90,"forward",0.600945650434495,0.232572423955049,0.498020774022555,0.339934634239519,0.253478614634857,0.0209061906798081,"violation in forward orientation",1,0.453793103448276,1,90,0.600945650434495,0.232572423955049,0.498020774022555,0.339934634239519,0.253478614634857,0.0209061906798081,"violation",1,820,0.351689244719037,0.443691581480066,0.459836959958853,0.488347259443593,0.446335380614237,0.00264379913417112,"violation"
196,1350,"reverse",0.469086123515463,0.337072052305718,0.494702249338616,0.457608143087541,0.337237651058343,0.000165598752625173,"violation in reverse orientation",1,0.453793103448276,1,1390,0.379713541732933,0.397435218692004,0.473805871132352,0.479279798016255,0.402217507435665,0.00478228874366071,"violation",1,1350,0.469086123515463,0.337072052305718,0.494702249338616,0.457608143087541,0.337237651058343,0.000165598752625173,"violation"
197,480,"forward",0.547471602762453,0.264439121636026,0.499648313816829,0.407604579286783,0.287446086013881,0.0230069643778545,"violation in forward orientation",1,0.453793103448276,1,480,0.547471602762453,0.264439121636026,0.499648313816829,0.407604579286783,0.287446086013881,0.0230069643778545,"violation",1,780,0.444437168113477,0.351608446018337,0.488264648386411,0.45936811644223,0.352895016146446,0.0012865701281089,"violation"
198,750,"forward",0.442296259717956,0.35396322734934,0.487599106735122,0.459982608366882,0.354254951438721,0.000291724089380885,"violation in forward orientation",1,0.453793103448276,1,750,0.442296259717956,0.35396322734934,0.487599106735122,0.459982608366882,0.354254951438721,0.000291724089380885,"violation",1,1070,0.477871213959892,0.330960275164203,0.495323576076318,0.453197797340982,0.331657237358161,0.000696962193958484,"violation"
199,570,"forward",0.449295695016941,0.348817345050059,0.487630939869493,0.455130461004664,0.349808811141922,0.000991466091863624,"violation in forward orientation",1,0.453793103448276,1,570,0.449295695016941,0.348817345050059,0.487630939869493,0.455130461004664,0.349808811141922,0.000991466091863624,"violation",1,590,0.521234513854019,0.301402471586519,0.498478005278693,0.432522315033584,0.304112255966676,0.00270978438015634,"violation"
200,1130,"forward",0.342577361956938,0.458936383222886,0.458642779463715,0.492576260954724,0.460679964812619,0.00174358158973303,"violation in forward orientation",1,0.453793103448276,1,1130,0.342577361956938,0.458936383222886,0.458642779463715,0.492576260954724,0.460679964812619,0.00174358158973303,"violation",1,2900,0.47590895525228,0.332622118494811,0.497022765085343,0.460188014102306,0.332903691841985,0.000281573347173547,"violation"
201,390,"reverse",0.385783364965307,0.391198884581461,0.465679429117805,0.467651820109867,0.392661953144707,0.00146306856324668,"violation in reverse orientation",1,0.453793103448276,1,600,0.457031163914555,0.34440626627084,0.489554786401776,0.453762052181537,0.344895131893355,0.000488865622514489,"violation",1,390,0.385783364965307,0.391198884581461,0.465679429117805,0.467651820109867,0.392661953144707,0.00146306856324668,"violation"
202,280,"forward",0.45719046655272,0.323513388125722,0.484122918275927,0.433012701892219,0.344793940604533,0.021280552478811,"violation in forward orientation",1,0.453793103448276,1,280,0.45719046655272,0.323513388125722,0.484122918275927,0.433012701892219,0.344793940604533,0.021280552478811,"violation",1,870,0.46041361038983,0.340637964379831,0.491896279778017,0.455706177227177,0.342746554053416,0.00210858967358507,"violation"
203,50,"reverse",0.185611725055255,0.633238465893974,0.271293199325011,0.496386945839634,0.707786611548072,0.0745481456540986,"violation in reverse orientation",1,0.453793103448276,1,280,0.497915058352275,0.299860775202326,0.492598275701905,0.419912527334259,0.318925103914673,0.0190643287123468,"violation",1,50,0.185611725055255,0.633238465893974,0.271293199325011,0.496386945839634,0.707786611548072,0.0745481456540986,"violation at burn-in"
204,470,"reverse",0.545565244723673,0.28838790518612,0.499547101356336,0.422054943977235,0.288657031602244,0.000269126416124199,"violation in reverse orientation",1,0.453793103448276,1,480,0.49476652717318,0.318581864198482,0.494957209149325,0.438861967352935,0.320925095450151,0.00234323125166902,"violation",1,470,0.545565244723673,0.28838790518612,0.499547101356336,0.422054943977235,0.288657031602244,0.000269126416124199,"violation"
205,50,"forward",0.955715993350399,0.0275269587093167,0.4,0.0707106781186548,0.028123475202931,0.000596516493614314,"violation in forward orientation",1,0.453793103448276,1,50,0.955715993350399,0.0275269587093167,0.4,0.0707106781186548,0.028123475202931,0.000596516493614314,"violation at burn-in",1,830,0.477891545880245,0.331206263057446,0.494569141279436,0.451098238896078,0.331644322234793,0.000438059177346517,"violation"
206,820,"forward",0.449924947851489,0.33509426533272,0.489647434743593,0.452739693665253,0.349409100841726,0.0143148355090062,"violation in forward orientation",1,0.453793103448276,1,820,0.449924947851489,0.33509426533272,0.489647434743593,0.452739693665253,0.349409100841726,0.0143148355090062,"violation",1,2830,0.414501445409806,0.37135308263091,0.486465546868201,0.474396068766971,0.371910610596742,0.000557527965832194,"violation"
207,550,"reverse",0.472240178846245,0.334041044053656,0.491998790564932,0.44810344142271,0.335234150503584,0.00119310644992793,"violation in reverse orientation",1,0.453793103448276,1,1490,0.338414270625969,0.466129141008386,0.45884105203331,0.494519762046247,0.467233803978662,0.00110466297027645,"violation",1,550,0.472240178846245,0.334041044053656,0.491998790564932,0.44810344142271,0.335234150503584,0.00119310644992793,"violation"
208,480,"reverse",0.329731221437826,0.473478354568967,0.444390187660449,0.491525403435288,0.480903287380721,0.00742493281175377,"violation in reverse orientation",1,0.453793103448276,1,1400,0.325417486052388,0.486227213500973,0.452764186043094,0.49696579359147,0.487694281301686,0.00146706780071287,"violation",1,480,0.329731221437826,0.473478354568967,0.444390187660449,0.491525403435288,0.480903287380721,0.00742493281175377,"violation"
209,940,"forward",0.336215978995224,0.465548670656073,0.454448361991342,0.493066457449906,0.47069451349536,0.00514584283928682,"violation in forward orientation",1,0.453793103448276,1,940,0.336215978995224,0.465548670656073,0.454448361991342,0.493066457449906,0.47069451349536,0.00514584283928682,"violation",1,1400,0.426823297191133,0.363855370296084,0.48693072465418,0.46837484987988,0.364083596074002,0.000228225777917479,"violation"
210,1380,"reverse",0.479821163118328,0.329980819722793,0.496191650644479,0.454695565330095,0.33041860207407,0.000437782351277394,"violation in reverse orientation",1,0.453793103448276,1,1390,0.317211808890335,0.496835207820368,0.4489283572516,0.498006480826702,0.500612251169056,0.00377704334868889,"violation",1,1380,0.479821163118328,0.329980819722793,0.496191650644479,0.454695565330095,0.33041860207407,0.000437782351277394,"violation"
211,110,"reverse",0.500787243770971,0.305937471255794,0.483530405344444,0.4,0.317100651114631,0.0111631798588374,"violation in reverse orientation",1,0.453793103448276,1,1490,0.344662038157418,0.456612442650704,0.461409273947513,0.493025542794168,0.457398116915219,0.000785674264515535,"violation",1,110,0.500787243770971,0.305937471255794,0.483530405344444,0.4,0.317100651114631,0.0111631798588374,"violation"
212,430,"forward",0.503949515666065,0.314092867365527,0.495741737399735,0.435008065794937,0.315091931282011,0.000999063916484577,"violation in forward orientation",1,0.453793103448276,1,430,0.503949515666065,0.314092867365527,0.495741737399735,0.435008065794937,0.315091931282011,0.000999063916484577,"violation",1,990,0.370335647231637,0.416151775990255,0.468469123923211,0.482722612163391,0.416980866533845,0.000829090543590483,"violation"
213,280,"forward",0.453460094550593,0.343039395495662,0.483186700722508,0.44284274170133,0.347163525659931,0.00412413016426949,"violation in forward orientation",1,0.453793103448276,1,280,0.453460094550593,0.343039395495662,0.483186700722508,0.44284274170133,0.347163525659931,0.00412413016426949,"violation",1,1270,0.46954121638298,0.33553890303466,0.494608541449921,0.456519108931262,0.336948569632397,0.00140966659773689,"violation"
214,140,"reverse",0.319320750326329,0.4929254548987,0.415208332266675,0.485031032038999,0.497292203184691,0.00436674828599054,"violation in reverse orientation",1,0.453793103448276,1,460,0.499549678272539,0.317864888133313,0.49543759657327,0.437918042241042,0.317886770222455,2.18820891417226e-05,"violation",1,140,0.319320750326329,0.4929254548987,0.415208332266675,0.485031032038999,0.497292203184691,0.00436674828599054,"violation"
215,1390,"forward",0.418773879227278,0.366384122402783,0.484992411114411,0.46924181236778,0.369196700209711,0.00281257780692779,"violation in forward orientation",1,0.453793103448276,1,1390,0.418773879227278,0.366384122402783,0.484992411114411,0.46924181236778,0.369196700209711,0.00281257780692779,"violation",1,1780,0.406418088789956,0.376543825309719,0.48286476001839,0.474049124993878,0.377045273046743,0.000501447737024596,"violation"
216,950,"forward",0.422159206931317,0.36570019325582,0.484054894897509,0.466476151587624,0.367046292172512,0.00134609891669163,"violation in forward orientation",1,0.453793103448276,1,950,0.422159206931317,0.36570019325582,0.484054894897509,0.466476151587624,0.367046292172512,0.00134609891669163,"violation",1,2470,0.486387770699714,0.326203968559611,0.497865265393366,0.456650011925758,0.326247400065088,4.34315054774759e-05,"violation"
217,270,"reverse",0.391052081558118,0.371152964404927,0.462948147911104,0.454952928721794,0.386805978165953,0.0156530137610254,"violation in reverse orientation",1,0.453793103448276,1,1080,0.367455342593468,0.419873112367101,0.46802785022593,0.484122918275927,0.421515250203822,0.00164213783672135,"violation",1,270,0.391052081558118,0.371152964404927,0.462948147911104,0.454952928721794,0.386805978165953,0.0156530137610254,"violation"
218,50,"reverse",0.275078575707952,0.546859192020479,0.346987031457949,0.48,0.566941431066837,0.020082239046358,"violation in reverse orientation",1,0.453793103448276,1,2680,0.332020533440228,0.476925581225371,0.459548821323935,0.4970233292284,0.477299287018532,0.000373705793160595,"violation",1,50,0.275078575707952,0.546859192020479,0.346987031457949,0.48,0.566941431066837,0.020082239046358,"violation at burn-in"
219,520,"forward",0.428934286592138,0.360612072076717,0.482071313686357,0.459092074146765,0.362742665750196,0.0021305936734799,"violation in forward orientation",1,0.453793103448276,1,520,0.428934286592138,0.360612072076717,0.482071313686357,0.459092074146765,0.362742665750196,0.0021305936734799,"violation",1,2480,0.459292939073061,0.342331468435444,0.494644675073496,0.463349088411243,0.343458420323781,0.00112695188833722,"violation"
220,420,"reverse",0.372104092816361,0.412190052207148,0.461309139784786,0.475445846374187,0.414196851720152,0.00200679951300375,"violation in reverse orientation",1,0.453793103448276,1,1940,0.353300592376449,0.443259272912128,0.46631681970716,0.491412869760516,0.4437986807084,0.00053940779627154,"violation",1,420,0.372104092816361,0.412190052207148,0.461309139784786,0.475445846374187,0.414196851720152,0.00200679951300375,"violation"
221,820,"forward",0.418674011211553,0.359325509300902,0.482341354881983,0.462892838454994,0.36926013778576,0.00993462848485827,"violation in forward orientation",1,0.453793103448276,1,820,0.418674011211553,0.359325509300902,0.482341354881983,0.462892838454994,0.36926013778576,0.00993462848485827,"violation",1,1810,0.402158599722521,0.378429456266488,0.481792348209094,0.474742543797417,0.37975096074547,0.00132150447898205,"violation"
222,850,"reverse",0.410567509759586,0.374076717296798,0.480341573967589,0.468703579016311,0.374409502160465,0.000332784863667224,"violation in reverse orientation",1,0.453793103448276,1,1130,0.417423387298553,0.369178096871619,0.483720408367984,0.468950569902108,0.370054551783206,0.000876454911586999,"violation",1,850,0.410567509759586,0.374076717296798,0.480341573967589,0.468703579016311,0.374409502160465,0.000332784863667224,"violation"
223,290,"forward",0.485386081312028,0.316643315869328,0.490589201436388,0.429984929083568,0.326883687331307,0.010240371461979,"violation in forward orientation",1,0.453793103448276,1,290,0.485386081312028,0.316643315869328,0.490589201436388,0.429984929083568,0.326883687331307,0.010240371461979,"violation",1,1390,0.477234081532286,0.33067083993683,0.495883369068421,0.45505004670129,0.33206195288731,0.00139111295048056,"violation"
224,220,"reverse",0.367343777157797,0.421332357188746,0.449885201151223,0.470866091402915,0.421690884573512,0.000358527384766605,"violation in reverse orientation",1,0.453793103448276,1,480,0.458504718664347,0.320815086996334,0.488580533279827,0.439992897669951,0.343959109075408,0.0231440220790744,"violation",1,220,0.367343777157797,0.421332357188746,0.449885201151223,0.470866091402915,0.421690884573512,0.000358527384766605,"violation"
225,210,"forward",0.524738966234754,0.29402362414612,0.494871659305393,0.410325903324145,0.301886178250026,0.00786255410390663,"violation in forward orientation",1,0.453793103448276,1,210,0.524738966234754,0.29402362414612,0.494871659305393,0.410325903324145,0.301886178250026,0.00786255410390663,"violation",1,3650,0.483854220139533,0.327440326715165,0.498074732074886,0.459089800909698,0.327856747213598,0.000416420498432601,"violation"
226,100,"reverse",0.322972911087052,0.471390072744453,0.407308237088326,0.47370877129308,0.491542707838226,0.0201526350937734,"violation in reverse orientation",1,0.453793103448276,1,200,0.543830448363256,0.285283216410522,0.49696579359147,0.403701622488689,0.28975899878607,0.00447578237554774,"violation",1,100,0.322972911087052,0.471390072744453,0.407308237088326,0.47370877129308,0.491542707838226,0.0201526350937734,"violation"
227,820,"reverse",0.306847270189065,0.452415975078895,0.439166643620085,0.490145300119292,0.516928856854126,0.0645128817752308,"violation in reverse orientation",1,0.453793103448276,1,870,0.423982635806438,0.364613410498096,0.484048632211563,0.465402284656634,0.365888024361793,0.00127461386369687,"violation",1,820,0.306847270189065,0.452415975078895,0.439166643620085,0.490145300119292,0.516928856854126,0.0645128817752308,"violation"
228,2020,"forward",0.34022549402875,0.463891405998906,0.461427302374842,0.494892054169265,0.464382445232988,0.000491039234081558,"violation in forward orientation",1,0.453793103448276,1,2020,0.34022549402875,0.463891405998906,0.461427302374842,0.494892054169265,0.464382445232988,0.000491039234081558,"violation",1,2360,0.44207658040188,0.350552142832872,0.491708761833323,0.466279627054569,0.354394494847276,0.00384235201440325,"violation"
229,480,"forward",0.551656687661683,0.241533808130256,0.499787281139575,0.391971291111423,0.284787660895116,0.0432538527648592,"violation in forward orientation",1,0.453793103448276,1,480,0.551656687661683,0.241533808130256,0.499787281139575,0.391971291111423,0.284787660895116,0.0432538527648592,"violation",1,850,0.370410929134818,0.416620672048391,0.467377280675205,0.482002742314415,0.416862352322568,0.000241680274177702,"violation"
230,820,"reverse",0.409885430047779,0.369485312253819,0.479928794540058,0.466757837897285,0.37484276884024,0.00535745658642134,"violation in reverse orientation",1,0.453793103448276,1,2340,0.373590097076255,0.410623460332753,0.474339723949115,0.484939180933517,0.411857476447034,0.00123401611428092,"violation",1,820,0.409885430047779,0.369485312253819,0.479928794540058,0.466757837897285,0.37484276884024,0.00535745658642134,"violation"
231,120,"reverse",0.281590846830816,0.550531010507825,0.386939558874797,0.49434299833213,0.556689343338802,0.00615833283097644,"violation in reverse orientation",1,0.453793103448276,1,1600,0.359145872733636,0.432689410261849,0.467433150300661,0.488716031428272,0.434596618035296,0.00190720777344744,"violation",1,120,0.281590846830816,0.550531010507825,0.386939558874797,0.49434299833213,0.556689343338802,0.00615833283097644,"violation"
232,140,"forward",0.864355451218549,0.0794670791069047,0.424444414764159,0.185576872239523,0.0861569837016382,0.00668990459473348,"violation in forward orientation",1,0.453793103448276,1,140,0.864355451218549,0.0794670791069047,0.424444414764159,0.185576872239523,0.0861569837016382,0.00668990459473348,"violation",1,1750,0.424787385030024,0.363442871676289,0.487294572101927,0.469484824035879,0.365376836273188,0.00193396459689821,"violation"
233,460,"forward",0.345761410706297,0.452764696650444,0.451310840197919,0.487053561759571,0.455667405216603,0.00290270856615937,"violation in forward orientation",1,0.453793103448276,1,460,0.345761410706297,0.452764696650444,0.451310840197919,0.487053561759571,0.455667405216603,0.00290270856615937,"violation",1,2050,0.506973819571167,0.3122247308219,0.499198882303238,0.449237572107167,0.313170850667952,0.00094611984605214,"violation"
234,70,"forward",0.863377182770204,0.0835536454472621,0.451753951452626,0.166598625567009,0.0867783936559388,0.00322474820867673,"violation in forward orientation",1,0.453793103448276,1,70,0.863377182770204,0.0835536454472621,0.451753951452626,0.166598625567009,0.0867783936559388,0.00322474820867673,"violation",1,1830,0.532671109256283,0.296021694518055,0.499980888881981,0.440471055930246,0.296847568816333,0.000825874298278295,"violation"
235,60,"forward",0.556383151271119,0.25432432379694,0.486198404860494,0.339934634239519,0.281785344362764,0.0274610205658243,"violation in forward orientation",1,0.453793103448276,1,60,0.556383151271119,0.25432432379694,0.486198404860494,0.339934634239519,0.281785344362764,0.0274610205658243,"violation",1,2880,0.457417166698103,0.344125863791822,0.494654586274324,0.464764305185973,0.344649937465904,0.000524073674082193,"violation"
236,340,"reverse",0.414733759559367,0.36795655645049,0.474104510108468,0.456962666847888,0.37176304136326,0.00380648491277025,"violation in reverse orientation",1,0.453793103448276,1,860,0.367479483054319,0.420347382083557,0.466386347341428,0.483053822190141,0.421477246546147,0.00112986446258978,"violation",1,340,0.414733759559367,0.36795655645049,0.474104510108468,0.456962666847888,0.37176304136326,0.00380648491277025,"violation"
237,560,"forward",0.299715167877033,0.522350440538969,0.430931004468517,0.498454243289252,0.528156727624365,0.0058062870853961,"violation in forward orientation",1,0.453793103448276,1,560,0.299715167877033,0.522350440538969,0.430931004468517,0.498454243289252,0.528156727624365,0.0058062870853961,"violation",1,2020,0.5127324656197,0.30904670886835,0.499481154188888,0.447629883384448,0.309512877251855,0.000466168383504717,"violation"
238,60,"forward",0.519765062450468,0.299311814729174,0.476969600708473,0.372677996249965,0.305045672281055,0.00573385755188061,"violation in forward orientation",1,0.453793103448276,1,60,0.519765062450468,0.299311814729174,0.476969600708473,0.372677996249965,0.305045672281055,0.00573385755188061,"violation",1,1520,0.392932251172324,0.384164642906683,0.478393530995785,0.475710214054978,0.385611667835268,0.00144702492858506,"violation"
239,350,"reverse",0.32715061695975,0.472050832124246,0.438634243989226,0.489306047544137,0.48496586140466,0.0129150292804145,"violation in reverse orientation",1,0.453793103448276,1,600,0.4416287323164,0.353190966040485,0.486198404860494,0.457526562677573,0.354678974285208,0.00148800824472262,"violation",1,350,0.32715061695975,0.472050832124246,0.438634243989226,0.489306047544137,0.48496586140466,0.0129150292804145,"violation"
240,1270,"forward",0.290335760568373,0.542448315382186,0.434592174044489,0.499999379998376,0.542922468293201,0.000474152911015158,"violation in forward orientation",1,0.453793103448276,1,1270,0.290335760568373,0.542448315382186,0.434592174044489,0.499999379998376,0.542922468293201,0.000474152911015158,"violation",1,4000,0.497218020854023,0.318387512450406,0.499128991343921,0.455591922667643,0.31936787199195,0.000980359541543518,"violation"
241,300,"forward",0.438915302586888,0.353818506213433,0.48,0.448998886412873,0.356402583226155,0.00258407701272206,"violation in forward orientation",1,0.453793103448276,1,300,0.438915302586888,0.353818506213433,0.48,0.448998886412873,0.356402583226155,0.00258407701272206,"violation",1,600,0.438198044522445,0.354945280740731,0.485386443980464,0.458257569495584,0.356858195693062,0.00191291495233076,"violation"
242,540,"forward",0.332105595100813,0.469164095022503,0.446979652028866,0.491351820793393,0.477165376806541,0.00800128178403808,"violation in forward orientation",1,0.453793103448276,1,540,0.332105595100813,0.469164095022503,0.446979652028866,0.491351820793393,0.477165376806541,0.00800128178403808,"violation",1,1340,0.462621824903799,0.34105141225438,0.493702827236934,0.459228167838045,0.341343864962775,0.000292452708394286,"violation"
243,210,"forward",0.519838944064246,0.304804736399551,0.49416091644106,0.416795898326361,0.304998741635056,0.000194005235505057,"violation in forward orientation",1,0.453793103448276,1,210,0.519838944064246,0.304804736399551,0.49416091644106,0.416795898326361,0.304998741635056,0.000194005235505057,"violation",1,630,0.357100241886851,0.434660171755792,0.459630028571377,0.484831649539365,0.437816997915794,0.00315682616000179,"violation"
244,790,"forward",0.402601586220038,0.379002329086239,0.477562577116014,0.469891422614445,0.379469569456971,0.000467240370732147,"violation in forward orientation",1,0.453793103448276,1,790,0.402601586220038,0.379002329086239,0.477562577116014,0.469891422614445,0.379469569456971,0.000467240370732147,"violation",1,1570,0.409520591742082,0.374296109039905,0.483162479484286,0.472665112755081,0.375074519292025,0.000778410252120221,"violation"
245,150,"forward",0.504752897994857,0.299023510456273,0.48848973604593,0.404914257041606,0.314581611464312,0.0155581010080389,"violation in forward orientation",1,0.453793103448276,1,150,0.504752897994857,0.299023510456273,0.48848973604593,0.404914257041606,0.314581611464312,0.0155581010080389,"violation",1,2050,0.420243963952563,0.367969431071798,0.486796274359734,0.471862410500967,0.368262881600409,0.000293450528611683,"violation"
246,320,"forward",0.507075821702024,0.308830488748104,0.494807017305737,0.427462991819175,0.313106057471789,0.00427556872368473,"violation in forward orientation",1,0.453793103448276,1,320,0.507075821702024,0.308830488748104,0.494807017305737,0.427462991819175,0.313106057471789,0.00427556872368473,"violation",1,680,0.449539962040404,0.347341105729539,0.488660339433885,0.456306728473104,0.349653649273885,0.00231254354434601,"violation"
247,80,"forward",0.873537587753285,0.0732709191287607,0.439992897669951,0.15612494995996,0.0803243607093639,0.00705344158060324,"violation in forward orientation",1,0.453793103448276,1,80,0.873537587753285,0.0732709191287607,0.439992897669951,0.15612494995996,0.0803243607093639,0.00705344158060324,"violation",1,160,0.352796350711866,0.442073168320992,0.436561493377508,0.472857007984443,0.444592494369396,0.00251932604840416,"violation"
248,1210,"forward",0.319809159203493,0.493500845925715,0.449079836946827,0.497452014703515,0.496523314641606,0.00302246871589079,"violation in forward orientation",1,0.453793103448276,1,1210,0.319809159203493,0.493500845925715,0.449079836946827,0.497452014703515,0.496523314641606,0.00302246871589079,"violation",1,1260,0.393829030218259,0.384857180307305,0.477711855389884,0.474926231823399,0.385042021101904,0.000184840794598462,"violation"
249,80,"forward",0.538126767493411,0.276559731956136,0.487179381747627,0.368908864084343,0.293382057543278,0.0168223255871413,"violation in forward orientation",1,0.453793103448276,1,80,0.538126767493411,0.276559731956136,0.487179381747627,0.368908864084343,0.293382057543278,0.0168223255871413,"violation",1,2330,0.493463823270599,0.321405939214642,0.49840431336899,0.454217588673063,0.321752591393561,0.000346652178918494,"violation"
250,280,"forward",0.552567508021396,0.279949958143328,0.498965767096996,0.4078158598071,0.28420909492065,0.00425913677732215,"violation in forward orientation",1,0.453793103448276,1,280,0.552567508021396,0.279949958143328,0.498965767096996,0.4078158598071,0.28420909492065,0.00425913677732215,"violation",1,880,0.47275974691809,0.334530022047991,0.493992839644296,0.45312847319843,0.334904113515957,0.000374091467966076,"violation"
251,80,"forward",0.642042346118264,0.227252112493843,0.499843725578305,0.330718913883074,0.22737341229498,0.000121299801136787,"violation in forward orientation",1,0.453793103448276,1,80,0.642042346118264,0.227252112493843,0.499843725578305,0.330718913883074,0.22737341229498,0.000121299801136787,"violation",1,160,0.468812550300504,0.317349074358807,0.480722113075735,0.417582327212252,0.337411428633705,0.0200623542748978,"violation"
252,480,"forward",0.545377331179372,0.178387055504127,0.499565783678408,0.339934634239519,0.288776396943296,0.110389341439169,"violation in forward orientation",1,0.453793103448276,1,480,0.545377331179372,0.178387055504127,0.499565783678408,0.339934634239519,0.288776396943296,0.110389341439169,"violation",1,3420,0.487229897848901,0.325571882979697,0.498297347203062,0.458001899434682,0.325712468989496,0.000140586009798382,"violation"
253,760,"forward",0.42863235644935,0.361867677800576,0.484460747704581,0.463245730307576,0.362934456047174,0.00106677824659784,"violation in forward orientation",1,0.453793103448276,1,760,0.42863235644935,0.361867677800576,0.484460747704581,0.463245730307576,0.362934456047174,0.00106677824659784,"violation",1,1030,0.567650182984338,0.273002697654254,0.499584142266417,0.422748370040335,0.274628366465888,0.00162566881163367,"violation"
254,110,"reverse",0.316792091153819,0.491038274302675,0.406659440842637,0.481045692920835,0.501273001155441,0.0102347268527667,"violation in reverse orientation",1,0.453793103448276,1,220,0.521314523805911,0.29669752775085,0.494682467651374,0.413011516058202,0.304061432513632,0.0073639047627817,"violation",1,110,0.316792091153819,0.491038274302675,0.406659440842637,0.481045692920835,0.501273001155441,0.0102347268527667,"violation"
255,280,"forward",0.545337808510983,0.271930732397973,0.498454243289252,0.402653824073256,0.288801502301236,0.0168707699032631,"violation in forward orientation",1,0.453793103448276,1,280,0.545337808510983,0.271930732397973,0.498454243289252,0.402653824073256,0.288801502301236,0.0168707699032631,"violation",1,1410,0.441239398932011,0.353309072997942,0.490042182856562,0.464473494378887,0.354926284357418,0.00161721135947585,"violation"
256,160,"reverse",0.566401777618562,0.266443233185236,0.498082259772419,0.385225177655874,0.275421371210759,0.00897813802552289,"violation in reverse orientation",1,0.453793103448276,1,820,0.329974043982686,0.466093145967771,0.450421179062978,0.492658777481077,0.48052101858612,0.0144278726183487,"violation",1,160,0.566401777618562,0.266443233185236,0.498082259772419,0.385225177655874,0.275421371210759,0.00897813802552289,"violation"
257,410,"forward",0.434431578471089,0.357463028706252,0.481668723369061,0.454994100150674,0.359250708199019,0.00178767949276692,"violation in forward orientation",1,0.453793103448276,1,410,0.434431578471089,0.357463028706252,0.481668723369061,0.454994100150674,0.359250708199019,0.00178767949276692,"violation",1,1860,0.411993295585876,0.372983823746333,0.484467971013712,0.473087425680166,0.373503822838336,0.000519999092003343,"violation"
258,420,"reverse",0.468987092055016,0.336602601180934,0.489897948556636,0.445912400007811,0.337300557242647,0.000697956061713134,"violation in reverse orientation",1,0.453793103448276,1,480,0.486265621368714,0.311871933416059,0.493692858859523,0.43539174569831,0.326324991047731,0.0144530576316714,"violation",1,420,0.468987092055016,0.336602601180934,0.489897948556636,0.445912400007811,0.337300557242647,0.000697956061713134,"violation"
259,570,"forward",0.403956184714088,0.376491716667359,0.475568053845193,0.46620475754955,0.378609109335102,0.0021173926677428,"violation in forward orientation",1,0.453793103448276,1,570,0.403956184714088,0.376491716667359,0.475568053845193,0.46620475754955,0.378609109335102,0.0021173926677428,"violation",1,2190,0.486257901865725,0.326317043238726,0.497695948618766,0.456032497469368,0.326329894585208,1.28513464827118e-05,"violation"
260,1200,"reverse",0.38625634538364,0.391399065177503,0.475095750583208,0.476706729085667,0.391917353196256,0.000518288018752977,"violation in reverse orientation",1,0.453793103448276,1,1840,0.368550812679067,0.419088208747734,0.471532463245257,0.486154898708994,0.419790682044863,0.000702473297129302,"violation",1,1200,0.38625634538364,0.391399065177503,0.475095750583208,0.476706729085667,0.391917353196256,0.000518288018752977,"violation"
261,360,"reverse",0.37221039741664,0.413337123081921,0.459459894943757,0.474268442504407,0.414029499337643,0.000692376255721883,"violation in reverse orientation",1,0.453793103448276,1,2550,0.365343849213866,0.422852993795537,0.471956181702428,0.488057452451556,0.424839315642199,0.00198632184666137,"violation",1,360,0.37221039741664,0.413337123081921,0.459459894943757,0.474268442504407,0.414029499337643,0.000692376255721883,"violation"
262,260,"forward",0.413458938022962,0.368085558532451,0.470490113334555,0.453046884207298,0.372572826033326,0.0044872675008753,"violation in forward orientation",1,0.453793103448276,1,260,0.413458938022962,0.368085558532451,0.470490113334555,0.453046884207298,0.372572826033326,0.0044872675008753,"violation",1,480,0.428374855951536,0.356325138766422,0.48131312717283,0.456416446047053,0.363098024005284,0.00677288523886216,"violation"
263,2030,"reverse",0.411724328000886,0.372493445574802,0.484721054040911,0.473341343503531,0.373674674852402,0.00118122927759984,"violation in reverse orientation",1,0.453793103448276,1,3210,0.362878462136513,0.427775882850569,0.472061205170273,0.489706249371418,0.4287205061092,0.000944623258630595,"violation",1,2030,0.411724328000886,0.372493445574802,0.484721054040911,0.473341343503531,0.373674674852402,0.00118122927759984,"violation"
264,370,"forward",0.500841606042965,0.316084544755294,0.49464628292901,0.433790098463763,0.317066119430601,0.000981574675306907,"violation in forward orientation",1,0.453793103448276,1,370,0.500841606042965,0.316084544755294,0.49464628292901,0.433790098463763,0.317066119430601,0.000981574675306907,"violation",1,2280,0.455304375292424,0.345400071880201,0.493867439407567,0.464130424988958,0.345992012448565,0.000591940568364369,"violation"
265,340,"reverse",0.336336989871181,0.469933272158542,0.442732549883836,0.488660339433885,0.470504009431117,0.000570737272574728,"violation in reverse orientation",1,0.453793103448276,1,810,0.476599274748282,0.328708478941543,0.494296073668237,0.449721755160312,0.332465191134752,0.00375671219320856,"violation",1,340,0.336336989871181,0.469933272158542,0.442732549883836,0.488660339433885,0.470504009431117,0.000570737272574728,"violation"
266,100,"reverse",0.449383999631982,0.346724065972573,0.466476151587624,0.420832508250016,0.349752718801533,0.00302865282895926,"violation in reverse orientation",1,0.453793103448276,1,120,0.524402256602221,0.301574017175407,0.489897948556636,0.4,0.302100060970786,0.000526043795378517,"violation",1,100,0.449383999631982,0.346724065972573,0.466476151587624,0.420832508250016,0.349752718801533,0.00302865282895926,"violation"
267,920,"forward",0.356850244344794,0.434229547866925,0.462849520512814,0.486800003960901,0.438210562109391,0.003981014242466,"violation in forward orientation",1,0.453793103448276,1,920,0.356850244344794,0.434229547866925,0.462849520512814,0.486800003960901,0.438210562109391,0.003981014242466,"violation",1,1390,0.452459445614754,0.347070608932847,0.492107366288586,0.46192933129025,0.347799152016421,0.000728543083574062,"violation"
268,70,"forward",0.898661999464136,0.0534488391899587,0.428809457708675,0.118666055184544,0.0643649790493639,0.0109161398594053,"violation in forward orientation",1,0.453793103448276,1,70,0.898661999464136,0.0534488391899587,0.428809457708675,0.118666055184544,0.0643649790493639,0.0109161398594053,"violation",1,900,0.513346357372665,0.308678727774189,0.498653743148044,0.441036937508542,0.309122924527936,0.000444196753747239,"violation"
269,60,"forward",0.890728972754413,0.0622317713624085,0.442216638714053,0.12801909579781,0.069404149814296,0.00717237845188744,"violation in forward orientation",1,0.453793103448276,1,60,0.890728972754413,0.0622317713624085,0.442216638714053,0.12801909579781,0.069404149814296,0.00717237845188744,"violation",1,1440,0.421771602465121,0.366255703071873,0.485863031936439,0.469403351258637,0.367292504011433,0.0010368009395596,"violation"
270,160,"reverse",0.352796350711866,0.408186562251593,0.436561493377508,0.460934851687307,0.444592494369396,0.0364059321178031,"violation in reverse orientation",1,0.453793103448276,1,820,0.428697351518595,0.3465904308685,0.484899886635879,0.457723396727715,0.362893170259947,0.0163027393914473,"violation",1,160,0.352796350711866,0.408186562251593,0.436561493377508,0.460934851687307,0.444592494369396,0.0364059321178031,"violation"
271,160,"reverse",0.266443233185236,0.572764456021478,0.385225177655874,0.498591766879478,0.580535811189265,0.00777135516778638,"violation in reverse orientation",1,0.453793103448276,1,480,0.484137412915505,0.325276480357752,0.493354271796647,0.442216638714053,0.32767685915703,0.00240037879927812,"violation",1,160,0.266443233185236,0.572764456021478,0.385225177655874,0.498591766879478,0.580535811189265,0.00777135516778638,"violation"
272,200,"forward",0.502622575932988,0.302380212964406,0.490892045158607,0.41424630354416,0.315934822167725,0.013554609203319,"violation in forward orientation",1,0.453793103448276,1,200,0.502622575932988,0.302380212964406,0.490892045158607,0.41424630354416,0.315934822167725,0.013554609203319,"violation",1,3890,0.450407668028533,0.348985267493133,0.494136354037627,0.467868371983427,0.349102470158028,0.000117202664895011,"violation"
273,620,"forward",0.419719871973523,0.366001792031731,0.480837264056898,0.463021228075218,0.368595792237868,0.0025940002061377,"violation in forward orientation",1,0.453793103448276,1,620,0.419719871973523,0.366001792031731,0.480837264056898,0.463021228075218,0.368595792237868,0.0025940002061377,"violation",1,1050,0.449843736120332,0.345967311520174,0.490660159672914,0.459493954125134,0.349460687681957,0.00349337616178286,"violation"
274,290,"forward",0.343025495016375,0.456756920442452,0.443421997398028,0.484344685196894,0.459974481371819,0.00321756092936681,"violation in forward orientation",1,0.453793103448276,1,290,0.343025495016375,0.456756920442452,0.443421997398028,0.484344685196894,0.459974481371819,0.00321756092936681,"violation",1,2710,0.424079952985799,0.365117694043821,0.4884951071091,0.472138599167496,0.36582620711308,0.000708513069258565,"violation"
275,640,"reverse",0.547301525578075,0.285403974388316,0.49988035677925,0.424583320555283,0.287554121446844,0.00215014705852806,"violation in reverse orientation",1,0.453793103448276,1,1930,0.386942159396135,0.390119794611277,0.477696604004813,0.478646556701618,0.39083769522616,0.000717900614883193,"violation",1,640,0.547301525578075,0.285403974388316,0.49988035677925,0.424583320555283,0.287554121446844,0.00215014705852806,"violation"
276,480,"forward",0.389262530693501,0.387076729561504,0.46914797920154,0.46837484987988,0.387942726185253,0.000865996623749032,"violation in forward orientation",1,0.453793103448276,1,480,0.389262530693501,0.387076729561504,0.46914797920154,0.46837484987988,0.387942726185253,0.000865996623749032,"violation",1,1390,0.453919643014341,0.344837442250439,0.492363925236173,0.461029288398967,0.346871613976242,0.00203417172580256,"violation"
277,110,"reverse",0.348881957255449,0.441538187753225,0.424848052565379,0.4657704893618,0.450754815372332,0.00921662761910724,"violation in reverse orientation",1,0.453793103448276,1,280,0.479473403942333,0.327431562235758,0.48915535281102,0.435055122006021,0.330639503621113,0.00320794138535535,"violation",1,110,0.348881957255449,0.441538187753225,0.424848052565379,0.4657704893618,0.450754815372332,0.00921662761910724,"violation"
278,2340,"forward",0.373153209123423,0.411926916621502,0.4741970540617,0.485259374038302,0.412545257028531,0.000618340407028684,"violation in forward orientation",1,0.453793103448276,1,2340,0.373153209123423,0.411926916621502,0.4741970540617,0.485259374038302,0.412545257028531,0.000618340407028684,"violation",1,3390,0.439413410175009,0.355536809341489,0.49205308287935,0.469709156158676,0.356086178241312,0.000549368899823377,"violation"
279,440,"reverse",0.380001142353278,0.401501844584595,0.464876905416996,0.472464962188592,0.401764745759319,0.000262901174724328,"violation in reverse orientation",1,0.453793103448276,1,540,0.503141462724004,0.314338973451427,0.496475921059666,0.438228132081453,0.315605217939317,0.00126624448788987,"violation",1,440,0.380001142353278,0.401501844584595,0.464876905416996,0.472464962188592,0.401764745759319,0.000262901174724328,"violation"
280,410,"forward",0.354864650307858,0.434431578471089,0.453874850080934,0.481668723369061,0.441336427706028,0.006904849234939,"violation in forward orientation",1,0.453793103448276,1,410,0.354864650307858,0.434431578471089,0.453874850080934,0.481668723369061,0.441336427706028,0.006904849234939,"violation",1,630,0.358766911373795,0.429754501413384,0.460306513279793,0.483606277351813,0.435193206388779,0.00543870497539445,"violation"
281,90,"forward",0.507348898454775,0.275464716989807,0.481894409826699,0.372677996249965,0.312932595256244,0.0374678782664369,"violation in forward orientation",1,0.453793103448276,1,90,0.507348898454775,0.275464716989807,0.481894409826699,0.372677996249965,0.312932595256244,0.0374678782664369,"violation",1,1570,0.462616106224618,0.340825190304645,0.494123444102057,0.460177748688314,0.341347497548671,0.000522307244026521,"violation"
282,270,"forward",0.53778962066575,0.289876167747808,0.497676356510839,0.41324106231471,0.293596217976565,0.00372005022875704,"violation in forward orientation",1,0.453793103448276,1,270,0.53778962066575,0.289876167747808,0.497676356510839,0.41324106231471,0.293596217976565,0.00372005022875704,"violation",1,480,0.327504676264469,0.424050232956508,0.443309640657633,0.480121331598124,0.484408475665581,0.0603582427090723,"violation"
283,1280,"forward",0.342735325653275,0.459683706646558,0.459608784049,0.493094402567855,0.46043128694861,0.000747580302051354,"violation in forward orientation",1,0.453793103448276,1,1280,0.342735325653275,0.459683706646558,0.459608784049,0.493094402567855,0.46043128694861,0.000747580302051354,"violation",1,3440,0.462834651178489,0.340989097487574,0.495703467199076,0.464330367996313,0.341208674703032,0.000219577215458566,"violation"
284,1560,"forward",0.364094112142298,0.425778156638912,0.469088881448095,0.487105257502849,0.426806742036611,0.00102858539769957,"violation in forward orientation",1,0.453793103448276,1,1560,0.364094112142298,0.425778156638912,0.469088881448095,0.487105257502849,0.426806742036611,0.00102858539769957,"violation",1,2360,0.425328897773444,0.362277199676636,0.488372228130192,0.470548701145144,0.365032859719808,0.00275566004317174,"violation"
285,1430,"reverse",0.444541467897736,0.35142032134054,0.490735729355741,0.46382987028082,0.352828763448345,0.00140844210780505,"violation in reverse orientation",1,0.453793103448276,1,2060,0.323294557898347,0.489961666267276,0.454344037157188,0.497957701010312,0.491036348188172,0.0010746819208956,"violation",1,1430,0.444541467897736,0.35142032134054,0.490735729355741,0.46382987028082,0.352828763448345,0.00140844210780505,"violation"
286,510,"forward",0.495242037474176,0.317405582133018,0.495267880012356,0.439062473277113,0.32062304458169,0.00321746244867177,"violation in forward orientation",1,0.453793103448276,1,510,0.495242037474176,0.317405582133018,0.495267880012356,0.439062473277113,0.32062304458169,0.00321746244867177,"violation",1,820,0.407371256479291,0.37328890442076,0.479209330451144,0.468146572734817,0.376439807449573,0.00315090302881271,"violation"
287,350,"forward",0.457271837458614,0.342587475715574,0.486083892985983,0.446153629621557,0.344742252654258,0.00215477693868338,"violation in forward orientation",1,0.453793103448276,1,350,0.457271837458614,0.342587475715574,0.486083892985983,0.446153629621557,0.344742252654258,0.00215477693868338,"violation",1,810,0.595520346273904,0.256618455625963,0.498129407452642,0.409833777331633,0.25692484456919,0.000306388943227376,"violation"
288,170,"reverse",0.29275238277998,0.511382799164815,0.404344914260809,0.491061980316243,0.53911804700123,0.0277352478364151,"violation in reverse orientation",1,0.453793103448276,1,360,0.502544339977845,0.309388473689454,0.494756455862158,0.429757324573638,0.315984518752944,0.0065960450634901,"violation",1,170,0.29275238277998,0.511382799164815,0.404344914260809,0.491061980316243,0.53911804700123,0.0277352478364151,"violation"
289,160,"forward",0.702364781968424,0.182379675328608,0.491132301421928,0.315980616494114,0.189055747886632,0.00667607255802416,"violation in forward orientation",1,0.453793103448276,1,160,0.702364781968424,0.182379675328608,0.491132301421928,0.315980616494114,0.189055747886632,0.00667607255802416,"violation",1,1940,0.544905466249774,0.288817171590761,0.499923205921141,0.437099725034033,0.289076132220289,0.00025896062952796,"violation"
290,150,"reverse",0.382412101557293,0.39718035037657,0.448998886412873,0.455289895439037,0.397969239583063,0.000788889206492671,"violation in reverse orientation",1,0.453793103448276,1,1390,0.401120081541351,0.376014255136619,0.480334234856412,0.472578094477681,0.380410642182189,0.00439638704556955,"violation",1,150,0.382412101557293,0.39718035037657,0.448998886412873,0.455289895439037,0.397969239583063,0.000788889206492671,"violation"
291,640,"forward",0.441048980885299,0.351747405051981,0.486447180457447,0.457572462669849,0.355047240593822,0.00329983554184149,"violation in forward orientation",1,0.453793103448276,1,640,0.441048980885299,0.351747405051981,0.486447180457447,0.457572462669849,0.355047240593822,0.00329983554184149,"violation",1,1860,0.467624770898325,0.337048947990868,0.495241549541417,0.459651951756306,0.33816592290905,0.0011169749181823,"violation"
292,320,"forward",0.40965030372841,0.37311903509342,0.471771511830674,0.458257569495584,0.374992124403758,0.00187308931033808,"violation in forward orientation",1,0.453793103448276,1,320,0.40965030372841,0.37311903509342,0.471771511830674,0.458257569495584,0.374992124403758,0.00187308931033808,"violation",1,3660,0.522846071021257,0.303024568614334,0.499975812368466,0.448083766478412,0.303088572061363,6.4003447028671e-05,"violation"
293,1340,"reverse",0.41324706225435,0.372662645228764,0.483440991945501,0.471228328121651,0.372707412518164,4.47672894000606e-05,"violation in reverse orientation",1,0.453793103448276,1,1770,0.34667023413894,0.453421767684591,0.463254787955431,0.492958816513105,0.454236669704373,0.000814902019781405,"violation",1,1340,0.41324706225435,0.372662645228764,0.483440991945501,0.471228328121651,0.372707412518164,4.47672894000606e-05,"violation"
294,860,"reverse",0.40838619091616,0.373519044134879,0.479795961230601,0.468591666967672,0.375795106740785,0.00227606260590524,"violation in reverse orientation",1,0.453793103448276,1,1390,0.438569461963859,0.33067083993683,0.489452436075001,0.45505004670129,0.35662226608122,0.0259514261443901,"violation",1,860,0.40838619091616,0.373519044134879,0.479795961230601,0.468591666967672,0.375795106740785,0.00227606260590524,"violation"
295,650,"forward",0.373974502121301,0.410765366824406,0.466476151587624,0.47862970084664,0.411252318250982,0.00048695142657601,"violation in forward orientation",1,0.453793103448276,1,650,0.373974502121301,0.410765366824406,0.466476151587624,0.47862970084664,0.411252318250982,0.00048695142657601,"violation",1,1460,0.509159184244003,0.311744760652752,0.499006331068292,0.446686682481411,0.311782676119571,3.79154668190829e-05,"violation"
296,480,"forward",0.599454120638669,0.246133074060043,0.498887651569859,0.395235293844059,0.25442605545627,0.00829298139622675,"violation in forward orientation",1,0.453793103448276,1,480,0.599454120638669,0.246133074060043,0.498887651569859,0.395235293844059,0.25442605545627,0.00829298139622675,"violation",1,2130,0.42643749485242,0.364183214821231,0.48830444027068,0.470736356673589,0.364328663176058,0.00014544835482716,"violation"
297,160,"reverse",0.288460711424569,0.4754482131575,0.4,0.482465996211132,0.54587430613195,0.0704260929744505,"violation in reverse orientation",1,0.453793103448276,1,2910,0.313854148863499,0.505750484812599,0.452009705450839,0.499387444948484,0.505898122181886,0.000147637369287468,"violation",1,160,0.288460711424569,0.4754482131575,0.4,0.482465996211132,0.54587430613195,0.0704260929744505,"violation"
298,1790,"forward",0.425280480812636,0.364760494081471,0.487483869558577,0.47007115012207,0.365063614858087,0.000303120776616039,"violation in forward orientation",1,0.453793103448276,1,1790,0.425280480812636,0.364760494081471,0.487483869558577,0.47007115012207,0.365063614858087,0.000303120776616039,"violation",1,2460,0.4180557216898,0.369602175164756,0.486872415008558,0.473239699664579,0.369652884034611,5.07088698554758e-05,"violation"
299,480,"reverse",0.522264043553374,0.302900894529296,0.498082259772419,0.430580196427513,0.303458284140732,0.000557389611435644,"violation in reverse orientation",1,0.453793103448276,1,520,0.472480906394968,0.330033464164648,0.491762769332709,0.445540028684027,0.33508123695996,0.00504777279531193,"violation",1,480,0.522264043553374,0.302900894529296,0.498082259772419,0.430580196427513,0.303458284140732,0.000557389611435644,"violation"
300,2400,"reverse",0.490454849575517,0.323450348313854,0.498190475621524,0.455289895439037,0.323663934041395,0.00021358572754121,"violation in reverse orientation",1,0.453793103448276,1,4000,0.355934631736475,0.439356368127371,0.470483195767925,0.492372826220132,0.439651985632504,0.000295617505132295,"violation",1,2400,0.490454849575517,0.323450348313854,0.498190475621524,0.455289895439037,0.323663934041395,0.00021358572754121,"violation"
301,50,"forward",0.478395081610861,0.302716065288689,0.458257569495584,0.366606055596467,0.331324469217065,0.028608403928376,"violation in forward orientation",1,0.453793103448276,1,50,0.478395081610861,0.302716065288689,0.458257569495584,0.366606055596467,0.331324469217065,0.028608403928376,"violation at burn-in",1,650,0.656684565274339,0.217696417342246,0.489897948556636,0.378977134717984,0.218072467598224,0.000376050255977672,"violation"
302,120,"forward",0.550531010507825,0.281590846830816,0.49434299833213,0.386939558874797,0.285502706943999,0.00391186011318267,"violation in forward orientation",1,0.453793103448276,1,120,0.550531010507825,0.281590846830816,0.49434299833213,0.386939558874797,0.285502706943999,0.00391186011318267,"violation",1,220,0.322204849536547,0.488406208537812,0.427635242731988,0.488948103518036,0.492751845825229,0.00434563728741705,"violation"
303,1550,"reverse",0.415935233437502,0.370347320910023,0.484741153020704,0.471252234004371,0.370999848163103,0.000652527253080182,"violation in reverse orientation",1,0.453793103448276,1,2080,0.290900008917775,0.541356419359983,0.438686841152766,0.499960935974002,0.542034187773344,0.000677768413361091,"violation",1,1550,0.415935233437502,0.370347320910023,0.484741153020704,0.471252234004371,0.370999848163103,0.000652527253080182,"violation"
304,820,"forward",0.443691581480066,0.349140642111341,0.488347259443593,0.458787878728345,0.35336862332102,0.00422798120967921,"violation in forward orientation",1,0.453793103448276,1,820,0.443691581480066,0.349140642111341,0.488347259443593,0.458787878728345,0.35336862332102,0.00422798120967921,"violation",1,1260,0.518726155173359,0.305035045963875,0.499394316947486,0.442216638714053,0.305705600877018,0.000670554913142329,"violation"
305,50,"reverse",0.302716065288689,0.501594493296846,0.366606055596467,0.466476151587624,0.523432498097263,0.0218380048004169,"violation in reverse orientation",1,0.453793103448276,1,1390,0.40774672428938,0.368608010061855,0.482158788635781,0.470030343029422,0.376201304986263,0.00759329492440808,"violation",1,50,0.302716065288689,0.501594493296846,0.366606055596467,0.466476151587624,0.523432498097263,0.0218380048004169,"violation at burn-in"
306,550,"reverse",0.355207373122859,0.436756577000303,0.457459748488983,0.484472960635345,0.44079688868815,0.00404031168784713,"violation in reverse orientation",1,0.453793103448276,1,2140,0.327463387206132,0.484049943522339,0.456399024840214,0.497446532471938,0.484473475884442,0.000423532362102796,"violation",1,550,0.355207373122859,0.436756577000303,0.457459748488983,0.484472960635345,0.44079688868815,0.00404031168784713,"violation"
307,480,"forward",0.501129745084473,0.23923060796792,0.495811449096888,0.3903123748999,0.316883089436207,0.0776524814682872,"violation in forward orientation",1,0.453793103448276,1,480,0.501129745084473,0.23923060796792,0.495811449096888,0.3903123748999,0.316883089436207,0.0776524814682872,"violation",1,2940,0.388699931747184,0.388007519518805,0.479860854737388,0.479661185703492,0.388300096992941,0.000292577474136413,"violation"
308,100,"forward",0.577680196938796,0.261683564317147,0.496386945839634,0.366606055596467,0.268257159744849,0.00657359542770175,"violation in forward orientation",1,0.453793103448276,1,100,0.577680196938796,0.261683564317147,0.496386945839634,0.366606055596467,0.268257159744849,0.00657359542770175,"violation",1,690,0.465571137768733,0.339455362201631,0.491859803147737,0.453020853051741,0.339470419718049,1.50575164179489e-05,"violation"
309,1020,"forward",0.398340959304875,0.382169045908886,0.477884612037409,0.472772707613506,0.382175979932667,6.93402378038055e-06,"violation in forward orientation",1,0.453793103448276,1,1020,0.398340959304875,0.382169045908886,0.477884612037409,0.472772707613506,0.382175979932667,6.93402378038055e-06,"violation",1,2160,0.469920607164975,0.335488866421993,0.495841546427119,0.459856242819815,0.336707575241848,0.00121870881985564,"violation"
310,490,"forward",0.441205467348987,0.353692847640232,0.484774429396723,0.455536536434407,0.354947838178858,0.00125499053862571,"violation in forward orientation",1,0.453793103448276,1,490,0.441205467348987,0.353692847640232,0.484774429396723,0.455536536434407,0.354947838178858,0.00125499053862571,"violation",1,1400,0.407130690174225,0.376359863359806,0.482025911743172,0.472734122970204,0.376592618568944,0.000232755209137681,"violation"
311,90,"forward",0.507348898454775,0.303158498150334,0.481894409826699,0.391420332306856,0.312932595256244,0.00977409710591026,"violation in forward orientation",1,0.453793103448276,1,90,0.507348898454775,0.303158498150334,0.481894409826699,0.391420332306856,0.312932595256244,0.00977409710591026,"violation",1,1060,0.464010057238318,0.339872335229329,0.493217616215735,0.457011941376089,0.340462040149747,0.000589704920417877,"violation"
312,2150,"reverse",0.434398995860104,0.358033173702577,0.48999266007019,0.468591666967672,0.359271405134341,0.00123823143176438,"violation in reverse orientation",1,0.453793103448276,1,3140,0.346361422367162,0.452801997446544,0.466007367589542,0.494123444102057,0.454722823507861,0.00192082606131666,"violation",1,2150,0.434398995860104,0.358033173702577,0.48999266007019,0.468591666967672,0.359271405134341,0.00123823143176438,"violation"
313,60,"forward",0.363298063516486,0.34236971261758,0.411973569810276,0.4,0.428059939299692,0.0856902266821115,"violation in forward orientation",1,0.453793103448276,1,60,0.363298063516486,0.34236971261758,0.411973569810276,0.4,0.428059939299692,0.0856902266821115,"violation",1,1160,0.451931077780875,0.34566903142695,0.491417875074691,0.460114723583697,0.348134778737349,0.00246574731039934,"violation"
314,830,"reverse",0.377729683754754,0.40142282656131,0.469819273246338,0.477534189978419,0.405340640003172,0.00391781344186276,"violation in reverse orientation",1,0.453793103448276,1,2290,0.27398872573377,0.567275487976404,0.430074254230702,0.498868114919382,0.568657151640338,0.00138166366393411,"violation",1,830,0.377729683754754,0.40142282656131,0.469819273246338,0.477534189978419,0.405340640003172,0.00391781344186276,"violation"
315,360,"reverse",0.30635923470909,0.502544339977845,0.428093317968044,0.494756455862158,0.517697157568378,0.0151528175905333,"violation in reverse orientation",1,0.453793103448276,1,1390,0.417304826847078,0.364901009881618,0.484629435942213,0.468709867077583,0.370129863058814,0.00522885317719624,"violation",1,360,0.30635923470909,0.502544339977845,0.428093317968044,0.494756455862158,0.517697157568378,0.0151528175905333,"violation"
316,600,"forward",0.427888445323763,0.361953927771505,0.482804308182932,0.461109772421082,0.363406998915481,0.00145307114397591,"violation in forward orientation",1,0.453793103448276,1,600,0.427888445323763,0.361953927771505,0.482804308182932,0.461109772421082,0.363406998915481,0.00145307114397591,"violation",1,1000,0.369878614467247,0.416261212393502,0.46837484987988,0.482804308182932,0.417700360533207,0.0014391481397048,"violation"
317,840,"reverse",0.515832417396144,0.306090701689702,0.498722858706034,0.439024312468883,0.307543744040011,0.00145304235030902,"violation in reverse orientation",1,0.453793103448276,1,870,0.32980319062516,0.47794326893706,0.450892744903404,0.49472845336444,0.480789988286082,0.00284671934902281,"violation",1,840,0.515832417396144,0.306090701689702,0.498722858706034,0.439024312468883,0.307543744040011,0.00145304235030902,"violation"
318,430,"forward",0.543986421834928,0.28888291618217,0.499345163401035,0.420981623484993,0.289659922230889,0.000777006048719664,"violation in forward orientation",1,0.453793103448276,1,430,0.543986421834928,0.28888291618217,0.499345163401035,0.420981623484993,0.289659922230889,0.000777006048719664,"violation",1,2410,0.43949579657306,0.355822690132553,0.49128508046275,0.468336078244271,0.356033845236057,0.000211155103503835,"violation"
319,170,"forward",0.517499539024263,0.306300530399672,0.49215295678475,0.412646115465778,0.306484764803283,0.000184234403611039,"violation in forward orientation",1,0.453793103448276,1,170,0.517499539024263,0.306300530399672,0.49215295678475,0.412646115465778,0.306484764803283,0.000184234403611039,"violation",1,1830,0.533217889202175,0.294316814707443,0.499985368115807,0.439586494949344,0.296500246461448,0.00218343175400482,"violation"
320,90,"forward",0.589508511541965,0.232572423955049,0.496903994999953,0.339934634239519,0.260743647017902,0.0281712230628539,"violation in forward orientation",1,0.453793103448276,1,90,0.589508511541965,0.232572423955049,0.496903994999953,0.339934634239519,0.260743647017902,0.0281712230628539,"violation",1,1660,0.423112385799961,0.365800377922825,0.486723129559618,0.470038203047364,0.366440819474085,0.000640441551260085,"violation"
321,400,"forward",0.371294392023413,0.405587015834187,0.460407428263272,0.472857007984443,0.415471541211137,0.00988452537695067,"violation in forward orientation",1,0.453793103448276,1,400,0.371294392023413,0.405587015834187,0.460407428263272,0.472857007984443,0.415471541211137,0.00988452537695067,"violation",1,760,0.419157774825281,0.36872934929135,0.482015548421073,0.465863806141426,0.368952844296322,0.000223495004972263,"violation"
322,510,"forward",0.495242037474176,0.319503403386164,0.495267880012356,0.440125108912885,0.32062304458169,0.00111964119552543,"violation in forward orientation",1,0.453793103448276,1,510,0.495242037474176,0.319503403386164,0.495267880012356,0.440125108912885,0.32062304458169,0.00111964119552543,"violation",1,3320,0.386465162866989,0.39105883785269,0.47962921382576,0.480936857899359,0.391588617626428,0.000529779773737249,"violation"
323,160,"reverse",0.29573068172561,0.501800453905321,0.404612082740988,0.488580533279827,0.534429393612135,0.032628939706814,"violation in reverse orientation",1,0.453793103448276,1,4000,0.329133930059115,0.479394869836608,0.460195338959447,0.497762430784004,0.48184358662475,0.0024487167881419,"violation",1,160,0.29573068172561,0.501800453905321,0.404612082740988,0.488580533279827,0.534429393612135,0.032628939706814,"violation"
324,370,"reverse",0.416929598224115,0.368384400612262,0.475675675675676,0.458257569495584,0.370368213587079,0.00198381297481764,"violation in reverse orientation",1,0.453793103448276,1,1480,0.381713532524106,0.39695535098731,0.474791869360779,0.479444147962346,0.39906897742831,0.00211362644100022,"violation",1,370,0.416929598224115,0.368384400612262,0.475675675675676,0.458257569495584,0.370368213587079,0.00198381297481764,"violation"
325,50,"reverse",0.302716065288689,0.478395081610861,0.366606055596467,0.458257569495584,0.523432498097263,0.0450374164864012,"violation in reverse orientation",1,0.453793103448276,1,690,0.362268614197057,0.428435634819507,0.462552755326111,0.483840964982385,0.429680572798395,0.00124493797888747,"violation",1,50,0.302716065288689,0.478395081610861,0.366606055596467,0.458257569495584,0.523432498097263,0.0450374164864012,"violation at burn-in"
326,480,"forward",0.486265621368714,0.316346939966849,0.493692858859523,0.43771819955563,0.326324991047731,0.00997805108088162,"violation in forward orientation",1,0.453793103448276,1,480,0.486265621368714,0.316346939966849,0.493692858859523,0.43771819955563,0.326324991047731,0.00997805108088162,"violation",1,680,0.504936568702427,0.313182826328511,0.497343722737819,0.440389003096629,0.31446494123316,0.00128211490464897,"violation"
327,160,"forward",0.521369530078241,0.302968040723733,0.49228421668788,0.409076704298839,0.304026491751479,0.00105845102774649,"violation in forward orientation",1,0.453793103448276,1,160,0.521369530078241,0.302968040723733,0.49228421668788,0.409076704298839,0.304026491751479,0.00105845102774649,"violation",1,2070,0.436429035860476,0.357582975706344,0.490288424692191,0.468239316088317,0.357981895014707,0.000398919308362389,"violation"
328,80,"reverse",0.308177297821902,0.497470093848425,0.3903123748999,0.476969600708473,0.514835031256988,0.0173649374085636,"violation in reverse orientation",1,0.453793103448276,1,160,0.380681875412019,0.387592559593228,0.449609205310567,0.452596674755792,0.400693086593734,0.0131005270005056,"violation",1,80,0.308177297821902,0.497470093848425,0.3903123748999,0.476969600708473,0.514835031256988,0.0173649374085636,"violation"
329,90,"reverse",0.289392299544533,0.543018751298959,0.382325567424117,0.489897948556636,0.544407732804139,0.00138898150518008,"violation in reverse orientation",1,0.453793103448276,1,820,0.413654057450311,0.363138338161388,0.48098278330375,0.46437000365812,0.372448883413448,0.00931054525205988,"violation",1,90,0.289392299544533,0.543018751298959,0.382325567424117,0.489897948556636,0.544407732804139,0.00138898150518008,"violation"
330,160,"forward",0.604317250201883,0.2365484833143,0.499960935974002,0.363092188706945,0.251336926777175,0.0147884434628748,"violation in forward orientation",1,0.453793103448276,1,160,0.604317250201883,0.2365484833143,0.499960935974002,0.363092188706945,0.251336926777175,0.0147884434628748,"violation",1,1090,0.572701442603992,0.271086772282022,0.499291645359366,0.422178868554692,0.271419734914169,0.000332962632147105,"violation"
331,510,"reverse",0.580134275219748,0.264452255715191,0.499753880217056,0.408558949510243,0.266698294512103,0.00224603879691226,"violation in reverse orientation",1,0.453793103448276,1,720,0.321446115708945,0.492361170794467,0.44510367775454,0.496078370824611,0.493946299436888,0.00158512864242016,"violation",1,510,0.580134275219748,0.264452255715191,0.499753880217056,0.408558949510243,0.266698294512103,0.00224603879691226,"violation"
332,1080,"forward",0.382761799118694,0.396115541605563,0.473332029210514,0.477548035489912,0.39741872041546,0.00130317880989694,"violation in forward orientation",1,0.453793103448276,1,1080,0.382761799118694,0.396115541605563,0.473332029210514,0.477548035489912,0.39741872041546,0.00130317880989694,"violation",1,1600,0.475760399079863,0.332693602974068,0.495999228200004,0.45688098491292,0.332998056823774,0.000304453849706232,"violation"
333,230,"forward",0.473088921273088,0.323376425712882,0.486023951738509,0.429181310582715,0.334695017310062,0.0113185915971794,"violation in forward orientation",1,0.453793103448276,1,230,0.473088921273088,0.323376425712882,0.486023951738509,0.429181310582715,0.334695017310062,0.0113185915971794,"violation",1,1570,0.463260801850324,0.340825190304645,0.494221548850768,0.460177748688314,0.34093797776912,0.000112787464475572,"violation"
334,440,"forward",0.44644960859803,0.351108672061771,0.485273842772654,0.45312847319843,0.351616685488175,0.000508013426403719,"violation in forward orientation",1,0.453793103448276,1,440,0.44644960859803,0.351108672061771,0.485273842772654,0.45312847319843,0.351616685488175,0.000508013426403719,"violation",1,2540,0.465480763340991,0.338910255075226,0.495553262673219,0.462103940775346,0.33952782683274,0.00061757175751409,"violation"
335,330,"reverse",0.378554829025733,0.397874881083014,0.460855195781083,0.468091096437243,0.404041636698973,0.00616675561595953,"violation in reverse orientation",1,0.453793103448276,1,2710,0.336777249812585,0.468838411169355,0.461562111523847,0.496095785005221,0.469810920421575,0.000972509252220422,"violation",1,330,0.378554829025733,0.397874881083014,0.460855195781083,0.468091096437243,0.404041636698973,0.00616675561595953,"violation"
336,240,"reverse",0.374606821048143,0.406011938391521,0.454529671443155,0.466796856839842,0.410256876109864,0.00424493771834328,"violation in reverse orientation",1,0.453793103448276,1,880,0.458887725228573,0.341664035166826,0.491666083017817,0.456246815906471,0.343715817888848,0.00205178272202183,"violation",1,240,0.374606821048143,0.406011938391521,0.454529671443155,0.466796856839842,0.410256876109864,0.00424493771834328,"violation"
337,170,"forward",0.299540084978558,0.517499539024263,0.408558949510243,0.49215295678475,0.528432355773283,0.0109328167490194,"violation in forward orientation",1,0.453793103448276,1,170,0.299540084978558,0.517499539024263,0.408558949510243,0.49215295678475,0.528432355773283,0.0109328167490194,"violation",1,660,0.571078061460387,0.270545365761566,0.499814014996355,0.416076717337973,0.2724509295765,0.00190556381493423,"violation"
338,50,"forward",0.612137383051339,0.185611725055255,0.493558507170123,0.271293199325011,0.246369467788972,0.0607577427337176,"violation in forward orientation",1,0.453793103448276,1,50,0.612137383051339,0.185611725055255,0.493558507170123,0.271293199325011,0.246369467788972,0.0607577427337176,"violation at burn-in",1,2990,0.446489578292228,0.351312658737041,0.493016067360018,0.467651820109867,0.351591296173118,0.000278637436077478,"violation"
339,710,"reverse",0.387739745464034,0.389202643520445,0.472064268586236,0.472553577443712,0.389582077610664,0.000379434090219011,"violation in reverse orientation",1,0.453793103448276,1,760,0.429984216806746,0.361867677800576,0.48479477052572,0.463245730307576,0.362075735228434,0.000208057427857511,"violation",1,710,0.387739745464034,0.389202643520445,0.472064268586236,0.472553577443712,0.389582077610664,0.000379434090219011,"violation"
340,90,"reverse",0.343591528449175,0.446262250701477,0.415739709641549,0.462948147911104,0.459083390644701,0.012821139943224,"violation in reverse orientation",1,0.453793103448276,1,500,0.401636927828466,0.376492446617727,0.47370877129308,0.464912895067452,0.380082334110719,0.00358988749299199,"violation",1,90,0.343591528449175,0.446262250701477,0.415739709641549,0.462948147911104,0.459083390644701,0.012821139943224,"violation"
341,820,"reverse",0.469816438526977,0.33253499806141,0.493278738987101,0.451588510952472,0.336773744633989,0.00423874657257889,"violation in reverse orientation",1,0.453793103448276,1,1810,0.328401241403599,0.48229599445745,0.455806462382712,0.496999329052833,0.482997038044687,0.000701043587237216,"violation",1,820,0.469816438526977,0.33253499806141,0.493278738987101,0.451588510952472,0.336773744633989,0.00423874657257889,"violation"
342,480,"forward",0.513824371979187,0.291646432919785,0.497279927595,0.424258953614679,0.308819282889185,0.0171728499693999,"violation in forward orientation",1,0.453793103448276,1,480,0.513824371979187,0.291646432919785,0.497279927595,0.424258953614679,0.308819282889185,0.0171728499693999,"violation",1,4040,0.44336495002093,0.353250165756657,0.493076203279936,0.469564567707936,0.353576104243499,0.000325938486841981,"violation"
343,160,"forward",0.495240586751941,0.288460711424568,0.487179381747627,0.4,0.320623966100971,0.0321632546764027,"violation in forward orientation",1,0.453793103448276,1,160,0.495240586751941,0.288460711424568,0.487179381747627,0.4,0.320623966100971,0.0321632546764027,"violation",1,820,0.349140642111341,0.43994756440658,0.458787878728345,0.487528885338359,0.450347574981616,0.010400010575036,"violation"
344,180,"forward",0.598972959072126,0.251161484001688,0.499969134849812,0.377573474167693,0.254731696088534,0.00357021208684688,"violation in forward orientation",1,0.453793103448276,1,180,0.598972959072126,0.251161484001688,0.499969134849812,0.377573474167693,0.254731696088534,0.00357021208684688,"violation",1,4000,0.467829243487079,0.337056072658599,0.496536441260861,0.463411196994635,0.338036039028763,0.000979966370163954,"violation"
345,940,"forward",0.304963565161383,0.519335153091174,0.43956128587266,0.499111932023363,0.519894321410682,0.000559168319508863,"violation in forward orientation",1,0.453793103448276,1,940,0.304963565161383,0.519335153091174,0.43956128587266,0.499111932023363,0.519894321410682,0.000559168319508863,"violation",1,4480,0.478553189753983,0.330935130257253,0.497797885064812,0.46140239440551,0.331224036688388,0.000288906431135605,"violation"
346,80,"forward",0.497470093848425,0.308177297821902,0.476969600708473,0.3903123748999,0.31920775166077,0.0110304538388687,"violation in forward orientation",1,0.453793103448276,1,80,0.497470093848425,0.308177297821902,0.476969600708473,0.3903123748999,0.31920775166077,0.0110304538388687,"violation",1,3240,0.397319184058254,0.382569481290355,0.482570784242688,0.478400935846055,0.382825026020561,0.000255544730206281,"violation"
347,1170,"forward",0.420324107770869,0.367608996859866,0.484615384615385,0.468613858160945,0.368211973113526,0.000602976253659571,"violation in forward orientation",1,0.453793103448276,1,1170,0.420324107770869,0.367608996859866,0.484615384615385,0.468613858160945,0.368211973113526,0.000602976253659571,"violation",1,2080,0.465054709375386,0.338616073100175,0.49511645236785,0.460934851687307,0.339798462337488,0.00118238923731301,"violation"
348,690,"forward",0.486230293967629,0.324167493833038,0.495137032072234,0.445964895581185,0.326347431512544,0.0021799376795068,"violation in forward orientation",1,0.453793103448276,1,690,0.486230293967629,0.324167493833038,0.495137032072234,0.445964895581185,0.326347431512544,0.0021799376795068,"violation",1,2210,0.38196122036421,0.397660214268315,0.476755618123132,0.481347589305383,0.398679049334409,0.00101883506609385,"violation"
349,50,"reverse",0.302716065288689,0.501594493296846,0.366606055596467,0.466476151587624,0.523432498097263,0.0218380048004169,"violation in reverse orientation",1,0.453793103448276,1,2240,0.336252033798195,0.468570276343698,0.460369602167096,0.495733551241522,0.47063775341948,0.00206747707578225,"violation",1,50,0.302716065288689,0.501594493296846,0.366606055596467,0.466476151587624,0.523432498097263,0.0218380048004169,"violation at burn-in"
350,820,"forward",0.363138338161388,0.426193573455659,0.46437000365812,0.484279947160619,0.428311390494207,0.00211781703854819,"violation in forward orientation",1,0.453793103448276,1,820,0.363138338161388,0.426193573455659,0.46437000365812,0.484279947160619,0.428311390494207,0.00211781703854819,"violation",1,1120,0.505299637658922,0.313876869190997,0.498383067928636,0.445609963752965,0.314234314697012,0.000357445506015019,"violation"
351,140,"forward",0.431537353493532,0.352089851249444,0.467024886807929,0.433012701892219,0.36108916083856,0.00899930958911593,"violation in forward orientation",1,0.453793103448276,1,140,0.431537353493532,0.352089851249444,0.467024886807929,0.433012701892219,0.36108916083856,0.00899930958911593,"violation",1,920,0.445339621754903,0.351191127511887,0.489221006107296,0.460591333159314,0.35232176482977,0.00113063731788265,"violation"
352,460,"reverse",0.455006092844119,0.34344655678899,0.487553011998189,0.450267721243652,0.346181485678416,0.00273492888942589,"violation in reverse orientation",1,0.453793103448276,1,1510,0.360070685243723,0.430601635807052,0.467439436942726,0.488061498316764,0.433140711362106,0.002539075555054,"violation",1,460,0.455006092844119,0.34344655678899,0.487553011998189,0.450267721243652,0.346181485678416,0.00273492888942589,"violation"
353,1720,"reverse",0.396382428221859,0.383293604408895,0.479966069987914,0.47604564535657,0.383420066576627,0.000126462167732544,"violation in reverse orientation",1,0.453793103448276,1,2850,0.321735391484423,0.493164288075965,0.455449003746688,0.498588466174908,0.493490900610296,0.000326612534330084,"violation",1,1720,0.396382428221859,0.383293604408895,0.479966069987914,0.47604564535657,0.383420066576627,0.000126462167732544,"violation"
354,350,"forward",0.364052147112251,0.424516375438763,0.455721003085288,0.477416516903474,0.42687280641898,0.00235643098021748,"violation in forward orientation",1,0.453793103448276,1,350,0.364052147112251,0.424516375438763,0.455721003085288,0.477416516903474,0.42687280641898,0.00235643098021748,"violation",1,4090,0.460026691051572,0.342795301386304,0.495590276904858,0.465735773200559,0.34299233068938,0.000197029303076579,"violation"
355,1150,"forward",0.322325259350029,0.490056856242086,0.449846854847997,0.496989804507597,0.492562287996961,0.002505431754875,"violation in forward orientation",1,0.453793103448276,1,1150,0.322325259350029,0.490056856242086,0.449846854847997,0.496989804507597,0.492562287996961,0.002505431754875,"violation",1,3130,0.472882330802407,0.334683045990306,0.49679185953581,0.461394950614096,0.334826246498903,0.000143200508597063,"violation"
356,110,"forward",0.510487804411299,0.305937471255794,0.485832335123178,0.4,0.310938717798274,0.00500124654248024,"violation in forward orientation",1,0.453793103448276,1,110,0.510487804411299,0.305937471255794,0.485832335123178,0.4,0.310938717798274,0.00500124654248024,"violation",1,160,0.527856174668703,0.295730681725611,0.493354271796647,0.404612082740988,0.29990608336527,0.00417540163965968,"violation"
357,780,"forward",0.441811930925544,0.351608446018337,0.487692038070512,0.45936811644223,0.354562603937652,0.00295415791931486,"violation in forward orientation",1,0.453793103448276,1,780,0.441811930925544,0.351608446018337,0.487692038070512,0.45936811644223,0.354562603937652,0.00295415791931486,"violation",1,820,0.53144918178125,0.292641801409881,0.499570011421542,0.431595341685822,0.297623754430521,0.00498195302064008,"violation"
358,610,"reverse",0.619726435274745,0.240455324087259,0.496307245044309,0.394996929832026,0.241548794482672,0.0010934703954126,"violation in reverse orientation",1,0.453793103448276,1,5690,0.347167297870926,0.453141289274858,0.468555143853918,0.495108002097772,0.453454156063494,0.000312866788636013,"violation",1,610,0.619726435274745,0.240455324087259,0.496307245044309,0.394996929832026,0.241548794482672,0.0010934703954126,"violation"
359,1070,"reverse",0.47692457146676,0.330960275164203,0.495193951421033,0.453197797340982,0.332258558058416,0.00129828289421369,"violation in reverse orientation",1,0.453793103448276,1,2310,0.339260336113673,0.464454240816006,0.46176010100996,0.495239608873659,0.465901866557761,0.00144762574175483,"violation",1,1070,0.47692457146676,0.330960275164203,0.495193951421033,0.453197797340982,0.332258558058416,0.00129828289421369,"violation"
360,670,"forward",0.330313325683835,0.478777701811251,0.448558990756964,0.493939658989943,0.479986896818295,0.00120919500704425,"violation in forward orientation",1,0.453793103448276,1,670,0.330313325683835,0.478777701811251,0.448558990756964,0.493939658989943,0.479986896818295,0.00120919500704425,"violation",1,3420,0.498679800591841,0.318075107389767,0.499109702908177,0.454730445861449,0.318439328828147,0.000364221438379386,"violation"
361,160,"forward",0.495240586751941,0.317349074358807,0.487179381747627,0.417582327212252,0.320623966100971,0.00327489174216428,"violation in forward orientation",1,0.453793103448276,1,160,0.495240586751941,0.317349074358807,0.487179381747627,0.417582327212252,0.320623966100971,0.00327489174216428,"violation",1,3080,0.496311822964346,0.319330850991742,0.498880408684286,0.454777306360861,0.319943501708072,0.000612650716329821,"violation"
362,850,"reverse",0.420248751436414,0.36674200443504,0.482962312355436,0.46602047863285,0.368259840522957,0.00151783608791684,"violation in reverse orientation",1,0.453793103448276,1,2340,0.330634658266441,0.478523667263974,0.458257569495584,0.496998809349676,0.479481031849747,0.000957364585772225,"violation",1,850,0.420248751436414,0.36674200443504,0.482962312355436,0.46602047863285,0.368259840522957,0.00151783608791684,"violation"
363,290,"forward",0.478254401816586,0.327985775271589,0.489181412383142,0.435958086324941,0.33141383101206,0.003428055740471,"violation in forward orientation",1,0.453793103448276,1,290,0.478254401816586,0.327985775271589,0.489181412383142,0.435958086324941,0.33141383101206,0.003428055740471,"violation",1,1560,0.440773836228376,0.353527656707703,0.490286566366817,0.465176191231762,0.355222016371344,0.00169435966364151,"violation"
364,1360,"forward",0.347625778437732,0.452352282865884,0.462008178600147,0.49202056301446,0.452732382828962,0.000380099963078806,"violation in forward orientation",1,0.453793103448276,1,1360,0.347625778437732,0.452352282865884,0.462008178600147,0.49202056301446,0.452732382828962,0.000380099963078806,"violation",1,2360,0.482286724079497,0.328345610619188,0.497407816638278,0.457327075210068,0.328852442880449,0.000506832261260748,"violation"
365,390,"forward",0.28090572628874,0.554838399053484,0.414592470387851,0.499677739672279,0.557767909597658,0.00292951054417412,"violation in forward orientation",1,0.453793103448276,1,390,0.28090572628874,0.554838399053484,0.414592470387851,0.499677739672279,0.557767909597658,0.00292951054417412,"violation",1,1390,0.531525022176806,0.296198230368515,0.499898545682385,0.438476667215199,0.297575579538633,0.00137734917011806,"violation"
366,760,"forward",0.460965355966286,0.339830276348838,0.491443405183766,0.454126585522881,0.342396077459766,0.00256580111092802,"violation in forward orientation",1,0.453793103448276,1,760,0.460965355966286,0.339830276348838,0.491443405183766,0.454126585522881,0.342396077459766,0.00256580111092802,"violation",1,1650,0.442219683644527,0.354226388943644,0.490744828485265,0.4657704893618,0.354303593643599,7.72046999549247e-05,"violation"
367,650,"forward",0.415539304485446,0.370758848037756,0.48,0.46527716496373,0.371251347833177,0.000492499795421486,"violation in forward orientation",1,0.453793103448276,1,650,0.415539304485446,0.370758848037756,0.48,0.46527716496373,0.371251347833177,0.000492499795421486,"violation",1,1320,0.50529133098013,0.31298042959323,0.49862011151843,0.446514277487294,0.314239591216865,0.00125916162363499,"violation"
368,160,"forward",0.508341802636892,0.310173845011429,0.489897948556636,0.413398642353842,0.312301888476854,0.00212804346542506,"violation in forward orientation",1,0.453793103448276,1,160,0.508341802636892,0.310173845011429,0.489897948556636,0.413398642353842,0.312301888476854,0.00212804346542506,"violation",1,830,0.381479262836436,0.398934800295268,0.471119771877813,0.476779733431551,0.399437781697159,0.000502981401890756,"violation"
369,50,"forward",0.478395081610861,0.329560327676681,0.458257569495584,0.384187454245971,0.331324469217065,0.0017641415403839,"violation in forward orientation",1,0.453793103448276,1,50,0.478395081610861,0.329560327676681,0.458257569495584,0.384187454245971,0.331324469217065,0.0017641415403839,"violation at burn-in",1,3350,0.484508823110704,0.327314136698059,0.498044382286916,0.458647366715297,0.327440934148086,0.000126797450026361,"violation"
370,1680,"forward",0.354845404636142,0.441251304416166,0.466107536763422,0.490613422780344,0.441366725632988,0.000115421216822398,"violation in forward orientation",1,0.453793103448276,1,1680,0.354845404636142,0.441251304416166,0.466107536763422,0.490613422780344,0.441366725632988,0.000115421216822398,"violation",1,1860,0.407609939005983,0.375739032689278,0.48334977904491,0.473998448148584,0.376288192932867,0.000549160243588698,"violation"
371,1450,"forward",0.362392648144936,0.428108496937089,0.468051848302266,0.487357894163588,0.429485309595908,0.00137681265881962,"violation in forward orientation",1,0.453793103448276,1,1450,0.362392648144936,0.428108496937089,0.468051848302266,0.487357894163588,0.429485309595908,0.00137681265881962,"violation",1,2080,0.53943477077679,0.292397485569801,0.49998127738615,0.43947251867956,0.292551195358235,0.000153709788434542,"violation"
372,1320,"reverse",0.561438788154939,0.278080212531122,0.499641170598669,0.428093317968044,0.278573932310939,0.000493719779816826,"violation in reverse orientation",1,0.453793103448276,1,2410,0.371959882424479,0.414244905829011,0.473932492417453,0.48591479372049,0.414423878138581,0.000178972309570258,"violation",1,1320,0.561438788154939,0.278080212531122,0.499641170598669,0.428093317968044,0.278573932310939,0.000493719779816826,"violation"
373,50,"forward",0.633238465893974,0.216786995012799,0.496386945839634,0.3,0.232965761529079,0.0161787665162795,"violation in forward orientation",1,0.453793103448276,1,50,0.633238465893974,0.216786995012799,0.496386945839634,0.3,0.232965761529079,0.0161787665162795,"violation at burn-in",1,1750,0.446260986059989,0.351686193664232,0.491675685377909,0.465138645119575,0.351736501192077,5.03075278449061e-05,"violation"
374,120,"forward",0.550531010507825,0.281590846830816,0.49434299833213,0.386939558874797,0.285502706943999,0.00391186011318267,"violation in forward orientation",1,0.453793103448276,1,120,0.550531010507825,0.281590846830816,0.49434299833213,0.386939558874797,0.285502706943999,0.00391186011318267,"violation",1,2360,0.439073424739839,0.354028448526556,0.49115251049598,0.467577785960352,0.356302141798237,0.0022736932716812,"violation"
375,230,"forward",0.427263172673588,0.361688939710557,0.473414177002303,0.44814256440783,0.36380418094627,0.00211524123571288,"violation in forward orientation",1,0.453793103448276,1,230,0.427263172673588,0.361688939710557,0.473414177002303,0.44814256440783,0.36380418094627,0.00211524123571288,"violation",1,830,0.383977177643347,0.393954566276051,0.471969402454178,0.475230574867318,0.395505383728085,0.00155081745203439,"violation"
376,1750,"forward",0.354627632585176,0.441044279847971,0.466255251105737,0.490697462801674,0.441709558130144,0.000665278282172943,"violation in forward orientation",1,0.453793103448276,1,1750,0.354627632585176,0.441044279847971,0.466255251105737,0.490697462801674,0.441709558130144,0.000665278282172943,"violation",1,3830,0.433032480716938,0.35964513049285,0.491135416112047,0.471619471824922,0.360139434880269,0.000494304387418598,"violation"
377,60,"reverse",0.277090389131333,0.556383151271119,0.357071421427142,0.486198404860494,0.563774289017648,0.00739113774652911,"violation in reverse orientation",1,0.453793103448276,1,1070,0.443685584940236,0.353331359399117,0.489512690815454,0.462608326175166,0.353372432407931,4.10730088138966e-05,"violation",1,60,0.277090389131333,0.556383151271119,0.357071421427142,0.486198404860494,0.563774289017648,0.00739113774652911,"violation"
378,80,"forward",0.369072457693506,0.398537587753285,0.42555111326373,0.439992897669951,0.418969470773093,0.0204318830198085,"violation in forward orientation",1,0.453793103448276,1,80,0.369072457693506,0.398537587753285,0.42555111326373,0.439992897669951,0.418969470773093,0.0204318830198085,"violation",1,2760,0.457317608784804,0.343844533850588,0.494560704974902,0.464458131382801,0.344713178060506,0.000868644209917946,"violation"
379,380,"reverse",0.356327716274273,0.43404979321159,0.453518103674055,0.480909802589994,0.43903316355185,0.00498337034025936,"violation in reverse orientation",1,0.453793103448276,1,1920,0.33219972723588,0.476148196220076,0.457801538075058,0.496399525734368,0.477017187198257,0.000868990978181383,"violation",1,380,0.356327716274273,0.43404979321159,0.453518103674055,0.480909802589994,0.43903316355185,0.00498337034025936,"violation"
380,820,"reverse",0.471056888395674,0.33253499806141,0.493479192333287,0.451588510952472,0.335985793333379,0.00345079527196901,"violation in reverse orientation",1,0.453793103448276,1,1840,0.309696733531596,0.51191322125549,0.447332133134423,0.499374608885954,0.512443025780097,0.000529804524606714,"violation",1,820,0.471056888395674,0.33253499806141,0.493479192333287,0.451588510952472,0.335985793333379,0.00345079527196901,"violation"
381,1080,"reverse",0.497981225663963,0.316387186168663,0.497676356510839,0.446514277487294,0.318883073502467,0.00249588733380413,"violation in reverse orientation",1,0.453793103448276,1,2430,0.338195276625587,0.466358645711183,0.461591200467982,0.495590814976606,0.46757856015688,0.00121991444569736,"violation",1,1080,0.497981225663963,0.316387186168663,0.497676356510839,0.446514277487294,0.318883073502467,0.00249588733380413,"violation"
382,480,"forward",0.460647482412104,0.340839598061435,0.489028941429396,0.449609205310567,0.342597995237153,0.00175839717571824,"violation in forward orientation",1,0.453793103448276,1,480,0.460647482412104,0.340839598061435,0.489028941429396,0.449609205310567,0.342597995237153,0.00175839717571824,"violation",1,1230,0.450388163419539,0.347762454583802,0.491334789196084,0.461381934744423,0.34911485976152,0.00135240517771751,"violation"
383,2040,"reverse",0.531963215987122,0.296445815852704,0.499988225543792,0.441437558909518,0.297297232632828,0.000851416780123793,"violation in reverse orientation",1,0.453793103448276,1,2210,0.308494402733359,0.51429467457466,0.447928148862374,0.499603454471305,0.51433582179382,4.11472191607087e-05,"violation",1,2040,0.531963215987122,0.296445815852704,0.499988225543792,0.441437558909518,0.297297232632828,0.000851416780123793,"violation"
384,200,"forward",0.518152849121887,0.291000455589862,0.493558507170123,0.407308237088326,0.306069772989334,0.0150693173994715,"violation in forward orientation",1,0.453793103448276,1,200,0.518152849121887,0.291000455589862,0.493558507170123,0.407308237088326,0.306069772989334,0.0150693173994715,"violation",1,1130,0.506375849228435,0.311191521831237,0.4984815222463,0.444371170681225,0.31355068988691,0.00235916805567388,"violation"
385,560,"reverse",0.607988737745614,0.247509739954434,0.497839720949526,0.398654465236577,0.249004745962568,0.00149500600813438,"violation in reverse orientation",1,0.453793103448276,1,850,0.432321910695343,0.358168826344823,0.48596210711348,0.46273446315463,0.360590799007767,0.00242197266294425,"violation",1,560,0.607988737745614,0.247509739954434,0.497839720949526,0.398654465236577,0.249004745962568,0.00149500600813438,"violation"
386,590,"reverse",0.486874957488021,0.324892018685428,0.494659790115877,0.444572103342509,0.325937932126743,0.00104591344131494,"violation in reverse orientation",1,0.453793103448276,1,4060,0.340995401192603,0.463085997419824,0.465014193754468,0.495976861995825,0.463170401748104,8.44043282798856e-05,"violation",1,590,0.486874957488021,0.324892018685428,0.494659790115877,0.444572103342509,0.325937932126743,0.00104591344131494,"violation"
387,900,"reverse",0.470631037307124,0.334347711482413,0.493737322075085,0.453246178986025,0.336256299967752,0.00190858848533915,"violation in reverse orientation",1,0.453793103448276,1,1020,0.42751705890588,0.362892876160997,0.485723715576967,0.465944201017815,0.363642908820737,0.000750032659740607,"violation",1,900,0.470631037307124,0.334347711482413,0.493737322075085,0.453246178986025,0.336256299967752,0.00190858848533915,"violation"
388,530,"forward",0.527361279373238,0.299816478061908,0.498713189258736,0.430254877395901,0.300220447856386,0.00040396979447771,"violation in forward orientation",1,0.453793103448276,1,530,0.527361279373238,0.299816478061908,0.498713189258736,0.430254877395901,0.300220447856386,0.00040396979447771,"violation",1,740,0.414676782507189,0.371250290010348,0.480625353534528,0.466580351334342,0.371799233992645,0.000548943982296712,"violation"
389,340,"forward",0.500191737845776,0.310764296156776,0.494117647058823,0.429562825967619,0.317478924900715,0.0067146287439383,"violation in forward orientation",1,0.453793103448276,1,340,0.500191737845776,0.310764296156776,0.494117647058823,0.429562825967619,0.317478924900715,0.0067146287439383,"violation",1,3680,0.535036940623572,0.294709802948563,0.499946166170917,0.444015752181446,0.295344759271247,0.0006349563226834,"violation"
390,220,"reverse",0.367343777157797,0.421332357188746,0.449885201151223,0.470866091402915,0.421690884573512,0.000358527384766605,"violation in reverse orientation",1,0.453793103448276,1,610,0.330315696899404,0.476737898243096,0.447540983606557,0.493235619125586,0.47998316387942,0.00324526563632455,"violation",1,220,0.367343777157797,0.421332357188746,0.449885201151223,0.470866091402915,0.421690884573512,0.000358527384766605,"violation"
391,190,"reverse",0.352885350316029,0.438774439301002,0.440347382386356,0.47441464150842,0.444452384762098,0.0056779454610969,"violation in reverse orientation",1,0.453793103448276,1,560,0.453248252826448,0.347242313839542,0.488385511827762,0.454256372592412,0.347298090519242,5.57766797001369e-05,"violation",1,190,0.352885350316029,0.438774439301002,0.440347382386356,0.47441464150842,0.444452384762098,0.0056779454610969,"violation"
392,270,"reverse",0.515109264026693,0.306367949035076,0.49502324286233,0.422952584681651,0.308003101288038,0.00163515225296207,"violation in reverse orientation",1,0.453793103448276,1,480,0.454215488495063,0.345271795219038,0.48765577995367,0.451612658210059,0.346683688742665,0.00141189352362758,"violation",1,270,0.515109264026693,0.306367949035076,0.49502324286233,0.422952584681651,0.308003101288038,0.00163515225296207,"violation"
393,530,"forward",0.368024008651649,0.419272936629836,0.462260300330516,0.479557170835428,0.420620015007617,0.00134707837778092,"violation in forward orientation",1,0.453793103448276,1,530,0.368024008651649,0.419272936629836,0.462260300330516,0.479557170835428,0.420620015007617,0.00134707837778092,"violation",1,1380,0.412816549149805,0.37267980509523,0.483460970044962,0.471404520791032,0.372980880531033,0.000301075435803044,"violation"
394,820,"forward",0.369485312253819,0.411141989464207,0.466757837897285,0.480283477664297,0.418319525294566,0.00717753583035885,"violation in forward orientation",1,0.453793103448276,1,820,0.369485312253819,0.411141989464207,0.466757837897285,0.480283477664297,0.418319525294566,0.00717753583035885,"violation",1,1070,0.363991778843252,0.425553167823337,0.466692141267599,0.48547871207291,0.426967842509783,0.00141467468644635,"violation"
395,480,"forward",0.555837164642657,0.266717565160006,0.499891481279243,0.409076704298839,0.282132162791198,0.0154145976311922,"violation in forward orientation",1,0.453793103448276,1,480,0.555837164642657,0.266717565160006,0.499891481279243,0.409076704298839,0.282132162791198,0.0154145976311922,"violation",1,980,0.476405020551999,0.331514022714141,0.494871659305393,0.452716360749527,0.33258858414762,0.00107456143347845,"violation"
396,80,"forward",0.960399815732986,0.01728376158583,0.357071421427142,0.0559016994374947,0.0251482449809608,0.00786448339513078,"violation in forward orientation",1,0.453793103448276,1,80,0.960399815732986,0.01728376158583,0.357071421427142,0.0559016994374947,0.0251482449809608,0.00786448339513078,"violation",1,140,0.285876857552742,0.522975342090722,0.394541842275471,0.491301893971933,0.549941995586309,0.0269666534955864,"violation"
397,1090,"forward",0.375591323137856,0.408646850285074,0.470970252463461,0.48121080767943,0.40870700178772,6.01515026459332e-05,"violation in forward orientation",1,0.453793103448276,1,1090,0.375591323137856,0.408646850285074,0.470970252463461,0.48121080767943,0.40870700178772,6.01515026459332e-05,"violation",1,1420,0.426775607090471,0.363985050514648,0.486975268082337,0.468506259780254,0.364113889500436,0.000128838985787971,"violation"
398,50,"reverse",0.246504271019468,0.590712364249548,0.324961536185438,0.489897948556636,0.611925166066053,0.0212128018165042,"violation in reverse orientation",1,0.453793103448276,1,690,0.386454498971801,0.389467403226492,0.471404520791032,0.472419309724738,0.391605405500723,0.00213800227423111,"violation",1,50,0.246504271019468,0.590712364249548,0.324961536185438,0.489897948556636,0.611925166066053,0.0212128018165042,"violation at burn-in"
399,1250,"forward",0.396864369551974,0.382887602398425,0.478573881443607,0.47424618079643,0.383113930627514,0.000226328229088857,"violation in forward orientation",1,0.453793103448276,1,1250,0.396864369551974,0.382887602398425,0.478573881443607,0.47424618079643,0.383113930627514,0.000226328229088857,"violation",1,1850,0.437227685501897,0.356626312144406,0.490117381328098,0.467304722245734,0.357474581466961,0.000848269322555217,"violation"
400,1130,"forward",0.390171486733321,0.385615264196161,0.475984456587929,0.474538492099413,0.387365344453152,0.00175008025699114,"violation in forward orientation",1,0.453793103448276,1,1130,0.390171486733321,0.385615264196161,0.475984456587929,0.474538492099413,0.387365344453152,0.00175008025699114,"violation",1,2120,0.474198536222778,0.333866765638469,0.496341187674065,0.459076417380998,0.333990174200438,0.000123408561969074,"violation"
