"trial","stopped_at_n","selected_direction","T1_","T2_","s1","s2","beta_allowed","margin","reason","violation","eps","fwd_violation","fwd_stopped_at_n","fwd_T1_","fwd_T2_","fwd_s1","fwd_s2","fwd_beta_allowed","fwd_margin","fwd_reason","rev_violation","rev_stopped_at_n","rev_T1_","rev_T2_","rev_s1","rev_s2","rev_beta_allowed","rev_margin","rev_reason"
1,50,"reverse",0.246504271019468,0.694644991687999,0.324961536185438,0.5,0.751008319869825,0.0563633281818261,"violation in reverse orientation",1,0.01,1,80,0.642042346118264,0.354108657851495,0.499843725578305,0.417582327212252,0.354386015216517,0.000277357365022435,"violation",1,50,0.246504271019468,0.694644991687999,0.324961536185438,0.5,0.751008319869825,0.0563633281818261,"violation at burn-in"
2,50,"reverse",0.0275269587093167,0.790712364249548,0.0707106781186548,0.489897948556636,0.972186390756336,0.181474026506787,"violation in reverse orientation",1,0.01,1,80,0.786130300599852,0.174864243211402,0.480722113075735,0.282566363886433,0.211731759836764,0.0368675166253612,"violation",1,50,0.0275269587093167,0.790712364249548,0.0707106781186548,0.489897948556636,0.972186390756336,0.181474026506787,"violation at burn-in"
3,50,"forward",0.524410079701748,0.454790769027509,0.47370877129308,0.448998886412873,0.470847821025727,0.0160570519982182,"violation in forward orientation",1,0.01,1,50,0.524410079701748,0.454790769027509,0.47370877129308,0.448998886412873,0.470847821025727,0.0160570519982182,"violation at burn-in",1,120,0.25103315076085,0.732284822975348,0.365053268563492,0.488122821520249,0.746433924130338,0.0141491011549899,"violation"
4,50,"forward",0.694644991687999,0.275078575707952,0.5,0.346987031457949,0.302306774715435,0.0272281990074827,"violation in forward orientation",1,0.01,1,50,0.694644991687999,0.275078575707952,0.5,0.346987031457949,0.302306774715435,0.0272281990074827,"violation at burn-in",1,80,0.354108657851495,0.616655263867034,0.417582327212252,0.498591766879478,0.642322490971147,0.0256672271041126,"violation"
5,50,"forward",0.612137383051339,0.152451248673278,0.493558507170123,0.237486841740758,0.383993418929201,0.231542170255923,"violation in forward orientation",1,0.01,1,50,0.612137383051339,0.152451248673278,0.493558507170123,0.237486841740758,0.383993418929201,0.231542170255923,"violation at burn-in",1,50,0.185611725055255,0.654021127930363,0.271293199325011,0.498397431775084,0.812512846095159,0.158491718164796,"violation at burn-in"
6,50,"forward",0.674489213358372,0.185611725055255,0.499599839871872,0.271293199325011,0.322261999699767,0.136650274644512,"violation in forward orientation",1,0.01,1,50,0.674489213358372,0.185611725055255,0.499599839871872,0.271293199325011,0.322261999699767,0.136650274644512,"violation at burn-in",1,90,0.330249254092939,0.623601442490622,0.408097059382377,0.499505928733089,0.666421685724005,0.0428202432333826,"violation"
7,60,"forward",0.694529912104096,0.25432432379694,0.499722145018832,0.339934634239519,0.302420709238346,0.0480963854414062,"violation in forward orientation",1,0.01,1,60,0.694529912104096,0.25432432379694,0.499722145018832,0.339934634239519,0.302420709238346,0.0480963854414062,"violation",1,70,0.133747440669977,0.838923452768526,0.232115382989599,0.464230765979198,0.86489837520421,0.0259749224356843,"violation"
8,50,"reverse",0.275078575707952,0.674489213358372,0.346987031457949,0.499599839871872,0.722146838644908,0.0476576252865357,"violation in reverse orientation",1,0.01,1,90,0.743018751298959,0.155964483968887,0.489897948556636,0.267821573182088,0.254414342054782,0.0984498580858946,"violation",1,50,0.275078575707952,0.674489213358372,0.346987031457949,0.499599839871872,0.722146838644908,0.0476576252865357,"violation at burn-in"
9,50,"forward",0.772137383051339,0.152451248673278,0.493558507170123,0.237486841740758,0.225585445529334,0.073134196856056,"violation in forward orientation",1,0.01,1,50,0.772137383051339,0.152451248673278,0.493558507170123,0.237486841740758,0.225585445529334,0.073134196856056,"violation at burn-in",1,80,0.210195306156735,0.751467297585606,0.315980616494113,0.489897948556636,0.787682195896082,0.0362148983104758,"violation"
10,50,"forward",0.753238465893974,0.152451248673278,0.496386945839634,0.237486841740758,0.244296315319024,0.0918450666457453,"violation in forward orientation",1,0.01,1,50,0.753238465893974,0.152451248673278,0.496386945839634,0.237486841740758,0.244296315319024,0.0918450666457453,"violation at burn-in",1,50,0.355715993350399,0.633238465893974,0.4,0.496386945839634,0.640699001481918,0.00746053558794491,"violation at burn-in"
11,60,"reverse",0.230926430345563,0.727070094348715,0.321022671404304,0.49749371855331,0.766742720445314,0.0396726260965984,"violation in reverse orientation",1,0.01,1,90,0.700619622653076,0.232572423955049,0.496903994999953,0.339934634239519,0.296391592321748,0.0638191683666991,"violation",1,60,0.230926430345563,0.727070094348715,0.321022671404304,0.49749371855331,0.766742720445314,0.0396726260965984,"violation"
12,50,"forward",0.654021127930363,0.216786995012799,0.498397431775085,0.3,0.342526424274931,0.125739429262132,"violation in forward orientation",1,0.01,1,50,0.654021127930363,0.216786995012799,0.498397431775085,0.3,0.342526424274931,0.125739429262132,"violation at burn-in",1,50,0.381261936620275,0.546859192020479,0.41424630354416,0.48,0.614896317213858,0.0680371251933791,"violation at burn-in"
13,50,"forward",0.694644991687999,0.275078575707952,0.5,0.346987031457949,0.302306774715435,0.0272281990074827,"violation in forward orientation",1,0.01,1,50,0.694644991687999,0.275078575707952,0.5,0.346987031457949,0.302306774715435,0.0272281990074827,"violation at burn-in",1,80,0.276559731956136,0.715878168740764,0.368908864084343,0.496078370824611,0.720650796528952,0.00477262778818743,"violation"
14,50,"reverse",0.216786995012799,0.654021127930363,0.3,0.498397431775084,0.781024259465647,0.127003131535284,"violation in reverse orientation",1,0.01,1,50,0.654021127930363,0.216786995012799,0.498397431775085,0.3,0.342526424274931,0.125739429262132,"violation at burn-in",1,50,0.216786995012799,0.654021127930363,0.3,0.498397431775084,0.781024259465647,0.127003131535284,"violation at burn-in"
15,50,"reverse",0.0745005976726397,0.654021127930363,0.14,0.498397431775084,0.92474065887288,0.270719530942517,"violation in reverse orientation",1,0.01,1,100,0.754629046470215,0.236241940338561,0.485386443980464,0.346987031457949,0.242919571250701,0.00667763091214013,"violation",1,50,0.0745005976726397,0.654021127930363,0.14,0.498397431775084,0.92474065887288,0.270719530942517,"violation at burn-in"
16,60,"forward",0.74303982794241,0.25432432379694,0.495535624910617,0.339934634239519,0.254393475127437,6.91513304971192e-05,"violation in forward orientation",1,0.01,1,60,0.74303982794241,0.25432432379694,0.495535624910617,0.339934634239519,0.254393475127437,6.91513304971192e-05,"violation",1,90,0.261362863693741,0.678976500805676,0.362433476228891,0.498887651569859,0.73600039585654,0.0570238950508638,"violation"
17,50,"forward",0.674489213358372,0.185611725055255,0.499599839871872,0.271293199325011,0.322261999699767,0.136650274644512,"violation in forward orientation",1,0.01,1,50,0.674489213358372,0.185611725055255,0.499599839871872,0.271293199325011,0.322261999699767,0.136650274644512,"violation at burn-in",1,50,0.152451248673278,0.844410079701748,0.237486841740758,0.47370877129308,0.846006590805365,0.00159651110361769,"violation at burn-in"
18,80,"reverse",0.338978878076396,0.642042346118264,0.409076704298839,0.499843725578305,0.657604327560933,0.0155619814426685,"violation in reverse orientation",1,0.01,1,90,0.732531618198095,0.202857682846242,0.492035329455212,0.314269680527354,0.264797126437797,0.061939443591555,"violation",1,80,0.338978878076396,0.642042346118264,0.409076704298839,0.499843725578305,0.657604327560933,0.0155619814426685,"violation"
19,50,"forward",0.734021127930363,0.185611725055255,0.498397431775084,0.271293199325011,0.263322437574998,0.0777107125197433,"violation in forward orientation",1,0.01,1,50,0.734021127930363,0.185611725055255,0.498397431775084,0.271293199325011,0.263322437574998,0.0777107125197433,"violation at burn-in",1,50,0.246504271019468,0.674489213358372,0.324961536185438,0.499599839871872,0.751008319869825,0.0765191065114529,"violation at burn-in"
20,50,"reverse",0.185611725055255,0.674489213358372,0.271293199325011,0.499599839871872,0.812512846095159,0.138023632736787,"violation in reverse orientation",1,0.01,1,50,0.590712364249548,0.355715993350399,0.489897948556636,0.4,0.405205255231987,0.0494892618815881,"violation at burn-in",1,50,0.185611725055255,0.674489213358372,0.271293199325011,0.499599839871872,0.812512846095159,0.138023632736787,"violation at burn-in"
21,50,"forward",0.734021127930363,0.185611725055255,0.498397431775084,0.271293199325011,0.263322437574998,0.0777107125197433,"violation in forward orientation",1,0.01,1,50,0.734021127930363,0.185611725055255,0.498397431775084,0.271293199325011,0.263322437574998,0.0777107125197433,"violation at burn-in",1,70,0.219286761535403,0.77493133917732,0.318157963590287,0.486763572497166,0.77849936987182,0.00356803069450018,"violation"
22,50,"forward",0.674489213358372,0.246504271019468,0.499599839871872,0.324961536185438,0.322261999699767,0.0757577286802988,"violation in forward orientation",1,0.01,1,50,0.674489213358372,0.246504271019468,0.499599839871872,0.324961536185438,0.322261999699767,0.0757577286802988,"violation at burn-in",1,70,0.199008410223142,0.77493133917732,0.3,0.486763572497166,0.798981522002961,0.0240501828256408,"violation"
23,50,"reverse",0.185611725055255,0.654021127930363,0.271293199325011,0.498397431775084,0.812512846095159,0.158491718164796,"violation in reverse orientation",1,0.01,1,50,0.861594493296846,0.116284945699819,0.466476151587624,0.195959179422654,0.13701844840309,0.0207335027032704,"violation at burn-in",1,50,0.185611725055255,0.654021127930363,0.271293199325011,0.498397431775084,0.812512846095159,0.158491718164796,"violation at burn-in"
24,50,"forward",0.753238465893974,0.185611725055255,0.496386945839634,0.271293199325011,0.244296315319024,0.0586845902637688,"violation in forward orientation",1,0.01,1,50,0.753238465893974,0.185611725055255,0.496386945839634,0.271293199325011,0.244296315319024,0.0586845902637688,"violation at burn-in",1,50,0.355715993350399,0.590712364249548,0.4,0.489897948556636,0.640699001481918,0.0499866372323702,"violation at burn-in"
25,50,"reverse",0.246504271019468,0.590712364249548,0.324961536185438,0.489897948556636,0.751008319869825,0.160295955620277,"violation in reverse orientation",1,0.01,1,50,0.734021127930363,0.246504271019468,0.498397431775084,0.324961536185438,0.263322437574998,0.0168181665555299,"violation at burn-in",1,50,0.246504271019468,0.590712364249548,0.324961536185438,0.489897948556636,0.751008319869825,0.160295955620277,"violation at burn-in"
26,50,"forward",0.826859192020479,0.116284945699819,0.48,0.195959179422654,0.171408127656984,0.0551231819571645,"violation in forward orientation",1,0.01,1,50,0.826859192020479,0.116284945699819,0.48,0.195959179422654,0.171408127656984,0.0551231819571645,"violation at burn-in",1,120,0.350374561746575,0.643563631019352,0.428093317968044,0.499722145018832,0.64609411536583,0.00253048434647818,"violation"
27,50,"reverse",0.275078575707952,0.633238465893974,0.346987031457949,0.496386945839634,0.722146838644908,0.0889083727509344,"violation in reverse orientation",1,0.01,1,50,0.654021127930363,0.302716065288689,0.498397431775085,0.366606055596467,0.342526424274931,0.0398103589862424,"violation at burn-in",1,50,0.275078575707952,0.633238465893974,0.346987031457949,0.496386945839634,0.722146838644908,0.0889083727509344,"violation at burn-in"
28,50,"forward",0.674489213358372,0.246504271019468,0.499599839871872,0.324961536185438,0.322261999699767,0.0757577286802988,"violation in forward orientation",1,0.01,1,50,0.674489213358372,0.246504271019468,0.499599839871872,0.324961536185438,0.322261999699767,0.0757577286802988,"violation at burn-in",1,50,0.275078575707952,0.694644991687999,0.346987031457949,0.5,0.722146838644908,0.0275018469569089,"violation at burn-in"
29,50,"reverse",0.216786995012799,0.524410079701748,0.3,0.47370877129308,0.781024259465647,0.256614179763899,"violation in reverse orientation",1,0.01,1,50,0.80895608070809,0.185611725055255,0.485386443980464,0.271293199325011,0.189133100035408,0.00352137498015315,"violation at burn-in",1,50,0.216786995012799,0.524410079701748,0.3,0.47370877129308,0.781024259465647,0.256614179763899,"violation at burn-in"
30,70,"forward",0.679232364913215,0.314054244758118,0.499795876701026,0.388875931109034,0.317566043291448,0.00351179853333017,"violation in forward orientation",1,0.01,1,70,0.679232364913215,0.314054244758118,0.499795876701026,0.388875931109034,0.317566043291448,0.00351179853333017,"violation",1,90,0.247071505072811,0.732531618198095,0.351539822656808,0.492035329455212,0.75043538501947,0.0179037668213753,"violation"
31,50,"reverse",0.216786995012799,0.753238465893974,0.3,0.496386945839634,0.781024259465647,0.0277857935716735,"violation in reverse orientation",1,0.01,1,50,0.654021127930363,0.329560327676681,0.498397431775085,0.384187454245971,0.342526424274931,0.0129660965982503,"violation at burn-in",1,50,0.216786995012799,0.753238465893974,0.3,0.496386945839634,0.781024259465647,0.0277857935716735,"violation at burn-in"
32,50,"forward",0.772137383051339,0.185611725055255,0.493558507170123,0.271293199325011,0.225585445529334,0.0399737204740795,"violation in forward orientation",1,0.01,1,50,0.772137383051339,0.185611725055255,0.493558507170123,0.271293199325011,0.225585445529334,0.0399737204740795,"violation at burn-in",1,50,0.275078575707952,0.714489213358372,0.346987031457949,0.499599839871872,0.722146838644908,0.00765762528653569,"violation at burn-in"
33,70,"forward",0.621549582751732,0.367154334451918,0.498159879261791,0.419912527334259,0.374674872180614,0.00752053772869599,"violation in forward orientation",1,0.01,1,70,0.621549582751732,0.367154334451918,0.498159879261791,0.419912527334259,0.374674872180614,0.00752053772869599,"violation",1,100,0.140768765711318,0.827104455396434,0.255147016443461,0.458257569495584,0.857806484673051,0.0307020292766167,"violation"
34,50,"forward",0.674489213358372,0.246504271019468,0.499599839871872,0.324961536185438,0.322261999699767,0.0757577286802988,"violation in forward orientation",1,0.01,1,50,0.674489213358372,0.246504271019468,0.499599839871872,0.324961536185438,0.322261999699767,0.0757577286802988,"violation at burn-in",1,50,0.4062591846095,0.546859192020479,0.427083130081252,0.48,0.589647842705697,0.0427886506852176,"violation at burn-in"
35,50,"forward",0.654021127930363,0.185611725055255,0.498397431775085,0.271293199325011,0.342526424274931,0.156914699219677,"violation in forward orientation",1,0.01,1,50,0.654021127930363,0.185611725055255,0.498397431775085,0.271293199325011,0.342526424274931,0.156914699219677,"violation at burn-in",1,50,0.216786995012799,0.77213738305134,0.3,0.493558507170123,0.781024259465647,0.00888687641430763,"violation at burn-in"
36,60,"forward",0.758806370529702,0.206777284463185,0.493006648591635,0.3,0.23878381226009,0.0320065277969046,"violation in forward orientation",1,0.01,1,60,0.758806370529702,0.206777284463185,0.493006648591635,0.3,0.23878381226009,0.0320065277969046,"violation",1,70,0.295810536031579,0.693315814683084,0.376883027379226,0.499183005990176,0.701206518656047,0.00789070397296299,"violation"
37,50,"reverse",0.185611725055255,0.654021127930363,0.271293199325011,0.498397431775084,0.812512846095159,0.158491718164796,"violation in reverse orientation",1,0.01,1,80,0.715878168740764,0.260399815732986,0.496078370824611,0.357071421427142,0.281284871304378,0.0208850555713923,"violation",1,50,0.185611725055255,0.654021127930363,0.271293199325011,0.498397431775084,0.812512846095159,0.158491718164796,"violation at burn-in"
38,50,"reverse",0.152451248673278,0.590712364249548,0.237486841740758,0.489897948556636,0.846006590805365,0.255294226555817,"violation in reverse orientation",1,0.01,1,80,0.654590663251262,0.308177297821902,0.5,0.3903123748999,0.341962555925161,0.0337852581032594,"violation",1,50,0.152451248673278,0.590712364249548,0.237486841740758,0.489897948556636,0.846006590805365,0.255294226555817,"violation at burn-in"
39,50,"reverse",0.0745005976726397,0.80895608070809,0.14,0.485386443980464,0.92474065887288,0.11578457816479,"violation in reverse orientation",1,0.01,1,50,0.844410079701748,0.152451248673278,0.47370877129308,0.237486841740758,0.154031874225993,0.00158062555271518,"violation at burn-in",1,50,0.0745005976726397,0.80895608070809,0.14,0.485386443980464,0.92474065887288,0.11578457816479,"violation at burn-in"
40,50,"forward",0.674489213358372,0.185611725055255,0.499599839871872,0.271293199325011,0.322261999699767,0.136650274644512,"violation in forward orientation",1,0.01,1,50,0.674489213358372,0.185611725055255,0.499599839871872,0.271293199325011,0.322261999699767,0.136650274644512,"violation at burn-in",1,60,0.206777284463185,0.710899562289484,0.3,0.498887651569859,0.791134569278749,0.0802350069892653,"violation"
41,50,"reverse",0.216786995012799,0.714489213358372,0.3,0.499599839871872,0.781024259465647,0.0665350461072749,"violation in reverse orientation",1,0.01,1,50,0.772137383051339,0.185611725055255,0.493558507170123,0.271293199325011,0.225585445529334,0.0399737204740795,"violation at burn-in",1,50,0.216786995012799,0.714489213358372,0.3,0.499599839871872,0.781024259465647,0.0665350461072749,"violation at burn-in"
42,50,"forward",0.734021127930363,0.185611725055255,0.498397431775084,0.271293199325011,0.263322437574998,0.0777107125197433,"violation in forward orientation",1,0.01,1,50,0.734021127930363,0.185611725055255,0.498397431775084,0.271293199325011,0.263322437574998,0.0777107125197433,"violation at burn-in",1,70,0.367154334451918,0.621549582751732,0.419912527334259,0.498159879261791,0.629145703141164,0.00759612038943214,"violation"
43,70,"forward",0.621549582751732,0.367154334451918,0.498159879261791,0.419912527334259,0.374674872180614,0.00752053772869599,"violation in forward orientation",1,0.01,1,70,0.621549582751732,0.367154334451918,0.498159879261791,0.419912527334259,0.374674872180614,0.00752053772869599,"violation",1,80,0.192754397950757,0.797470093848425,0.3,0.476969600708473,0.80529838814363,0.0078282942952046,"violation"
44,60,"forward",0.727070094348715,0.25432432379694,0.49749371855331,0.339934634239519,0.270204307216893,0.0158799834199536,"violation in forward orientation",1,0.01,1,60,0.727070094348715,0.25432432379694,0.49749371855331,0.339934634239519,0.270204307216893,0.0158799834199536,"violation",1,70,0.239040057693904,0.748285526233975,0.334724986110285,0.492598275701905,0.758547549786463,0.0102620235524884,"violation"
45,50,"reverse",0.116284945699819,0.694644991687999,0.195959179422654,0.5,0.882536371166524,0.187891379478525,"violation in reverse orientation",1,0.01,1,50,0.790712364249548,0.152451248673278,0.489897948556636,0.237486841740758,0.207195288482154,0.0547440398088755,"violation at burn-in",1,50,0.116284945699819,0.694644991687999,0.195959179422654,0.5,0.882536371166524,0.187891379478525,"violation at burn-in"
46,50,"reverse",0.216786995012799,0.654021127930363,0.3,0.498397431775084,0.781024259465647,0.127003131535284,"violation in reverse orientation",1,0.01,1,100,0.745284595613564,0.249038993743375,0.487749935930288,0.357071421427142,0.252171043267805,0.00313204952442997,"violation",1,50,0.216786995012799,0.654021127930363,0.3,0.498397431775084,0.781024259465647,0.127003131535284,"violation at burn-in"
47,50,"forward",0.546859192020479,0.355715993350399,0.48,0.4,0.448622081106751,0.0929060877563517,"violation in forward orientation",1,0.01,1,50,0.546859192020479,0.355715993350399,0.48,0.4,0.448622081106751,0.0929060877563517,"violation at burn-in",1,70,0.295810536031579,0.636172957540227,0.376883027379226,0.499183005990176,0.701206518656047,0.0650335611158201,"violation"
48,50,"forward",0.674489213358372,0.152451248673278,0.499599839871872,0.237486841740758,0.322261999699767,0.169810751026489,"violation in forward orientation",1,0.01,1,50,0.674489213358372,0.152451248673278,0.499599839871872,0.237486841740758,0.322261999699767,0.169810751026489,"violation at burn-in",1,50,0.185611725055255,0.77213738305134,0.271293199325011,0.493558507170123,0.812512846095159,0.0403754630438197,"violation at burn-in"
49,50,"reverse",0.185611725055255,0.61213738305134,0.271293199325011,0.493558507170123,0.812512846095159,0.20037546304382,"violation in reverse orientation",1,0.01,1,130,0.770080345552313,0.203342733890173,0.475742956802038,0.328525484677887,0.227622015163261,0.0242792812730881,"violation",1,50,0.185611725055255,0.61213738305134,0.271293199325011,0.493558507170123,0.812512846095159,0.20037546304382,"violation at burn-in"
50,50,"forward",0.694644991687999,0.216786995012799,0.5,0.3,0.302306774715435,0.0855197797026355,"violation in forward orientation",1,0.01,1,50,0.694644991687999,0.216786995012799,0.5,0.3,0.302306774715435,0.0855197797026355,"violation at burn-in",1,60,0.277090389131333,0.694529912104096,0.357071421427142,0.499722145018832,0.72011480616048,0.0255848940563843,"violation"
51,50,"forward",0.633238465893974,0.329560327676681,0.496386945839634,0.384187454245971,0.363102295368924,0.0335419676922426,"violation in forward orientation",1,0.01,1,50,0.633238465893974,0.329560327676681,0.496386945839634,0.384187454245971,0.363102295368924,0.0335419676922426,"violation at burn-in",1,50,0.216786995012799,0.753238465893974,0.3,0.496386945839634,0.781024259465647,0.0277857935716735,"violation at burn-in"
52,50,"reverse",0.185611725055255,0.714489213358372,0.271293199325011,0.499599839871872,0.812512846095159,0.0980236327367869,"violation in reverse orientation",1,0.01,1,60,0.710899562289484,0.277090389131333,0.498887651569859,0.357071421427142,0.286213939793771,0.00912355066243775,"violation",1,50,0.185611725055255,0.714489213358372,0.271293199325011,0.499599839871872,0.812512846095159,0.0980236327367869,"violation at burn-in"
53,50,"reverse",0.246504271019468,0.694644991687999,0.324961536185438,0.5,0.751008319869825,0.0563633281818261,"violation in reverse orientation",1,0.01,1,50,0.694644991687999,0.275078575707952,0.5,0.346987031457949,0.302306774715435,0.0272281990074827,"violation at burn-in",1,50,0.246504271019468,0.694644991687999,0.324961536185438,0.5,0.751008319869825,0.0563633281818261,"violation at burn-in"
54,50,"reverse",0.185611725055255,0.674489213358372,0.271293199325011,0.499599839871872,0.812512846095159,0.138023632736787,"violation in reverse orientation",1,0.01,1,60,0.710899562289484,0.25432432379694,0.498887651569859,0.339934634239519,0.286213939793771,0.031889615996831,"violation",1,50,0.185611725055255,0.674489213358372,0.271293199325011,0.499599839871872,0.812512846095159,0.138023632736787,"violation at burn-in"
55,50,"reverse",0.302716065288689,0.61213738305134,0.366606055596467,0.493558507170123,0.694231587676098,0.0820942046247582,"violation in reverse orientation",1,0.01,1,50,0.694644991687999,0.275078575707952,0.5,0.346987031457949,0.302306774715435,0.0272281990074827,"violation at burn-in",1,50,0.302716065288689,0.61213738305134,0.366606055596467,0.493558507170123,0.694231587676098,0.0820942046247582,"violation at burn-in"
56,50,"reverse",0.246504271019468,0.674489213358372,0.324961536185438,0.499599839871872,0.751008319869825,0.0765191065114529,"violation in reverse orientation",1,0.01,1,60,0.644232895622817,0.277090389131333,0.498887651569859,0.357071421427142,0.352217262043715,0.0751268729123822,"violation",1,50,0.246504271019468,0.674489213358372,0.324961536185438,0.499599839871872,0.751008319869825,0.0765191065114529,"violation at burn-in"
57,50,"reverse",0.0745005976726397,0.77213738305134,0.14,0.493558507170123,0.92474065887288,0.15260327582154,"violation in reverse orientation",1,0.01,1,60,0.710899562289484,0.277090389131333,0.498887651569859,0.357071421427142,0.286213939793771,0.00912355066243775,"violation",1,50,0.0745005976726397,0.77213738305134,0.14,0.493558507170123,0.92474065887288,0.15260327582154,"violation at burn-in"
58,50,"reverse",0.381261936620275,0.454790769027509,0.41424630354416,0.448998886412873,0.614896317213858,0.160105548186349,"violation in reverse orientation",1,0.01,1,50,0.753238465893974,0.185611725055255,0.496386945839634,0.271293199325011,0.244296315319024,0.0586845902637688,"violation at burn-in",1,50,0.381261936620275,0.454790769027509,0.41424630354416,0.448998886412873,0.614896317213858,0.160105548186349,"violation at burn-in"
59,50,"reverse",0.275078575707952,0.654021127930363,0.346987031457949,0.498397431775084,0.722146838644908,0.0681257107145452,"violation in reverse orientation",1,0.01,1,60,0.804851254930947,0.181705607971508,0.481894409826699,0.276385399196283,0.193197082113637,0.0114914741421288,"violation",1,50,0.275078575707952,0.654021127930363,0.346987031457949,0.498397431775084,0.722146838644908,0.0681257107145452,"violation at burn-in"
60,50,"forward",0.654021127930363,0.275078575707952,0.498397431775085,0.346987031457949,0.342526424274931,0.0674478485669793,"violation in forward orientation",1,0.01,1,50,0.654021127930363,0.275078575707952,0.498397431775085,0.346987031457949,0.342526424274931,0.0674478485669793,"violation at burn-in",1,50,0.246504271019468,0.714489213358372,0.324961536185438,0.499599839871872,0.751008319869825,0.0365191065114528,"violation at burn-in"
61,50,"reverse",0.116284945699819,0.826859192020479,0.195959179422654,0.48,0.882536371166524,0.0556771791460451,"violation in reverse orientation",1,0.01,1,50,0.790712364249548,0.185611725055255,0.489897948556636,0.271293199325011,0.207195288482154,0.021583563426899,"violation at burn-in",1,50,0.116284945699819,0.826859192020479,0.195959179422654,0.48,0.882536371166524,0.0556771791460451,"violation at burn-in"
62,50,"forward",0.714489213358372,0.246504271019468,0.499599839871872,0.324961536185438,0.2826600063498,0.0361557353303321,"violation in forward orientation",1,0.01,1,50,0.714489213358372,0.246504271019468,0.499599839871872,0.324961536185438,0.2826600063498,0.0361557353303321,"violation at burn-in",1,50,0.185611725055255,0.790712364249548,0.271293199325011,0.489897948556636,0.812512846095159,0.021800481845611,"violation at burn-in"
63,50,"forward",0.674489213358372,0.152451248673278,0.499599839871872,0.237486841740758,0.322261999699767,0.169810751026489,"violation in forward orientation",1,0.01,1,50,0.674489213358372,0.152451248673278,0.499599839871872,0.237486841740758,0.322261999699767,0.169810751026489,"violation at burn-in",1,70,0.219286761535403,0.77493133917732,0.318157963590287,0.486763572497166,0.77849936987182,0.00356803069450018,"violation"
64,50,"reverse",0.152451248673278,0.694644991687999,0.237486841740758,0.5,0.846006590805365,0.151361599117366,"violation in reverse orientation",1,0.01,1,60,0.789716484604453,0.181705607971508,0.486198404860494,0.276385399196283,0.208181258959215,0.0264756509877063,"violation",1,50,0.152451248673278,0.694644991687999,0.237486841740758,0.5,0.846006590805365,0.151361599117366,"violation at burn-in"
65,50,"reverse",0.302716065288689,0.633238465893974,0.366606055596467,0.496386945839634,0.694231587676098,0.0609931217821242,"violation in reverse orientation",1,0.01,1,50,0.694644991687999,0.246504271019468,0.5,0.324961536185438,0.302306774715435,0.0558025036959667,"violation at burn-in",1,50,0.302716065288689,0.633238465893974,0.366606055596467,0.496386945839634,0.694231587676098,0.0609931217821242,"violation at burn-in"
66,50,"reverse",0.216786995012799,0.694644991687999,0.3,0.5,0.781024259465647,0.0863792677776481,"violation in reverse orientation",1,0.01,1,50,0.753238465893974,0.216786995012799,0.496386945839634,0.3,0.244296315319024,0.0275093203062242,"violation at burn-in",1,50,0.216786995012799,0.694644991687999,0.3,0.5,0.781024259465647,0.0863792677776481,"violation at burn-in"
67,50,"forward",0.612137383051339,0.116284945699819,0.493558507170123,0.195959179422654,0.383993418929201,0.267708473229382,"violation in forward orientation",1,0.01,1,50,0.612137383051339,0.116284945699819,0.493558507170123,0.195959179422654,0.383993418929201,0.267708473229382,"violation at burn-in",1,50,0.216786995012799,0.734021127930363,0.3,0.498397431775084,0.781024259465647,0.0470031315352843,"violation at burn-in"
68,50,"forward",0.753238465893974,0.216786995012799,0.496386945839634,0.3,0.244296315319024,0.0275093203062242,"violation in forward orientation",1,0.01,1,50,0.753238465893974,0.216786995012799,0.496386945839634,0.3,0.244296315319024,0.0275093203062242,"violation at burn-in",1,70,0.332011213630856,0.621549582751732,0.4,0.498159879261791,0.664642018198336,0.0430924354466045,"violation"
69,50,"forward",0.753238465893974,0.0745005976726398,0.496386945839634,0.14,0.244296315319024,0.169795717646384,"violation in forward orientation",1,0.01,1,50,0.753238465893974,0.0745005976726398,0.496386945839634,0.14,0.244296315319024,0.169795717646384,"violation at burn-in",1,50,0.152451248673278,0.77213738305134,0.237486841740758,0.493558507170123,0.846006590805365,0.0738692077540258,"violation at burn-in"
70,50,"reverse",0.275078575707952,0.56895608070809,0.346987031457949,0.485386443980464,0.722146838644908,0.153190757936818,"violation in reverse orientation",1,0.01,1,70,0.606789975333154,0.332011213630856,0.496723961448963,0.4,0.38928761905158,0.0572764054207239,"violation",1,50,0.275078575707952,0.56895608070809,0.346987031457949,0.485386443980464,0.722146838644908,0.153190757936818,"violation at burn-in"
71,50,"forward",0.612137383051339,0.302716065288689,0.493558507170123,0.366606055596467,0.383993418929201,0.0812773536405121,"violation in forward orientation",1,0.01,1,50,0.612137383051339,0.302716065288689,0.493558507170123,0.366606055596467,0.383993418929201,0.0812773536405121,"violation at burn-in",1,50,0.329560327676681,0.590712364249548,0.384187454245971,0.489897948556636,0.667117535965855,0.0764051717163069,"violation at burn-in"
72,50,"reverse",0.246504271019468,0.734021127930363,0.324961536185438,0.498397431775084,0.751008319869825,0.0169871919394623,"violation in reverse orientation",1,0.01,1,80,0.715878168740764,0.243974143961777,0.496078370824611,0.344374432848898,0.281284871304378,0.0373107273426015,"violation",1,50,0.246504271019468,0.734021127930363,0.324961536185438,0.498397431775084,0.751008319869825,0.0169871919394623,"violation at burn-in"
73,50,"forward",0.80895608070809,0.152451248673278,0.485386443980464,0.237486841740758,0.189133100035408,0.0366818513621296,"violation in forward orientation",1,0.01,1,50,0.80895608070809,0.152451248673278,0.485386443980464,0.237486841740758,0.189133100035408,0.0366818513621296,"violation at burn-in",1,50,0.246504271019468,0.734021127930363,0.324961536185438,0.498397431775084,0.751008319869825,0.0169871919394623,"violation at burn-in"
74,50,"forward",0.714489213358372,0.246504271019468,0.499599839871872,0.324961536185438,0.2826600063498,0.0361557353303321,"violation in forward orientation",1,0.01,1,50,0.714489213358372,0.246504271019468,0.499599839871872,0.324961536185438,0.2826600063498,0.0361557353303321,"violation at burn-in",1,70,0.451237844761596,0.515278239716522,0.458257569495584,0.479157423749955,0.54421713950385,0.0289388997873279,"violation"
75,50,"forward",0.612137383051339,0.246504271019468,0.493558507170123,0.324961536185438,0.383993418929201,0.137489147909733,"violation in forward orientation",1,0.01,1,50,0.612137383051339,0.246504271019468,0.493558507170123,0.324961536185438,0.383993418929201,0.137489147909733,"violation at burn-in",1,60,0.230926430345563,0.727070094348715,0.321022671404304,0.49749371855331,0.766742720445314,0.0396726260965984,"violation"
76,50,"forward",0.654021127930363,0.116284945699819,0.498397431775085,0.195959179422654,0.342526424274931,0.226241478575112,"violation in forward orientation",1,0.01,1,50,0.654021127930363,0.116284945699819,0.498397431775085,0.195959179422654,0.342526424274931,0.226241478575112,"violation at burn-in",1,50,0.329560327676681,0.524410079701748,0.384187454245971,0.47370877129308,0.667117535965855,0.142707456264107,"violation at burn-in"
77,50,"forward",0.674489213358372,0.246504271019468,0.499599839871872,0.324961536185438,0.322261999699767,0.0757577286802988,"violation in forward orientation",1,0.01,1,50,0.674489213358372,0.246504271019468,0.499599839871872,0.324961536185438,0.322261999699767,0.0757577286802988,"violation at burn-in",1,140,0.216460725895257,0.769052737561689,0.342484916992481,0.474664220738176,0.781353807642336,0.0123010700806463,"violation"
78,50,"reverse",0.185611725055255,0.674489213358372,0.271293199325011,0.499599839871872,0.812512846095159,0.138023632736787,"violation in reverse orientation",1,0.01,1,100,0.716895688006175,0.274187264057314,0.493558507170123,0.375632799419859,0.280277476524822,0.00609021246750813,"violation",1,50,0.185611725055255,0.674489213358372,0.271293199325011,0.499599839871872,0.812512846095159,0.138023632736787,"violation at burn-in"
79,50,"reverse",0.246504271019468,0.61213738305134,0.324961536185438,0.493558507170123,0.751008319869825,0.138870936818486,"violation in reverse orientation",1,0.01,1,50,0.694644991687999,0.246504271019468,0.5,0.324961536185438,0.302306774715435,0.0558025036959667,"violation at burn-in",1,50,0.246504271019468,0.61213738305134,0.324961536185438,0.493558507170123,0.751008319869825,0.138870936818486,"violation at burn-in"
80,50,"reverse",0.152451248673278,0.654021127930363,0.237486841740758,0.498397431775084,0.846006590805365,0.191985462875003,"violation in reverse orientation",1,0.01,1,50,0.694644991687999,0.152451248673278,0.5,0.237486841740758,0.302306774715435,0.149855526042157,"violation at burn-in",1,50,0.152451248673278,0.654021127930363,0.237486841740758,0.498397431775084,0.846006590805365,0.191985462875003,"violation at burn-in"
81,50,"forward",0.633238465893974,0.302716065288689,0.496386945839634,0.366606055596467,0.363102295368924,0.0603862300802347,"violation in forward orientation",1,0.01,1,50,0.633238465893974,0.302716065288689,0.496386945839634,0.366606055596467,0.363102295368924,0.0603862300802347,"violation at burn-in",1,60,0.25432432379694,0.644232895622817,0.339934634239519,0.498887651569859,0.743109674255333,0.0988767786325158,"violation"
82,60,"reverse",0.443718815890873,0.53818458826428,0.450616861153192,0.481894409826699,0.551811735871034,0.0136271476067538,"violation in reverse orientation",1,0.01,1,70,0.693315814683084,0.239040057693904,0.499183005990176,0.334724986110285,0.303622726188174,0.0645826684942703,"violation",1,60,0.443718815890873,0.53818458826428,0.450616861153192,0.481894409826699,0.551811735871034,0.0136271476067538,"violation"
83,50,"forward",0.714489213358372,0.246504271019468,0.499599839871872,0.324961536185438,0.2826600063498,0.0361557353303321,"violation in forward orientation",1,0.01,1,50,0.714489213358372,0.246504271019468,0.499599839871872,0.324961536185438,0.2826600063498,0.0361557353303321,"violation at burn-in",1,90,0.202857682846242,0.689834539323384,0.314269680527354,0.498020774022555,0.795093563546846,0.105259024223462,"violation"
84,50,"reverse",0.246504271019468,0.590712364249548,0.324961536185438,0.489897948556636,0.751008319869825,0.160295955620277,"violation in reverse orientation",1,0.01,1,50,0.714489213358372,0.216786995012799,0.499599839871872,0.3,0.2826600063498,0.0658730113370008,"violation at burn-in",1,50,0.246504271019468,0.590712364249548,0.324961536185438,0.489897948556636,0.751008319869825,0.160295955620277,"violation at burn-in"
85,50,"reverse",0.116284945699819,0.714489213358372,0.195959179422654,0.499599839871872,0.882536371166524,0.168047157808152,"violation in reverse orientation",1,0.01,1,60,0.74303982794241,0.25432432379694,0.495535624910617,0.339934634239519,0.254393475127437,6.91513304971192e-05,"violation",1,50,0.116284945699819,0.714489213358372,0.195959179422654,0.499599839871872,0.882536371166524,0.168047157808152,"violation at burn-in"
86,60,"forward",0.592139703863035,0.383872428163307,0.493006648591635,0.422952584681651,0.403792117884951,0.0199196897216445,"violation in forward orientation",1,0.01,1,60,0.592139703863035,0.383872428163307,0.493006648591635,0.422952584681651,0.403792117884951,0.0199196897216445,"violation",1,90,0.247071505072811,0.700619622653076,0.351539822656808,0.496903994999953,0.75043538501947,0.0498157623663943,"violation"
87,50,"forward",0.590712364249548,0.275078575707952,0.489897948556636,0.346987031457949,0.405205255231987,0.130126679524035,"violation in forward orientation",1,0.01,1,50,0.590712364249548,0.275078575707952,0.489897948556636,0.346987031457949,0.405205255231987,0.130126679524035,"violation at burn-in",1,50,0.381261936620275,0.524410079701748,0.41424630354416,0.47370877129308,0.614896317213858,0.0904862375121104,"violation at burn-in"
88,50,"forward",0.633238465893974,0.185611725055255,0.496386945839634,0.271293199325011,0.363102295368924,0.177490570313669,"violation in forward orientation",1,0.01,1,50,0.633238465893974,0.185611725055255,0.496386945839634,0.271293199325011,0.363102295368924,0.177490570313669,"violation at burn-in",1,50,0.275078575707952,0.590712364249548,0.346987031457949,0.489897948556636,0.722146838644908,0.13143447439536,"violation at burn-in"
89,50,"forward",0.56895608070809,0.329560327676681,0.485386443980464,0.384187454245971,0.426745060135208,0.097184732458527,"violation in forward orientation",1,0.01,1,50,0.56895608070809,0.329560327676681,0.485386443980464,0.384187454245971,0.426745060135208,0.097184732458527,"violation at burn-in",1,50,0.185611725055255,0.790712364249548,0.271293199325011,0.489897948556636,0.812512846095159,0.021800481845611,"violation at burn-in"
90,50,"reverse",0.152451248673278,0.790712364249548,0.237486841740758,0.489897948556636,0.846006590805365,0.0552942265558172,"violation in reverse orientation",1,0.01,1,90,0.732531618198095,0.139488250402838,0.492035329455212,0.249443825784929,0.264797126437797,0.125308876034959,"violation",1,50,0.152451248673278,0.790712364249548,0.237486841740758,0.489897948556636,0.846006590805365,0.0552942265558172,"violation at burn-in"
91,50,"reverse",0.152451248673278,0.694644991687999,0.237486841740758,0.5,0.846006590805365,0.151361599117366,"violation in reverse orientation",1,0.01,1,90,0.804286524269364,0.187580741083115,0.471404520791032,0.3,0.193756193611251,0.00617545252813642,"violation",1,50,0.152451248673278,0.694644991687999,0.237486841740758,0.5,0.846006590805365,0.151361599117366,"violation at burn-in"
92,50,"reverse",0.275078575707952,0.714489213358372,0.346987031457949,0.499599839871872,0.722146838644908,0.00765762528653569,"violation in reverse orientation",1,0.01,1,60,0.758806370529702,0.230926430345563,0.493006648591635,0.321022671404304,0.23878381226009,0.00785738191452656,"violation",1,50,0.275078575707952,0.714489213358372,0.346987031457949,0.499599839871872,0.722146838644908,0.00765762528653569,"violation at burn-in"
93,50,"forward",0.734021127930363,0.185611725055255,0.498397431775084,0.271293199325011,0.263322437574998,0.0777107125197433,"violation in forward orientation",1,0.01,1,50,0.734021127930363,0.185611725055255,0.498397431775084,0.271293199325011,0.263322437574998,0.0777107125197433,"violation at burn-in",1,70,0.156423785657551,0.800992525430808,0.257539376818856,0.479157423749955,0.841994129160653,0.0410016037298451,"violation"
94,50,"forward",0.633238465893974,0.275078575707952,0.496386945839634,0.346987031457949,0.363102295368924,0.0880237196609716,"violation in forward orientation",1,0.01,1,50,0.633238465893974,0.275078575707952,0.496386945839634,0.346987031457949,0.363102295368924,0.0880237196609716,"violation at burn-in",1,110,0.227251178235511,0.746851440774935,0.343174292512307,0.485832335123178,0.770454909453148,0.0236034686782124,"violation"
95,50,"reverse",0.275078575707952,0.654021127930363,0.346987031457949,0.498397431775084,0.722146838644908,0.0681257107145452,"violation in reverse orientation",1,0.01,1,70,0.734750092269623,0.258342897757551,0.494871659305394,0.349927106111883,0.262600726552105,0.004257828794554,"violation",1,50,0.275078575707952,0.654021127930363,0.346987031457949,0.498397431775084,0.722146838644908,0.0681257107145452,"violation at burn-in"
96,50,"reverse",0.152451248673278,0.790712364249548,0.237486841740758,0.489897948556636,0.846006590805365,0.0552942265558172,"violation in reverse orientation",1,0.01,1,70,0.693315814683084,0.295810536031579,0.499183005990176,0.376883027379226,0.303622726188174,0.0078121901565959,"violation",1,50,0.152451248673278,0.790712364249548,0.237486841740758,0.489897948556636,0.846006590805365,0.0552942265558172,"violation at burn-in"
97,50,"forward",0.734021127930363,0.246504271019468,0.498397431775084,0.324961536185438,0.263322437574998,0.0168181665555299,"violation in forward orientation",1,0.01,1,50,0.734021127930363,0.246504271019468,0.498397431775084,0.324961536185438,0.263322437574998,0.0168181665555299,"violation at burn-in",1,90,0.202857682846242,0.753429237782545,0.314269680527354,0.487498021521785,0.795093563546846,0.0416643257643011,"violation"
98,50,"reverse",0.275078575707952,0.714489213358372,0.346987031457949,0.499599839871872,0.722146838644908,0.00765762528653569,"violation in reverse orientation",1,0.01,1,60,0.848900834988849,0.12757189874012,0.465176191231762,0.217944947177034,0.14958580270059,0.0220139039604702,"violation",1,50,0.275078575707952,0.714489213358372,0.346987031457949,0.499599839871872,0.722146838644908,0.00765762528653569,"violation at burn-in"
99,50,"reverse",0.329560327676681,0.546859192020479,0.384187454245971,0.48,0.667117535965855,0.120258343945376,"violation in reverse orientation",1,0.01,1,80,0.667042346118264,0.292478733192347,0.499843725578305,0.379967103839267,0.329634769372788,0.0371560361804415,"violation",1,50,0.329560327676681,0.546859192020479,0.384187454245971,0.48,0.667117535965855,0.120258343945376,"violation at burn-in"
100,50,"reverse",0.216786995012799,0.654021127930363,0.3,0.498397431775084,0.781024259465647,0.127003131535284,"violation in reverse orientation",1,0.01,1,50,0.790712364249548,0.152451248673278,0.489897948556636,0.237486841740758,0.207195288482154,0.0547440398088755,"violation at burn-in",1,50,0.216786995012799,0.654021127930363,0.3,0.498397431775084,0.781024259465647,0.127003131535284,"violation at burn-in"
101,80,"reverse",0.292478733192347,0.703815767828986,0.379967103839267,0.49749371855331,0.704571806670504,0.000756038841518647,"violation in reverse orientation",1,0.01,1,90,0.732531618198095,0.261362863693741,0.492035329455212,0.362433476228891,0.264797126437797,0.00343426274405623,"violation",1,80,0.292478733192347,0.703815767828986,0.379967103839267,0.49749371855331,0.704571806670504,0.000756038841518647,"violation"
102,50,"reverse",0.216786995012799,0.714489213358372,0.3,0.499599839871872,0.781024259465647,0.0665350461072749,"violation in reverse orientation",1,0.01,1,60,0.644232895622817,0.321054517826778,0.498887651569859,0.386939558874797,0.352217262043715,0.0311627442169367,"violation",1,50,0.216786995012799,0.714489213358372,0.3,0.499599839871872,0.781024259465647,0.0665350461072749,"violation at burn-in"
103,50,"reverse",0.275078575707952,0.654021127930363,0.346987031457949,0.498397431775084,0.722146838644908,0.0681257107145452,"violation in reverse orientation",1,0.01,1,110,0.829378053808695,0.1544085279366,0.454181672610793,0.274087516939661,0.168914328962324,0.0145058010257239,"violation",1,50,0.275078575707952,0.654021127930363,0.346987031457949,0.498397431775084,0.722146838644908,0.0681257107145452,"violation at burn-in"
104,50,"forward",0.734021127930363,0.185611725055255,0.498397431775084,0.271293199325011,0.263322437574998,0.0777107125197433,"violation in forward orientation",1,0.01,1,50,0.734021127930363,0.185611725055255,0.498397431775084,0.271293199325011,0.263322437574998,0.0777107125197433,"violation at burn-in",1,50,0.246504271019468,0.674489213358372,0.324961536185438,0.499599839871872,0.751008319869825,0.0765191065114529,"violation at burn-in"
105,50,"forward",0.861594493296846,0.116284945699819,0.466476151587624,0.195959179422654,0.13701844840309,0.0207335027032704,"violation in forward orientation",1,0.01,1,50,0.861594493296846,0.116284945699819,0.466476151587624,0.195959179422654,0.13701844840309,0.0207335027032704,"violation at burn-in",1,50,0.216786995012799,0.77213738305134,0.3,0.493558507170123,0.781024259465647,0.00888687641430763,"violation at burn-in"
106,50,"reverse",0.116284945699819,0.56895608070809,0.195959179422654,0.485386443980464,0.882536371166524,0.313580290458434,"violation in reverse orientation",1,0.01,1,50,0.694644991687999,0.216786995012799,0.5,0.3,0.302306774715435,0.0855197797026355,"violation at burn-in",1,50,0.116284945699819,0.56895608070809,0.195959179422654,0.485386443980464,0.882536371166524,0.313580290458434,"violation at burn-in"
107,60,"forward",0.627070094348715,0.321054517826778,0.49749371855331,0.386939558874797,0.36920929059181,0.0481547727650317,"violation in forward orientation",1,0.01,1,60,0.627070094348715,0.321054517826778,0.49749371855331,0.386939558874797,0.36920929059181,0.0481547727650317,"violation",1,60,0.321054517826778,0.644232895622817,0.386939558874797,0.498887651569859,0.675708830625936,0.0314759350031182,"violation"
108,50,"reverse",0.216786995012799,0.77213738305134,0.3,0.493558507170123,0.781024259465647,0.00888687641430763,"violation in reverse orientation",1,0.01,1,60,0.710899562289484,0.230926430345563,0.498887651569859,0.321022671404304,0.286213939793771,0.0552875094482075,"violation",1,50,0.216786995012799,0.77213738305134,0.3,0.493558507170123,0.781024259465647,0.00888687641430763,"violation at burn-in"
109,50,"forward",0.524410079701748,0.275078575707952,0.47370877129308,0.346987031457949,0.470847821025727,0.195769245317775,"violation in forward orientation",1,0.01,1,50,0.524410079701748,0.275078575707952,0.47370877129308,0.346987031457949,0.470847821025727,0.195769245317775,"violation at burn-in",1,50,0.185611725055255,0.77213738305134,0.271293199325011,0.493558507170123,0.812512846095159,0.0403754630438197,"violation at burn-in"
110,50,"reverse",0.0745005976726397,0.77213738305134,0.14,0.493558507170123,0.92474065887288,0.15260327582154,"violation in reverse orientation",1,0.01,1,50,0.612137383051339,0.275078575707952,0.493558507170123,0.346987031457949,0.383993418929201,0.108914843221249,"violation at burn-in",1,50,0.0745005976726397,0.77213738305134,0.14,0.493558507170123,0.92474065887288,0.15260327582154,"violation at burn-in"
111,50,"forward",0.753238465893974,0.152451248673278,0.496386945839634,0.237486841740758,0.244296315319024,0.0918450666457453,"violation in forward orientation",1,0.01,1,50,0.753238465893974,0.152451248673278,0.496386945839634,0.237486841740758,0.244296315319024,0.0918450666457453,"violation at burn-in",1,60,0.206777284463185,0.710899562289484,0.3,0.498887651569859,0.791134569278749,0.0802350069892653,"violation"
112,70,"forward",0.59189294941248,0.384376285178422,0.494871659305393,0.428809457708675,0.4040364170877,0.0196601319092782,"violation in forward orientation",1,0.01,1,70,0.59189294941248,0.384376285178422,0.494871659305393,0.428809457708675,0.4040364170877,0.0196601319092782,"violation",1,70,0.277251743648749,0.707263868466018,0.363935405795914,0.498159879261791,0.719951830003204,0.0126879615371865,"violation"
113,50,"forward",0.654021127930363,0.216786995012799,0.498397431775085,0.3,0.342526424274931,0.125739429262132,"violation in forward orientation",1,0.01,1,50,0.654021127930363,0.216786995012799,0.498397431775085,0.3,0.342526424274931,0.125739429262132,"violation at burn-in",1,50,0.246504271019468,0.674489213358372,0.324961536185438,0.499599839871872,0.751008319869825,0.0765191065114529,"violation at burn-in"
114,50,"forward",0.654021127930363,0.246504271019468,0.498397431775085,0.324961536185438,0.342526424274931,0.0960221532554633,"violation in forward orientation",1,0.01,1,50,0.654021127930363,0.246504271019468,0.498397431775085,0.324961536185438,0.342526424274931,0.0960221532554633,"violation at burn-in",1,70,0.277251743648749,0.707263868466018,0.363935405795914,0.498159879261791,0.719951830003204,0.0126879615371865,"violation"
115,50,"forward",0.590712364249548,0.329560327676681,0.489897948556636,0.384187454245971,0.405205255231987,0.0756449275553062,"violation in forward orientation",1,0.01,1,50,0.590712364249548,0.329560327676681,0.489897948556636,0.384187454245971,0.405205255231987,0.0756449275553062,"violation at burn-in",1,50,0.275078575707952,0.674489213358372,0.346987031457949,0.499599839871872,0.722146838644908,0.0476576252865357,"violation at burn-in"
116,50,"reverse",0.185611725055255,0.654021127930363,0.271293199325011,0.498397431775084,0.812512846095159,0.158491718164796,"violation in reverse orientation",1,0.01,1,50,0.694644991687999,0.185611725055255,0.5,0.271293199325011,0.302306774715435,0.11669504966018,"violation at burn-in",1,50,0.185611725055255,0.654021127930363,0.271293199325011,0.498397431775084,0.812512846095159,0.158491718164796,"violation at burn-in"
117,60,"forward",0.627070094348715,0.321054517826778,0.49749371855331,0.386939558874797,0.36920929059181,0.0481547727650317,"violation in forward orientation",1,0.01,1,60,0.627070094348715,0.321054517826778,0.49749371855331,0.386939558874797,0.36920929059181,0.0481547727650317,"violation",1,70,0.401384518782172,0.561680056860571,0.43705881545081,0.489897948556636,0.594571499739069,0.0328914428784983,"violation"
118,50,"reverse",0.116284945699819,0.790712364249548,0.195959179422654,0.489897948556636,0.882536371166524,0.0918240069169759,"violation in reverse orientation",1,0.01,1,120,0.651808712749861,0.331038786191009,0.499374608885954,0.417582327212252,0.344716825556572,0.0136780393655626,"violation",1,50,0.116284945699819,0.790712364249548,0.195959179422654,0.489897948556636,0.882536371166524,0.0918240069169759,"violation at burn-in"
119,50,"reverse",0.275078575707952,0.714489213358372,0.346987031457949,0.499599839871872,0.722146838644908,0.00765762528653569,"violation in reverse orientation",1,0.01,1,60,0.863104996184793,0.12757189874012,0.458257569495584,0.217944947177034,0.13552297527,0.00795107652988034,"violation",1,50,0.275078575707952,0.714489213358372,0.346987031457949,0.499599839871872,0.722146838644908,0.00765762528653569,"violation at burn-in"
120,50,"reverse",0.302716065288689,0.654021127930363,0.366606055596467,0.498397431775084,0.694231587676098,0.040210459745735,"violation in reverse orientation",1,0.01,1,90,0.668045886935067,0.289392299544533,0.499505928733089,0.382325567424117,0.328641213953952,0.0392489144094194,"violation",1,50,0.302716065288689,0.654021127930363,0.366606055596467,0.498397431775084,0.694231587676098,0.040210459745735,"violation at burn-in"
121,50,"reverse",0.454790769027509,0.524410079701748,0.448998886412873,0.47370877129308,0.540628507755427,0.0162184280536796,"violation in reverse orientation",1,0.01,1,60,0.804851254930947,0.155449781144742,0.481894409826699,0.249443825784929,0.193197082113637,0.0377473009688953,"violation",1,50,0.454790769027509,0.524410079701748,0.448998886412873,0.47370877129308,0.540628507755427,0.0162184280536796,"violation at burn-in"
122,50,"forward",0.633238465893974,0.275078575707952,0.496386945839634,0.346987031457949,0.363102295368924,0.0880237196609716,"violation in forward orientation",1,0.01,1,50,0.633238465893974,0.275078575707952,0.496386945839634,0.346987031457949,0.363102295368924,0.0880237196609716,"violation at burn-in",1,50,0.246504271019468,0.734021127930363,0.324961536185438,0.498397431775084,0.751008319869825,0.0169871919394623,"violation at burn-in"
123,50,"forward",0.612137383051339,0.246504271019468,0.493558507170123,0.324961536185438,0.383993418929201,0.137489147909733,"violation in forward orientation",1,0.01,1,50,0.612137383051339,0.246504271019468,0.493558507170123,0.324961536185438,0.383993418929201,0.137489147909733,"violation at burn-in",1,50,0.246504271019468,0.734021127930363,0.324961536185438,0.498397431775084,0.751008319869825,0.0169871919394623,"violation at burn-in"
124,50,"forward",0.674489213358372,0.275078575707952,0.499599839871872,0.346987031457949,0.322261999699767,0.0471834239918149,"violation in forward orientation",1,0.01,1,50,0.674489213358372,0.275078575707952,0.499599839871872,0.346987031457949,0.322261999699767,0.0471834239918149,"violation at burn-in",1,60,0.299311814729174,0.677962140771975,0.372677996249965,0.5,0.697670051522532,0.0197079107505567,"violation"
125,50,"forward",0.654021127930363,0.246504271019468,0.498397431775085,0.324961536185438,0.342526424274931,0.0960221532554633,"violation in forward orientation",1,0.01,1,50,0.654021127930363,0.246504271019468,0.498397431775085,0.324961536185438,0.342526424274931,0.0960221532554633,"violation at burn-in",1,70,0.332011213630856,0.650660936341786,0.4,0.499795876701026,0.664642018198336,0.01398108185655,"violation"
126,60,"reverse",0.230926430345563,0.710899562289484,0.321022671404304,0.498887651569859,0.766742720445314,0.0558431581558295,"violation in reverse orientation",1,0.01,1,90,0.763761939446244,0.171968943105426,0.484831649539365,0.28458329944146,0.233877552078135,0.0619086089727091,"violation",1,60,0.230926430345563,0.710899562289484,0.321022671404304,0.498887651569859,0.766742720445314,0.0558431581558295,"violation"
127,50,"forward",0.590712364249548,0.355715993350399,0.489897948556636,0.4,0.405205255231987,0.0494892618815881,"violation in forward orientation",1,0.01,1,50,0.590712364249548,0.355715993350399,0.489897948556636,0.4,0.405205255231987,0.0494892618815881,"violation at burn-in",1,150,0.283408783110177,0.711740763682334,0.39491208585653,0.489897948556636,0.713732911266445,0.00199214758411115,"violation"
128,50,"forward",0.612137383051339,0.275078575707952,0.493558507170123,0.346987031457949,0.383993418929201,0.108914843221249,"violation in forward orientation",1,0.01,1,50,0.612137383051339,0.275078575707952,0.493558507170123,0.346987031457949,0.383993418929201,0.108914843221249,"violation at burn-in",1,110,0.411196235626877,0.577086061449853,0.454181672610793,0.497015888466787,0.584661173500692,0.00757511205083905,"violation"
129,50,"forward",0.612137383051339,0.152451248673278,0.493558507170123,0.237486841740758,0.383993418929201,0.231542170255923,"violation in forward orientation",1,0.01,1,50,0.612137383051339,0.152451248673278,0.493558507170123,0.237486841740758,0.383993418929201,0.231542170255923,"violation at burn-in",1,60,0.299311814729174,0.677962140771975,0.372677996249965,0.5,0.697670051522532,0.0197079107505567,"violation"
130,50,"reverse",0.246504271019468,0.61213738305134,0.324961536185438,0.493558507170123,0.751008319869825,0.138870936818486,"violation in reverse orientation",1,0.01,1,90,0.833781791811234,0.155964483968887,0.458257569495584,0.267821573182088,0.164554408885035,0.00858992491614791,"violation",1,50,0.246504271019468,0.61213738305134,0.324961536185438,0.493558507170123,0.751008319869825,0.138870936818486,"violation at burn-in"
131,60,"reverse",0.230926430345563,0.694529912104096,0.321022671404304,0.499722145018832,0.766742720445314,0.0722128083412176,"violation in reverse orientation",1,0.01,1,80,0.763126767493411,0.210195306156735,0.487179381747627,0.315980616494114,0.234506403964439,0.0243110978077037,"violation",1,60,0.230926430345563,0.694529912104096,0.321022671404304,0.499722145018832,0.766742720445314,0.0722128083412176,"violation"
132,50,"reverse",0.275078575707952,0.56895608070809,0.346987031457949,0.485386443980464,0.722146838644908,0.153190757936818,"violation in reverse orientation",1,0.01,1,50,0.654021127930363,0.275078575707952,0.498397431775085,0.346987031457949,0.342526424274931,0.0674478485669793,"violation at burn-in",1,50,0.275078575707952,0.56895608070809,0.346987031457949,0.485386443980464,0.722146838644908,0.153190757936818,"violation at burn-in"
133,50,"reverse",0.185611725055255,0.714489213358372,0.271293199325011,0.499599839871872,0.812512846095159,0.0980236327367869,"violation in reverse orientation",1,0.01,1,140,0.537847182749842,0.454767023275975,0.493787940934411,0.474664220738176,0.457544419386891,0.00277739611091615,"violation",1,50,0.185611725055255,0.714489213358372,0.271293199325011,0.499599839871872,0.812512846095159,0.0980236327367869,"violation at burn-in"
134,50,"forward",0.633238465893974,0.246504271019468,0.496386945839634,0.324961536185438,0.363102295368924,0.116598024349456,"violation in forward orientation",1,0.01,1,50,0.633238465893974,0.246504271019468,0.496386945839634,0.324961536185438,0.363102295368924,0.116598024349456,"violation at burn-in",1,50,0.329560327676681,0.61213738305134,0.384187454245971,0.493558507170123,0.667117535965855,0.0549801529145156,"violation at burn-in"
135,50,"forward",0.633238465893974,0.355715993350399,0.496386945839634,0.4,0.363102295368924,0.00738630201852453,"violation in forward orientation",1,0.01,1,50,0.633238465893974,0.355715993350399,0.496386945839634,0.4,0.363102295368924,0.00738630201852453,"violation at burn-in",1,90,0.187580741083115,0.721968833534088,0.3,0.493913572686508,0.810524041127228,0.0885552075931396,"violation"
136,50,"reverse",0.275078575707952,0.590712364249548,0.346987031457949,0.489897948556636,0.722146838644908,0.13143447439536,"violation in reverse orientation",1,0.01,1,60,0.53818458826428,0.404119734820393,0.481894409826699,0.433012701892219,0.457210371113416,0.0530906362930226,"violation",1,50,0.275078575707952,0.590712364249548,0.346987031457949,0.489897948556636,0.722146838644908,0.13143447439536,"violation at burn-in"
137,50,"reverse",0.246504271019468,0.734021127930363,0.324961536185438,0.498397431775084,0.751008319869825,0.0169871919394623,"violation in reverse orientation",1,0.01,1,70,0.679232364913215,0.314054244758118,0.499795876701026,0.388875931109034,0.317566043291448,0.00351179853333017,"violation",1,50,0.246504271019468,0.734021127930363,0.324961536185438,0.498397431775084,0.751008319869825,0.0169871919394623,"violation at burn-in"
138,60,"reverse",0.277090389131333,0.710899562289484,0.357071421427142,0.498887651569859,0.72011480616048,0.00921524387099626,"violation in reverse orientation",1,0.01,1,100,0.763912853250174,0.21013284630978,0.482804308182932,0.324961536185438,0.233728139891643,0.0235952935818629,"violation",1,60,0.277090389131333,0.710899562289484,0.357071421427142,0.498887651569859,0.72011480616048,0.00921524387099626,"violation"
139,50,"reverse",0.185611725055255,0.80895608070809,0.271293199325011,0.485386443980464,0.812512846095159,0.00355676538706962,"violation in reverse orientation",1,0.01,1,70,0.748285526233975,0.199008410223142,0.492598275701905,0.3,0.249199972405975,0.0501915621828331,"violation",1,50,0.185611725055255,0.80895608070809,0.271293199325011,0.485386443980464,0.812512846095159,0.00355676538706962,"violation at burn-in"
140,60,"reverse",0.25432432379694,0.74303982794241,0.339934634239519,0.495535624910617,0.743109674255333,6.98463129227278e-05,"violation in reverse orientation",1,0.01,1,80,0.830809380365391,0.117384507872718,0.463512405443479,0.217944947177034,0.167497244342826,0.0501127364701084,"violation",1,60,0.25432432379694,0.74303982794241,0.339934634239519,0.495535624910617,0.743109674255333,6.98463129227278e-05,"violation"
141,50,"reverse",0.329560327676681,0.56895608070809,0.384187454245971,0.485386443980464,0.667117535965855,0.0981614552577655,"violation in reverse orientation",1,0.01,1,80,0.629397303997039,0.32367253060101,0.499374608885954,0.4,0.366905237066388,0.0432327064653785,"violation",1,50,0.329560327676681,0.56895608070809,0.384187454245971,0.485386443980464,0.667117535965855,0.0981614552577655,"violation at burn-in"
142,60,"reverse",0.299311814729174,0.661196578770763,0.372677996249965,0.499722145018832,0.697670051522532,0.036473472751769,"violation in reverse orientation",1,0.01,1,70,0.59189294941248,0.349704765490709,0.494871659305393,0.410325903324145,0.4040364170877,0.0543316515969913,"violation",1,60,0.299311814729174,0.661196578770763,0.372677996249965,0.499722145018832,0.697670051522532,0.036473472751769,"violation"
143,70,"reverse",0.25834289775755,0.734750092269623,0.349927106111883,0.494871659305394,0.739050712954978,0.00430062068535508,"violation in reverse orientation",1,0.01,1,80,0.715878168740764,0.260399815732986,0.496078370824611,0.357071421427142,0.281284871304378,0.0208850555713923,"violation",1,70,0.25834289775755,0.734750092269623,0.349927106111883,0.494871659305394,0.739050712954978,0.00430062068535508,"violation"
144,50,"reverse",0.185611725055255,0.80895608070809,0.271293199325011,0.485386443980464,0.812512846095159,0.00355676538706962,"violation in reverse orientation",1,0.01,1,120,0.651808712749861,0.340735816085425,0.499374608885954,0.422952584681651,0.344716825556572,0.00398100947114655,"violation",1,50,0.185611725055255,0.80895608070809,0.271293199325011,0.485386443980464,0.812512846095159,0.00355676538706962,"violation at burn-in"
145,50,"forward",0.734021127930363,0.185611725055255,0.498397431775084,0.271293199325011,0.263322437574998,0.0777107125197433,"violation in forward orientation",1,0.01,1,50,0.734021127930363,0.185611725055255,0.498397431775084,0.271293199325011,0.263322437574998,0.0777107125197433,"violation at burn-in",1,80,0.227252112493843,0.751467297585606,0.330718913883074,0.489897948556636,0.770453965805364,0.018986668219758,"violation"
146,50,"forward",0.714489213358372,0.246504271019468,0.499599839871872,0.324961536185438,0.2826600063498,0.0361557353303321,"violation in forward orientation",1,0.01,1,50,0.714489213358372,0.246504271019468,0.499599839871872,0.324961536185438,0.2826600063498,0.0361557353303321,"violation at burn-in",1,60,0.321054517826778,0.661196578770763,0.386939558874797,0.499722145018832,0.675708830625936,0.0145122518551728,"violation"
147,60,"reverse",0.181705607971508,0.774366575369876,0.276385399196283,0.489897948556636,0.816458220308248,0.042091644938372,"violation in reverse orientation",1,0.01,1,80,0.703815767828986,0.276559731956136,0.49749371855331,0.368908864084343,0.2932272493217,0.0166675173655638,"violation",1,60,0.181705607971508,0.774366575369876,0.276385399196283,0.489897948556636,0.816458220308248,0.042091644938372,"violation"
148,50,"reverse",0.116284945699819,0.80895608070809,0.195959179422654,0.485386443980464,0.882536371166524,0.0735802904584345,"violation in reverse orientation",1,0.01,1,150,0.58721595995273,0.389809930959501,0.499288382489407,0.45220447685631,0.408666869724773,0.0188569387652719,"violation",1,50,0.116284945699819,0.80895608070809,0.195959179422654,0.485386443980464,0.882536371166524,0.0735802904584345,"violation at burn-in"
149,50,"reverse",0.275078575707952,0.674489213358372,0.346987031457949,0.499599839871872,0.722146838644908,0.0476576252865357,"violation in reverse orientation",1,0.01,1,60,0.789716484604453,0.206777284463185,0.486198404860494,0.3,0.208181258959215,0.00140397449602961,"violation",1,50,0.275078575707952,0.674489213358372,0.346987031457949,0.499599839871872,0.722146838644908,0.0476576252865357,"violation at burn-in"
150,50,"reverse",0.216786995012799,0.753238465893974,0.3,0.496386945839634,0.781024259465647,0.0277857935716735,"violation in reverse orientation",1,0.01,1,150,0.73699135152777,0.259673378564744,0.483689523925788,0.37853518844209,0.260381768196187,0.000708389631442707,"violation",1,50,0.216786995012799,0.753238465893974,0.3,0.496386945839634,0.781024259465647,0.0277857935716735,"violation at burn-in"
151,50,"forward",0.56895608070809,0.355715993350399,0.485386443980464,0.4,0.426745060135208,0.071029066784809,"violation in forward orientation",1,0.01,1,50,0.56895608070809,0.355715993350399,0.485386443980464,0.4,0.426745060135208,0.071029066784809,"violation at burn-in",1,50,0.355715993350399,0.61213738305134,0.4,0.493558507170123,0.640699001481918,0.0285616184305789,"violation at burn-in"
152,60,"reverse",0.206777284463185,0.758806370529702,0.3,0.493006648591635,0.791134569278749,0.0323281987490477,"violation in reverse orientation",1,0.01,1,70,0.851237844761596,0.133747440669977,0.458257569495584,0.232115382989599,0.147272046563612,0.013524605893635,"violation",1,60,0.206777284463185,0.758806370529702,0.3,0.493006648591635,0.791134569278749,0.0323281987490477,"violation"
153,50,"forward",0.501594493296846,0.381261936620275,0.466476151587624,0.41424630354416,0.49343638855279,0.112174451932516,"violation in forward orientation",1,0.01,1,50,0.501594493296846,0.381261936620275,0.466476151587624,0.41424630354416,0.49343638855279,0.112174451932516,"violation at burn-in",1,60,0.277090389131333,0.661196578770763,0.357071421427142,0.499722145018832,0.72011480616048,0.0589182273897175,"violation"
154,50,"reverse",0.275078575707952,0.714489213358372,0.346987031457949,0.499599839871872,0.722146838644908,0.00765762528653569,"violation in reverse orientation",1,0.01,1,80,0.654590663251262,0.292478733192347,0.5,0.379967103839267,0.341962555925161,0.0494838227328142,"violation",1,50,0.275078575707952,0.714489213358372,0.346987031457949,0.499599839871872,0.722146838644908,0.00765762528653569,"violation at burn-in"
155,50,"forward",0.674489213358372,0.302716065288689,0.499599839871872,0.366606055596467,0.322261999699767,0.0195459344110779,"violation in forward orientation",1,0.01,1,50,0.674489213358372,0.302716065288689,0.499599839871872,0.366606055596467,0.322261999699767,0.0195459344110779,"violation at burn-in",1,90,0.330249254092939,0.645967901805191,0.408097059382377,0.5,0.666421685724005,0.020453783918814,"violation"
156,50,"forward",0.524410079701748,0.275078575707952,0.47370877129308,0.346987031457949,0.470847821025727,0.195769245317775,"violation in forward orientation",1,0.01,1,50,0.524410079701748,0.275078575707952,0.47370877129308,0.346987031457949,0.470847821025727,0.195769245317775,"violation at burn-in",1,50,0.275078575707952,0.654021127930363,0.346987031457949,0.498397431775084,0.722146838644908,0.0681257107145452,"violation at burn-in"
157,50,"reverse",0.216786995012799,0.674489213358372,0.3,0.499599839871872,0.781024259465647,0.106535046107275,"violation in reverse orientation",1,0.01,1,60,0.758806370529702,0.206777284463185,0.493006648591635,0.3,0.23878381226009,0.0320065277969046,"violation",1,50,0.216786995012799,0.674489213358372,0.3,0.499599839871872,0.781024259465647,0.106535046107275,"violation at burn-in"
158,50,"reverse",0.381261936620275,0.56895608070809,0.41424630354416,0.485386443980464,0.614896317213858,0.0459402365057685,"violation in reverse orientation",1,0.01,1,90,0.645967901805191,0.261362863693741,0.5,0.362433476228891,0.350499519461302,0.0891366557675611,"violation",1,50,0.381261936620275,0.56895608070809,0.41424630354416,0.485386443980464,0.614896317213858,0.0459402365057685,"violation at burn-in"
159,50,"reverse",0.116284945699819,0.844410079701748,0.195959179422654,0.47370877129308,0.882536371166524,0.0381262914647764,"violation in reverse orientation",1,0.01,1,90,0.645967901805191,0.330249254092939,0.5,0.408097059382377,0.350499519461302,0.0202502653683632,"violation",1,50,0.116284945699819,0.844410079701748,0.195959179422654,0.47370877129308,0.882536371166524,0.0381262914647764,"violation at burn-in"
160,50,"forward",0.772137383051339,0.116284945699819,0.493558507170123,0.195959179422654,0.225585445529334,0.109300499829515,"violation in forward orientation",1,0.01,1,50,0.772137383051339,0.116284945699819,0.493558507170123,0.195959179422654,0.225585445529334,0.109300499829515,"violation at burn-in",1,50,0.185611725055255,0.80895608070809,0.271293199325011,0.485386443980464,0.812512846095159,0.00355676538706962,"violation at burn-in"
161,50,"forward",0.694644991687999,0.185611725055255,0.5,0.271293199325011,0.302306774715435,0.11669504966018,"violation in forward orientation",1,0.01,1,50,0.694644991687999,0.185611725055255,0.5,0.271293199325011,0.302306774715435,0.11669504966018,"violation at burn-in",1,60,0.230926430345563,0.710899562289484,0.321022671404304,0.498887651569859,0.766742720445314,0.0558431581558295,"violation"
162,50,"reverse",0.185611725055255,0.753238465893974,0.271293199325011,0.496386945839634,0.812512846095159,0.0592743802011856,"violation in reverse orientation",1,0.01,1,60,0.727070094348715,0.25432432379694,0.49749371855331,0.339934634239519,0.270204307216893,0.0158799834199536,"violation",1,50,0.185611725055255,0.753238465893974,0.271293199325011,0.496386945839634,0.812512846095159,0.0592743802011856,"violation at burn-in"
163,50,"forward",0.714489213358372,0.152451248673278,0.499599839871872,0.237486841740758,0.2826600063498,0.130208757676522,"violation in forward orientation",1,0.01,1,50,0.714489213358372,0.152451248673278,0.499599839871872,0.237486841740758,0.2826600063498,0.130208757676522,"violation at burn-in",1,60,0.404119734820393,0.574366575369876,0.433012701892219,0.489897948556636,0.591808794322653,0.0174422189527769,"violation"
164,70,"forward",0.451237844761596,0.483583542674893,0.458257569495584,0.469693777793531,0.54421713950385,0.0606335968289569,"violation in forward orientation",1,0.01,1,70,0.451237844761596,0.483583542674893,0.458257569495584,0.469693777793531,0.54421713950385,0.0606335968289569,"violation",1,70,0.219286761535403,0.734750092269623,0.318157963590287,0.494871659305394,0.77849936987182,0.043749277602197,"violation"
165,70,"reverse",0.239040057693904,0.748285526233975,0.334724986110285,0.492598275701905,0.758547549786463,0.0102620235524884,"violation in reverse orientation",1,0.01,1,90,0.721968833534088,0.217843543370117,0.493913572686508,0.327542288288526,0.275254809638326,0.0574112662682091,"violation",1,70,0.239040057693904,0.748285526233975,0.334724986110285,0.492598275701905,0.758547549786463,0.0102620235524884,"violation"
166,70,"forward",0.66501401703857,0.295810536031579,0.5,0.376883027379226,0.331642916240928,0.0358323802093491,"violation in forward orientation",1,0.01,1,70,0.66501401703857,0.295810536031579,0.5,0.376883027379226,0.331642916240928,0.0358323802093491,"violation",1,100,0.261683564317147,0.716895688006175,0.366606055596467,0.493558507170123,0.735676472138285,0.0187807841321097,"violation"
167,50,"reverse",0.216786995012799,0.714489213358372,0.3,0.499599839871872,0.781024259465647,0.0665350461072749,"violation in reverse orientation",1,0.01,1,100,0.697680196938796,0.286560022992806,0.496386945839634,0.384187454245971,0.299301770261489,0.0127417472686832,"violation",1,50,0.216786995012799,0.714489213358372,0.3,0.499599839871872,0.781024259465647,0.0665350461072749,"violation at burn-in"
168,50,"forward",0.633238465893974,0.275078575707952,0.496386945839634,0.346987031457949,0.363102295368924,0.0880237196609716,"violation in forward orientation",1,0.01,1,50,0.633238465893974,0.275078575707952,0.496386945839634,0.346987031457949,0.363102295368924,0.0880237196609716,"violation at burn-in",1,50,0.329560327676681,0.654021127930363,0.384187454245971,0.498397431775084,0.667117535965855,0.0130964080354924,"violation at burn-in"
169,50,"forward",0.714489213358372,0.152451248673278,0.499599839871872,0.237486841740758,0.2826600063498,0.130208757676522,"violation in forward orientation",1,0.01,1,50,0.714489213358372,0.152451248673278,0.499599839871872,0.237486841740758,0.2826600063498,0.130208757676522,"violation at burn-in",1,70,0.277251743648749,0.693315814683084,0.363935405795914,0.499183005990176,0.719951830003204,0.0266360153201204,"violation"
170,50,"reverse",0.246504271019468,0.654021127930363,0.324961536185438,0.498397431775084,0.751008319869825,0.0969871919394624,"violation in reverse orientation",1,0.01,1,50,0.80895608070809,0.185611725055255,0.485386443980464,0.271293199325011,0.189133100035408,0.00352137498015315,"violation at burn-in",1,50,0.246504271019468,0.654021127930363,0.324961536185438,0.498397431775084,0.751008319869825,0.0969871919394624,"violation at burn-in"
171,50,"reverse",0.216786995012799,0.633238465893974,0.3,0.496386945839634,0.781024259465647,0.147785793571674,"violation in reverse orientation",1,0.01,1,90,0.794279587966123,0.187580741083115,0.475186772896513,0.3,0.203663559234613,0.0160828181514979,"violation",1,50,0.216786995012799,0.633238465893974,0.3,0.496386945839634,0.781024259465647,0.147785793571674,"violation at burn-in"
172,50,"reverse",0.246504271019468,0.546859192020479,0.324961536185438,0.48,0.751008319869825,0.204149127849346,"violation in reverse orientation",1,0.01,1,50,0.674489213358372,0.216786995012799,0.499599839871872,0.3,0.322261999699767,0.105475004686968,"violation at burn-in",1,50,0.246504271019468,0.546859192020479,0.324961536185438,0.48,0.751008319869825,0.204149127849346,"violation at burn-in"
173,50,"forward",0.654021127930363,0.275078575707952,0.498397431775085,0.346987031457949,0.342526424274931,0.0674478485669793,"violation in forward orientation",1,0.01,1,50,0.654021127930363,0.275078575707952,0.498397431775085,0.346987031457949,0.342526424274931,0.0674478485669793,"violation at burn-in",1,50,0.329560327676681,0.654021127930363,0.384187454245971,0.498397431775084,0.667117535965855,0.0130964080354924,"violation at burn-in"
174,50,"forward",0.56895608070809,0.355715993350399,0.485386443980464,0.4,0.426745060135208,0.071029066784809,"violation in forward orientation",1,0.01,1,50,0.56895608070809,0.355715993350399,0.485386443980464,0.4,0.426745060135208,0.071029066784809,"violation at burn-in",1,60,0.12757189874012,0.848900834988849,0.217944947177034,0.465176191231762,0.871135982362297,0.0222351473734479,"violation"
175,50,"reverse",0.185611725055255,0.734021127930363,0.271293199325011,0.498397431775084,0.812512846095159,0.0784917181647964,"violation in reverse orientation",1,0.01,1,90,0.678976500805676,0.303158498150334,0.498887651569859,0.391420332306856,0.317819361508579,0.014660863358245,"violation",1,50,0.185611725055255,0.734021127930363,0.271293199325011,0.498397431775084,0.812512846095159,0.0784917181647964,"violation at burn-in"
176,50,"forward",0.734021127930363,0.0275269587093167,0.498397431775084,0.0707106781186548,0.263322437574998,0.235795478865681,"violation in forward orientation",1,0.01,1,50,0.734021127930363,0.0275269587093167,0.498397431775084,0.0707106781186548,0.263322437574998,0.235795478865681,"violation at burn-in",1,60,0.277090389131333,0.694529912104096,0.357071421427142,0.499722145018832,0.72011480616048,0.0255848940563843,"violation"
177,50,"reverse",0.116284945699819,0.714489213358372,0.195959179422654,0.499599839871872,0.882536371166524,0.168047157808152,"violation in reverse orientation",1,0.01,1,70,0.66501401703857,0.314054244758118,0.5,0.388875931109034,0.331642916240928,0.0175886714828098,"violation",1,50,0.116284945699819,0.714489213358372,0.195959179422654,0.499599839871872,0.882536371166524,0.168047157808152,"violation at burn-in"
178,50,"forward",0.633238465893974,0.152451248673278,0.496386945839634,0.237486841740758,0.363102295368924,0.210651046695646,"violation in forward orientation",1,0.01,1,50,0.633238465893974,0.152451248673278,0.496386945839634,0.237486841740758,0.363102295368924,0.210651046695646,"violation at burn-in",1,50,0.246504271019468,0.714489213358372,0.324961536185438,0.499599839871872,0.751008319869825,0.0365191065114528,"violation at burn-in"
179,50,"forward",0.714489213358372,0.152451248673278,0.499599839871872,0.237486841740758,0.2826600063498,0.130208757676522,"violation in forward orientation",1,0.01,1,50,0.714489213358372,0.152451248673278,0.499599839871872,0.237486841740758,0.2826600063498,0.130208757676522,"violation at burn-in",1,50,0.246504271019468,0.714489213358372,0.324961536185438,0.499599839871872,0.751008319869825,0.0365191065114528,"violation at burn-in"
180,50,"forward",0.654021127930363,0.152451248673278,0.498397431775085,0.237486841740758,0.342526424274931,0.190075175601653,"violation in forward orientation",1,0.01,1,50,0.654021127930363,0.152451248673278,0.498397431775085,0.237486841740758,0.342526424274931,0.190075175601653,"violation at burn-in",1,50,0.246504271019468,0.61213738305134,0.324961536185438,0.493558507170123,0.751008319869825,0.138870936818486,"violation at burn-in"
181,50,"reverse",0.185611725055255,0.694644991687999,0.271293199325011,0.5,0.812512846095159,0.11786785440716,"violation in reverse orientation",1,0.01,1,50,0.80895608070809,0.185611725055255,0.485386443980464,0.271293199325011,0.189133100035408,0.00352137498015315,"violation at burn-in",1,50,0.185611725055255,0.694644991687999,0.271293199325011,0.5,0.812512846095159,0.11786785440716,"violation at burn-in"
182,50,"reverse",0.302716065288689,0.674489213358372,0.366606055596467,0.499599839871872,0.694231587676098,0.0197423743177255,"violation in reverse orientation",1,0.01,1,70,0.813795356759835,0.178102889634612,0.474664220738176,0.279941684889506,0.184341975584911,0.00623908595029896,"violation",1,50,0.302716065288689,0.674489213358372,0.366606055596467,0.499599839871872,0.694231587676098,0.0197423743177255,"violation at burn-in"
183,50,"forward",0.633238465893974,0.185611725055255,0.496386945839634,0.271293199325011,0.363102295368924,0.177490570313669,"violation in forward orientation",1,0.01,1,50,0.633238465893974,0.185611725055255,0.496386945839634,0.271293199325011,0.363102295368924,0.177490570313669,"violation at burn-in",1,50,0.216786995012799,0.77213738305134,0.3,0.493558507170123,0.781024259465647,0.00888687641430763,"violation at burn-in"
184,50,"reverse",0.246504271019468,0.633238465893974,0.324961536185438,0.496386945839634,0.751008319869825,0.117769853975852,"violation in reverse orientation",1,0.01,1,50,0.714489213358372,0.246504271019468,0.499599839871872,0.324961536185438,0.2826600063498,0.0361557353303321,"violation at burn-in",1,50,0.246504271019468,0.633238465893974,0.324961536185438,0.496386945839634,0.751008319869825,0.117769853975852,"violation at burn-in"
185,50,"reverse",0.216786995012799,0.714489213358372,0.3,0.499599839871872,0.781024259465647,0.0665350461072749,"violation in reverse orientation",1,0.01,1,70,0.621549582751732,0.349704765490709,0.498159879261791,0.410325903324145,0.374674872180614,0.024970106689905,"violation",1,50,0.216786995012799,0.714489213358372,0.3,0.499599839871872,0.781024259465647,0.0665350461072749,"violation at burn-in"
186,50,"forward",0.612137383051339,0.246504271019468,0.493558507170123,0.324961536185438,0.383993418929201,0.137489147909733,"violation in forward orientation",1,0.01,1,50,0.612137383051339,0.246504271019468,0.493558507170123,0.324961536185438,0.383993418929201,0.137489147909733,"violation at burn-in",1,50,0.152451248673278,0.753238465893974,0.237486841740758,0.496386945839634,0.846006590805365,0.0927681249113917,"violation at burn-in"
187,50,"forward",0.56895608070809,0.381261936620275,0.485386443980464,0.41424630354416,0.426745060135208,0.0454831235149337,"violation in forward orientation",1,0.01,1,50,0.56895608070809,0.381261936620275,0.485386443980464,0.41424630354416,0.426745060135208,0.0454831235149337,"violation at burn-in",1,90,0.261362863693741,0.732531618198095,0.362433476228891,0.492035329455212,0.73600039585654,0.003468777658445,"violation"
188,50,"forward",0.654021127930363,0.216786995012799,0.498397431775085,0.3,0.342526424274931,0.125739429262132,"violation in forward orientation",1,0.01,1,50,0.654021127930363,0.216786995012799,0.498397431775085,0.3,0.342526424274931,0.125739429262132,"violation at burn-in",1,90,0.217843543370117,0.743018751298959,0.327542288288526,0.489897948556636,0.779957092620807,0.0369383413218477,"violation"
189,50,"forward",0.590712364249548,0.216786995012799,0.489897948556636,0.3,0.405205255231987,0.188418260219188,"violation in forward orientation",1,0.01,1,50,0.590712364249548,0.216786995012799,0.489897948556636,0.3,0.405205255231987,0.188418260219188,"violation at burn-in",1,90,0.303158498150334,0.645967901805191,0.391420332306856,0.5,0.69378470829027,0.0478168064850789,"violation"
190,60,"reverse",0.230926430345563,0.74303982794241,0.321022671404304,0.495535624910617,0.766742720445314,0.0237028925029031,"violation in reverse orientation",1,0.01,1,90,0.600945650434495,0.303158498150334,0.498020774022555,0.391420332306856,0.395073791945874,0.0919152937955398,"violation",1,60,0.230926430345563,0.74303982794241,0.321022671404304,0.495535624910617,0.766742720445314,0.0237028925029031,"violation"
191,50,"forward",0.633238465893974,0.185611725055255,0.496386945839634,0.271293199325011,0.363102295368924,0.177490570313669,"violation in forward orientation",1,0.01,1,50,0.633238465893974,0.185611725055255,0.496386945839634,0.271293199325011,0.363102295368924,0.177490570313669,"violation at burn-in",1,50,0.246504271019468,0.654021127930363,0.324961536185438,0.498397431775084,0.751008319869825,0.0969871919394624,"violation at burn-in"
192,50,"forward",0.654021127930363,0.185611725055255,0.498397431775085,0.271293199325011,0.342526424274931,0.156914699219677,"violation in forward orientation",1,0.01,1,50,0.654021127930363,0.185611725055255,0.498397431775085,0.271293199325011,0.342526424274931,0.156914699219677,"violation at burn-in",1,60,0.277090389131333,0.710899562289484,0.357071421427142,0.498887651569859,0.72011480616048,0.00921524387099626,"violation"
193,50,"forward",0.772137383051339,0.216786995012799,0.493558507170123,0.3,0.225585445529334,0.00879845051653486,"violation in forward orientation",1,0.01,1,50,0.772137383051339,0.216786995012799,0.493558507170123,0.3,0.225585445529334,0.00879845051653486,"violation at burn-in",1,80,0.260399815732986,0.715878168740764,0.357071421427142,0.496078370824611,0.736973122610211,0.021094953869447,"violation"
194,50,"reverse",0.246504271019468,0.478395081610861,0.324961536185438,0.458257569495584,0.751008319869825,0.272613238258964,"violation in reverse orientation",1,0.01,1,50,0.753238465893974,0.0745005976726398,0.496386945839634,0.14,0.244296315319024,0.169795717646384,"violation at burn-in",1,50,0.246504271019468,0.478395081610861,0.324961536185438,0.458257569495584,0.751008319869825,0.272613238258964,"violation at burn-in"
195,50,"reverse",0.302716065288689,0.61213738305134,0.366606055596467,0.493558507170123,0.694231587676098,0.0820942046247582,"violation in reverse orientation",1,0.01,1,60,0.710899562289484,0.25432432379694,0.498887651569859,0.339934634239519,0.286213939793771,0.031889615996831,"violation",1,50,0.302716065288689,0.61213738305134,0.366606055596467,0.493558507170123,0.694231587676098,0.0820942046247582,"violation at burn-in"
196,50,"reverse",0.246504271019468,0.654021127930363,0.324961536185438,0.498397431775084,0.751008319869825,0.0969871919394624,"violation in reverse orientation",1,0.01,1,50,0.753238465893974,0.216786995012799,0.496386945839634,0.3,0.244296315319024,0.0275093203062242,"violation at burn-in",1,50,0.246504271019468,0.654021127930363,0.324961536185438,0.498397431775084,0.751008319869825,0.0969871919394624,"violation at burn-in"
197,50,"reverse",0.152451248673278,0.77213738305134,0.237486841740758,0.493558507170123,0.846006590805365,0.0738692077540258,"violation in reverse orientation",1,0.01,1,50,0.80895608070809,0.116284945699819,0.485386443980464,0.195959179422654,0.189133100035408,0.0728481543355885,"violation at burn-in",1,50,0.152451248673278,0.77213738305134,0.237486841740758,0.493558507170123,0.846006590805365,0.0738692077540258,"violation at burn-in"
198,50,"reverse",0.246504271019468,0.654021127930363,0.324961536185438,0.498397431775084,0.751008319869825,0.0969871919394624,"violation in reverse orientation",1,0.01,1,90,0.668045886935067,0.289392299544533,0.499505928733089,0.382325567424117,0.328641213953952,0.0392489144094194,"violation",1,50,0.246504271019468,0.654021127930363,0.324961536185438,0.498397431775084,0.751008319869825,0.0969871919394624,"violation at burn-in"
199,50,"reverse",0.185611725055255,0.654021127930363,0.271293199325011,0.498397431775084,0.812512846095159,0.158491718164796,"violation in reverse orientation",1,0.01,1,60,0.710899562289484,0.230926430345563,0.498887651569859,0.321022671404304,0.286213939793771,0.0552875094482075,"violation",1,50,0.185611725055255,0.654021127930363,0.271293199325011,0.498397431775084,0.812512846095159,0.158491718164796,"violation at burn-in"
200,60,"forward",0.774366575369876,0.181705607971508,0.489897948556636,0.276385399196283,0.223378434044973,0.0416728260734642,"violation in forward orientation",1,0.01,1,60,0.774366575369876,0.181705607971508,0.489897948556636,0.276385399196283,0.223378434044973,0.0416728260734642,"violation",1,60,0.206777284463185,0.774366575369876,0.3,0.489897948556636,0.791134569278749,0.0167679939088737,"violation"
201,50,"reverse",0.216786995012799,0.694644991687999,0.3,0.5,0.781024259465647,0.0863792677776481,"violation in reverse orientation",1,0.01,1,60,0.482234168322183,0.463104996184793,0.465176191231762,0.458257569495584,0.512909297712485,0.0498043015276918,"violation",1,50,0.216786995012799,0.694644991687999,0.3,0.5,0.781024259465647,0.0863792677776481,"violation at burn-in"
202,60,"reverse",0.25432432379694,0.727070094348715,0.339934634239519,0.49749371855331,0.743109674255333,0.016039579906618,"violation in reverse orientation",1,0.01,1,70,0.707263868466018,0.239040057693904,0.498159879261791,0.334724986110285,0.289813457859256,0.0507734001653523,"violation",1,60,0.25432432379694,0.727070094348715,0.339934634239519,0.49749371855331,0.743109674255333,0.016039579906618,"violation"
203,50,"reverse",0.355715993350399,0.61213738305134,0.4,0.493558507170123,0.640699001481918,0.0285616184305789,"violation in reverse orientation",1,0.01,1,90,0.774015565121441,0.202857682846242,0.481894409826699,0.314269680527354,0.223725951683079,0.0208682688368367,"violation",1,50,0.355715993350399,0.61213738305134,0.4,0.493558507170123,0.640699001481918,0.0285616184305789,"violation at burn-in"
204,50,"reverse",0.381261936620275,0.546859192020479,0.41424630354416,0.48,0.614896317213858,0.0680371251933791,"violation in reverse orientation",1,0.01,1,110,0.721123744751963,0.250278717268158,0.491666083017817,0.36147082458311,0.276091489646572,0.0258127723784143,"violation",1,50,0.381261936620275,0.546859192020479,0.41424630354416,0.48,0.614896317213858,0.0680371251933791,"violation at burn-in"
205,50,"reverse",0.302716065288689,0.61213738305134,0.366606055596467,0.493558507170123,0.694231587676098,0.0820942046247582,"violation in reverse orientation",1,0.01,1,70,0.788036585503097,0.178102889634612,0.483186700722508,0.279941684889506,0.209844442785227,0.0317415531506151,"violation",1,50,0.302716065288689,0.61213738305134,0.366606055596467,0.493558507170123,0.694231587676098,0.0820942046247582,"violation at burn-in"
206,50,"forward",0.714489213358372,0.216786995012799,0.499599839871872,0.3,0.2826600063498,0.0658730113370008,"violation in forward orientation",1,0.01,1,50,0.714489213358372,0.216786995012799,0.499599839871872,0.3,0.2826600063498,0.0658730113370008,"violation at burn-in",1,50,0.381261936620275,0.590712364249548,0.41424630354416,0.489897948556636,0.614896317213858,0.0241839529643099,"violation at burn-in"
207,50,"forward",0.694644991687999,0.152451248673278,0.5,0.237486841740758,0.302306774715435,0.149855526042157,"violation in forward orientation",1,0.01,1,50,0.694644991687999,0.152451248673278,0.5,0.237486841740758,0.302306774715435,0.149855526042157,"violation at burn-in",1,70,0.384376285178422,0.59189294941248,0.428809457708675,0.494871659305394,0.611750668932343,0.0198577195198633,"violation"
208,50,"reverse",0.246504271019468,0.674489213358372,0.324961536185438,0.499599839871872,0.751008319869825,0.0765191065114529,"violation in reverse orientation",1,0.01,1,90,0.774015565121441,0.187580741083115,0.481894409826699,0.3,0.223725951683079,0.0361452105999646,"violation",1,50,0.246504271019468,0.674489213358372,0.324961536185438,0.499599839871872,0.751008319869825,0.0765191065114529,"violation at burn-in"
209,50,"reverse",0.152451248673278,0.753238465893974,0.237486841740758,0.496386945839634,0.846006590805365,0.0927681249113917,"violation in reverse orientation",1,0.01,1,50,0.734021127930363,0.246504271019468,0.498397431775084,0.324961536185438,0.263322437574998,0.0168181665555299,"violation at burn-in",1,50,0.152451248673278,0.753238465893974,0.237486841740758,0.496386945839634,0.846006590805365,0.0927681249113917,"violation at burn-in"
210,50,"forward",0.654021127930363,0.152451248673278,0.498397431775085,0.237486841740758,0.342526424274931,0.190075175601653,"violation in forward orientation",1,0.01,1,50,0.654021127930363,0.152451248673278,0.498397431775085,0.237486841740758,0.342526424274931,0.190075175601653,"violation at burn-in",1,50,0.275078575707952,0.654021127930363,0.346987031457949,0.498397431775084,0.722146838644908,0.0681257107145452,"violation at burn-in"
211,50,"forward",0.753238465893974,0.116284945699819,0.496386945839634,0.195959179422654,0.244296315319024,0.128011369619204,"violation in forward orientation",1,0.01,1,50,0.753238465893974,0.116284945699819,0.496386945839634,0.195959179422654,0.244296315319024,0.128011369619204,"violation at burn-in",1,50,0.116284945699819,0.80895608070809,0.195959179422654,0.485386443980464,0.882536371166524,0.0735802904584345,"violation at burn-in"
212,50,"forward",0.654021127930363,0.302716065288689,0.498397431775085,0.366606055596467,0.342526424274931,0.0398103589862424,"violation in forward orientation",1,0.01,1,50,0.654021127930363,0.302716065288689,0.498397431775085,0.366606055596467,0.342526424274931,0.0398103589862424,"violation at burn-in",1,70,0.239040057693904,0.734750092269623,0.334724986110285,0.494871659305394,0.758547549786463,0.02379745751684,"violation"
213,50,"forward",0.56895608070809,0.355715993350399,0.485386443980464,0.4,0.426745060135208,0.071029066784809,"violation in forward orientation",1,0.01,1,50,0.56895608070809,0.355715993350399,0.485386443980464,0.4,0.426745060135208,0.071029066784809,"violation at burn-in",1,50,0.355715993350399,0.590712364249548,0.4,0.489897948556636,0.640699001481918,0.0499866372323702,"violation at burn-in"
214,80,"reverse",0.260399815732986,0.715878168740764,0.357071421427142,0.496078370824611,0.736973122610211,0.021094953869447,"violation in reverse orientation",1,0.01,1,90,0.700619622653076,0.232572423955049,0.496903994999953,0.339934634239519,0.296391592321748,0.0638191683666991,"violation",1,80,0.260399815732986,0.715878168740764,0.357071421427142,0.496078370824611,0.736973122610211,0.021094953869447,"violation"
215,50,"forward",0.612137383051339,0.275078575707952,0.493558507170123,0.346987031457949,0.383993418929201,0.108914843221249,"violation in forward orientation",1,0.01,1,50,0.612137383051339,0.275078575707952,0.493558507170123,0.346987031457949,0.383993418929201,0.108914843221249,"violation at burn-in",1,60,0.299311814729174,0.694529912104096,0.372677996249965,0.499722145018832,0.697670051522532,0.00314013941843583,"violation"
216,50,"forward",0.612137383051339,0.246504271019468,0.493558507170123,0.324961536185438,0.383993418929201,0.137489147909733,"violation in forward orientation",1,0.01,1,50,0.612137383051339,0.246504271019468,0.493558507170123,0.324961536185438,0.383993418929201,0.137489147909733,"violation at burn-in",1,50,0.275078575707952,0.654021127930363,0.346987031457949,0.498397431775084,0.722146838644908,0.0681257107145452,"violation at burn-in"
217,50,"reverse",0.246504271019468,0.61213738305134,0.324961536185438,0.493558507170123,0.751008319869825,0.138870936818486,"violation in reverse orientation",1,0.01,1,50,0.674489213358372,0.302716065288689,0.499599839871872,0.366606055596467,0.322261999699767,0.0195459344110779,"violation at burn-in",1,50,0.246504271019468,0.61213738305134,0.324961536185438,0.493558507170123,0.751008319869825,0.138870936818486,"violation at burn-in"
218,50,"reverse",0.216786995012799,0.524410079701748,0.3,0.47370877129308,0.781024259465647,0.256614179763899,"violation in reverse orientation",1,0.01,1,60,0.694529912104096,0.230926430345563,0.499722145018832,0.321022671404304,0.302420709238346,0.0714942788927827,"violation",1,50,0.216786995012799,0.524410079701748,0.3,0.47370877129308,0.781024259465647,0.256614179763899,"violation at burn-in"
219,50,"reverse",0.185611725055255,0.501594493296846,0.271293199325011,0.466476151587624,0.812512846095159,0.310918352798314,"violation in reverse orientation",1,0.01,1,50,0.772137383051339,0.185611725055255,0.493558507170123,0.271293199325011,0.225585445529334,0.0399737204740795,"violation at burn-in",1,50,0.185611725055255,0.501594493296846,0.271293199325011,0.466476151587624,0.812512846095159,0.310918352798314,"violation at burn-in"
220,50,"reverse",0.275078575707952,0.694644991687999,0.346987031457949,0.5,0.722146838644908,0.0275018469569089,"violation in reverse orientation",1,0.01,1,50,0.790712364249548,0.185611725055255,0.489897948556636,0.271293199325011,0.207195288482154,0.021583563426899,"violation at burn-in",1,50,0.275078575707952,0.694644991687999,0.346987031457949,0.5,0.722146838644908,0.0275018469569089,"violation at burn-in"
221,50,"forward",0.654021127930363,0.185611725055255,0.498397431775085,0.271293199325011,0.342526424274931,0.156914699219677,"violation in forward orientation",1,0.01,1,50,0.654021127930363,0.185611725055255,0.498397431775085,0.271293199325011,0.342526424274931,0.156914699219677,"violation at burn-in",1,50,0.216786995012799,0.77213738305134,0.3,0.493558507170123,0.781024259465647,0.00888687641430763,"violation at burn-in"
222,50,"reverse",0.216786995012799,0.734021127930363,0.3,0.498397431775084,0.781024259465647,0.0470031315352843,"violation in reverse orientation",1,0.01,1,50,0.790712364249548,0.185611725055255,0.489897948556636,0.271293199325011,0.207195288482154,0.021583563426899,"violation at burn-in",1,50,0.216786995012799,0.734021127930363,0.3,0.498397431775084,0.781024259465647,0.0470031315352843,"violation at burn-in"
223,60,"forward",0.710899562289484,0.25432432379694,0.498887651569859,0.339934634239519,0.286213939793771,0.031889615996831,"violation in forward orientation",1,0.01,1,60,0.710899562289484,0.25432432379694,0.498887651569859,0.339934634239519,0.286213939793771,0.031889615996831,"violation",1,100,0.274187264057314,0.716895688006175,0.375632799419859,0.493558507170123,0.723047108126559,0.0061514201203845,"violation"
224,60,"forward",0.710899562289484,0.277090389131333,0.498887651569859,0.357071421427142,0.286213939793771,0.00912355066243775,"violation in forward orientation",1,0.01,1,60,0.710899562289484,0.277090389131333,0.498887651569859,0.357071421427142,0.286213939793771,0.00912355066243775,"violation",1,110,0.114689026904347,0.860821882296348,0.227090836305396,0.435605401844034,0.884148329212543,0.0233264469161956,"violation"
225,60,"reverse",0.181705607971508,0.804851254930947,0.276385399196283,0.481894409826699,0.816458220308248,0.0116069653773007,"violation in reverse orientation",1,0.01,1,70,0.838923452768526,0.15642378565755,0.464230765979198,0.257539376818856,0.159463908309074,0.00304012265152337,"violation",1,60,0.181705607971508,0.804851254930947,0.276385399196283,0.481894409826699,0.816458220308248,0.0116069653773007,"violation"
226,90,"reverse",0.316774321444153,0.623601442490622,0.4,0.499505928733089,0.680032043697359,0.056430601206737,"violation in reverse orientation",1,0.01,1,90,0.678976500805676,0.275464716989807,0.498887651569859,0.372677996249965,0.317819361508579,0.0423546445187717,"violation",1,90,0.316774321444153,0.623601442490622,0.4,0.499505928733089,0.680032043697359,0.056430601206737,"violation"
227,50,"reverse",0.152451248673278,0.590712364249548,0.237486841740758,0.489897948556636,0.846006590805365,0.255294226555817,"violation in reverse orientation",1,0.01,1,50,0.633238465893974,0.275078575707952,0.496386945839634,0.346987031457949,0.363102295368924,0.0880237196609716,"violation at burn-in",1,50,0.152451248673278,0.590712364249548,0.237486841740758,0.489897948556636,0.846006590805365,0.255294226555817,"violation at burn-in"
228,50,"reverse",0.246504271019468,0.714489213358372,0.324961536185438,0.499599839871872,0.751008319869825,0.0365191065114528,"violation in reverse orientation",1,0.01,1,70,0.851237844761596,0.109699356023279,0.458257569495584,0.202534955410826,0.147272046563612,0.0375726905403331,"violation",1,50,0.246504271019468,0.714489213358372,0.324961536185438,0.499599839871872,0.751008319869825,0.0365191065114528,"violation at burn-in"
229,50,"reverse",0.216786995012799,0.590712364249548,0.3,0.489897948556636,0.781024259465647,0.190311895216099,"violation in reverse orientation",1,0.01,1,50,0.734021127930363,0.216786995012799,0.498397431775084,0.3,0.263322437574998,0.0465354425621986,"violation at burn-in",1,50,0.216786995012799,0.590712364249548,0.3,0.489897948556636,0.781024259465647,0.190311895216099,"violation at burn-in"
230,50,"forward",0.674489213358372,0.275078575707952,0.499599839871872,0.346987031457949,0.322261999699767,0.0471834239918149,"violation in forward orientation",1,0.01,1,50,0.674489213358372,0.275078575707952,0.499599839871872,0.346987031457949,0.322261999699767,0.0471834239918149,"violation at burn-in",1,130,0.377601999819964,0.606718250157931,0.443560099795031,0.499763257562486,0.61859303699053,0.0118747868325986,"violation"
231,50,"reverse",0.275078575707952,0.694644991687999,0.346987031457949,0.5,0.722146838644908,0.0275018469569089,"violation in reverse orientation",1,0.01,1,80,0.763126767493411,0.210195306156735,0.487179381747627,0.315980616494114,0.234506403964439,0.0243110978077037,"violation",1,50,0.275078575707952,0.694644991687999,0.346987031457949,0.5,0.722146838644908,0.0275018469569089,"violation at burn-in"
232,50,"forward",0.734021127930363,0.216786995012799,0.498397431775084,0.3,0.263322437574998,0.0465354425621986,"violation in forward orientation",1,0.01,1,50,0.734021127930363,0.216786995012799,0.498397431775084,0.3,0.263322437574998,0.0465354425621986,"violation at burn-in",1,50,0.116284945699819,0.861594493296846,0.195959179422654,0.466476151587624,0.882536371166524,0.0209418778696784,"violation at burn-in"
233,50,"reverse",0.216786995012799,0.714489213358372,0.3,0.499599839871872,0.781024259465647,0.0665350461072749,"violation in reverse orientation",1,0.01,1,50,0.753238465893974,0.185611725055255,0.496386945839634,0.271293199325011,0.244296315319024,0.0586845902637688,"violation at burn-in",1,50,0.216786995012799,0.714489213358372,0.3,0.499599839871872,0.781024259465647,0.0665350461072749,"violation at burn-in"
234,50,"forward",0.524410079701748,0.454790769027509,0.47370877129308,0.448998886412873,0.470847821025727,0.0160570519982182,"violation in forward orientation",1,0.01,1,50,0.524410079701748,0.454790769027509,0.47370877129308,0.448998886412873,0.470847821025727,0.0160570519982182,"violation at burn-in",1,90,0.232572423955049,0.71133125754252,0.339934634239519,0.495535624910617,0.765080184325033,0.0537489267825128,"violation"
235,60,"reverse",0.277090389131333,0.677962140771975,0.357071421427142,0.5,0.72011480616048,0.0421526653885052,"violation in reverse orientation",1,0.01,1,120,0.660018390556222,0.311460526685915,0.498887651569859,0.406116431033707,0.33658883540925,0.0251283087233343,"violation",1,60,0.277090389131333,0.677962140771975,0.357071421427142,0.5,0.72011480616048,0.0421526653885052,"violation"
236,50,"reverse",0.302716065288689,0.654021127930363,0.366606055596467,0.498397431775084,0.694231587676098,0.040210459745735,"violation in reverse orientation",1,0.01,1,90,0.645967901805191,0.330249254092939,0.5,0.408097059382377,0.350499519461302,0.0202502653683632,"violation",1,50,0.302716065288689,0.654021127930363,0.366606055596467,0.498397431775084,0.694231587676098,0.040210459745735,"violation at burn-in"
237,50,"forward",0.694644991687999,0.246504271019468,0.5,0.324961536185438,0.302306774715435,0.0558025036959667,"violation in forward orientation",1,0.01,1,50,0.694644991687999,0.246504271019468,0.5,0.324961536185438,0.302306774715435,0.0558025036959667,"violation at burn-in",1,70,0.239040057693904,0.721075689618868,0.334724986110285,0.496723961448963,0.758547549786463,0.0374718601675951,"violation"
238,50,"forward",0.674489213358372,0.275078575707952,0.499599839871872,0.346987031457949,0.322261999699767,0.0471834239918149,"violation in forward orientation",1,0.01,1,50,0.674489213358372,0.275078575707952,0.499599839871872,0.346987031457949,0.322261999699767,0.0471834239918149,"violation at burn-in",1,130,0.251455309951451,0.741478838888318,0.36802688350479,0.484615384615385,0.746007522169336,0.00452868328101808,"violation"
239,50,"reverse",0.246504271019468,0.694644991687999,0.324961536185438,0.5,0.751008319869825,0.0563633281818261,"violation in reverse orientation",1,0.01,1,90,0.794279587966123,0.187580741083115,0.475186772896513,0.3,0.203663559234613,0.0160828181514979,"violation",1,50,0.246504271019468,0.694644991687999,0.324961536185438,0.5,0.751008319869825,0.0563633281818261,"violation at burn-in"
240,50,"reverse",0.216786995012799,0.61213738305134,0.3,0.493558507170123,0.781024259465647,0.168886876414308,"violation in reverse orientation",1,0.01,1,50,0.694644991687999,0.152451248673278,0.5,0.237486841740758,0.302306774715435,0.149855526042157,"violation at burn-in",1,50,0.216786995012799,0.61213738305134,0.3,0.493558507170123,0.781024259465647,0.168886876414308,"violation at burn-in"
241,70,"reverse",0.178102889634612,0.77493133917732,0.279941684889506,0.486763572497166,0.820097146566387,0.0451658073890675,"violation in reverse orientation",1,0.01,1,70,0.66501401703857,0.314054244758118,0.5,0.388875931109034,0.331642916240928,0.0175886714828098,"violation",1,70,0.178102889634612,0.77493133917732,0.279941684889506,0.486763572497166,0.820097146566387,0.0451658073890675,"violation"
242,60,"reverse",0.321054517826778,0.661196578770763,0.386939558874797,0.499722145018832,0.675708830625936,0.0145122518551728,"violation in reverse orientation",1,0.01,1,60,0.789716484604453,0.206777284463185,0.486198404860494,0.3,0.208181258959215,0.00140397449602961,"violation",1,60,0.321054517826778,0.661196578770763,0.386939558874797,0.499722145018832,0.675708830625936,0.0145122518551728,"violation"
243,50,"forward",0.790712364249548,0.152451248673278,0.489897948556636,0.237486841740758,0.207195288482154,0.0547440398088755,"violation in forward orientation",1,0.01,1,50,0.790712364249548,0.152451248673278,0.489897948556636,0.237486841740758,0.207195288482154,0.0547440398088755,"violation at burn-in",1,80,0.292478733192347,0.667042346118264,0.379967103839267,0.499843725578305,0.704571806670504,0.0375294605522405,"violation"
244,50,"reverse",0.381261936620275,0.546859192020479,0.41424630354416,0.48,0.614896317213858,0.0680371251933791,"violation in reverse orientation",1,0.01,1,60,0.694529912104096,0.299311814729174,0.499722145018832,0.372677996249965,0.302420709238346,0.0031088945091714,"violation",1,50,0.381261936620275,0.546859192020479,0.41424630354416,0.48,0.614896317213858,0.0680371251933791,"violation at burn-in"
245,50,"reverse",0.302716065288689,0.61213738305134,0.366606055596467,0.493558507170123,0.694231587676098,0.0820942046247582,"violation in reverse orientation",1,0.01,1,50,0.694644991687999,0.246504271019468,0.5,0.324961536185438,0.302306774715435,0.0558025036959667,"violation at burn-in",1,50,0.302716065288689,0.61213738305134,0.366606055596467,0.493558507170123,0.694231587676098,0.0820942046247582,"violation at burn-in"
246,60,"forward",0.710899562289484,0.277090389131333,0.498887651569859,0.357071421427142,0.286213939793771,0.00912355066243775,"violation in forward orientation",1,0.01,1,60,0.710899562289484,0.277090389131333,0.498887651569859,0.357071421427142,0.286213939793771,0.00912355066243775,"violation",1,80,0.227252112493843,0.763126767493411,0.330718913883074,0.487179381747627,0.770453965805364,0.00732719831195305,"violation"
247,50,"forward",0.633238465893974,0.275078575707952,0.496386945839634,0.346987031457949,0.363102295368924,0.0880237196609716,"violation in forward orientation",1,0.01,1,50,0.633238465893974,0.275078575707952,0.496386945839634,0.346987031457949,0.363102295368924,0.0880237196609716,"violation at burn-in",1,50,0.0745005976726397,0.844410079701748,0.14,0.47370877129308,0.92474065887288,0.0803305791711322,"violation at burn-in"
248,60,"forward",0.694529912104096,0.25432432379694,0.499722145018832,0.339934634239519,0.302420709238346,0.0480963854414062,"violation in forward orientation",1,0.01,1,60,0.694529912104096,0.25432432379694,0.499722145018832,0.339934634239519,0.302420709238346,0.0480963854414062,"violation",1,60,0.181705607971508,0.789716484604453,0.276385399196283,0.486198404860494,0.816458220308248,0.0267417357037949,"violation"
249,50,"forward",0.654021127930363,0.329560327676681,0.498397431775085,0.384187454245971,0.342526424274931,0.0129660965982503,"violation in forward orientation",1,0.01,1,50,0.654021127930363,0.329560327676681,0.498397431775085,0.384187454245971,0.342526424274931,0.0129660965982503,"violation at burn-in",1,100,0.274187264057314,0.716895688006175,0.375632799419859,0.493558507170123,0.723047108126559,0.0061514201203845,"violation"
250,60,"forward",0.74303982794241,0.25432432379694,0.495535624910617,0.339934634239519,0.254393475127437,6.91513304971192e-05,"violation in forward orientation",1,0.01,1,60,0.74303982794241,0.25432432379694,0.495535624910617,0.339934634239519,0.254393475127437,6.91513304971192e-05,"violation",1,90,0.275464716989807,0.668045886935067,0.372677996249965,0.499505928733089,0.721756816578652,0.0537109296435854,"violation"
251,50,"forward",0.633238465893974,0.355715993350399,0.496386945839634,0.4,0.363102295368924,0.00738630201852453,"violation in forward orientation",1,0.01,1,50,0.633238465893974,0.355715993350399,0.496386945839634,0.4,0.363102295368924,0.00738630201852453,"violation at burn-in",1,90,0.275464716989807,0.678976500805676,0.372677996249965,0.498887651569859,0.721756816578652,0.0427803157729759,"violation"
252,60,"forward",0.727070094348715,0.25432432379694,0.49749371855331,0.339934634239519,0.270204307216893,0.0158799834199536,"violation in forward orientation",1,0.01,1,60,0.727070094348715,0.25432432379694,0.49749371855331,0.339934634239519,0.270204307216893,0.0158799834199536,"violation",1,90,0.217843543370117,0.743018751298959,0.327542288288526,0.489897948556636,0.779957092620807,0.0369383413218477,"violation"
253,50,"forward",0.633238465893974,0.216786995012799,0.496386945839634,0.3,0.363102295368924,0.146315300356124,"violation in forward orientation",1,0.01,1,50,0.633238465893974,0.216786995012799,0.496386945839634,0.3,0.363102295368924,0.146315300356124,"violation at burn-in",1,50,0.185611725055255,0.694644991687999,0.271293199325011,0.5,0.812512846095159,0.11786785440716,"violation at burn-in"
254,50,"forward",0.612137383051339,0.216786995012799,0.493558507170123,0.3,0.383993418929201,0.167206423916402,"violation in forward orientation",1,0.01,1,50,0.612137383051339,0.216786995012799,0.493558507170123,0.3,0.383993418929201,0.167206423916402,"violation at burn-in",1,50,0.381261936620275,0.590712364249548,0.41424630354416,0.489897948556636,0.614896317213858,0.0241839529643099,"violation at burn-in"
255,80,"reverse",0.276559731956136,0.679397303997039,0.368908864084343,0.499374608885954,0.720650796528952,0.0412534925319131,"violation in reverse orientation",1,0.01,1,110,0.729746374608727,0.227251178235511,0.489897948556636,0.343174292512307,0.267554656390402,0.0403034781548907,"violation",1,80,0.276559731956136,0.679397303997039,0.368908864084343,0.499374608885954,0.720650796528952,0.0412534925319131,"violation"
256,50,"reverse",0.216786995012799,0.694644991687999,0.3,0.5,0.781024259465647,0.0863792677776481,"violation in reverse orientation",1,0.01,1,60,0.644232895622817,0.34236971261758,0.498887651569859,0.4,0.352217262043715,0.00984754942613503,"violation",1,50,0.216786995012799,0.694644991687999,0.3,0.5,0.781024259465647,0.0863792677776481,"violation at burn-in"
257,50,"reverse",0.302716065288689,0.546859192020479,0.366606055596467,0.48,0.694231587676098,0.147372395655619,"violation in reverse orientation",1,0.01,1,50,0.714489213358372,0.152451248673278,0.499599839871872,0.237486841740758,0.2826600063498,0.130208757676522,"violation at burn-in",1,50,0.302716065288689,0.546859192020479,0.366606055596467,0.48,0.694231587676098,0.147372395655619,"violation at burn-in"
258,50,"forward",0.674489213358372,0.216786995012799,0.499599839871872,0.3,0.322261999699767,0.105475004686968,"violation in forward orientation",1,0.01,1,50,0.674489213358372,0.216786995012799,0.499599839871872,0.3,0.322261999699767,0.105475004686968,"violation at burn-in",1,50,0.216786995012799,0.714489213358372,0.3,0.499599839871872,0.781024259465647,0.0665350461072749,"violation at burn-in"
259,50,"reverse",0.355715993350399,0.56895608070809,0.4,0.485386443980464,0.640699001481918,0.0717429207738288,"violation in reverse orientation",1,0.01,1,60,0.74303982794241,0.25432432379694,0.495535624910617,0.339934634239519,0.254393475127437,6.91513304971192e-05,"violation",1,50,0.355715993350399,0.56895608070809,0.4,0.485386443980464,0.640699001481918,0.0717429207738288,"violation at burn-in"
260,50,"reverse",0.185611725055255,0.80895608070809,0.271293199325011,0.485386443980464,0.812512846095159,0.00355676538706962,"violation in reverse orientation",1,0.01,1,90,0.852981205259087,0.122426786343621,0.447903208238808,0.229061423645426,0.145546032792906,0.0231192464492854,"violation",1,50,0.185611725055255,0.80895608070809,0.271293199325011,0.485386443980464,0.812512846095159,0.00355676538706962,"violation at burn-in"
261,50,"reverse",0.302716065288689,0.478395081610861,0.366606055596467,0.458257569495584,0.694231587676098,0.215836506065237,"violation in reverse orientation",1,0.01,1,50,0.714489213358372,0.152451248673278,0.499599839871872,0.237486841740758,0.2826600063498,0.130208757676522,"violation at burn-in",1,50,0.302716065288689,0.478395081610861,0.366606055596467,0.458257569495584,0.694231587676098,0.215836506065237,"violation at burn-in"
262,90,"reverse",0.356808336031459,0.61230983413901,0.422952584681651,0.498887651569859,0.639595680574401,0.027285846435391,"violation in reverse orientation",1,0.01,1,120,0.80893514765653,0.187256582526762,0.46180503341658,0.310800936649525,0.189153824799625,0.00189724227286256,"violation",1,90,0.356808336031459,0.61230983413901,0.422952584681651,0.498887651569859,0.639595680574401,0.027285846435391,"violation"
263,50,"reverse",0.185611725055255,0.753238465893974,0.271293199325011,0.496386945839634,0.812512846095159,0.0592743802011856,"violation in reverse orientation",1,0.01,1,50,0.772137383051339,0.216786995012799,0.493558507170123,0.3,0.225585445529334,0.00879845051653486,"violation at burn-in",1,50,0.185611725055255,0.753238465893974,0.271293199325011,0.496386945839634,0.812512846095159,0.0592743802011856,"violation at burn-in"
264,50,"reverse",0.275078575707952,0.694644991687999,0.346987031457949,0.5,0.722146838644908,0.0275018469569089,"violation in reverse orientation",1,0.01,1,60,0.710899562289484,0.25432432379694,0.498887651569859,0.339934634239519,0.286213939793771,0.031889615996831,"violation",1,50,0.275078575707952,0.694644991687999,0.346987031457949,0.5,0.722146838644908,0.0275018469569089,"violation at burn-in"
265,50,"forward",0.654021127930363,0.185611725055255,0.498397431775085,0.271293199325011,0.342526424274931,0.156914699219677,"violation in forward orientation",1,0.01,1,50,0.654021127930363,0.185611725055255,0.498397431775085,0.271293199325011,0.342526424274931,0.156914699219677,"violation at burn-in",1,70,0.277251743648749,0.707263868466018,0.363935405795914,0.498159879261791,0.719951830003204,0.0126879615371865,"violation"
266,50,"forward",0.590712364249548,0.302716065288689,0.489897948556636,0.366606055596467,0.405205255231987,0.102489189943298,"violation in forward orientation",1,0.01,1,50,0.590712364249548,0.302716065288689,0.489897948556636,0.366606055596467,0.405205255231987,0.102489189943298,"violation at burn-in",1,50,0.152451248673278,0.77213738305134,0.237486841740758,0.493558507170123,0.846006590805365,0.0738692077540258,"violation at burn-in"
267,50,"forward",0.790712364249548,0.185611725055255,0.489897948556636,0.271293199325011,0.207195288482154,0.021583563426899,"violation in forward orientation",1,0.01,1,50,0.790712364249548,0.185611725055255,0.489897948556636,0.271293199325011,0.207195288482154,0.021583563426899,"violation at burn-in",1,50,0.381261936620275,0.61213738305134,0.41424630354416,0.493558507170123,0.614896317213858,0.0027589341625186,"violation at burn-in"
268,50,"reverse",0.275078575707952,0.61213738305134,0.346987031457949,0.493558507170123,0.722146838644908,0.110009455593568,"violation in reverse orientation",1,0.01,1,50,0.772137383051339,0.216786995012799,0.493558507170123,0.3,0.225585445529334,0.00879845051653486,"violation at burn-in",1,50,0.275078575707952,0.61213738305134,0.346987031457949,0.493558507170123,0.722146838644908,0.110009455593568,"violation at burn-in"
269,50,"reverse",0.216786995012799,0.77213738305134,0.3,0.493558507170123,0.781024259465647,0.00888687641430763,"violation in reverse orientation",1,0.01,1,80,0.727841623971563,0.227252112493843,0.49434299833213,0.330718913883074,0.26944045444206,0.0421883419482175,"violation",1,50,0.216786995012799,0.77213738305134,0.3,0.493558507170123,0.781024259465647,0.00888687641430763,"violation at burn-in"
270,50,"reverse",0.216786995012799,0.714489213358372,0.3,0.499599839871872,0.781024259465647,0.0665350461072749,"violation in reverse orientation",1,0.01,1,80,0.667042346118264,0.292478733192347,0.499843725578305,0.379967103839267,0.329634769372788,0.0371560361804415,"violation",1,50,0.216786995012799,0.714489213358372,0.3,0.499599839871872,0.781024259465647,0.0665350461072749,"violation at burn-in"
271,50,"forward",0.80895608070809,0.185611725055255,0.485386443980464,0.271293199325011,0.189133100035408,0.00352137498015315,"violation in forward orientation",1,0.01,1,50,0.80895608070809,0.185611725055255,0.485386443980464,0.271293199325011,0.189133100035408,0.00352137498015315,"violation at burn-in",1,60,0.155449781144742,0.819765062450468,0.249443825784929,0.476969600708473,0.842977922581556,0.0232128601310879,"violation"
272,50,"reverse",0.302716065288689,0.654021127930363,0.366606055596467,0.498397431775084,0.694231587676098,0.040210459745735,"violation in reverse orientation",1,0.01,1,50,0.753238465893974,0.216786995012799,0.496386945839634,0.3,0.244296315319024,0.0275093203062242,"violation at burn-in",1,50,0.302716065288689,0.654021127930363,0.366606055596467,0.498397431775084,0.694231587676098,0.040210459745735,"violation at burn-in"
273,50,"reverse",0.275078575707952,0.478395081610861,0.346987031457949,0.458257569495584,0.722146838644908,0.243751757034047,"violation in reverse orientation",1,0.01,1,80,0.763126767493411,0.210195306156735,0.487179381747627,0.315980616494114,0.234506403964439,0.0243110978077037,"violation",1,50,0.275078575707952,0.478395081610861,0.346987031457949,0.458257569495584,0.722146838644908,0.243751757034047,"violation at burn-in"
274,90,"reverse",0.232572423955049,0.743018751298959,0.339934634239519,0.489897948556636,0.765080184325033,0.0220614330260742,"violation in reverse orientation",1,0.01,1,110,0.668434804605088,0.305937471255794,0.498675932796454,0.4,0.328256166079406,0.0223186948236119,"violation",1,90,0.232572423955049,0.743018751298959,0.339934634239519,0.489897948556636,0.765080184325033,0.0220614330260742,"violation"
275,50,"forward",0.478395081610861,0.302716065288689,0.458257569495584,0.366606055596467,0.516786967886706,0.214070902598016,"violation in forward orientation",1,0.01,1,50,0.478395081610861,0.302716065288689,0.458257569495584,0.366606055596467,0.516786967886706,0.214070902598016,"violation at burn-in",1,60,0.321054517826778,0.644232895622817,0.386939558874797,0.498887651569859,0.675708830625936,0.0314759350031182,"violation"
276,50,"reverse",0.275078575707952,0.633238465893974,0.346987031457949,0.496386945839634,0.722146838644908,0.0889083727509344,"violation in reverse orientation",1,0.01,1,70,0.77493133917732,0.219286761535403,0.486763572497166,0.318157963590287,0.222819289731305,0.00353252819590172,"violation",1,50,0.275078575707952,0.633238465893974,0.346987031457949,0.496386945839634,0.722146838644908,0.0889083727509344,"violation at burn-in"
277,50,"forward",0.590712364249548,0.302716065288689,0.489897948556636,0.366606055596467,0.405205255231987,0.102489189943298,"violation in forward orientation",1,0.01,1,50,0.590712364249548,0.302716065288689,0.489897948556636,0.366606055596467,0.405205255231987,0.102489189943298,"violation at burn-in",1,60,0.299311814729174,0.677962140771975,0.372677996249965,0.5,0.697670051522532,0.0197079107505567,"violation"
278,60,"forward",0.694529912104096,0.299311814729174,0.499722145018832,0.372677996249965,0.302420709238346,0.0031088945091714,"violation in forward orientation",1,0.01,1,60,0.694529912104096,0.299311814729174,0.499722145018832,0.372677996249965,0.302420709238346,0.0031088945091714,"violation",1,160,0.213659018315615,0.714300453905321,0.344374432848898,0.488580533279827,0.784183672851274,0.069883218945953,"violation"
279,50,"forward",0.524410079701748,0.216786995012799,0.47370877129308,0.3,0.470847821025727,0.254060826012928,"violation in forward orientation",1,0.01,1,50,0.524410079701748,0.216786995012799,0.47370877129308,0.3,0.470847821025727,0.254060826012928,"violation at burn-in",1,50,0.275078575707952,0.694644991687999,0.346987031457949,0.5,0.722146838644908,0.0275018469569089,"violation at burn-in"
280,50,"forward",0.633238465893974,0.246504271019468,0.496386945839634,0.324961536185438,0.363102295368924,0.116598024349456,"violation in forward orientation",1,0.01,1,50,0.633238465893974,0.246504271019468,0.496386945839634,0.324961536185438,0.363102295368924,0.116598024349456,"violation at burn-in",1,80,0.243974143961777,0.739705087131815,0.344374432848898,0.49228421668788,0.753563875127191,0.0138587879953758,"violation"
281,110,"forward",0.659497428436184,0.305937471255794,0.499255644281672,0.4,0.337104613869583,0.0311671426137894,"violation in forward orientation",1,0.01,1,110,0.659497428436184,0.305937471255794,0.499255644281672,0.4,0.337104613869583,0.0311671426137894,"violation",1,110,0.316792091153819,0.668434804605088,0.406659440842637,0.498675932796454,0.680014095399142,0.011579290794054,"violation"
282,80,"forward",0.703815767828986,0.292478733192347,0.49749371855331,0.379967103839267,0.2932272493217,0.000748516129353338,"violation in forward orientation",1,0.01,1,80,0.703815767828986,0.292478733192347,0.49749371855331,0.379967103839267,0.2932272493217,0.000748516129353338,"violation",1,100,0.249038993743375,0.735880378407413,0.357071421427142,0.489897948556636,0.748448122759031,0.0125677443516174,"violation"
283,50,"reverse",0.216786995012799,0.753238465893974,0.3,0.496386945839634,0.781024259465647,0.0277857935716735,"violation in reverse orientation",1,0.01,1,50,0.674489213358372,0.302716065288689,0.499599839871872,0.366606055596467,0.322261999699767,0.0195459344110779,"violation at burn-in",1,50,0.216786995012799,0.753238465893974,0.3,0.496386945839634,0.781024259465647,0.0277857935716735,"violation at burn-in"
284,50,"reverse",0.185611725055255,0.734021127930363,0.271293199325011,0.498397431775084,0.812512846095159,0.0784917181647964,"violation in reverse orientation",1,0.01,1,50,0.674489213358372,0.302716065288689,0.499599839871872,0.366606055596467,0.322261999699767,0.0195459344110779,"violation at burn-in",1,50,0.185611725055255,0.734021127930363,0.271293199325011,0.498397431775084,0.812512846095159,0.0784917181647964,"violation at burn-in"
285,50,"forward",0.654021127930363,0.152451248673278,0.498397431775085,0.237486841740758,0.342526424274931,0.190075175601653,"violation in forward orientation",1,0.01,1,50,0.654021127930363,0.152451248673278,0.498397431775085,0.237486841740758,0.342526424274931,0.190075175601653,"violation at burn-in",1,50,0.152451248673278,0.674489213358372,0.237486841740758,0.499599839871872,0.846006590805365,0.171517377446993,"violation at burn-in"
286,50,"reverse",0.0745005976726397,0.753238465893974,0.14,0.496386945839634,0.92474065887288,0.171502192978906,"violation in reverse orientation",1,0.01,1,90,0.634820744786182,0.356808336031459,0.499876527964533,0.422952584681651,0.361535760414748,0.00472742438328849,"violation",1,50,0.0745005976726397,0.753238465893974,0.14,0.496386945839634,0.92474065887288,0.171502192978906,"violation at burn-in"
287,90,"reverse",0.202857682846242,0.753429237782545,0.314269680527354,0.487498021521785,0.795093563546846,0.0416643257643011,"violation in reverse orientation",1,0.01,1,140,0.742490623520931,0.242946602113274,0.483186700722508,0.363935405795914,0.254937214873617,0.0119906127603429,"violation",1,90,0.202857682846242,0.753429237782545,0.314269680527354,0.487498021521785,0.795093563546846,0.0416643257643011,"violation"
288,50,"forward",0.80895608070809,0.185611725055255,0.485386443980464,0.271293199325011,0.189133100035408,0.00352137498015315,"violation in forward orientation",1,0.01,1,50,0.80895608070809,0.185611725055255,0.485386443980464,0.271293199325011,0.189133100035408,0.00352137498015315,"violation at burn-in",1,80,0.292478733192347,0.691655263867034,0.379967103839267,0.498591766879478,0.704571806670504,0.0129165428034701,"violation"
289,60,"reverse",0.230926430345563,0.727070094348715,0.321022671404304,0.49749371855331,0.766742720445314,0.0396726260965984,"violation in reverse orientation",1,0.01,1,60,0.661196578770763,0.321054517826778,0.499722145018832,0.386939558874797,0.335422370363318,0.0143678525365398,"violation",1,60,0.230926430345563,0.727070094348715,0.321022671404304,0.49749371855331,0.766742720445314,0.0396726260965984,"violation"
290,50,"forward",0.772137383051339,0.185611725055255,0.493558507170123,0.271293199325011,0.225585445529334,0.0399737204740795,"violation in forward orientation",1,0.01,1,50,0.772137383051339,0.185611725055255,0.493558507170123,0.271293199325011,0.225585445529334,0.0399737204740795,"violation at burn-in",1,50,0.329560327676681,0.654021127930363,0.384187454245971,0.498397431775084,0.667117535965855,0.0130964080354924,"violation at burn-in"
291,50,"forward",0.753238465893974,0.152451248673278,0.496386945839634,0.237486841740758,0.244296315319024,0.0918450666457453,"violation in forward orientation",1,0.01,1,50,0.753238465893974,0.152451248673278,0.496386945839634,0.237486841740758,0.244296315319024,0.0918450666457453,"violation at burn-in",1,60,0.299311814729174,0.694529912104096,0.372677996249965,0.499722145018832,0.697670051522532,0.00314013941843583,"violation"
292,50,"forward",0.734021127930363,0.116284945699819,0.498397431775084,0.195959179422654,0.263322437574998,0.147037491875179,"violation in forward orientation",1,0.01,1,50,0.734021127930363,0.116284945699819,0.498397431775084,0.195959179422654,0.263322437574998,0.147037491875179,"violation at burn-in",1,60,0.230926430345563,0.74303982794241,0.321022671404304,0.495535624910617,0.766742720445314,0.0237028925029031,"violation"
293,50,"forward",0.56895608070809,0.216786995012799,0.485386443980464,0.3,0.426745060135208,0.209958065122409,"violation in forward orientation",1,0.01,1,50,0.56895608070809,0.216786995012799,0.485386443980464,0.3,0.426745060135208,0.209958065122409,"violation at burn-in",1,100,0.236241940338561,0.716895688006175,0.346987031457949,0.493558507170123,0.761373788688748,0.0444781006825734,"violation"
294,50,"forward",0.674489213358372,0.216786995012799,0.499599839871872,0.3,0.322261999699767,0.105475004686968,"violation in forward orientation",1,0.01,1,50,0.674489213358372,0.216786995012799,0.499599839871872,0.3,0.322261999699767,0.105475004686968,"violation at burn-in",1,80,0.276559731956136,0.679397303997039,0.368908864084343,0.499374608885954,0.720650796528952,0.0412534925319131,"violation"
295,50,"reverse",0.116284945699819,0.654021127930363,0.195959179422654,0.498397431775084,0.882536371166524,0.228515243236161,"violation in reverse orientation",1,0.01,1,100,0.668432477215472,0.298810407487868,0.499099188538711,0.392300904918661,0.328258470311108,0.0294480628232395,"violation",1,50,0.116284945699819,0.654021127930363,0.195959179422654,0.498397431775084,0.882536371166524,0.228515243236161,"violation at burn-in"
296,50,"reverse",0.152451248673278,0.654021127930363,0.237486841740758,0.498397431775084,0.846006590805365,0.191985462875003,"violation in reverse orientation",1,0.01,1,50,0.80895608070809,0.185611725055255,0.485386443980464,0.271293199325011,0.189133100035408,0.00352137498015315,"violation at burn-in",1,50,0.152451248673278,0.654021127930363,0.237486841740758,0.498397431775084,0.846006590805365,0.191985462875003,"violation at burn-in"
297,50,"forward",0.753238465893974,0.152451248673278,0.496386945839634,0.237486841740758,0.244296315319024,0.0918450666457453,"violation in forward orientation",1,0.01,1,50,0.753238465893974,0.152451248673278,0.496386945839634,0.237486841740758,0.244296315319024,0.0918450666457453,"violation at burn-in",1,110,0.39067852237157,0.586418960663303,0.445361771415123,0.497929597731969,0.605385093202399,0.018966132539096,"violation"
298,50,"forward",0.694644991687999,0.246504271019468,0.5,0.324961536185438,0.302306774715435,0.0558025036959667,"violation in forward orientation",1,0.01,1,50,0.694644991687999,0.246504271019468,0.5,0.324961536185438,0.302306774715435,0.0558025036959667,"violation at burn-in",1,50,0.152451248673278,0.80895608070809,0.237486841740758,0.485386443980464,0.846006590805365,0.0370505100972758,"violation at burn-in"
299,50,"reverse",0.216786995012799,0.714489213358372,0.3,0.499599839871872,0.781024259465647,0.0665350461072749,"violation in reverse orientation",1,0.01,1,110,0.755332698316426,0.227251178235511,0.483530405344444,0.343174292512307,0.242222920857343,0.0149717426218314,"violation",1,50,0.216786995012799,0.714489213358372,0.3,0.499599839871872,0.781024259465647,0.0665350461072749,"violation at burn-in"
300,50,"reverse",0.329560327676681,0.56895608070809,0.384187454245971,0.485386443980464,0.667117535965855,0.0981614552577655,"violation in reverse orientation",1,0.01,1,70,0.734750092269623,0.219286761535403,0.494871659305394,0.318157963590287,0.262600726552105,0.0433139650167013,"violation",1,50,0.329560327676681,0.56895608070809,0.384187454245971,0.485386443980464,0.667117535965855,0.0981614552577655,"violation at burn-in"
301,50,"reverse",0.185611725055255,0.734021127930363,0.271293199325011,0.498397431775084,0.812512846095159,0.0784917181647964,"violation in reverse orientation",1,0.01,1,60,0.727070094348715,0.230926430345563,0.49749371855331,0.321022671404304,0.270204307216893,0.0392778768713301,"violation",1,50,0.185611725055255,0.734021127930363,0.271293199325011,0.498397431775084,0.812512846095159,0.0784917181647964,"violation at burn-in"
302,50,"reverse",0.275078575707952,0.694644991687999,0.346987031457949,0.5,0.722146838644908,0.0275018469569089,"violation in reverse orientation",1,0.01,1,80,0.590878168740764,0.369072457693506,0.496078370824611,0.42555111326373,0.405041100523024,0.0359686428295181,"violation",1,50,0.275078575707952,0.694644991687999,0.346987031457949,0.5,0.722146838644908,0.0275018469569089,"violation at burn-in"
303,50,"reverse",0.152451248673278,0.654021127930363,0.237486841740758,0.498397431775084,0.846006590805365,0.191985462875003,"violation in reverse orientation",1,0.01,1,50,0.714489213358372,0.216786995012799,0.499599839871872,0.3,0.2826600063498,0.0658730113370008,"violation at burn-in",1,50,0.152451248673278,0.654021127930363,0.237486841740758,0.498397431775084,0.846006590805365,0.191985462875003,"violation at burn-in"
304,50,"reverse",0.246504271019468,0.674489213358372,0.324961536185438,0.499599839871872,0.751008319869825,0.0765191065114529,"violation in reverse orientation",1,0.01,1,60,0.774366575369876,0.206777284463185,0.489897948556636,0.3,0.223378434044973,0.0166011495817875,"violation",1,50,0.246504271019468,0.674489213358372,0.324961536185438,0.499599839871872,0.751008319869825,0.0765191065114529,"violation at burn-in"
305,60,"reverse",0.206777284463185,0.774366575369876,0.3,0.489897948556636,0.791134569278749,0.0167679939088737,"violation in reverse orientation",1,0.01,1,90,0.732531618198095,0.187580741083115,0.492035329455212,0.3,0.264797126437797,0.0772163853546828,"violation",1,60,0.206777284463185,0.774366575369876,0.3,0.489897948556636,0.791134569278749,0.0167679939088737,"violation"
306,50,"reverse",0.302716065288689,0.654021127930363,0.366606055596467,0.498397431775084,0.694231587676098,0.040210459745735,"violation in reverse orientation",1,0.01,1,90,0.71133125754252,0.261362863693741,0.495535624910617,0.362433476228891,0.285786539980272,0.0244236762865304,"violation",1,50,0.302716065288689,0.654021127930363,0.366606055596467,0.498397431775084,0.694231587676098,0.040210459745735,"violation at burn-in"
307,60,"reverse",0.206777284463185,0.789716484604453,0.3,0.486198404860494,0.791134569278749,0.0014180846742966,"violation in reverse orientation",1,0.01,1,80,0.739705087131815,0.227252112493843,0.49228421668788,0.330718913883074,0.257695034712563,0.0304429222187206,"violation",1,60,0.206777284463185,0.789716484604453,0.3,0.486198404860494,0.791134569278749,0.0014180846742966,"violation"
308,50,"reverse",0.152451248673278,0.790712364249548,0.237486841740758,0.489897948556636,0.846006590805365,0.0552942265558172,"violation in reverse orientation",1,0.01,1,90,0.678976500805676,0.316774321444153,0.498887651569859,0.4,0.317819361508579,0.00104504006442602,"violation",1,50,0.152451248673278,0.790712364249548,0.237486841740758,0.489897948556636,0.846006590805365,0.0552942265558172,"violation at burn-in"
309,50,"forward",0.590712364249548,0.329560327676681,0.489897948556636,0.384187454245971,0.405205255231987,0.0756449275553062,"violation in forward orientation",1,0.01,1,50,0.590712364249548,0.329560327676681,0.489897948556636,0.384187454245971,0.405205255231987,0.0756449275553062,"violation at burn-in",1,50,0.185611725055255,0.77213738305134,0.271293199325011,0.493558507170123,0.812512846095159,0.0403754630438197,"violation at burn-in"
310,50,"reverse",0.381261936620275,0.546859192020479,0.41424630354416,0.48,0.614896317213858,0.0680371251933791,"violation in reverse orientation",1,0.01,1,80,0.739705087131815,0.227252112493843,0.49228421668788,0.330718913883074,0.257695034712563,0.0304429222187206,"violation",1,50,0.381261936620275,0.546859192020479,0.41424630354416,0.48,0.614896317213858,0.0680371251933791,"violation at burn-in"
311,50,"forward",0.654021127930363,0.329560327676681,0.498397431775085,0.384187454245971,0.342526424274931,0.0129660965982503,"violation in forward orientation",1,0.01,1,50,0.654021127930363,0.329560327676681,0.498397431775085,0.384187454245971,0.342526424274931,0.0129660965982503,"violation at burn-in",1,170,0.201524382665736,0.78775290238023,0.335655120416167,0.463214285237883,0.796440263616939,0.00868736123670888,"violation"
312,50,"reverse",0.185611725055255,0.734021127930363,0.271293199325011,0.498397431775084,0.812512846095159,0.0784917181647964,"violation in reverse orientation",1,0.01,1,70,0.734750092269623,0.239040057693904,0.494871659305394,0.334724986110285,0.262600726552105,0.0235606688582004,"violation",1,50,0.185611725055255,0.734021127930363,0.271293199325011,0.498397431775084,0.812512846095159,0.0784917181647964,"violation at burn-in"
313,50,"forward",0.454790769027509,0.478395081610861,0.448998886412873,0.458257569495584,0.540628507755427,0.0622334261445661,"violation in forward orientation",1,0.01,1,50,0.454790769027509,0.478395081610861,0.448998886412873,0.458257569495584,0.540628507755427,0.0622334261445661,"violation at burn-in",1,90,0.232572423955049,0.689834539323384,0.339934634239519,0.498020774022555,0.765080184325033,0.0752456450016497,"violation"
314,50,"forward",0.674489213358372,0.152451248673278,0.499599839871872,0.237486841740758,0.322261999699767,0.169810751026489,"violation in forward orientation",1,0.01,1,50,0.674489213358372,0.152451248673278,0.499599839871872,0.237486841740758,0.322261999699767,0.169810751026489,"violation at burn-in",1,160,0.28115698818386,0.623041328914409,0.395235293844059,0.499843725578305,0.716007337108011,0.0929660081936019,"violation"
315,70,"reverse",0.219286761535403,0.77493133917732,0.318157963590287,0.486763572497166,0.77849936987182,0.00356803069450018,"violation in reverse orientation",1,0.01,1,100,0.618571340202755,0.370102421252595,0.499599839871872,0.433012701892219,0.377623480721093,0.00752105946849835,"violation",1,70,0.219286761535403,0.77493133917732,0.318157963590287,0.486763572497166,0.77849936987182,0.00356803069450018,"violation"
316,50,"reverse",0.216786995012799,0.61213738305134,0.3,0.493558507170123,0.781024259465647,0.168886876414308,"violation in reverse orientation",1,0.01,1,50,0.674489213358372,0.302716065288689,0.499599839871872,0.366606055596467,0.322261999699767,0.0195459344110779,"violation at burn-in",1,50,0.216786995012799,0.61213738305134,0.3,0.493558507170123,0.781024259465647,0.168886876414308,"violation at burn-in"
317,50,"reverse",0.185611725055255,0.714489213358372,0.271293199325011,0.499599839871872,0.812512846095159,0.0980236327367869,"violation in reverse orientation",1,0.01,1,80,0.629397303997039,0.292478733192347,0.499374608885954,0.379967103839267,0.366905237066388,0.0744265038740412,"violation",1,50,0.185611725055255,0.714489213358372,0.271293199325011,0.499599839871872,0.812512846095159,0.0980236327367869,"violation at burn-in"
318,50,"reverse",0.275078575707952,0.654021127930363,0.346987031457949,0.498397431775084,0.722146838644908,0.0681257107145452,"violation in reverse orientation",1,0.01,1,50,0.878395081610861,0.116284945699819,0.458257569495584,0.195959179422654,0.120385028735911,0.00410008303609118,"violation at burn-in",1,50,0.275078575707952,0.654021127930363,0.346987031457949,0.498397431775084,0.722146838644908,0.0681257107145452,"violation at burn-in"
319,60,"forward",0.627070094348715,0.321054517826778,0.49749371855331,0.386939558874797,0.36920929059181,0.0481547727650317,"violation in forward orientation",1,0.01,1,60,0.627070094348715,0.321054517826778,0.49749371855331,0.386939558874797,0.36920929059181,0.0481547727650317,"violation",1,80,0.156435685071958,0.808698556974645,0.263391343821318,0.472857007984443,0.841982110155143,0.033283553180498,"violation"
320,50,"reverse",0.246504271019468,0.674489213358372,0.324961536185438,0.499599839871872,0.751008319869825,0.0765191065114529,"violation in reverse orientation",1,0.01,1,90,0.763761939446244,0.187580741083115,0.484831649539365,0.3,0.233877552078135,0.04629681099502,"violation",1,50,0.246504271019468,0.674489213358372,0.324961536185438,0.499599839871872,0.751008319869825,0.0765191065114529,"violation at burn-in"
321,50,"reverse",0.185611725055255,0.734021127930363,0.271293199325011,0.498397431775084,0.812512846095159,0.0784917181647964,"violation in reverse orientation",1,0.01,1,90,0.71133125754252,0.261362863693741,0.495535624910617,0.362433476228891,0.285786539980272,0.0244236762865304,"violation",1,50,0.185611725055255,0.734021127930363,0.271293199325011,0.498397431775084,0.812512846095159,0.0784917181647964,"violation at burn-in"
322,50,"forward",0.955715993350399,0.0275269587093167,0.4,0.0707106781186548,0.0438334729228467,0.0163065142135301,"violation in forward orientation",1,0.01,1,50,0.955715993350399,0.0275269587093167,0.4,0.0707106781186548,0.0438334729228467,0.0163065142135301,"violation at burn-in",1,70,0.332011213630856,0.636172957540227,0.4,0.499183005990176,0.664642018198336,0.0284690606581097,"violation"
323,50,"forward",0.772137383051339,0.0745005976726398,0.493558507170123,0.14,0.225585445529334,0.151084847856694,"violation in forward orientation",1,0.01,1,50,0.772137383051339,0.0745005976726398,0.493558507170123,0.14,0.225585445529334,0.151084847856694,"violation at burn-in",1,60,0.206777284463185,0.710899562289484,0.3,0.498887651569859,0.791134569278749,0.0802350069892653,"violation"
324,50,"reverse",0.216786995012799,0.654021127930363,0.3,0.498397431775084,0.781024259465647,0.127003131535284,"violation in reverse orientation",1,0.01,1,50,0.753238465893974,0.216786995012799,0.496386945839634,0.3,0.244296315319024,0.0275093203062242,"violation at burn-in",1,50,0.216786995012799,0.654021127930363,0.3,0.498397431775084,0.781024259465647,0.127003131535284,"violation at burn-in"
325,70,"reverse",0.178102889634612,0.813795356759835,0.279941684889506,0.474664220738176,0.820097146566387,0.00630178980655205,"violation in reverse orientation",1,0.01,1,90,0.721968833534088,0.261362863693741,0.493913572686508,0.362433476228891,0.275254809638326,0.0138919459445845,"violation",1,70,0.178102889634612,0.813795356759835,0.279941684889506,0.474664220738176,0.820097146566387,0.00630178980655205,"violation"
326,50,"reverse",0.216786995012799,0.753238465893974,0.3,0.496386945839634,0.781024259465647,0.0277857935716735,"violation in reverse orientation",1,0.01,1,130,0.667792991566671,0.288598057539014,0.497865265393366,0.394113490998446,0.328891592971388,0.040293535432374,"violation",1,50,0.216786995012799,0.753238465893974,0.3,0.496386945839634,0.781024259465647,0.0277857935716735,"violation at burn-in"
327,50,"reverse",0.216786995012799,0.694644991687999,0.3,0.5,0.781024259465647,0.0863792677776481,"violation in reverse orientation",1,0.01,1,90,0.774015565121441,0.202857682846242,0.481894409826699,0.314269680527354,0.223725951683079,0.0208682688368367,"violation",1,50,0.216786995012799,0.694644991687999,0.3,0.5,0.781024259465647,0.0863792677776481,"violation at burn-in"
328,50,"forward",0.524410079701748,0.329560327676681,0.47370877129308,0.384187454245971,0.470847821025727,0.141287493349046,"violation in forward orientation",1,0.01,1,50,0.524410079701748,0.329560327676681,0.47370877129308,0.384187454245971,0.470847821025727,0.141287493349046,"violation at burn-in",1,110,0.227251178235511,0.763765547029947,0.343174292512307,0.481045692920835,0.770454909453148,0.00668936242320051,"violation"
329,80,"forward",0.786130300599852,0.192754397950757,0.480722113075735,0.3,0.211731759836764,0.0189773618860063,"violation in forward orientation",1,0.01,1,80,0.786130300599852,0.192754397950757,0.480722113075735,0.3,0.211731759836764,0.0189773618860063,"violation",1,90,0.232572423955049,0.763761939446244,0.339934634239519,0.484831649539365,0.765080184325033,0.00131824487878929,"violation"
330,50,"forward",0.734021127930363,0.216786995012799,0.498397431775084,0.3,0.263322437574998,0.0465354425621986,"violation in forward orientation",1,0.01,1,50,0.734021127930363,0.216786995012799,0.498397431775084,0.3,0.263322437574998,0.0465354425621986,"violation at burn-in",1,50,0.185611725055255,0.790712364249548,0.271293199325011,0.489897948556636,0.812512846095159,0.021800481845611,"violation at burn-in"
331,50,"reverse",0.246504271019468,0.546859192020479,0.324961536185438,0.48,0.751008319869825,0.204149127849346,"violation in reverse orientation",1,0.01,1,80,0.629397303997039,0.354108657851495,0.499374608885954,0.417582327212252,0.366905237066388,0.012796579214893,"violation",1,50,0.246504271019468,0.546859192020479,0.324961536185438,0.48,0.751008319869825,0.204149127849346,"violation at burn-in"
332,50,"reverse",0.381261936620275,0.454790769027509,0.41424630354416,0.448998886412873,0.614896317213858,0.160105548186349,"violation in reverse orientation",1,0.01,1,50,0.654021127930363,0.246504271019468,0.498397431775085,0.324961536185438,0.342526424274931,0.0960221532554633,"violation at burn-in",1,50,0.381261936620275,0.454790769027509,0.41424630354416,0.448998886412873,0.614896317213858,0.160105548186349,"violation at burn-in"
333,50,"reverse",0.275078575707952,0.654021127930363,0.346987031457949,0.498397431775084,0.722146838644908,0.0681257107145452,"violation in reverse orientation",1,0.01,1,50,0.790712364249548,0.152451248673278,0.489897948556636,0.237486841740758,0.207195288482154,0.0547440398088755,"violation at burn-in",1,50,0.275078575707952,0.654021127930363,0.346987031457949,0.498397431775084,0.722146838644908,0.0681257107145452,"violation at burn-in"
334,50,"reverse",0.116284945699819,0.654021127930363,0.195959179422654,0.498397431775084,0.882536371166524,0.228515243236161,"violation in reverse orientation",1,0.01,1,50,0.826859192020479,0.116284945699819,0.48,0.195959179422654,0.171408127656984,0.0551231819571645,"violation at burn-in",1,50,0.116284945699819,0.654021127930363,0.195959179422654,0.498397431775084,0.882536371166524,0.228515243236161,"violation at burn-in"
335,50,"forward",0.524410079701748,0.4062591846095,0.47370877129308,0.427083130081252,0.470847821025727,0.0645886364162272,"violation in forward orientation",1,0.01,1,50,0.524410079701748,0.4062591846095,0.47370877129308,0.427083130081252,0.470847821025727,0.0645886364162272,"violation at burn-in",1,80,0.398537587753285,0.577841623971563,0.439992897669951,0.49434299833213,0.597447042900473,0.0196054189289104,"violation"
336,50,"reverse",0.152451248673278,0.61213738305134,0.237486841740758,0.493558507170123,0.846006590805365,0.233869207754026,"violation in reverse orientation",1,0.01,1,50,0.674489213358372,0.302716065288689,0.499599839871872,0.366606055596467,0.322261999699767,0.0195459344110779,"violation at burn-in",1,50,0.152451248673278,0.61213738305134,0.237486841740758,0.493558507170123,0.846006590805365,0.233869207754026,"violation at burn-in"
337,50,"forward",0.734021127930363,0.152451248673278,0.498397431775084,0.237486841740758,0.263322437574998,0.11087118890172,"violation in forward orientation",1,0.01,1,50,0.734021127930363,0.152451248673278,0.498397431775084,0.237486841740758,0.263322437574998,0.11087118890172,"violation at burn-in",1,60,0.206777284463185,0.774366575369876,0.3,0.489897948556636,0.791134569278749,0.0167679939088737,"violation"
338,50,"reverse",0.185611725055255,0.674489213358372,0.271293199325011,0.499599839871872,0.812512846095159,0.138023632736787,"violation in reverse orientation",1,0.01,1,50,0.654021127930363,0.329560327676681,0.498397431775085,0.384187454245971,0.342526424274931,0.0129660965982503,"violation at burn-in",1,50,0.185611725055255,0.674489213358372,0.271293199325011,0.499599839871872,0.812512846095159,0.138023632736787,"violation at burn-in"
339,60,"forward",0.727070094348715,0.230926430345563,0.49749371855331,0.321022671404304,0.270204307216893,0.0392778768713301,"violation in forward orientation",1,0.01,1,60,0.727070094348715,0.230926430345563,0.49749371855331,0.321022671404304,0.270204307216893,0.0392778768713301,"violation",1,90,0.202857682846242,0.71133125754252,0.314269680527354,0.495535624910617,0.795093563546846,0.0837623060043253,"violation"
340,50,"reverse",0.275078575707952,0.633238465893974,0.346987031457949,0.496386945839634,0.722146838644908,0.0889083727509344,"violation in reverse orientation",1,0.01,1,50,0.790712364249548,0.152451248673278,0.489897948556636,0.237486841740758,0.207195288482154,0.0547440398088755,"violation at burn-in",1,50,0.275078575707952,0.633238465893974,0.346987031457949,0.496386945839634,0.722146838644908,0.0889083727509344,"violation at burn-in"
341,50,"reverse",0.116284945699819,0.633238465893974,0.195959179422654,0.496386945839634,0.882536371166524,0.249297905272551,"violation in reverse orientation",1,0.01,1,50,0.590712364249548,0.185611725055255,0.489897948556636,0.271293199325011,0.405205255231987,0.219593530176733,"violation at burn-in",1,50,0.116284945699819,0.633238465893974,0.195959179422654,0.496386945839634,0.882536371166524,0.249297905272551,"violation at burn-in"
342,50,"reverse",0.0745005976726397,0.694644991687999,0.14,0.5,0.92474065887288,0.230095667184881,"violation in reverse orientation",1,0.01,1,50,0.753238465893974,0.216786995012799,0.496386945839634,0.3,0.244296315319024,0.0275093203062242,"violation at burn-in",1,50,0.0745005976726397,0.694644991687999,0.14,0.5,0.92474065887288,0.230095667184881,"violation at burn-in"
343,80,"reverse",0.354108657851495,0.577841623971563,0.417582327212252,0.49434299833213,0.642322490971147,0.064480866999584,"violation in reverse orientation",1,0.01,1,90,0.763761939446244,0.232572423955049,0.484831649539365,0.339934634239519,0.233877552078135,0.00130512812308606,"violation",1,80,0.354108657851495,0.577841623971563,0.417582327212252,0.49434299833213,0.642322490971147,0.064480866999584,"violation"
344,50,"forward",0.714489213358372,0.275078575707952,0.499599839871872,0.346987031457949,0.2826600063498,0.00758143064184807,"violation in forward orientation",1,0.01,1,50,0.714489213358372,0.275078575707952,0.499599839871872,0.346987031457949,0.2826600063498,0.00758143064184807,"violation at burn-in",1,90,0.232572423955049,0.71133125754252,0.339934634239519,0.495535624910617,0.765080184325033,0.0537489267825128,"violation"
345,60,"forward",0.727070094348715,0.25432432379694,0.49749371855331,0.339934634239519,0.270204307216893,0.0158799834199536,"violation in forward orientation",1,0.01,1,60,0.727070094348715,0.25432432379694,0.49749371855331,0.339934634239519,0.270204307216893,0.0158799834199536,"violation",1,80,0.192754397950757,0.774681766062824,0.3,0.484122918275927,0.80529838814363,0.0306166220808053,"violation"
346,50,"reverse",0.246504271019468,0.546859192020479,0.324961536185438,0.48,0.751008319869825,0.204149127849346,"violation in reverse orientation",1,0.01,1,50,0.694644991687999,0.152451248673278,0.5,0.237486841740758,0.302306774715435,0.149855526042157,"violation at burn-in",1,50,0.246504271019468,0.546859192020479,0.324961536185438,0.48,0.751008319869825,0.204149127849346,"violation at burn-in"
347,50,"forward",0.654021127930363,0.0745005976726398,0.498397431775085,0.14,0.342526424274931,0.268025826602292,"violation in forward orientation",1,0.01,1,50,0.654021127930363,0.0745005976726398,0.498397431775085,0.14,0.342526424274931,0.268025826602292,"violation at burn-in",1,80,0.243974143961777,0.739705087131815,0.344374432848898,0.49228421668788,0.753563875127191,0.0138587879953758,"violation"
348,50,"forward",0.654021127930363,0.116284945699819,0.498397431775085,0.195959179422654,0.342526424274931,0.226241478575112,"violation in forward orientation",1,0.01,1,50,0.654021127930363,0.116284945699819,0.498397431775085,0.195959179422654,0.342526424274931,0.226241478575112,"violation at burn-in",1,80,0.308177297821902,0.679397303997039,0.3903123748999,0.499374608885954,0.688715468843441,0.00931816484640235,"violation"
349,50,"reverse",0.216786995012799,0.694644991687999,0.3,0.5,0.781024259465647,0.0863792677776481,"violation in reverse orientation",1,0.01,1,90,0.743018751298959,0.155964483968887,0.489897948556636,0.267821573182088,0.254414342054782,0.0984498580858946,"violation",1,50,0.216786995012799,0.694644991687999,0.3,0.5,0.781024259465647,0.0863792677776481,"violation at burn-in"
350,60,"forward",0.74303982794241,0.230926430345563,0.495535624910617,0.321022671404304,0.254393475127437,0.0234670447818736,"violation in forward orientation",1,0.01,1,60,0.74303982794241,0.230926430345563,0.495535624910617,0.321022671404304,0.254393475127437,0.0234670447818736,"violation",1,120,0.1418842922029,0.831094078652423,0.263391343821318,0.450616861153192,0.856679746953842,0.0255856683014187,"violation"
351,50,"forward",0.612137383051339,0.329560327676681,0.493558507170123,0.384187454245971,0.383993418929201,0.05443309125252,"violation in forward orientation",1,0.01,1,50,0.612137383051339,0.329560327676681,0.493558507170123,0.384187454245971,0.383993418929201,0.05443309125252,"violation at burn-in",1,60,0.181705607971508,0.789716484604453,0.276385399196283,0.486198404860494,0.816458220308248,0.0267417357037949,"violation"
352,50,"forward",0.753238465893974,0.152451248673278,0.496386945839634,0.237486841740758,0.244296315319024,0.0918450666457453,"violation in forward orientation",1,0.01,1,50,0.753238465893974,0.152451248673278,0.496386945839634,0.237486841740758,0.244296315319024,0.0918450666457453,"violation at burn-in",1,90,0.155964483968887,0.743018751298959,0.267821573182088,0.489897948556636,0.842458046908029,0.0994392956090704,"violation"
353,50,"reverse",0.216786995012799,0.654021127930363,0.3,0.498397431775084,0.781024259465647,0.127003131535284,"violation in reverse orientation",1,0.01,1,90,0.824040028479255,0.171968943105426,0.462948147911104,0.28458329944146,0.174199240052285,0.002230296946859,"violation",1,50,0.216786995012799,0.654021127930363,0.3,0.498397431775084,0.781024259465647,0.127003131535284,"violation at burn-in"
354,50,"reverse",0.246504271019468,0.633238465893974,0.324961536185438,0.496386945839634,0.751008319869825,0.117769853975852,"violation in reverse orientation",1,0.01,1,70,0.734750092269623,0.258342897757551,0.494871659305394,0.349927106111883,0.262600726552105,0.004257828794554,"violation",1,50,0.246504271019468,0.633238465893974,0.324961536185438,0.496386945839634,0.751008319869825,0.117769853975852,"violation at burn-in"
355,50,"reverse",0.116284945699819,0.77213738305134,0.195959179422654,0.493558507170123,0.882536371166524,0.110398988115185,"violation in reverse orientation",1,0.01,1,50,0.734021127930363,0.185611725055255,0.498397431775084,0.271293199325011,0.263322437574998,0.0777107125197433,"violation at burn-in",1,50,0.116284945699819,0.77213738305134,0.195959179422654,0.493558507170123,0.882536371166524,0.110398988115185,"violation at burn-in"
356,50,"reverse",0.246504271019468,0.714489213358372,0.324961536185438,0.499599839871872,0.751008319869825,0.0365191065114528,"violation in reverse orientation",1,0.01,1,60,0.74303982794241,0.181705607971508,0.495535624910617,0.276385399196283,0.254393475127437,0.0726878671559283,"violation",1,50,0.246504271019468,0.714489213358372,0.324961536185438,0.499599839871872,0.751008319869825,0.0365191065114528,"violation at burn-in"
357,50,"forward",0.633238465893974,0.152451248673278,0.496386945839634,0.237486841740758,0.363102295368924,0.210651046695646,"violation in forward orientation",1,0.01,1,50,0.633238465893974,0.152451248673278,0.496386945839634,0.237486841740758,0.363102295368924,0.210651046695646,"violation at burn-in",1,80,0.227252112493843,0.739705087131815,0.330718913883074,0.49228421668788,0.770453965805364,0.030748878673549,"violation"
358,50,"forward",0.734021127930363,0.246504271019468,0.498397431775084,0.324961536185438,0.263322437574998,0.0168181665555299,"violation in forward orientation",1,0.01,1,50,0.734021127930363,0.246504271019468,0.498397431775084,0.324961536185438,0.263322437574998,0.0168181665555299,"violation at burn-in",1,60,0.206777284463185,0.727070094348715,0.3,0.49749371855331,0.791134569278749,0.0640644749300342,"violation"
359,50,"reverse",0.246504271019468,0.654021127930363,0.324961536185438,0.498397431775084,0.751008319869825,0.0969871919394624,"violation in reverse orientation",1,0.01,1,50,0.790712364249548,0.185611725055255,0.489897948556636,0.271293199325011,0.207195288482154,0.021583563426899,"violation at burn-in",1,50,0.246504271019468,0.654021127930363,0.324961536185438,0.498397431775084,0.751008319869825,0.0969871919394624,"violation at burn-in"
360,50,"forward",0.654021127930363,0.246504271019468,0.498397431775085,0.324961536185438,0.342526424274931,0.0960221532554633,"violation in forward orientation",1,0.01,1,50,0.654021127930363,0.246504271019468,0.498397431775085,0.324961536185438,0.342526424274931,0.0960221532554633,"violation at burn-in",1,50,0.116284945699819,0.790712364249548,0.195959179422654,0.489897948556636,0.882536371166524,0.0918240069169759,"violation at burn-in"
361,50,"forward",0.674489213358372,0.185611725055255,0.499599839871872,0.271293199325011,0.322261999699767,0.136650274644512,"violation in forward orientation",1,0.01,1,50,0.674489213358372,0.185611725055255,0.499599839871872,0.271293199325011,0.322261999699767,0.136650274644512,"violation at burn-in",1,80,0.192754397950757,0.797470093848425,0.3,0.476969600708473,0.80529838814363,0.0078282942952046,"violation"
362,50,"reverse",0.246504271019468,0.633238465893974,0.324961536185438,0.496386945839634,0.751008319869825,0.117769853975852,"violation in reverse orientation",1,0.01,1,50,0.612137383051339,0.355715993350399,0.493558507170123,0.4,0.383993418929201,0.028277425578802,"violation at burn-in",1,50,0.246504271019468,0.633238465893974,0.324961536185438,0.496386945839634,0.751008319869825,0.117769853975852,"violation at burn-in"
363,50,"forward",0.790712364249548,0.185611725055255,0.489897948556636,0.271293199325011,0.207195288482154,0.021583563426899,"violation in forward orientation",1,0.01,1,50,0.790712364249548,0.185611725055255,0.489897948556636,0.271293199325011,0.207195288482154,0.021583563426899,"violation at burn-in",1,70,0.239040057693904,0.748285526233975,0.334724986110285,0.492598275701905,0.758547549786463,0.0102620235524884,"violation"
364,50,"forward",0.654021127930363,0.246504271019468,0.498397431775085,0.324961536185438,0.342526424274931,0.0960221532554633,"violation in forward orientation",1,0.01,1,50,0.654021127930363,0.246504271019468,0.498397431775085,0.324961536185438,0.342526424274931,0.0960221532554633,"violation at burn-in",1,80,0.174864243211402,0.763126767493411,0.282566363886433,0.487179381747627,0.823368341927277,0.0602415744338657,"violation"
365,50,"reverse",0.302716065288689,0.546859192020479,0.366606055596467,0.48,0.694231587676098,0.147372395655619,"violation in reverse orientation",1,0.01,1,50,0.590712364249548,0.302716065288689,0.489897948556636,0.366606055596467,0.405205255231987,0.102489189943298,"violation at burn-in",1,50,0.302716065288689,0.546859192020479,0.366606055596467,0.48,0.694231587676098,0.147372395655619,"violation at burn-in"
366,50,"forward",0.734021127930363,0.185611725055255,0.498397431775084,0.271293199325011,0.263322437574998,0.0777107125197433,"violation in forward orientation",1,0.01,1,50,0.734021127930363,0.185611725055255,0.498397431775084,0.271293199325011,0.263322437574998,0.0777107125197433,"violation at burn-in",1,50,0.275078575707952,0.654021127930363,0.346987031457949,0.498397431775084,0.722146838644908,0.0681257107145452,"violation at burn-in"
367,50,"forward",0.524410079701748,0.329560327676681,0.47370877129308,0.384187454245971,0.470847821025727,0.141287493349046,"violation in forward orientation",1,0.01,1,50,0.524410079701748,0.329560327676681,0.47370877129308,0.384187454245971,0.470847821025727,0.141287493349046,"violation at burn-in",1,50,0.275078575707952,0.61213738305134,0.346987031457949,0.493558507170123,0.722146838644908,0.110009455593568,"violation at burn-in"
368,70,"reverse",0.332011213630856,0.59189294941248,0.4,0.494871659305394,0.664642018198336,0.0727490687858562,"violation in reverse orientation",1,0.01,1,90,0.700619622653076,0.289392299544533,0.496903994999953,0.382325567424117,0.296391592321748,0.00699929277721495,"violation",1,70,0.332011213630856,0.59189294941248,0.4,0.494871659305394,0.664642018198336,0.0727490687858562,"violation"
369,50,"forward",0.674489213358372,0.302716065288689,0.499599839871872,0.366606055596467,0.322261999699767,0.0195459344110779,"violation in forward orientation",1,0.01,1,50,0.674489213358372,0.302716065288689,0.499599839871872,0.366606055596467,0.322261999699767,0.0195459344110779,"violation at burn-in",1,60,0.25432432379694,0.74303982794241,0.339934634239519,0.495535624910617,0.743109674255333,6.98463129227278e-05,"violation"
370,50,"reverse",0.246504271019468,0.674489213358372,0.324961536185438,0.499599839871872,0.751008319869825,0.0765191065114529,"violation in reverse orientation",1,0.01,1,80,0.763126767493411,0.192754397950757,0.487179381747627,0.3,0.234506403964439,0.0417520060136819,"violation",1,50,0.246504271019468,0.674489213358372,0.324961536185438,0.499599839871872,0.751008319869825,0.0765191065114529,"violation at burn-in"
371,50,"reverse",0.275078575707952,0.694644991687999,0.346987031457949,0.5,0.722146838644908,0.0275018469569089,"violation in reverse orientation",1,0.01,1,80,0.830809380365391,0.137340883031412,0.463512405443479,0.242061459137964,0.167497244342826,0.0301563613114142,"violation",1,50,0.275078575707952,0.694644991687999,0.346987031457949,0.5,0.722146838644908,0.0275018469569089,"violation at burn-in"
372,50,"forward",0.772137383051339,0.152451248673278,0.493558507170123,0.237486841740758,0.225585445529334,0.073134196856056,"violation in forward orientation",1,0.01,1,50,0.772137383051339,0.152451248673278,0.493558507170123,0.237486841740758,0.225585445529334,0.073134196856056,"violation at burn-in",1,50,0.275078575707952,0.694644991687999,0.346987031457949,0.5,0.722146838644908,0.0275018469569089,"violation at burn-in"
373,60,"forward",0.789716484604453,0.206777284463185,0.486198404860494,0.3,0.208181258959215,0.00140397449602961,"violation in forward orientation",1,0.01,1,60,0.789716484604453,0.206777284463185,0.486198404860494,0.3,0.208181258959215,0.00140397449602961,"violation",1,110,0.316792091153819,0.668434804605088,0.406659440842637,0.498675932796454,0.680014095399142,0.011579290794054,"violation"
374,60,"reverse",0.25432432379694,0.710899562289484,0.339934634239519,0.498887651569859,0.743109674255333,0.0322101119658491,"violation in reverse orientation",1,0.01,1,60,0.627070094348715,0.363298063516486,0.49749371855331,0.411973569810276,0.36920929059181,0.00591122707532449,"violation",1,60,0.25432432379694,0.710899562289484,0.339934634239519,0.498887651569859,0.743109674255333,0.0322101119658491,"violation"
375,50,"reverse",0.216786995012799,0.734021127930363,0.3,0.498397431775084,0.781024259465647,0.0470031315352843,"violation in reverse orientation",1,0.01,1,50,0.772137383051339,0.216786995012799,0.493558507170123,0.3,0.225585445529334,0.00879845051653486,"violation at burn-in",1,50,0.216786995012799,0.734021127930363,0.3,0.498397431775084,0.781024259465647,0.0470031315352843,"violation at burn-in"
376,60,"forward",0.661196578770763,0.25432432379694,0.499722145018832,0.339934634239519,0.335422370363318,0.0810980465663786,"violation in forward orientation",1,0.01,1,60,0.661196578770763,0.25432432379694,0.499722145018832,0.339934634239519,0.335422370363318,0.0810980465663786,"violation",1,60,0.277090389131333,0.710899562289484,0.357071421427142,0.498887651569859,0.72011480616048,0.00921524387099626,"violation"
377,50,"reverse",0.185611725055255,0.694644991687999,0.271293199325011,0.5,0.812512846095159,0.11786785440716,"violation in reverse orientation",1,0.01,1,50,0.674489213358372,0.246504271019468,0.499599839871872,0.324961536185438,0.322261999699767,0.0757577286802988,"violation at burn-in",1,50,0.185611725055255,0.694644991687999,0.271293199325011,0.5,0.812512846095159,0.11786785440716,"violation at burn-in"
378,50,"forward",0.772137383051339,0.0745005976726398,0.493558507170123,0.14,0.225585445529334,0.151084847856694,"violation in forward orientation",1,0.01,1,50,0.772137383051339,0.0745005976726398,0.493558507170123,0.14,0.225585445529334,0.151084847856694,"violation at burn-in",1,100,0.236241940338561,0.745284595613564,0.346987031457949,0.487749935930288,0.761373788688748,0.0160891930751842,"violation"
379,50,"forward",0.524410079701748,0.430755917550709,0.47370877129308,0.438634243989226,0.470847821025727,0.0400919034750178,"violation in forward orientation",1,0.01,1,50,0.524410079701748,0.430755917550709,0.47370877129308,0.438634243989226,0.470847821025727,0.0400919034750178,"violation at burn-in",1,70,0.156423785657551,0.800992525430808,0.257539376818856,0.479157423749955,0.841994129160653,0.0410016037298451,"violation"
380,50,"reverse",0.152451248673278,0.77213738305134,0.237486841740758,0.493558507170123,0.846006590805365,0.0738692077540258,"violation in reverse orientation",1,0.01,1,50,0.694644991687999,0.275078575707952,0.5,0.346987031457949,0.302306774715435,0.0272281990074827,"violation at burn-in",1,50,0.152451248673278,0.77213738305134,0.237486841740758,0.493558507170123,0.846006590805365,0.0738692077540258,"violation at burn-in"
381,70,"reverse",0.295810536031579,0.66501401703857,0.376883027379226,0.5,0.701206518656047,0.0361925016174764,"violation in reverse orientation",1,0.01,1,90,0.721968833534088,0.247071505072811,0.493913572686508,0.351539822656808,0.275254809638326,0.0281833045655146,"violation",1,70,0.295810536031579,0.66501401703857,0.376883027379226,0.5,0.701206518656047,0.0361925016174764,"violation"
382,50,"forward",0.772137383051339,0.185611725055255,0.493558507170123,0.271293199325011,0.225585445529334,0.0399737204740795,"violation in forward orientation",1,0.01,1,50,0.772137383051339,0.185611725055255,0.493558507170123,0.271293199325011,0.225585445529334,0.0399737204740795,"violation at burn-in",1,50,0.152451248673278,0.844410079701748,0.237486841740758,0.47370877129308,0.846006590805365,0.00159651110361769,"violation at burn-in"
383,60,"reverse",0.206777284463185,0.758806370529702,0.3,0.493006648591635,0.791134569278749,0.0323281987490477,"violation in reverse orientation",1,0.01,1,70,0.59189294941248,0.367154334451918,0.494871659305393,0.419912527334259,0.4040364170877,0.0368820826357823,"violation",1,60,0.206777284463185,0.758806370529702,0.3,0.493006648591635,0.791134569278749,0.0323281987490477,"violation"
384,50,"reverse",0.381261936620275,0.56895608070809,0.41424630354416,0.485386443980464,0.614896317213858,0.0459402365057685,"violation in reverse orientation",1,0.01,1,110,0.650516076660585,0.338260821129089,0.499669312133138,0.419070202604222,0.345996599701858,0.00773577857276886,"violation",1,50,0.381261936620275,0.56895608070809,0.41424630354416,0.485386443980464,0.614896317213858,0.0459402365057685,"violation at burn-in"
385,50,"forward",0.633238465893974,0.216786995012799,0.496386945839634,0.3,0.363102295368924,0.146315300356124,"violation in forward orientation",1,0.01,1,50,0.633238465893974,0.216786995012799,0.496386945839634,0.3,0.363102295368924,0.146315300356124,"violation at burn-in",1,50,0.246504271019468,0.61213738305134,0.324961536185438,0.493558507170123,0.751008319869825,0.138870936818486,"violation at burn-in"
386,50,"reverse",0.0745005976726397,0.894790769027509,0.14,0.448998886412873,0.92474065887288,0.0299498898453709,"violation in reverse orientation",1,0.01,1,60,0.74303982794241,0.206777284463185,0.495535624910617,0.3,0.254393475127437,0.0476161906642517,"violation",1,50,0.0745005976726397,0.894790769027509,0.14,0.448998886412873,0.92474065887288,0.0299498898453709,"violation at burn-in"
387,50,"reverse",0.246504271019468,0.694644991687999,0.324961536185438,0.5,0.751008319869825,0.0563633281818261,"violation in reverse orientation",1,0.01,1,90,0.732531618198095,0.247071505072811,0.492035329455212,0.351539822656808,0.264797126437797,0.0177256213649863,"violation",1,50,0.246504271019468,0.694644991687999,0.324961536185438,0.5,0.751008319869825,0.0563633281818261,"violation at burn-in"
388,50,"reverse",0.185611725055255,0.714489213358372,0.271293199325011,0.499599839871872,0.812512846095159,0.0980236327367869,"violation in reverse orientation",1,0.01,1,50,0.790712364249548,0.116284945699819,0.489897948556636,0.195959179422654,0.207195288482154,0.0909103427823344,"violation at burn-in",1,50,0.185611725055255,0.714489213358372,0.271293199325011,0.499599839871872,0.812512846095159,0.0980236327367869,"violation at burn-in"
389,50,"reverse",0.355715993350399,0.501594493296846,0.4,0.466476151587624,0.640699001481918,0.139104508185073,"violation in reverse orientation",1,0.01,1,50,0.753238465893974,0.216786995012799,0.496386945839634,0.3,0.244296315319024,0.0275093203062242,"violation at burn-in",1,50,0.355715993350399,0.501594493296846,0.4,0.466476151587624,0.640699001481918,0.139104508185073,"violation at burn-in"
390,50,"forward",0.826859192020479,0.116284945699819,0.48,0.195959179422654,0.171408127656984,0.0551231819571645,"violation in forward orientation",1,0.01,1,50,0.826859192020479,0.116284945699819,0.48,0.195959179422654,0.171408127656984,0.0551231819571645,"violation at burn-in",1,60,0.206777284463185,0.758806370529702,0.3,0.493006648591635,0.791134569278749,0.0323281987490477,"violation"
391,50,"forward",0.590712364249548,0.185611725055255,0.489897948556636,0.271293199325011,0.405205255231987,0.219593530176733,"violation in forward orientation",1,0.01,1,50,0.590712364249548,0.185611725055255,0.489897948556636,0.271293199325011,0.405205255231987,0.219593530176733,"violation at burn-in",1,50,0.246504271019468,0.714489213358372,0.324961536185438,0.499599839871872,0.751008319869825,0.0365191065114528,"violation at burn-in"
392,50,"forward",0.734021127930363,0.185611725055255,0.498397431775084,0.271293199325011,0.263322437574998,0.0777107125197433,"violation in forward orientation",1,0.01,1,50,0.734021127930363,0.185611725055255,0.498397431775084,0.271293199325011,0.263322437574998,0.0777107125197433,"violation at burn-in",1,50,0.329560327676681,0.633238465893974,0.384187454245971,0.496386945839634,0.667117535965855,0.0338790700718816,"violation at burn-in"
393,50,"reverse",0.152451248673278,0.714489213358372,0.237486841740758,0.499599839871872,0.846006590805365,0.131517377446993,"violation in reverse orientation",1,0.01,1,50,0.56895608070809,0.329560327676681,0.485386443980464,0.384187454245971,0.426745060135208,0.097184732458527,"violation at burn-in",1,50,0.152451248673278,0.714489213358372,0.237486841740758,0.499599839871872,0.846006590805365,0.131517377446993,"violation at burn-in"
394,50,"forward",0.590712364249548,0.152451248673278,0.489897948556636,0.237486841740758,0.405205255231987,0.252754006558709,"violation in forward orientation",1,0.01,1,50,0.590712364249548,0.152451248673278,0.489897948556636,0.237486841740758,0.405205255231987,0.252754006558709,"violation at burn-in",1,50,0.216786995012799,0.734021127930363,0.3,0.498397431775084,0.781024259465647,0.0470031315352843,"violation at burn-in"
395,70,"reverse",0.277251743648749,0.679232364913215,0.363935405795914,0.499795876701026,0.719951830003204,0.0407194650899894,"violation in reverse orientation",1,0.01,1,90,0.763761939446244,0.232572423955049,0.484831649539365,0.339934634239519,0.233877552078135,0.00130512812308606,"violation",1,70,0.277251743648749,0.679232364913215,0.363935405795914,0.499795876701026,0.719951830003204,0.0407194650899894,"violation"
396,50,"reverse",0.185611725055255,0.56895608070809,0.271293199325011,0.485386443980464,0.812512846095159,0.24355676538707,"violation in reverse orientation",1,0.01,1,60,0.74303982794241,0.230926430345563,0.495535624910617,0.321022671404304,0.254393475127437,0.0234670447818736,"violation",1,50,0.185611725055255,0.56895608070809,0.271293199325011,0.485386443980464,0.812512846095159,0.24355676538707,"violation at burn-in"
397,50,"reverse",0.275078575707952,0.654021127930363,0.346987031457949,0.498397431775084,0.722146838644908,0.0681257107145452,"violation in reverse orientation",1,0.01,1,90,0.78418865915957,0.187580741083115,0.478681316189734,0.3,0.213654081621916,0.0260733405388009,"violation",1,50,0.275078575707952,0.654021127930363,0.346987031457949,0.498397431775084,0.722146838644908,0.0681257107145452,"violation at burn-in"
398,50,"reverse",0.216786995012799,0.674489213358372,0.3,0.499599839871872,0.781024259465647,0.106535046107275,"violation in reverse orientation",1,0.01,1,50,0.772137383051339,0.216786995012799,0.493558507170123,0.3,0.225585445529334,0.00879845051653486,"violation at burn-in",1,50,0.216786995012799,0.674489213358372,0.3,0.499599839871872,0.781024259465647,0.106535046107275,"violation at burn-in"
399,50,"forward",0.714489213358372,0.216786995012799,0.499599839871872,0.3,0.2826600063498,0.0658730113370008,"violation in forward orientation",1,0.01,1,50,0.714489213358372,0.216786995012799,0.499599839871872,0.3,0.2826600063498,0.0658730113370008,"violation at burn-in",1,50,0.329560327676681,0.654021127930363,0.384187454245971,0.498397431775084,0.667117535965855,0.0130964080354924,"violation at burn-in"
400,50,"forward",0.633238465893974,0.302716065288689,0.496386945839634,0.366606055596467,0.363102295368924,0.0603862300802347,"violation in forward orientation",1,0.01,1,50,0.633238465893974,0.302716065288689,0.496386945839634,0.366606055596467,0.363102295368924,0.0603862300802347,"violation at burn-in",1,60,0.25432432379694,0.74303982794241,0.339934634239519,0.495535624910617,0.743109674255333,6.98463129227278e-05,"violation"
