"trial","stopped_at_n","selected_direction","T1_","T2_","s1","s2","beta_allowed","margin","reason","violation","eps","fwd_violation","fwd_stopped_at_n","fwd_T1_","fwd_T2_","fwd_s1","fwd_s2","fwd_beta_allowed","fwd_margin","fwd_reason","rev_violation","rev_stopped_at_n","rev_T1_","rev_T2_","rev_s1","rev_s2","rev_beta_allowed","rev_margin","rev_reason"
1,270,"reverse",0.371152964404927,0.434313902006669,0.454952928721794,0.477548035489912,0.435304209735973,0.000990307729304196,"violation in reverse orientation",1,0.419655172413793,1,2000,0.374837302579077,0.429386420856474,0.474045356479736,0.488743030640847,0.429698721937148,0.000312301080673871,"violation",1,270,0.371152964404927,0.434313902006669,0.454952928721794,0.477548035489912,0.435304209735973,0.000990307729304196,"violation"
2,60,"reverse",0.299311814729174,0.519765062450468,0.372677996249965,0.476969600708473,0.54460598088893,0.0248409184384615,"violation in reverse orientation",1,0.419655172413793,1,1110,0.335414940701587,0.486017422337596,0.455453299448196,0.496451984265134,0.489677355292687,0.00365993295509126,"violation",1,60,0.299311814729174,0.519765062450468,0.372677996249965,0.476969600708473,0.54460598088893,0.0248409184384615,"violation"
3,280,"forward",0.449724923525101,0.354679507151871,0.482222215691192,0.448296093843234,0.361674612436539,0.00699510528466879,"violation in forward orientation",1,0.419655172413793,1,280,0.449724923525101,0.354679507151871,0.482222215691192,0.448296093843234,0.361674612436539,0.00699510528466879,"violation",1,1000,0.510777509990821,0.320927625875667,0.498629120689917,0.448013392656961,0.32154636971815,0.000618743842483616,"violation"
4,160,"reverse",0.435337907380941,0.331611385567067,0.470662764089109,0.42555111326373,0.371130815838346,0.039519430271279,"violation in reverse orientation",1,0.419655172413793,1,270,0.575206578957363,0.26907120878026,0.499876527964533,0.4,0.279198854776078,0.0101276459958179,"violation",1,160,0.435337907380941,0.331611385567067,0.470662764089109,0.42555111326373,0.371130815838346,0.039519430271279,"violation"
5,510,"reverse",0.532980139326809,0.306894289495527,0.499014792534262,0.433577253681106,0.306953171451584,5.88819560563558e-05,"violation in reverse orientation",1,0.419655172413793,1,820,0.471056888395674,0.305558199524277,0.493479192333287,0.438500703922888,0.347653678786707,0.0420954792624305,"violation",1,510,0.532980139326809,0.306894289495527,0.499014792534262,0.433577253681106,0.306953171451584,5.88819560563558e-05,"violation"
6,90,"forward",0.495299770270681,0.289392299544533,0.478681316189734,0.382325567424117,0.33171947674238,0.0423271771978477,"violation in forward orientation",1,0.419655172413793,1,90,0.495299770270681,0.289392299544533,0.478681316189734,0.382325567424117,0.33171947674238,0.0423271771978477,"violation",1,320,0.551528094359408,0.284711397803237,0.499208357677433,0.413398642353842,0.294762093488068,0.0100506956848305,"violation"
7,170,"reverse",0.443033750072326,0.34633220374292,0.474104510108468,0.43469752439629,0.366072542940836,0.019740339197916,"violation in reverse orientation",1,0.419655172413793,1,240,0.458973696514047,0.351923288700044,0.483027920748089,0.444390187660449,0.355595639720845,0.00367235102080116,"violation",1,170,0.443033750072326,0.34633220374292,0.474104510108468,0.43469752439629,0.366072542940836,0.019740339197916,"violation"
8,280,"forward",0.479473403942333,0.323513388125722,0.48915535281102,0.433012701892219,0.342121726772044,0.0186083386463226,"violation in forward orientation",1,0.419655172413793,1,280,0.479473403942333,0.323513388125722,0.48915535281102,0.433012701892219,0.342121726772044,0.0186083386463226,"violation",1,1480,0.448616706830135,0.36225417056043,0.491609196312677,0.46812183988348,0.362403013821223,0.000148843260793174,"violation"
9,480,"reverse",0.376126586167083,0.415385353669572,0.464349717047639,0.477619785731519,0.427737158399766,0.012351804730194,"violation in reverse orientation",1,0.419655172413793,1,1370,0.382062489121546,0.417210719752098,0.474491295442487,0.484543998698608,0.41870605701507,0.00149533726297219,"violation",1,480,0.376126586167083,0.415385353669572,0.464349717047639,0.477619785731519,0.427737158399766,0.012351804730194,"violation"
10,50,"reverse",0.275078575707952,0.546859192020479,0.346987031457949,0.48,0.581475323288756,0.0346161312682773,"violation in reverse orientation",1,0.419655172413793,1,920,0.351191127511887,0.465274817097508,0.460591333159314,0.492945268571657,0.465674883614708,0.000400066517200148,"violation",1,50,0.275078575707952,0.546859192020479,0.346987031457949,0.48,0.581475323288756,0.0346161312682773,"violation at burn-in"
11,50,"forward",0.674489213358372,0.185611725055255,0.499599839871872,0.271293199325011,0.213943017446373,0.0283312923911188,"violation in forward orientation",1,0.419655172413793,1,50,0.674489213358372,0.185611725055255,0.499599839871872,0.271293199325011,0.213943017446373,0.0283312923911188,"violation at burn-in",1,1050,0.411878467820732,0.386408538767751,0.481894409826699,0.47434786358917,0.386550082067763,0.000141543300011926,"violation"
12,480,"reverse",0.560013036586474,0.282609057082642,0.499960935974002,0.418946885721276,0.289185166434693,0.00657610935205105,"violation in reverse orientation",1,0.419655172413793,1,510,0.442999821570635,0.365304320599684,0.485483227166556,0.460780141825086,0.366094843243407,0.000790522643723202,"violation",1,480,0.560013036586474,0.282609057082642,0.499960935974002,0.418946885721276,0.289185166434693,0.00657610935205105,"violation"
13,480,"forward",0.549564721419573,0.268993907866511,0.499722145018832,0.410532978442523,0.296052566348225,0.0270586584817135,"violation in forward orientation",1,0.419655172413793,1,480,0.549564721419573,0.268993907866511,0.499722145018832,0.410532978442523,0.296052566348225,0.0270586584817135,"violation",1,1370,0.429126014295074,0.373803566637006,0.487368278057805,0.471747482279594,0.37521372809351,0.00141016145650447,"violation"
14,250,"forward",0.51657285588614,0.3120122223167,0.494788843851597,0.42462218500686,0.317737242862321,0.00572502054562146,"violation in forward orientation",1,0.419655172413793,1,250,0.51657285588614,0.3120122223167,0.494788843851597,0.42462218500686,0.317737242862321,0.00572502054562146,"violation",1,820,0.372021420372864,0.411141989464207,0.467687299244992,0.480283477664297,0.43398290883959,0.0228409193753824,"violation"
15,300,"forward",0.528401122808479,0.299187759847811,0.497147418333391,0.420832508250016,0.30996283732974,0.010775077481929,"violation in forward orientation",1,0.419655172413793,1,300,0.528401122808479,0.299187759847811,0.497147418333391,0.420832508250016,0.30996283732974,0.010775077481929,"violation",1,1500,0.446918633179545,0.362391875852633,0.49133785615286,0.468250170552262,0.363519112508424,0.00112723665579073,"violation"
16,160,"reverse",0.527856174668703,0.302968040723733,0.493354271796647,0.409076704298839,0.310321017260972,0.00735297653723943,"violation in reverse orientation",1,0.419655172413793,1,460,0.515014712917934,0.317864888133313,0.497270432257672,0.437918042241042,0.318761368830404,0.000896480697090918,"violation",1,160,0.527856174668703,0.302968040723733,0.493354271796647,0.409076704298839,0.310321017260972,0.00735297653723943,"violation"
17,280,"reverse",0.315656938241354,0.468353061145298,0.428809457708675,0.486763572497166,0.519737907957769,0.0513848468124708,"violation in reverse orientation",1,0.419655172413793,1,1480,0.385874486951632,0.412156541939057,0.47611121031466,0.483595010731785,0.412906343113773,0.000749801174716735,"violation",1,280,0.315656938241354,0.468353061145298,0.428809457708675,0.486763572497166,0.519737907957769,0.0513848468124708,"violation"
18,50,"reverse",0.633238465893974,0.216786995012799,0.496386945839634,0.3,0.241056037588375,0.0242690425755756,"violation in reverse orientation",1,0.419655172413793,1,130,0.487139434999938,0.333707961152927,0.482596527426404,0.421325044234743,0.337083048269226,0.00337508711629936,"violation",1,50,0.633238465893974,0.216786995012799,0.496386945839634,0.3,0.241056037588375,0.0242690425755756,"violation at burn-in"
19,240,"forward",0.401549541293642,0.383620401369545,0.465176191231762,0.458257569495584,0.393339011000892,0.00971860963134719,"violation in forward orientation",1,0.419655172413793,1,240,0.401549541293642,0.383620401369545,0.465176191231762,0.458257569495584,0.393339011000892,0.00971860963134719,"violation",1,970,0.505062996727704,0.325104380299744,0.498121671158049,0.449703200382739,0.325302367432818,0.000197987133074506,"violation"
20,480,"reverse",0.347485546590422,0.456360721849352,0.452596674755792,0.488122821520249,0.471312690911708,0.0149519690623563,"violation in reverse orientation",1,0.419655172413793,1,1160,0.384889523811616,0.410572053679878,0.474459922014597,0.482053055827448,0.414404902312923,0.00383284863304545,"violation",1,480,0.347485546590422,0.456360721849352,0.452596674755792,0.488122821520249,0.471312690911708,0.0149519690623563,"violation"
21,340,"forward",0.463847401737124,0.345861755184017,0.487348592404894,0.447252280124009,0.352392282787894,0.00653052760387751,"violation in forward orientation",1,0.419655172413793,1,340,0.463847401737124,0.345861755184017,0.487348592404894,0.447252280124009,0.352392282787894,0.00653052760387751,"violation",1,470,0.377042437680545,0.421572522053031,0.464473494378887,0.479247939584718,0.426343748174759,0.00477122612172809,"violation"
22,480,"forward",0.479877400619896,0.318581864198482,0.492649970116264,0.438861967352935,0.341856190491386,0.0232743262929039,"violation in forward orientation",1,0.419655172413793,1,480,0.479877400619896,0.318581864198482,0.492649970116264,0.438861967352935,0.341856190491386,0.0232743262929039,"violation",1,1980,0.402754289339779,0.392447196700839,0.482311068649838,0.479436067651364,0.392547162124235,9.99654233951319e-05,"violation"
23,70,"forward",0.483583542674893,0.314054244758118,0.469693777793531,0.388875931109034,0.339420241802869,0.0253659970447509,"violation in forward orientation",1,0.419655172413793,1,70,0.483583542674893,0.314054244758118,0.469693777793531,0.388875931109034,0.339420241802869,0.0253659970447509,"violation",1,820,0.369485312253819,0.418674011211553,0.466757837897285,0.482341354881983,0.43784143714124,0.0191674259296868,"violation"
24,50,"forward",0.4062591846095,0.302716065288689,0.427083130081252,0.366606055596467,0.390243487599899,0.0875274223112095,"violation in forward orientation",1,0.419655172413793,1,50,0.4062591846095,0.302716065288689,0.427083130081252,0.366606055596467,0.390243487599899,0.0875274223112095,"violation at burn-in",1,550,0.414178285362202,0.383861883607366,0.478375349706286,0.46854443150839,0.385038473111377,0.00117658950401073,"violation"
25,130,"forward",0.55175326262289,0.288598057539014,0.495183905828649,0.394113490998446,0.294614096371933,0.00601603883291885,"violation in forward orientation",1,0.419655172413793,1,130,0.55175326262289,0.288598057539014,0.495183905828649,0.394113490998446,0.294614096371933,0.00601603883291885,"violation",1,280,0.362409411343029,0.419667090719521,0.451753951452626,0.473466913698673,0.448606973404828,0.0289398826853073,"violation"
26,310,"reverse",0.342936176678686,0.469312520268194,0.444459474829673,0.48782257397917,0.478234269856742,0.00892174958854752,"violation in reverse orientation",1,0.419655172413793,1,1480,0.332931436062195,0.493033831212591,0.456466803857745,0.497757938830081,0.493455850722916,0.000422019510325,"violation",1,310,0.342936176678686,0.469312520268194,0.444459474829673,0.48782257397917,0.478234269856742,0.00892174958854752,"violation"
27,50,"forward",0.546859192020479,0.216786995012799,0.48,0.3,0.297830838927545,0.0810438439147461,"violation in forward orientation",1,0.419655172413793,1,50,0.546859192020479,0.216786995012799,0.48,0.3,0.297830838927545,0.0810438439147461,"violation at burn-in",1,610,0.359711786062839,0.444852596590434,0.460372703435229,0.487037013383241,0.452711239864407,0.00785864327397223,"violation"
28,160,"forward",0.482064644419067,0.324494638919108,0.484122918275927,0.421631874388073,0.340418573264363,0.0159239343452549,"violation in forward orientation",1,0.419655172413793,1,160,0.482064644419067,0.324494638919108,0.484122918275927,0.421631874388073,0.340418573264363,0.0159239343452549,"violation",1,1450,0.454047017593632,0.357414479178523,0.492512305416748,0.466209447044646,0.358833814857372,0.00141933567884878,"violation"
29,450,"forward",0.446240051937578,0.36018235538441,0.485386443980464,0.457281284156159,0.363965125926661,0.0037827705422504,"violation in forward orientation",1,0.419655172413793,1,450,0.446240051937578,0.36018235538441,0.485386443980464,0.457281284156159,0.363965125926661,0.0037827705422504,"violation",1,820,0.322280927782851,0.467334567717299,0.446821013876254,0.49286853543143,0.509659926296116,0.0423253585788166,"violation"
30,480,"forward",0.471342920898949,0.291646432919785,0.491132301421928,0.424258953614679,0.347465677223117,0.0558192443033319,"violation in forward orientation",1,0.419655172413793,1,480,0.471342920898949,0.291646432919785,0.491132301421928,0.424258953614679,0.347465677223117,0.0558192443033319,"violation",1,1220,0.397851091217408,0.394484410968816,0.478736242849529,0.477735971176977,0.395769903956169,0.00128549298735314,"violation"
31,50,"forward",0.478395081610861,0.329560327676681,0.458257569495584,0.384187454245971,0.342830479385994,0.0132701517093125,"violation in forward orientation",1,0.419655172413793,1,50,0.478395081610861,0.329560327676681,0.458257569495584,0.384187454245971,0.342830479385994,0.0132701517093125,"violation at burn-in",1,1070,0.456055844156348,0.357210714427701,0.49188452779106,0.464123855152536,0.357513466538746,0.00030275211104458,"violation"
32,120,"forward",0.533148857760046,0.281590846830816,0.491525403435288,0.386939558874797,0.306842277308814,0.0252514304779982,"violation in forward orientation",1,0.419655172413793,1,120,0.533148857760046,0.281590846830816,0.491525403435288,0.386939558874797,0.306842277308814,0.0252514304779982,"violation",1,1390,0.499009174331796,0.326935997430971,0.49819507566775,0.453394970900318,0.329281384023924,0.00234538659295308,"violation"
33,480,"reverse",0.35190840573334,0.437008661288261,0.454529671443155,0.483580217119031,0.464583590109968,0.0275749288217069,"violation in reverse orientation",1,0.419655172413793,1,1040,0.442231129504506,0.366137955145778,0.489097103172122,0.467286917866815,0.366600084111828,0.000462128966050301,"violation",1,480,0.35190840573334,0.437008661288261,0.454529671443155,0.483580217119031,0.464583590109968,0.0275749288217069,"violation"
34,1390,"reverse",0.432711162456726,0.367866818091261,0.488215771999414,0.469768748300777,0.372857305475888,0.00499048738462649,"violation in reverse orientation",1,0.419655172413793,1,2070,0.366006202743943,0.439857417437186,0.471233443474393,0.490952709773234,0.443134682491306,0.00327726505412018,"violation",1,1390,0.432711162456726,0.367866818091261,0.488215771999414,0.469768748300777,0.372857305475888,0.00499048738462649,"violation"
35,240,"forward",0.532280956374958,0.301198199725872,0.496585563847986,0.417582327212252,0.307412725826274,0.00621452610040196,"violation in forward orientation",1,0.419655172413793,1,240,0.532280956374958,0.301198199725872,0.496585563847986,0.417582327212252,0.307412725826274,0.00621452610040196,"violation",1,280,0.31171846442978,0.453460094550593,0.426647467148804,0.483186700722508,0.525730047075635,0.0722699525250419,"violation"
36,50,"reverse",0.216786995012799,0.61213738305134,0.3,0.493558507170123,0.670162281140101,0.0580248980887618,"violation in reverse orientation",1,0.419655172413793,1,60,0.789716484604453,0.12757189874012,0.486198404860494,0.217944947177034,0.138207194019194,0.0106352952790744,"violation",1,50,0.216786995012799,0.61213738305134,0.3,0.493558507170123,0.670162281140101,0.0580248980887618,"violation at burn-in"
37,160,"reverse",0.324494638919108,0.501800453905321,0.421631874388073,0.488580533279827,0.506291904638528,0.00449145073320689,"violation in reverse orientation",1,0.419655172413793,1,280,0.494235858545645,0.323513388125722,0.491963475498425,0.433012701892219,0.332418757647656,0.00890536952193483,"violation",1,160,0.324494638919108,0.501800453905321,0.421631874388073,0.488580533279827,0.506291904638528,0.00449145073320689,"violation"
38,280,"forward",0.559779775010621,0.218928861622759,0.499374608885954,0.363935405795914,0.289338483069983,0.0704096214472239,"violation in forward orientation",1,0.419655172413793,1,280,0.559779775010621,0.218928861622759,0.499374608885954,0.363935405795914,0.289338483069983,0.0704096214472239,"violation",1,880,0.436842395045924,0.370078468825944,0.487179381747627,0.467519390148996,0.370141956075276,6.34872493324723e-05,"violation"
39,50,"forward",0.501594493296846,0.185611725055255,0.466476151587624,0.271293199325011,0.327582122568519,0.141970397513264,"violation in forward orientation",1,0.419655172413793,1,50,0.501594493296846,0.185611725055255,0.466476151587624,0.271293199325011,0.327582122568519,0.141970397513264,"violation at burn-in",1,2290,0.443220709354195,0.365876933419485,0.491841293869378,0.471661205957939,0.365949659572979,7.27261534939072e-05,"violation"
40,160,"reverse",0.33870010349401,0.482064644419067,0.42934361238989,0.484122918275927,0.484679187621955,0.00261454320288856,"violation in reverse orientation",1,0.419655172413793,1,730,0.338869519687598,0.481774565421905,0.4533170422308,0.494700760242265,0.484421431585132,0.0026468661632274,"violation",1,160,0.33870010349401,0.482064644419067,0.42934361238989,0.484122918275927,0.484679187621955,0.00261454320288856,"violation"
41,1160,"forward",0.376892647213893,0.42292527736988,0.471809328867269,0.48521542343001,0.42657164490777,0.00364636753788966,"violation in forward orientation",1,0.419655172413793,1,1160,0.376892647213893,0.42292527736988,0.471809328867269,0.48521542343001,0.42657164490777,0.00364636753788966,"violation",1,1390,0.379713541732933,0.415100538555357,0.473805871132352,0.484076443986898,0.422279832087981,0.00717929353262453,"violation"
42,590,"forward",0.413771981951989,0.38379462999873,0.478794809892391,0.46916099238006,0.385305525546108,0.00151089554737788,"violation in forward orientation",1,0.419655172413793,1,590,0.413771981951989,0.38379462999873,0.478794809892391,0.46916099238006,0.385305525546108,0.00151089554737788,"violation",1,1420,0.423185770603577,0.378482833817068,0.486142017009682,0.473518110437729,0.379118092420361,0.000635258603293665,"violation"
43,160,"forward",0.462157445752236,0.317349074358807,0.478890318862263,0.417582327212252,0.353503045949142,0.0361539715903347,"violation in forward orientation",1,0.419655172413793,1,160,0.462157445752236,0.317349074358807,0.478890318862263,0.417582327212252,0.353503045949142,0.0361539715903347,"violation",1,1030,0.406606177543854,0.389620655549805,0.480338272735084,0.475257345788759,0.390015418364877,0.000394762815072502,"violation"
44,90,"forward",0.507348898454775,0.316774321444153,0.481894409826699,0.4,0.323799904971449,0.00702558352729571,"violation in forward orientation",1,0.419655172413793,1,90,0.507348898454775,0.316774321444153,0.481894409826699,0.4,0.323799904971449,0.00702558352729571,"violation",1,690,0.521424398527023,0.313426469068295,0.49878870289164,0.44067504689331,0.314548452805715,0.00112198373742051,"violation"
45,280,"forward",0.538090622744335,0.299860775202326,0.497839720949526,0.419912527334259,0.303594186503388,0.00373341130106142,"violation in forward orientation",1,0.419655172413793,1,280,0.538090622744335,0.299860775202326,0.497839720949526,0.419912527334259,0.303594186503388,0.00373341130106142,"violation",1,370,0.511872457224479,0.319016765153121,0.496120817538757,0.435328142523262,0.320826689997771,0.00180992484464976,"violation"
46,570,"forward",0.413066557618884,0.383835538447418,0.478326826328476,0.468864367396212,0.385769182214842,0.00193364376742461,"violation in forward orientation",1,0.419655172413793,1,570,0.413066557618884,0.383835538447418,0.478326826328476,0.468864367396212,0.385769182214842,0.00193364376742461,"violation",1,600,0.434764444254841,0.368948985163538,0.484550192331908,0.463848634314639,0.371507737912353,0.00255875274881495,"violation"
47,130,"reverse",0.306802581183292,0.52775317532658,0.405655288413391,0.49140542319029,0.533209252907493,0.00545607758091371,"violation in reverse orientation",1,0.419655172413793,1,340,0.463847401737124,0.349029125573413,0.487348592404894,0.448710185364481,0.352392282787894,0.00336315721448133,"violation",1,130,0.306802581183292,0.52775317532658,0.405655288413391,0.49140542319029,0.533209252907493,0.00545607758091371,"violation"
48,380,"forward",0.461356359290548,0.350698900038092,0.487630939869493,0.451037584960601,0.354029578792939,0.00333067875484683,"violation in forward orientation",1,0.419655172413793,1,380,0.461356359290548,0.350698900038092,0.487630939869493,0.451037584960601,0.354029578792939,0.00333067875484683,"violation",1,1020,0.374062462139202,0.429522939441252,0.469999631892663,0.486198404860494,0.430877592721114,0.00135465327986206,"violation"
49,280,"reverse",0.323513388125722,0.483170904402714,0.433012701892219,0.489897948556636,0.507784815736785,0.0246139113340705,"violation in reverse orientation",1,0.419655172413793,1,1510,0.374383396068586,0.429927506362993,0.472485809550198,0.48791365447401,0.430389312020387,0.000461805657393788,"violation",1,280,0.323513388125722,0.483170904402714,0.433012701892219,0.489897948556636,0.507784815736785,0.0246139113340705,"violation"
50,140,"forward",0.311026780427886,0.522975342090722,0.410325903324145,0.491301893971933,0.526782400592058,0.00380705850133589,"violation in forward orientation",1,0.419655172413793,1,140,0.311026780427886,0.522975342090722,0.410325903324145,0.491301893971933,0.526782400592058,0.00380705850133589,"violation",1,1510,0.413725481702576,0.384584140580784,0.484080139915329,0.47580880383431,0.385336088924385,0.000751948343601205,"violation"
51,260,"forward",0.587876136936944,0.257194787293212,0.5,0.391080282016683,0.270871490987408,0.0136767036941959,"violation in forward orientation",1,0.419655172413793,1,260,0.587876136936944,0.257194787293212,0.5,0.391080282016683,0.270871490987408,0.0136767036941959,"violation",1,1100,0.372301731839986,0.432997657972897,0.46988305209342,0.487336325564672,0.433556432649143,0.000558774676246709,"violation"
52,180,"forward",0.559676726511326,0.283627974082105,0.498020774022555,0.4,0.289406214110236,0.0057782400281316,"violation in forward orientation",1,0.419655172413793,1,180,0.559676726511326,0.283627974082105,0.498020774022555,0.4,0.289406214110236,0.0057782400281316,"violation",1,1090,0.407705432768268,0.387894868066363,0.480950997991988,0.475053100394678,0.389292907116652,0.0013980390502889,"violation"
53,260,"forward",0.326102966973833,0.501993266821105,0.433012701892219,0.49278822701683,0.50384493509851,0.00185166827740535,"violation in forward orientation",1,0.419655172413793,1,260,0.326102966973833,0.501993266821105,0.433012701892219,0.49278822701683,0.50384493509851,0.00185166827740535,"violation",1,450,0.475980811488872,0.343644176319823,0.491628686543105,0.450080925508039,0.344417314982178,0.000773138662355233,"violation"
54,660,"forward",0.400103794636595,0.393811886792561,0.475516248386255,0.4735036359909,0.394289261860384,0.000477375067822972,"violation in forward orientation",1,0.419655172413793,1,660,0.400103794636595,0.393811886792561,0.475516248386255,0.4735036359909,0.394289261860384,0.000477375067822972,"violation",1,1500,0.43540213681427,0.370626977931852,0.489064412935556,0.471168287934954,0.371088599538603,0.000461621606751506,"violation"
55,430,"forward",0.405509165560849,0.388417598285217,0.473551419021783,0.467719459397143,0.390736455190135,0.00231885690491818,"violation in forward orientation",1,0.419655172413793,1,430,0.405509165560849,0.388417598285217,0.473551419021783,0.467719459397143,0.390736455190135,0.00231885690491818,"violation",1,820,0.379620668802861,0.416164729380755,0.470388792069855,0.481668723369061,0.422421132384468,0.00625640300371227,"violation"
56,620,"reverse",0.434697291954949,0.369381403734418,0.484741153020704,0.464322876467251,0.371551875334618,0.00217047160020001,"violation in reverse orientation",1,0.419655172413793,1,1510,0.375744572262211,0.426555720168691,0.47294228003595,0.487160258353877,0.428318368424885,0.00176264825619399,"violation",1,620,0.434697291954949,0.369381403734418,0.484741153020704,0.464322876467251,0.371551875334618,0.00217047160020001,"violation"
57,190,"forward",0.488835881526345,0.335289554908548,0.487630939869493,0.431482659348623,0.335968019047513,0.000678464138965607,"violation in forward orientation",1,0.419655172413793,1,190,0.488835881526345,0.335289554908548,0.487630939869493,0.431482659348623,0.335968019047513,0.000678464138965607,"violation",1,1380,0.592960984833803,0.267109859763474,0.497345927966332,0.42203535590032,0.267529355585727,0.000419495822253091,"violation"
58,140,"reverse",0.352089851249444,0.462453411583652,0.433012701892219,0.476969600708473,0.464307532218809,0.00185412063515694,"violation in reverse orientation",1,0.419655172413793,1,1670,0.371064180435062,0.435286363384534,0.471896180568395,0.489402923014254,0.435439288937796,0.000152925553261796,"violation",1,140,0.352089851249444,0.462453411583652,0.433012701892219,0.476969600708473,0.464307532218809,0.00185412063515694,"violation"
59,1160,"forward",0.410572053679878,0.385777280002483,0.482053055827448,0.474745691983692,0.387408753366879,0.00163147336439629,"violation in forward orientation",1,0.419655172413793,1,1160,0.410572053679878,0.385777280002483,0.482053055827448,0.474745691983692,0.387408753366879,0.00163147336439629,"violation",1,1930,0.402814462372085,0.391708012977883,0.482227286163852,0.479113262295951,0.392507611989093,0.000799599011209295,"violation"
60,170,"forward",0.411282314144936,0.385545813249943,0.463214285237883,0.452941176470588,0.386941918037124,0.00139610478718138,"violation in forward orientation",1,0.419655172413793,1,170,0.411282314144936,0.385545813249943,0.463214285237883,0.452941176470588,0.386941918037124,0.00139610478718138,"violation",1,1250,0.427975022110895,0.375472923162578,0.486736725550888,0.471780287845942,0.37597024467057,0.000497321507992365,"violation"
61,550,"forward",0.322437919311724,0.509253685945118,0.442535892927258,0.497212062113082,0.509421073601814,0.000167387656696438,"violation in forward orientation",1,0.419655172413793,1,550,0.322437919311724,0.509253685945118,0.442535892927258,0.497212062113082,0.509421073601814,0.000167387656696438,"violation",1,1390,0.480868749447109,0.341113297323729,0.496334579807905,0.459502772561627,0.341204603250617,9.13059268880523e-05,"violation"
62,480,"forward",0.536988703245666,0.280344870038744,0.49914858064063,0.417582327212252,0.304318448908282,0.0239735788695379,"violation in forward orientation",1,0.419655172413793,1,480,0.536988703245666,0.280344870038744,0.49914858064063,0.417582327212252,0.304318448908282,0.0239735788695379,"violation",1,2040,0.414759924319808,0.383765080653575,0.485483227166556,0.476969600708473,0.384656177280579,0.000891096627003651,"violation"
63,90,"forward",0.47095319093603,0.330249254092939,0.471404520791032,0.408097059382377,0.347721836371353,0.0174725822784135,"violation in forward orientation",1,0.419655172413793,1,90,0.47095319093603,0.330249254092939,0.471404520791032,0.408097059382377,0.347721836371353,0.0174725822784135,"violation",1,720,0.493769192714629,0.331703894706752,0.49625137994646,0.449946413133117,0.332725484697556,0.00102158999080376,"violation"
64,50,"forward",0.590712364249548,0.246504271019468,0.489897948556636,0.324961536185438,0.269007314142605,0.0225030431231368,"violation in forward orientation",1,0.419655172413793,1,50,0.590712364249548,0.246504271019468,0.489897948556636,0.324961536185438,0.269007314142605,0.0225030431231368,"violation at burn-in",1,340,0.442454869895942,0.364810959485849,0.482164597375147,0.455645099553814,0.366453025498047,0.00164206601219774,"violation"
65,270,"forward",0.515109264026693,0.318654089170624,0.49502324286233,0.429757324573638,0.318699222899146,4.51337285223286e-05,"violation in forward orientation",1,0.419655172413793,1,270,0.515109264026693,0.318654089170624,0.49502324286233,0.429757324573638,0.318699222899146,4.51337285223286e-05,"violation",1,1030,0.39062144611668,0.400618018876398,0.475573582972383,0.47861615959067,0.405684144601189,0.00506612572479165,"violation"
66,1080,"reverse",0.605277365306808,0.257805871549091,0.496475921059666,0.413870245665128,0.259434125987055,0.00162825443796416,"violation in reverse orientation",1,0.419655172413793,1,2250,0.367641535338561,0.439595399875458,0.472184312203781,0.491126998234735,0.44064662724967,0.0010512273742122,"violation",1,1080,0.605277365306808,0.257805871549091,0.496475921059666,0.413870245665128,0.259434125987055,0.00162825443796416,"violation"
67,740,"reverse",0.413282861183814,0.385308281886432,0.480235743789294,0.471563537041154,0.385627011629502,0.000318729743070179,"violation in reverse orientation",1,0.419655172413793,1,1420,0.42605781721219,0.377034808682394,0.486810769450436,0.473038186584413,0.377230372504127,0.000195563821733136,"violation",1,740,0.413282861183814,0.385308281886432,0.480235743789294,0.471563537041154,0.385627011629502,0.000318729743070179,"violation"
68,480,"forward",0.46706840873109,0.323046621446925,0.490318596821382,0.441111089245731,0.350275200483378,0.0272285790364531,"violation in forward orientation",1,0.419655172413793,1,480,0.46706840873109,0.323046621446925,0.490318596821382,0.441111089245731,0.350275200483378,0.0272285790364531,"violation",1,1230,0.477595211497869,0.342703157383297,0.49564432374168,0.45931433780813,0.343356212756116,0.000653055372819067,"violation"
69,480,"forward",0.507482343488435,0.287131582556388,0.496585563847986,0.421631874388073,0.323712195096892,0.0365806125405034,"violation in forward orientation",1,0.419655172413793,1,480,0.507482343488435,0.287131582556388,0.496585563847986,0.421631874388073,0.323712195096892,0.0365806125405034,"violation",1,1600,0.404659123353538,0.390594679290789,0.48195200422345,0.477941141119908,0.391295165344617,0.000700486053828719,"violation"
70,810,"reverse",0.445136627957909,0.363587649923986,0.488597306737559,0.464442081629054,0.364690377186938,0.00110272726295163,"violation in reverse orientation",1,0.419655172413793,1,2540,0.353445614432112,0.461905886021418,0.467709078919327,0.495064612124458,0.462244824177549,0.000338938156130342,"violation",1,810,0.445136627957909,0.363587649923986,0.488597306737559,0.464442081629054,0.364690377186938,0.00110272726295163,"violation"
71,280,"forward",0.370115824531522,0.423441788379168,0.455073441034185,0.474664220738176,0.436882152539063,0.0134403641598958,"violation in forward orientation",1,0.419655172413793,1,280,0.370115824531522,0.423441788379168,0.455073441034185,0.474664220738176,0.436882152539063,0.0134403641598958,"violation",1,2370,0.411590262291861,0.38666880420152,0.485219042202723,0.478468547750631,0.386739511903333,7.07077018121671e-05,"violation"
72,280,"forward",0.574152171773874,0.239507736279974,0.499885190900503,0.379967103839267,0.279891888598762,0.0403841523187881,"violation in forward orientation",1,0.419655172413793,1,280,0.574152171773874,0.239507736279974,0.499885190900503,0.379967103839267,0.279891888598762,0.0403841523187881,"violation",1,820,0.417419543692188,0.380885898049583,0.482006699186514,0.470826478517606,0.382908080141839,0.00202218209225652,"violation"
73,190,"reverse",0.263201270208059,0.591333684704491,0.387655785859375,0.499889184395802,0.599545893338406,0.00821220863391503,"violation in reverse orientation",1,0.419655172413793,1,280,0.486863800390853,0.31171846442978,0.490613422780344,0.426647467148804,0.337264215573271,0.0255457511434904,"violation",1,190,0.263201270208059,0.591333684704491,0.387655785859375,0.499889184395802,0.599545893338406,0.00821220863391503,"violation"
74,600,"reverse",0.393327990839308,0.400264648964924,0.472569806718777,0.474821603926733,0.401566307773367,0.00130165880844346,"violation in reverse orientation",1,0.419655172413793,1,720,0.513435865481425,0.31850992087054,0.498260864295892,0.443671202358762,0.319799103295317,0.00128918242477677,"violation",1,600,0.393327990839308,0.400264648964924,0.472569806718777,0.474821603926733,0.401566307773367,0.00130165880844346,"violation"
75,160,"forward",0.547208614013715,0.259030400808886,0.496078370824611,0.379967103839267,0.297601173136669,0.0385707723277827,"violation in forward orientation",1,0.419655172413793,1,160,0.547208614013715,0.259030400808886,0.496078370824611,0.379967103839267,0.297601173136669,0.0385707723277827,"violation",1,360,0.392843789136396,0.401643416019052,0.46732757432918,0.470413201607814,0.40230299007818,0.00065957405912781,"violation"
76,180,"forward",0.508208733407478,0.315461385009563,0.490999233108953,0.419398452224606,0.323234758305644,0.00777337329608091,"violation in forward orientation",1,0.419655172413793,1,180,0.508208733407478,0.315461385009563,0.490999233108953,0.419398452224606,0.323234758305644,0.00777337329608091,"violation",1,250,0.329719825786961,0.487697329751107,0.434161260363013,0.489897948556636,0.498342112884927,0.0106447831338201,"violation"
77,90,"forward",0.519317495001799,0.303158498150334,0.484831649539365,0.391420332306856,0.315933264505575,0.0127747663552411,"violation in forward orientation",1,0.419655172413793,1,90,0.519317495001799,0.303158498150334,0.484831649539365,0.391420332306856,0.315933264505575,0.0127747663552411,"violation",1,160,0.310173845011429,0.514864781968424,0.413398642353842,0.491132301421928,0.528080087949772,0.0132153059813483,"violation"
78,810,"forward",0.36744464249199,0.440082916218048,0.465901783511597,0.487498021521785,0.440946187278354,0.000863271060305704,"violation in forward orientation",1,0.419655172413793,1,810,0.36744464249199,0.440082916218048,0.465901783511597,0.487498021521785,0.440946187278354,0.000863271060305704,"violation",1,950,0.435093910113626,0.370067760582196,0.48714897867472,0.46807911825014,0.371291188758352,0.00122342817615628,"violation"
79,70,"forward",0.434805754198776,0.349704765490709,0.451753951452626,0.410325903324145,0.371480585983945,0.0217758204932358,"violation in forward orientation",1,0.419655172413793,1,70,0.434805754198776,0.349704765490709,0.451753951452626,0.410325903324145,0.371480585983945,0.0217758204932358,"violation",1,1290,0.42628303225788,0.376221302168265,0.486475954838612,0.472220295722077,0.377082344639291,0.000861042471025641,"violation"
80,130,"forward",0.411962137162469,0.377601999819964,0.458257569495584,0.443560099795031,0.386495088432805,0.00889308861284144,"violation in forward orientation",1,0.419655172413793,1,130,0.411962137162469,0.377601999819964,0.458257569495584,0.443560099795031,0.386495088432805,0.00889308861284144,"violation",1,170,0.48056130135878,0.339720188690802,0.4845002419288,0.431301241878197,0.341406680709181,0.001686492018379,"violation"
81,190,"reverse",0.370332291562764,0.427507627195828,0.448481587216267,0.470780574185544,0.436552811624869,0.00904518442904045,"violation in reverse orientation",1,0.419655172413793,1,640,0.338581841754365,0.484183714864097,0.451859763747283,0.494577530417376,0.484859115388439,0.000675400524341785,"violation",1,190,0.370332291562764,0.427507627195828,0.448481587216267,0.470780574185544,0.436552811624869,0.00904518442904045,"violation"
82,60,"forward",0.463104996184793,0.34236971261758,0.458257569495584,0.4,0.352880246229315,0.0105105336117346,"violation in forward orientation",1,0.419655172413793,1,60,0.463104996184793,0.34236971261758,0.458257569495584,0.4,0.352880246229315,0.0105105336117346,"violation",1,1230,0.393899954567501,0.398073738128364,0.477604046212643,0.47884453431446,0.400696101090862,0.00262236296249807,"violation"
83,420,"reverse",0.367057763412319,0.436999536136392,0.459289355437442,0.482546861893125,0.441534799359603,0.00453526322321141,"violation in reverse orientation",1,0.419655172413793,1,640,0.509541475164997,0.322055254773514,0.497648277997372,0.444121213570969,0.322358782563704,0.00030352779019055,"violation",1,420,0.367057763412319,0.436999536136392,0.459289355437442,0.482546861893125,0.441534799359603,0.00453526322321141,"violation"
84,90,"forward",0.47095319093603,0.330249254092939,0.471404520791032,0.408097059382377,0.347721836371353,0.0174725822784135,"violation in forward orientation",1,0.419655172413793,1,90,0.47095319093603,0.330249254092939,0.471404520791032,0.408097059382377,0.347721836371353,0.0174725822784135,"violation",1,820,0.327411389947177,0.456150043615381,0.449237572107167,0.490868428803679,0.501854252195339,0.0457042085799576,"violation"
85,820,"forward",0.495798497601649,0.33125473268734,0.496843097619951,0.451006871451391,0.33139167652054,0.000136943833200398,"violation in forward orientation",1,0.419655172413793,1,820,0.495798497601649,0.33125473268734,0.496843097619951,0.451006871451391,0.33139167652054,0.000136943833200398,"violation",1,1390,0.350790371467416,0.430512775930344,0.463403180990109,0.48773370550553,0.466284608621319,0.0357718326909751,"violation"
86,480,"reverse",0.380510899995646,0.419720412259025,0.465991885658967,0.478890318862263,0.421066701858979,0.00134628959995359,"violation in reverse orientation",1,0.419655172413793,1,480,0.44992129785818,0.360735821358438,0.486693599425986,0.458257569495584,0.36154554080571,0.00080971944727265,"violation",1,480,0.380510899995646,0.419720412259025,0.465991885658967,0.478890318862263,0.421066701858979,0.00134628959995359,"violation"
87,480,"reverse",0.343056482500789,0.475612577202631,0.450616861153192,0.491909368063761,0.478051232147919,0.00243865494528772,"violation in reverse orientation",1,0.419655172413793,1,820,0.506890753652793,0.282274002252117,0.497959847295085,0.425739025724663,0.324101031375395,0.0418270291232783,"violation",1,480,0.343056482500789,0.475612577202631,0.450616861153192,0.491909368063761,0.478051232147919,0.00243865494528772,"violation"
88,240,"forward",0.365559498926169,0.437034873196346,0.450616861153192,0.476969600708473,0.443814314132556,0.00677944093621002,"violation in forward orientation",1,0.419655172413793,1,240,0.365559498926169,0.437034873196346,0.450616861153192,0.476969600708473,0.443814314132556,0.00677944093621002,"violation",1,770,0.420636430215402,0.38035232994843,0.482488070038838,0.470165744487615,0.380793706113254,0.000441376164824536,"violation"
89,130,"forward",0.885053205513604,0.0729615548553156,0.411088898950381,0.172691879389567,0.0755449007719492,0.00258334591663356,"violation in forward orientation",1,0.419655172413793,1,130,0.885053205513604,0.0729615548553156,0.411088898950381,0.172691879389567,0.0755449007719492,0.00258334591663356,"violation",1,3460,0.434273736118906,0.371517758653869,0.491152977477732,0.475207792924962,0.371830267330394,0.000312508676525158,"violation"
90,930,"reverse",0.433058255147872,0.369917724058577,0.486582605030322,0.467870455708885,0.372629170673378,0.00271144661480088,"violation in reverse orientation",1,0.419655172413793,1,1220,0.364931835941713,0.44309525727995,0.467913624978737,0.489897948556636,0.444769263715043,0.00167400643509297,"violation",1,930,0.433058255147872,0.369917724058577,0.486582605030322,0.467870455708885,0.372629170673378,0.00271144661480088,"violation"
91,90,"reverse",0.247071505072811,0.566413277978533,0.351539822656808,0.493913572686508,0.624086312102874,0.0576730341243414,"violation in reverse orientation",1,0.419655172413793,1,480,0.501129745084473,0.289389958114436,0.495811449096888,0.422952584681651,0.327887589218642,0.0384976311042056,"violation",1,90,0.247071505072811,0.566413277978533,0.351539822656808,0.493913572686508,0.624086312102874,0.0576730341243414,"violation"
92,280,"reverse",0.323513388125722,0.475771278006255,0.433012701892219,0.488385511827762,0.507784815736785,0.0320135377305301,"violation in reverse orientation",1,0.419655172413793,1,1080,0.394210074921683,0.396115541605563,0.476969600708473,0.477548035489912,0.40022427256173,0.00410873095616637,"violation",1,280,0.323513388125722,0.475771278006255,0.433012701892219,0.488385511827762,0.507784815736785,0.0320135377305301,"violation"
93,60,"forward",0.519765062450468,0.299311814729174,0.476969600708473,0.372677996249965,0.315639090314886,0.0163272755857114,"violation in forward orientation",1,0.419655172413793,1,60,0.519765062450468,0.299311814729174,0.476969600708473,0.372677996249965,0.315639090314886,0.0163272755857114,"violation",1,70,0.349704765490709,0.467494881339954,0.410325903324145,0.464230765979198,0.467936289539065,0.000441408199110649,"violation"
94,190,"forward",0.505300217237266,0.323471761400868,0.490942899681748,0.425144590036934,0.325146448695603,0.00167468729473469,"violation in forward orientation",1,0.419655172413793,1,190,0.505300217237266,0.323471761400868,0.490942899681748,0.425144590036934,0.325146448695603,0.00167468729473469,"violation",1,420,0.399716193614289,0.389702868404674,0.471404520791032,0.467928323677647,0.394544021712528,0.00484115330785423,"violation"
95,160,"forward",0.501800453905321,0.2365484833143,0.488580533279827,0.363092188706945,0.32744675013361,0.0908982668193102,"violation in forward orientation",1,0.419655172413793,1,160,0.501800453905321,0.2365484833143,0.488580533279827,0.363092188706945,0.32744675013361,0.0908982668193102,"violation",1,910,0.411754876924399,0.384556353742203,0.481074000731121,0.472809780222832,0.386631315079711,0.00207496133750873,"violation"
96,820,"reverse",0.359325509300902,0.442443909987321,0.462892838454994,0.488077667627931,0.453298935557272,0.0108550255699512,"violation in reverse orientation",1,0.419655172413793,1,1170,0.409824013317694,0.387880752883542,0.481894409826699,0.475465714384145,0.387900420419081,1.9667535538892e-05,"violation",1,820,0.359325509300902,0.442443909987321,0.462892838454994,0.488077667627931,0.453298935557272,0.0108550255699512,"violation"
97,690,"forward",0.390973012619764,0.39849270261879,0.472919225653661,0.47534464442222,0.405149258374583,0.00665655575579294,"violation in forward orientation",1,0.419655172413793,1,690,0.390973012619764,0.39849270261879,0.472919225653661,0.47534464442222,0.405149258374583,0.00665655575579294,"violation",1,2290,0.424186583775437,0.377936058204703,0.488033809190577,0.475645086906758,0.378460284517354,0.000524226312651643,"violation"
98,1380,"reverse",0.426131622788712,0.376408609340188,0.486714915908461,0.472669889242585,0.377181862059933,0.000773252719745321,"violation in reverse orientation",1,0.419655172413793,1,1490,0.314043605012872,0.520903714418633,0.447940198187437,0.49962104462759,0.52219249255349,0.00128877813485628,"violation",1,1380,0.426131622788712,0.376408609340188,0.486714915908461,0.472669889242585,0.377181862059933,0.000773252719745321,"violation"
99,280,"reverse",0.346925563978323,0.43473565552358,0.444696640464954,0.478078103942638,0.472164669082903,0.0374290135593232,"violation in reverse orientation",1,0.419655172413793,1,480,0.378319457436603,0.424050232956508,0.465176191231762,0.480121331598124,0.424400843283002,0.000350610326493805,"violation",1,280,0.346925563978323,0.43473565552358,0.444696640464954,0.478078103942638,0.472164669082903,0.0374290135593232,"violation"
100,360,"reverse",0.336491109838087,0.485466462372243,0.443671202358762,0.492035329455212,0.488040031931208,0.00257356955896543,"violation in reverse orientation",1,0.419655172413793,1,480,0.492643085284968,0.280344870038744,0.494654586274324,0.417582327212252,0.33346564518674,0.053120775147996,"violation",1,360,0.336491109838087,0.485466462372243,0.443671202358762,0.492035329455212,0.488040031931208,0.00257356955896543,"violation"
101,370,"forward",0.49531269103673,0.327793742830324,0.493818620348378,0.439810371515523,0.331710984266203,0.00391724143587963,"violation in forward orientation",1,0.419655172413793,1,370,0.49531269103673,0.327793742830324,0.493818620348378,0.439810371515523,0.331710984266203,0.00391724143587963,"violation",1,1400,0.437007847558915,0.368272076053151,0.48915535281102,0.469953862259968,0.370033208535098,0.00176113248194681,"violation"
102,490,"forward",0.41581583637157,0.383823844696154,0.477921537756525,0.46741377295927,0.383962154347968,0.000138309651814272,"violation in forward orientation",1,0.419655172413793,1,490,0.41581583637157,0.383823844696154,0.477921537756525,0.46741377295927,0.383962154347968,0.000138309651814272,"violation",1,1370,0.423916132330327,0.37680828645321,0.48616919692509,0.472762853047813,0.378638045065452,0.00182975861224233,"violation"
103,140,"forward",0.537847182749842,0.285876857552741,0.493787940934411,0.394541842275471,0.303754193142777,0.0178773355900354,"violation in forward orientation",1,0.419655172413793,1,140,0.537847182749842,0.285876857552741,0.493787940934411,0.394541842275471,0.303754193142777,0.0178773355900354,"violation",1,490,0.42641631068918,0.375242627170115,0.480940353360178,0.464230765979198,0.376994744268038,0.00175211709792317,"violation"
104,380,"forward",0.51263768031621,0.313831288810286,0.496323045099613,0.433012701892219,0.32032372919404,0.00649244038375346,"violation in forward orientation",1,0.419655172413793,1,380,0.51263768031621,0.313831288810286,0.496323045099613,0.433012701892219,0.32032372919404,0.00649244038375346,"violation",1,800,0.374454073194832,0.427400753302257,0.46837484987988,0.484443946705911,0.430281781237353,0.00288102793509559,"violation"
105,1410,"forward",0.385445356745076,0.410873992580768,0.475725311184537,0.483051618622909,0.41355923761565,0.00268524503488216,"violation in forward orientation",1,0.419655172413793,1,1410,0.385445356745076,0.410873992580768,0.475725311184537,0.483051618622909,0.41355923761565,0.00268524503488216,"violation",1,1760,0.441509083631752,0.366113201058185,0.490803860775428,0.470458662696081,0.367074665676886,0.00096146461870078,"violation"
106,820,"forward",0.467334567717299,0.338930031468421,0.49286853543143,0.454436456024327,0.350100261254452,0.011170229786031,"violation in forward orientation",1,0.419655172413793,1,820,0.467334567717299,0.338930031468421,0.49286853543143,0.454436456024327,0.350100261254452,0.011170229786031,"violation",1,2000,0.497586720203334,0.330131909470123,0.4985539088203,0.457158342371656,0.330216325323336,8.44158532126715e-05,"violation"
107,280,"forward",0.464636923606228,0.339146993140407,0.485911199580284,0.440952123830019,0.351873351043493,0.0127263579030859,"violation in forward orientation",1,0.419655172413793,1,280,0.464636923606228,0.339146993140407,0.485911199580284,0.440952123830019,0.351873351043493,0.0127263579030859,"violation",1,2710,0.471441428359891,0.34661537183154,0.496413657393451,0.465442245297964,0.347400930886703,0.00078555905516331,"violation"
108,520,"forward",0.5233250971481,0.311543621914298,0.498366414237794,0.436292712935876,0.313299174109818,0.00175555219551954,"violation in forward orientation",1,0.419655172413793,1,520,0.5233250971481,0.311543621914298,0.498366414237794,0.436292712935876,0.313299174109818,0.00175555219551954,"violation",1,2050,0.418260129859838,0.381950601924879,0.48633461354865,0.476429312644027,0.382355585190947,0.00040498326606847,"violation"
109,90,"reverse",0.343591528449175,0.47095319093603,0.415739709641549,0.471404520791032,0.477237193535358,0.00628400259932782,"violation in reverse orientation",1,0.419655172413793,1,3010,0.36770892574647,0.440251985559019,0.473438712764141,0.491948394460344,0.440544097000968,0.000292111441949849,"violation",1,90,0.343591528449175,0.47095319093603,0.415739709641549,0.471404520791032,0.477237193535358,0.00628400259932782,"violation"
110,180,"forward",0.461532142613808,0.346746223030849,0.480322679605294,0.436173031697567,0.353914041085695,0.00716781805484612,"violation in forward orientation",1,0.419655172413793,1,180,0.461532142613808,0.346746223030849,0.480322679605294,0.436173031697567,0.353914041085695,0.00716781805484612,"violation",1,420,0.364531515644926,0.43205209226046,0.458257569495584,0.481229293220042,0.445378325759076,0.0133262334986161,"violation"
111,50,"forward",0.56895608070809,0.275078575707952,0.485386443980464,0.346987031457949,0.283307141179285,0.00822856547133277,"violation in forward orientation",1,0.419655172413793,1,50,0.56895608070809,0.275078575707952,0.485386443980464,0.346987031457949,0.283307141179285,0.00822856547133277,"violation at burn-in",1,270,0.314566327910997,0.518901444848978,0.427533199282044,0.495535624910617,0.521397202683476,0.0024957578344974,"violation"
112,90,"reverse",0.458651873183302,0.330249254092939,0.46732757432918,0.408097059382377,0.355807165644252,0.0255579115513129,"violation in reverse orientation",1,0.419655172413793,1,560,0.431176824544912,0.373563536620625,0.483186700722508,0.464941158225689,0.373865785012981,0.000302248392355986,"violation",1,90,0.458651873183302,0.330249254092939,0.46732757432918,0.408097059382377,0.355807165644252,0.0255579115513129,"violation"
113,70,"forward",0.721075689618868,0.178102889634612,0.496723961448963,0.279941684889506,0.183322964554343,0.00522007491973081,"violation in forward orientation",1,0.419655172413793,1,70,0.721075689618868,0.178102889634612,0.496723961448963,0.279941684889506,0.183322964554343,0.00522007491973081,"violation",1,450,0.371942229696809,0.423193534083042,0.46203521858174,0.479346262639204,0.434103392450871,0.0109098583678298,"violation"
114,770,"forward",0.297182572779649,0.547187502026789,0.433386956043222,0.499957832595329,0.547845488014675,0.000657985987886023,"violation in forward orientation",1,0.419655172413793,1,770,0.297182572779649,0.547187502026789,0.433386956043222,0.499957832595329,0.547845488014675,0.000657985987886023,"violation",1,1100,0.451530550659615,0.360072626977676,0.491153979323143,0.465414593455827,0.360487821702401,0.000415194724725121,"violation"
115,360,"forward",0.398713031765806,0.392843789136396,0.469403351258637,0.46732757432918,0.395203373338267,0.00235958420187066,"violation in forward orientation",1,0.419655172413793,1,360,0.398713031765806,0.392843789136396,0.469403351258637,0.46732757432918,0.395203373338267,0.00235958420187066,"violation",1,520,0.640080660119109,0.232090357390764,0.494047406871736,0.386414063411733,0.236558845143518,0.00446848775275388,"violation"
116,430,"forward",0.487334490767879,0.329107504351917,0.493330312455731,0.442624797922658,0.336954843296223,0.00784733894430639,"violation in forward orientation",1,0.419655172413793,1,430,0.487334490767879,0.329107504351917,0.493330312455731,0.442624797922658,0.336954843296223,0.00784733894430639,"violation",1,1050,0.485608236561593,0.337041901020964,0.496270901077462,0.455721003085288,0.338089464313834,0.00104756329287031,"violation"
117,490,"reverse",0.520490488515683,0.31234135268128,0.497980093237813,0.435918558434568,0.315162287039147,0.00282093435786701,"violation in reverse orientation",1,0.419655172413793,1,820,0.444938919514155,0.35550915639919,0.48861365878885,0.461381934744423,0.364820325693262,0.00931116929407239,"violation",1,490,0.520490488515683,0.31234135268128,0.497980093237813,0.435918558434568,0.315162287039147,0.00282093435786701,"violation"
118,450,"reverse",0.443942117645007,0.364891513841022,0.484831649539365,0.459221025887626,0.36547549707359,0.000583983232567309,"violation in reverse orientation",1,0.419655172413793,1,480,0.437008661288261,0.367340658776839,0.483580217119031,0.460934851687307,0.370032673692422,0.0026920149155833,"violation",1,450,0.443942117645007,0.364891513841022,0.484831649539365,0.459221025887626,0.36547549707359,0.000583983232567309,"violation"
119,330,"reverse",0.303193802825738,0.532871617751096,0.424848052565379,0.497929597731969,0.538699781218348,0.00582816346725179,"violation in reverse orientation",1,0.419655172413793,1,1000,0.38022505459357,0.419337655872956,0.471990466005406,0.483602109176542,0.421501597581887,0.00216394170893097,"violation",1,330,0.303193802825738,0.532871617751096,0.424848052565379,0.497929597731969,0.538699781218348,0.00582816346725179,"violation"
120,100,"forward",0.598237834688651,0.249038993743375,0.498397431775085,0.357071421427142,0.264061022399176,0.0150220286558005,"violation in forward orientation",1,0.419655172413793,1,100,0.598237834688651,0.249038993743375,0.498397431775085,0.357071421427142,0.264061022399176,0.0150220286558005,"violation",1,1390,0.373793460250277,0.390796293088623,0.471826731734496,0.477307632948811,0.431286862102739,0.0404905690141159,"violation"
121,200,"reverse",0.374771755814802,0.418144632915628,0.451414443721067,0.46837484987988,0.429798447198519,0.0116538142828916,"violation in reverse orientation",1,0.419655172413793,1,620,0.503885820322492,0.325196594480231,0.496983617356665,0.445286915420547,0.326076094202563,0.000879499722332255,"violation",1,200,0.374771755814802,0.418144632915628,0.451414443721067,0.46837484987988,0.429798447198519,0.0116538142828916,"violation"
122,50,"reverse",0.275078575707952,0.546859192020479,0.346987031457949,0.48,0.581475323288756,0.0346161312682773,"violation in reverse orientation",1,0.419655172413793,1,90,0.446262250701477,0.343591528449175,0.462948147911104,0.415739709641549,0.363950535269043,0.0203590068198683,"violation",1,50,0.275078575707952,0.546859192020479,0.346987031457949,0.48,0.581475323288756,0.0346161312682773,"violation at burn-in"
123,110,"forward",0.441538187753225,0.359431711356376,0.4657704893618,0.430356377401623,0.367055536311232,0.00762382495485675,"violation in forward orientation",1,0.419655172413793,1,110,0.441538187753225,0.359431711356376,0.4657704893618,0.430356377401623,0.367055536311232,0.00762382495485675,"violation",1,1390,0.461215228608089,0.349302792486338,0.493581807687309,0.462817559263777,0.354122340240219,0.00481954775388144,"violation"
124,90,"forward",0.61230983413901,0.217843543370117,0.498887651569859,0.327542288288526,0.254811871099188,0.0369683277290717,"violation in forward orientation",1,0.419655172413793,1,90,0.61230983413901,0.217843543370117,0.498887651569859,0.327542288288526,0.254811871099188,0.0369683277290717,"violation",1,1390,0.395223128454839,0.397435218692004,0.478633044864271,0.479279798016255,0.398682975603837,0.00124775691183265,"violation"
125,90,"reverse",0.330249254092939,0.495299770270681,0.408097059382377,0.478681316189734,0.497536621160434,0.00223685088975356,"violation in reverse orientation",1,0.419655172413793,1,520,0.44482677644238,0.364667929269294,0.486044139276922,0.460732469318176,0.364894034354334,0.000226105085040229,"violation",1,90,0.330249254092939,0.495299770270681,0.408097059382377,0.478681316189734,0.497536621160434,0.00223685088975356,"violation"
126,70,"reverse",0.277251743648749,0.561680056860571,0.363935405795914,0.489897948556636,0.578168985542019,0.0164889286814486,"violation in reverse orientation",1,0.419655172413793,1,110,0.461492994741696,0.348881957255449,0.472464962188592,0.424848052565379,0.353939771941748,0.00505781468629929,"violation",1,70,0.277251743648749,0.561680056860571,0.363935405795914,0.489897948556636,0.578168985542019,0.0164889286814486,"violation"
127,180,"forward",0.508208733407478,0.315461385009563,0.490999233108953,0.419398452224606,0.323234758305644,0.00777337329608091,"violation in forward orientation",1,0.419655172413793,1,180,0.508208733407478,0.315461385009563,0.490999233108953,0.419398452224606,0.323234758305644,0.00777337329608091,"violation",1,570,0.352519913937471,0.461898042525226,0.456710170400895,0.490252791244342,0.463653219005278,0.00175517648005152,"violation"
128,230,"reverse",0.371166209762566,0.43188190871445,0.452341106213564,0.474869398023903,0.435284057761012,0.00340214904656128,"violation in reverse orientation",1,0.419655172413793,1,280,0.494235858545645,0.295893744134178,0.491963475498425,0.417582327212252,0.332418757647656,0.0365250135134779,"violation",1,230,0.371166209762566,0.43188190871445,0.452341106213564,0.474869398023903,0.435284057761012,0.00340214904656128,"violation"
129,140,"forward",0.537847182749842,0.294306564960633,0.493787940934411,0.4,0.303754193142777,0.00944762818214406,"violation in forward orientation",1,0.419655172413793,1,140,0.537847182749842,0.294306564960633,0.493787940934411,0.4,0.303754193142777,0.00944762818214406,"violation",1,1680,0.460557166834883,0.353619298811399,0.493975898408634,0.465643618652545,0.354554866756909,0.00093556794551003,"violation"
130,50,"forward",0.524410079701748,0.302716065288689,0.47370877129308,0.366606055596467,0.312586043908816,0.00986997862012662,"violation in forward orientation",1,0.419655172413793,1,50,0.524410079701748,0.302716065288689,0.47370877129308,0.366606055596467,0.312586043908816,0.00986997862012662,"violation at burn-in",1,850,0.416620672048391,0.382618172846575,0.482002742314415,0.47168108397804,0.383433157244692,0.000814984398116947,"violation"
131,240,"reverse",0.361022910402932,0.445831901197557,0.448589610767892,0.479510746027193,0.450716447002367,0.00488454580480979,"violation in reverse orientation",1,0.419655172413793,1,1200,0.405942510012594,0.387971156414227,0.480959688770506,0.475639189816072,0.390451629397372,0.00248047298314502,"violation",1,240,0.361022910402932,0.445831901197557,0.448589610767892,0.479510746027193,0.450716447002367,0.00488454580480979,"violation"
132,60,"reverse",0.321054517826778,0.501117648712452,0.386939558874797,0.471404520791032,0.511525831574127,0.0104081828616754,"violation in reverse orientation",1,0.419655172413793,1,90,0.395765536459536,0.382890080077361,0.442216638714053,0.436173031697567,0.397857736087648,0.0149676560102864,"violation",1,60,0.321054517826778,0.501117648712452,0.386939558874797,0.471404520791032,0.511525831574127,0.0104081828616754,"violation"
133,280,"forward",0.400716272732142,0.393099052393806,0.467024886807929,0.464230765979198,0.393886696283713,0.000787643889907264,"violation in forward orientation",1,0.419655172413793,1,280,0.400716272732142,0.393099052393806,0.467024886807929,0.464230765979198,0.393886696283713,0.000787643889907264,"violation",1,740,0.489305019748144,0.334465110369715,0.495774696113126,0.451478781169839,0.335659666960851,0.00119455659113543,"violation"
134,50,"forward",0.546859192020479,0.246504271019468,0.48,0.324961536185438,0.297830838927545,0.0513265679080773,"violation in forward orientation",1,0.419655172413793,1,50,0.546859192020479,0.246504271019468,0.48,0.324961536185438,0.297830838927545,0.0513265679080773,"violation at burn-in",1,510,0.377685613344738,0.424747803925073,0.465561386762574,0.480792150401538,0.425365197029962,0.000617393104889119,"violation"
135,530,"reverse",0.574677944032003,0.277416134149955,0.499871824083572,0.417271306871951,0.27954631246497,0.0021301783150155,"violation in reverse orientation",1,0.419655172413793,1,1390,0.404066222266997,0.38119254669446,0.481156758769962,0.474288453131065,0.391684863473493,0.0104923167790331,"violation",1,530,0.574677944032003,0.277416134149955,0.499871824083572,0.417271306871951,0.27954631246497,0.0021301783150155,"violation"
136,50,"forward",0.56895608070809,0.216786995012799,0.485386443980464,0.3,0.283307141179285,0.0665201461664855,"violation in forward orientation",1,0.419655172413793,1,50,0.56895608070809,0.216786995012799,0.485386443980464,0.3,0.283307141179285,0.0665201461664855,"violation at burn-in",1,600,0.458738975871978,0.351435781955208,0.489897948556636,0.456788304968019,0.355749915361587,0.00431413340637865,"violation"
137,80,"reverse",0.354108657851495,0.455809380365391,0.417582327212252,0.463512405443479,0.46123604549824,0.00542666513284989,"violation in reverse orientation",1,0.419655172413793,1,820,0.443691581480066,0.360596842134437,0.488347259443593,0.463388959494163,0.365640167837246,0.00504332570280852,"violation",1,80,0.354108657851495,0.455809380365391,0.417582327212252,0.463512405443479,0.46123604549824,0.00542666513284989,"violation"
138,190,"reverse",0.364532665862752,0.438774439301002,0.44584881230626,0.47441464150842,0.445376575775312,0.00660213647431074,"violation in reverse orientation",1,0.419655172413793,1,1770,0.311039488618078,0.526257584678343,0.447716141153712,0.499872306462403,0.526763065883436,0.000505481205092639,"violation",1,190,0.364532665862752,0.438774439301002,0.44584881230626,0.47441464150842,0.445376575775312,0.00660213647431074,"violation"
139,100,"forward",0.618571340202755,0.236241940338561,0.499599839871872,0.346987031457949,0.250696349552043,0.0144544092134819,"violation in forward orientation",1,0.419655172413793,1,100,0.618571340202755,0.236241940338561,0.499599839871872,0.346987031457949,0.250696349552043,0.0144544092134819,"violation",1,1040,0.500749475814734,0.325115321159683,0.497865265393366,0.45030807994517,0.328137530104652,0.00302220894496902,"violation"
140,820,"forward",0.39225633806488,0.394779082050586,0.474606509109383,0.475408024759731,0.403196759775245,0.00841767772465896,"violation in forward orientation",1,0.419655172413793,1,820,0.39225633806488,0.394779082050586,0.474606509109383,0.475408024759731,0.403196759775245,0.00841767772465896,"violation",1,1270,0.465552419149104,0.351052374283658,0.494009623480167,0.462912441586805,0.351271620150851,0.000219245867192408,"violation"
141,120,"forward",0.626967521469259,0.230215830491362,0.5,0.348707932548461,0.245177762719378,0.0149619322280156,"violation in forward orientation",1,0.419655172413793,1,120,0.626967521469259,0.230215830491362,0.5,0.348707932548461,0.245177762719378,0.0149619322280156,"violation",1,390,0.37764226379727,0.423499137108699,0.462598497783138,0.478162162089848,0.42543115062812,0.00193201351942107,"violation"
142,740,"reverse",0.379690877251998,0.420247985573142,0.469623273477758,0.482142770183303,0.42231431466405,0.00206632909090826,"violation in reverse orientation",1,0.419655172413793,1,750,0.427242648288904,0.376221637712266,0.484036729552165,0.468499258863401,0.376451614522214,0.000229976809947352,"violation",1,740,0.379690877251998,0.420247985573142,0.469623273477758,0.482142770183303,0.42231431466405,0.00206632909090826,"violation"
143,50,"reverse",0.329560327676681,0.478395081610861,0.384187454245971,0.458257569495584,0.498584779184505,0.0201896975736432,"violation in reverse orientation",1,0.419655172413793,1,150,0.322162232949454,0.504752897994857,0.418675159149536,0.48848973604593,0.509840512987387,0.00508761499252963,"violation",1,50,0.329560327676681,0.478395081610861,0.384187454245971,0.458257569495584,0.498584779184505,0.0201896975736432,"violation at burn-in"
144,140,"reverse",0.439309445489155,0.36018664607018,0.469693777793531,0.43705881545081,0.368520429376484,0.0083337833063043,"violation in reverse orientation",1,0.419655172413793,1,1200,0.391399065177503,0.404233610288943,0.476706729085667,0.480482974608767,0.404501046320973,0.000267436032029778,"violation",1,140,0.439309445489155,0.36018664607018,0.469693777793531,0.43705881545081,0.368520429376484,0.0083337833063043,"violation"
145,360,"reverse",0.3810708682524,0.419167514141693,0.462948147911104,0.47608712502785,0.420214745528535,0.00104723138684204,"violation in reverse orientation",1,0.419655172413793,1,1590,0.373619629686772,0.43083582346542,0.472504551726477,0.488296637573489,0.431551334324541,0.00071551085912086,"violation",1,360,0.3810708682524,0.419167514141693,0.462948147911104,0.47608712502785,0.420214745528535,0.00104723138684204,"violation"
146,1520,"forward",0.374707374672365,0.427870857810062,0.472630406750393,0.487481354853332,0.429896399039894,0.00202554122983245,"violation in forward orientation",1,0.419655172413793,1,1520,0.374707374672365,0.427870857810062,0.472630406750393,0.487481354853332,0.429896399039894,0.00202554122983245,"violation",1,1710,0.481734237732789,0.340369069072661,0.496838264431581,0.460518796931102,0.340635740799275,0.000266671726613266,"violation"
147,770,"forward",0.360065170843489,0.451273510378558,0.462653109955824,0.489631058160322,0.45217358724334,0.000900076864781885,"violation in forward orientation",1,0.419655172413793,1,770,0.360065170843489,0.451273510378558,0.462653109955824,0.489631058160322,0.45217358724334,0.000900076864781885,"violation",1,1250,0.486447928550001,0.336572894757601,0.496763283667382,0.456847633243295,0.337537557083197,0.000964662325596499,"violation"
148,240,"reverse",0.454600192809625,0.356477547968969,0.481894409826699,0.446514277487294,0.358470227487562,0.00199267951859289,"violation in reverse orientation",1,0.419655172413793,1,480,0.428374855951536,0.340839598061435,0.48131312717283,0.449609205310567,0.375707444512,0.0348678464505658,"violation",1,240,0.454600192809625,0.356477547968969,0.481894409826699,0.446514277487294,0.358470227487562,0.00199267951859289,"violation"
149,50,"reverse",0.246504271019468,0.61213738305134,0.324961536185438,0.493558507170123,0.624949322883861,0.0128119398325214,"violation in reverse orientation",1,0.419655172413793,1,820,0.418674011211553,0.378355066428237,0.482341354881983,0.469947533365797,0.382083551976637,0.00372848554839988,"violation",1,50,0.246504271019468,0.61213738305134,0.324961536185438,0.493558507170123,0.624949322883861,0.0128119398325214,"violation at burn-in"
150,80,"forward",0.590878168740764,0.243974143961777,0.496078370824611,0.344374432848898,0.268898335256493,0.024924191294716,"violation in forward orientation",1,0.419655172413793,1,80,0.590878168740764,0.243974143961777,0.496078370824611,0.344374432848898,0.268898335256493,0.024924191294716,"violation",1,480,0.46278901648151,0.349697746776953,0.489468071538436,0.453568987463747,0.353087931291675,0.00339018451472251,"violation"
151,730,"forward",0.361839145618546,0.444034399824816,0.462886016276742,0.487842435702024,0.449474596681948,0.00544019685713221,"violation in forward orientation",1,0.419655172413793,1,730,0.361839145618546,0.444034399824816,0.462886016276742,0.487842435702024,0.449474596681948,0.00544019685713221,"violation",1,910,0.434300806013228,0.367474408587632,0.486763572497166,0.466814428507692,0.371812475008191,0.00433806642055945,"violation"
152,160,"forward",0.540775613696132,0.259030400808886,0.495250883391438,0.379967103839267,0.301829413299703,0.0427990124908165,"violation in forward orientation",1,0.419655172413793,1,160,0.540775613696132,0.259030400808886,0.495250883391438,0.379967103839267,0.301829413299703,0.0427990124908165,"violation",1,870,0.436941605034625,0.369392227599827,0.487146181110331,0.467181642135668,0.370076747986035,0.000684520386207754,"violation"
153,70,"reverse",0.349704765490709,0.434805754198776,0.410325903324145,0.451753951452626,0.467936289539065,0.033130535340289,"violation in reverse orientation",1,0.419655172413793,1,180,0.513980905559012,0.315461385009563,0.492035329455212,0.419398452224606,0.319440862935804,0.00397947792624032,"violation",1,70,0.349704765490709,0.434805754198776,0.410325903324145,0.451753951452626,0.467936289539065,0.033130535340289,"violation"
154,50,"forward",0.275078575707952,0.478395081610861,0.346987031457949,0.458257569495584,0.581475323288756,0.103080241677895,"violation in forward orientation",1,0.419655172413793,1,50,0.275078575707952,0.478395081610861,0.346987031457949,0.458257569495584,0.581475323288756,0.103080241677895,"violation at burn-in",1,70,0.239040057693904,0.621549582751732,0.334724986110285,0.498159879261791,0.636305651957517,0.0147560692057852,"violation"
155,50,"forward",0.478395081610861,0.329560327676681,0.458257569495584,0.384187454245971,0.342830479385994,0.0132701517093125,"violation in forward orientation",1,0.419655172413793,1,50,0.478395081610861,0.329560327676681,0.458257569495584,0.384187454245971,0.342830479385994,0.0132701517093125,"violation at burn-in",1,1390,0.459756829882908,0.345581940734763,0.493346864613083,0.461330619714647,0.35508090696789,0.0094989662331269,"violation"
156,750,"reverse",0.398359760161254,0.394217753992599,0.475908487935327,0.474601119069711,0.395435569376365,0.00121781538376609,"violation in reverse orientation",1,0.419655172413793,1,1970,0.341811105240102,0.479342542614839,0.461927818373172,0.496815077220793,0.479945994981769,0.000603452366929491,"violation",1,750,0.398359760161254,0.394217753992599,0.475908487935327,0.474601119069711,0.395435569376365,0.00121781538376609,"violation"
157,170,"reverse",0.339720188690802,0.474348537465923,0.431301241878197,0.482962312355436,0.483127192432018,0.00877865496609476,"violation in reverse orientation",1,0.419655172413793,1,1240,0.374237452236936,0.429647940909392,0.471309393312679,0.487086092598113,0.430611356341227,0.00096341543183498,"violation",1,170,0.339720188690802,0.474348537465923,0.431301241878197,0.482962312355436,0.483127192432018,0.00877865496609476,"violation"
158,200,"forward",0.502622575932988,0.324933043236796,0.490892045158607,0.427083130081252,0.326906391171278,0.00197334793448245,"violation in forward orientation",1,0.419655172413793,1,200,0.502622575932988,0.324933043236796,0.490892045158607,0.427083130081252,0.326906391171278,0.00197334793448245,"violation",1,1670,0.438935997096039,0.367988610571812,0.49014088454326,0.4708369183017,0.368765887081543,0.000777276509730862,"violation"
159,480,"forward",0.532787453972002,0.271268172033914,0.498887651569859,0.411973569810276,0.307079818415023,0.0358116463811087,"violation in forward orientation",1,0.419655172413793,1,480,0.532787453972002,0.271268172033914,0.498887651569859,0.411973569810276,0.307079818415023,0.0358116463811087,"violation",1,480,0.314110300928438,0.496888783041555,0.436561493377508,0.495250883391438,0.52209101893102,0.0252022358894646,"violation"
160,900,"forward",0.362166837582755,0.443462259600129,0.464736750121593,0.488731035121935,0.448976034058127,0.00551377445799833,"violation in forward orientation",1,0.419655172413793,1,900,0.362166837582755,0.443462259600129,0.464736750121593,0.488731035121935,0.448976034058127,0.00551377445799833,"violation",1,1200,0.54679544206724,0.296237475126489,0.499993749960937,0.437257075414452,0.297872740077766,0.00163526495127769,"violation"
161,1810,"reverse",0.458301462804907,0.35517492360299,0.493806764557565,0.466646462182954,0.356037481074429,0.000862557471439096,"violation in reverse orientation",1,0.419655172413793,1,2070,0.396631585025524,0.395153046042932,0.480808371638652,0.480392458600653,0.396571452969854,0.00141840692692163,"violation",1,1810,0.458301462804907,0.35517492360299,0.493806764557565,0.466646462182954,0.356037481074429,0.000862557471439096,"violation"
162,820,"reverse",0.40611364074249,0.387206483325122,0.47884453431446,0.472961671190414,0.390339149716111,0.00313266639098858,"violation in reverse orientation",1,0.419655172413793,1,2480,0.384825982850714,0.413147567440614,0.478095743342575,0.485743018392188,0.414501575871166,0.00135400843055189,"violation",1,820,0.40611364074249,0.387206483325122,0.47884453431446,0.472961671190414,0.390339149716111,0.00313266639098858,"violation"
163,160,"forward",0.468812550300504,0.295730681725611,0.480722113075735,0.404612082740988,0.34912882257731,0.0533981408516991,"violation in forward orientation",1,0.419655172413793,1,160,0.468812550300504,0.295730681725611,0.480722113075735,0.404612082740988,0.34912882257731,0.0533981408516991,"violation",1,1490,0.408116563863324,0.388192574515058,0.482568537241545,0.47686393892967,0.38902268157296,0.000830107057902374,"violation"
164,110,"forward",0.441538187753225,0.359431711356376,0.4657704893618,0.430356377401623,0.367055536311232,0.00762382495485675,"violation in forward orientation",1,0.419655172413793,1,110,0.441538187753225,0.359431711356376,0.4657704893618,0.430356377401623,0.367055536311232,0.00762382495485675,"violation",1,800,0.427400753302257,0.375753185867922,0.484443946705911,0.468839991361658,0.3763476962983,0.000594510430377893,"violation"
165,550,"forward",0.438632146567618,0.366697238423043,0.48493332591039,0.462118728259594,0.368965599959578,0.00226836153653565,"violation in forward orientation",1,0.419655172413793,1,550,0.438632146567618,0.366697238423043,0.48493332591039,0.462118728259594,0.368965599959578,0.00226836153653565,"violation",1,1510,0.49430657625408,0.332015897559199,0.497907555362558,0.456206318543183,0.332372276777101,0.00035637921790227,"violation"
166,260,"forward",0.433828491893234,0.368085558532451,0.476969600708473,0.453046884207298,0.372122914528343,0.00403735599589217,"violation in forward orientation",1,0.419655172413793,1,260,0.433828491893234,0.368085558532451,0.476969600708473,0.453046884207298,0.372122914528343,0.00403735599589217,"violation",1,870,0.486102333741776,0.337029615346194,0.495839474277263,0.454133552665977,0.337764707367066,0.000735092020872463,"violation"
167,70,"reverse",0.332011213630856,0.483583542674893,0.4,0.469693777793531,0.494855911023369,0.0112723683484763,"violation in reverse orientation",1,0.419655172413793,1,290,0.460350626288985,0.354245221704365,0.48521542343001,0.448660312597271,0.354690620369274,0.000445398664909225,"violation",1,70,0.332011213630856,0.483583542674893,0.4,0.469693777793531,0.494855911023369,0.0112723683484763,"violation"
168,260,"reverse",0.283315556960206,0.568580346508269,0.408399241953756,0.499630040644868,0.568943276629028,0.00036293012075872,"violation in reverse orientation",1,0.419655172413793,1,480,0.391446939095786,0.393629961538333,0.469910600244581,0.470662764089109,0.404428209178415,0.0107982476400819,"violation",1,260,0.283315556960206,0.568580346508269,0.408399241953756,0.499630040644868,0.568943276629028,0.00036293012075872,"violation"
169,820,"forward",0.383415241305588,0.416164729380755,0.471691174339768,0.481668723369061,0.41664793001802,0.000483200637264425,"violation in forward orientation",1,0.419655172413793,1,820,0.383415241305588,0.416164729380755,0.471691174339768,0.481668723369061,0.41664793001802,0.000483200637264425,"violation",1,1060,0.37022852763109,0.436152570401403,0.468901141528657,0.487877246756977,0.436710681892326,0.000558111490922886,"violation"
170,420,"reverse",0.488528317378362,0.334050446377627,0.493403194170995,0.444696640464954,0.336170172789004,0.00211972641137703,"violation in reverse orientation",1,0.419655172413793,1,1390,0.417304826847078,0.376014255136619,0.484629435942213,0.472578094477681,0.38298348047573,0.00696922533911076,"violation",1,420,0.488528317378362,0.334050446377627,0.493403194170995,0.444696640464954,0.336170172789004,0.00211972641137703,"violation"
171,50,"forward",0.56895608070809,0.216786995012799,0.485386443980464,0.3,0.283307141179285,0.0665201461664855,"violation in forward orientation",1,0.419655172413793,1,50,0.56895608070809,0.216786995012799,0.485386443980464,0.3,0.283307141179285,0.0665201461664855,"violation at burn-in",1,130,0.503478792009515,0.324790251442971,0.48650425541052,0.416309511622609,0.326343623096619,0.00155337165364833,"violation"
172,160,"forward",0.521369530078241,0.295730681725611,0.49228421668788,0.404612082740988,0.314584516379067,0.0188538346534567,"violation in forward orientation",1,0.419655172413793,1,160,0.521369530078241,0.295730681725611,0.49228421668788,0.404612082740988,0.314584516379067,0.0188538346534567,"violation",1,300,0.364601603438236,0.438915302586888,0.453762052181537,0.48,0.445271691608877,0.00635638902198898,"violation"
173,900,"forward",0.405854336885088,0.389808061532634,0.479346262639204,0.474453551825156,0.390509583251036,0.000701521718401765,"violation in forward orientation",1,0.419655172413793,1,900,0.405854336885088,0.389808061532634,0.479346262639204,0.474453551825156,0.390509583251036,0.000701521718401765,"violation",1,2070,0.469174456648652,0.348155092551985,0.49566465127292,0.464698392659081,0.348890951151699,0.000735858599713646,"violation"
174,820,"forward",0.33637327043857,0.463609327706837,0.453309267595582,0.49222992939361,0.488219317133867,0.0246099894270299,"violation in forward orientation",1,0.419655172413793,1,820,0.33637327043857,0.463609327706837,0.453309267595582,0.49222992939361,0.488219317133867,0.0246099894270299,"violation",1,960,0.388995345127935,0.407240692509016,0.4746149298086,0.480121331598124,0.408158154537634,0.000917462028618032,"violation"
175,160,"forward",0.591748113255807,0.251578187192657,0.499648313816829,0.374530956664466,0.268326543844007,0.0167483566513493,"violation in forward orientation",1,0.419655172413793,1,160,0.591748113255807,0.251578187192657,0.499648313816829,0.374530956664466,0.268326543844007,0.0167483566513493,"violation",1,290,0.402311566276345,0.391295579920627,0.468051848302266,0.464033395001454,0.39283815222924,0.00154257230861277,"violation"
176,480,"forward",0.484137412915505,0.309631823460318,0.493354271796647,0.434208851117626,0.339056197611846,0.029424374151528,"violation in forward orientation",1,0.419655172413793,1,480,0.484137412915505,0.309631823460318,0.493354271796647,0.434208851117626,0.339056197611846,0.029424374151528,"violation",1,480,0.413215847135754,0.384889528791451,0.476969600708473,0.467591160155488,0.385671058182511,0.000781529391060465,"violation"
177,430,"forward",0.468251649203455,0.349005945898926,0.489897948556636,0.451911390444424,0.349497487963435,0.000491542064509187,"violation in forward orientation",1,0.419655172413793,1,430,0.468251649203455,0.349005945898926,0.489897948556636,0.451911390444424,0.349497487963435,0.000491542064509187,"violation",1,790,0.50217923466599,0.32607189743201,0.497429701851356,0.448251423028501,0.327197787605058,0.00112589017304798,"violation"
178,130,"forward",0.503478792009515,0.324790251442971,0.48650425541052,0.416309511622609,0.326343623096619,0.00155337165364833,"violation in forward orientation",1,0.419655172413793,1,130,0.503478792009515,0.324790251442971,0.48650425541052,0.416309511622609,0.326343623096619,0.00155337165364833,"violation",1,820,0.338930031468421,0.463609327706837,0.454436456024327,0.49222992939361,0.484329366733033,0.0207200390261958,"violation"
179,820,"forward",0.403597347327842,0.385943104366855,0.478104775217382,0.472541699056091,0.39199304251147,0.00604993814461463,"violation in forward orientation",1,0.419655172413793,1,820,0.403597347327842,0.385943104366855,0.478104775217382,0.472541699056091,0.39199304251147,0.00604993814461463,"violation",1,880,0.486592702565962,0.336909419232077,0.495933879890395,0.454181672610793,0.337442400969621,0.000532981737544291,"violation"
180,250,"reverse",0.412043147247136,0.382033340415895,0.469484824035879,0.458257569495584,0.386441842656855,0.0044085022409599,"violation in reverse orientation",1,0.419655172413793,1,480,0.515936040402471,0.314110300928438,0.49749371855331,0.436561493377508,0.318155804757482,0.00404550382904356,"violation",1,250,0.412043147247136,0.382033340415895,0.469484824035879,0.458257569495584,0.386441842656855,0.0044085022409599,"violation"
181,160,"forward",0.462157445752236,0.331611385567067,0.478890318862263,0.42555111326373,0.353503045949142,0.0218916603820747,"violation in forward orientation",1,0.419655172413793,1,160,0.462157445752236,0.331611385567067,0.478890318862263,0.42555111326373,0.353503045949142,0.0218916603820747,"violation",1,1710,0.433781149940906,0.371070466790162,0.489168615237711,0.47202112206314,0.372154031135579,0.00108356434541751,"violation"
182,50,"reverse",0.381261936620275,0.381261936620275,0.41424630354416,0.41424630354416,0.419924047076266,0.038662110455991,"violation in reverse orientation",1,0.419655172413793,1,280,0.527186912422269,0.307773019474292,0.496723961448963,0.424444414764159,0.310760905551082,0.00298788607678985,"violation",1,50,0.381261936620275,0.381261936620275,0.41424630354416,0.41424630354416,0.419924047076266,0.038662110455991,"violation at burn-in"
183,820,"forward",0.449924947851489,0.333814841738539,0.489647434743593,0.4521661132064,0.361543141762101,0.0277283000235616,"violation in forward orientation",1,0.419655172413793,1,820,0.449924947851489,0.333814841738539,0.489647434743593,0.4521661132064,0.361543141762101,0.0277283000235616,"violation",1,1060,0.384846517745041,0.412984388100825,0.47389957973895,0.482240676193663,0.4144703333266,0.00148594522577522,"violation"
184,90,"forward",0.600945650434495,0.261362863693741,0.498020774022555,0.362433476228891,0.262281247064893,0.000918383371151466,"violation in forward orientation",1,0.419655172413793,1,90,0.600945650434495,0.261362863693741,0.498020774022555,0.362433476228891,0.262281247064893,0.000918383371151466,"violation",1,840,0.554059071578371,0.292231134527088,0.499994331033622,0.431629302614273,0.293098549418329,0.000867414891241203,"violation"
185,190,"forward",0.455575873417039,0.352885350316029,0.479380948915187,0.440347382386356,0.357828938551312,0.00494358823528274,"violation in forward orientation",1,0.419655172413793,1,190,0.455575873417039,0.352885350316029,0.479380948915187,0.440347382386356,0.357828938551312,0.00494358823528274,"violation",1,970,0.620201001394667,0.248773383039987,0.494764813032099,0.406793464206335,0.24962521655599,0.000851833516002737,"violation"
186,160,"forward",0.591748113255807,0.251578187192657,0.499648313816829,0.374530956664466,0.268326543844007,0.0167483566513493,"violation in forward orientation",1,0.419655172413793,1,160,0.591748113255807,0.251578187192657,0.499648313816829,0.374530956664466,0.268326543844007,0.0167483566513493,"violation",1,280,0.354679507151871,0.449724923525101,0.448296093843234,0.482222215691192,0.460367534347262,0.0106426108221617,"violation"
187,480,"forward",0.460647482412104,0.291646432919785,0.489028941429396,0.424258953614679,0.35449550472798,0.0628490718081947,"violation in forward orientation",1,0.419655172413793,1,480,0.460647482412104,0.291646432919785,0.489028941429396,0.424258953614679,0.35449550472798,0.0628490718081947,"violation",1,1390,0.38931989066215,0.405538712196156,0.476856327354526,0.481561045267185,0.407664379008295,0.00212566681213888,"violation"
188,200,"reverse",0.624309483940046,0.244701233898459,0.499374608885954,0.375632799419859,0.246924820154639,0.00222358625618002,"violation in reverse orientation",1,0.419655172413793,1,480,0.611822541445786,0.202026689441168,0.49789487400008,0.361108440161062,0.255132155637495,0.0531054661963264,"violation",1,200,0.624309483940046,0.244701233898459,0.499374608885954,0.375632799419859,0.246924820154639,0.00222358625618002,"violation"
189,160,"forward",0.4754482131575,0.324494638919108,0.482465996211132,0.421631874388073,0.344767377712521,0.0202727387934133,"violation in forward orientation",1,0.419655172413793,1,160,0.4754482131575,0.324494638919108,0.482465996211132,0.421631874388073,0.344767377712521,0.0202727387934133,"violation",1,390,0.420819772206376,0.369479392527772,0.477370895351953,0.45936811644223,0.380673200294579,0.0111938077668068,"violation"
190,190,"reverse",0.370332291562764,0.421854013114799,0.448481587216267,0.468864367396212,0.436552811624869,0.0146987985100695,"violation in reverse orientation",1,0.419655172413793,1,480,0.469206273282255,0.345271795219038,0.490730040065026,0.451612658210059,0.348870038923903,0.00359824370486495,"violation",1,190,0.370332291562764,0.421854013114799,0.448481587216267,0.468864367396212,0.436552811624869,0.0146987985100695,"violation"
191,50,"forward",0.654021127930363,0.116284945699819,0.498397431775085,0.195959179422654,0.227396146094691,0.111111200394872,"violation in forward orientation",1,0.419655172413793,1,50,0.654021127930363,0.116284945699819,0.498397431775085,0.195959179422654,0.227396146094691,0.111111200394872,"violation at burn-in",1,60,0.501117648712451,0.321054517826778,0.471404520791032,0.386939558874797,0.327895539842532,0.0068410220157536,"violation"
192,280,"forward",0.472064504685337,0.299860775202326,0.487588296556404,0.419912527334259,0.346991399375149,0.0471306241728229,"violation in forward orientation",1,0.419655172413793,1,280,0.472064504685337,0.299860775202326,0.487588296556404,0.419912527334259,0.346991399375149,0.0471306241728229,"violation",1,1650,0.395286239751105,0.397765457599123,0.479465956357472,0.480176352666641,0.398586955753197,0.000821498154073785,"violation"
193,160,"forward",0.508341802636892,0.295730681725611,0.489897948556636,0.404612082740988,0.323147295437232,0.0274166137116217,"violation in forward orientation",1,0.419655172413793,1,160,0.508341802636892,0.295730681725611,0.489897948556636,0.404612082740988,0.323147295437232,0.0274166137116217,"violation",1,210,0.49520100521645,0.326186929275849,0.489897948556636,0.428809457708675,0.331784392388018,0.00559746311216874,"violation"
194,370,"forward",0.481450691669592,0.33945167021459,0.491483346823195,0.445487069396262,0.340822108091874,0.00137043787728408,"violation in forward orientation",1,0.419655172413793,1,370,0.481450691669592,0.33945167021459,0.491483346823195,0.445487069396262,0.340822108091874,0.00137043787728408,"violation",1,2360,0.369215472087556,0.41758607857415,0.472929763332439,0.486635340191678,0.438251981908882,0.0206659033347321,"violation"
195,80,"forward",0.483698556974645,0.338978878076396,0.472857007984443,0.409076704298839,0.339344645959945,0.000365767883549473,"violation in forward orientation",1,0.419655172413793,1,80,0.483698556974645,0.338978878076396,0.472857007984443,0.409076704298839,0.339344645959945,0.000365767883549473,"violation",1,820,0.370753556693717,0.427445633123189,0.467224391237022,0.484591550535793,0.435911883338699,0.00846625021551062,"violation"
196,130,"reverse",0.411962137162469,0.377601999819964,0.458257569495584,0.443560099795031,0.386495088432805,0.00889308861284144,"violation in reverse orientation",1,0.419655172413793,1,540,0.465370849385727,0.349774401450606,0.490639402534709,0.454952928721794,0.35139096113142,0.00161655968081365,"violation",1,130,0.411962137162469,0.377601999819964,0.458257569495584,0.443560099795031,0.386495088432805,0.00889308861284144,"violation"
197,50,"reverse",0.329560327676681,0.381261936620275,0.384187454245971,0.41424630354416,0.498584779184505,0.11732284256423,"violation in reverse orientation",1,0.419655172413793,1,50,0.454790769027509,0.329560327676681,0.448998886412873,0.384187454245971,0.358344966803776,0.0287846391270948,"violation at burn-in",1,50,0.329560327676681,0.381261936620275,0.384187454245971,0.41424630354416,0.498584779184505,0.11732284256423,"violation at burn-in"
198,50,"forward",0.454790769027509,0.246504271019468,0.448998886412873,0.324961536185438,0.358344966803776,0.111840695784308,"violation in forward orientation",1,0.419655172413793,1,50,0.454790769027509,0.246504271019468,0.448998886412873,0.324961536185438,0.358344966803776,0.111840695784308,"violation at burn-in",1,290,0.357974050096554,0.453158844871468,0.4503400749604,0.483447783953707,0.455355095367394,0.00219625049592559,"violation"
199,460,"forward",0.418975320385374,0.380282020922192,0.478315214303711,0.465461130785602,0.381885509463448,0.00160348854125553,"violation in forward orientation",1,0.419655172413793,1,460,0.418975320385374,0.380282020922192,0.478315214303711,0.465461130785602,0.381885509463448,0.00160348854125553,"violation",1,850,0.381398989325539,0.417830348722447,0.47126568884332,0.482325680721789,0.419715530042584,0.00188518132013649,"violation"
200,90,"forward",0.623601442490623,0.232572423955049,0.499505928733089,0.339934634239519,0.247390196984384,0.014817773029335,"violation in forward orientation",1,0.419655172413793,1,90,0.623601442490623,0.232572423955049,0.499505928733089,0.339934634239519,0.247390196984384,0.014817773029335,"violation",1,2370,0.425302491411424,0.376330112481776,0.488378898986651,0.475278764183218,0.377726828081511,0.00139671559973459,"violation"
201,90,"forward",0.634820744786182,0.217843543370117,0.499876527964533,0.327542288288526,0.240016047718816,0.0221725043486992,"violation in forward orientation",1,0.419655172413793,1,90,0.634820744786182,0.217843543370117,0.499876527964533,0.327542288288526,0.240016047718816,0.0221725043486992,"violation",1,100,0.370102421252595,0.427104455396434,0.433012701892219,0.458257569495584,0.436902544781289,0.0097980893848546,"violation"
202,50,"reverse",0.590712364249548,0.246504271019468,0.489897948556636,0.324961536185438,0.269007314142605,0.0225030431231368,"violation in reverse orientation",1,0.419655172413793,1,170,0.52968634172721,0.299540084978558,0.494117647058823,0.408558949510243,0.309118097086899,0.00957801210834119,"violation",1,50,0.590712364249548,0.246504271019468,0.489897948556636,0.324961536185438,0.269007314142605,0.0225030431231368,"violation at burn-in"
203,50,"forward",0.501594493296846,0.302716065288689,0.466476151587624,0.366606055596467,0.327582122568519,0.02486605727983,"violation in forward orientation",1,0.419655172413793,1,50,0.501594493296846,0.302716065288689,0.466476151587624,0.366606055596467,0.327582122568519,0.02486605727983,"violation at burn-in",1,250,0.382033340415895,0.416302027981902,0.458257569495584,0.470930992821666,0.418750404929446,0.00244837694754385,"violation"
204,280,"forward",0.415887292350493,0.370115824531522,0.472239562173303,0.455073441034185,0.38391518823184,0.0137993637003184,"violation in forward orientation",1,0.419655172413793,1,280,0.415887292350493,0.370115824531522,0.472239562173303,0.455073441034185,0.38391518823184,0.0137993637003184,"violation",1,1070,0.425553167823337,0.377524670826432,0.48547871207291,0.471514546258534,0.377562065137247,3.73943108150088e-05,"violation"
205,710,"reverse",0.542943059357927,0.298932436729344,0.499839291768579,0.43341852376509,0.300404808862276,0.00147237213293211,"violation in reverse orientation",1,0.419655172413793,1,730,0.442630489440047,0.366130886068691,0.487532687723397,0.464543149529128,0.366337595438488,0.000206709369796776,"violation",1,710,0.542943059357927,0.298932436729344,0.499839291768579,0.43341852376509,0.300404808862276,0.00147237213293211,"violation"
206,120,"forward",0.524402256602221,0.301574017175407,0.489897948556636,0.4,0.312591185824249,0.0110171686488422,"violation in forward orientation",1,0.419655172413793,1,120,0.524402256602221,0.301574017175407,0.489897948556636,0.4,0.312591185824249,0.0110171686488422,"violation",1,480,0.367340658776839,0.439163922294393,0.460934851687307,0.484122918275927,0.441104391932488,0.00194046963809413,"violation"
207,480,"forward",0.447772333205978,0.358531231758114,0.486198404860494,0.457342679387009,0.362957998166632,0.00442676640851736,"violation in forward orientation",1,0.419655172413793,1,480,0.447772333205978,0.358531231758114,0.486198404860494,0.457342679387009,0.362957998166632,0.00442676640851736,"violation",1,480,0.378319457436603,0.424050232956508,0.465176191231762,0.480121331598124,0.424400843283002,0.000350610326493805,"violation"
208,260,"forward",0.454048206289602,0.355568377657252,0.482596527426404,0.447478140684584,0.358833033559099,0.00326465590184649,"violation in forward orientation",1,0.419655172413793,1,260,0.454048206289602,0.355568377657252,0.482596527426404,0.447478140684584,0.358833033559099,0.00326465590184649,"violation",1,920,0.44755861763953,0.362501962605069,0.48967481783442,0.465033232546235,0.363098467729341,0.000596505124272506,"violation"
209,280,"reverse",0.354679507151871,0.442240067892026,0.448296093843234,0.480207756909359,0.460367534347262,0.0181274664552362,"violation in reverse orientation",1,0.419655172413793,1,1350,0.387522800691139,0.409539880834427,0.47614651178589,0.48250375806123,0.410398537880185,0.000858657045757938,"violation",1,280,0.354679507151871,0.442240067892026,0.448296093843234,0.480207756909359,0.460367534347262,0.0181274664552362,"violation"
210,160,"forward",0.488662040908508,0.324494638919108,0.485693769262073,0.421631874388073,0.336082279866107,0.0115876409469992,"violation in forward orientation",1,0.419655172413793,1,160,0.488662040908508,0.324494638919108,0.485693769262073,0.421631874388073,0.336082279866107,0.0115876409469992,"violation",1,1850,0.450380649668414,0.361070322557458,0.492557909666931,0.468927564372362,0.361243621067313,0.000173298509855868,"violation"
211,180,"forward",0.334293780447042,0.490810068661142,0.429757324573638,0.487498021521785,0.491383129798263,0.000573061137121023,"violation in forward orientation",1,0.419655172413793,1,180,0.334293780447042,0.490810068661142,0.429757324573638,0.487498021521785,0.491383129798263,0.000573061137121023,"violation",1,2340,0.464303757852006,0.350394950666373,0.495243464935138,0.466178597971958,0.352092332040446,0.00169738137407299,"violation"
212,160,"reverse",0.33870010349401,0.462157445752236,0.42934361238989,0.478890318862263,0.484679187621955,0.0225217418697199,"violation in reverse orientation",1,0.419655172413793,1,970,0.374478346451101,0.427547770810404,0.469801178145529,0.485488206882734,0.430244851011238,0.00269708020083431,"violation",1,160,0.33870010349401,0.462157445752236,0.42934361238989,0.478890318862263,0.484679187621955,0.0225217418697199,"violation"
213,780,"forward",0.466691312519829,0.350267338187725,0.492566371676189,0.458814970175702,0.350523055802369,0.00025571761464388,"violation in forward orientation",1,0.419655172413793,1,780,0.466691312519829,0.350267338187725,0.492566371676189,0.458814970175702,0.350523055802369,0.00025571761464388,"violation",1,1180,0.378601933044954,0.42296540879007,0.472491638207293,0.485302513035208,0.423971074488382,0.0010056656983119,"violation"
214,300,"forward",0.421397271976395,0.371765806884798,0.474821603926733,0.456788304968019,0.38029362504179,0.00852781815699194,"violation in forward orientation",1,0.419655172413793,1,300,0.421397271976395,0.371765806884798,0.474821603926733,0.456788304968019,0.38029362504179,0.00852781815699194,"violation",1,1390,0.377494274707874,0.423912594995726,0.473072869720103,0.486227161036698,0.425656306679426,0.00174371168369997,"violation"
215,50,"forward",0.654021127930363,0.185611725055255,0.498397431775085,0.271293199325011,0.227396146094691,0.0417844210394366,"violation in forward orientation",1,0.419655172413793,1,50,0.654021127930363,0.185611725055255,0.498397431775085,0.271293199325011,0.227396146094691,0.0417844210394366,"violation at burn-in",1,950,0.412435602077752,0.385321174705336,0.481503876806305,0.473351930239537,0.386183892525491,0.000862717820155068,"violation"
216,130,"forward",0.575485299258979,0.270157006058721,0.497865265393366,0.381603592455768,0.27901565932833,0.008858653269609,"violation in forward orientation",1,0.419655172413793,1,130,0.575485299258979,0.270157006058721,0.497865265393366,0.381603592455768,0.27901565932833,0.008858653269609,"violation",1,1390,0.345581940734763,0.432711162456726,0.461330619714647,0.488215771999414,0.474208906973669,0.041497744516943,"violation"
217,140,"reverse",0.368247414561976,0.439309445489155,0.440952123830019,0.469693777793531,0.439724820283565,0.000415374794409895,"violation in reverse orientation",1,0.419655172413793,1,160,0.585437582923543,0.228966979922067,0.499374608885954,0.357071421427142,0.272474287740115,0.0435073078180479,"violation",1,140,0.368247414561976,0.439309445489155,0.440952123830019,0.469693777793531,0.439724820283565,0.000415374794409895,"violation"
218,110,"forward",0.500787243770971,0.327565307208637,0.483530405344444,0.413011516058202,0.328112706230634,0.000547399021997241,"violation in forward orientation",1,0.419655172413793,1,110,0.500787243770971,0.327565307208637,0.483530405344444,0.413011516058202,0.328112706230634,0.000547399021997241,"violation",1,410,0.3781704477736,0.408978046604981,0.463388959494163,0.474200538907892,0.424627552072584,0.0156495054676034,"violation"
219,160,"forward",0.579109709427252,0.228966979922067,0.499022481958478,0.357071421427142,0.276633430837075,0.0476664509150072,"violation in forward orientation",1,0.419655172413793,1,160,0.579109709427252,0.228966979922067,0.499022481958478,0.357071421427142,0.276633430837075,0.0476664509150072,"violation",1,820,0.421181908750303,0.375822738074557,0.483000733443378,0.469054258780317,0.3804351775674,0.00461243949284268,"violation"
220,110,"forward",0.491038274302675,0.316792091153819,0.481045692920835,0.406659440842637,0.334520444800361,0.0177283536465418,"violation in forward orientation",1,0.419655172413793,1,110,0.491038274302675,0.316792091153819,0.481045692920835,0.406659440842637,0.334520444800361,0.0177283536465418,"violation",1,280,0.651957728325349,0.214780553774739,0.495374008364655,0.360537438968492,0.228752363823838,0.013971810049099,"violation"
221,280,"forward",0.419667090719521,0.370115824531522,0.473466913698673,0.455073441034185,0.381430827205398,0.0113150026738763,"violation in forward orientation",1,0.419655172413793,1,280,0.419667090719521,0.370115824531522,0.473466913698673,0.455073441034185,0.381430827205398,0.0113150026738763,"violation",1,890,0.404442515196117,0.390530209019145,0.478869233676321,0.474611050797597,0.391437536130508,0.000907327111362932,"violation"
222,180,"forward",0.461532142613808,0.352943065884975,0.480322679605294,0.439240365592044,0.353914041085695,0.000970975200719482,"violation in forward orientation",1,0.419655172413793,1,180,0.461532142613808,0.352943065884975,0.480322679605294,0.439240365592044,0.353914041085695,0.000970975200719482,"violation",1,2060,0.459607132549775,0.354782316321047,0.494306112971269,0.467183769943553,0.355179299047014,0.00039698272596661,"violation"
223,160,"forward",0.547208614013715,0.273818275903645,0.496078370824611,0.3903123748999,0.297601173136669,0.0237828972330236,"violation in forward orientation",1,0.419655172413793,1,160,0.547208614013715,0.273818275903645,0.496078370824611,0.3903123748999,0.297601173136669,0.0237828972330236,"violation",1,1140,0.3778343164391,0.423777601480225,0.47202112206314,0.485343037405649,0.425138954665202,0.00136135318497688,"violation"
224,280,"forward",0.377799257205771,0.423441788379168,0.458257569495584,0.474664220738176,0.425192295074082,0.00175050669491428,"violation in forward orientation",1,0.419655172413793,1,280,0.377799257205771,0.423441788379168,0.458257569495584,0.474664220738176,0.425192295074082,0.00175050669491428,"violation",1,780,0.375672488828022,0.427345933027084,0.468613858160945,0.484287977856548,0.42842803881662,0.00108210578953605,"violation"
225,290,"forward",0.394972486608487,0.394972486608487,0.465402284656634,0.465402284656634,0.399064311340458,0.00409182473197123,"violation in forward orientation",1,0.419655172413793,1,290,0.394972486608487,0.394972486608487,0.465402284656634,0.465402284656634,0.399064311340458,0.00409182473197123,"violation",1,820,0.538792368247297,0.293935576718045,0.49982001519619,0.432306322753259,0.303132947831948,0.00919737111390251,"violation"
226,1390,"forward",0.413630538617768,0.377494274707874,0.483702081383793,0.473072869720103,0.385398492491083,0.00790421778320916,"violation in forward orientation",1,0.419655172413793,1,1390,0.413630538617768,0.377494274707874,0.483702081383793,0.473072869720103,0.385398492491083,0.00790421778320916,"violation",1,1400,0.503502718857908,0.324675379052782,0.498564776869259,0.452428819522689,0.326327896614984,0.00165251756220214,"violation"
227,60,"reverse",0.321054517826778,0.501117648712452,0.386939558874797,0.471404520791032,0.511525831574127,0.0104081828616754,"violation in reverse orientation",1,0.419655172413793,1,700,0.372232693640073,0.432881766230057,0.466476151587624,0.485031032038999,0.43366146990929,0.00077970367923258,"violation",1,60,0.321054517826778,0.501117648712452,0.386939558874797,0.471404520791032,0.511525831574127,0.0104081828616754,"violation"
228,310,"reverse",0.332429435475976,0.492627187800706,0.4393377856574,0.492355716860359,0.494219612904357,0.00159242510365043,"violation in reverse orientation",1,0.419655172413793,1,510,0.420679627302204,0.37974482638156,0.479655297221087,0.466324639861982,0.380765313815986,0.00102048743442579,"violation",1,310,0.332429435475976,0.492627187800706,0.4393377856574,0.492355716860359,0.494219612904357,0.00159242510365043,"violation"
229,590,"forward",0.389101956014157,0.406739534919583,0.471003500640524,0.476702259830426,0.40799595280867,0.00125641788908687,"violation in forward orientation",1,0.419655172413793,1,590,0.389101956014157,0.406739534919583,0.471003500640524,0.476702259830426,0.40799595280867,0.00125641788908687,"violation",1,2500,0.474700938979449,0.34500454129392,0.496671158816374,0.464436174301701,0.345258541172252,0.000253999878332301,"violation"
230,350,"forward",0.486763136485705,0.336423535597523,0.492092574665394,0.443216444106636,0.337330379283158,0.000906843685634651,"violation in forward orientation",1,0.419655172413793,1,350,0.486763136485705,0.336423535597523,0.492092574665394,0.443216444106636,0.337330379283158,0.000906843685634651,"violation",1,360,0.327488197707364,0.499704081361728,0.439240365592044,0.49434299833213,0.501737394040025,0.00203331267829754,"violation"
231,350,"forward",0.342587475715574,0.477943689071655,0.446153629621557,0.49047249189544,0.478764796345291,0.000821107273635935,"violation in forward orientation",1,0.419655172413793,1,350,0.342587475715574,0.477943689071655,0.446153629621557,0.49047249189544,0.478764796345291,0.000821107273635935,"violation",1,1330,0.435414534409818,0.370720244672681,0.488631570617317,0.470510912696602,0.371080450928494,0.000360206255812789,"violation"
232,350,"forward",0.510166849254676,0.320950223470701,0.495662821536033,0.435458941573047,0.321947740792779,0.000997517322077868,"violation in forward orientation",1,0.419655172413793,1,350,0.510166849254676,0.320950223470701,0.495662821536033,0.435458941573047,0.321947740792779,0.000997517322077868,"violation",1,640,0.376306027151851,0.423347810160847,0.467195338563004,0.482038214090698,0.427464150276413,0.00411634011556561,"violation"
233,50,"reverse",0.302716065288689,0.501594493296846,0.366606055596467,0.466476151587624,0.539426628703131,0.0378321354062854,"violation in reverse orientation",1,0.419655172413793,1,570,0.324651026199877,0.504811204066841,0.444050302303337,0.496838264431581,0.506053971269547,0.00124276720270644,"violation",1,50,0.302716065288689,0.501594493296846,0.366606055596467,0.466476151587624,0.539426628703131,0.0378321354062854,"violation at burn-in"
234,480,"forward",0.443470646154859,0.349697746776953,0.485179663171856,0.453568987463747,0.365785382755535,0.0160876359785823,"violation in forward orientation",1,0.419655172413793,1,480,0.443470646154859,0.349697746776953,0.485179663171856,0.453568987463747,0.365785382755535,0.0160876359785823,"violation",1,690,0.374380135926153,0.426943538964125,0.467143513689158,0.483460970044962,0.43039427212116,0.0034507331570352,"violation"
235,60,"forward",0.627070094348715,0.206777284463185,0.49749371855331,0.3,0.245110344291406,0.0383330598282207,"violation in forward orientation",1,0.419655172413793,1,60,0.627070094348715,0.206777284463185,0.49749371855331,0.3,0.245110344291406,0.0383330598282207,"violation",1,580,0.43837496453169,0.366660732822088,0.48521542343001,0.462634753965474,0.369134638877632,0.00247390605554332,"violation"
236,820,"reverse",0.364408503823247,0.426193573455659,0.464854950415331,0.484279947160619,0.445565480475321,0.019371907019662,"violation in reverse orientation",1,0.419655172413793,1,1000,0.391579840088993,0.403936182543663,0.475693178424917,0.479412140021506,0.404226008712372,0.000289826168708762,"violation",1,820,0.364408503823247,0.426193573455659,0.464854950415331,0.484279947160619,0.445565480475321,0.019371907019662,"violation"
237,190,"reverse",0.341171906318264,0.477798941394258,0.434521419801059,0.485124994602228,0.480918495764277,0.00311955437001921,"violation in reverse orientation",1,0.419655172413793,1,300,0.494292477865051,0.324837201943885,0.492431608336517,0.434920171474669,0.33238154327357,0.0075443413296849,"violation",1,190,0.341171906318264,0.477798941394258,0.434521419801059,0.485124994602228,0.480918495764277,0.00311955437001921,"violation"
238,100,"forward",0.577680196938796,0.261683564317147,0.496386945839634,0.366606055596467,0.277573011408947,0.0158894470917996,"violation in forward orientation",1,0.419655172413793,1,100,0.577680196938796,0.261683564317147,0.496386945839634,0.366606055596467,0.277573011408947,0.0158894470917996,"violation",1,480,0.316346939966849,0.46278901648151,0.43771819955563,0.489468071538436,0.51868811391862,0.0558990974371099,"violation"
239,170,"reverse",0.366034474893156,0.436719280533386,0.444263707964687,0.472093181817254,0.443091668202179,0.00637238766879272,"violation in reverse orientation",1,0.419655172413793,1,1920,0.383567660661029,0.415986573445075,0.476640760878206,0.48556613176371,0.416416033596779,0.000429460151703587,"violation",1,170,0.366034474893156,0.436719280533386,0.444263707964687,0.472093181817254,0.443091668202179,0.00637238766879272,"violation"
240,60,"forward",0.53818458826428,0.299311814729174,0.481894409826699,0.372677996249965,0.303532425464097,0.00422061073492247,"violation in forward orientation",1,0.419655172413793,1,60,0.53818458826428,0.299311814729174,0.481894409826699,0.372677996249965,0.303532425464097,0.00422061073492247,"violation",1,490,0.543138490116803,0.299162977526287,0.49949578908664,0.428809457708675,0.300276357417697,0.00111337989140997,"violation"
241,220,"reverse",0.347397627511561,0.469417573052795,0.440604393311005,0.484704050456488,0.471446454236502,0.00202888118370659,"violation in reverse orientation",1,0.419655172413793,1,350,0.46319151880121,0.351807081974149,0.487425556848826,0.450387588185817,0.35282337721273,0.00101629523858127,"violation",1,220,0.347397627511561,0.469417573052795,0.440604393311005,0.484704050456488,0.471446454236502,0.00202888118370659,"violation"
242,210,"forward",0.465325391677626,0.347345268027572,0.483186700722508,0.43967107887189,0.351420839274996,0.00407557124742419,"violation in forward orientation",1,0.419655172413793,1,210,0.465325391677626,0.347345268027572,0.483186700722508,0.43967107887189,0.351420839274996,0.00407557124742419,"violation",1,410,0.527010459861416,0.310330401574631,0.498068846493845,0.432306322753259,0.310876883130413,0.000546481555782075,"violation"
243,420,"forward",0.402214735948165,0.392209094227032,0.472239562173303,0.468817927806848,0.392901796230856,0.000692702003823709,"violation in forward orientation",1,0.419655172413793,1,420,0.402214735948165,0.392209094227032,0.472239562173303,0.468817927806848,0.392901796230856,0.000692702003823709,"violation",1,1390,0.367866818091261,0.423912594995726,0.469768748300777,0.486227161036698,0.44030387377215,0.0163912787764238,"violation"
244,270,"reverse",0.363149760586302,0.445995931014001,0.451502597263932,0.480854292359036,0.447480578797743,0.00148464778374191,"violation in reverse orientation",1,0.419655172413793,1,390,0.336600393505274,0.479274411903568,0.444884726036848,0.49140542319029,0.487873763734841,0.00859935183127303,"violation",1,270,0.363149760586302,0.445995931014001,0.451502597263932,0.480854292359036,0.447480578797743,0.00148464778374191,"violation"
245,150,"forward",0.553220838285771,0.291235951496878,0.496386945839634,0.4,0.293649497886974,0.00241354639009506,"violation in forward orientation",1,0.419655172413793,1,150,0.553220838285771,0.291235951496878,0.496386945839634,0.4,0.293649497886974,0.00241354639009506,"violation",1,510,0.383859591350629,0.414568927719827,0.467822756487849,0.477884612037409,0.415971879493298,0.00140295177347116,"violation"
246,60,"forward",0.443718815890873,0.363298063516486,0.450616861153192,0.411973569810276,0.365622267382729,0.00232420386624294,"violation in forward orientation",1,0.419655172413793,1,60,0.443718815890873,0.363298063516486,0.450616861153192,0.411973569810276,0.365622267382729,0.00232420386624294,"violation",1,2190,0.469691822918062,0.347462339542035,0.495837430001058,0.464724667402718,0.348550900050918,0.00108856050888312,"violation"
247,160,"forward",0.488662040908508,0.317349074358807,0.485693769262073,0.417582327212252,0.336082279866107,0.0187332055073004,"violation in forward orientation",1,0.419655172413793,1,160,0.488662040908508,0.317349074358807,0.485693769262073,0.417582327212252,0.336082279866107,0.0187332055073004,"violation",1,370,0.42541823267425,0.374136214538126,0.478225658933043,0.460578922395028,0.377650754425076,0.00351453988695061,"violation"
248,160,"forward",0.482064644419067,0.324494638919108,0.484122918275927,0.421631874388073,0.340418573264363,0.0159239343452549,"violation in forward orientation",1,0.419655172413793,1,160,0.482064644419067,0.324494638919108,0.484122918275927,0.421631874388073,0.340418573264363,0.0159239343452549,"violation",1,580,0.434820694877756,0.368470452830376,0.484344685196894,0.463337810110766,0.371470765872673,0.00300031304229736,"violation"
249,90,"forward",0.554753840420317,0.275464716989807,0.492035329455212,0.372677996249965,0.292641896320783,0.0171771793309754,"violation in forward orientation",1,0.419655172413793,1,90,0.554753840420317,0.275464716989807,0.492035329455212,0.372677996249965,0.292641896320783,0.0171771793309754,"violation",1,630,0.385332701751848,0.413359528189664,0.470270074594062,0.479157423749955,0.413730635071629,0.0003711068819654,"violation"
250,80,"forward",0.469812757386282,0.338978878076396,0.46837484987988,0.409076704298839,0.348471413038579,0.00949253496218261,"violation in forward orientation",1,0.419655172413793,1,80,0.469812757386282,0.338978878076396,0.46837484987988,0.409076704298839,0.348471413038579,0.00949253496218261,"violation",1,420,0.377142289999993,0.424617475884318,0.463271174805746,0.479157423749955,0.426191829178214,0.00157435329389621,"violation"
251,110,"forward",0.491038274302675,0.327565307208637,0.481045692920835,0.413011516058202,0.334520444800361,0.006955137591724,"violation in forward orientation",1,0.419655172413793,1,110,0.491038274302675,0.327565307208637,0.481045692920835,0.413011516058202,0.334520444800361,0.006955137591724,"violation",1,910,0.47350633699678,0.345741181058841,0.494217254211733,0.458257569495584,0.346043721311005,0.000302540252164141,"violation"
252,200,"forward",0.439535399994215,0.358289199812857,0.475368278285373,0.443959457608462,0.368371915484653,0.0100827156717968,"violation in forward orientation",1,0.419655172413793,1,200,0.439535399994215,0.358289199812857,0.475368278285373,0.443959457608462,0.368371915484653,0.0100827156717968,"violation",1,440,0.370399617274157,0.432318339199789,0.461173270175069,0.481684158032184,0.43645037980783,0.0041320406080414,"violation"
253,60,"forward",0.644232895622817,0.230926430345563,0.498887651569859,0.321022671404304,0.233829691085315,0.002903260739752,"violation in forward orientation",1,0.419655172413793,1,60,0.644232895622817,0.230926430345563,0.498887651569859,0.321022671404304,0.233829691085315,0.002903260739752,"violation",1,250,0.51657285588614,0.3120122223167,0.494788843851597,0.42462218500686,0.317737242862321,0.00572502054562146,"violation"
254,70,"forward",0.451237844761596,0.349704765490709,0.458257569495584,0.410325903324145,0.360680209511022,0.0109754440203136,"violation in forward orientation",1,0.419655172413793,1,70,0.451237844761596,0.349704765490709,0.458257569495584,0.410325903324145,0.360680209511022,0.0109754440203136,"violation",1,820,0.525321294334001,0.304268668265109,0.499279671489717,0.437830354581793,0.311987126744968,0.00771845847985886,"violation"
255,160,"reverse",0.288460711424569,0.488662040908508,0.4,0.485693769262073,0.561115249121832,0.0724532082133242,"violation in reverse orientation",1,0.419655172413793,1,290,0.506680719636075,0.324211057225263,0.494211439054451,0.434003567167266,0.324239081153298,2.80239280344707e-05,"violation",1,160,0.288460711424569,0.488662040908508,0.4,0.485693769262073,0.561115249121832,0.0724532082133242,"violation"
256,70,"forward",0.561680056860571,0.277251743648749,0.489897948556636,0.363935405795914,0.288089478306672,0.010837734657923,"violation in forward orientation",1,0.419655172413793,1,70,0.561680056860571,0.277251743648749,0.489897948556636,0.363935405795914,0.288089478306672,0.010837734657923,"violation",1,80,0.308177297821902,0.511130300599852,0.3903123748999,0.480722113075735,0.531117708380274,0.0199874077804219,"violation"
257,150,"forward",0.404523913458941,0.389809930959501,0.458257569495584,0.45220447685631,0.39138403521537,0.00157410425586929,"violation in forward orientation",1,0.419655172413793,1,150,0.404523913458941,0.389809930959501,0.458257569495584,0.45220447685631,0.39138403521537,0.00157410425586929,"violation",1,180,0.371420872502494,0.425915906010554,0.447903208238808,0.469403351258637,0.434896604488807,0.00898069847825289,"violation"
258,200,"forward",0.492216616898357,0.324933043236796,0.488850692952357,0.427083130081252,0.33374595152461,0.008812908287814,"violation in forward orientation",1,0.419655172413793,1,200,0.492216616898357,0.324933043236796,0.488850692952357,0.427083130081252,0.33374595152461,0.008812908287814,"violation",1,1080,0.43312926517795,0.372243859100416,0.487286058011064,0.469742034392465,0.372582497667575,0.000338638567158822,"violation"
259,220,"forward",0.43102186314407,0.372302937702425,0.474014854877596,0.452061394206839,0.373967637023927,0.00166469932150176,"violation in forward orientation",1,0.419655172413793,1,220,0.43102186314407,0.372302937702425,0.474014854877596,0.452061394206839,0.373967637023927,0.00166469932150176,"violation",1,300,0.350214121309077,0.459800871038109,0.44735022322809,0.485386443980464,0.467161336836526,0.00736046579841787,"violation"
260,100,"reverse",0.346724065972573,0.43827928159571,0.420832508250016,0.462493243193887,0.472471235570377,0.0341919539746668,"violation in reverse orientation",1,0.419655172413793,1,230,0.527069462980863,0.303958689476567,0.495728445695277,0.418296120723676,0.310838101947905,0.006879412471338,"violation",1,100,0.346724065972573,0.43827928159571,0.420832508250016,0.462493243193887,0.472471235570377,0.0341919539746668,"violation"
261,60,"forward",0.463104996184793,0.321054517826778,0.458257569495584,0.386939558874797,0.352880246229315,0.0318257284025363,"violation in forward orientation",1,0.419655172413793,1,60,0.463104996184793,0.321054517826778,0.458257569495584,0.386939558874797,0.352880246229315,0.0318257284025363,"violation",1,110,0.294997309582735,0.548818706842662,0.393017569476678,0.49326036240911,0.551170227929558,0.00235152108689551,"violation"
262,250,"forward",0.487697329751107,0.334124490768571,0.489897948556636,0.436421814303547,0.336716358874358,0.00259186810578704,"violation in forward orientation",1,0.419655172413793,1,250,0.487697329751107,0.334124490768571,0.489897948556636,0.436421814303547,0.336716358874358,0.00259186810578704,"violation",1,1260,0.449770057856445,0.361129360435578,0.491301893971933,0.466720653393825,0.361644946839913,0.000515586404334523,"violation"
263,280,"reverse",0.350805576236352,0.45719046655272,0.446514277487294,0.484122918275927,0.466261475525841,0.00907100897312124,"violation in reverse orientation",1,0.419655172413793,1,1990,0.38951033904668,0.406941761408431,0.478596985329838,0.483434061904819,0.407374623821521,0.000432862413089541,"violation",1,280,0.350805576236352,0.45719046655272,0.446514277487294,0.484122918275927,0.466261475525841,0.00907100897312124,"violation"
264,490,"forward",0.368792388557892,0.43698605434619,0.461734411996757,0.483725132864658,0.438895676773825,0.00190962242763476,"violation in forward orientation",1,0.419655172413793,1,490,0.368792388557892,0.43698605434619,0.461734411996757,0.483725132864658,0.438895676773825,0.00190962242763476,"violation",1,850,0.385055523644233,0.412989733080953,0.472501990988281,0.481015362069355,0.414152344053514,0.00116261097256082,"violation"
265,90,"reverse",0.382890080077361,0.408536760814643,0.436173031697567,0.447903208238808,0.417446929653258,0.0089101688386154,"violation in reverse orientation",1,0.419655172413793,1,100,0.598237834688651,0.261683564317147,0.498397431775085,0.366606055596467,0.264061022399176,0.00237745808202861,"violation",1,90,0.382890080077361,0.408536760814643,0.436173031697567,0.447903208238808,0.417446929653258,0.0089101688386154,"violation"
266,510,"forward",0.445022361993479,0.361167157445099,0.48596210711348,0.45910834129905,0.36476548116894,0.00359832372384106,"violation in forward orientation",1,0.419655172413793,1,510,0.445022361993479,0.361167157445099,0.48596210711348,0.45910834129905,0.36476548116894,0.00359832372384106,"violation",1,530,0.332096072298245,0.492941358089106,0.446751655455056,0.495102392939564,0.494726803921309,0.00178544583220308,"violation"
267,390,"forward",0.431524133763039,0.372202796364708,0.480446045219298,0.460461706945806,0.37363750789304,0.0014347115283318,"violation in forward orientation",1,0.419655172413793,1,390,0.431524133763039,0.372202796364708,0.480446045219298,0.460461706945806,0.37363750789304,0.0014347115283318,"violation",1,460,0.366518317212824,0.434783408763201,0.460130662793842,0.482687028503794,0.44235553267627,0.00757212391306905,"violation"
268,470,"forward",0.394923695495256,0.394923695495256,0.470900623287146,0.470900623287146,0.399138543937191,0.00421484844193543,"violation in forward orientation",1,0.419655172413793,1,470,0.394923695495256,0.394923695495256,0.470900623287146,0.470900623287146,0.399138543937191,0.00421484844193543,"violation",1,480,0.331956127890361,0.454215488495063,0.445458370358244,0.48765577995367,0.494939720497864,0.0407242320028005,"violation"
269,160,"forward",0.488662040908508,0.331611385567067,0.485693769262073,0.42555111326373,0.336082279866107,0.00447089429904046,"violation in forward orientation",1,0.419655172413793,1,160,0.488662040908508,0.331611385567067,0.485693769262073,0.42555111326373,0.336082279866107,0.00447089429904046,"violation",1,1140,0.462204277288516,0.351519799795544,0.493154118829435,0.462348941333126,0.35347226482481,0.00195246502926638,"violation"
270,280,"forward",0.516243442611063,0.267908759077483,0.495374008364655,0.4,0.317953757454449,0.0500449983769663,"violation in forward orientation",1,0.419655172413793,1,280,0.516243442611063,0.267908759077483,0.495374008364655,0.4,0.317953757454449,0.0500449983769663,"violation",1,600,0.463858168484419,0.351435781955208,0.490892045158607,0.456788304968019,0.352385206091005,0.000949424135797017,"violation"
271,70,"forward",0.546359910605891,0.295810536031579,0.486763572497166,0.376883027379226,0.298159003333825,0.00234846730224647,"violation in forward orientation",1,0.419655172413793,1,70,0.546359910605891,0.295810536031579,0.486763572497166,0.376883027379226,0.298159003333825,0.00234846730224647,"violation",1,630,0.43956000591068,0.36708895828913,0.486007277540287,0.463592617924731,0.36835574266962,0.00126678438049055,"violation"
272,120,"reverse",0.524402256602221,0.311460526685915,0.489897948556636,0.406116431033707,0.312591185824249,0.00113065913833393,"violation in reverse orientation",1,0.419655172413793,1,570,0.547280174861819,0.296539062841853,0.499802977494844,0.429409036528702,0.297554138092815,0.00101507525096184,"violation",1,120,0.524402256602221,0.311460526685915,0.489897948556636,0.406116431033707,0.312591185824249,0.00113065913833393,"violation"
273,110,"forward",0.529746374608728,0.305937471255794,0.489897948556636,0.4,0.309078639069147,0.00314116781335261,"violation in forward orientation",1,0.419655172413793,1,110,0.529746374608728,0.305937471255794,0.489897948556636,0.4,0.309078639069147,0.00314116781335261,"violation",1,820,0.318428516126259,0.462366930345807,0.44496489043297,0.492010831122346,0.515521127281572,0.0531541969357651,"violation"
274,660,"forward",0.470235748180581,0.347889233050617,0.492484844755704,0.456246815906471,0.348193392429725,0.000304159379107438,"violation in forward orientation",1,0.419655172413793,1,660,0.470235748180581,0.347889233050617,0.492484844755704,0.456246815906471,0.348193392429725,0.000304159379107438,"violation",1,1670,0.488606234727574,0.335902425128338,0.497523718508659,0.458518442806585,0.336118959785884,0.000216534657546064,"violation"
275,90,"forward",0.645967901805191,0.232572423955049,0.5,0.339934634239519,0.232689317626391,0.000116893671342155,"violation in forward orientation",1,0.419655172413793,1,90,0.645967901805191,0.232572423955049,0.5,0.339934634239519,0.232689317626391,0.000116893671342155,"violation",1,380,0.381524358233819,0.417556311036548,0.463777993980774,0.476134015911522,0.419524789167968,0.00196847813141926,"violation"
276,90,"reverse",0.247071505072811,0.589508511541965,0.351539822656808,0.496903994999953,0.624086312102874,0.0345778005609093,"violation in reverse orientation",1,0.419655172413793,1,220,0.581380967634504,0.270840871541677,0.499814014996355,0.396550206298903,0.275140593172156,0.00429972163047848,"violation",1,90,0.247071505072811,0.589508511541965,0.351539822656808,0.496903994999953,0.624086312102874,0.0345778005609093,"violation"
277,1100,"reverse",0.452455499529854,0.359130619127093,0.491326421936132,0.465056648109038,0.359879877388889,0.000749258261796004,"violation in reverse orientation",1,0.419655172413793,1,1400,0.377829061850526,0.422453005297799,0.473223854350698,0.485911199580284,0.425146949189794,0.00269394389199579,"violation",1,1100,0.452455499529854,0.359130619127093,0.491326421936132,0.465056648109038,0.359879877388889,0.000749258261796004,"violation"
278,160,"forward",0.527856174668703,0.310173845011429,0.493354271796647,0.413398642353842,0.310321017260972,0.000147172249543193,"violation in forward orientation",1,0.419655172413793,1,160,0.527856174668703,0.310173845011429,0.493354271796647,0.413398642353842,0.310321017260972,0.000147172249543193,"violation",1,430,0.341559770144453,0.475419610347345,0.448541895860137,0.491270469169247,0.480328385453403,0.00490877510605858,"violation"
279,200,"forward",0.369291379469197,0.434205377642124,0.448998886412873,0.47370877129308,0.43813649362265,0.00393111598052609,"violation in forward orientation",1,0.419655172413793,1,200,0.369291379469197,0.434205377642124,0.448998886412873,0.47370877129308,0.43813649362265,0.00393111598052609,"violation",1,250,0.51657285588614,0.316452759600688,0.494788843851597,0.427083130081252,0.317737242862321,0.00128448326163361,"violation"
280,480,"forward",0.580823354328349,0.218388995166444,0.499787281139575,0.374530956664466,0.275507097580695,0.0571181024142504,"violation in forward orientation",1,0.419655172413793,1,480,0.580823354328349,0.218388995166444,0.499787281139575,0.374530956664466,0.275507097580695,0.0571181024142504,"violation",1,1050,0.410901268971669,0.386408538767751,0.481629885844697,0.47434786358917,0.387192368903905,0.000783830136153518,"violation"
281,300,"reverse",0.361012194004711,0.445893423263342,0.45220447685631,0.481894409826699,0.450732751325324,0.00483932806198217,"violation in reverse orientation",1,0.419655172413793,1,420,0.356940271722887,0.454259997089128,0.455073441034185,0.486763572497166,0.456927923860972,0.00266792677184341,"violation",1,300,0.361012194004711,0.445893423263342,0.45220447685631,0.481894409826699,0.450732751325324,0.00483932806198217,"violation"
282,100,"forward",0.556895688006175,0.286560022992806,0.493558507170123,0.384187454245971,0.291234116818446,0.00467409382564016,"violation in forward orientation",1,0.419655172413793,1,100,0.556895688006175,0.286560022992806,0.493558507170123,0.384187454245971,0.291234116818446,0.00467409382564016,"violation",1,210,0.315524963935628,0.519838944064246,0.422952584681651,0.49416091644106,0.519938698527347,9.9754463101176e-05,"violation"
283,150,"reverse",0.352534222507526,0.455216575972217,0.434920171474669,0.475908487935327,0.463631449419786,0.00841487344756875,"violation in reverse orientation",1,0.419655172413793,1,620,0.444651793832737,0.364310826567982,0.487086092598113,0.462360590120488,0.365009045773796,0.000698219205814532,"violation",1,150,0.352534222507526,0.455216575972217,0.434920171474669,0.475908487935327,0.463631449419786,0.00841487344756875,"violation"
284,1070,"reverse",0.450350104125208,0.361086817287209,0.490828629432968,0.465604437647893,0.361263697841168,0.00017688055395898,"violation in reverse orientation",1,0.419655172413793,1,1240,0.328297340332945,0.499964933006328,0.453162663492666,0.498099927706549,0.500506334647316,0.000541401640987926,"violation",1,1070,0.450350104125208,0.361086817287209,0.490828629432968,0.465604437647893,0.361263697841168,0.00017688055395898,"violation"
285,250,"reverse",0.29415482099307,0.549218834351644,0.41424630354416,0.498397431775084,0.552452021100215,0.00323318674857143,"violation in reverse orientation",1,0.419655172413793,1,760,0.423220795619082,0.376948114580743,0.483086510034471,0.468864367396212,0.379095071408398,0.00214695682765548,"violation",1,250,0.29415482099307,0.549218834351644,0.41424630354416,0.498397431775084,0.552452021100215,0.00323318674857143,"violation"
286,280,"forward",0.412102353395637,0.377799257205771,0.470981931279573,0.458257569495584,0.386402928028744,0.00860367082297331,"violation in forward orientation",1,0.419655172413793,1,280,0.412102353395637,0.377799257205771,0.470981931279573,0.458257569495584,0.386402928028744,0.00860367082297331,"violation",1,1390,0.354507429015712,0.422444860327358,0.464844523060704,0.485880021688919,0.460629340361556,0.0381844800341983,"violation"
287,330,"reverse",0.410684118427551,0.38178389037765,0.472464962188592,0.462118728259594,0.387335096186158,0.00555120580850776,"violation in reverse orientation",1,0.419655172413793,1,1390,0.406274812480363,0.381931897723324,0.481761449794985,0.474527924031645,0.390233215815664,0.00830131809233969,"violation",1,330,0.410684118427551,0.38178389037765,0.472464962188592,0.462118728259594,0.387335096186158,0.00555120580850776,"violation"
288,510,"reverse",0.46920945075641,0.348724692644722,0.491061980316243,0.453852745386017,0.348867950454577,0.00014325780985508,"violation in reverse orientation",1,0.419655172413793,1,1790,0.373934187538652,0.430392123976455,0.473215686272025,0.48860330085453,0.43107275442297,0.000680630446515174,"violation",1,510,0.46920945075641,0.348724692644722,0.491061980316243,0.453852745386017,0.348867950454577,0.00014325780985508,"violation"
289,360,"reverse",0.342476304968667,0.476894579856166,0.446514277487294,0.49045676619471,0.478933935614251,0.00203935575808467,"violation in reverse orientation",1,0.419655172413793,1,2230,0.340484334918455,0.481899899351133,0.462068185426425,0.497286772604504,0.481964592216414,6.46928652811019e-05,"violation",1,360,0.342476304968667,0.476894579856166,0.446514277487294,0.49045676619471,0.478933935614251,0.00203935575808467,"violation"
290,280,"forward",0.45719046655272,0.327431562235758,0.484122918275927,0.435055122006021,0.356767709388213,0.0293361471524548,"violation in forward orientation",1,0.419655172413793,1,280,0.45719046655272,0.327431562235758,0.484122918275927,0.435055122006021,0.356767709388213,0.0293361471524548,"violation",1,500,0.368070045820063,0.43074975091374,0.461666546329708,0.482261339939249,0.439994675620315,0.00924492470657451,"violation"
291,120,"forward",0.567767143145053,0.271486962828649,0.496585563847986,0.379967103839267,0.284088598245536,0.0126016354168874,"violation in forward orientation",1,0.419655172413793,1,120,0.567767143145053,0.271486962828649,0.496585563847986,0.379967103839267,0.284088598245536,0.0126016354168874,"violation",1,1000,0.448979619193357,0.359508856450907,0.4903019477832,0.464515877016061,0.362164481168638,0.00265562471773018,"violation"
292,510,"reverse",0.420679627302204,0.37974482638156,0.479655297221087,0.466324639861982,0.380765313815986,0.00102048743442579,"violation in reverse orientation",1,0.419655172413793,1,770,0.32191584822686,0.508008689313879,0.446022129030713,0.497929597731969,0.510215371779125,0.00220668246524569,"violation",1,510,0.420679627302204,0.37974482638156,0.479655297221087,0.466324639861982,0.380765313815986,0.00102048743442579,"violation"
293,50,"reverse",0.116284945699819,0.654021127930363,0.195959179422654,0.498397431775084,0.823069800632625,0.169048672702262,"violation in reverse orientation",1,0.419655172413793,1,50,0.694644991687999,0.185611725055255,0.5,0.271293199325011,0.200695159954808,0.0150834348995538,"violation at burn-in",1,50,0.116284945699819,0.654021127930363,0.195959179422654,0.498397431775084,0.823069800632625,0.169048672702262,"violation at burn-in"
294,490,"reverse",0.347200088857542,0.470608531987125,0.452716360749527,0.491107936623316,0.471746996820423,0.00113846483329838,"violation in reverse orientation",1,0.419655172413793,1,1060,0.333973281261802,0.485045828170737,0.454457571037456,0.496225518329056,0.491870749063237,0.00682492089249992,"violation",1,490,0.347200088857542,0.470608531987125,0.452716360749527,0.491107936623316,0.471746996820423,0.00113846483329838,"violation"
295,430,"reverse",0.39086469397821,0.400634868356568,0.468591666967672,0.471949800705705,0.40531405834541,0.0046791899888427,"violation in reverse orientation",1,0.419655172413793,1,480,0.528581571805377,0.300653668764712,0.498591766879478,0.42934361238989,0.309844232999195,0.009190564234483,"violation",1,430,0.39086469397821,0.400634868356568,0.468591666967672,0.471949800705705,0.40531405834541,0.0046791899888427,"violation"
296,560,"forward",0.349129062387995,0.466066727042208,0.455073441034185,0.490961026550822,0.468812185443695,0.00274545840148677,"violation in forward orientation",1,0.419655172413793,1,560,0.349129062387995,0.466066727042208,0.455073441034185,0.490961026550822,0.468812185443695,0.00274545840148677,"violation",1,2270,0.454127404024272,0.358629194548387,0.493672237950215,0.46907012379379,0.358780978992641,0.000151784444254011,"violation"
297,1400,"reverse",0.415891335019809,0.383701874026927,0.48430678420242,0.475134782166587,0.383912531092726,0.00021065706579837,"violation in reverse orientation",1,0.419655172413793,1,2590,0.334525294510899,0.491008613474276,0.460415604193478,0.498322195032954,0.491030895774439,2.22823001633787e-05,"violation",1,1400,0.415891335019809,0.383701874026927,0.48430678420242,0.475134782166587,0.383912531092726,0.00021065706579837,"violation"
298,50,"forward",0.56895608070809,0.216786995012799,0.485386443980464,0.3,0.283307141179285,0.0665201461664855,"violation in forward orientation",1,0.419655172413793,1,50,0.56895608070809,0.216786995012799,0.485386443980464,0.3,0.283307141179285,0.0665201461664855,"violation at burn-in",1,480,0.354117533211751,0.443470646154859,0.455478800275051,0.485179663171856,0.461222542198252,0.0177518960433927,"violation"
299,160,"reverse",0.29573068172561,0.501800453905321,0.404612082740988,0.488580533279827,0.550054448539997,0.0482539946346757,"violation in reverse orientation",1,0.419655172413793,1,1070,0.312392956146263,0.5231153917571,0.444490540209126,0.49945380246308,0.524703850535458,0.00158845877835811,"violation",1,160,0.29573068172561,0.501800453905321,0.404612082740988,0.488580533279827,0.550054448539997,0.0482539946346757,"violation"
300,1310,"reverse",0.466605194396131,0.350178287704998,0.494255798508528,0.462774887717369,0.350579658956638,0.000401371251639804,"violation in reverse orientation",1,0.419655172413793,1,2520,0.390628243487458,0.405573720992312,0.479860854737388,0.483917304319659,0.40567380283093,0.000100081838618149,"violation",1,1310,0.466605194396131,0.350178287704998,0.494255798508528,0.462774887717369,0.350579658956638,0.000401371251639804,"violation"
301,80,"forward",0.511130300599852,0.308177297821902,0.480722113075735,0.3903123748999,0.321314489825626,0.0131371920037249,"violation in forward orientation",1,0.419655172413793,1,80,0.511130300599852,0.308177297821902,0.480722113075735,0.3903123748999,0.321314489825626,0.0131371920037249,"violation",1,510,0.377685613344738,0.422714275220331,0.465561386762574,0.480228063210718,0.425365197029962,0.002650921809631,"violation"
302,480,"forward",0.469206273282255,0.278078707958796,0.490730040065026,0.416202866867696,0.348870038923903,0.0707913309651072,"violation in forward orientation",1,0.419655172413793,1,480,0.469206273282255,0.278078707958796,0.490730040065026,0.416202866867696,0.348870038923903,0.0707913309651072,"violation",1,510,0.485250135055039,0.336234479146433,0.493810206253452,0.448226888226809,0.338324834918172,0.00209035577173827,"violation"
303,600,"forward",0.34440626627084,0.472376096108516,0.453762052181537,0.492431608336517,0.475997621405245,0.00362152529672954,"violation in forward orientation",1,0.419655172413793,1,600,0.34440626627084,0.472376096108516,0.453762052181537,0.492431608336517,0.475997621405245,0.00362152529672954,"violation",1,820,0.424941171856815,0.374556009953627,0.483965070199401,0.468602222392988,0.377964313823321,0.00340830386969437,"violation"
304,60,"forward",0.443718815890873,0.363298063516486,0.450616861153192,0.411973569810276,0.365622267382729,0.00232420386624294,"violation in forward orientation",1,0.419655172413793,1,60,0.443718815890873,0.363298063516486,0.450616861153192,0.411973569810276,0.365622267382729,0.00232420386624294,"violation",1,510,0.385915154988504,0.410489456159606,0.468557710784121,0.476660173692076,0.412844469264601,0.00235501310499481,"violation"
305,60,"forward",0.463104996184793,0.34236971261758,0.458257569495584,0.4,0.352880246229315,0.0105105336117346,"violation in forward orientation",1,0.419655172413793,1,60,0.463104996184793,0.34236971261758,0.458257569495584,0.4,0.352880246229315,0.0105105336117346,"violation",1,1260,0.366866883409644,0.440889742948137,0.468817927806848,0.48957126157099,0.44182521122612,0.00093546827798352,"violation"
306,200,"forward",0.450160847768457,0.352766923463438,0.478513322698543,0.441333207452147,0.361388091015305,0.00862116755186626,"violation in forward orientation",1,0.419655172413793,1,200,0.450160847768457,0.352766923463438,0.478513322698543,0.441333207452147,0.361388091015305,0.00862116755186626,"violation",1,1090,0.439617383162449,0.36800434155288,0.488742040435494,0.468289090376492,0.368318030126732,0.000313688573852444,"violation"
307,1490,"reverse",0.431389120923196,0.373720944731184,0.488184800871361,0.472189506022493,0.373726248244939,5.30351375505056e-06,"violation in reverse orientation",1,0.419655172413793,1,1610,0.345458144749044,0.471034185399423,0.462211970710224,0.495395254012785,0.474397254745966,0.00336306934654246,"violation",1,1490,0.431389120923196,0.373720944731184,0.488184800871361,0.472189506022493,0.373726248244939,5.30351375505056e-06,"violation"
308,160,"reverse",0.352796350711866,0.408186562251593,0.436561493377508,0.460934851687307,0.463232637915059,0.0550460756634659,"violation in reverse orientation",1,0.419655172413793,1,1040,0.346174129979308,0.471571493183734,0.459505740059827,0.49434299833213,0.473307928445644,0.00173643526190981,"violation",1,160,0.352796350711866,0.408186562251593,0.436561493377508,0.460934851687307,0.463232637915059,0.0550460756634659,"violation"
309,510,"forward",0.381802817080711,0.412529761991951,0.467078414498329,0.477276813262783,0.419101131622175,0.00657136963022464,"violation in forward orientation",1,0.419655172413793,1,510,0.381802817080711,0.412529761991951,0.467078414498329,0.477276813262783,0.419101131622175,0.00657136963022464,"violation",1,580,0.382915806781073,0.413427551409569,0.468696043267948,0.478565533938126,0.417407788098671,0.00398023668910208,"violation"
310,990,"reverse",0.401621447766717,0.391215847393756,0.478681316189734,0.475516248386255,0.393291748786928,0.00207590139317282,"violation in reverse orientation",1,0.419655172413793,1,1740,0.329332898751251,0.498641444183835,0.455965218649747,0.49847037792045,0.498930797928262,0.00028935374442729,"violation",1,990,0.401621447766717,0.391215847393756,0.478681316189734,0.475516248386255,0.393291748786928,0.00207590139317282,"violation"
311,120,"reverse",0.281590846830816,0.559167193522576,0.386939558874797,0.495535624910617,0.571567314143999,0.0124001206214224,"violation in reverse orientation",1,0.419655172413793,1,610,0.427971104693336,0.37517724572562,0.482936462675986,0.466349503822112,0.375972819485033,0.000795573759413193,"violation",1,120,0.281590846830816,0.559167193522576,0.386939558874797,0.495535624910617,0.571567314143999,0.0124001206214224,"violation"
312,280,"forward",0.577734429430506,0.275944412445548,0.499948976988489,0.40525879864298,0.277537365833279,0.00159295338773152,"violation in forward orientation",1,0.419655172413793,1,280,0.577734429430506,0.275944412445548,0.499948976988489,0.40525879864298,0.277537365833279,0.00159295338773152,"violation",1,1390,0.356736375623157,0.434176290701058,0.465693850488601,0.488531588206256,0.457238138896953,0.0230618481958952,"violation"
313,110,"reverse",0.348881957255449,0.441538187753225,0.424848052565379,0.4657704893618,0.469188140293668,0.027649952540443,"violation in reverse orientation",1,0.419655172413793,1,460,0.459484757126398,0.355003577286064,0.488521359914413,0.455355653601161,0.355259733160887,0.000256155874822195,"violation",1,110,0.348881957255449,0.441538187753225,0.424848052565379,0.4657704893618,0.469188140293668,0.027649952540443,"violation"
314,50,"forward",0.654021127930363,0.216786995012799,0.498397431775085,0.3,0.227396146094691,0.0106091510818919,"violation in forward orientation",1,0.419655172413793,1,50,0.654021127930363,0.216786995012799,0.498397431775085,0.3,0.227396146094691,0.0106091510818919,"violation at burn-in",1,60,0.25432432379694,0.609706494609077,0.339934634239519,0.495535624910617,0.613051606561878,0.00334511195280063,"violation"
315,480,"reverse",0.509597525126899,0.320815086996334,0.49682586235018,0.439992897669951,0.322321942413175,0.00150685541684153,"violation in reverse orientation",1,0.419655172413793,1,1840,0.376909694911156,0.426274949812563,0.47432888367311,0.487798912286587,0.426545707913258,0.00027075810069499,"violation",1,480,0.509597525126899,0.320815086996334,0.49682586235018,0.439992897669951,0.322321942413175,0.00150685541684153,"violation"
316,280,"forward",0.483170904402714,0.315656938241354,0.489897948556636,0.428809457708675,0.339691457974033,0.0240345197326787,"violation in forward orientation",1,0.419655172413793,1,280,0.483170904402714,0.315656938241354,0.489897948556636,0.428809457708675,0.339691457974033,0.0240345197326787,"violation",1,820,0.35550915639919,0.427445633123189,0.461381934744423,0.484591550535793,0.459105275424946,0.0316596423017573,"violation"
317,340,"forward",0.472971888356945,0.345861755184017,0.489288375282768,0.447252280124009,0.346395000199933,0.000533245015916173,"violation in forward orientation",1,0.419655172413793,1,340,0.472971888356945,0.345861755184017,0.489288375282768,0.447252280124009,0.346395000199933,0.000533245015916173,"violation",1,1110,0.368137838123823,0.439367176642456,0.468458939612029,0.488763440235992,0.439891533912465,0.000524357270009213,"violation"
318,730,"forward",0.333105323628712,0.492896670091528,0.450726566757341,0.496185487021228,0.49319129177463,0.000294621683101792,"violation in forward orientation",1,0.419655172413793,1,730,0.333105323628712,0.492896670091528,0.450726566757341,0.496185487021228,0.49319129177463,0.000294621683101792,"violation",1,1270,0.43594817343309,0.369766720583627,0.488569828582317,0.469898671640518,0.37072970417902,0.000962983595392652,"violation"
319,60,"reverse",0.25432432379694,0.574366575369876,0.339934634239519,0.489897948556636,0.613051606561878,0.0386850311920021,"violation in reverse orientation",1,0.419655172413793,1,230,0.445689107738688,0.356935709803362,0.478971803614623,0.445964895581185,0.364327246908214,0.0073915371048528,"violation",1,60,0.25432432379694,0.574366575369876,0.339934634239519,0.489897948556636,0.613051606561878,0.0386850311920021,"violation"
320,750,"reverse",0.476323048997109,0.342786839057041,0.493983355545058,0.455289895439037,0.344192371362376,0.00140553230533474,"violation in reverse orientation",1,0.419655172413793,1,880,0.464672515291041,0.351156813182541,0.492682770130508,0.460214646291442,0.351849957574852,0.00069314439231094,"violation",1,750,0.476323048997109,0.342786839057041,0.493983355545058,0.455289895439037,0.344192371362376,0.00140553230533474,"violation"
321,200,"forward",0.460740912732716,0.347230186785389,0.481430161082581,0.438634243989226,0.354434095460989,0.00720390867559978,"violation in forward orientation",1,0.419655172413793,1,200,0.460740912732716,0.347230186785389,0.481430161082581,0.438634243989226,0.354434095460989,0.00720390867559978,"violation",1,1730,0.430703086889734,0.374037689286027,0.488556951321016,0.473079983781633,0.374177160184981,0.00013947089895483,"violation"
322,150,"reverse",0.32980453708707,0.49071173515061,0.422952584681651,0.485386443980464,0.498213229992876,0.00750149484226637,"violation in reverse orientation",1,0.419655172413793,1,310,0.43569570233121,0.367286318191289,0.479431244724741,0.45538745209948,0.370895646725308,0.0036093285340193,"violation",1,150,0.32980453708707,0.49071173515061,0.422952584681651,0.485386443980464,0.498213229992876,0.00750149484226637,"violation"
323,280,"reverse",0.354679507151871,0.412102353395637,0.448296093843234,0.470981931279573,0.460367534347262,0.0482651809516248,"violation in reverse orientation",1,0.419655172413793,1,280,0.541716405199999,0.287937248326568,0.498159879261791,0.412789786893117,0.301211056044096,0.0132738077175282,"violation",1,280,0.354679507151871,0.412102353395637,0.448296093843234,0.470981931279573,0.460367534347262,0.0482651809516248,"violation"
324,90,"forward",0.531207015560322,0.303158498150334,0.487498021521785,0.391420332306856,0.308118598585638,0.00496010043530382,"violation in forward orientation",1,0.419655172413793,1,90,0.531207015560322,0.303158498150334,0.487498021521785,0.391420332306856,0.308118598585638,0.00496010043530382,"violation",1,630,0.549127553577489,0.294865297692289,0.499909288823637,0.429757324573638,0.296339905153857,0.00147460746156786,"violation"
325,260,"forward",0.490082054446301,0.334559967689392,0.490667339314349,0.437363672758176,0.335148942702088,0.000588975012696058,"violation in forward orientation",1,0.419655172413793,1,260,0.490082054446301,0.334559967689392,0.490667339314349,0.437363672758176,0.335148942702088,0.000588975012696058,"violation",1,820,0.359325509300902,0.446185924634715,0.462892838454994,0.488876870882636,0.453298935557272,0.00711301092255723,"violation"
326,1170,"reverse",0.391397962715354,0.402812279441124,0.476564519199546,0.479950109419297,0.404502723647491,0.0016904442063671,"violation in reverse orientation",1,0.419655172413793,1,2060,0.350793104336223,0.465982636873601,0.465684294956912,0.49522557892546,0.46628045073406,0.00029781386045985,"violation",1,1170,0.391397962715354,0.402812279441124,0.476564519199546,0.479950109419297,0.404502723647491,0.0016904442063671,"violation"
327,1170,"forward",0.294618201531405,0.54990469118553,0.436173031697567,0.499973700820516,0.551747016882069,0.00184232569653908,"violation in forward orientation",1,0.419655172413793,1,1170,0.294618201531405,0.54990469118553,0.436173031697567,0.499973700820516,0.551747016882069,0.00184232569653908,"violation",1,1640,0.511295311718812,0.320402614130764,0.499246532226826,0.451588510952472,0.321206032402015,0.000803418271251854,"violation"
328,590,"reverse",0.373157200406109,0.431298104173005,0.465287424335802,0.483570936192783,0.432254891264228,0.000956787091222822,"violation in reverse orientation",1,0.419655172413793,1,630,0.330327578887632,0.496305898447265,0.447903208238808,0.496153001052614,0.497417454932948,0.00111155648568323,"violation",1,590,0.373157200406109,0.431298104173005,0.465287424335802,0.483570936192783,0.432254891264228,0.000956787091222822,"violation"
329,280,"forward",0.530825885874022,0.259839260139821,0.497121818109823,0.394541842275471,0.308369105000589,0.0485298448607684,"violation in forward orientation",1,0.419655172413793,1,280,0.530825885874022,0.259839260139821,0.497121818109823,0.394541842275471,0.308369105000589,0.0485298448607684,"violation",1,420,0.478771132951902,0.339152505053795,0.491745929273356,0.447112175021162,0.342583310832433,0.00343080577863802,"violation"
330,50,"forward",0.546859192020479,0.275078575707952,0.48,0.346987031457949,0.297830838927545,0.0227522632195933,"violation in forward orientation",1,0.419655172413793,1,50,0.546859192020479,0.275078575707952,0.48,0.346987031457949,0.297830838927545,0.0227522632195933,"violation at burn-in",1,1210,0.381477616366074,0.418793903988143,0.473596986470438,0.48438847762337,0.419595903967141,0.000801999978998325,"violation"
331,820,"reverse",0.480968885184932,0.338930031468421,0.494971742203544,0.454436456024327,0.341138786691078,0.00220875522265712,"violation in reverse orientation",1,0.419655172413793,1,1650,0.371681527968617,0.432984709698785,0.472043405888864,0.488883212255214,0.434500033662247,0.00151532396346221,"violation",1,820,0.480968885184932,0.338930031468421,0.494971742203544,0.454436456024327,0.341138786691078,0.00220875522265712,"violation"
332,480,"forward",0.518046540854939,0.296153749890985,0.497698697060335,0.426829192678081,0.316768628892926,0.0206148790019415,"violation in forward orientation",1,0.419655172413793,1,480,0.518046540854939,0.296153749890985,0.497698697060335,0.426829192678081,0.316768628892926,0.0206148790019415,"violation",1,520,0.364667929269294,0.438874897833797,0.460732469318176,0.484615384615385,0.44517078104661,0.00629588321281244,"violation"
333,50,"forward",0.941261936620275,0.0275269587093167,0.41424630354416,0.0707106781186548,0.0386003954640934,0.0110734367547768,"violation in forward orientation",1,0.419655172413793,1,50,0.941261936620275,0.0275269587093167,0.41424630354416,0.0707106781186548,0.0386003954640934,0.0110734367547768,"violation at burn-in",1,350,0.39443732905053,0.39443732905053,0.467568613321366,0.467568613321366,0.399878519759931,0.00544119070940158,"violation"
334,610,"reverse",0.584028362373775,0.272490166309407,0.499394957761568,0.41622560190317,0.27340053095991,0.000910364650503592,"violation in reverse orientation",1,0.419655172413793,1,820,0.349140642111341,0.467334567717299,0.458787878728345,0.49286853543143,0.468794567626094,0.00145999990879464,"violation",1,610,0.584028362373775,0.272490166309407,0.499394957761568,0.41622560190317,0.27340053095991,0.000910364650503592,"violation"
335,280,"forward",0.556175817651973,0.259839260139821,0.499183005990176,0.394541842275471,0.291707268472969,0.0318680083331486,"violation in forward orientation",1,0.419655172413793,1,280,0.556175817651973,0.259839260139821,0.499183005990176,0.394541842275471,0.291707268472969,0.0318680083331486,"violation",1,1430,0.393874914024352,0.400322247426392,0.478375349706286,0.480243959716362,0.400734198695495,0.00041195126910365,"violation"
336,630,"reverse",0.455851162686746,0.355432811332519,0.48957126157099,0.458947056977808,0.357647998229663,0.00221518689714428,"violation in reverse orientation",1,0.419655172413793,1,820,0.441195904483051,0.361867784674093,0.48780487804878,0.463881343933183,0.36728051000914,0.0054127253350465,"violation",1,630,0.455851162686746,0.355432811332519,0.48957126157099,0.458947056977808,0.357647998229663,0.00221518689714428,"violation"
337,480,"forward",0.488392634666348,0.316346939966849,0.494022428359505,0.43771819955563,0.33625935343008,0.0199124134632314,"violation in forward orientation",1,0.419655172413793,1,480,0.488392634666348,0.316346939966849,0.494022428359505,0.43771819955563,0.33625935343008,0.0199124134632314,"violation",1,1350,0.393605314036783,0.400440050067719,0.478005113873156,0.48,0.401144378046426,0.000704327978707286,"violation"
338,200,"forward",0.471276415184159,0.347230186785389,0.484122918275927,0.438634243989226,0.347509389662175,0.000279202876786733,"violation in forward orientation",1,0.419655172413793,1,200,0.471276415184159,0.347230186785389,0.484122918275927,0.438634243989226,0.347509389662175,0.000279202876786733,"violation",1,250,0.437494776985842,0.364722839515771,0.477593969811178,0.450936802667514,0.369713162762075,0.00499032324630405,"violation"
339,890,"reverse",0.432142943697494,0.371913579332764,0.486153430965566,0.468269800957824,0.373230780566913,0.00131720123414886,"violation in reverse orientation",1,0.419655172413793,1,930,0.419835375941779,0.37994458254907,0.48334977904491,0.471404520791032,0.381320217800693,0.00137563525162304,"violation",1,890,0.432142943697494,0.371913579332764,0.486153430965566,0.468269800957824,0.373230780566913,0.00131720123414886,"violation"
340,250,"reverse",0.369061939366717,0.433269588855767,0.452831094338717,0.476336015854355,0.438485572245247,0.00521598338947965,"violation in reverse orientation",1,0.419655172413793,1,2150,0.358987312657276,0.453240091274124,0.468936866484725,0.493406827534931,0.453813480387263,0.000573389113139255,"violation",1,250,0.369061939366717,0.433269588855767,0.452831094338717,0.476336015854355,0.438485572245247,0.00521598338947965,"violation"
341,490,"forward",0.464327202677798,0.351530052963378,0.489897948556636,0.454607583501522,0.352076922379458,0.000546869416080675,"violation in forward orientation",1,0.419655172413793,1,490,0.464327202677798,0.351530052963378,0.489897948556636,0.454607583501522,0.352076922379458,0.000546869416080675,"violation",1,820,0.404855671297726,0.368216685910237,0.478476351844312,0.466287628283556,0.39116597960382,0.0229492936935827,"violation"
342,50,"forward",0.9262591846095,0.0275269587093167,0.427083130081252,0.0707106781186548,0.0484613056889238,0.0209343469796071,"violation in forward orientation",1,0.419655172413793,1,50,0.9262591846095,0.0275269587093167,0.427083130081252,0.0707106781186548,0.0484613056889238,0.0209343469796071,"violation at burn-in",1,290,0.372835583166498,0.427847799882339,0.456737122477199,0.476423956124253,0.432744211578302,0.00489641169596267,"violation"
343,520,"forward",0.464599885210118,0.350450933571676,0.490286566366817,0.454822938433676,0.351897695397025,0.00144676182534931,"violation in forward orientation",1,0.419655172413793,1,520,0.464599885210118,0.350450933571676,0.490286566366817,0.454822938433676,0.351897695397025,0.00144676182534931,"violation",1,1130,0.420140685599931,0.381054877705855,0.484407189259071,0.473046721498516,0.381119545875458,6.46681696028217e-05,"violation"
344,600,"forward",0.494441478304884,0.33207011871938,0.495756996924905,0.448178411895184,0.332283609243894,0.000213490524513138,"violation in forward orientation",1,0.419655172413793,1,600,0.494441478304884,0.33207011871938,0.495756996924905,0.448178411895184,0.332283609243894,0.000213490524513138,"violation",1,640,0.515857738831057,0.31708164239125,0.498217035882706,0.441665438284455,0.318207270299645,0.00112562790839504,"violation"
345,440,"reverse",0.453494134130456,0.355942633142827,0.486915574673376,0.455221088779311,0.359197210465808,0.00325457732298101,"violation in reverse orientation",1,0.419655172413793,1,480,0.503248455270151,0.287131582556388,0.496078370824611,0.421631874388073,0.326495017314608,0.0393634347582194,"violation",1,440,0.453494134130456,0.355942633142827,0.486915574673376,0.455221088779311,0.359197210465808,0.00325457732298101,"violation"
346,50,"forward",0.612137383051339,0.246504271019468,0.493558507170123,0.324961536185438,0.254925218616528,0.00842094759706019,"violation in forward orientation",1,0.419655172413793,1,50,0.612137383051339,0.246504271019468,0.493558507170123,0.324961536185438,0.254925218616528,0.00842094759706019,"violation at burn-in",1,1900,0.445869596004256,0.363212314380422,0.491833305094318,0.469830817667293,0.364208616767416,0.00099630238699383,"violation"
347,120,"forward",0.660018390556222,0.208981121597478,0.498887651569859,0.330718913883074,0.223454304737462,0.0144731831399836,"violation in forward orientation",1,0.419655172413793,1,120,0.660018390556222,0.208981121597478,0.498887651569859,0.330718913883074,0.223454304737462,0.0144731831399836,"violation",1,680,0.506424168990186,0.320975224314402,0.49749371855331,0.444263707964687,0.324407705075457,0.00343248076105479,"violation"
348,290,"reverse",0.361697442202172,0.442338151598376,0.451987288447313,0.480598616026426,0.449690189478806,0.00735203788042993,"violation in reverse orientation",1,0.419655172413793,1,310,0.492627187800706,0.328917330569934,0.492355716860359,0.437569676330662,0.333476094180698,0.00455876361076418,"violation",1,290,0.361697442202172,0.442338151598376,0.451987288447313,0.480598616026426,0.449690189478806,0.00735203788042993,"violation"
349,480,"reverse",0.367340658776839,0.415385353669572,0.460934851687307,0.477619785731519,0.441104391932488,0.0257190382629154,"violation in reverse orientation",1,0.419655172413793,1,1340,0.411721018540857,0.385713477812762,0.483044546455654,0.475538292263854,0.386653569295486,0.000940091482723449,"violation",1,480,0.367340658776839,0.415385353669572,0.460934851687307,0.477619785731519,0.441104391932488,0.0257190382629154,"violation"
350,410,"reverse",0.3781704477736,0.414084330583556,0.463388959494163,0.475803587769621,0.424627552072584,0.0105432214890279,"violation in reverse orientation",1,0.419655172413793,1,480,0.574592342768415,0.257590954749479,0.499930550732355,0.403091353031653,0.279602575900823,0.0220116211513439,"violation",1,410,0.3781704477736,0.414084330583556,0.463388959494163,0.475803587769621,0.424627552072584,0.0105432214890279,"violation"
351,980,"reverse",0.401357446798721,0.390843164875607,0.478544231419005,0.475334994435094,0.393465269607829,0.00262210473222141,"violation in reverse orientation",1,0.419655172413793,1,1660,0.352780581175789,0.461634553306845,0.465255280906806,0.494112161636367,0.463256630268067,0.00162207696122191,"violation",1,980,0.401357446798721,0.390843164875607,0.478544231419005,0.475334994435094,0.393465269607829,0.00262210473222141,"violation"
352,120,"forward",0.369485323132463,0.416367655586762,0.43771819955563,0.458257569495584,0.43784142059007,0.0214737650033078,"violation in forward orientation",1,0.419655172413793,1,120,0.369485323132463,0.416367655586762,0.43771819955563,0.458257569495584,0.43784142059007,0.0214737650033078,"violation",1,400,0.384528216354674,0.413448615425302,0.465503759383316,0.475368278285373,0.414954608785505,0.00150599336020302,"violation"
353,90,"forward",0.645967901805191,0.232572423955049,0.5,0.339934634239519,0.232689317626391,0.000116893671342155,"violation in forward orientation",1,0.419655172413793,1,90,0.645967901805191,0.232572423955049,0.5,0.339934634239519,0.232689317626391,0.000116893671342155,"violation",1,250,0.377717097807276,0.416302027981902,0.456490963765987,0.470930992821666,0.425317295409028,0.00901526742712566,"violation"
354,190,"forward",0.483323542678605,0.335289554908548,0.486408056865769,0.431482659348623,0.339591132891384,0.00430157798283665,"violation in forward orientation",1,0.419655172413793,1,190,0.483323542678605,0.335289554908548,0.486408056865769,0.431482659348623,0.339591132891384,0.00430157798283665,"violation",1,240,0.374606821048143,0.419352720376636,0.454529671443155,0.471404520791032,0.430049385027352,0.010696664650716,"violation"
355,140,"forward",0.508002042849685,0.319320750326329,0.488385511827762,0.415208332266675,0.323370610516842,0.00404986019051268,"violation in forward orientation",1,0.419655172413793,1,140,0.508002042849685,0.319320750326329,0.488385511827762,0.415208332266675,0.323370610516842,0.00404986019051268,"violation",1,1390,0.377494274707874,0.412895395996466,0.473072869720103,0.483513185731638,0.425656306679426,0.0127609106829603,"violation"
356,50,"forward",0.4062591846095,0.329560327676681,0.427083130081252,0.384187454245971,0.390243487599899,0.0606831599232174,"violation in forward orientation",1,0.419655172413793,1,50,0.4062591846095,0.329560327676681,0.427083130081252,0.384187454245971,0.390243487599899,0.0606831599232174,"violation at burn-in",1,200,0.330530455828024,0.492216616898357,0.430087200460558,0.488850692952357,0.49710879048352,0.00489217358516331,"violation"
357,600,"forward",0.445056522204766,0.363703956532174,0.486986196473325,0.46180503341658,0.364743028569809,0.00103907203763481,"violation in forward orientation",1,0.419655172413793,1,600,0.445056522204766,0.363703956532174,0.486986196473325,0.46180503341658,0.364743028569809,0.00103907203763481,"violation",1,1330,0.38078300698466,0.420079628600897,0.473911510090476,0.485124994602228,0.420652708263713,0.000573079662815668,"violation"
358,280,"forward",0.464636923606228,0.339146993140407,0.485911199580284,0.440952123830019,0.351873351043493,0.0127263579030859,"violation in forward orientation",1,0.419655172413793,1,280,0.464636923606228,0.339146993140407,0.485911199580284,0.440952123830019,0.351873351043493,0.0127263579030859,"violation",1,2480,0.492197410009242,0.333219253221293,0.49837143727356,0.459651951756306,0.333758575702435,0.000539322481141913,"violation"
359,1040,"reverse",0.495897587878889,0.331142571572068,0.497396141518642,0.453046884207298,0.331326547114461,0.000183975542393133,"violation in reverse orientation",1,0.419655172413793,1,2360,0.334885168190225,0.488683207616244,0.460083645268437,0.498016570171585,0.49048337070393,0.00180016308768544,"violation",1,1040,0.495897587878889,0.331142571572068,0.497396141518642,0.453046884207298,0.331326547114461,0.000183975542393133,"violation"
360,50,"forward",0.501594493296846,0.116284945699819,0.466476151587624,0.195959179422654,0.327582122568519,0.2112971768687,"violation in forward orientation",1,0.419655172413793,1,50,0.501594493296846,0.116284945699819,0.466476151587624,0.195959179422654,0.327582122568519,0.2112971768687,"violation at burn-in",1,410,0.391042938223265,0.40386381934534,0.468146572734817,0.472541699056091,0.405042870985934,0.00117905164059368,"violation"
361,50,"forward",0.430755917550709,0.302716065288689,0.438634243989226,0.366606055596467,0.374142435995404,0.0714263707067153,"violation in forward orientation",1,0.419655172413793,1,50,0.430755917550709,0.302716065288689,0.438634243989226,0.366606055596467,0.374142435995404,0.0714263707067153,"violation at burn-in",1,590,0.358925575527635,0.447005929697057,0.459722134829849,0.487325717047474,0.453907409530186,0.00690147983312944,"violation"
362,60,"reverse",0.321054517826778,0.482234168322183,0.386939558874797,0.465176191231762,0.511525831574127,0.0292916632519442,"violation in reverse orientation",1,0.419655172413793,1,1170,0.409824013317694,0.387880752883542,0.481894409826699,0.475465714384145,0.387900420419081,1.9667535538892e-05,"violation",1,60,0.321054517826778,0.482234168322183,0.386939558874797,0.465176191231762,0.511525831574127,0.0292916632519442,"violation"
363,900,"forward",0.367939697569665,0.440055525102474,0.466903379118313,0.487999190446606,0.440192992249427,0.000137467146952841,"violation in forward orientation",1,0.419655172413793,1,900,0.367939697569665,0.440055525102474,0.466903379118313,0.487999190446606,0.440192992249427,0.000137467146952841,"violation",1,1740,0.396089188652518,0.396676580687449,0.479932890451122,0.480100440343553,0.397365319720564,0.000688739033115005,"violation"
364,690,"forward",0.399994981152793,0.390973012619764,0.475815001848446,0.472919225653661,0.39436078207176,0.00338776945199548,"violation in forward orientation",1,0.419655172413793,1,690,0.399994981152793,0.390973012619764,0.475815001848446,0.472919225653661,0.39436078207176,0.00338776945199548,"violation",1,1390,0.459027496051764,0.355250518149904,0.493227777077428,0.465128917273226,0.355560278714332,0.000309760564427219,"violation"
365,140,"forward",0.559967969201867,0.277398168861188,0.496723961448963,0.388875931109034,0.289214788029008,0.0118166191678205,"violation in forward orientation",1,0.419655172413793,1,140,0.559967969201867,0.277398168861188,0.496723961448963,0.388875931109034,0.289214788029008,0.0118166191678205,"violation",1,1710,0.436157618708322,0.37047006545872,0.489657751831902,0.471816402669203,0.37059204136525,0.000121975906530292,"violation"
366,90,"forward",0.668045886935067,0.155964483968887,0.499505928733089,0.267821573182088,0.2181780446843,0.0622135607154131,"violation in forward orientation",1,0.419655172413793,1,90,0.668045886935067,0.155964483968887,0.499505928733089,0.267821573182088,0.2181780446843,0.0622135607154131,"violation",1,510,0.369436415638767,0.432870804137887,0.462412642289684,0.482962312355436,0.437915830252328,0.00504502611444152,"violation"
367,130,"reverse",0.324790251442971,0.495324992734472,0.416309511622609,0.484615384615385,0.505842148856793,0.010517156122322,"violation in reverse orientation",1,0.419655172413793,1,280,0.494235858545645,0.331343161645705,0.491963475498425,0.43705881545081,0.332418757647656,0.00107559600195151,"violation",1,130,0.324790251442971,0.495324992734472,0.416309511622609,0.484615384615385,0.505842148856793,0.010517156122322,"violation"
368,170,"forward",0.474348537465923,0.339720188690802,0.482962312355436,0.431301241878197,0.34549016532264,0.00576997663183748,"violation in forward orientation",1,0.419655172413793,1,170,0.474348537465923,0.339720188690802,0.482962312355436,0.431301241878197,0.34549016532264,0.00576997663183748,"violation",1,260,0.368085558532451,0.42569897675091,0.453046884207298,0.474481966037356,0.439971074008328,0.0142720972574173,"violation"
369,160,"reverse",0.310173845011429,0.495240586751941,0.413398642353842,0.487179381747627,0.528080087949772,0.0328395011978306,"violation in reverse orientation",1,0.419655172413793,1,330,0.359101860395169,0.451942567340989,0.452774327196483,0.48431789149108,0.453639203239838,0.00169663589884855,"violation",1,160,0.310173845011429,0.495240586751941,0.413398642353842,0.487179381747627,0.528080087949772,0.0328395011978306,"violation"
370,50,"reverse",0.329560327676681,0.454790769027509,0.384187454245971,0.448998886412873,0.498584779184505,0.0437940101569955,"violation in reverse orientation",1,0.419655172413793,1,890,0.356729299078549,0.452813183378984,0.46253938643595,0.490573944580864,0.457248905412561,0.00443572203357756,"violation",1,50,0.329560327676681,0.454790769027509,0.384187454245971,0.448998886412873,0.498584779184505,0.0437940101569955,"violation at burn-in"
371,480,"forward",0.505365987459366,0.318581864198482,0.496336404456583,0.438861967352935,0.325103219676345,0.00652135547786242,"violation in forward orientation",1,0.419655172413793,1,480,0.505365987459366,0.318581864198482,0.496336404456583,0.438861967352935,0.325103219676345,0.00652135547786242,"violation",1,800,0.588904332828045,0.269091067187145,0.498684206186641,0.417582327212252,0.270195685150691,0.00110461796354605,"violation"
372,280,"forward",0.453460094550593,0.358547428956991,0.483186700722508,0.450042514998442,0.35921958377711,0.000672154820118787,"violation in forward orientation",1,0.419655172413793,1,280,0.453460094550593,0.358547428956991,0.483186700722508,0.450042514998442,0.35921958377711,0.000672154820118787,"violation",1,1100,0.453380288205641,0.356303460391516,0.491497122562893,0.463970467854714,0.359272038366933,0.00296857797541672,"violation"
373,50,"reverse",0.246504271019468,0.61213738305134,0.324961536185438,0.493558507170123,0.624949322883861,0.0128119398325214,"violation in reverse orientation",1,0.419655172413793,1,820,0.399820239943985,0.389732140994969,0.476969600708473,0.473791081904343,0.394475634824868,0.00474349382989875,"violation",1,50,0.246504271019468,0.61213738305134,0.324961536185438,0.493558507170123,0.624949322883861,0.0128119398325214,"violation at burn-in"
374,240,"reverse",0.315152301376142,0.515205078293104,0.42555111326373,0.49434299833213,0.520505681071167,0.00530060277806321,"violation in reverse orientation",1,0.419655172413793,1,1260,0.32656249029115,0.500365082461537,0.452503464335441,0.498159879261791,0.50314579939849,0.00278071693695281,"violation",1,240,0.315152301376142,0.515205078293104,0.42555111326373,0.49434299833213,0.520505681071167,0.00530060277806321,"violation"
375,650,"forward",0.426656902591648,0.373974502121301,0.483010774500967,0.466476151587624,0.376836609603854,0.002862107482553,"violation in forward orientation",1,0.419655172413793,1,650,0.426656902591648,0.373974502121301,0.483010774500967,0.466476151587624,0.376836609603854,0.002862107482553,"violation",1,1650,0.415091469322107,0.383495786504299,0.484780677076604,0.475908487935327,0.384438261560795,0.000942475056495862,"violation"
376,130,"reverse",0.333707961152927,0.462388037860006,0.421325044234743,0.475742956802038,0.492274416849087,0.0298863789890819,"violation in reverse orientation",1,0.419655172413793,1,1740,0.356010480203299,0.457466547959892,0.466741684701305,0.493577124260042,0.458342542924734,0.000875994964841698,"violation",1,130,0.333707961152927,0.462388037860006,0.421325044234743,0.475742956802038,0.492274416849087,0.0298863789890819,"violation"
377,50,"forward",0.590712364249548,0.185611725055255,0.489897948556636,0.271293199325011,0.269007314142605,0.0833955890873502,"violation in forward orientation",1,0.419655172413793,1,50,0.590712364249548,0.185611725055255,0.489897948556636,0.271293199325011,0.269007314142605,0.0833955890873502,"violation at burn-in",1,160,0.251578187192657,0.566401777618562,0.374530956664466,0.498082259772419,0.617229679936688,0.0508279023181257,"violation"
378,210,"reverse",0.304804736399551,0.534511776642769,0.416795898326361,0.496153001052614,0.536248847545624,0.0017370709028548,"violation in reverse orientation",1,0.419655172413793,1,480,0.490518455198772,0.314110300928438,0.49434299833213,0.436561493377508,0.334862108084074,0.020751807155636,"violation",1,210,0.304804736399551,0.534511776642769,0.416795898326361,0.496153001052614,0.536248847545624,0.0017370709028548,"violation"
379,70,"forward",0.59189294941248,0.258342897757551,0.494871659305393,0.349927106111883,0.268231346886992,0.00988844912944187,"violation in forward orientation",1,0.419655172413793,1,70,0.59189294941248,0.258342897757551,0.494871659305393,0.349927106111883,0.268231346886992,0.00988844912944187,"violation",1,90,0.289392299544533,0.554753840420317,0.382325567424117,0.492035329455212,0.559697896644085,0.00494405622376792,"violation"
380,90,"reverse",0.289392299544533,0.495299770270681,0.382325567424117,0.478681316189734,0.559697896644085,0.0643981263734045,"violation in reverse orientation",1,0.419655172413793,1,390,0.444856073967853,0.361294288474042,0.483956953329396,0.455985108814839,0.364874777869371,0.00358048939532912,"violation",1,90,0.289392299544533,0.495299770270681,0.382325567424117,0.478681316189734,0.559697896644085,0.0643981263734045,"violation"
381,60,"forward",0.644232895622817,0.206777284463185,0.498887651569859,0.3,0.233829691085315,0.0270524066221301,"violation in forward orientation",1,0.419655172413793,1,60,0.644232895622817,0.206777284463185,0.498887651569859,0.3,0.233829691085315,0.0270524066221301,"violation",1,2280,0.421090715172704,0.379992666112447,0.487330835767966,0.476274391597013,0.380495116682646,0.00050245057019882,"violation"
382,70,"forward",0.515278239716522,0.314054244758118,0.479157423749955,0.388875931109034,0.318588159668455,0.00453391491033678,"violation in forward orientation",1,0.419655172413793,1,70,0.515278239716522,0.314054244758118,0.479157423749955,0.388875931109034,0.318588159668455,0.00453391491033678,"violation",1,200,0.418144632915628,0.380238619328793,0.46837484987988,0.453762052181537,0.382431498263248,0.00219287893445458,"violation"
383,420,"forward",0.483653064551442,0.328939309475457,0.492598275701905,0.442216638714053,0.339374546920835,0.0104352374453786,"violation in forward orientation",1,0.419655172413793,1,420,0.483653064551442,0.328939309475457,0.492598275701905,0.442216638714053,0.339374546920835,0.0104352374453786,"violation",1,820,0.384679357357456,0.390994421630958,0.472118203269496,0.474200538907892,0.414724657297084,0.0237302356661258,"violation"
384,600,"reverse",0.518075026418712,0.314367949686859,0.498260864295892,0.439542059673727,0.316749906088812,0.00238195640195349,"violation in reverse orientation",1,0.419655172413793,1,820,0.480968885184932,0.337651858631589,0.494971742203544,0.453874850080934,0.341138786691078,0.00348692805948925,"violation",1,600,0.518075026418712,0.314367949686859,0.498260864295892,0.439542059673727,0.316749906088812,0.00238195640195349,"violation"
385,470,"forward",0.482995975277168,0.336448649537315,0.493066457449906,0.447314809396354,0.339806434239819,0.00335778470250403,"violation in forward orientation",1,0.419655172413793,1,470,0.482995975277168,0.336448649537315,0.493066457449906,0.447314809396354,0.339806434239819,0.00335778470250403,"violation",1,1170,0.370257826868944,0.433420158545299,0.469559923785009,0.487692038070512,0.436666104952713,0.00324594640741327,"violation"
386,70,"forward",0.636172957540227,0.239040057693904,0.499183005990176,0.334724986110285,0.239127274208268,8.72165143633585e-05,"violation in forward orientation",1,0.419655172413793,1,70,0.636172957540227,0.239040057693904,0.499183005990176,0.334724986110285,0.239127274208268,8.72165143633585e-05,"violation",1,370,0.379876871139178,0.419761656730631,0.462825507825506,0.476542514833797,0.422031336713611,0.00226967998298067,"violation"
387,790,"forward",0.439061758880076,0.368471526436691,0.48714281653138,0.466084131419734,0.368683227202794,0.00021170076610294,"violation in forward orientation",1,0.419655172413793,1,790,0.439061758880076,0.368471526436691,0.48714281653138,0.466084131419734,0.368683227202794,0.00021170076610294,"violation",1,820,0.338930031468421,0.457394075794193,0.454436456024327,0.491103178512694,0.484329366733033,0.0269352909388402,"violation"
388,170,"reverse",0.339720188690802,0.48056130135878,0.431301241878197,0.4845002419288,0.483127192432018,0.00256589107323768,"violation in reverse orientation",1,0.419655172413793,1,430,0.420089757839047,0.378610699138913,0.478052657024357,0.464097721941282,0.381153019339372,0.00254232020045847,"violation",1,170,0.339720188690802,0.48056130135878,0.431301241878197,0.4845002419288,0.483127192432018,0.00256589107323768,"violation"
389,510,"forward",0.430841713716391,0.371500579410541,0.482432641271391,0.463214285237883,0.374086044455584,0.00258546504504309,"violation in forward orientation",1,0.419655172413793,1,510,0.430841713716391,0.371500579410541,0.482432641271391,0.463214285237883,0.374086044455584,0.00258546504504309,"violation",1,650,0.444067449746071,0.362707769990115,0.487223749676184,0.462176482084188,0.365393119614041,0.00268534962392564,"violation"
390,50,"forward",0.941261936620275,0.0275269587093167,0.41424630354416,0.0707106781186548,0.0386003954640934,0.0110734367547768,"violation in forward orientation",1,0.419655172413793,1,50,0.941261936620275,0.0275269587093167,0.41424630354416,0.0707106781186548,0.0386003954640934,0.0110734367547768,"violation at burn-in",1,410,0.653128752543473,0.224304030883643,0.493075187965798,0.376274356598574,0.227982680723182,0.00367864983953872,"violation"
391,60,"reverse",0.321054517826778,0.501117648712452,0.386939558874797,0.471404520791032,0.511525831574127,0.0104081828616754,"violation in reverse orientation",1,0.419655172413793,1,610,0.426279081372516,0.376891643477492,0.482493857467588,0.466980097198789,0.377084941451252,0.000193297973760109,"violation",1,60,0.321054517826778,0.501117648712452,0.386939558874797,0.471404520791032,0.511525831574127,0.0104081828616754,"violation"
392,50,"reverse",0.329560327676681,0.478395081610861,0.384187454245971,0.458257569495584,0.498584779184505,0.0201896975736432,"violation in reverse orientation",1,0.419655172413793,1,170,0.727620124888192,0.171986257207331,0.4845002419288,0.30768698424993,0.179021481158718,0.00703522395138745,"violation",1,50,0.329560327676681,0.478395081610861,0.384187454245971,0.458257569495584,0.498584779184505,0.0201896975736432,"violation at burn-in"
393,480,"forward",0.509597525126899,0.25530387353112,0.49682586235018,0.401554055791026,0.322321942413175,0.0670180688820552,"violation in forward orientation",1,0.419655172413793,1,480,0.509597525126899,0.25530387353112,0.49682586235018,0.401554055791026,0.322321942413175,0.0670180688820552,"violation",1,1380,0.476159312630073,0.34275330870732,0.495728445695277,0.460130662793842,0.344299990925422,0.00154668221810139,"violation"
394,550,"reverse",0.410402205599126,0.385763998264141,0.477254545108212,0.469217741838689,0.387520389996942,0.00175639173280101,"violation in reverse orientation",1,0.419655172413793,1,830,0.453360289287965,0.357675958942132,0.490383647109976,0.462344590061737,0.359285183124085,0.00160922418195325,"violation",1,550,0.410402205599126,0.385763998264141,0.477254545108212,0.469217741838689,0.387520389996942,0.00175639173280101,"violation"
395,330,"forward",0.477062755151605,0.3362289758243,0.489897948556636,0.442216638714053,0.343706182163421,0.00747720633912075,"violation in forward orientation",1,0.419655172413793,1,330,0.477062755151605,0.3362289758243,0.489897948556636,0.442216638714053,0.343706182163421,0.00747720633912075,"violation",1,1230,0.481706112619342,0.339327307237592,0.496167478478503,0.457901884431313,0.340654226688968,0.00132691945137631,"violation"
396,90,"reverse",0.433781791811234,0.369905994351297,0.458257569495584,0.429757324573638,0.372153609251269,0.00224761489997188,"violation in reverse orientation",1,0.419655172413793,1,530,0.432949595757767,0.370008818204624,0.483258342758298,0.463033629879548,0.372700589603061,0.0026917713984369,"violation",1,90,0.433781791811234,0.369905994351297,0.458257569495584,0.429757324573638,0.372153609251269,0.00224761489997188,"violation"
397,370,"reverse",0.436701583876654,0.368384400612262,0.481392246771807,0.458257569495584,0.370234507515027,0.00185010690276571,"violation in reverse orientation",1,0.419655172413793,1,430,0.441844721914659,0.366309579956362,0.483972430146841,0.459265526933291,0.36685405955253,0.000544479596168046,"violation",1,370,0.436701583876654,0.368384400612262,0.481392246771807,0.458257569495584,0.370234507515027,0.00185010690276571,"violation"
398,280,"forward",0.51989570248873,0.255791378496392,0.495850125480246,0.391735411538274,0.315553224089267,0.0597618455928741,"violation in forward orientation",1,0.419655172413793,1,280,0.51989570248873,0.255791378496392,0.495850125480246,0.391735411538274,0.315553224089267,0.0597618455928741,"violation",1,910,0.48798981687656,0.335407423818346,0.496198566857543,0.45381289290887,0.336524114859131,0.00111669104078521,"violation"
399,1400,"forward",0.404207461557548,0.389568372341632,0.481229293220042,0.476969600708473,0.391592030641001,0.00202365829936885,"violation in forward orientation",1,0.419655172413793,1,1400,0.404207461557548,0.389568372341632,0.481229293220042,0.476969600708473,0.391592030641001,0.00202365829936885,"violation",1,2930,0.417725352701543,0.382692661699864,0.48730711989456,0.47808183714514,0.382707080006329,1.44183064645365e-05,"violation"
400,550,"reverse",0.376243365058344,0.427365085927236,0.4657704893618,0.482061688038347,0.42755948669343,0.000194400766193648,"violation in reverse orientation",1,0.419655172413793,1,770,0.310944529744348,0.526332886535473,0.440604393311005,0.499255644281672,0.526907539811432,0.000574653275959069,"violation",1,550,0.376243365058344,0.427365085927236,0.4657704893618,0.482061688038347,0.42755948669343,0.000194400766193648,"violation"
