"trial","stopped_at_n","selected_direction","T1_","T2_","s1","s2","beta_allowed","margin","reason","violation","eps","fwd_violation","fwd_stopped_at_n","fwd_T1_","fwd_T2_","fwd_s1","fwd_s2","fwd_beta_allowed","fwd_margin","fwd_reason","rev_violation","rev_stopped_at_n","rev_T1_","rev_T2_","rev_s1","rev_s2","rev_beta_allowed","rev_margin","rev_reason"
1,80,"reverse",0.398537587753285,0.551467297585606,0.439992897669951,0.489897948556636,0.569003107009728,0.0175358094241217,"violation in reverse orientation",1,0.0782758620689655,1,130,0.543783283898899,0.411962137162469,0.494047406871736,0.458257569495584,0.421858592706401,0.00989645554393198,"violation",1,80,0.398537587753285,0.551467297585606,0.439992897669951,0.489897948556636,0.569003107009728,0.0175358094241217,"violation"
2,50,"forward",0.714489213358372,0.185611725055255,0.499599839871872,0.271293199325011,0.26400523231779,0.0783935072625357,"violation in forward orientation",1,0.0782758620689655,1,50,0.714489213358372,0.185611725055255,0.499599839871872,0.271293199325011,0.26400523231779,0.0783935072625357,"violation at burn-in",1,100,0.310945864384819,0.658571340202755,0.4,0.499599839871872,0.663726630878719,0.00515529067596487,"violation"
3,50,"forward",0.478395081610861,0.430755917550709,0.458257569495584,0.438634243989226,0.482643540892785,0.0518876233420756,"violation in forward orientation",1,0.0782758620689655,1,50,0.478395081610861,0.430755917550709,0.458257569495584,0.438634243989226,0.482643540892785,0.0518876233420756,"violation at burn-in",1,70,0.367154334451918,0.59189294941248,0.419912527334259,0.494871659305394,0.602941614312221,0.0110486648997409,"violation"
4,80,"reverse",0.243974143961777,0.715878168740764,0.344374432848898,0.496078370824611,0.736151251768452,0.0202730830276874,"violation in reverse orientation",1,0.0782758620689655,1,90,0.753429237782545,0.202857682846242,0.487498021521785,0.314269680527354,0.227997029624225,0.0251393467779828,"violation",1,80,0.243974143961777,0.715878168740764,0.344374432848898,0.496078370824611,0.736151251768452,0.0202730830276874,"violation"
5,50,"reverse",0.275078575707952,0.674489213358372,0.346987031457949,0.499599839871872,0.702514267934418,0.0280250545760453,"violation in reverse orientation",1,0.0782758620689655,1,80,0.691655263867034,0.276559731956136,0.498591766879478,0.368908864084343,0.285119997748403,0.00856026579226676,"violation",1,50,0.275078575707952,0.674489213358372,0.346987031457949,0.499599839871872,0.702514267934418,0.0280250545760453,"violation at burn-in"
6,50,"forward",0.654021127930363,0.275078575707952,0.498397431775085,0.346987031457949,0.319920633213943,0.0448420575059912,"violation in forward orientation",1,0.0782758620689655,1,50,0.654021127930363,0.275078575707952,0.498397431775085,0.346987031457949,0.319920633213943,0.0448420575059912,"violation at burn-in",1,50,0.216786995012799,0.734021127930363,0.3,0.498397431775084,0.765552003955563,0.0315308760252,"violation at burn-in"
7,50,"reverse",0.4062591846095,0.4062591846095,0.427083130081252,0.427083130081252,0.560652810474978,0.154393625865478,"violation in reverse orientation",1,0.0782758620689655,1,140,0.701852413931729,0.260284930688819,0.492598275701905,0.376883027379226,0.275690598258908,0.0154056675700888,"violation",1,50,0.4062591846095,0.4062591846095,0.427083130081252,0.427083130081252,0.560652810474978,0.154393625865478,"violation at burn-in"
8,70,"reverse",0.133747440669977,0.826440685532036,0.232115382989599,0.469693777793531,0.855352716915328,0.028912031383292,"violation in reverse orientation",1,0.0782758620689655,1,100,0.618571340202755,0.310945864384819,0.499599839871872,0.4,0.352701381578015,0.0417555171931962,"violation",1,70,0.133747440669977,0.826440685532036,0.232115382989599,0.469693777793531,0.855352716915328,0.028912031383292,"violation"
9,50,"reverse",0.216786995012799,0.694644991687999,0.3,0.5,0.765552003955563,0.0709070122675638,"violation in reverse orientation",1,0.0782758620689655,1,70,0.66501401703857,0.277251743648749,0.5,0.363935405795914,0.309755406431227,0.0325036627824781,"violation",1,50,0.216786995012799,0.694644991687999,0.3,0.5,0.765552003955563,0.0709070122675638,"violation at burn-in"
10,50,"reverse",0.430755917550709,0.501594493296846,0.438634243989226,0.466476151587624,0.534161530497442,0.0325670372005961,"violation in reverse orientation",1,0.0782758620689655,1,100,0.668432477215472,0.298810407487868,0.499099188538711,0.392300904918661,0.306594324516924,0.00778391702905606,"violation",1,50,0.430755917550709,0.501594493296846,0.438634243989226,0.466476151587624,0.534161530497442,0.0325670372005961,"violation at burn-in"
11,50,"reverse",0.216786995012799,0.714489213358372,0.3,0.499599839871872,0.765552003955563,0.0510627905971905,"violation in reverse orientation",1,0.0782758620689655,1,100,0.735880378407413,0.223278688067167,0.489897948556636,0.336303434416005,0.244224623077617,0.0209459350104497,"violation",1,50,0.216786995012799,0.714489213358372,0.3,0.499599839871872,0.765552003955563,0.0510627905971905,"violation at burn-in"
12,50,"reverse",0.185611725055255,0.674489213358372,0.271293199325011,0.499599839871872,0.799265593714762,0.12477638035639,"violation in reverse orientation",1,0.0782758620689655,1,50,0.772137383051339,0.185611725055255,0.493558507170123,0.271293199325011,0.210697433724607,0.0250857086693528,"violation at burn-in",1,50,0.185611725055255,0.674489213358372,0.271293199325011,0.499599839871872,0.799265593714762,0.12477638035639,"violation at burn-in"
13,50,"forward",0.612137383051339,0.185611725055255,0.493558507170123,0.271293199325011,0.358650921586163,0.173039196530908,"violation in forward orientation",1,0.0782758620689655,1,50,0.612137383051339,0.185611725055255,0.493558507170123,0.271293199325011,0.358650921586163,0.173039196530908,"violation at burn-in",1,50,0.246504271019468,0.654021127930363,0.324961536185438,0.498397431775084,0.733415119386027,0.0793939914556644,"violation at burn-in"
14,50,"forward",0.633238465893974,0.275078575707952,0.496386945839634,0.346987031457949,0.339138554059767,0.0640599783518144,"violation in forward orientation",1,0.0782758620689655,1,50,0.633238465893974,0.275078575707952,0.496386945839634,0.346987031457949,0.339138554059767,0.0640599783518144,"violation at burn-in",1,110,0.39067852237157,0.577086061449853,0.445361771415123,0.497015888466787,0.577502064886618,0.000416003436764179,"violation"
15,50,"forward",0.654021127930363,0.275078575707952,0.498397431775085,0.346987031457949,0.319920633213943,0.0448420575059912,"violation in forward orientation",1,0.0782758620689655,1,50,0.654021127930363,0.275078575707952,0.498397431775085,0.346987031457949,0.319920633213943,0.0448420575059912,"violation at burn-in",1,60,0.206777284463185,0.677962140771975,0.3,0.5,0.776376714552699,0.0984145737807243,"violation"
16,50,"reverse",0.216786995012799,0.633238465893974,0.3,0.496386945839634,0.765552003955563,0.132313538061589,"violation in reverse orientation",1,0.0782758620689655,1,50,0.546859192020479,0.302716065288689,0.48,0.366606055596467,0.419014271863092,0.116298206574403,"violation at burn-in",1,50,0.216786995012799,0.633238465893974,0.3,0.496386945839634,0.765552003955563,0.132313538061589,"violation at burn-in"
17,50,"reverse",0.329560327676681,0.633238465893974,0.384187454245971,0.496386945839634,0.643596560477913,0.0103580945839392,"violation in reverse orientation",1,0.0782758620689655,1,70,0.693315814683084,0.219286761535403,0.499183005990176,0.318157963590287,0.283584470967117,0.0642977094317133,"violation",1,50,0.329560327676681,0.633238465893974,0.384187454245971,0.496386945839634,0.643596560477913,0.0103580945839392,"violation at burn-in"
18,50,"reverse",0.185611725055255,0.633238465893974,0.271293199325011,0.496386945839634,0.799265593714762,0.166027127820789,"violation in reverse orientation",1,0.0782758620689655,1,90,0.554753840420317,0.382890080077361,0.492035329455212,0.436173031697567,0.411714017074362,0.0288239369970008,"violation",1,50,0.185611725055255,0.633238465893974,0.271293199325011,0.496386945839634,0.799265593714762,0.166027127820789,"violation at burn-in"
19,50,"reverse",0.275078575707952,0.674489213358372,0.346987031457949,0.499599839871872,0.702514267934418,0.0280250545760453,"violation in reverse orientation",1,0.0782758620689655,1,70,0.576856954805403,0.332011213630856,0.492598275701905,0.4,0.391275061662635,0.0592638480317788,"violation",1,50,0.275078575707952,0.674489213358372,0.346987031457949,0.499599839871872,0.702514267934418,0.0280250545760453,"violation at burn-in"
20,50,"forward",0.772137383051339,0.0745005976726398,0.493558507170123,0.14,0.210697433724607,0.136196836051968,"violation in forward orientation",1,0.0782758620689655,1,50,0.772137383051339,0.0745005976726398,0.493558507170123,0.14,0.210697433724607,0.136196836051968,"violation at burn-in",1,90,0.275464716989807,0.700619622653076,0.372677996249965,0.496903994999953,0.702096686666211,0.00147706401313497,"violation"
21,50,"reverse",0.275078575707952,0.61213738305134,0.346987031457949,0.493558507170123,0.702514267934418,0.090376884883078,"violation in reverse orientation",1,0.0782758620689655,1,60,0.627070094348715,0.34236971261758,0.49749371855331,0.4,0.344842504588185,0.00247279197060513,"violation",1,50,0.275078575707952,0.61213738305134,0.346987031457949,0.493558507170123,0.702514267934418,0.090376884883078,"violation at burn-in"
22,60,"reverse",0.230926430345563,0.677962140771975,0.321022671404304,0.5,0.750261322499245,0.0722991817272702,"violation in reverse orientation",1,0.0782758620689655,1,60,0.727070094348715,0.230926430345563,0.49749371855331,0.321022671404304,0.252371574674713,0.02144514432915,"violation",1,60,0.230926430345563,0.677962140771975,0.321022671404304,0.5,0.750261322499245,0.0722991817272702,"violation"
23,90,"reverse",0.155964483968887,0.763761939446244,0.267821573182088,0.484831649539365,0.831326741054915,0.0675648016086708,"violation in reverse orientation",1,0.0782758620689655,1,100,0.648654591240726,0.298810407487868,0.499899989998,0.392300904918661,0.324883119594999,0.0260727121071304,"violation",1,90,0.155964483968887,0.763761939446244,0.267821573182088,0.484831649539365,0.831326741054915,0.0675648016086708,"violation"
24,50,"forward",0.590712364249548,0.302716065288689,0.489897948556636,0.366606055596467,0.378462835706315,0.075746770417626,"violation in forward orientation",1,0.0782758620689655,1,50,0.590712364249548,0.302716065288689,0.489897948556636,0.366606055596467,0.378462835706315,0.075746770417626,"violation at burn-in",1,80,0.243974143961777,0.715878168740764,0.344374432848898,0.496078370824611,0.736151251768452,0.0202730830276874,"violation"
25,50,"forward",0.612137383051339,0.185611725055255,0.493558507170123,0.271293199325011,0.358650921586163,0.173039196530908,"violation in forward orientation",1,0.0782758620689655,1,50,0.612137383051339,0.185611725055255,0.493558507170123,0.271293199325011,0.358650921586163,0.173039196530908,"violation at burn-in",1,80,0.210195306156735,0.739705087131815,0.315980616494113,0.49228421668788,0.772680394318061,0.0329753071862459,"violation"
26,50,"forward",0.633238465893974,0.275078575707952,0.496386945839634,0.346987031457949,0.339138554059767,0.0640599783518144,"violation in forward orientation",1,0.0782758620689655,1,50,0.633238465893974,0.275078575707952,0.496386945839634,0.346987031457949,0.339138554059767,0.0640599783518144,"violation at burn-in",1,50,0.216786995012799,0.714489213358372,0.3,0.499599839871872,0.765552003955563,0.0510627905971905,"violation at burn-in"
27,70,"forward",0.721075689618868,0.219286761535403,0.496723961448963,0.318157963590287,0.25791465647118,0.0386278949357769,"violation in forward orientation",1,0.0782758620689655,1,70,0.721075689618868,0.219286761535403,0.496723961448963,0.318157963590287,0.25791465647118,0.0386278949357769,"violation",1,80,0.243974143961777,0.727841623971563,0.344374432848898,0.49434299833213,0.736151251768452,0.00830962779688871,"violation"
28,50,"forward",0.478395081610861,0.185611725055255,0.458257569495584,0.271293199325011,0.482643540892785,0.29703181583753,"violation in forward orientation",1,0.0782758620689655,1,50,0.478395081610861,0.185611725055255,0.458257569495584,0.271293199325011,0.482643540892785,0.29703181583753,"violation at burn-in",1,130,0.297728565431627,0.645107448506749,0.4,0.499467171715321,0.67802009474413,0.0329126462373808,"violation"
29,50,"reverse",0.246504271019468,0.674489213358372,0.324961536185438,0.499599839871872,0.733415119386027,0.0589259060276549,"violation in reverse orientation",1,0.0782758620689655,1,90,0.668045886935067,0.303158498150334,0.499505928733089,0.391420332306856,0.30695180814417,0.00379330999383637,"violation",1,50,0.246504271019468,0.674489213358372,0.324961536185438,0.499599839871872,0.733415119386027,0.0589259060276549,"violation at burn-in"
30,50,"reverse",0.302716065288689,0.524410079701748,0.366606055596467,0.47370877129308,0.672626507957744,0.148216428255996,"violation in reverse orientation",1,0.0782758620689655,1,50,0.826859192020479,0.116284945699819,0.48,0.195959179422654,0.16009566810537,0.043810722405551,"violation at burn-in",1,50,0.302716065288689,0.524410079701748,0.366606055596467,0.47370877129308,0.672626507957744,0.148216428255996,"violation at burn-in"
31,50,"forward",0.546859192020479,0.302716065288689,0.48,0.366606055596467,0.419014271863092,0.116298206574403,"violation in forward orientation",1,0.0782758620689655,1,50,0.546859192020479,0.302716065288689,0.48,0.366606055596467,0.419014271863092,0.116298206574403,"violation at burn-in",1,90,0.202857682846242,0.763761939446244,0.314269680527354,0.484831649539365,0.780615453819851,0.0168535143736074,"violation"
32,60,"reverse",0.206777284463185,0.710899562289484,0.3,0.498887651569859,0.776376714552699,0.0654771522632154,"violation in reverse orientation",1,0.0782758620689655,1,90,0.689834539323383,0.275464716989807,0.498020774022555,0.372677996249965,0.28680363866508,0.0113389216752729,"violation",1,60,0.206777284463185,0.710899562289484,0.3,0.498887651569859,0.776376714552699,0.0654771522632154,"violation"
33,90,"reverse",0.247071505072811,0.657042967008405,0.351539822656808,0.499876527964533,0.732801700602553,0.075758733594148,"violation in reverse orientation",1,0.0782758620689655,1,130,0.667792991566671,0.297728565431627,0.497865265393366,0.4,0.307185662843034,0.00945709741140643,"violation",1,90,0.247071505072811,0.657042967008405,0.351539822656808,0.499876527964533,0.732801700602553,0.075758733594148,"violation"
34,50,"reverse",0.275078575707952,0.546859192020479,0.346987031457949,0.48,0.702514267934418,0.155655075913939,"violation in reverse orientation",1,0.0782758620689655,1,70,0.606789975333154,0.332011213630856,0.496723961448963,0.4,0.363595719229434,0.0315845055985776,"violation",1,50,0.275078575707952,0.546859192020479,0.346987031457949,0.48,0.702514267934418,0.155655075913939,"violation at burn-in"
35,50,"reverse",0.152451248673278,0.61213738305134,0.237486841740758,0.493558507170123,0.835126027272645,0.222988644221305,"violation in reverse orientation",1,0.0782758620689655,1,50,0.546859192020479,0.355715993350399,0.48,0.4,0.419014271863092,0.0632982785126925,"violation at burn-in",1,50,0.152451248673278,0.61213738305134,0.237486841740758,0.493558507170123,0.835126027272645,0.222988644221305,"violation at burn-in"
36,60,"forward",0.644232895622817,0.299311814729174,0.498887651569859,0.372677996249965,0.328971902650822,0.0296600879216471,"violation in forward orientation",1,0.0782758620689655,1,60,0.644232895622817,0.299311814729174,0.498887651569859,0.372677996249965,0.328971902650822,0.0296600879216471,"violation",1,90,0.261362863693741,0.668045886935067,0.362433476228891,0.499505928733089,0.717346726121056,0.0493008391859886,"violation"
37,50,"forward",0.633238465893974,0.185611725055255,0.496386945839634,0.271293199325011,0.339138554059767,0.153526829004512,"violation in forward orientation",1,0.0782758620689655,1,50,0.633238465893974,0.185611725055255,0.496386945839634,0.271293199325011,0.339138554059767,0.153526829004512,"violation at burn-in",1,110,0.338260821129089,0.604951973890729,0.419070202604222,0.499255644281672,0.634187664665414,0.0292356907746848,"violation"
38,50,"reverse",0.246504271019468,0.590712364249548,0.324961536185438,0.489897948556636,0.733415119386027,0.142702755136479,"violation in reverse orientation",1,0.0782758620689655,1,50,0.654021127930363,0.302716065288689,0.498397431775085,0.366606055596467,0.319920633213943,0.0172045679252543,"violation at burn-in",1,50,0.246504271019468,0.590712364249548,0.324961536185438,0.489897948556636,0.733415119386027,0.142702755136479,"violation at burn-in"
39,50,"reverse",0.329560327676681,0.546859192020479,0.384187454245971,0.48,0.643596560477913,0.0967373684574337,"violation in reverse orientation",1,0.0782758620689655,1,60,0.644232895622817,0.321054517826778,0.498887651569859,0.386939558874797,0.328971902650822,0.00791738482404319,"violation",1,50,0.329560327676681,0.546859192020479,0.384187454245971,0.48,0.643596560477913,0.0967373684574337,"violation at burn-in"
40,50,"forward",0.790712364249548,0.152451248673278,0.489897948556636,0.237486841740758,0.193520975879371,0.041069727206093,"violation in forward orientation",1,0.0782758620689655,1,50,0.790712364249548,0.152451248673278,0.489897948556636,0.237486841740758,0.193520975879371,0.041069727206093,"violation at burn-in",1,90,0.232572423955049,0.700619622653076,0.339934634239519,0.496903994999953,0.748481310541946,0.0478616878888699,"violation"
41,90,"reverse",0.330249254092939,0.634820744786183,0.408097059382377,0.499876527964533,0.642851541024877,0.00803079623869485,"violation in reverse orientation",1,0.0782758620689655,1,90,0.623601442490623,0.343591528449175,0.499505928733089,0.415739709641549,0.348049999216824,0.00445847076764955,"violation",1,90,0.330249254092939,0.634820744786183,0.408097059382377,0.499876527964533,0.642851541024877,0.00803079623869485,"violation"
42,60,"reverse",0.321054517826778,0.592139703863035,0.386939558874797,0.493006648591635,0.652794921365883,0.0606552175028475,"violation in reverse orientation",1,0.0782758620689655,1,60,0.848900834988849,0.12757189874012,0.465176191231762,0.217944947177034,0.139713555884311,0.0121416571441909,"violation",1,60,0.321054517826778,0.592139703863035,0.386939558874797,0.493006648591635,0.652794921365883,0.0606552175028475,"violation"
43,60,"forward",0.694529912104096,0.277090389131333,0.499722145018832,0.357071421427142,0.282461783791851,0.005371394660518,"violation in forward orientation",1,0.0782758620689655,1,60,0.694529912104096,0.277090389131333,0.499722145018832,0.357071421427142,0.282461783791851,0.005371394660518,"violation",1,80,0.243974143961777,0.727841623971563,0.344374432848898,0.49434299833213,0.736151251768452,0.00830962779688871,"violation"
44,60,"forward",0.694529912104096,0.277090389131333,0.499722145018832,0.357071421427142,0.282461783791851,0.005371394660518,"violation in forward orientation",1,0.0782758620689655,1,60,0.694529912104096,0.277090389131333,0.499722145018832,0.357071421427142,0.282461783791851,0.005371394660518,"violation",1,110,0.238827444645879,0.738322459515152,0.352558535084824,0.487954069102532,0.741717000183347,0.00339454066819445,"violation"
45,50,"forward",0.654021127930363,0.302716065288689,0.498397431775085,0.366606055596467,0.319920633213943,0.0172045679252543,"violation in forward orientation",1,0.0782758620689655,1,50,0.654021127930363,0.302716065288689,0.498397431775085,0.366606055596467,0.319920633213943,0.0172045679252543,"violation at burn-in",1,70,0.314054244758118,0.650660936341786,0.388875931109034,0.499795876701026,0.660365163251858,0.00970422691007156,"violation"
46,50,"reverse",0.275078575707952,0.654021127930363,0.346987031457949,0.498397431775084,0.702514267934418,0.0484931400040548,"violation in reverse orientation",1,0.0782758620689655,1,70,0.77493133917732,0.199008410223142,0.486763572497166,0.3,0.208113836513539,0.00910542629039687,"violation",1,50,0.275078575707952,0.654021127930363,0.346987031457949,0.498397431775084,0.702514267934418,0.0484931400040548,"violation at burn-in"
47,50,"reverse",0.185611725055255,0.714489213358372,0.271293199325011,0.499599839871872,0.799265593714762,0.0847763803563899,"violation in reverse orientation",1,0.0782758620689655,1,110,0.755332698316426,0.203679525475721,0.483530405344444,0.322823289173904,0.226236881968009,0.0225573564922879,"violation",1,50,0.185611725055255,0.714489213358372,0.271293199325011,0.499599839871872,0.799265593714762,0.0847763803563899,"violation at burn-in"
48,50,"forward",0.654021127930363,0.216786995012799,0.498397431775085,0.3,0.319920633213943,0.103133638201144,"violation in forward orientation",1,0.0782758620689655,1,50,0.654021127930363,0.216786995012799,0.498397431775085,0.3,0.319920633213943,0.103133638201144,"violation at burn-in",1,100,0.286560022992805,0.658571340202755,0.384187454245971,0.499599839871872,0.690097990412826,0.0315266502100712,"violation"
49,50,"reverse",0.355715993350399,0.546859192020479,0.4,0.48,0.615311275904487,0.0684520838840084,"violation in reverse orientation",1,0.0782758620689655,1,50,0.633238465893974,0.329560327676681,0.496386945839634,0.384187454245971,0.339138554059767,0.00957822638308542,"violation at burn-in",1,50,0.355715993350399,0.546859192020479,0.4,0.48,0.615311275904487,0.0684520838840084,"violation at burn-in"
50,50,"reverse",0.246504271019468,0.674489213358372,0.324961536185438,0.499599839871872,0.733415119386027,0.0589259060276549,"violation in reverse orientation",1,0.0782758620689655,1,160,0.666123923094054,0.28115698818386,0.49682586235018,0.395235293844059,0.308729065980555,0.0275720777966956,"violation",1,50,0.246504271019468,0.674489213358372,0.324961536185438,0.499599839871872,0.733415119386027,0.0589259060276549,"violation at burn-in"
51,80,"forward",0.667042346118264,0.243974143961777,0.499843725578305,0.344374432848898,0.307879791669529,0.0639056477077525,"violation in forward orientation",1,0.0782758620689655,1,80,0.667042346118264,0.243974143961777,0.499843725578305,0.344374432848898,0.307879791669529,0.0639056477077525,"violation",1,100,0.261683564317147,0.697680196938796,0.366606055596467,0.496386945839634,0.716999913751259,0.0193197168124626,"violation"
52,50,"reverse",0.275078575707952,0.674489213358372,0.346987031457949,0.499599839871872,0.702514267934418,0.0280250545760453,"violation in reverse orientation",1,0.0782758620689655,1,120,0.700531010507825,0.25103315076085,0.49434299833213,0.365053268563492,0.2769125122929,0.0258793615320503,"violation",1,50,0.275078575707952,0.674489213358372,0.346987031457949,0.499599839871872,0.702514267934418,0.0280250545760453,"violation at burn-in"
53,50,"reverse",0.185611725055255,0.753238465893974,0.271293199325011,0.496386945839634,0.799265593714762,0.0460271278207885,"violation in reverse orientation",1,0.0782758620689655,1,80,0.763126767493411,0.192754397950757,0.487179381747627,0.3,0.219029633721952,0.0262752357711948,"violation",1,50,0.185611725055255,0.753238465893974,0.271293199325011,0.496386945839634,0.799265593714762,0.0460271278207885,"violation at burn-in"
54,50,"forward",0.714489213358372,0.185611725055255,0.499599839871872,0.271293199325011,0.26400523231779,0.0783935072625357,"violation in forward orientation",1,0.0782758620689655,1,50,0.714489213358372,0.185611725055255,0.499599839871872,0.271293199325011,0.26400523231779,0.0783935072625357,"violation at burn-in",1,50,0.302716065288689,0.61213738305134,0.366606055596467,0.493558507170123,0.672626507957744,0.060489124906404,"violation at burn-in"
55,50,"reverse",0.216786995012799,0.674489213358372,0.3,0.499599839871872,0.765552003955563,0.0910627905971906,"violation in reverse orientation",1,0.0782758620689655,1,100,0.587987176577287,0.358457767577596,0.49749371855331,0.427083130081252,0.380982842088743,0.0225250745111465,"violation",1,50,0.216786995012799,0.674489213358372,0.3,0.499599839871872,0.765552003955563,0.0910627905971906,"violation at burn-in"
56,50,"forward",0.612137383051339,0.185611725055255,0.493558507170123,0.271293199325011,0.358650921586163,0.173039196530908,"violation in forward orientation",1,0.0782758620689655,1,50,0.612137383051339,0.185611725055255,0.493558507170123,0.271293199325011,0.358650921586163,0.173039196530908,"violation at burn-in",1,50,0.216786995012799,0.753238465893974,0.3,0.496386945839634,0.765552003955563,0.0123135380615892,"violation at burn-in"
57,70,"reverse",0.349704765490709,0.606789975333154,0.410325903324145,0.496723961448963,0.621811943590338,0.0150219682571845,"violation in reverse orientation",1,0.0782758620689655,1,100,0.844536423902243,0.140768765711318,0.448998886412873,0.255147016443461,0.143749367401343,0.00298060169002434,"violation",1,70,0.349704765490709,0.606789975333154,0.410325903324145,0.496723961448963,0.621811943590338,0.0150219682571845,"violation"
58,50,"forward",0.80895608070809,0.0745005976726398,0.485386443980464,0.14,0.176650841619381,0.102150243946741,"violation in forward orientation",1,0.0782758620689655,1,50,0.80895608070809,0.0745005976726398,0.485386443980464,0.14,0.176650841619381,0.102150243946741,"violation at burn-in",1,50,0.302716065288689,0.633238465893974,0.366606055596467,0.496386945839634,0.672626507957744,0.03938804206377,"violation at burn-in"
59,50,"forward",0.654021127930363,0.246504271019468,0.498397431775085,0.324961536185438,0.319920633213943,0.0734163621944752,"violation in forward orientation",1,0.0782758620689655,1,50,0.654021127930363,0.246504271019468,0.498397431775085,0.324961536185438,0.319920633213943,0.0734163621944752,"violation at burn-in",1,50,0.216786995012799,0.753238465893974,0.3,0.496386945839634,0.765552003955563,0.0123135380615892,"violation at burn-in"
60,50,"reverse",0.246504271019468,0.674489213358372,0.324961536185438,0.499599839871872,0.733415119386027,0.0589259060276549,"violation in reverse orientation",1,0.0782758620689655,1,50,0.826859192020479,0.152451248673278,0.48,0.237486841740758,0.16009566810537,0.00764441943209221,"violation at burn-in",1,50,0.246504271019468,0.674489213358372,0.324961536185438,0.499599839871872,0.733415119386027,0.0589259060276549,"violation at burn-in"
61,80,"forward",0.538126767493411,0.413053876615838,0.487179381747627,0.446514277487294,0.427089226027264,0.0140353494114261,"violation in forward orientation",1,0.0782758620689655,1,80,0.538126767493411,0.413053876615838,0.487179381747627,0.446514277487294,0.427089226027264,0.0140353494114261,"violation",1,80,0.308177297821902,0.654590663251262,0.3903123748999,0.5,0.666720616735148,0.0121299534838857,"violation"
62,50,"reverse",0.152451248673278,0.714489213358372,0.237486841740758,0.499599839871872,0.835126027272645,0.120636813914272,"violation in reverse orientation",1,0.0782758620689655,1,90,0.721968833534088,0.232572423955049,0.493913572686508,0.339934634239519,0.25708875798731,0.0245163340322616,"violation",1,50,0.152451248673278,0.714489213358372,0.237486841740758,0.499599839871872,0.835126027272645,0.120636813914272,"violation at burn-in"
63,50,"reverse",0.152451248673278,0.694644991687999,0.237486841740758,0.5,0.835126027272645,0.140481035584646,"violation in reverse orientation",1,0.0782758620689655,1,80,0.590878168740764,0.369072457693506,0.496078370824611,0.42555111326373,0.378309514751449,0.00923705705794331,"violation",1,50,0.152451248673278,0.694644991687999,0.237486841740758,0.5,0.835126027272645,0.140481035584646,"violation at burn-in"
64,50,"reverse",0.302716065288689,0.633238465893974,0.366606055596467,0.496386945839634,0.672626507957744,0.03938804206377,"violation in reverse orientation",1,0.0782758620689655,1,100,0.697680196938796,0.274187264057314,0.496386945839634,0.375632799419859,0.279548686110281,0.00536142205296725,"violation",1,50,0.302716065288689,0.633238465893974,0.366606055596467,0.496386945839634,0.672626507957744,0.03938804206377,"violation at burn-in"
65,50,"forward",0.714489213358372,0.216786995012799,0.499599839871872,0.3,0.26400523231779,0.047218237304991,"violation in forward orientation",1,0.0782758620689655,1,50,0.714489213358372,0.216786995012799,0.499599839871872,0.3,0.26400523231779,0.047218237304991,"violation at burn-in",1,50,0.275078575707952,0.694644991687999,0.346987031457949,0.5,0.702514267934418,0.00786927624641853,"violation at burn-in"
66,50,"forward",0.674489213358372,0.216786995012799,0.499599839871872,0.3,0.300993604283179,0.0842066092703798,"violation in forward orientation",1,0.0782758620689655,1,50,0.674489213358372,0.216786995012799,0.499599839871872,0.3,0.300993604283179,0.0842066092703798,"violation at burn-in",1,50,0.275078575707952,0.654021127930363,0.346987031457949,0.498397431775084,0.702514267934418,0.0484931400040548,"violation at burn-in"
67,50,"reverse",0.329560327676681,0.633238465893974,0.384187454245971,0.496386945839634,0.643596560477913,0.0103580945839392,"violation in reverse orientation",1,0.0782758620689655,1,70,0.679232364913215,0.277251743648749,0.499795876701026,0.363935405795914,0.296607567933211,0.019355824284462,"violation",1,50,0.329560327676681,0.633238465893974,0.384187454245971,0.496386945839634,0.643596560477913,0.0103580945839392,"violation at burn-in"
68,50,"reverse",0.216786995012799,0.654021127930363,0.3,0.498397431775084,0.765552003955563,0.1115308760252,"violation in reverse orientation",1,0.0782758620689655,1,70,0.77493133917732,0.178102889634612,0.486763572497166,0.279941684889506,0.208113836513539,0.0300109468789272,"violation",1,50,0.216786995012799,0.654021127930363,0.3,0.498397431775084,0.765552003955563,0.1115308760252,"violation at burn-in"
69,50,"forward",0.590712364249548,0.185611725055255,0.489897948556636,0.271293199325011,0.378462835706315,0.19285111065106,"violation in forward orientation",1,0.0782758620689655,1,50,0.590712364249548,0.185611725055255,0.489897948556636,0.271293199325011,0.378462835706315,0.19285111065106,"violation at burn-in",1,50,0.302716065288689,0.524410079701748,0.366606055596467,0.47370877129308,0.672626507957744,0.148216428255996,"violation at burn-in"
70,50,"reverse",0.185611725055255,0.694644991687999,0.271293199325011,0.5,0.799265593714762,0.104620602026763,"violation in reverse orientation",1,0.0782758620689655,1,50,0.654021127930363,0.246504271019468,0.498397431775085,0.324961536185438,0.319920633213943,0.0734163621944752,"violation at burn-in",1,50,0.185611725055255,0.694644991687999,0.271293199325011,0.5,0.799265593714762,0.104620602026763,"violation at burn-in"
71,50,"forward",0.80895608070809,0.116284945699819,0.485386443980464,0.195959179422654,0.176650841619381,0.0603658959195615,"violation in forward orientation",1,0.0782758620689655,1,50,0.80895608070809,0.116284945699819,0.485386443980464,0.195959179422654,0.176650841619381,0.0603658959195615,"violation at burn-in",1,150,0.251670745641206,0.705373739899249,0.372677996249965,0.491211653861031,0.727827985541291,0.0224542456420418,"violation"
72,60,"reverse",0.321054517826778,0.644232895622817,0.386939558874797,0.498887651569859,0.652794921365883,0.00856202574306519,"violation in reverse orientation",1,0.0782758620689655,1,120,0.668192560636227,0.301574017175407,0.498260864295892,0.4,0.306816177608769,0.00524216043336179,"violation",1,60,0.321054517826778,0.644232895622817,0.386939558874797,0.498887651569859,0.652794921365883,0.00856202574306519,"violation"
73,50,"forward",0.674489213358372,0.152451248673278,0.499599839871872,0.237486841740758,0.300993604283179,0.148542355609901,"violation in forward orientation",1,0.0782758620689655,1,50,0.674489213358372,0.152451248673278,0.499599839871872,0.237486841740758,0.300993604283179,0.148542355609901,"violation at burn-in",1,50,0.355715993350399,0.524410079701748,0.4,0.47370877129308,0.615311275904487,0.0909011962027396,"violation at burn-in"
74,50,"reverse",0.185611725055255,0.753238465893974,0.271293199325011,0.496386945839634,0.799265593714762,0.0460271278207885,"violation in reverse orientation",1,0.0782758620689655,1,70,0.636172957540227,0.295810536031579,0.499183005990176,0.376883027379226,0.336425002346243,0.0406144663146648,"violation",1,50,0.185611725055255,0.753238465893974,0.271293199325011,0.496386945839634,0.799265593714762,0.0460271278207885,"violation at burn-in"
75,70,"reverse",0.219286761535403,0.721075689618868,0.318157963590287,0.496723961448963,0.762848704091549,0.0417730144726807,"violation in reverse orientation",1,0.0782758620689655,1,80,0.551467297585606,0.413053876615838,0.489897948556636,0.446514277487294,0.414753113795624,0.00169923717978676,"violation",1,70,0.219286761535403,0.721075689618868,0.318157963590287,0.496723961448963,0.762848704091549,0.0417730144726807,"violation"
76,50,"reverse",0.216786995012799,0.694644991687999,0.3,0.5,0.765552003955563,0.0709070122675638,"violation in reverse orientation",1,0.0782758620689655,1,160,0.726162040908508,0.158211452090848,0.485693769262073,0.291480595409025,0.253211260134984,0.0949998080441359,"violation",1,50,0.216786995012799,0.694644991687999,0.3,0.5,0.765552003955563,0.0709070122675638,"violation at burn-in"
77,100,"forward",0.678237834688651,0.261683564317147,0.498397431775084,0.366606055596467,0.297527219280136,0.0358436549629884,"violation in forward orientation",1,0.0782758620689655,1,100,0.678237834688651,0.261683564317147,0.498397431775084,0.366606055596467,0.297527219280136,0.0358436549629884,"violation",1,100,0.274187264057314,0.678237834688651,0.375632799419859,0.498397431775084,0.703478151017969,0.0252403163293178,"violation"
78,50,"forward",0.546859192020479,0.275078575707952,0.48,0.346987031457949,0.419014271863092,0.14393569615514,"violation in forward orientation",1,0.0782758620689655,1,50,0.546859192020479,0.275078575707952,0.48,0.346987031457949,0.419014271863092,0.14393569615514,"violation at burn-in",1,70,0.239040057693904,0.721075689618868,0.334724986110285,0.496723961448963,0.741487075980979,0.0204113863621114,"violation"
79,50,"reverse",0.246504271019468,0.694644991687999,0.324961536185438,0.5,0.733415119386027,0.0387701276980281,"violation in reverse orientation",1,0.0782758620689655,1,90,0.645967901805191,0.289392299544533,0.5,0.382325567424117,0.327367526299924,0.0379752267553918,"violation",1,50,0.246504271019468,0.694644991687999,0.324961536185438,0.5,0.733415119386027,0.0387701276980281,"violation at burn-in"
80,50,"reverse",0.216786995012799,0.694644991687999,0.3,0.5,0.765552003955563,0.0709070122675638,"violation in reverse orientation",1,0.0782758620689655,1,50,0.654021127930363,0.302716065288689,0.498397431775085,0.366606055596467,0.319920633213943,0.0172045679252543,"violation at burn-in",1,50,0.216786995012799,0.694644991687999,0.3,0.5,0.765552003955563,0.0709070122675638,"violation at burn-in"
81,50,"forward",0.546859192020479,0.275078575707952,0.48,0.346987031457949,0.419014271863092,0.14393569615514,"violation in forward orientation",1,0.0782758620689655,1,50,0.546859192020479,0.275078575707952,0.48,0.346987031457949,0.419014271863092,0.14393569615514,"violation at burn-in",1,50,0.216786995012799,0.694644991687999,0.3,0.5,0.765552003955563,0.0709070122675638,"violation at burn-in"
82,50,"forward",0.590712364249548,0.302716065288689,0.489897948556636,0.366606055596467,0.378462835706315,0.075746770417626,"violation in forward orientation",1,0.0782758620689655,1,50,0.590712364249548,0.302716065288689,0.489897948556636,0.366606055596467,0.378462835706315,0.075746770417626,"violation at burn-in",1,90,0.303158498150334,0.668045886935067,0.391420332306856,0.499505928733089,0.672148051796376,0.00410216486130932,"violation"
83,60,"forward",0.758806370529702,0.181705607971508,0.493006648591635,0.276385399196283,0.223024744970247,0.0413191369987388,"violation in forward orientation",1,0.0782758620689655,1,60,0.758806370529702,0.181705607971508,0.493006648591635,0.276385399196283,0.223024744970247,0.0413191369987388,"violation",1,160,0.205927109800452,0.708341802636892,0.337673566481002,0.489897948556636,0.777296111236099,0.0689543085992073,"violation"
84,50,"forward",0.694644991687999,0.152451248673278,0.5,0.237486841740758,0.282355368630475,0.129904119957197,"violation in forward orientation",1,0.0782758620689655,1,50,0.694644991687999,0.152451248673278,0.5,0.237486841740758,0.282355368630475,0.129904119957197,"violation at burn-in",1,50,0.216786995012799,0.753238465893974,0.3,0.496386945839634,0.765552003955563,0.0123135380615892,"violation at burn-in"
85,50,"reverse",0.116284945699819,0.674489213358372,0.195959179422654,0.499599839871872,0.8742370246502,0.199747811291828,"violation in reverse orientation",1,0.0782758620689655,1,100,0.658571340202755,0.298810407487868,0.499599839871872,0.392300904918661,0.315713009612626,0.0169026021247576,"violation",1,50,0.116284945699819,0.674489213358372,0.195959179422654,0.499599839871872,0.8742370246502,0.199747811291828,"violation at burn-in"
86,50,"forward",0.674489213358372,0.216786995012799,0.499599839871872,0.3,0.300993604283179,0.0842066092703798,"violation in forward orientation",1,0.0782758620689655,1,50,0.674489213358372,0.216786995012799,0.499599839871872,0.3,0.300993604283179,0.0842066092703798,"violation at burn-in",1,50,0.275078575707952,0.694644991687999,0.346987031457949,0.5,0.702514267934418,0.00786927624641853,"violation at burn-in"
87,50,"forward",0.478395081610861,0.329560327676681,0.458257569495584,0.384187454245971,0.482643540892785,0.153083213216104,"violation in forward orientation",1,0.0782758620689655,1,50,0.478395081610861,0.329560327676681,0.458257569495584,0.384187454245971,0.482643540892785,0.153083213216104,"violation at burn-in",1,60,0.277090389131333,0.661196578770763,0.357071421427142,0.499722145018832,0.700338650769906,0.0391420719991435,"violation"
88,80,"forward",0.629397303997039,0.32367253060101,0.499374608885954,0.4,0.342690512185344,0.0190179815843349,"violation in forward orientation",1,0.0782758620689655,1,80,0.629397303997039,0.32367253060101,0.499374608885954,0.4,0.342690512185344,0.0190179815843349,"violation",1,90,0.232572423955049,0.732531618198095,0.339934634239519,0.492035329455212,0.748481310541946,0.0159496923438509,"violation"
89,50,"forward",0.590712364249548,0.302716065288689,0.489897948556636,0.366606055596467,0.378462835706315,0.075746770417626,"violation in forward orientation",1,0.0782758620689655,1,50,0.590712364249548,0.302716065288689,0.489897948556636,0.366606055596467,0.378462835706315,0.075746770417626,"violation at burn-in",1,90,0.303158498150334,0.657042967008405,0.391420332306856,0.499876527964533,0.672148051796376,0.0151050847879716,"violation"
90,120,"forward",0.80893514765653,0.153517271545821,0.46180503341658,0.276385399196283,0.176670198606818,0.0231529270609966,"violation in forward orientation",1,0.0782758620689655,1,120,0.80893514765653,0.153517271545821,0.46180503341658,0.276385399196283,0.176670198606818,0.0231529270609966,"violation",1,160,0.251578187192657,0.641609709427252,0.374530956664466,0.499022481958478,0.727928080185776,0.0863183707585236,"violation"
91,50,"reverse",0.302716065288689,0.546859192020479,0.366606055596467,0.48,0.672626507957744,0.125767315937265,"violation in reverse orientation",1,0.0782758620689655,1,70,0.66501401703857,0.277251743648749,0.5,0.363935405795914,0.309755406431227,0.0325036627824781,"violation",1,50,0.302716065288689,0.546859192020479,0.366606055596467,0.48,0.672626507957744,0.125767315937265,"violation at burn-in"
92,60,"reverse",0.424062306087747,0.53818458826428,0.442216638714053,0.481894409826699,0.541400142101355,0.00321555383707417,"violation in reverse orientation",1,0.0782758620689655,1,80,0.642042346118264,0.308177297821902,0.499843725578305,0.3903123748999,0.330997524147897,0.0228202263259955,"violation",1,60,0.424062306087747,0.53818458826428,0.442216638714053,0.481894409826699,0.541400142101355,0.00321555383707417,"violation"
93,50,"forward",0.454790769027509,0.329560327676681,0.448998886412873,0.384187454245971,0.508169738807567,0.178609411130886,"violation in forward orientation",1,0.0782758620689655,1,50,0.454790769027509,0.329560327676681,0.448998886412873,0.384187454245971,0.508169738807567,0.178609411130886,"violation at burn-in",1,50,0.355715993350399,0.61213738305134,0.4,0.493558507170123,0.615311275904487,0.00317389285314784,"violation at burn-in"
94,50,"reverse",0.355715993350399,0.56895608070809,0.4,0.485386443980464,0.615311275904487,0.0463551951963977,"violation in reverse orientation",1,0.0782758620689655,1,90,0.678976500805676,0.261362863693741,0.498887651569859,0.362433476228891,0.296844167852767,0.0354813041590255,"violation",1,50,0.355715993350399,0.56895608070809,0.4,0.485386443980464,0.615311275904487,0.0463551951963977,"violation at burn-in"
95,50,"reverse",0.275078575707952,0.654021127930363,0.346987031457949,0.498397431775084,0.702514267934418,0.0484931400040548,"violation in reverse orientation",1,0.0782758620689655,1,50,0.714489213358372,0.246504271019468,0.499599839871872,0.324961536185438,0.26400523231779,0.0175009612983223,"violation at burn-in",1,50,0.275078575707952,0.654021127930363,0.346987031457949,0.498397431775084,0.702514267934418,0.0484931400040548,"violation at burn-in"
96,60,"forward",0.627070094348715,0.34236971261758,0.49749371855331,0.4,0.344842504588185,0.00247279197060513,"violation in forward orientation",1,0.0782758620689655,1,60,0.627070094348715,0.34236971261758,0.49749371855331,0.4,0.344842504588185,0.00247279197060513,"violation",1,80,0.338978878076396,0.629397303997039,0.409076704298839,0.499374608885954,0.633411142846093,0.00401383884905415,"violation"
97,100,"reverse",0.261683564317147,0.697680196938796,0.366606055596467,0.496386945839634,0.716999913751259,0.0193197168124626,"violation in reverse orientation",1,0.0782758620689655,1,130,0.567604099510956,0.386251568800868,0.497092136043185,0.447478140684584,0.399831262996959,0.0135796941960908,"violation",1,100,0.261683564317147,0.697680196938796,0.366606055596467,0.496386945839634,0.716999913751259,0.0193197168124626,"violation"
98,60,"forward",0.74303982794241,0.206777284463185,0.495535624910617,0.3,0.237604213515919,0.030826929052734,"violation in forward orientation",1,0.0782758620689655,1,60,0.74303982794241,0.206777284463185,0.495535624910617,0.3,0.237604213515919,0.030826929052734,"violation",1,110,0.238827444645879,0.738322459515152,0.352558535084824,0.487954069102532,0.741717000183347,0.00339454066819445,"violation"
99,50,"forward",0.56895608070809,0.329560327676681,0.485386443980464,0.384187454245971,0.398581073411713,0.0690207457350323,"violation in forward orientation",1,0.0782758620689655,1,50,0.56895608070809,0.329560327676681,0.485386443980464,0.384187454245971,0.398581073411713,0.0690207457350323,"violation at burn-in",1,80,0.210195306156735,0.763126767493411,0.315980616494113,0.487179381747627,0.772680394318061,0.00955362682464989,"violation"
100,50,"forward",0.546859192020479,0.246504271019468,0.48,0.324961536185438,0.419014271863092,0.172510000843624,"violation in forward orientation",1,0.0782758620689655,1,50,0.546859192020479,0.246504271019468,0.48,0.324961536185438,0.419014271863092,0.172510000843624,"violation at burn-in",1,100,0.274187264057314,0.697680196938796,0.375632799419859,0.496386945839634,0.703478151017969,0.00579795407917283,"violation"
101,50,"reverse",0.302716065288689,0.546859192020479,0.366606055596467,0.48,0.672626507957744,0.125767315937265,"violation in reverse orientation",1,0.0782758620689655,1,80,0.739705087131815,0.227252112493843,0.49228421668788,0.330718913883074,0.240687879353681,0.013435766859838,"violation",1,50,0.302716065288689,0.546859192020479,0.366606055596467,0.48,0.672626507957744,0.125767315937265,"violation at burn-in"
102,50,"forward",0.612137383051339,0.302716065288689,0.493558507170123,0.366606055596467,0.358650921586163,0.0559348562974735,"violation in forward orientation",1,0.0782758620689655,1,50,0.612137383051339,0.302716065288689,0.493558507170123,0.366606055596467,0.358650921586163,0.0559348562974735,"violation at burn-in",1,70,0.277251743648749,0.693315814683084,0.363935405795914,0.499183005990176,0.700164158615921,0.00684834393283729,"violation"
103,50,"forward",0.654021127930363,0.116284945699819,0.498397431775085,0.195959179422654,0.319920633213943,0.203635687514124,"violation in forward orientation",1,0.0782758620689655,1,50,0.654021127930363,0.116284945699819,0.498397431775085,0.195959179422654,0.319920633213943,0.203635687514124,"violation at burn-in",1,70,0.219286761535403,0.761680056860571,0.318157963590287,0.489897948556636,0.762848704091549,0.00116864723097798,"violation"
104,50,"forward",0.501594493296846,0.302716065288689,0.466476151587624,0.366606055596467,0.460870959695367,0.158154894406678,"violation in forward orientation",1,0.0782758620689655,1,50,0.501594493296846,0.302716065288689,0.466476151587624,0.366606055596467,0.460870959695367,0.158154894406678,"violation at burn-in",1,50,0.246504271019468,0.674489213358372,0.324961536185438,0.499599839871872,0.733415119386027,0.0589259060276549,"violation at burn-in"
105,50,"forward",0.590712364249548,0.216786995012799,0.489897948556636,0.3,0.378462835706315,0.161675840693516,"violation in forward orientation",1,0.0782758620689655,1,50,0.590712364249548,0.216786995012799,0.489897948556636,0.3,0.378462835706315,0.161675840693516,"violation at burn-in",1,60,0.12757189874012,0.819765062450468,0.217944947177034,0.476969600708473,0.862031077277483,0.0422660148270145,"violation"
106,50,"reverse",0.246504271019468,0.61213738305134,0.324961536185438,0.493558507170123,0.733415119386027,0.121277736334688,"violation in reverse orientation",1,0.0782758620689655,1,50,0.694644991687999,0.185611725055255,0.5,0.271293199325011,0.282355368630475,0.0967436435752206,"violation at burn-in",1,50,0.246504271019468,0.61213738305134,0.324961536185438,0.493558507170123,0.733415119386027,0.121277736334688,"violation at burn-in"
107,50,"forward",0.56895608070809,0.381261936620275,0.485386443980464,0.41424630354416,0.398581073411713,0.0173191367914389,"violation in forward orientation",1,0.0782758620689655,1,50,0.56895608070809,0.381261936620275,0.485386443980464,0.41424630354416,0.398581073411713,0.0173191367914389,"violation at burn-in",1,100,0.298810407487868,0.668432477215472,0.392300904918661,0.499099188538711,0.67685016809015,0.00841769087467781,"violation"
108,50,"forward",0.478395081610861,0.355715993350399,0.458257569495584,0.4,0.482643540892785,0.126927547542386,"violation in forward orientation",1,0.0782758620689655,1,50,0.478395081610861,0.355715993350399,0.458257569495584,0.4,0.482643540892785,0.126927547542386,"violation at burn-in",1,60,0.25432432379694,0.677962140771975,0.339934634239519,0.5,0.724958350556311,0.0469962097843355,"violation"
109,50,"reverse",0.302716065288689,0.654021127930363,0.366606055596467,0.498397431775084,0.672626507957744,0.0186053800273808,"violation in reverse orientation",1,0.0782758620689655,1,90,0.678976500805676,0.232572423955049,0.498887651569859,0.339934634239519,0.296844167852767,0.0642717438977181,"violation",1,50,0.302716065288689,0.654021127930363,0.366606055596467,0.498397431775084,0.672626507957744,0.0186053800273808,"violation at burn-in"
110,50,"reverse",0.302716065288689,0.654021127930363,0.366606055596467,0.498397431775084,0.672626507957744,0.0186053800273808,"violation in reverse orientation",1,0.0782758620689655,1,60,0.694529912104096,0.206777284463185,0.499722145018832,0.3,0.282461783791851,0.0756844993286658,"violation",1,50,0.302716065288689,0.654021127930363,0.366606055596467,0.498397431775084,0.672626507957744,0.0186053800273808,"violation at burn-in"
111,50,"forward",0.546859192020479,0.275078575707952,0.48,0.346987031457949,0.419014271863092,0.14393569615514,"violation in forward orientation",1,0.0782758620689655,1,50,0.546859192020479,0.275078575707952,0.48,0.346987031457949,0.419014271863092,0.14393569615514,"violation at burn-in",1,50,0.501594493296846,0.4062591846095,0.466476151587624,0.427083130081252,0.460870959695367,0.0546117750858668,"violation at burn-in"
112,50,"reverse",0.275078575707952,0.633238465893974,0.346987031457949,0.496386945839634,0.702514267934418,0.069275802040444,"violation in reverse orientation",1,0.0782758620689655,1,50,0.734021127930363,0.216786995012799,0.498397431775084,0.3,0.245943889283166,0.0291568942703665,"violation at burn-in",1,50,0.275078575707952,0.633238465893974,0.346987031457949,0.496386945839634,0.702514267934418,0.069275802040444,"violation at burn-in"
113,50,"forward",0.714489213358372,0.152451248673278,0.499599839871872,0.237486841740758,0.26400523231779,0.111553983644512,"violation in forward orientation",1,0.0782758620689655,1,50,0.714489213358372,0.152451248673278,0.499599839871872,0.237486841740758,0.26400523231779,0.111553983644512,"violation at burn-in",1,50,0.381261936620275,0.501594493296846,0.41424630354416,0.466476151587624,0.587685357906497,0.086090864609651,"violation at burn-in"
114,90,"reverse",0.187580741083115,0.743018751298959,0.3,0.489897948556636,0.797136258549968,0.0541175072510089,"violation in reverse orientation",1,0.0782758620689655,1,90,0.71133125754252,0.261362863693741,0.495535624910617,0.362433476228891,0.266925423426965,0.00556255973322406,"violation",1,90,0.187580741083115,0.743018751298959,0.3,0.489897948556636,0.797136258549968,0.0541175072510089,"violation"
115,60,"forward",0.74303982794241,0.206777284463185,0.495535624910617,0.3,0.237604213515919,0.030826929052734,"violation in forward orientation",1,0.0782758620689655,1,60,0.74303982794241,0.206777284463185,0.495535624910617,0.3,0.237604213515919,0.030826929052734,"violation",1,90,0.275464716989807,0.657042967008405,0.372677996249965,0.499876527964533,0.702096686666211,0.0450537196578065,"violation"
116,50,"reverse",0.275078575707952,0.674489213358372,0.346987031457949,0.499599839871872,0.702514267934418,0.0280250545760453,"violation in reverse orientation",1,0.0782758620689655,1,60,0.592139703863035,0.363298063516486,0.493006648591635,0.411973569810276,0.3771429614927,0.0138448979762148,"violation",1,50,0.275078575707952,0.674489213358372,0.346987031457949,0.499599839871872,0.702514267934418,0.0280250545760453,"violation at burn-in"
117,50,"reverse",0.302716065288689,0.590712364249548,0.366606055596467,0.489897948556636,0.672626507957744,0.0819141437081953,"violation in reverse orientation",1,0.0782758620689655,1,160,0.641609709427252,0.288460711424568,0.499022481958478,0.4,0.331397587319222,0.0429368758946539,"violation",1,50,0.302716065288689,0.590712364249548,0.366606055596467,0.489897948556636,0.672626507957744,0.0819141437081953,"violation at burn-in"
118,50,"reverse",0.275078575707952,0.633238465893974,0.346987031457949,0.496386945839634,0.702514267934418,0.069275802040444,"violation in reverse orientation",1,0.0782758620689655,1,60,0.694529912104096,0.25432432379694,0.499722145018832,0.339934634239519,0.282461783791851,0.0281374599949112,"violation",1,50,0.275078575707952,0.633238465893974,0.346987031457949,0.496386945839634,0.702514267934418,0.069275802040444,"violation at burn-in"
119,50,"forward",0.714489213358372,0.246504271019468,0.499599839871872,0.324961536185438,0.26400523231779,0.0175009612983223,"violation in forward orientation",1,0.0782758620689655,1,50,0.714489213358372,0.246504271019468,0.499599839871872,0.324961536185438,0.26400523231779,0.0175009612983223,"violation at burn-in",1,60,0.277090389131333,0.677962140771975,0.357071421427142,0.5,0.700338650769906,0.0223765099979312,"violation"
120,50,"reverse",0.302716065288689,0.654021127930363,0.366606055596467,0.498397431775084,0.672626507957744,0.0186053800273808,"violation in reverse orientation",1,0.0782758620689655,1,80,0.774681766062824,0.192754397950757,0.484122918275927,0.3,0.208344619093327,0.0155902211425699,"violation",1,50,0.302716065288689,0.654021127930363,0.366606055596467,0.498397431775084,0.672626507957744,0.0186053800273808,"violation at burn-in"
121,50,"reverse",0.246504271019468,0.524410079701748,0.324961536185438,0.47370877129308,0.733415119386027,0.209005039684279,"violation in reverse orientation",1,0.0782758620689655,1,50,0.714489213358372,0.246504271019468,0.499599839871872,0.324961536185438,0.26400523231779,0.0175009612983223,"violation at burn-in",1,50,0.246504271019468,0.524410079701748,0.324961536185438,0.47370877129308,0.733415119386027,0.209005039684279,"violation at burn-in"
122,60,"forward",0.661196578770763,0.299311814729174,0.499722145018832,0.372677996249965,0.313285427096342,0.0139736123671672,"violation in forward orientation",1,0.0782758620689655,1,60,0.661196578770763,0.299311814729174,0.499722145018832,0.372677996249965,0.313285427096342,0.0139736123671672,"violation",1,80,0.243974143961777,0.727841623971563,0.344374432848898,0.49434299833213,0.736151251768452,0.00830962779688871,"violation"
123,70,"reverse",0.349704765490709,0.606789975333154,0.410325903324145,0.496723961448963,0.621811943590338,0.0150219682571845,"violation in reverse orientation",1,0.0782758620689655,1,70,0.621549582751732,0.349704765490709,0.498159879261791,0.410325903324145,0.349947372997897,0.000242607507187909,"violation",1,70,0.349704765490709,0.606789975333154,0.410325903324145,0.496723961448963,0.621811943590338,0.0150219682571845,"violation"
124,90,"reverse",0.303158498150334,0.668045886935067,0.391420332306856,0.499505928733089,0.672148051796376,0.00410216486130932,"violation in reverse orientation",1,0.0782758620689655,1,120,0.541858331145758,0.416367655586762,0.493006648591635,0.458257569495584,0.423638614417625,0.00727095883086293,"violation",1,90,0.303158498150334,0.668045886935067,0.391420332306856,0.499505928733089,0.672148051796376,0.00410216486130932,"violation"
125,90,"forward",0.700619622653076,0.232572423955049,0.496903994999953,0.339934634239519,0.27683057181817,0.0442581478631217,"violation in forward orientation",1,0.0782758620689655,1,90,0.700619622653076,0.232572423955049,0.496903994999953,0.339934634239519,0.27683057181817,0.0442581478631217,"violation",1,110,0.294997309582735,0.677328051572394,0.393017569476678,0.497929597731969,0.680973732013106,0.00364568044071123,"violation"
126,60,"reverse",0.25432432379694,0.710899562289484,0.339934634239519,0.498887651569859,0.724958350556311,0.0140587882668266,"violation in reverse orientation",1,0.0782758620689655,1,120,0.700531010507825,0.25103315076085,0.49434299833213,0.365053268563492,0.2769125122929,0.0258793615320503,"violation",1,60,0.25432432379694,0.710899562289484,0.339934634239519,0.498887651569859,0.724958350556311,0.0140587882668266,"violation"
127,70,"forward",0.621549582751732,0.349704765490709,0.498159879261791,0.410325903324145,0.349947372997897,0.000242607507187909,"violation in forward orientation",1,0.0782758620689655,1,70,0.621549582751732,0.349704765490709,0.498159879261791,0.410325903324145,0.349947372997897,0.000242607507187909,"violation",1,80,0.369072457693506,0.590878168740764,0.42555111326373,0.496078370824611,0.600867315672223,0.00998914693145914,"violation"
128,50,"reverse",0.185611725055255,0.714489213358372,0.271293199325011,0.499599839871872,0.799265593714762,0.0847763803563899,"violation in reverse orientation",1,0.0782758620689655,1,70,0.761680056860571,0.219286761535403,0.489897948556636,0.318157963590287,0.220367420497296,0.00108065896189324,"violation",1,50,0.185611725055255,0.714489213358372,0.271293199325011,0.499599839871872,0.799265593714762,0.0847763803563899,"violation at burn-in"
129,100,"forward",0.687987176577287,0.286560022992806,0.49749371855331,0.384187454245971,0.288511912175271,0.00195188918246514,"violation in forward orientation",1,0.0782758620689655,1,100,0.687987176577287,0.286560022992806,0.49749371855331,0.384187454245971,0.288511912175271,0.00195188918246514,"violation",1,130,0.360177427802966,0.606718250157931,0.43521062030202,0.499763257562486,0.610486587262617,0.00376833710468616,"violation"
130,50,"forward",0.753238465893974,0.216786995012799,0.496386945839634,0.3,0.2281734381636,0.0113864431508009,"violation in forward orientation",1,0.0782758620689655,1,50,0.753238465893974,0.216786995012799,0.496386945839634,0.3,0.2281734381636,0.0113864431508009,"violation at burn-in",1,80,0.276559731956136,0.667042346118264,0.368908864084343,0.499843725578305,0.700912514551414,0.0338701684331497,"violation"
131,50,"reverse",0.246504271019468,0.478395081610861,0.324961536185438,0.458257569495584,0.733415119386027,0.255020037775166,"violation in reverse orientation",1,0.0782758620689655,1,50,0.633238465893974,0.275078575707952,0.496386945839634,0.346987031457949,0.339138554059767,0.0640599783518144,"violation at burn-in",1,50,0.246504271019468,0.478395081610861,0.324961536185438,0.458257569495584,0.733415119386027,0.255020037775166,"violation at burn-in"
132,50,"reverse",0.275078575707952,0.694644991687999,0.346987031457949,0.5,0.702514267934418,0.00786927624641853,"violation in reverse orientation",1,0.0782758620689655,1,80,0.808698556974645,0.174864243211402,0.472857007984443,0.282566363886433,0.176888976210445,0.00202473299904291,"violation",1,50,0.275078575707952,0.694644991687999,0.346987031457949,0.5,0.702514267934418,0.00786927624641853,"violation at burn-in"
133,50,"reverse",0.275078575707952,0.590712364249548,0.346987031457949,0.489897948556636,0.702514267934418,0.111801903684869,"violation in reverse orientation",1,0.0782758620689655,1,110,0.70374079697118,0.272841182473027,0.494682467651374,0.378011325205305,0.273944392902,0.00110321042897288,"violation",1,50,0.275078575707952,0.590712364249548,0.346987031457949,0.489897948556636,0.702514267934418,0.111801903684869,"violation at burn-in"
134,50,"reverse",0.454790769027509,0.430755917550709,0.448998886412873,0.438634243989226,0.508169738807567,0.0774138212568576,"violation in reverse orientation",1,0.0782758620689655,1,60,0.694529912104096,0.277090389131333,0.499722145018832,0.357071421427142,0.282461783791851,0.005371394660518,"violation",1,50,0.454790769027509,0.430755917550709,0.448998886412873,0.438634243989226,0.508169738807567,0.0774138212568576,"violation at burn-in"
135,50,"forward",0.80895608070809,0.116284945699819,0.485386443980464,0.195959179422654,0.176650841619381,0.0603658959195615,"violation in forward orientation",1,0.0782758620689655,1,50,0.80895608070809,0.116284945699819,0.485386443980464,0.195959179422654,0.176650841619381,0.0603658959195615,"violation at burn-in",1,70,0.239040057693904,0.693315814683084,0.334724986110285,0.499183005990176,0.741487075980979,0.0481712612978955,"violation"
136,50,"forward",0.694644991687999,0.216786995012799,0.5,0.3,0.282355368630475,0.0655683736176759,"violation in forward orientation",1,0.0782758620689655,1,50,0.694644991687999,0.216786995012799,0.5,0.3,0.282355368630475,0.0655683736176759,"violation at burn-in",1,60,0.34236971261758,0.627070094348715,0.4,0.49749371855331,0.629744223367336,0.00267412901862119,"violation"
137,50,"reverse",0.246504271019468,0.654021127930363,0.324961536185438,0.498397431775084,0.733415119386027,0.0793939914556644,"violation in reverse orientation",1,0.0782758620689655,1,90,0.763761939446244,0.217843543370117,0.484831649539365,0.327542288288526,0.218442284310618,0.000598740940501191,"violation",1,50,0.246504271019468,0.654021127930363,0.324961536185438,0.498397431775084,0.733415119386027,0.0793939914556644,"violation at burn-in"
138,50,"reverse",0.275078575707952,0.674489213358372,0.346987031457949,0.499599839871872,0.702514267934418,0.0280250545760453,"violation in reverse orientation",1,0.0782758620689655,1,100,0.598237834688651,0.370102421252595,0.498397431775085,0.433012701892219,0.371503963210913,0.0014015419583181,"violation",1,50,0.275078575707952,0.674489213358372,0.346987031457949,0.499599839871872,0.702514267934418,0.0280250545760453,"violation at burn-in"
139,70,"forward",0.800992525430808,0.178102889634612,0.479157423749955,0.279941684889506,0.184014815238457,0.00591192560384488,"violation in forward orientation",1,0.0782758620689655,1,70,0.800992525430808,0.178102889634612,0.479157423749955,0.279941684889506,0.184014815238457,0.00591192560384488,"violation",1,100,0.261683564317147,0.707316518042841,0.366606055596467,0.495075751779463,0.716999913751259,0.00968339570841759,"violation"
140,50,"forward",0.524410079701748,0.116284945699819,0.47370877129308,0.195959179422654,0.439773174781542,0.323488229081723,"violation in forward orientation",1,0.0782758620689655,1,50,0.524410079701748,0.116284945699819,0.47370877129308,0.195959179422654,0.439773174781542,0.323488229081723,"violation at burn-in",1,90,0.247071505072811,0.645967901805191,0.351539822656808,0.5,0.732801700602553,0.0868337987973616,"violation"
141,60,"reverse",0.321054517826778,0.627070094348715,0.386939558874797,0.49749371855331,0.652794921365883,0.0257248270171675,"violation in reverse orientation",1,0.0782758620689655,1,80,0.642042346118264,0.292478733192347,0.499843725578305,0.379967103839267,0.330997524147897,0.0385187909555502,"violation",1,60,0.321054517826778,0.627070094348715,0.386939558874797,0.49749371855331,0.652794921365883,0.0257248270171675,"violation"
142,50,"reverse",0.216786995012799,0.694644991687999,0.3,0.5,0.765552003955563,0.0709070122675638,"violation in reverse orientation",1,0.0782758620689655,1,60,0.574366575369876,0.363298063516486,0.489897948556636,0.411973569810276,0.393577938685041,0.0302798751685555,"violation",1,50,0.216786995012799,0.694644991687999,0.3,0.5,0.765552003955563,0.0709070122675638,"violation at burn-in"
143,50,"reverse",0.216786995012799,0.674489213358372,0.3,0.499599839871872,0.765552003955563,0.0910627905971906,"violation in reverse orientation",1,0.0782758620689655,1,150,0.660213790465476,0.291235951496878,0.497817458735853,0.4,0.314194220581322,0.022958269084443,"violation",1,50,0.216786995012799,0.674489213358372,0.3,0.499599839871872,0.765552003955563,0.0910627905971906,"violation at burn-in"
144,50,"reverse",0.216786995012799,0.633238465893974,0.3,0.496386945839634,0.765552003955563,0.132313538061589,"violation in reverse orientation",1,0.0782758620689655,1,70,0.561680056860571,0.401384518782172,0.489897948556636,0.43705881545081,0.40530928032424,0.00392476154206839,"violation",1,50,0.216786995012799,0.633238465893974,0.3,0.496386945839634,0.765552003955563,0.132313538061589,"violation at burn-in"
145,50,"forward",0.654021127930363,0.275078575707952,0.498397431775085,0.346987031457949,0.319920633213943,0.0448420575059912,"violation in forward orientation",1,0.0782758620689655,1,50,0.654021127930363,0.275078575707952,0.498397431775085,0.346987031457949,0.319920633213943,0.0448420575059912,"violation at burn-in",1,60,0.363298063516486,0.574366575369876,0.411973569810276,0.489897948556636,0.607111866454208,0.0327452910843324,"violation"
146,70,"forward",0.707263868466018,0.258342897757551,0.498159879261791,0.349927106111883,0.270686575929207,0.012343678171656,"violation in forward orientation",1,0.0782758620689655,1,70,0.707263868466018,0.258342897757551,0.498159879261791,0.349927106111883,0.270686575929207,0.012343678171656,"violation",1,100,0.286560022992805,0.668432477215472,0.384187454245971,0.499099188538711,0.690097990412826,0.0216655131973535,"violation"
147,50,"forward",0.633238465893974,0.185611725055255,0.496386945839634,0.271293199325011,0.339138554059767,0.153526829004512,"violation in forward orientation",1,0.0782758620689655,1,50,0.633238465893974,0.185611725055255,0.496386945839634,0.271293199325011,0.339138554059767,0.153526829004512,"violation at burn-in",1,70,0.295810536031579,0.679232364913215,0.376883027379226,0.499795876701026,0.680094291901922,0.000861926988706907,"violation"
148,50,"reverse",0.185611725055255,0.674489213358372,0.271293199325011,0.499599839871872,0.799265593714762,0.12477638035639,"violation in reverse orientation",1,0.0782758620689655,1,80,0.564705087131815,0.354108657851495,0.49228421668788,0.417582327212252,0.402512006702257,0.0484033488507616,"violation",1,50,0.185611725055255,0.674489213358372,0.271293199325011,0.499599839871872,0.799265593714762,0.12477638035639,"violation at burn-in"
149,50,"reverse",0.152451248673278,0.674489213358372,0.237486841740758,0.499599839871872,0.835126027272645,0.160636813914272,"violation in reverse orientation",1,0.0782758620689655,1,120,0.660018390556222,0.311460526685915,0.498887651569859,0.406116431033707,0.314374908694458,0.00291438200854305,"violation",1,50,0.152451248673278,0.674489213358372,0.237486841740758,0.499599839871872,0.835126027272645,0.160636813914272,"violation at burn-in"
150,60,"reverse",0.277090389131333,0.694529912104096,0.357071421427142,0.499722145018832,0.700338650769906,0.00580873866581033,"violation in reverse orientation",1,0.0782758620689655,1,60,0.694529912104096,0.277090389131333,0.499722145018832,0.357071421427142,0.282461783791851,0.005371394660518,"violation",1,60,0.277090389131333,0.694529912104096,0.357071421427142,0.499722145018832,0.700338650769906,0.00580873866581033,"violation"
151,50,"forward",0.714489213358372,0.246504271019468,0.499599839871872,0.324961536185438,0.26400523231779,0.0175009612983223,"violation in forward orientation",1,0.0782758620689655,1,50,0.714489213358372,0.246504271019468,0.499599839871872,0.324961536185438,0.26400523231779,0.0175009612983223,"violation at burn-in",1,60,0.155449781144742,0.804851254930947,0.249443825784929,0.481894409826699,0.831883351467103,0.0270320965361557,"violation"
152,50,"forward",0.612137383051339,0.355715993350399,0.493558507170123,0.4,0.358650921586163,0.0029349282357633,"violation in forward orientation",1,0.0782758620689655,1,50,0.612137383051339,0.355715993350399,0.493558507170123,0.4,0.358650921586163,0.0029349282357633,"violation at burn-in",1,60,0.206777284463185,0.727070094348715,0.3,0.49749371855331,0.776376714552699,0.0493066202039842,"violation"
153,50,"forward",0.612137383051339,0.302716065288689,0.493558507170123,0.366606055596467,0.358650921586163,0.0559348562974735,"violation in forward orientation",1,0.0782758620689655,1,50,0.612137383051339,0.302716065288689,0.493558507170123,0.366606055596467,0.358650921586163,0.0559348562974735,"violation at burn-in",1,80,0.308177297821902,0.616655263867034,0.3903123748999,0.498591766879478,0.666720616735148,0.0500653528681133,"violation"
154,50,"reverse",0.275078575707952,0.654021127930363,0.346987031457949,0.498397431775084,0.702514267934418,0.0484931400040548,"violation in reverse orientation",1,0.0782758620689655,1,90,0.721968833534088,0.247071505072811,0.493913572686508,0.351539822656808,0.25708875798731,0.0100172529144991,"violation",1,50,0.275078575707952,0.654021127930363,0.346987031457949,0.498397431775084,0.702514267934418,0.0484931400040548,"violation at burn-in"
155,50,"reverse",0.152451248673278,0.734021127930363,0.237486841740758,0.498397431775084,0.835126027272645,0.101104899342282,"violation in reverse orientation",1,0.0782758620689655,1,70,0.693315814683084,0.277251743648749,0.499183005990176,0.363935405795914,0.283584470967117,0.00633272731836743,"violation",1,50,0.152451248673278,0.734021127930363,0.237486841740758,0.498397431775084,0.835126027272645,0.101104899342282,"violation at burn-in"
156,50,"forward",0.734021127930363,0.185611725055255,0.498397431775084,0.271293199325011,0.245943889283166,0.0603321642279112,"violation in forward orientation",1,0.0782758620689655,1,50,0.734021127930363,0.185611725055255,0.498397431775084,0.271293199325011,0.245943889283166,0.0603321642279112,"violation at burn-in",1,70,0.367154334451918,0.59189294941248,0.419912527334259,0.494871659305394,0.602941614312221,0.0110486648997409,"violation"
157,50,"forward",0.790712364249548,0.152451248673278,0.489897948556636,0.237486841740758,0.193520975879371,0.041069727206093,"violation in forward orientation",1,0.0782758620689655,1,50,0.790712364249548,0.152451248673278,0.489897948556636,0.237486841740758,0.193520975879371,0.041069727206093,"violation at burn-in",1,90,0.217843543370117,0.732531618198095,0.327542288288526,0.492035329455212,0.764409430437263,0.0318778122391677,"violation"
158,80,"reverse",0.427434440271627,0.524681766062824,0.452596674755792,0.484122918275927,0.537753445580582,0.013071679517758,"violation in reverse orientation",1,0.0782758620689655,1,100,0.678237834688651,0.286560022992806,0.498397431775084,0.384187454245971,0.297527219280136,0.0109671962873301,"violation",1,80,0.427434440271627,0.524681766062824,0.452596674755792,0.484122918275927,0.537753445580582,0.013071679517758,"violation"
159,50,"forward",0.546859192020479,0.355715993350399,0.48,0.4,0.419014271863092,0.0632982785126925,"violation in forward orientation",1,0.0782758620689655,1,50,0.546859192020479,0.355715993350399,0.48,0.4,0.419014271863092,0.0632982785126925,"violation at burn-in",1,50,0.302716065288689,0.633238465893974,0.366606055596467,0.496386945839634,0.672626507957744,0.03938804206377,"violation at burn-in"
160,50,"forward",0.694644991687999,0.275078575707952,0.5,0.346987031457949,0.282355368630475,0.0072767929225232,"violation in forward orientation",1,0.0782758620689655,1,50,0.694644991687999,0.275078575707952,0.5,0.346987031457949,0.282355368630475,0.0072767929225232,"violation at burn-in",1,90,0.275464716989807,0.700619622653076,0.372677996249965,0.496903994999953,0.702096686666211,0.00147706401313497,"violation"
161,50,"reverse",0.329560327676681,0.56895608070809,0.384187454245971,0.485386443980464,0.643596560477913,0.0746404797698231,"violation in reverse orientation",1,0.0782758620689655,1,60,0.727070094348715,0.206777284463185,0.49749371855331,0.3,0.252371574674713,0.0455942902115281,"violation",1,50,0.329560327676681,0.56895608070809,0.384187454245971,0.485386443980464,0.643596560477913,0.0746404797698231,"violation at burn-in"
162,50,"reverse",0.275078575707952,0.694644991687999,0.346987031457949,0.5,0.702514267934418,0.00786927624641853,"violation in reverse orientation",1,0.0782758620689655,1,90,0.71133125754252,0.202857682846242,0.495535624910617,0.314269680527354,0.266925423426965,0.0640677405807228,"violation",1,50,0.275078575707952,0.694644991687999,0.346987031457949,0.5,0.702514267934418,0.00786927624641853,"violation at burn-in"
163,50,"reverse",0.329560327676681,0.524410079701748,0.384187454245971,0.47370877129308,0.643596560477913,0.119186480776165,"violation in reverse orientation",1,0.0782758620689655,1,50,0.674489213358372,0.216786995012799,0.499599839871872,0.3,0.300993604283179,0.0842066092703798,"violation at burn-in",1,50,0.329560327676681,0.524410079701748,0.384187454245971,0.47370877129308,0.643596560477913,0.119186480776165,"violation at burn-in"
164,60,"forward",0.710899562289484,0.230926430345563,0.498887651569859,0.321022671404304,0.26732461604184,0.0363981856962772,"violation in forward orientation",1,0.0782758620689655,1,60,0.710899562289484,0.230926430345563,0.498887651569859,0.321022671404304,0.26732461604184,0.0363981856962772,"violation",1,90,0.217843543370117,0.678976500805676,0.327542288288526,0.498887651569859,0.764409430437263,0.0854329296315866,"violation"
165,50,"forward",0.714489213358372,0.216786995012799,0.499599839871872,0.3,0.26400523231779,0.047218237304991,"violation in forward orientation",1,0.0782758620689655,1,50,0.714489213358372,0.216786995012799,0.499599839871872,0.3,0.26400523231779,0.047218237304991,"violation at burn-in",1,90,0.232572423955049,0.732531618198095,0.339934634239519,0.492035329455212,0.748481310541946,0.0159496923438509,"violation"
166,90,"reverse",0.275464716989807,0.689834539323384,0.372677996249965,0.498020774022555,0.702096686666211,0.0122621473428276,"violation in reverse orientation",1,0.0782758620689655,1,100,0.638682330481023,0.322972911087052,0.5,0.407308237088326,0.334104561852892,0.0111316507658392,"violation",1,90,0.275464716989807,0.689834539323384,0.372677996249965,0.498020774022555,0.702096686666211,0.0122621473428276,"violation"
167,50,"reverse",0.216786995012799,0.694644991687999,0.3,0.5,0.765552003955563,0.0709070122675638,"violation in reverse orientation",1,0.0782758620689655,1,70,0.515278239716522,0.401384518782172,0.479157423749955,0.43705881545081,0.448217472134091,0.0468329533519188,"violation",1,50,0.216786995012799,0.694644991687999,0.3,0.5,0.765552003955563,0.0709070122675638,"violation at burn-in"
168,50,"forward",0.694644991687999,0.185611725055255,0.5,0.271293199325011,0.282355368630475,0.0967436435752206,"violation in forward orientation",1,0.0782758620689655,1,50,0.694644991687999,0.185611725055255,0.5,0.271293199325011,0.282355368630475,0.0967436435752206,"violation at burn-in",1,60,0.206777284463185,0.758806370529702,0.3,0.493006648591635,0.776376714552699,0.0175703440229977,"violation"
169,50,"forward",0.772137383051339,0.116284945699819,0.493558507170123,0.195959179422654,0.210697433724607,0.0944124880247881,"violation in forward orientation",1,0.0782758620689655,1,50,0.772137383051339,0.116284945699819,0.493558507170123,0.195959179422654,0.210697433724607,0.0944124880247881,"violation at burn-in",1,90,0.289392299544533,0.623601442490622,0.382325567424117,0.499505928733089,0.687035107240376,0.063433664749754,"violation"
170,50,"reverse",0.329560327676681,0.633238465893974,0.384187454245971,0.496386945839634,0.643596560477913,0.0103580945839392,"violation in reverse orientation",1,0.0782758620689655,1,70,0.59189294941248,0.349704765490709,0.494871659305393,0.410325903324145,0.377371137627732,0.0276663721370228,"violation",1,50,0.329560327676681,0.633238465893974,0.384187454245971,0.496386945839634,0.643596560477913,0.0103580945839392,"violation at burn-in"
171,50,"forward",0.56895608070809,0.246504271019468,0.485386443980464,0.324961536185438,0.398581073411713,0.152076802392245,"violation in forward orientation",1,0.0782758620689655,1,50,0.56895608070809,0.246504271019468,0.485386443980464,0.324961536185438,0.398581073411713,0.152076802392245,"violation at burn-in",1,60,0.277090389131333,0.694529912104096,0.357071421427142,0.499722145018832,0.700338650769906,0.00580873866581033,"violation"
172,50,"forward",0.56895608070809,0.152451248673278,0.485386443980464,0.237486841740758,0.398581073411713,0.246129824738435,"violation in forward orientation",1,0.0782758620689655,1,50,0.56895608070809,0.152451248673278,0.485386443980464,0.237486841740758,0.398581073411713,0.246129824738435,"violation at burn-in",1,50,0.381261936620275,0.4062591846095,0.41424630354416,0.427083130081252,0.587685357906497,0.181426173296997,"violation at burn-in"
173,110,"reverse",0.283966960418264,0.668434804605088,0.385694607919935,0.498675932796454,0.692902182581076,0.0244673779759879,"violation in reverse orientation",1,0.0782758620689655,1,120,0.60180871274986,0.359957099047924,0.499374608885954,0.433012701892219,0.368201939061637,0.00824484001371234,"violation",1,110,0.283966960418264,0.668434804605088,0.385694607919935,0.498675932796454,0.692902182581076,0.0244673779759879,"violation"
174,50,"reverse",0.302716065288689,0.590712364249548,0.366606055596467,0.489897948556636,0.672626507957744,0.0819141437081953,"violation in reverse orientation",1,0.0782758620689655,1,100,0.577680196938796,0.358457767577596,0.496386945839634,0.427083130081252,0.390513802006447,0.0320560344288511,"violation",1,50,0.302716065288689,0.590712364249548,0.366606055596467,0.489897948556636,0.672626507957744,0.0819141437081953,"violation at burn-in"
175,50,"reverse",0.302716065288689,0.61213738305134,0.366606055596467,0.493558507170123,0.672626507957744,0.060489124906404,"violation in reverse orientation",1,0.0782758620689655,1,60,0.710899562289484,0.230926430345563,0.498887651569859,0.321022671404304,0.26732461604184,0.0363981856962772,"violation",1,50,0.302716065288689,0.61213738305134,0.366606055596467,0.493558507170123,0.672626507957744,0.060489124906404,"violation at burn-in"
176,50,"forward",0.674489213358372,0.152451248673278,0.499599839871872,0.237486841740758,0.300993604283179,0.148542355609901,"violation in forward orientation",1,0.0782758620689655,1,50,0.674489213358372,0.152451248673278,0.499599839871872,0.237486841740758,0.300993604283179,0.148542355609901,"violation at burn-in",1,50,0.216786995012799,0.714489213358372,0.3,0.499599839871872,0.765552003955563,0.0510627905971905,"violation at burn-in"
177,50,"forward",0.524410079701748,0.152451248673278,0.47370877129308,0.237486841740758,0.439773174781542,0.287321926108264,"violation in forward orientation",1,0.0782758620689655,1,50,0.524410079701748,0.152451248673278,0.47370877129308,0.237486841740758,0.439773174781542,0.287321926108264,"violation at burn-in",1,60,0.230926430345563,0.694529912104096,0.321022671404304,0.499722145018832,0.750261322499245,0.0557314103951494,"violation"
178,50,"reverse",0.116284945699819,0.714489213358372,0.195959179422654,0.499599839871872,0.8742370246502,0.159747811291827,"violation in reverse orientation",1,0.0782758620689655,1,100,0.678237834688651,0.274187264057314,0.498397431775084,0.375632799419859,0.297527219280136,0.0233399552228221,"violation",1,50,0.116284945699819,0.714489213358372,0.195959179422654,0.499599839871872,0.8742370246502,0.159747811291827,"violation at burn-in"
179,50,"reverse",0.275078575707952,0.674489213358372,0.346987031457949,0.499599839871872,0.702514267934418,0.0280250545760453,"violation in reverse orientation",1,0.0782758620689655,1,70,0.813795356759835,0.15642378565755,0.474664220738176,0.257539376818856,0.172175918053252,0.0157521323957013,"violation",1,50,0.275078575707952,0.674489213358372,0.346987031457949,0.499599839871872,0.702514267934418,0.0280250545760453,"violation at burn-in"
180,50,"reverse",0.329560327676681,0.524410079701748,0.384187454245971,0.47370877129308,0.643596560477913,0.119186480776165,"violation in reverse orientation",1,0.0782758620689655,1,100,0.754629046470215,0.196784561353059,0.485386443980464,0.31288975694324,0.226887555373554,0.0301029940204951,"violation",1,50,0.329560327676681,0.524410079701748,0.384187454245971,0.47370877129308,0.643596560477913,0.119186480776165,"violation at burn-in"
181,50,"forward",0.714489213358372,0.185611725055255,0.499599839871872,0.271293199325011,0.26400523231779,0.0783935072625357,"violation in forward orientation",1,0.0782758620689655,1,50,0.714489213358372,0.185611725055255,0.499599839871872,0.271293199325011,0.26400523231779,0.0783935072625357,"violation at burn-in",1,90,0.289392299544533,0.678976500805676,0.382325567424117,0.498887651569859,0.687035107240376,0.00805860643470002,"violation"
182,50,"reverse",0.275078575707952,0.694644991687999,0.346987031457949,0.5,0.702514267934418,0.00786927624641853,"violation in reverse orientation",1,0.0782758620689655,1,90,0.732531618198095,0.139488250402838,0.492035329455212,0.249443825784929,0.247321252783745,0.107833002380907,"violation",1,50,0.275078575707952,0.694644991687999,0.346987031457949,0.5,0.702514267934418,0.00786927624641853,"violation at burn-in"
183,50,"reverse",0.355715993350399,0.590712364249548,0.4,0.489897948556636,0.615311275904487,0.0245989116549391,"violation in reverse orientation",1,0.0782758620689655,1,70,0.59189294941248,0.349704765490709,0.494871659305393,0.410325903324145,0.377371137627732,0.0276663721370228,"violation",1,50,0.355715993350399,0.590712364249548,0.4,0.489897948556636,0.615311275904487,0.0245989116549391,"violation at burn-in"
184,50,"reverse",0.185611725055255,0.633238465893974,0.271293199325011,0.496386945839634,0.799265593714762,0.166027127820789,"violation in reverse orientation",1,0.0782758620689655,1,50,0.654021127930363,0.275078575707952,0.498397431775085,0.346987031457949,0.319920633213943,0.0448420575059912,"violation at burn-in",1,50,0.185611725055255,0.633238465893974,0.271293199325011,0.496386945839634,0.799265593714762,0.166027127820789,"violation at burn-in"
185,50,"forward",0.826859192020479,0.152451248673278,0.48,0.237486841740758,0.16009566810537,0.00764441943209221,"violation in forward orientation",1,0.0782758620689655,1,50,0.826859192020479,0.152451248673278,0.48,0.237486841740758,0.16009566810537,0.00764441943209221,"violation at burn-in",1,80,0.243974143961777,0.727841623971563,0.344374432848898,0.49434299833213,0.736151251768452,0.00830962779688871,"violation"
186,50,"reverse",0.185611725055255,0.790712364249548,0.271293199325011,0.489897948556636,0.799265593714762,0.00855322946521397,"violation in reverse orientation",1,0.0782758620689655,1,60,0.710899562289484,0.25432432379694,0.498887651569859,0.339934634239519,0.26732461604184,0.0130002922449007,"violation",1,50,0.185611725055255,0.790712364249548,0.271293199325011,0.489897948556636,0.799265593714762,0.00855322946521397,"violation at burn-in"
187,50,"forward",0.633238465893974,0.302716065288689,0.496386945839634,0.366606055596467,0.339138554059767,0.0364224887710775,"violation in forward orientation",1,0.0782758620689655,1,50,0.633238465893974,0.302716065288689,0.496386945839634,0.366606055596467,0.339138554059767,0.0364224887710775,"violation at burn-in",1,50,0.381261936620275,0.56895608070809,0.41424630354416,0.485386443980464,0.587685357906497,0.018729277198407,"violation at burn-in"
188,50,"forward",0.654021127930363,0.0745005976726398,0.498397431775085,0.14,0.319920633213943,0.245420035541304,"violation in forward orientation",1,0.0782758620689655,1,50,0.654021127930363,0.0745005976726398,0.498397431775085,0.14,0.319920633213943,0.245420035541304,"violation at burn-in",1,90,0.247071505072811,0.721968833534088,0.351539822656808,0.493913572686508,0.732801700602553,0.0108328670684643,"violation"
189,60,"forward",0.710899562289484,0.25432432379694,0.498887651569859,0.339934634239519,0.26732461604184,0.0130002922449007,"violation in forward orientation",1,0.0782758620689655,1,60,0.710899562289484,0.25432432379694,0.498887651569859,0.339934634239519,0.26732461604184,0.0130002922449007,"violation",1,90,0.275464716989807,0.668045886935067,0.372677996249965,0.499505928733089,0.702096686666211,0.0340507997311442,"violation"
190,50,"forward",0.674489213358372,0.185611725055255,0.499599839871872,0.271293199325011,0.300993604283179,0.115381879227925,"violation in forward orientation",1,0.0782758620689655,1,50,0.674489213358372,0.185611725055255,0.499599839871872,0.271293199325011,0.300993604283179,0.115381879227925,"violation at burn-in",1,50,0.246504271019468,0.694644991687999,0.324961536185438,0.5,0.733415119386027,0.0387701276980281,"violation at burn-in"
191,50,"reverse",0.246504271019468,0.714489213358372,0.324961536185438,0.499599839871872,0.733415119386027,0.0189259060276549,"violation in reverse orientation",1,0.0782758620689655,1,50,0.56895608070809,0.381261936620275,0.485386443980464,0.41424630354416,0.398581073411713,0.0173191367914389,"violation at burn-in",1,50,0.246504271019468,0.714489213358372,0.324961536185438,0.499599839871872,0.733415119386027,0.0189259060276549,"violation at burn-in"
192,50,"forward",0.80895608070809,0.0745005976726398,0.485386443980464,0.14,0.176650841619381,0.102150243946741,"violation in forward orientation",1,0.0782758620689655,1,50,0.80895608070809,0.0745005976726398,0.485386443980464,0.14,0.176650841619381,0.102150243946741,"violation at burn-in",1,90,0.139488250402838,0.753429237782545,0.249443825784929,0.487498021521785,0.849144485054533,0.0957152472719888,"violation"
193,50,"reverse",0.185611725055255,0.734021127930363,0.271293199325011,0.498397431775084,0.799265593714762,0.0652444657843994,"violation in reverse orientation",1,0.0782758620689655,1,60,0.574366575369876,0.34236971261758,0.489897948556636,0.4,0.393577938685041,0.0512082260674611,"violation",1,50,0.185611725055255,0.734021127930363,0.271293199325011,0.498397431775084,0.799265593714762,0.0652444657843994,"violation at burn-in"
194,50,"reverse",0.275078575707952,0.654021127930363,0.346987031457949,0.498397431775084,0.702514267934418,0.0484931400040548,"violation in reverse orientation",1,0.0782758620689655,1,90,0.700619622653076,0.275464716989807,0.496903994999953,0.372677996249965,0.27683057181817,0.00136585482836316,"violation",1,50,0.275078575707952,0.654021127930363,0.346987031457949,0.498397431775084,0.702514267934418,0.0484931400040548,"violation at burn-in"
195,50,"forward",0.734021127930363,0.116284945699819,0.498397431775084,0.195959179422654,0.245943889283166,0.129658943583347,"violation in forward orientation",1,0.0782758620689655,1,50,0.734021127930363,0.116284945699819,0.498397431775084,0.195959179422654,0.245943889283166,0.129658943583347,"violation at burn-in",1,50,0.152451248673278,0.734021127930363,0.237486841740758,0.498397431775084,0.835126027272645,0.101104899342282,"violation at burn-in"
196,60,"forward",0.556383151271119,0.383872428163307,0.486198404860494,0.422952584681651,0.410207378179444,0.0263349500161378,"violation in forward orientation",1,0.0782758620689655,1,60,0.556383151271119,0.383872428163307,0.486198404860494,0.422952584681651,0.410207378179444,0.0263349500161378,"violation",1,150,0.306772885452399,0.660213790465476,0.409661106552992,0.497817458735853,0.668239377680686,0.00802558721521074,"violation"
197,50,"reverse",0.216786995012799,0.714489213358372,0.3,0.499599839871872,0.765552003955563,0.0510627905971905,"violation in reverse orientation",1,0.0782758620689655,1,50,0.674489213358372,0.275078575707952,0.499599839871872,0.346987031457949,0.300993604283179,0.0259150285752271,"violation at burn-in",1,50,0.216786995012799,0.714489213358372,0.3,0.499599839871872,0.765552003955563,0.0510627905971905,"violation at burn-in"
198,50,"reverse",0.275078575707952,0.694644991687999,0.346987031457949,0.5,0.702514267934418,0.00786927624641853,"violation in reverse orientation",1,0.0782758620689655,1,160,0.534324833300536,0.421804934308671,0.49434299833213,0.465991885658967,0.430604909930113,0.00879997562144214,"violation",1,50,0.275078575707952,0.694644991687999,0.346987031457949,0.5,0.702514267934418,0.00786927624641853,"violation at burn-in"
199,50,"forward",0.674489213358372,0.246504271019468,0.499599839871872,0.324961536185438,0.300993604283179,0.0544893332637111,"violation in forward orientation",1,0.0782758620689655,1,50,0.674489213358372,0.246504271019468,0.499599839871872,0.324961536185438,0.300993604283179,0.0544893332637111,"violation at burn-in",1,50,0.152451248673278,0.826859192020479,0.237486841740758,0.48,0.835126027272645,0.00826683525216565,"violation at burn-in"
200,50,"reverse",0.216786995012799,0.61213738305134,0.3,0.493558507170123,0.765552003955563,0.153414620904223,"violation in reverse orientation",1,0.0782758620689655,1,100,0.800420391058284,0.183209398288614,0.47021271782035,0.3,0.184543873213084,0.00133447492447034,"violation",1,50,0.216786995012799,0.61213738305134,0.3,0.493558507170123,0.765552003955563,0.153414620904223,"violation at burn-in"
201,50,"reverse",0.275078575707952,0.654021127930363,0.346987031457949,0.498397431775084,0.702514267934418,0.0484931400040548,"violation in reverse orientation",1,0.0782758620689655,1,80,0.763126767493411,0.210195306156735,0.487179381747627,0.315980616494114,0.219029633721952,0.00883432756521657,"violation",1,50,0.275078575707952,0.654021127930363,0.346987031457949,0.498397431775084,0.702514267934418,0.0484931400040548,"violation at burn-in"
202,60,"reverse",0.277090389131333,0.661196578770763,0.357071421427142,0.499722145018832,0.700338650769906,0.0391420719991435,"violation in reverse orientation",1,0.0782758620689655,1,90,0.700619622653076,0.261362863693741,0.496903994999953,0.362433476228891,0.27683057181817,0.0154677081244291,"violation",1,60,0.277090389131333,0.661196578770763,0.357071421427142,0.499722145018832,0.700338650769906,0.0391420719991435,"violation"
203,90,"reverse",0.316774321444153,0.634820744786183,0.4,0.499876527964533,0.657423615363694,0.0226028705775118,"violation in reverse orientation",1,0.0782758620689655,1,90,0.700619622653076,0.275464716989807,0.496903994999953,0.372677996249965,0.27683057181817,0.00136585482836316,"violation",1,90,0.316774321444153,0.634820744786183,0.4,0.499876527964533,0.657423615363694,0.0226028705775118,"violation"
204,60,"reverse",0.181705607971508,0.789716484604453,0.276385399196283,0.486198404860494,0.803489750525342,0.0137732659208893,"violation in reverse orientation",1,0.0782758620689655,1,60,0.710899562289484,0.25432432379694,0.498887651569859,0.339934634239519,0.26732461604184,0.0130002922449007,"violation",1,60,0.181705607971508,0.789716484604453,0.276385399196283,0.486198404860494,0.803489750525342,0.0137732659208893,"violation"
205,50,"forward",0.524410079701748,0.275078575707952,0.47370877129308,0.346987031457949,0.439773174781542,0.16469459907359,"violation in forward orientation",1,0.0782758620689655,1,50,0.524410079701748,0.275078575707952,0.47370877129308,0.346987031457949,0.439773174781542,0.16469459907359,"violation at burn-in",1,50,0.246504271019468,0.61213738305134,0.324961536185438,0.493558507170123,0.733415119386027,0.121277736334688,"violation at burn-in"
206,90,"forward",0.634820744786182,0.316774321444153,0.499876527964533,0.4,0.337675406054317,0.0209010846101638,"violation in forward orientation",1,0.0782758620689655,1,90,0.634820744786182,0.316774321444153,0.499876527964533,0.4,0.337675406054317,0.0209010846101638,"violation",1,120,0.369485323132463,0.576331088782478,0.43771819955563,0.49749371855331,0.600420834340908,0.0240897455584306,"violation"
207,70,"forward",0.707263868466018,0.258342897757551,0.498159879261791,0.349927106111883,0.270686575929207,0.012343678171656,"violation in forward orientation",1,0.0782758620689655,1,70,0.707263868466018,0.258342897757551,0.498159879261791,0.349927106111883,0.270686575929207,0.012343678171656,"violation",1,80,0.292478733192347,0.679397303997039,0.379967103839267,0.499374608885954,0.683697373262031,0.00430006926499227,"violation"
208,50,"reverse",0.302716065288689,0.61213738305134,0.366606055596467,0.493558507170123,0.672626507957744,0.060489124906404,"violation in reverse orientation",1,0.0782758620689655,1,70,0.800992525430808,0.15642378565755,0.479157423749955,0.257539376818856,0.184014815238457,0.0275910295809062,"violation",1,50,0.302716065288689,0.61213738305134,0.366606055596467,0.493558507170123,0.672626507957744,0.060489124906404,"violation at burn-in"
209,50,"reverse",0.381261936620275,0.524410079701748,0.41424630354416,0.47370877129308,0.587685357906497,0.0632752782047489,"violation in reverse orientation",1,0.0782758620689655,1,60,0.727070094348715,0.230926430345563,0.49749371855331,0.321022671404304,0.252371574674713,0.02144514432915,"violation",1,50,0.381261936620275,0.524410079701748,0.41424630354416,0.47370877129308,0.587685357906497,0.0632752782047489,"violation at burn-in"
210,50,"reverse",0.246504271019468,0.694644991687999,0.324961536185438,0.5,0.733415119386027,0.0387701276980281,"violation in reverse orientation",1,0.0782758620689655,1,50,0.734021127930363,0.216786995012799,0.498397431775084,0.3,0.245943889283166,0.0291568942703665,"violation at burn-in",1,50,0.246504271019468,0.694644991687999,0.324961536185438,0.5,0.733415119386027,0.0387701276980281,"violation at burn-in"
211,50,"forward",0.454790769027509,0.430755917550709,0.448998886412873,0.438634243989226,0.508169738807567,0.0774138212568576,"violation in forward orientation",1,0.0782758620689655,1,50,0.454790769027509,0.430755917550709,0.448998886412873,0.438634243989226,0.508169738807567,0.0774138212568576,"violation at burn-in",1,60,0.25432432379694,0.661196578770763,0.339934634239519,0.499722145018832,0.724958350556311,0.0637617717855479,"violation"
212,50,"forward",0.734021127930363,0.216786995012799,0.498397431775084,0.3,0.245943889283166,0.0291568942703665,"violation in forward orientation",1,0.0782758620689655,1,50,0.734021127930363,0.216786995012799,0.498397431775084,0.3,0.245943889283166,0.0291568942703665,"violation at burn-in",1,60,0.424062306087747,0.53818458826428,0.442216638714053,0.481894409826699,0.541400142101355,0.00321555383707417,"violation"
213,50,"forward",0.633238465893974,0.302716065288689,0.496386945839634,0.366606055596467,0.339138554059767,0.0364224887710775,"violation in forward orientation",1,0.0782758620689655,1,50,0.633238465893974,0.302716065288689,0.496386945839634,0.366606055596467,0.339138554059767,0.0364224887710775,"violation at burn-in",1,70,0.277251743648749,0.66501401703857,0.363935405795914,0.5,0.700164158615921,0.0351501415773507,"violation"
214,60,"forward",0.574366575369876,0.34236971261758,0.489897948556636,0.4,0.393577938685041,0.0512082260674611,"violation in forward orientation",1,0.0782758620689655,1,60,0.574366575369876,0.34236971261758,0.489897948556636,0.4,0.393577938685041,0.0512082260674611,"violation",1,60,0.321054517826778,0.627070094348715,0.386939558874797,0.49749371855331,0.652794921365883,0.0257248270171675,"violation"
215,50,"reverse",0.185611725055255,0.714489213358372,0.271293199325011,0.499599839871872,0.799265593714762,0.0847763803563899,"violation in reverse orientation",1,0.0782758620689655,1,50,0.633238465893974,0.302716065288689,0.496386945839634,0.366606055596467,0.339138554059767,0.0364224887710775,"violation at burn-in",1,50,0.185611725055255,0.714489213358372,0.271293199325011,0.499599839871872,0.799265593714762,0.0847763803563899,"violation at burn-in"
216,50,"forward",0.714489213358372,0.246504271019468,0.499599839871872,0.324961536185438,0.26400523231779,0.0175009612983223,"violation in forward orientation",1,0.0782758620689655,1,50,0.714489213358372,0.246504271019468,0.499599839871872,0.324961536185438,0.26400523231779,0.0175009612983223,"violation at burn-in",1,90,0.217843543370117,0.763761939446244,0.327542288288526,0.484831649539365,0.764409430437263,0.000647490991019017,"violation"
217,60,"reverse",0.383872428163307,0.519765062450468,0.422952584681651,0.476969600708473,0.584862317686749,0.0650972552362808,"violation in reverse orientation",1,0.0782758620689655,1,160,0.678275613696132,0.288460711424568,0.495250883391438,0.4,0.297492284680606,0.00903157325603787,"violation",1,60,0.383872428163307,0.519765062450468,0.422952584681651,0.476969600708473,0.584862317686749,0.0650972552362808,"violation"
218,50,"forward",0.524410079701748,0.381261936620275,0.47370877129308,0.41424630354416,0.439773174781542,0.0585112381612678,"violation in forward orientation",1,0.0782758620689655,1,50,0.524410079701748,0.381261936620275,0.47370877129308,0.41424630354416,0.439773174781542,0.0585112381612678,"violation at burn-in",1,120,0.291618594854466,0.68443380981172,0.393612189287318,0.496585563847986,0.68462754487238,0.000193735060659894,"violation"
219,60,"reverse",0.277090389131333,0.694529912104096,0.357071421427142,0.499722145018832,0.700338650769906,0.00580873866581033,"violation in reverse orientation",1,0.0782758620689655,1,100,0.668432477215472,0.286560022992806,0.499099188538711,0.384187454245971,0.306594324516924,0.0200343015241188,"violation",1,60,0.277090389131333,0.694529912104096,0.357071421427142,0.499722145018832,0.700338650769906,0.00580873866581033,"violation"
220,50,"forward",0.454790769027509,0.381261936620275,0.448998886412873,0.41424630354416,0.508169738807567,0.126907802187292,"violation in forward orientation",1,0.0782758620689655,1,50,0.454790769027509,0.381261936620275,0.448998886412873,0.41424630354416,0.508169738807567,0.126907802187292,"violation at burn-in",1,50,0.355715993350399,0.61213738305134,0.4,0.493558507170123,0.615311275904487,0.00317389285314784,"violation at burn-in"
221,70,"reverse",0.295810536031579,0.636172957540227,0.376883027379226,0.499183005990176,0.680094291901922,0.0439213343616951,"violation in reverse orientation",1,0.0782758620689655,1,90,0.689834539323383,0.232572423955049,0.498020774022555,0.339934634239519,0.28680363866508,0.0542312147100314,"violation",1,70,0.295810536031579,0.636172957540227,0.376883027379226,0.499183005990176,0.680094291901922,0.0439213343616951,"violation"
222,50,"reverse",0.302716065288689,0.56895608070809,0.366606055596467,0.485386443980464,0.672626507957744,0.103670427249654,"violation in reverse orientation",1,0.0782758620689655,1,50,0.590712364249548,0.355715993350399,0.489897948556636,0.4,0.378462835706315,0.0227468423559158,"violation at burn-in",1,50,0.302716065288689,0.56895608070809,0.366606055596467,0.485386443980464,0.672626507957744,0.103670427249654,"violation at burn-in"
223,50,"reverse",0.216786995012799,0.654021127930363,0.3,0.498397431775084,0.765552003955563,0.1115308760252,"violation in reverse orientation",1,0.0782758620689655,1,50,0.612137383051339,0.275078575707952,0.493558507170123,0.346987031457949,0.358650921586163,0.0835723458782104,"violation at burn-in",1,50,0.216786995012799,0.654021127930363,0.3,0.498397431775084,0.765552003955563,0.1115308760252,"violation at burn-in"
224,50,"reverse",0.275078575707952,0.546859192020479,0.346987031457949,0.48,0.702514267934418,0.155655075913939,"violation in reverse orientation",1,0.0782758620689655,1,60,0.627070094348715,0.321054517826778,0.49749371855331,0.386939558874797,0.344842504588185,0.0237879867614068,"violation",1,50,0.275078575707952,0.546859192020479,0.346987031457949,0.48,0.702514267934418,0.155655075913939,"violation at burn-in"
225,50,"forward",0.734021127930363,0.216786995012799,0.498397431775084,0.3,0.245943889283166,0.0291568942703665,"violation in forward orientation",1,0.0782758620689655,1,50,0.734021127930363,0.216786995012799,0.498397431775084,0.3,0.245943889283166,0.0291568942703665,"violation at burn-in",1,90,0.303158498150334,0.668045886935067,0.391420332306856,0.499505928733089,0.672148051796376,0.00410216486130932,"violation"
226,50,"forward",0.734021127930363,0.216786995012799,0.498397431775084,0.3,0.245943889283166,0.0291568942703665,"violation in forward orientation",1,0.0782758620689655,1,50,0.734021127930363,0.216786995012799,0.498397431775084,0.3,0.245943889283166,0.0291568942703665,"violation at burn-in",1,50,0.152451248673278,0.80895608070809,0.237486841740758,0.485386443980464,0.835126027272645,0.0261699465645551,"violation at burn-in"
227,70,"reverse",0.277251743648749,0.650660936341786,0.363935405795914,0.499795876701026,0.700164158615921,0.0495032222741347,"violation in reverse orientation",1,0.0782758620689655,1,90,0.566413277978533,0.343591528449175,0.493913572686508,0.415739709641549,0.4009324267416,0.057340898292425,"violation",1,70,0.277251743648749,0.650660936341786,0.363935405795914,0.499795876701026,0.700164158615921,0.0495032222741347,"violation"
228,70,"forward",0.693315814683084,0.258342897757551,0.499183005990176,0.349927106111883,0.283584470967117,0.025241573209566,"violation in forward orientation",1,0.0782758620689655,1,70,0.693315814683084,0.258342897757551,0.499183005990176,0.349927106111883,0.283584470967117,0.025241573209566,"violation",1,80,0.441684683216467,0.483698556974645,0.458257569495584,0.472857007984443,0.522342934452193,0.0386443774775486,"violation"
229,70,"reverse",0.239040057693904,0.721075689618868,0.334724986110285,0.496723961448963,0.741487075980979,0.0204113863621114,"violation in reverse orientation",1,0.0782758620689655,1,70,0.650660936341786,0.314054244758118,0.499795876701026,0.388875931109034,0.323027833622774,0.0089735888646566,"violation",1,70,0.239040057693904,0.721075689618868,0.334724986110285,0.496723961448963,0.741487075980979,0.0204113863621114,"violation"
230,50,"reverse",0.246504271019468,0.590712364249548,0.324961536185438,0.489897948556636,0.733415119386027,0.142702755136479,"violation in reverse orientation",1,0.0782758620689655,1,50,0.694644991687999,0.185611725055255,0.5,0.271293199325011,0.282355368630475,0.0967436435752206,"violation at burn-in",1,50,0.246504271019468,0.590712364249548,0.324961536185438,0.489897948556636,0.733415119386027,0.142702755136479,"violation at burn-in"
231,50,"forward",0.56895608070809,0.302716065288689,0.485386443980464,0.366606055596467,0.398581073411713,0.0958650081230244,"violation in forward orientation",1,0.0782758620689655,1,50,0.56895608070809,0.302716065288689,0.485386443980464,0.366606055596467,0.398581073411713,0.0958650081230244,"violation at burn-in",1,50,0.216786995012799,0.674489213358372,0.3,0.499599839871872,0.765552003955563,0.0910627905971906,"violation at burn-in"
232,50,"reverse",0.246504271019468,0.674489213358372,0.324961536185438,0.499599839871872,0.733415119386027,0.0589259060276549,"violation in reverse orientation",1,0.0782758620689655,1,70,0.693315814683084,0.239040057693904,0.499183005990176,0.334724986110285,0.283584470967117,0.0445444132732123,"violation",1,50,0.246504271019468,0.674489213358372,0.324961536185438,0.499599839871872,0.733415119386027,0.0589259060276549,"violation at burn-in"
233,50,"reverse",0.275078575707952,0.674489213358372,0.346987031457949,0.499599839871872,0.702514267934418,0.0280250545760453,"violation in reverse orientation",1,0.0782758620689655,1,60,0.774366575369876,0.181705607971508,0.489897948556636,0.276385399196283,0.208636078858097,0.026930470886589,"violation",1,50,0.275078575707952,0.674489213358372,0.346987031457949,0.499599839871872,0.702514267934418,0.0280250545760453,"violation at burn-in"
234,80,"forward",0.751467297585606,0.227252112493843,0.489897948556636,0.330718913883074,0.229811253968681,0.00255914147483788,"violation in forward orientation",1,0.0782758620689655,1,80,0.751467297585606,0.227252112493843,0.489897948556636,0.330718913883074,0.229811253968681,0.00255914147483788,"violation",1,100,0.261683564317147,0.707316518042841,0.366606055596467,0.495075751779463,0.716999913751259,0.00968339570841759,"violation"
235,50,"forward",0.694644991687999,0.275078575707952,0.5,0.346987031457949,0.282355368630475,0.0072767929225232,"violation in forward orientation",1,0.0782758620689655,1,50,0.694644991687999,0.275078575707952,0.5,0.346987031457949,0.282355368630475,0.0072767929225232,"violation at burn-in",1,90,0.202857682846242,0.743018751298959,0.314269680527354,0.489897948556636,0.780615453819851,0.0375967025208923,"violation"
236,60,"reverse",0.25432432379694,0.609706494609077,0.339934634239519,0.495535624910617,0.724958350556311,0.115251855947234,"violation in reverse orientation",1,0.0782758620689655,1,90,0.743018751298959,0.217843543370117,0.489897948556636,0.327542288288526,0.237623703284113,0.0197801599139966,"violation",1,60,0.25432432379694,0.609706494609077,0.339934634239519,0.495535624910617,0.724958350556311,0.115251855947234,"violation"
237,50,"reverse",0.246504271019468,0.714489213358372,0.324961536185438,0.499599839871872,0.733415119386027,0.0189259060276549,"violation in reverse orientation",1,0.0782758620689655,1,70,0.66501401703857,0.277251743648749,0.5,0.363935405795914,0.309755406431227,0.0325036627824781,"violation",1,50,0.246504271019468,0.714489213358372,0.324961536185438,0.499599839871872,0.733415119386027,0.0189259060276549,"violation at burn-in"
238,50,"forward",0.694644991687999,0.216786995012799,0.5,0.3,0.282355368630475,0.0655683736176759,"violation in forward orientation",1,0.0782758620689655,1,50,0.694644991687999,0.216786995012799,0.5,0.3,0.282355368630475,0.0655683736176759,"violation at burn-in",1,110,0.227251178235511,0.746851440774935,0.343174292512307,0.485832335123178,0.754235817092834,0.00738437631789834,"violation"
239,50,"forward",0.753238465893974,0.216786995012799,0.496386945839634,0.3,0.2281734381636,0.0113864431508009,"violation in forward orientation",1,0.0782758620689655,1,50,0.753238465893974,0.216786995012799,0.496386945839634,0.3,0.2281734381636,0.0113864431508009,"violation at burn-in",1,60,0.230926430345563,0.710899562289484,0.321022671404304,0.498887651569859,0.750261322499245,0.0393617602097613,"violation"
240,60,"forward",0.661196578770763,0.299311814729174,0.499722145018832,0.372677996249965,0.313285427096342,0.0139736123671672,"violation in forward orientation",1,0.0782758620689655,1,60,0.661196578770763,0.299311814729174,0.499722145018832,0.372677996249965,0.313285427096342,0.0139736123671672,"violation",1,90,0.155964483968887,0.689834539323384,0.267821573182088,0.498020774022555,0.831326741054915,0.141492201731531,"violation"
241,50,"forward",0.501594493296846,0.329560327676681,0.466476151587624,0.384187454245971,0.460870959695367,0.131310632018686,"violation in forward orientation",1,0.0782758620689655,1,50,0.501594493296846,0.329560327676681,0.466476151587624,0.384187454245971,0.460870959695367,0.131310632018686,"violation at burn-in",1,70,0.156423785657551,0.788036585503097,0.257539376818856,0.483186700722508,0.830830042590767,0.0427934570876698,"violation"
242,50,"reverse",0.152451248673278,0.714489213358372,0.237486841740758,0.499599839871872,0.835126027272645,0.120636813914272,"violation in reverse orientation",1,0.0782758620689655,1,50,0.772137383051339,0.152451248673278,0.493558507170123,0.237486841740758,0.210697433724607,0.0582461850513293,"violation at burn-in",1,50,0.152451248673278,0.714489213358372,0.237486841740758,0.499599839871872,0.835126027272645,0.120636813914272,"violation at burn-in"
243,50,"reverse",0.302716065288689,0.590712364249548,0.366606055596467,0.489897948556636,0.672626507957744,0.0819141437081953,"violation in reverse orientation",1,0.0782758620689655,1,80,0.654590663251262,0.308177297821902,0.5,0.3903123748999,0.319393978606522,0.0112166807846207,"violation",1,50,0.302716065288689,0.590712364249548,0.366606055596467,0.489897948556636,0.672626507957744,0.0819141437081953,"violation at burn-in"
244,50,"forward",0.674489213358372,0.216786995012799,0.499599839871872,0.3,0.300993604283179,0.0842066092703798,"violation in forward orientation",1,0.0782758620689655,1,50,0.674489213358372,0.216786995012799,0.499599839871872,0.3,0.300993604283179,0.0842066092703798,"violation at burn-in",1,50,0.246504271019468,0.694644991687999,0.324961536185438,0.5,0.733415119386027,0.0387701276980281,"violation at burn-in"
245,50,"forward",0.714489213358372,0.216786995012799,0.499599839871872,0.3,0.26400523231779,0.047218237304991,"violation in forward orientation",1,0.0782758620689655,1,50,0.714489213358372,0.216786995012799,0.499599839871872,0.3,0.26400523231779,0.047218237304991,"violation at burn-in",1,60,0.277090389131333,0.694529912104096,0.357071421427142,0.499722145018832,0.700338650769906,0.00580873866581033,"violation"
246,50,"reverse",0.302716065288689,0.590712364249548,0.366606055596467,0.489897948556636,0.672626507957744,0.0819141437081953,"violation in reverse orientation",1,0.0782758620689655,1,50,0.694644991687999,0.275078575707952,0.5,0.346987031457949,0.282355368630475,0.0072767929225232,"violation at burn-in",1,50,0.302716065288689,0.590712364249548,0.366606055596467,0.489897948556636,0.672626507957744,0.0819141437081953,"violation at burn-in"
247,50,"forward",0.753238465893974,0.152451248673278,0.496386945839634,0.237486841740758,0.2281734381636,0.0757221894903221,"violation in forward orientation",1,0.0782758620689655,1,50,0.753238465893974,0.152451248673278,0.496386945839634,0.237486841740758,0.2281734381636,0.0757221894903221,"violation at burn-in",1,60,0.34236971261758,0.592139703863035,0.4,0.493006648591635,0.629744223367336,0.0376045195043012,"violation"
248,50,"forward",0.454790769027509,0.478395081610861,0.448998886412873,0.458257569495584,0.508169738807567,0.0297746571967057,"violation in forward orientation",1,0.0782758620689655,1,50,0.454790769027509,0.478395081610861,0.448998886412873,0.458257569495584,0.508169738807567,0.0297746571967057,"violation at burn-in",1,60,0.230926430345563,0.74303982794241,0.321022671404304,0.495535624910617,0.750261322499245,0.00722149455683496,"violation"
249,50,"reverse",0.216786995012799,0.674489213358372,0.3,0.499599839871872,0.765552003955563,0.0910627905971906,"violation in reverse orientation",1,0.0782758620689655,1,100,0.658571340202755,0.286560022992806,0.499599839871872,0.384187454245971,0.315713009612626,0.0291529866198204,"violation",1,50,0.216786995012799,0.674489213358372,0.3,0.499599839871872,0.765552003955563,0.0910627905971906,"violation at burn-in"
250,50,"forward",0.694644991687999,0.216786995012799,0.5,0.3,0.282355368630475,0.0655683736176759,"violation in forward orientation",1,0.0782758620689655,1,50,0.694644991687999,0.216786995012799,0.5,0.3,0.282355368630475,0.0655683736176759,"violation at burn-in",1,50,0.329560327676681,0.633238465893974,0.384187454245971,0.496386945839634,0.643596560477913,0.0103580945839392,"violation at burn-in"
251,50,"reverse",0.355715993350399,0.61213738305134,0.4,0.493558507170123,0.615311275904487,0.00317389285314784,"violation in reverse orientation",1,0.0782758620689655,1,80,0.511130300599852,0.413053876615838,0.480722113075735,0.446514277487294,0.45205311000752,0.0389992333916824,"violation",1,50,0.355715993350399,0.61213738305134,0.4,0.493558507170123,0.615311275904487,0.00317389285314784,"violation at burn-in"
252,60,"forward",0.710899562289484,0.25432432379694,0.498887651569859,0.339934634239519,0.26732461604184,0.0130002922449007,"violation in forward orientation",1,0.0782758620689655,1,60,0.710899562289484,0.25432432379694,0.498887651569859,0.339934634239519,0.26732461604184,0.0130002922449007,"violation",1,70,0.219286761535403,0.748285526233975,0.318157963590287,0.492598275701905,0.762848704091549,0.014563177857574,"violation"
253,70,"forward",0.734750092269623,0.239040057693904,0.494871659305394,0.334724986110285,0.245269809179915,0.00622975148601032,"violation in forward orientation",1,0.0782758620689655,1,70,0.734750092269623,0.239040057693904,0.494871659305394,0.334724986110285,0.245269809179915,0.00622975148601032,"violation",1,120,0.271486962828648,0.700531010507825,0.379967103839267,0.49434299833213,0.706398313312424,0.0058673028045988,"violation"
254,50,"reverse",0.275078575707952,0.674489213358372,0.346987031457949,0.499599839871872,0.702514267934418,0.0280250545760453,"violation in reverse orientation",1,0.0782758620689655,1,50,0.654021127930363,0.302716065288689,0.498397431775085,0.366606055596467,0.319920633213943,0.0172045679252543,"violation at burn-in",1,50,0.275078575707952,0.674489213358372,0.346987031457949,0.499599839871872,0.702514267934418,0.0280250545760453,"violation at burn-in"
255,50,"forward",0.734021127930363,0.185611725055255,0.498397431775084,0.271293199325011,0.245943889283166,0.0603321642279112,"violation in forward orientation",1,0.0782758620689655,1,50,0.734021127930363,0.185611725055255,0.498397431775084,0.271293199325011,0.245943889283166,0.0603321642279112,"violation at burn-in",1,50,0.246504271019468,0.694644991687999,0.324961536185438,0.5,0.733415119386027,0.0387701276980281,"violation at burn-in"
256,50,"reverse",0.302716065288689,0.524410079701748,0.366606055596467,0.47370877129308,0.672626507957744,0.148216428255996,"violation in reverse orientation",1,0.0782758620689655,1,90,0.678976500805676,0.289392299544533,0.498887651569859,0.382325567424117,0.296844167852767,0.00745186830823397,"violation",1,50,0.302716065288689,0.524410079701748,0.366606055596467,0.47370877129308,0.672626507957744,0.148216428255996,"violation at burn-in"
257,50,"reverse",0.275078575707952,0.61213738305134,0.346987031457949,0.493558507170123,0.702514267934418,0.090376884883078,"violation in reverse orientation",1,0.0782758620689655,1,50,0.654021127930363,0.302716065288689,0.498397431775085,0.366606055596467,0.319920633213943,0.0172045679252543,"violation at burn-in",1,50,0.275078575707952,0.61213738305134,0.346987031457949,0.493558507170123,0.702514267934418,0.090376884883078,"violation at burn-in"
258,50,"reverse",0.216786995012799,0.524410079701748,0.3,0.47370877129308,0.765552003955563,0.241141924253815,"violation in reverse orientation",1,0.0782758620689655,1,50,0.654021127930363,0.185611725055255,0.498397431775085,0.271293199325011,0.319920633213943,0.134308908158689,"violation at burn-in",1,50,0.216786995012799,0.524410079701748,0.3,0.47370877129308,0.765552003955563,0.241141924253815,"violation at burn-in"
259,50,"forward",0.694644991687999,0.275078575707952,0.5,0.346987031457949,0.282355368630475,0.0072767929225232,"violation in forward orientation",1,0.0782758620689655,1,50,0.694644991687999,0.275078575707952,0.5,0.346987031457949,0.282355368630475,0.0072767929225232,"violation at burn-in",1,60,0.230926430345563,0.727070094348715,0.321022671404304,0.49749371855331,0.750261322499245,0.0231912281505302,"violation"
260,50,"reverse",0.381261936620275,0.501594493296846,0.41424630354416,0.466476151587624,0.587685357906497,0.086090864609651,"violation in reverse orientation",1,0.0782758620689655,1,90,0.71133125754252,0.247071505072811,0.495535624910617,0.351539822656808,0.266925423426965,0.0198539183541542,"violation",1,50,0.381261936620275,0.501594493296846,0.41424630354416,0.466476151587624,0.587685357906497,0.086090864609651,"violation at burn-in"
261,50,"reverse",0.302716065288689,0.633238465893974,0.366606055596467,0.496386945839634,0.672626507957744,0.03938804206377,"violation in reverse orientation",1,0.0782758620689655,1,50,0.772137383051339,0.185611725055255,0.493558507170123,0.271293199325011,0.210697433724607,0.0250857086693528,"violation at burn-in",1,50,0.302716065288689,0.633238465893974,0.366606055596467,0.496386945839634,0.672626507957744,0.03938804206377,"violation at burn-in"
262,60,"reverse",0.424062306087747,0.501117648712452,0.442216638714053,0.471404520791032,0.541400142101355,0.040282493388903,"violation in reverse orientation",1,0.0782758620689655,1,60,0.74303982794241,0.206777284463185,0.495535624910617,0.3,0.237604213515919,0.030826929052734,"violation",1,60,0.424062306087747,0.501117648712452,0.442216638714053,0.471404520791032,0.541400142101355,0.040282493388903,"violation"
263,60,"forward",0.556383151271119,0.363298063516486,0.486198404860494,0.411973569810276,0.410207378179444,0.0469093146629588,"violation in forward orientation",1,0.0782758620689655,1,60,0.556383151271119,0.363298063516486,0.486198404860494,0.411973569810276,0.410207378179444,0.0469093146629588,"violation",1,70,0.25834289775755,0.679232364913215,0.349927106111883,0.499795876701026,0.720612580524182,0.0413802156109667,"violation"
264,50,"forward",0.524410079701748,0.246504271019468,0.47370877129308,0.324961536185438,0.439773174781542,0.193268903762074,"violation in forward orientation",1,0.0782758620689655,1,50,0.524410079701748,0.246504271019468,0.47370877129308,0.324961536185438,0.439773174781542,0.193268903762074,"violation at burn-in",1,100,0.274187264057314,0.697680196938796,0.375632799419859,0.496386945839634,0.703478151017969,0.00579795407917283,"violation"
265,60,"forward",0.592139703863035,0.363298063516486,0.493006648591635,0.411973569810276,0.3771429614927,0.0138448979762148,"violation in forward orientation",1,0.0782758620689655,1,60,0.592139703863035,0.363298063516486,0.493006648591635,0.411973569810276,0.3771429614927,0.0138448979762148,"violation",1,110,0.191656783841918,0.788765722014423,0.311753239990586,0.472464962188592,0.792728340556046,0.00396261854162305,"violation"
266,50,"forward",0.714489213358372,0.216786995012799,0.499599839871872,0.3,0.26400523231779,0.047218237304991,"violation in forward orientation",1,0.0782758620689655,1,50,0.714489213358372,0.216786995012799,0.499599839871872,0.3,0.26400523231779,0.047218237304991,"violation at burn-in",1,70,0.199008410223142,0.77493133917732,0.3,0.486763572497166,0.784778137840334,0.00984679866301452,"violation"
267,50,"forward",0.590712364249548,0.246504271019468,0.489897948556636,0.324961536185438,0.378462835706315,0.131958564686847,"violation in forward orientation",1,0.0782758620689655,1,50,0.590712364249548,0.246504271019468,0.489897948556636,0.324961536185438,0.378462835706315,0.131958564686847,"violation at burn-in",1,70,0.25834289775755,0.707263868466018,0.349927106111883,0.498159879261791,0.720612580524182,0.0133487120581639,"violation"
268,50,"forward",0.654021127930363,0.152451248673278,0.498397431775085,0.237486841740758,0.319920633213943,0.167469384540665,"violation in forward orientation",1,0.0782758620689655,1,50,0.654021127930363,0.152451248673278,0.498397431775085,0.237486841740758,0.319920633213943,0.167469384540665,"violation at burn-in",1,150,0.360048031523678,0.600671049514658,0.438634243989226,0.499822190606042,0.610626519108669,0.00995546959401095,"violation"
269,50,"reverse",0.185611725055255,0.790712364249548,0.271293199325011,0.489897948556636,0.799265593714762,0.00855322946521397,"violation in reverse orientation",1,0.0782758620689655,1,90,0.689834539323383,0.247071505072811,0.498020774022555,0.351539822656808,0.28680363866508,0.039732133592269,"violation",1,50,0.185611725055255,0.790712364249548,0.271293199325011,0.489897948556636,0.799265593714762,0.00855322946521397,"violation at burn-in"
270,60,"forward",0.694529912104096,0.25432432379694,0.499722145018832,0.339934634239519,0.282461783791851,0.0281374599949112,"violation in forward orientation",1,0.0782758620689655,1,60,0.694529912104096,0.25432432379694,0.499722145018832,0.339934634239519,0.282461783791851,0.0281374599949112,"violation",1,80,0.243974143961777,0.727841623971563,0.344374432848898,0.49434299833213,0.736151251768452,0.00830962779688871,"violation"
271,50,"reverse",0.355715993350399,0.430755917550709,0.4,0.438634243989226,0.615311275904487,0.184555358353778,"violation in reverse orientation",1,0.0782758620689655,1,80,0.703815767828986,0.227252112493843,0.49749371855331,0.330718913883074,0.273875066652622,0.0466229541587793,"violation",1,50,0.355715993350399,0.430755917550709,0.4,0.438634243989226,0.615311275904487,0.184555358353778,"violation at burn-in"
272,50,"reverse",0.216786995012799,0.633238465893974,0.3,0.496386945839634,0.765552003955563,0.132313538061589,"violation in reverse orientation",1,0.0782758620689655,1,60,0.758806370529702,0.206777284463185,0.493006648591635,0.3,0.223024744970247,0.0162474605070621,"violation",1,50,0.216786995012799,0.633238465893974,0.3,0.496386945839634,0.765552003955563,0.132313538061589,"violation at burn-in"
273,50,"reverse",0.355715993350399,0.524410079701748,0.4,0.47370877129308,0.615311275904487,0.0909011962027396,"violation in reverse orientation",1,0.0782758620689655,1,50,0.878395081610861,0.0745005976726398,0.458257569495584,0.14,0.112439951761964,0.0379393540893241,"violation at burn-in",1,50,0.355715993350399,0.524410079701748,0.4,0.47370877129308,0.615311275904487,0.0909011962027396,"violation at burn-in"
274,70,"forward",0.66501401703857,0.295810536031579,0.5,0.376883027379226,0.309755406431227,0.0139448703996486,"violation in forward orientation",1,0.0782758620689655,1,70,0.66501401703857,0.295810536031579,0.5,0.376883027379226,0.309755406431227,0.0139448703996486,"violation",1,160,0.2365484833143,0.732064644419067,0.363092188706945,0.484122918275927,0.744181516690006,0.0121168722709389,"violation"
275,90,"reverse",0.289392299544533,0.634820744786183,0.382325567424117,0.499876527964533,0.687035107240376,0.0522143624541939,"violation in reverse orientation",1,0.0782758620689655,1,160,0.720240586751941,0.205927109800452,0.487179381747627,0.337673566481002,0.258686883857961,0.0527597740575091,"violation",1,90,0.289392299544533,0.634820744786183,0.382325567424117,0.499876527964533,0.687035107240376,0.0522143624541939,"violation"
276,50,"forward",0.633238465893974,0.246504271019468,0.496386945839634,0.324961536185438,0.339138554059767,0.0926342830402984,"violation in forward orientation",1,0.0782758620689655,1,50,0.633238465893974,0.246504271019468,0.496386945839634,0.324961536185438,0.339138554059767,0.0926342830402984,"violation at burn-in",1,100,0.236241940338561,0.735880378407413,0.346987031457949,0.489897948556636,0.744513018683147,0.00863264027573341,"violation"
277,50,"forward",0.772137383051339,0.185611725055255,0.493558507170123,0.271293199325011,0.210697433724607,0.0250857086693528,"violation in forward orientation",1,0.0782758620689655,1,50,0.772137383051339,0.185611725055255,0.493558507170123,0.271293199325011,0.210697433724607,0.0250857086693528,"violation at burn-in",1,90,0.247071505072811,0.71133125754252,0.351539822656808,0.495535624910617,0.732801700602553,0.0214704430600322,"violation"
278,50,"forward",0.454790769027509,0.4062591846095,0.448998886412873,0.427083130081252,0.508169738807567,0.101910554198067,"violation in forward orientation",1,0.0782758620689655,1,50,0.454790769027509,0.4062591846095,0.448998886412873,0.427083130081252,0.508169738807567,0.101910554198067,"violation at burn-in",1,50,0.275078575707952,0.674489213358372,0.346987031457949,0.499599839871872,0.702514267934418,0.0280250545760453,"violation at burn-in"
279,50,"forward",0.790712364249548,0.152451248673278,0.489897948556636,0.237486841740758,0.193520975879371,0.041069727206093,"violation in forward orientation",1,0.0782758620689655,1,50,0.790712364249548,0.152451248673278,0.489897948556636,0.237486841740758,0.193520975879371,0.041069727206093,"violation at burn-in",1,60,0.206777284463185,0.74303982794241,0.3,0.495535624910617,0.776376714552699,0.033336886610289,"violation"
280,50,"forward",0.714489213358372,0.185611725055255,0.499599839871872,0.271293199325011,0.26400523231779,0.0783935072625357,"violation in forward orientation",1,0.0782758620689655,1,50,0.714489213358372,0.185611725055255,0.499599839871872,0.271293199325011,0.26400523231779,0.0783935072625357,"violation at burn-in",1,50,0.302716065288689,0.633238465893974,0.366606055596467,0.496386945839634,0.672626507957744,0.03938804206377,"violation at burn-in"
281,70,"forward",0.721075689618868,0.239040057693904,0.496723961448963,0.334724986110285,0.25791465647118,0.0188745987772759,"violation in forward orientation",1,0.0782758620689655,1,70,0.721075689618868,0.239040057693904,0.496723961448963,0.334724986110285,0.25791465647118,0.0188745987772759,"violation",1,90,0.261362863693741,0.600945650434495,0.362433476228891,0.498020774022555,0.717346726121056,0.116401075686561,"violation"
282,50,"forward",0.734021127930363,0.216786995012799,0.498397431775084,0.3,0.245943889283166,0.0291568942703665,"violation in forward orientation",1,0.0782758620689655,1,50,0.734021127930363,0.216786995012799,0.498397431775084,0.3,0.245943889283166,0.0291568942703665,"violation at burn-in",1,60,0.155449781144742,0.819765062450468,0.249443825784929,0.476969600708473,0.831883351467103,0.0121182890166346,"violation"
283,50,"reverse",0.430755917550709,0.478395081610861,0.438634243989226,0.458257569495584,0.534161530497442,0.0557664488865804,"violation in reverse orientation",1,0.0782758620689655,1,70,0.748285526233975,0.219286761535403,0.492598275701905,0.318157963590287,0.232753467525255,0.0134667059898513,"violation",1,50,0.430755917550709,0.478395081610861,0.438634243989226,0.458257569495584,0.534161530497442,0.0557664488865804,"violation at burn-in"
284,50,"forward",0.612137383051339,0.302716065288689,0.493558507170123,0.366606055596467,0.358650921586163,0.0559348562974735,"violation in forward orientation",1,0.0782758620689655,1,50,0.612137383051339,0.302716065288689,0.493558507170123,0.366606055596467,0.358650921586163,0.0559348562974735,"violation at burn-in",1,70,0.314054244758118,0.621549582751732,0.388875931109034,0.498159879261791,0.660365163251858,0.038815580500126,"violation"
285,50,"reverse",0.216786995012799,0.633238465893974,0.3,0.496386945839634,0.765552003955563,0.132313538061589,"violation in reverse orientation",1,0.0782758620689655,1,70,0.650660936341786,0.277251743648749,0.499795876701026,0.363935405795914,0.323027833622774,0.0457760899740254,"violation",1,50,0.216786995012799,0.633238465893974,0.3,0.496386945839634,0.765552003955563,0.132313538061589,"violation at burn-in"
286,50,"reverse",0.355715993350399,0.590712364249548,0.4,0.489897948556636,0.615311275904487,0.0245989116549391,"violation in reverse orientation",1,0.0782758620689655,1,80,0.654590663251262,0.308177297821902,0.5,0.3903123748999,0.319393978606522,0.0112166807846207,"violation",1,50,0.355715993350399,0.590712364249548,0.4,0.489897948556636,0.615311275904487,0.0245989116549391,"violation at burn-in"
287,90,"reverse",0.247071505072811,0.678976500805676,0.351539822656808,0.498887651569859,0.732801700602553,0.0538251997968763,"violation in reverse orientation",1,0.0782758620689655,1,90,0.623601442490623,0.330249254092939,0.499505928733089,0.408097059382377,0.348049999216824,0.0178007451238851,"violation",1,90,0.247071505072811,0.678976500805676,0.351539822656808,0.498887651569859,0.732801700602553,0.0538251997968763,"violation"
288,110,"reverse",0.272841182473027,0.677328051572394,0.378011325205305,0.497929597731969,0.704933831830897,0.0276057802585029,"violation in reverse orientation",1,0.0782758620689655,1,120,0.643563631019352,0.311460526685915,0.499722145018832,0.406116431033707,0.329590777853228,0.0181302511673123,"violation",1,110,0.272841182473027,0.677328051572394,0.378011325205305,0.497929597731969,0.704933831830897,0.0276057802585029,"violation"
289,50,"forward",0.654021127930363,0.152451248673278,0.498397431775085,0.237486841740758,0.319920633213943,0.167469384540665,"violation in forward orientation",1,0.0782758620689655,1,50,0.654021127930363,0.152451248673278,0.498397431775085,0.237486841740758,0.319920633213943,0.167469384540665,"violation at burn-in",1,50,0.302716065288689,0.633238465893974,0.366606055596467,0.496386945839634,0.672626507957744,0.03938804206377,"violation at burn-in"
290,50,"reverse",0.275078575707952,0.524410079701748,0.346987031457949,0.47370877129308,0.702514267934418,0.17810418823267,"violation in reverse orientation",1,0.0782758620689655,1,50,0.753238465893974,0.185611725055255,0.496386945839634,0.271293199325011,0.2281734381636,0.0425617131083456,"violation at burn-in",1,50,0.275078575707952,0.524410079701748,0.346987031457949,0.47370877129308,0.702514267934418,0.17810418823267,"violation at burn-in"
291,50,"forward",0.546859192020479,0.381261936620275,0.48,0.41424630354416,0.419014271863092,0.0377523352428172,"violation in forward orientation",1,0.0782758620689655,1,50,0.546859192020479,0.381261936620275,0.48,0.41424630354416,0.419014271863092,0.0377523352428172,"violation at burn-in",1,70,0.239040057693904,0.721075689618868,0.334724986110285,0.496723961448963,0.741487075980979,0.0204113863621114,"violation"
292,50,"reverse",0.302716065288689,0.546859192020479,0.366606055596467,0.48,0.672626507957744,0.125767315937265,"violation in reverse orientation",1,0.0782758620689655,1,50,0.633238465893974,0.246504271019468,0.496386945839634,0.324961536185438,0.339138554059767,0.0926342830402984,"violation at burn-in",1,50,0.302716065288689,0.546859192020479,0.366606055596467,0.48,0.672626507957744,0.125767315937265,"violation at burn-in"
293,50,"forward",0.753238465893974,0.152451248673278,0.496386945839634,0.237486841740758,0.2281734381636,0.0757221894903221,"violation in forward orientation",1,0.0782758620689655,1,50,0.753238465893974,0.152451248673278,0.496386945839634,0.237486841740758,0.2281734381636,0.0757221894903221,"violation at burn-in",1,50,0.275078575707952,0.654021127930363,0.346987031457949,0.498397431775084,0.702514267934418,0.0484931400040548,"violation at burn-in"
294,50,"forward",0.674489213358372,0.275078575707952,0.499599839871872,0.346987031457949,0.300993604283179,0.0259150285752271,"violation in forward orientation",1,0.0782758620689655,1,50,0.674489213358372,0.275078575707952,0.499599839871872,0.346987031457949,0.300993604283179,0.0259150285752271,"violation at burn-in",1,50,0.275078575707952,0.694644991687999,0.346987031457949,0.5,0.702514267934418,0.00786927624641853,"violation at burn-in"
295,50,"reverse",0.430755917550709,0.501594493296846,0.438634243989226,0.466476151587624,0.534161530497442,0.0325670372005961,"violation in reverse orientation",1,0.0782758620689655,1,90,0.721968833534088,0.247071505072811,0.493913572686508,0.351539822656808,0.25708875798731,0.0100172529144991,"violation",1,50,0.430755917550709,0.501594493296846,0.438634243989226,0.466476151587624,0.534161530497442,0.0325670372005961,"violation at burn-in"
296,50,"forward",0.633238465893974,0.116284945699819,0.496386945839634,0.195959179422654,0.339138554059767,0.222853608359947,"violation in forward orientation",1,0.0782758620689655,1,50,0.633238465893974,0.116284945699819,0.496386945839634,0.195959179422654,0.339138554059767,0.222853608359947,"violation at burn-in",1,90,0.261362863693741,0.668045886935067,0.362433476228891,0.499505928733089,0.717346726121056,0.0493008391859886,"violation"
297,50,"reverse",0.152451248673278,0.753238465893974,0.237486841740758,0.496386945839634,0.835126027272645,0.081887561378671,"violation in reverse orientation",1,0.0782758620689655,1,120,0.716482191093379,0.261302669646642,0.491525403435288,0.372677996249965,0.262162307273262,0.00085963762661917,"violation",1,50,0.152451248673278,0.753238465893974,0.237486841740758,0.496386945839634,0.835126027272645,0.081887561378671,"violation at burn-in"
298,50,"forward",0.612137383051339,0.246504271019468,0.493558507170123,0.324961536185438,0.358650921586163,0.112146650566694,"violation in forward orientation",1,0.0782758620689655,1,50,0.612137383051339,0.246504271019468,0.493558507170123,0.324961536185438,0.358650921586163,0.112146650566694,"violation at burn-in",1,70,0.295810536031579,0.66501401703857,0.376883027379226,0.5,0.680094291901922,0.0150802748633514,"violation"
299,50,"forward",0.772137383051339,0.185611725055255,0.493558507170123,0.271293199325011,0.210697433724607,0.0250857086693528,"violation in forward orientation",1,0.0782758620689655,1,50,0.772137383051339,0.185611725055255,0.493558507170123,0.271293199325011,0.210697433724607,0.0250857086693528,"violation at burn-in",1,70,0.219286761535403,0.734750092269623,0.318157963590287,0.494871659305394,0.762848704091549,0.0280986118219256,"violation"
300,60,"reverse",0.25432432379694,0.710899562289484,0.339934634239519,0.498887651569859,0.724958350556311,0.0140587882668266,"violation in reverse orientation",1,0.0782758620689655,1,90,0.577997924209187,0.382890080077361,0.495535624910617,0.436173031697567,0.390219996644928,0.00732991656756626,"violation",1,60,0.25432432379694,0.710899562289484,0.339934634239519,0.498887651569859,0.724958350556311,0.0140587882668266,"violation"
301,50,"reverse",0.246504271019468,0.714489213358372,0.324961536185438,0.499599839871872,0.733415119386027,0.0189259060276549,"violation in reverse orientation",1,0.0782758620689655,1,60,0.727070094348715,0.181705607971508,0.49749371855331,0.276385399196283,0.252371574674713,0.0706659667032048,"violation",1,50,0.246504271019468,0.714489213358372,0.324961536185438,0.499599839871872,0.733415119386027,0.0189259060276549,"violation at burn-in"
302,50,"forward",0.590712364249548,0.329560327676681,0.489897948556636,0.384187454245971,0.378462835706315,0.0489025080296339,"violation in forward orientation",1,0.0782758620689655,1,50,0.590712364249548,0.329560327676681,0.489897948556636,0.384187454245971,0.378462835706315,0.0489025080296339,"violation at burn-in",1,90,0.261362863693741,0.700619622653076,0.362433476228891,0.496903994999953,0.717346726121056,0.0167271034679793,"violation"
303,50,"forward",0.714489213358372,0.0745005976726398,0.499599839871872,0.14,0.26400523231779,0.189504634645151,"violation in forward orientation",1,0.0782758620689655,1,50,0.714489213358372,0.0745005976726398,0.499599839871872,0.14,0.26400523231779,0.189504634645151,"violation at burn-in",1,50,0.216786995012799,0.694644991687999,0.3,0.5,0.765552003955563,0.0709070122675638,"violation at burn-in"
304,50,"reverse",0.216786995012799,0.654021127930363,0.3,0.498397431775084,0.765552003955563,0.1115308760252,"violation in reverse orientation",1,0.0782758620689655,1,60,0.710899562289484,0.206777284463185,0.498887651569859,0.3,0.26732461604184,0.0605473315786553,"violation",1,50,0.216786995012799,0.654021127930363,0.3,0.498397431775084,0.765552003955563,0.1115308760252,"violation at burn-in"
305,50,"forward",0.590712364249548,0.355715993350399,0.489897948556636,0.4,0.378462835706315,0.0227468423559158,"violation in forward orientation",1,0.0782758620689655,1,50,0.590712364249548,0.355715993350399,0.489897948556636,0.4,0.378462835706315,0.0227468423559158,"violation at burn-in",1,60,0.34236971261758,0.627070094348715,0.4,0.49749371855331,0.629744223367336,0.00267412901862119,"violation"
306,50,"forward",0.612137383051339,0.216786995012799,0.493558507170123,0.3,0.358650921586163,0.141863926573363,"violation in forward orientation",1,0.0782758620689655,1,50,0.612137383051339,0.216786995012799,0.493558507170123,0.3,0.358650921586163,0.141863926573363,"violation at burn-in",1,50,0.185611725055255,0.734021127930363,0.271293199325011,0.498397431775084,0.799265593714762,0.0652444657843994,"violation at burn-in"
307,50,"forward",0.714489213358372,0.152451248673278,0.499599839871872,0.237486841740758,0.26400523231779,0.111553983644512,"violation in forward orientation",1,0.0782758620689655,1,50,0.714489213358372,0.152451248673278,0.499599839871872,0.237486841740758,0.26400523231779,0.111553983644512,"violation at burn-in",1,70,0.239040057693904,0.707263868466018,0.334724986110285,0.498159879261791,0.741487075980979,0.0342232075149617,"violation"
308,50,"reverse",0.275078575707952,0.590712364249548,0.346987031457949,0.489897948556636,0.702514267934418,0.111801903684869,"violation in reverse orientation",1,0.0782758620689655,1,60,0.789716484604453,0.181705607971508,0.486198404860494,0.276385399196283,0.19444187504801,0.0127362670765016,"violation",1,50,0.275078575707952,0.590712364249548,0.346987031457949,0.489897948556636,0.702514267934418,0.111801903684869,"violation at burn-in"
309,50,"reverse",0.185611725055255,0.61213738305134,0.271293199325011,0.493558507170123,0.799265593714762,0.187128210663423,"violation in reverse orientation",1,0.0782758620689655,1,50,0.633238465893974,0.246504271019468,0.496386945839634,0.324961536185438,0.339138554059767,0.0926342830402984,"violation at burn-in",1,50,0.185611725055255,0.61213738305134,0.271293199325011,0.493558507170123,0.799265593714762,0.187128210663423,"violation at burn-in"
310,50,"reverse",0.275078575707952,0.590712364249548,0.346987031457949,0.489897948556636,0.702514267934418,0.111801903684869,"violation in reverse orientation",1,0.0782758620689655,1,50,0.654021127930363,0.302716065288689,0.498397431775085,0.366606055596467,0.319920633213943,0.0172045679252543,"violation at burn-in",1,50,0.275078575707952,0.590712364249548,0.346987031457949,0.489897948556636,0.702514267934418,0.111801903684869,"violation at burn-in"
311,60,"forward",0.574366575369876,0.363298063516486,0.489897948556636,0.411973569810276,0.393577938685041,0.0302798751685555,"violation in forward orientation",1,0.0782758620689655,1,60,0.574366575369876,0.363298063516486,0.489897948556636,0.411973569810276,0.393577938685041,0.0302798751685555,"violation",1,90,0.316774321444153,0.645967901805191,0.4,0.5,0.657423615363694,0.0114557135585033,"violation"
312,50,"reverse",0.216786995012799,0.694644991687999,0.3,0.5,0.765552003955563,0.0709070122675638,"violation in reverse orientation",1,0.0782758620689655,1,70,0.693315814683084,0.258342897757551,0.499183005990176,0.349927106111883,0.283584470967117,0.025241573209566,"violation",1,50,0.216786995012799,0.694644991687999,0.3,0.5,0.765552003955563,0.0709070122675638,"violation at burn-in"
313,50,"forward",0.753238465893974,0.116284945699819,0.496386945839634,0.195959179422654,0.2281734381636,0.111888492463781,"violation in forward orientation",1,0.0782758620689655,1,50,0.753238465893974,0.116284945699819,0.496386945839634,0.195959179422654,0.2281734381636,0.111888492463781,"violation at burn-in",1,90,0.303158498150334,0.668045886935067,0.391420332306856,0.499505928733089,0.672148051796376,0.00410216486130932,"violation"
314,50,"reverse",0.216786995012799,0.633238465893974,0.3,0.496386945839634,0.765552003955563,0.132313538061589,"violation in reverse orientation",1,0.0782758620689655,1,50,0.694644991687999,0.216786995012799,0.5,0.3,0.282355368630475,0.0655683736176759,"violation at burn-in",1,50,0.216786995012799,0.633238465893974,0.3,0.496386945839634,0.765552003955563,0.132313538061589,"violation at burn-in"
315,50,"reverse",0.152451248673278,0.80895608070809,0.237486841740758,0.485386443980464,0.835126027272645,0.0261699465645551,"violation in reverse orientation",1,0.0782758620689655,1,160,0.696369530078241,0.251578187192657,0.49228421668788,0.374530956664466,0.280760671944304,0.0291824847516468,"violation",1,50,0.152451248673278,0.80895608070809,0.237486841740758,0.485386443980464,0.835126027272645,0.0261699465645551,"violation at burn-in"
316,50,"forward",0.546859192020479,0.381261936620275,0.48,0.41424630354416,0.419014271863092,0.0377523352428172,"violation in forward orientation",1,0.0782758620689655,1,50,0.546859192020479,0.381261936620275,0.48,0.41424630354416,0.419014271863092,0.0377523352428172,"violation at burn-in",1,120,0.301574017175407,0.618616552533164,0.4,0.499930550732355,0.673861542702555,0.0552449901693911,"violation"
317,50,"forward",0.714489213358372,0.246504271019468,0.499599839871872,0.324961536185438,0.26400523231779,0.0175009612983223,"violation in forward orientation",1,0.0782758620689655,1,50,0.714489213358372,0.246504271019468,0.499599839871872,0.324961536185438,0.26400523231779,0.0175009612983223,"violation at burn-in",1,90,0.289392299544533,0.678976500805676,0.382325567424117,0.498887651569859,0.687035107240376,0.00805860643470002,"violation"
318,50,"forward",0.734021127930363,0.152451248673278,0.498397431775084,0.237486841740758,0.245943889283166,0.0934926406098877,"violation in forward orientation",1,0.0782758620689655,1,50,0.734021127930363,0.152451248673278,0.498397431775084,0.237486841740758,0.245943889283166,0.0934926406098877,"violation at burn-in",1,120,0.230215830491362,0.716482191093379,0.348707932548461,0.491525403435288,0.751029780061926,0.034547588968547,"violation"
319,50,"reverse",0.152451248673278,0.826859192020479,0.237486841740758,0.48,0.835126027272645,0.00826683525216565,"violation in reverse orientation",1,0.0782758620689655,1,60,0.74303982794241,0.181705607971508,0.495535624910617,0.276385399196283,0.237604213515919,0.0558986055444107,"violation",1,50,0.152451248673278,0.826859192020479,0.237486841740758,0.48,0.835126027272645,0.00826683525216565,"violation at burn-in"
320,50,"reverse",0.329560327676681,0.524410079701748,0.384187454245971,0.47370877129308,0.643596560477913,0.119186480776165,"violation in reverse orientation",1,0.0782758620689655,1,70,0.748285526233975,0.219286761535403,0.492598275701905,0.318157963590287,0.232753467525255,0.0134667059898513,"violation",1,50,0.329560327676681,0.524410079701748,0.384187454245971,0.47370877129308,0.643596560477913,0.119186480776165,"violation at burn-in"
321,50,"reverse",0.355715993350399,0.56895608070809,0.4,0.485386443980464,0.615311275904487,0.0463551951963977,"violation in reverse orientation",1,0.0782758620689655,1,60,0.758806370529702,0.206777284463185,0.493006648591635,0.3,0.223024744970247,0.0162474605070621,"violation",1,50,0.355715993350399,0.56895608070809,0.4,0.485386443980464,0.615311275904487,0.0463551951963977,"violation at burn-in"
322,50,"forward",0.734021127930363,0.216786995012799,0.498397431775084,0.3,0.245943889283166,0.0291568942703665,"violation in forward orientation",1,0.0782758620689655,1,50,0.734021127930363,0.216786995012799,0.498397431775084,0.3,0.245943889283166,0.0291568942703665,"violation at burn-in",1,80,0.227252112493843,0.751467297585606,0.330718913883074,0.489897948556636,0.75423480676631,0.00276750918070412,"violation"
323,70,"reverse",0.277251743648749,0.66501401703857,0.363935405795914,0.5,0.700164158615921,0.0351501415773507,"violation in reverse orientation",1,0.0782758620689655,1,70,0.636172957540227,0.332011213630856,0.499183005990176,0.4,0.336425002346243,0.00441378871538717,"violation",1,70,0.277251743648749,0.66501401703857,0.363935405795914,0.5,0.700164158615921,0.0351501415773507,"violation"
324,50,"reverse",0.216786995012799,0.633238465893974,0.3,0.496386945839634,0.765552003955563,0.132313538061589,"violation in reverse orientation",1,0.0782758620689655,1,60,0.661196578770763,0.230926430345563,0.499722145018832,0.321022671404304,0.313285427096342,0.0823589967507784,"violation",1,50,0.216786995012799,0.633238465893974,0.3,0.496386945839634,0.765552003955563,0.132313538061589,"violation at burn-in"
325,50,"reverse",0.302716065288689,0.590712364249548,0.366606055596467,0.489897948556636,0.672626507957744,0.0819141437081953,"violation in reverse orientation",1,0.0782758620689655,1,80,0.590878168740764,0.354108657851495,0.496078370824611,0.417582327212252,0.378309514751449,0.0242008568999543,"violation",1,50,0.302716065288689,0.590712364249548,0.366606055596467,0.489897948556636,0.672626507957744,0.0819141437081953,"violation at burn-in"
326,50,"forward",0.694644991687999,0.275078575707952,0.5,0.346987031457949,0.282355368630475,0.0072767929225232,"violation in forward orientation",1,0.0782758620689655,1,50,0.694644991687999,0.275078575707952,0.5,0.346987031457949,0.282355368630475,0.0072767929225232,"violation at burn-in",1,70,0.219286761535403,0.734750092269623,0.318157963590287,0.494871659305394,0.762848704091549,0.0280986118219256,"violation"
327,60,"reverse",0.34236971261758,0.609706494609077,0.4,0.495535624910617,0.629744223367336,0.0200377287582592,"violation in reverse orientation",1,0.0782758620689655,1,70,0.693315814683084,0.239040057693904,0.499183005990176,0.334724986110285,0.283584470967117,0.0445444132732123,"violation",1,60,0.34236971261758,0.609706494609077,0.4,0.495535624910617,0.629744223367336,0.0200377287582592,"violation"
328,50,"reverse",0.246504271019468,0.590712364249548,0.324961536185438,0.489897948556636,0.733415119386027,0.142702755136479,"violation in reverse orientation",1,0.0782758620689655,1,50,0.674489213358372,0.275078575707952,0.499599839871872,0.346987031457949,0.300993604283179,0.0259150285752271,"violation at burn-in",1,50,0.246504271019468,0.590712364249548,0.324961536185438,0.489897948556636,0.733415119386027,0.142702755136479,"violation at burn-in"
329,50,"forward",0.654021127930363,0.216786995012799,0.498397431775085,0.3,0.319920633213943,0.103133638201144,"violation in forward orientation",1,0.0782758620689655,1,50,0.654021127930363,0.216786995012799,0.498397431775085,0.3,0.319920633213943,0.103133638201144,"violation at burn-in",1,90,0.122426786343621,0.753429237782545,0.229061423645426,0.487498021521785,0.867595109564509,0.114165871781964,"violation"
330,50,"reverse",0.185611725055255,0.524410079701748,0.271293199325011,0.47370877129308,0.799265593714762,0.274855514013014,"violation in reverse orientation",1,0.0782758620689655,1,90,0.600945650434495,0.330249254092939,0.498020774022555,0.408097059382377,0.369000020810388,0.0387507667174491,"violation",1,50,0.185611725055255,0.524410079701748,0.271293199325011,0.47370877129308,0.799265593714762,0.274855514013014,"violation at burn-in"
331,50,"reverse",0.246504271019468,0.674489213358372,0.324961536185438,0.499599839871872,0.733415119386027,0.0589259060276549,"violation in reverse orientation",1,0.0782758620689655,1,50,0.694644991687999,0.246504271019468,0.5,0.324961536185438,0.282355368630475,0.0358510976110072,"violation at burn-in",1,50,0.246504271019468,0.674489213358372,0.324961536185438,0.499599839871872,0.733415119386027,0.0589259060276549,"violation at burn-in"
332,50,"reverse",0.381261936620275,0.546859192020479,0.41424630354416,0.48,0.587685357906497,0.0408261658860176,"violation in reverse orientation",1,0.0782758620689655,1,50,0.633238465893974,0.329560327676681,0.496386945839634,0.384187454245971,0.339138554059767,0.00957822638308542,"violation at burn-in",1,50,0.381261936620275,0.546859192020479,0.41424630354416,0.48,0.587685357906497,0.0408261658860176,"violation at burn-in"
333,50,"forward",0.80895608070809,0.152451248673278,0.485386443980464,0.237486841740758,0.176650841619381,0.0241995929461027,"violation in forward orientation",1,0.0782758620689655,1,50,0.80895608070809,0.152451248673278,0.485386443980464,0.237486841740758,0.176650841619381,0.0241995929461027,"violation at burn-in",1,70,0.239040057693904,0.693315814683084,0.334724986110285,0.499183005990176,0.741487075980979,0.0481712612978955,"violation"
334,50,"forward",0.590712364249548,0.275078575707952,0.489897948556636,0.346987031457949,0.378462835706315,0.103384259998363,"violation in forward orientation",1,0.0782758620689655,1,50,0.590712364249548,0.275078575707952,0.489897948556636,0.346987031457949,0.378462835706315,0.103384259998363,"violation at burn-in",1,50,0.246504271019468,0.674489213358372,0.324961536185438,0.499599839871872,0.733415119386027,0.0589259060276549,"violation at burn-in"
335,50,"forward",0.633238465893974,0.329560327676681,0.496386945839634,0.384187454245971,0.339138554059767,0.00957822638308542,"violation in forward orientation",1,0.0782758620689655,1,50,0.633238465893974,0.329560327676681,0.496386945839634,0.384187454245971,0.339138554059767,0.00957822638308542,"violation at burn-in",1,90,0.382890080077361,0.566413277978533,0.436173031697567,0.493913572686508,0.585924649477793,0.0195113714992604,"violation"
336,60,"forward",0.661196578770763,0.25432432379694,0.499722145018832,0.339934634239519,0.313285427096342,0.058961103299402,"violation in forward orientation",1,0.0782758620689655,1,60,0.661196578770763,0.25432432379694,0.499722145018832,0.339934634239519,0.313285427096342,0.058961103299402,"violation",1,90,0.507348898454775,0.421207676384509,0.481894409826699,0.453246178986025,0.455549807734841,0.0343421313503319,"violation"
337,50,"forward",0.56895608070809,0.152451248673278,0.485386443980464,0.237486841740758,0.398581073411713,0.246129824738435,"violation in forward orientation",1,0.0782758620689655,1,50,0.56895608070809,0.152451248673278,0.485386443980464,0.237486841740758,0.398581073411713,0.246129824738435,"violation at burn-in",1,90,0.187580741083115,0.657042967008405,0.3,0.499876527964533,0.797136258549968,0.140093291541563,"violation"
338,50,"forward",0.524410079701748,0.302716065288689,0.47370877129308,0.366606055596467,0.439773174781542,0.137057109492853,"violation in forward orientation",1,0.0782758620689655,1,50,0.524410079701748,0.302716065288689,0.47370877129308,0.366606055596467,0.439773174781542,0.137057109492853,"violation at burn-in",1,50,0.275078575707952,0.654021127930363,0.346987031457949,0.498397431775084,0.702514267934418,0.0484931400040548,"violation at burn-in"
339,70,"forward",0.77493133917732,0.199008410223142,0.486763572497166,0.3,0.208113836513539,0.00910542629039687,"violation in forward orientation",1,0.0782758620689655,1,70,0.77493133917732,0.199008410223142,0.486763572497166,0.3,0.208113836513539,0.00910542629039687,"violation",1,90,0.303158498150334,0.600945650434495,0.391420332306856,0.498020774022555,0.672148051796376,0.0712024013618816,"violation"
340,60,"reverse",0.424062306087747,0.463104996184793,0.442216638714053,0.458257569495584,0.541400142101355,0.0782951459165618,"violation in reverse orientation",1,0.0782758620689655,1,80,0.603815767828986,0.338978878076396,0.49749371855331,0.409076704298839,0.366345996566094,0.027367118489698,"violation",1,60,0.424062306087747,0.463104996184793,0.442216638714053,0.458257569495584,0.541400142101355,0.0782951459165618,"violation"
341,50,"forward",0.56895608070809,0.275078575707952,0.485386443980464,0.346987031457949,0.398581073411713,0.123502497703761,"violation in forward orientation",1,0.0782758620689655,1,50,0.56895608070809,0.275078575707952,0.485386443980464,0.346987031457949,0.398581073411713,0.123502497703761,"violation at burn-in",1,80,0.292478733192347,0.667042346118264,0.379967103839267,0.499843725578305,0.683697373262031,0.0166550271437669,"violation"
342,50,"forward",0.714489213358372,0.185611725055255,0.499599839871872,0.271293199325011,0.26400523231779,0.0783935072625357,"violation in forward orientation",1,0.0782758620689655,1,50,0.714489213358372,0.185611725055255,0.499599839871872,0.271293199325011,0.26400523231779,0.0783935072625357,"violation at burn-in",1,50,0.185611725055255,0.734021127930363,0.271293199325011,0.498397431775084,0.799265593714762,0.0652444657843994,"violation at burn-in"
343,70,"reverse",0.25834289775755,0.707263868466018,0.349927106111883,0.498159879261791,0.720612580524182,0.0133487120581639,"violation in reverse orientation",1,0.0782758620689655,1,80,0.551467297585606,0.369072457693506,0.489897948556636,0.42555111326373,0.414753113795624,0.0456806561021184,"violation",1,70,0.25834289775755,0.707263868466018,0.349927106111883,0.498159879261791,0.720612580524182,0.0133487120581639,"violation"
344,50,"forward",0.734021127930363,0.152451248673278,0.498397431775084,0.237486841740758,0.245943889283166,0.0934926406098877,"violation in forward orientation",1,0.0782758620689655,1,50,0.734021127930363,0.152451248673278,0.498397431775084,0.237486841740758,0.245943889283166,0.0934926406098877,"violation at burn-in",1,50,0.116284945699819,0.80895608070809,0.195959179422654,0.485386443980464,0.8742370246502,0.0652809439421101,"violation at burn-in"
345,50,"forward",0.612137383051339,0.246504271019468,0.493558507170123,0.324961536185438,0.358650921586163,0.112146650566694,"violation in forward orientation",1,0.0782758620689655,1,50,0.612137383051339,0.246504271019468,0.493558507170123,0.324961536185438,0.358650921586163,0.112146650566694,"violation at burn-in",1,50,0.216786995012799,0.694644991687999,0.3,0.5,0.765552003955563,0.0709070122675638,"violation at burn-in"
346,50,"forward",0.674489213358372,0.152451248673278,0.499599839871872,0.237486841740758,0.300993604283179,0.148542355609901,"violation in forward orientation",1,0.0782758620689655,1,50,0.674489213358372,0.152451248673278,0.499599839871872,0.237486841740758,0.300993604283179,0.148542355609901,"violation at burn-in",1,50,0.329560327676681,0.633238465893974,0.384187454245971,0.496386945839634,0.643596560477913,0.0103580945839392,"violation at burn-in"
347,50,"forward",0.524410079701748,0.302716065288689,0.47370877129308,0.366606055596467,0.439773174781542,0.137057109492853,"violation in forward orientation",1,0.0782758620689655,1,50,0.524410079701748,0.302716065288689,0.47370877129308,0.366606055596467,0.439773174781542,0.137057109492853,"violation at burn-in",1,50,0.116284945699819,0.790712364249548,0.195959179422654,0.489897948556636,0.8742370246502,0.0835246604006515,"violation at burn-in"
348,50,"forward",0.714489213358372,0.216786995012799,0.499599839871872,0.3,0.26400523231779,0.047218237304991,"violation in forward orientation",1,0.0782758620689655,1,50,0.714489213358372,0.216786995012799,0.499599839871872,0.3,0.26400523231779,0.047218237304991,"violation at burn-in",1,50,0.381261936620275,0.56895608070809,0.41424630354416,0.485386443980464,0.587685357906497,0.018729277198407,"violation at burn-in"
349,80,"reverse",0.210195306156735,0.727841623971563,0.315980616494113,0.49434299833213,0.772680394318061,0.0448387703464979,"violation in reverse orientation",1,0.0782758620689655,1,80,0.654590663251262,0.308177297821902,0.5,0.3903123748999,0.319393978606522,0.0112166807846207,"violation",1,80,0.210195306156735,0.727841623971563,0.315980616494113,0.49434299833213,0.772680394318061,0.0448387703464979,"violation"
350,50,"reverse",0.329560327676681,0.590712364249548,0.384187454245971,0.489897948556636,0.643596560477913,0.0528841962283645,"violation in reverse orientation",1,0.0782758620689655,1,100,0.678237834688651,0.274187264057314,0.498397431775084,0.375632799419859,0.297527219280136,0.0233399552228221,"violation",1,50,0.329560327676681,0.590712364249548,0.384187454245971,0.489897948556636,0.643596560477913,0.0528841962283645,"violation at burn-in"
351,50,"reverse",0.355715993350399,0.56895608070809,0.4,0.485386443980464,0.615311275904487,0.0463551951963977,"violation in reverse orientation",1,0.0782758620689655,1,50,0.694644991687999,0.246504271019468,0.5,0.324961536185438,0.282355368630475,0.0358510976110072,"violation at burn-in",1,50,0.355715993350399,0.56895608070809,0.4,0.485386443980464,0.615311275904487,0.0463551951963977,"violation at burn-in"
352,50,"forward",0.772137383051339,0.185611725055255,0.493558507170123,0.271293199325011,0.210697433724607,0.0250857086693528,"violation in forward orientation",1,0.0782758620689655,1,50,0.772137383051339,0.185611725055255,0.493558507170123,0.271293199325011,0.210697433724607,0.0250857086693528,"violation at burn-in",1,60,0.277090389131333,0.644232895622817,0.357071421427142,0.498887651569859,0.700338650769906,0.0561057551470889,"violation"
353,60,"forward",0.694529912104096,0.25432432379694,0.499722145018832,0.339934634239519,0.282461783791851,0.0281374599949112,"violation in forward orientation",1,0.0782758620689655,1,60,0.694529912104096,0.25432432379694,0.499722145018832,0.339934634239519,0.282461783791851,0.0281374599949112,"violation",1,80,0.243974143961777,0.715878168740764,0.344374432848898,0.496078370824611,0.736151251768452,0.0202730830276874,"violation"
354,50,"reverse",0.216786995012799,0.590712364249548,0.3,0.489897948556636,0.765552003955563,0.174839639706015,"violation in reverse orientation",1,0.0782758620689655,1,140,0.81443388971473,0.170729923720475,0.455073441034185,0.3,0.171585460692057,0.000855536971582083,"violation",1,50,0.216786995012799,0.590712364249548,0.3,0.489897948556636,0.765552003955563,0.174839639706015,"violation at burn-in"
355,70,"reverse",0.219286761535403,0.721075689618868,0.318157963590287,0.496723961448963,0.762848704091549,0.0417730144726807,"violation in reverse orientation",1,0.0782758620689655,1,130,0.629838556737926,0.333707961152927,0.499940824900674,0.421325044234743,0.342282481672577,0.00857452051965063,"violation",1,70,0.219286761535403,0.721075689618868,0.318157963590287,0.496723961448963,0.762848704091549,0.0417730144726807,"violation"
356,80,"forward",0.642042346118264,0.308177297821902,0.499843725578305,0.3903123748999,0.330997524147897,0.0228202263259955,"violation in forward orientation",1,0.0782758620689655,1,80,0.642042346118264,0.308177297821902,0.499843725578305,0.3903123748999,0.330997524147897,0.0228202263259955,"violation",1,100,0.310945864384819,0.648654591240726,0.4,0.499899989998,0.663726630878719,0.0150720396379939,"violation"
357,50,"reverse",0.216786995012799,0.714489213358372,0.3,0.499599839871872,0.765552003955563,0.0510627905971905,"violation in reverse orientation",1,0.0782758620689655,1,50,0.714489213358372,0.246504271019468,0.499599839871872,0.324961536185438,0.26400523231779,0.0175009612983223,"violation at burn-in",1,50,0.216786995012799,0.714489213358372,0.3,0.499599839871872,0.765552003955563,0.0510627905971905,"violation at burn-in"
358,70,"forward",0.800992525430808,0.178102889634612,0.479157423749955,0.279941684889506,0.184014815238457,0.00591192560384488,"violation in forward orientation",1,0.0782758620689655,1,70,0.800992525430808,0.178102889634612,0.479157423749955,0.279941684889506,0.184014815238457,0.00591192560384488,"violation",1,130,0.232462922708656,0.734248022778746,0.353260384714001,0.48650425541052,0.74859972748281,0.0143517047040648,"violation"
359,50,"reverse",0.185611725055255,0.633238465893974,0.271293199325011,0.496386945839634,0.799265593714762,0.166027127820789,"violation in reverse orientation",1,0.0782758620689655,1,80,0.679397303997039,0.276559731956136,0.499374608885954,0.368908864084343,0.296455047228608,0.0198953152724721,"violation",1,50,0.185611725055255,0.633238465893974,0.271293199325011,0.496386945839634,0.799265593714762,0.166027127820789,"violation at burn-in"
360,50,"reverse",0.216786995012799,0.61213738305134,0.3,0.493558507170123,0.765552003955563,0.153414620904223,"violation in reverse orientation",1,0.0782758620689655,1,90,0.668045886935067,0.275464716989807,0.499505928733089,0.372677996249965,0.30695180814417,0.031487091154363,"violation",1,50,0.216786995012799,0.61213738305134,0.3,0.493558507170123,0.765552003955563,0.153414620904223,"violation at burn-in"
361,50,"forward",0.674489213358372,0.216786995012799,0.499599839871872,0.3,0.300993604283179,0.0842066092703798,"violation in forward orientation",1,0.0782758620689655,1,50,0.674489213358372,0.216786995012799,0.499599839871872,0.3,0.300993604283179,0.0842066092703798,"violation at burn-in",1,60,0.206777284463185,0.74303982794241,0.3,0.495535624910617,0.776376714552699,0.033336886610289,"violation"
362,50,"reverse",0.246504271019468,0.654021127930363,0.324961536185438,0.498397431775084,0.733415119386027,0.0793939914556644,"violation in reverse orientation",1,0.0782758620689655,1,50,0.714489213358372,0.216786995012799,0.499599839871872,0.3,0.26400523231779,0.047218237304991,"violation at burn-in",1,50,0.246504271019468,0.654021127930363,0.324961536185438,0.498397431775084,0.733415119386027,0.0793939914556644,"violation at burn-in"
363,50,"reverse",0.275078575707952,0.590712364249548,0.346987031457949,0.489897948556636,0.702514267934418,0.111801903684869,"violation in reverse orientation",1,0.0782758620689655,1,70,0.621549582751732,0.349704765490709,0.498159879261791,0.410325903324145,0.349947372997897,0.000242607507187909,"violation",1,50,0.275078575707952,0.590712364249548,0.346987031457949,0.489897948556636,0.702514267934418,0.111801903684869,"violation at burn-in"
364,90,"reverse",0.202857682846242,0.700619622653076,0.314269680527354,0.496903994999953,0.780615453819851,0.0799958311667751,"violation in reverse orientation",1,0.0782758620689655,1,130,0.462388037860006,0.495324992734472,0.475742956802038,0.484615384615385,0.499953893201163,0.00462890046669195,"violation",1,90,0.202857682846242,0.700619622653076,0.314269680527354,0.496903994999953,0.780615453819851,0.0799958311667751,"violation"
365,70,"forward",0.800992525430808,0.15642378565755,0.479157423749955,0.257539376818856,0.184014815238457,0.0275910295809062,"violation in forward orientation",1,0.0782758620689655,1,70,0.800992525430808,0.15642378565755,0.479157423749955,0.257539376818856,0.184014815238457,0.0275910295809062,"violation",1,90,0.369905994351297,0.589508511541965,0.429757324573638,0.496903994999953,0.599965911675777,0.0104574001338117,"violation"
366,50,"reverse",0.216786995012799,0.714489213358372,0.3,0.499599839871872,0.765552003955563,0.0510627905971905,"violation in reverse orientation",1,0.0782758620689655,1,50,0.826859192020479,0.152451248673278,0.48,0.237486841740758,0.16009566810537,0.00764441943209221,"violation at burn-in",1,50,0.216786995012799,0.714489213358372,0.3,0.499599839871872,0.765552003955563,0.0510627905971905,"violation at burn-in"
367,70,"reverse",0.178102889634612,0.800992525430808,0.279941684889506,0.479157423749955,0.807385805577744,0.00639328014693574,"violation in reverse orientation",1,0.0782758620689655,1,80,0.763126767493411,0.210195306156735,0.487179381747627,0.315980616494114,0.219029633721952,0.00883432756521657,"violation",1,70,0.178102889634612,0.800992525430808,0.279941684889506,0.479157423749955,0.807385805577744,0.00639328014693574,"violation"
368,50,"forward",0.612137383051339,0.246504271019468,0.493558507170123,0.324961536185438,0.358650921586163,0.112146650566694,"violation in forward orientation",1,0.0782758620689655,1,50,0.612137383051339,0.246504271019468,0.493558507170123,0.324961536185438,0.358650921586163,0.112146650566694,"violation at burn-in",1,50,0.185611725055255,0.714489213358372,0.271293199325011,0.499599839871872,0.799265593714762,0.0847763803563899,"violation at burn-in"
369,50,"forward",0.590712364249548,0.355715993350399,0.489897948556636,0.4,0.378462835706315,0.0227468423559158,"violation in forward orientation",1,0.0782758620689655,1,50,0.590712364249548,0.355715993350399,0.489897948556636,0.4,0.378462835706315,0.0227468423559158,"violation at burn-in",1,70,0.332011213630856,0.621549582751732,0.4,0.498159879261791,0.640946121084183,0.0193965383324508,"violation"
370,60,"forward",0.74303982794241,0.230926430345563,0.495535624910617,0.321022671404304,0.237604213515919,0.00667778317035597,"violation in forward orientation",1,0.0782758620689655,1,60,0.74303982794241,0.230926430345563,0.495535624910617,0.321022671404304,0.237604213515919,0.00667778317035597,"violation",1,70,0.219286761535403,0.734750092269623,0.318157963590287,0.494871659305394,0.762848704091549,0.0280986118219256,"violation"
371,50,"forward",0.772137383051339,0.185611725055255,0.493558507170123,0.271293199325011,0.210697433724607,0.0250857086693528,"violation in forward orientation",1,0.0782758620689655,1,50,0.772137383051339,0.185611725055255,0.493558507170123,0.271293199325011,0.210697433724607,0.0250857086693528,"violation at burn-in",1,60,0.206777284463185,0.727070094348715,0.3,0.49749371855331,0.776376714552699,0.0493066202039842,"violation"
372,50,"reverse",0.302716065288689,0.654021127930363,0.366606055596467,0.498397431775084,0.672626507957744,0.0186053800273808,"violation in reverse orientation",1,0.0782758620689655,1,70,0.576856954805403,0.367154334451918,0.492598275701905,0.419912527334259,0.391275061662635,0.0241207272107173,"violation",1,50,0.302716065288689,0.654021127930363,0.366606055596467,0.498397431775084,0.672626507957744,0.0186053800273808,"violation at burn-in"
373,50,"reverse",0.185611725055255,0.714489213358372,0.271293199325011,0.499599839871872,0.799265593714762,0.0847763803563899,"violation in reverse orientation",1,0.0782758620689655,1,120,0.660018390556222,0.311460526685915,0.498887651569859,0.406116431033707,0.314374908694458,0.00291438200854305,"violation",1,50,0.185611725055255,0.714489213358372,0.271293199325011,0.499599839871872,0.799265593714762,0.0847763803563899,"violation at burn-in"
374,50,"reverse",0.381261936620275,0.501594493296846,0.41424630354416,0.466476151587624,0.587685357906497,0.086090864609651,"violation in reverse orientation",1,0.0782758620689655,1,60,0.710899562289484,0.25432432379694,0.498887651569859,0.339934634239519,0.26732461604184,0.0130002922449007,"violation",1,50,0.381261936620275,0.501594493296846,0.41424630354416,0.466476151587624,0.587685357906497,0.086090864609651,"violation at burn-in"
375,50,"reverse",0.185611725055255,0.714489213358372,0.271293199325011,0.499599839871872,0.799265593714762,0.0847763803563899,"violation in reverse orientation",1,0.0782758620689655,1,50,0.590712364249548,0.302716065288689,0.489897948556636,0.366606055596467,0.378462835706315,0.075746770417626,"violation at burn-in",1,50,0.185611725055255,0.714489213358372,0.271293199325011,0.499599839871872,0.799265593714762,0.0847763803563899,"violation at burn-in"
376,50,"forward",0.674489213358372,0.246504271019468,0.499599839871872,0.324961536185438,0.300993604283179,0.0544893332637111,"violation in forward orientation",1,0.0782758620689655,1,50,0.674489213358372,0.246504271019468,0.499599839871872,0.324961536185438,0.300993604283179,0.0544893332637111,"violation at burn-in",1,50,0.185611725055255,0.77213738305134,0.271293199325011,0.493558507170123,0.799265593714762,0.0271282106634226,"violation at burn-in"
377,50,"reverse",0.216786995012799,0.590712364249548,0.3,0.489897948556636,0.765552003955563,0.174839639706015,"violation in reverse orientation",1,0.0782758620689655,1,60,0.727070094348715,0.230926430345563,0.49749371855331,0.321022671404304,0.252371574674713,0.02144514432915,"violation",1,50,0.216786995012799,0.590712364249548,0.3,0.489897948556636,0.765552003955563,0.174839639706015,"violation at burn-in"
378,50,"forward",0.612137383051339,0.216786995012799,0.493558507170123,0.3,0.358650921586163,0.141863926573363,"violation in forward orientation",1,0.0782758620689655,1,50,0.612137383051339,0.216786995012799,0.493558507170123,0.3,0.358650921586163,0.141863926573363,"violation at burn-in",1,50,0.246504271019468,0.714489213358372,0.324961536185438,0.499599839871872,0.733415119386027,0.0189259060276549,"violation at burn-in"
379,50,"reverse",0.152451248673278,0.633238465893974,0.237486841740758,0.496386945839634,0.835126027272645,0.201887561378671,"violation in reverse orientation",1,0.0782758620689655,1,50,0.694644991687999,0.152451248673278,0.5,0.237486841740758,0.282355368630475,0.129904119957197,"violation at burn-in",1,50,0.152451248673278,0.633238465893974,0.237486841740758,0.496386945839634,0.835126027272645,0.201887561378671,"violation at burn-in"
380,50,"reverse",0.275078575707952,0.654021127930363,0.346987031457949,0.498397431775084,0.702514267934418,0.0484931400040548,"violation in reverse orientation",1,0.0782758620689655,1,50,0.56895608070809,0.355715993350399,0.485386443980464,0.4,0.398581073411713,0.0428650800613142,"violation at burn-in",1,50,0.275078575707952,0.654021127930363,0.346987031457949,0.498397431775084,0.702514267934418,0.0484931400040548,"violation at burn-in"
381,60,"reverse",0.321054517826778,0.627070094348715,0.386939558874797,0.49749371855331,0.652794921365883,0.0257248270171675,"violation in reverse orientation",1,0.0782758620689655,1,130,0.697629437745052,0.279408486245356,0.494047406871736,0.387985237320569,0.279595623608752,0.000187137363395873,"violation",1,60,0.321054517826778,0.627070094348715,0.386939558874797,0.49749371855331,0.652794921365883,0.0257248270171675,"violation"
382,50,"forward",0.633238465893974,0.302716065288689,0.496386945839634,0.366606055596467,0.339138554059767,0.0364224887710775,"violation in forward orientation",1,0.0782758620689655,1,50,0.633238465893974,0.302716065288689,0.496386945839634,0.366606055596467,0.339138554059767,0.0364224887710775,"violation at burn-in",1,60,0.299311814729174,0.627070094348715,0.372677996249965,0.49749371855331,0.676307935799661,0.049237841450946,"violation"
383,50,"forward",0.674489213358372,0.185611725055255,0.499599839871872,0.271293199325011,0.300993604283179,0.115381879227925,"violation in forward orientation",1,0.0782758620689655,1,50,0.674489213358372,0.185611725055255,0.499599839871872,0.271293199325011,0.300993604283179,0.115381879227925,"violation at burn-in",1,50,0.185611725055255,0.734021127930363,0.271293199325011,0.498397431775084,0.799265593714762,0.0652444657843994,"violation at burn-in"
384,80,"reverse",0.276559731956136,0.679397303997039,0.368908864084343,0.499374608885954,0.700912514551414,0.0215152105543751,"violation in reverse orientation",1,0.0782758620689655,1,90,0.668045886935067,0.261362863693741,0.499505928733089,0.362433476228891,0.30695180814417,0.045588944450429,"violation",1,80,0.276559731956136,0.679397303997039,0.368908864084343,0.499374608885954,0.700912514551414,0.0215152105543751,"violation"
385,50,"reverse",0.216786995012799,0.524410079701748,0.3,0.47370877129308,0.765552003955563,0.241141924253815,"violation in reverse orientation",1,0.0782758620689655,1,60,0.661196578770763,0.299311814729174,0.499722145018832,0.372677996249965,0.313285427096342,0.0139736123671672,"violation",1,50,0.216786995012799,0.524410079701748,0.3,0.47370877129308,0.765552003955563,0.241141924253815,"violation at burn-in"
386,50,"forward",0.546859192020479,0.302716065288689,0.48,0.366606055596467,0.419014271863092,0.116298206574403,"violation in forward orientation",1,0.0782758620689655,1,50,0.546859192020479,0.302716065288689,0.48,0.366606055596467,0.419014271863092,0.116298206574403,"violation at burn-in",1,70,0.401384518782172,0.561680056860571,0.43705881545081,0.489897948556636,0.565924376178805,0.00424431931823421,"violation"
387,50,"forward",0.772137383051339,0.185611725055255,0.493558507170123,0.271293199325011,0.210697433724607,0.0250857086693528,"violation in forward orientation",1,0.0782758620689655,1,50,0.772137383051339,0.185611725055255,0.493558507170123,0.271293199325011,0.210697433724607,0.0250857086693528,"violation at burn-in",1,50,0.275078575707952,0.694644991687999,0.346987031457949,0.5,0.702514267934418,0.00786927624641853,"violation at burn-in"
388,50,"reverse",0.216786995012799,0.61213738305134,0.3,0.493558507170123,0.765552003955563,0.153414620904223,"violation in reverse orientation",1,0.0782758620689655,1,90,0.700619622653076,0.261362863693741,0.496903994999953,0.362433476228891,0.27683057181817,0.0154677081244291,"violation",1,50,0.216786995012799,0.61213738305134,0.3,0.493558507170123,0.765552003955563,0.153414620904223,"violation at burn-in"
389,50,"forward",0.694644991687999,0.246504271019468,0.5,0.324961536185438,0.282355368630475,0.0358510976110072,"violation in forward orientation",1,0.0782758620689655,1,50,0.694644991687999,0.246504271019468,0.5,0.324961536185438,0.282355368630475,0.0358510976110072,"violation at burn-in",1,50,0.275078575707952,0.694644991687999,0.346987031457949,0.5,0.702514267934418,0.00786927624641853,"violation at burn-in"
390,60,"forward",0.710899562289484,0.230926430345563,0.498887651569859,0.321022671404304,0.26732461604184,0.0363981856962772,"violation in forward orientation",1,0.0782758620689655,1,60,0.710899562289484,0.230926430345563,0.498887651569859,0.321022671404304,0.26732461604184,0.0363981856962772,"violation",1,90,0.316774321444153,0.634820744786183,0.4,0.499876527964533,0.657423615363694,0.0226028705775118,"violation"
391,50,"forward",0.772137383051339,0.185611725055255,0.493558507170123,0.271293199325011,0.210697433724607,0.0250857086693528,"violation in forward orientation",1,0.0782758620689655,1,50,0.772137383051339,0.185611725055255,0.493558507170123,0.271293199325011,0.210697433724607,0.0250857086693528,"violation at burn-in",1,110,0.305937471255794,0.632421839069742,0.4,0.5,0.669142812086923,0.0367209730171807,"violation"
392,50,"reverse",0.275078575707952,0.633238465893974,0.346987031457949,0.496386945839634,0.702514267934418,0.069275802040444,"violation in reverse orientation",1,0.0782758620689655,1,80,0.691655263867034,0.276559731956136,0.498591766879478,0.368908864084343,0.285119997748403,0.00856026579226676,"violation",1,50,0.275078575707952,0.633238465893974,0.346987031457949,0.496386945839634,0.702514267934418,0.069275802040444,"violation at burn-in"
393,50,"reverse",0.185611725055255,0.714489213358372,0.271293199325011,0.499599839871872,0.799265593714762,0.0847763803563899,"violation in reverse orientation",1,0.0782758620689655,1,90,0.753429237782545,0.171968943105426,0.487498021521785,0.28458329944146,0.227997029624225,0.0560280865187997,"violation",1,50,0.185611725055255,0.714489213358372,0.271293199325011,0.499599839871872,0.799265593714762,0.0847763803563899,"violation at burn-in"
394,50,"forward",0.612137383051339,0.355715993350399,0.493558507170123,0.4,0.358650921586163,0.0029349282357633,"violation in forward orientation",1,0.0782758620689655,1,50,0.612137383051339,0.355715993350399,0.493558507170123,0.4,0.358650921586163,0.0029349282357633,"violation at burn-in",1,60,0.277090389131333,0.644232895622817,0.357071421427142,0.498887651569859,0.700338650769906,0.0561057551470889,"violation"
395,70,"forward",0.693315814683084,0.239040057693904,0.499183005990176,0.334724986110285,0.283584470967117,0.0445444132732123,"violation in forward orientation",1,0.0782758620689655,1,70,0.693315814683084,0.239040057693904,0.499183005990176,0.334724986110285,0.283584470967117,0.0445444132732123,"violation",1,90,0.289392299544533,0.657042967008405,0.382325567424117,0.499876527964533,0.687035107240376,0.0299921402319717,"violation"
396,50,"forward",0.590712364249548,0.185611725055255,0.489897948556636,0.271293199325011,0.378462835706315,0.19285111065106,"violation in forward orientation",1,0.0782758620689655,1,50,0.590712364249548,0.185611725055255,0.489897948556636,0.271293199325011,0.378462835706315,0.19285111065106,"violation at burn-in",1,50,0.246504271019468,0.674489213358372,0.324961536185438,0.499599839871872,0.733415119386027,0.0589259060276549,"violation at burn-in"
397,50,"forward",0.694644991687999,0.246504271019468,0.5,0.324961536185438,0.282355368630475,0.0358510976110072,"violation in forward orientation",1,0.0782758620689655,1,50,0.694644991687999,0.246504271019468,0.5,0.324961536185438,0.282355368630475,0.0358510976110072,"violation at burn-in",1,50,0.329560327676681,0.633238465893974,0.384187454245971,0.496386945839634,0.643596560477913,0.0103580945839392,"violation at burn-in"
398,50,"forward",0.714489213358372,0.185611725055255,0.499599839871872,0.271293199325011,0.26400523231779,0.0783935072625357,"violation in forward orientation",1,0.0782758620689655,1,50,0.714489213358372,0.185611725055255,0.499599839871872,0.271293199325011,0.26400523231779,0.0783935072625357,"violation at burn-in",1,50,0.275078575707952,0.633238465893974,0.346987031457949,0.496386945839634,0.702514267934418,0.069275802040444,"violation at burn-in"
399,50,"reverse",0.152451248673278,0.77213738305134,0.237486841740758,0.493558507170123,0.835126027272645,0.0629886442213051,"violation in reverse orientation",1,0.0782758620689655,1,50,0.714489213358372,0.246504271019468,0.499599839871872,0.324961536185438,0.26400523231779,0.0175009612983223,"violation at burn-in",1,50,0.152451248673278,0.77213738305134,0.237486841740758,0.493558507170123,0.835126027272645,0.0629886442213051,"violation at burn-in"
400,50,"forward",0.714489213358372,0.152451248673278,0.499599839871872,0.237486841740758,0.26400523231779,0.111553983644512,"violation in forward orientation",1,0.0782758620689655,1,50,0.714489213358372,0.152451248673278,0.499599839871872,0.237486841740758,0.26400523231779,0.111553983644512,"violation at burn-in",1,90,0.275464716989807,0.566413277978533,0.372677996249965,0.493913572686508,0.702096686666211,0.135683408687678,"violation"
