"trial","stopped_at_n","selected_direction","T1_","T2_","s1","s2","beta_allowed","margin","reason","violation","eps","fwd_violation","fwd_stopped_at_n","fwd_T1_","fwd_T2_","fwd_s1","fwd_s2","fwd_beta_allowed","fwd_margin","fwd_reason","rev_violation","rev_stopped_at_n","rev_T1_","rev_T2_","rev_s1","rev_s2","rev_beta_allowed","rev_margin","rev_reason"
1,3080,"forward",0.257996853803977,0.564165014809209,0.422610927193604,0.498814161335997,0.565133385111285,0.000968370302075527,"violation in forward orientation",1,0.522068965517241,1,3080,0.257996853803977,0.564165014809209,0.422610927193604,0.498814161335997,0.565133385111285,0.000968370302075527,"violation",1,5290,0.549712445908785,0.267057341516835,0.499328847262344,0.430974694860507,0.267145970227021,8.86287101852234e-05,"violation"
2,1850,"reverse",0.533631437562395,0.276578277441096,0.499989481262621,0.430007049732416,0.27668670024541,0.00010842280431439,"violation in reverse orientation",1,0.522068965517241,1,8370,0.270074614179321,0.544669359929521,0.434689535529804,0.499376103289676,0.544776183405836,0.000106823476314966,"violation",1,1850,0.533631437562395,0.276578277441096,0.499989481262621,0.430007049732416,0.27668670024541,0.00010842280431439,"violation"
3,6390,"reverse",0.506082143224354,0.292896593784756,0.499745135511372,0.445622762990691,0.293031470039365,0.000134876254608618,"violation in reverse orientation",1,0.522068965517241,1,8670,0.279619759210049,0.52854651031355,0.440000679680954,0.499916966747504,0.528687733506218,0.00014122319266785,"violation",1,6390,0.506082143224354,0.292896593784756,0.499745135511372,0.445622762990691,0.293031470039365,0.000134876254608618,"violation"
4,4970,"forward",0.305763211473162,0.484350217507439,0.450794041065197,0.498394200472608,0.484622649048716,0.000272431541276763,"violation in forward orientation",1,0.522068965517241,1,4970,0.305763211473162,0.484350217507439,0.450794041065197,0.498394200472608,0.484622649048716,0.000272431541276763,"violation",1,5850,0.560587986279422,0.260418015296849,0.498570796884628,0.427602284758739,0.260693601554279,0.000275586257429461,"violation"
5,630,"reverse",0.531592387750778,0.272709690536563,0.499271325924997,0.416795898326361,0.277896451731613,0.00518676119505029,"violation in reverse orientation",1,0.522068965517241,1,3160,0.285034509689531,0.518105063728073,0.438183051151337,0.499870196257862,0.51956111033521,0.00145604660713738,"violation",1,630,0.531592387750778,0.272709690536563,0.499271325924997,0.416795898326361,0.277896451731613,0.00518676119505029,"violation"
6,2130,"forward",0.269594965279191,0.543208101319964,0.427025953417737,0.49992858049735,0.545584637051568,0.00237653573160457,"violation in forward orientation",1,0.522068965517241,1,2130,0.269594965279191,0.543208101319964,0.427025953417737,0.49992858049735,0.545584637051568,0.00237653573160457,"violation",1,2250,0.447694625452985,0.327019581667505,0.492587223585332,0.456490963765987,0.327672304214767,0.00065272254726223,"violation"
7,1100,"forward",0.2936477638119,0.504001120018744,0.43509189681915,0.498248170763748,0.505043373100804,0.00104225308205985,"violation in forward orientation",1,0.522068965517241,1,1100,0.2936477638119,0.504001120018744,0.43509189681915,0.498248170763748,0.505043373100804,0.00104225308205985,"violation",1,4620,0.470957496052171,0.313816353329691,0.497063206732721,0.454181672610793,0.313870634377975,5.42810482842548e-05,"violation"
8,1460,"forward",0.318157488934072,0.461471101789696,0.449734080433951,0.493756762271652,0.46373195421591,0.00226085242621393,"violation in forward orientation",1,0.522068965517241,1,1460,0.318157488934072,0.461471101789696,0.449734080433951,0.493756762271652,0.46373195421591,0.00226085242621393,"violation",0,10050,0.52206193598053,0.288006487919371,0.499985703119774,0.444857238810059,0.283550790398357,-0.00445569752101344,"max_iter reached without violation"
9,120,"reverse",0.43479120276108,0.321281192805974,0.465176191231762,0.411973569810276,0.335327798793518,0.0140466059875442,"violation in reverse orientation",1,0.522068965517241,1,9590,0.293213620414907,0.505704455349899,0.447285995293627,0.499832783633142,0.505775126706358,7.06713564588846e-05,"violation",1,120,0.43479120276108,0.321281192805974,0.465176191231762,0.411973569810276,0.335327798793518,0.0140466059875442,"violation"
10,1310,"forward",0.339897500305225,0.42625142938955,0.458589970229208,0.486532093736409,0.427088919182294,0.000837489792744117,"violation in forward orientation",1,0.522068965517241,1,1310,0.339897500305225,0.42625142938955,0.458589970229208,0.486532093736409,0.427088919182294,0.000837489792744117,"violation",1,5310,0.552207769663289,0.265489915565563,0.499190687077631,0.430092783212207,0.265665515162426,0.000175599596863585,"violation"
11,940,"reverse",0.475272343630032,0.310562450030776,0.494582465622308,0.442403565131344,0.311310670790859,0.000748220760083129,"violation in reverse orientation",1,0.522068965517241,1,1900,0.341561065563892,0.423966680925536,0.461622754927696,0.487391155545682,0.424284961124806,0.000318280199270216,"violation",1,940,0.475272343630032,0.310562450030776,0.494582465622308,0.442403565131344,0.311310670790859,0.000748220760083129,"violation"
12,7340,"reverse",0.498735516061983,0.29728417644937,0.499512640295336,0.448315318434388,0.297390163523762,0.000105987074391523,"violation in reverse orientation",1,0.522068965517241,1,8250,0.288422383653096,0.51378022313905,0.444366744355875,0.499963267704917,0.513850810454634,7.05873155837367e-05,"violation",1,7340,0.498735516061983,0.29728417644937,0.499512640295336,0.448315318434388,0.297390163523762,0.000105987074391523,"violation"
13,540,"reverse",0.677775635306376,0.18862853839372,0.486198404860494,0.351539822656808,0.191167133016193,0.00253859462247302,"violation in reverse orientation",1,0.522068965517241,0,10050,0.309271873316815,0.483012062991828,0.454973086993472,0.49875773501339,0.478708759830208,-0.00430330316161981,"max_iter reached without violation",1,540,0.677775635306376,0.18862853839372,0.486198404860494,0.351539822656808,0.191167133016193,0.00253859462247302,"violation"
14,480,"forward",0.471342920898949,0.300653668764712,0.491132301421928,0.42934361238989,0.313641964985716,0.0129882962210041,"violation in forward orientation",1,0.522068965517241,1,480,0.471342920898949,0.300653668764712,0.491132301421928,0.42934361238989,0.313641964985716,0.0129882962210041,"violation",1,910,0.500212486507064,0.29612577057204,0.497548633963594,0.434587251280993,0.296513889103768,0.000388118531727266,"violation"
15,2990,"forward",0.292906530181671,0.505738116941359,0.441981057991786,0.499403565922749,0.506292730767497,0.000554613826137529,"violation in forward orientation",1,0.522068965517241,1,2990,0.292906530181671,0.505738116941359,0.441981057991786,0.499403565922749,0.506292730767497,0.000554613826137529,"violation",1,3030,0.508543257948119,0.291176772289293,0.499539593491542,0.441166116063005,0.291571310911408,0.000394538622114637,"violation"
16,50,"forward",0.501594493296846,0.275078575707952,0.466476151587624,0.346987031457949,0.29569395583958,0.0206153801316276,"violation in forward orientation",1,0.522068965517241,1,50,0.501594493296846,0.275078575707952,0.466476151587624,0.346987031457949,0.29569395583958,0.0206153801316276,"violation at burn-in",1,2800,0.492717016562233,0.300861745873968,0.498537529547523,0.445609963752965,0.30096088978707,9.91439131024507e-05,"violation"
17,280,"forward",0.479473403942333,0.303820494247964,0.48915535281102,0.422199657769175,0.308818216252731,0.00499772200476745,"violation in forward orientation",1,0.522068965517241,1,280,0.479473403942333,0.303820494247964,0.48915535281102,0.422199657769175,0.308818216252731,0.00499772200476745,"violation",1,1940,0.481292471959227,0.307014185744836,0.497005594060223,0.446384312216272,0.307738978156436,0.000724792411599506,"violation"
18,2810,"reverse",0.514946059095085,0.287689518203945,0.499743478478063,0.438906479427755,0.287772581640905,8.30634369602956e-05,"violation in reverse orientation",1,0.522068965517241,1,4590,0.308911046592023,0.479209511860282,0.451916187804854,0.497882320603877,0.479316937355597,0.00010742549531445,"violation",1,2810,0.514946059095085,0.287689518203945,0.499743478478063,0.438906479427755,0.287772581640905,8.30634369602956e-05,"violation"
19,5480,"reverse",0.539547758420061,0.273163852407943,0.499742061444685,0.434581546698652,0.27317659573024,1.27433222969486e-05,"violation in reverse orientation",1,0.522068965517241,1,6780,0.281174951455039,0.520489517719799,0.439853475754494,0.499998934049211,0.526066439388921,0.00557692166912205,"violation",1,5480,0.539547758420061,0.273163852407943,0.499742061444685,0.434581546698652,0.27317659573024,1.27433222969486e-05,"violation"
20,3940,"reverse",0.509911638786583,0.290312469134521,0.499710743716203,0.442127317312978,0.290759461812092,0.000446992677570535,"violation in reverse orientation",1,0.522068965517241,1,6780,0.283136735902015,0.52196448142885,0.440884520556977,0.499999804213291,0.522759829516843,0.00079534808799353,"violation",1,3940,0.509911638786583,0.290312469134521,0.499710743716203,0.442127317312978,0.290759461812092,0.000446992677570535,"violation"
21,440,"forward",0.448799334577391,0.32438199137903,0.485832335123178,0.440604393311005,0.327016889375239,0.00263489799620875,"violation in forward orientation",1,0.522068965517241,1,440,0.448799334577391,0.32438199137903,0.485832335123178,0.440604393311005,0.327016889375239,0.00263489799620875,"violation",1,1620,0.446979626062714,0.328073541582092,0.491582863131429,0.454952928721794,0.328096507473602,2.29658915102404e-05,"violation"
22,3650,"forward",0.274779670740731,0.536833420628135,0.4334074256658,0.499918251902349,0.536845757359985,1.23367318498602e-05,"violation in forward orientation",1,0.522068965517241,1,3650,0.274779670740731,0.536833420628135,0.4334074256658,0.499918251902349,0.536845757359985,1.23367318498602e-05,"violation",1,6780,0.481334628667975,0.307094436460767,0.498387947837193,0.452648595532638,0.307713966927788,0.000619530467021179,"violation"
23,6580,"forward",0.285524055984971,0.517838162289932,0.442002563360777,0.499984386448875,0.518735974517747,0.00089781222781482,"violation in forward orientation",1,0.522068965517241,1,6580,0.285524055984971,0.517838162289932,0.442002563360777,0.499984386448875,0.518735974517747,0.00089781222781482,"violation",1,8810,0.51488155660663,0.287758521135934,0.499980403166258,0.444270603436762,0.287810850436904,5.23293009700443e-05,"violation"
24,4360,"forward",0.232086656998885,0.608497603509282,0.408024879962148,0.493058242437086,0.608805314856303,0.000307711347020456,"violation in forward orientation",1,0.522068965517241,1,4360,0.232086656998885,0.608497603509282,0.408024879962148,0.493058242437086,0.608805314856303,0.000307711347020456,"violation",1,5740,0.479938820080892,0.30850337611539,0.498144860610354,0.452657999251445,0.308542088684823,3.87125694333856e-05,"violation"
25,820,"forward",0.424941171856815,0.32612942124831,0.483965070199401,0.448639625295058,0.341171741132587,0.0150423198842769,"violation in forward orientation",1,0.522068965517241,1,820,0.424941171856815,0.32612942124831,0.483965070199401,0.448639625295058,0.341171741132587,0.0150423198842769,"violation",1,880,0.381862656480264,0.366537012172613,0.471671679830069,0.46621248436578,0.366729870072492,0.000192857899878329,"violation"
26,980,"reverse",0.46086188851695,0.319764281819205,0.492419630882002,0.447282274113741,0.319860275312823,9.59934936187734e-05,"violation in reverse orientation",1,0.522068965517241,1,4260,0.293347463932849,0.505397837941277,0.444056696504123,0.499573094658969,0.50554953194317,0.000151694001893077,"violation",1,980,0.46086188851695,0.319764281819205,0.492419630882002,0.447282274113741,0.319860275312823,9.59934936187734e-05,"violation"
27,1610,"reverse",0.447134381440224,0.326832027509696,0.491592835655742,0.4543634280658,0.328004692380673,0.00117266487097761,"violation in reverse orientation",1,0.522068965517241,1,6610,0.300643186269947,0.492968958929386,0.449530963719988,0.499173079881219,0.493252509433396,0.000283550504010466,"violation",1,1610,0.447134381440224,0.326832027509696,0.491592835655742,0.4543634280658,0.328004692380673,0.00117266487097761,"violation"
28,590,"reverse",0.524654968891703,0.281385598946699,0.498731513608174,0.421158304827047,0.28201236529457,0.000626766347870622,"violation in reverse orientation",1,0.522068965517241,1,2240,0.312781122984847,0.472622970518421,0.450042514998442,0.496245269023354,0.472793879827062,0.000170909308641165,"violation",1,590,0.524654968891703,0.281385598946699,0.498731513608174,0.421158304827047,0.28201236529457,0.000626766347870622,"violation"
29,70,"reverse",0.650660936341786,0.178102889634612,0.499795876701026,0.279941684889506,0.20725406094874,0.029151171314128,"violation in reverse orientation",1,0.522068965517241,1,3290,0.291285789757253,0.508932624572435,0.441680558549787,0.499597402608941,0.509024507082534,9.18825100981735e-05,"violation",1,70,0.650660936341786,0.178102889634612,0.499795876701026,0.279941684889506,0.20725406094874,0.029151171314128,"violation"
30,4180,"forward",0.314047931487362,0.470136265840578,0.453850576892794,0.496856260073653,0.470658659769168,0.000522393928589826,"violation in forward orientation",1,0.522068965517241,1,4180,0.314047931487362,0.470136265840578,0.453850576892794,0.496856260073653,0.470658659769168,0.000522393928589826,"violation",1,5580,0.466005147331645,0.31662347240794,0.496721015581749,0.456195670511346,0.316808822150887,0.000185349742947261,"violation"
31,80,"forward",0.691655263867034,0.174864243211402,0.498591766879478,0.282566363886433,0.182932463522815,0.00806822031141263,"violation in forward orientation",1,0.522068965517241,1,80,0.691655263867034,0.174864243211402,0.498591766879478,0.282566363886433,0.182932463522815,0.00806822031141263,"violation",1,5250,0.484418343402989,0.305768925277455,0.498442963392104,0.451027991850957,0.305884424332774,0.000115499055318602,"violation"
32,2360,"reverse",0.456217779918907,0.319178382658863,0.494082877637088,0.453290025447674,0.322615586755713,0.00343720409685,"violation in reverse orientation",1,0.522068965517241,1,5810,0.269955428802979,0.544777471967958,0.433062376400707,0.499521961542659,0.54497707170558,0.000199599737622069,"violation",1,2360,0.456217779918907,0.319178382658863,0.494082877637088,0.453290025447674,0.322615586755713,0.00343720409685,"violation"
33,1390,"forward",0.278862423904833,0.529362742507559,0.428994199238378,0.499850399440489,0.529964230728204,0.000601488220645097,"violation in forward orientation",1,0.522068965517241,1,1390,0.278862423904833,0.529362742507559,0.428994199238378,0.499850399440489,0.529964230728204,0.000601488220645097,"violation",1,6740,0.489631694275372,0.302524816870242,0.498981409267379,0.450497879879383,0.302791386129376,0.00026656925913382,"violation"
34,50,"reverse",0.302716065288689,0.454790769027509,0.366606055596467,0.448998886412873,0.489758648404187,0.0349678793766784,"violation in reverse orientation",1,0.522068965517241,1,280,0.464636923606228,0.315656938241354,0.485911199580284,0.428809457708675,0.317620578036326,0.00196363979497155,"violation",1,50,0.302716065288689,0.454790769027509,0.366606055596467,0.448998886412873,0.489758648404187,0.0349678793766784,"violation at burn-in"
35,280,"forward",0.490552112022985,0.295893744134178,0.491301893971933,0.417582327212252,0.302245309848278,0.00635156571409951,"violation in forward orientation",1,0.522068965517241,1,280,0.490552112022985,0.295893744134178,0.491301893971933,0.417582327212252,0.302245309848278,0.00635156571409951,"violation",1,2730,0.451463864799184,0.324968164402963,0.493641355942928,0.456641413955155,0.32543604550498,0.000467881102017564,"violation"
36,1550,"reverse",0.483348143161605,0.306282975783375,0.49683954325091,0.444459474829673,0.306519365335771,0.000236389552395522,"violation in reverse orientation",1,0.522068965517241,1,6720,0.275262982934583,0.536026813253121,0.4366445465119,0.499791601092288,0.536031129191252,4.31593813066122e-06,"violation",1,1550,0.483348143161605,0.306282975783375,0.49683954325091,0.444459474829673,0.306519365335771,0.000236389552395522,"violation"
37,2850,"reverse",0.532549280729238,0.27721433019952,0.499996922120413,0.433316144271624,0.277328734995987,0.000114404796467793,"violation in reverse orientation",1,0.522068965517241,1,5580,0.289317062719512,0.512030310822899,0.443251194740614,0.499872512362927,0.512342818769863,0.00031250794696458,"violation",1,2850,0.532549280729238,0.27721433019952,0.499996922120413,0.433316144271624,0.277328734995987,0.000114404796467793,"violation"
38,840,"forward",0.429924100224736,0.337398607607559,0.485327518747407,0.453982128770099,0.338215410706331,0.000816803098771968,"violation in forward orientation",1,0.522068965517241,1,840,0.429924100224736,0.337398607607559,0.485327518747407,0.453982128770099,0.338215410706331,0.000816803098771968,"violation",1,1260,0.422276086585071,0.342230624812634,0.485425658616056,0.459289355437442,0.342752914309417,0.000522289496783457,"violation"
39,4000,"forward",0.313008482200679,0.468583962921578,0.453181461999495,0.496624606720207,0.47241066329747,0.00382670037589211,"violation in forward orientation",1,0.522068965517241,1,4000,0.313008482200679,0.468583962921578,0.453181461999495,0.496624606720207,0.47241066329747,0.00382670037589211,"violation",1,5140,0.509724632362264,0.2908684494958,0.499792686661295,0.443676818859211,0.290870411185893,1.96169009253344e-06,"violation"
40,1760,"reverse",0.550144443228704,0.266575409324186,0.499843725578305,0.423785561295816,0.26688966976941,0.000314260445224146,"violation in reverse orientation",1,0.522068965517241,1,5070,0.25792649152597,0.564819469587494,0.425414159003245,0.498346374056967,0.565251981526624,0.000432511939130076,"violation",1,1760,0.550144443228704,0.266575409324186,0.499843725578305,0.423785561295816,0.26688966976941,0.000314260445224146,"violation"
41,230,"forward",0.558073955704861,0.259537563549332,0.49878870289164,0.389876622431169,0.262185155221388,0.00264759167205525,"violation in forward orientation",1,0.522068965517241,1,230,0.558073955704861,0.259537563549332,0.49878870289164,0.389876622431169,0.262185155221388,0.00264759167205525,"violation",1,7760,0.501136185020401,0.295936396246432,0.499631184386351,0.447867681424806,0.295965866371343,2.94701249104468e-05,"violation"
42,280,"forward",0.475771278006254,0.295893744134178,0.488385511827762,0.417582327212252,0.311014657128165,0.0151209129939864,"violation in forward orientation",1,0.522068965517241,1,280,0.475771278006254,0.295893744134178,0.488385511827762,0.417582327212252,0.311014657128165,0.0151209129939864,"violation",1,3520,0.531057287526689,0.277955655636004,0.499991929170399,0.434963128958903,0.278213922294457,0.000258266658452744,"violation"
43,2790,"reverse",0.507736893919236,0.291552567848933,0.499456931988403,0.440883672191173,0.292049720059043,0.00049715221011043,"violation in reverse orientation",1,0.522068965517241,1,4120,0.28464315459591,0.519398354029182,0.439401577543186,0.499950452347556,0.520220743771518,0.000822389742335283,"violation",1,2790,0.507736893919236,0.291552567848933,0.499456931988403,0.440883672191173,0.292049720059043,0.00049715221011043,"violation"
44,100,"forward",0.587987176577287,0.236241940338561,0.49749371855331,0.346987031457949,0.244437887253061,0.00819594691450018,"violation in forward orientation",1,0.522068965517241,1,100,0.587987176577287,0.236241940338561,0.49749371855331,0.346987031457949,0.244437887253061,0.00819594691450018,"violation",1,6830,0.495806247658932,0.298759777391311,0.499343068502102,0.448754630635057,0.299128074380029,0.000368296988717265,"violation"
45,80,"forward",0.863053876615838,0.0732709191287607,0.446514277487294,0.15612494995996,0.0812430759832601,0.00797215685449945,"violation in forward orientation",1,0.522068965517241,1,80,0.863053876615838,0.0732709191287607,0.446514277487294,0.15612494995996,0.0812430759832601,0.00797215685449945,"violation",1,5650,0.514353558996111,0.287977195093954,0.499921679197515,0.442620472598073,0.28812410707752,0.000146911983566311,"violation"
46,3790,"forward",0.30939705326674,0.478159088798131,0.451269800669345,0.497585666457935,0.478497767608894,0.00033867881076266,"violation in forward orientation",1,0.522068965517241,1,3790,0.30939705326674,0.478159088798131,0.451269800669345,0.497585666457935,0.478497767608894,0.00033867881076266,"violation",1,8730,0.531060878694462,0.278196589003833,0.499863469036579,0.439271510138139,0.278211791684147,1.52026803131866e-05,"violation"
47,5700,"forward",0.317432671912,0.464895782476894,0.456631955060387,0.496616406016284,0.464953641503893,5.78590269988966e-05,"violation in forward orientation",1,0.522068965517241,1,5700,0.317432671912,0.464895782476894,0.456631955060387,0.496616406016284,0.464953641503893,5.78590269988966e-05,"violation",1,8270,0.458852923230566,0.320996369769265,0.496286866656026,0.459461336713307,0.321052177897589,5.58081283243972e-05,"violation"
48,6790,"reverse",0.541374062252606,0.272022521475071,0.499604542544733,0.434909033846265,0.272093064684018,7.05432089466718e-05,"violation in reverse orientation",1,0.522068965517241,1,7710,0.274109100954702,0.537644974987987,0.436584121445593,0.499702337710286,0.53797601031811,0.000331035330122798,"violation",1,6790,0.541374062252606,0.272022521475071,0.499604542544733,0.434909033846265,0.272093064684018,7.05432089466718e-05,"violation"
49,2070,"forward",0.289758447993138,0.511469029476359,0.438051053559418,0.499439345869051,0.511598858899344,0.000129829422984562,"violation in forward orientation",1,0.522068965517241,1,2070,0.289758447993138,0.511469029476359,0.438051053559418,0.499439345869051,0.511598858899344,0.000129829422984562,"violation",1,3540,0.459524861118521,0.320589044994997,0.495304647784847,0.456004656835261,0.320653522673986,6.44776789882617e-05,"violation"
50,7000,"forward",0.260340057948856,0.56102909241066,0.428380314530851,0.498408876489239,0.561183888024746,0.000154795614085601,"violation in forward orientation",1,0.522068965517241,1,7000,0.260340057948856,0.56102909241066,0.428380314530851,0.498408876489239,0.561183888024746,0.000154795614085601,"violation",1,8060,0.485869045764706,0.304845360119818,0.498834528233573,0.452231786972549,0.305023734550638,0.00017837443081975,"violation"
51,80,"forward",0.751467297585606,0.137340883031412,0.489897948556636,0.242061459137964,0.147446475749678,0.0101055927182654,"violation in forward orientation",1,0.522068965517241,1,80,0.751467297585606,0.137340883031412,0.489897948556636,0.242061459137964,0.147446475749678,0.0101055927182654,"violation",1,7980,0.472407354583268,0.312826106245425,0.497727260961116,0.455811457070196,0.313010445233608,0.000184338988183042,"violation"
52,3420,"reverse",0.446298454921053,0.328268769321969,0.493251541166475,0.459145428080343,0.328500640710705,0.000231871388736093,"violation in reverse orientation",1,0.522068965517241,1,7640,0.258623593012296,0.563992447200638,0.427750533489146,0.498096603913744,0.564077009087589,8.45618869512732e-05,"violation",1,3420,0.446298454921053,0.328268769321969,0.493251541166475,0.459145428080343,0.328500640710705,0.000231871388736093,"violation"
53,820,"forward",0.401079632493544,0.340207790487107,0.4773514077161,0.454994100150674,0.35532859622428,0.0151208057371725,"violation in forward orientation",1,0.522068965517241,1,820,0.401079632493544,0.340207790487107,0.4773514077161,0.454994100150674,0.35532859622428,0.0151208057371725,"violation",1,3840,0.442454557679379,0.330277642221755,0.49282944247985,0.460495609748043,0.330781193335969,0.000503551114213407,"violation"
54,4020,"forward",0.312760958974467,0.472823537603549,0.45309154507572,0.49710455917135,0.472827866494602,4.32889105295153e-06,"violation in forward orientation",1,0.522068965517241,1,4020,0.312760958974467,0.472823537603549,0.45309154507572,0.49710455917135,0.472827866494602,4.32889105295153e-06,"violation",1,7480,0.516786745244364,0.28649098013844,0.499984968603592,0.44301278827875,0.28668051768443,0.000189537545989882,"violation"
55,70,"forward",0.898661999464136,0.0534488391899587,0.428809457708675,0.118666055184544,0.060117069501612,0.00666823031165336,"violation in forward orientation",1,0.522068965517241,1,70,0.898661999464136,0.0534488391899587,0.428809457708675,0.118666055184544,0.060117069501612,0.00666823031165336,"violation",1,8400,0.456082985721185,0.322529893449364,0.495957453166573,0.460154868315513,0.322695559044814,0.000165665595450171,"violation"
56,2300,"reverse",0.488748265937412,0.302591879411802,0.497990479786925,0.445301240405856,0.30331551689789,0.000723637486087336,"violation in reverse orientation",1,0.522068965517241,1,5030,0.292617788474196,0.506638995974127,0.444462779492173,0.499686830057578,0.506779408180956,0.000140412206829144,"violation",1,2300,0.488748265937412,0.302591879411802,0.497990479786925,0.445301240405856,0.30331551689789,0.000723637486087336,"violation"
57,50,"forward",0.546859192020479,0.216786995012799,0.48,0.3,0.268838782296754,0.0520517872839543,"violation in forward orientation",1,0.522068965517241,1,50,0.546859192020479,0.216786995012799,0.48,0.3,0.268838782296754,0.0520517872839543,"violation at burn-in",1,8700,0.514236570872826,0.288172513373257,0.499973245419745,0.444434632934375,0.288193515169077,2.10017958201525e-05,"violation"
58,300,"forward",0.568840873773578,0.24694885910717,0.499822190606042,0.386939558874797,0.255797231267178,0.00884837216000789,"violation in forward orientation",1,0.522068965517241,1,300,0.568840873773578,0.24694885910717,0.499822190606042,0.386939558874797,0.255797231267178,0.00884837216000789,"violation",1,1030,0.448324361813975,0.327146789859418,0.490290300873805,0.451159731374878,0.327298686810091,0.000151896950672248,"violation"
59,2170,"forward",0.283943519303219,0.520655229592651,0.43525071172774,0.499808836016802,0.521399986969837,0.000744757377186045,"violation in forward orientation",1,0.522068965517241,1,2170,0.283943519303219,0.520655229592651,0.43525071172774,0.499808836016802,0.521399986969837,0.000744757377186045,"violation",1,4340,0.52219042529423,0.283317763149051,0.499986408530683,0.438961500258084,0.283474558745102,0.000156795596050585,"violation"
60,2050,"forward",0.22260430374708,0.624505398666792,0.395918799022468,0.491877874020193,0.624787928502404,0.000282529835611722,"violation in forward orientation",1,0.522068965517241,1,2050,0.22260430374708,0.624505398666792,0.395918799022468,0.491877874020193,0.624787928502404,0.000282529835611722,"violation",1,2810,0.501384721579726,0.295777812958085,0.4991267814668,0.443088938474647,0.295818411674402,4.0598716316842e-05,"violation"
61,7880,"forward",0.313626223808331,0.471141189202303,0.456122583386035,0.49759470671811,0.471369452831456,0.000228263629153513,"violation in forward orientation",1,0.522068965517241,1,7880,0.313626223808331,0.471141189202303,0.456122583386035,0.49759470671811,0.471369452831456,0.000228263629153513,"violation",1,9430,0.545573788430376,0.269560513677809,0.499279671489717,0.434864022587306,0.269601401676937,4.08879991281585e-05,"violation"
62,80,"forward",0.551467297585606,0.260399815732986,0.489897948556636,0.357071421427142,0.266104831157242,0.00570501542425594,"violation in forward orientation",1,0.522068965517241,1,80,0.551467297585606,0.260399815732986,0.489897948556636,0.357071421427142,0.266104831157242,0.00570501542425594,"violation",1,3970,0.480131668868667,0.308347871595531,0.497823750891706,0.450999520206497,0.308427673084825,7.98014892934851e-05,"violation"
63,2390,"forward",0.277172559242313,0.532713677408262,0.43216390161197,0.499999824933006,0.532812516728319,9.88393200566096e-05,"violation in forward orientation",1,0.522068965517241,1,2390,0.277172559242313,0.532713677408262,0.43216390161197,0.499999824933006,0.532812516728319,9.88393200566096e-05,"violation",1,4960,0.576974373742749,0.250861408146923,0.497223323823312,0.42098763239377,0.250971692616931,0.000110284470008548,"violation"
64,2690,"forward",0.301346094595729,0.492039130452702,0.445620098612662,0.498444811249339,0.492067749500784,2.86190480822679e-05,"violation in forward orientation",1,0.522068965517241,1,2690,0.301346094595729,0.492039130452702,0.445620098612662,0.498444811249339,0.492067749500784,2.86190480822679e-05,"violation",1,4060,0.512797298339733,0.288757995666932,0.499809714088537,0.441477368044142,0.289047423727877,0.000289428060944841,"violation"
65,5090,"reverse",0.508106542394725,0.291251694279292,0.499740399874769,0.443827049090306,0.291830410658142,0.000578716378849431,"violation in reverse orientation",1,0.522068965517241,1,6020,0.273156304109513,0.539536937284474,0.435008065794937,0.49971283461201,0.539581960176284,4.50228918100759e-05,"violation",1,5090,0.508106542394725,0.291251694279292,0.499740399874769,0.443827049090306,0.291830410658142,0.000578716378849431,"violation"
66,60,"forward",0.230926430345563,0.592139703863035,0.321022671404304,0.493006648591635,0.610760890002,0.0186211861389648,"violation in forward orientation",1,0.522068965517241,1,60,0.230926430345563,0.592139703863035,0.321022671404304,0.493006648591635,0.610760890002,0.0186211861389648,"violation",1,5950,0.516832008690512,0.286642662810537,0.499965396726489,0.442157500693831,0.28665366325403,1.10004434928368e-05,"violation"
67,2360,"reverse",0.463492080202871,0.316993636806066,0.495147379973158,0.452297710476865,0.318299804213533,0.00130616740746708,"violation in reverse orientation",1,0.522068965517241,1,4000,0.286309726328631,0.513254887837691,0.440127751340449,0.499817716772825,0.517411718268009,0.00415683043031789,"violation",1,2360,0.463492080202871,0.316993636806066,0.495147379973158,0.452297710476865,0.318299804213533,0.00130616740746708,"violation"
68,2150,"reverse",0.542994164973976,0.270061853997696,0.499929903144841,0.427365937028167,0.271131871061473,0.00107001706377602,"violation in reverse orientation",1,0.522068965517241,1,5150,0.294493924591382,0.503120071307761,0.44550578859621,0.499560028878046,0.503617159537374,0.000497088229612919,"violation",1,2150,0.542994164973976,0.270061853997696,0.499929903144841,0.427365937028167,0.271131871061473,0.00107001706377602,"violation"
69,7260,"reverse",0.532623613567974,0.277141870627841,0.499862904198769,0.437984019965887,0.277284633934002,0.000142763306161253,"violation in reverse orientation",1,0.522068965517241,1,7680,0.297903290767492,0.497632085880814,0.448781697869538,0.499480507444108,0.49787063428949,0.00023854840867632,"violation",1,7260,0.532623613567974,0.277141870627841,0.499862904198769,0.437984019965887,0.277284633934002,0.000142763306161253,"violation"
70,1460,"forward",0.303180910830731,0.488470790996245,0.44245727121943,0.497282915820988,0.488975145985928,0.000504354989683597,"violation in forward orientation",1,0.522068965517241,1,1460,0.303180910830731,0.488470790996245,0.44245727121943,0.497282915820988,0.488975145985928,0.000504354989683597,"violation",1,2360,0.482286724079497,0.30605767934021,0.497407816638278,0.447152566786033,0.307149096549177,0.00109141720896677,"violation"
71,1390,"forward",0.332163975338349,0.433443772795944,0.455702443648425,0.48837423552406,0.440123862975866,0.00668009017992244,"violation in forward orientation",1,0.522068965517241,1,1390,0.332163975338349,0.433443772795944,0.455702443648425,0.48837423552406,0.440123862975866,0.00668009017992244,"violation",1,2490,0.555429098430633,0.263393876420602,0.499475701304811,0.424462275229703,0.263754327293626,0.000360450873023499,"violation"
72,510,"forward",0.289996472819056,0.511176101431195,0.424182502995763,0.497189331979187,0.511197665363329,2.1563932134594e-05,"violation in forward orientation",1,0.522068965517241,1,510,0.289996472819056,0.511176101431195,0.424182502995763,0.497189331979187,0.511197665363329,2.1563932134594e-05,"violation",1,4580,0.49972998545163,0.296146006091378,0.499346983038538,0.44579629826131,0.296800153012369,0.000654146920990972,"violation"
73,480,"reverse",0.345271795219038,0.417553540279396,0.451612658210059,0.478260011802041,0.418030484324752,0.000476944045355754,"violation in reverse orientation",1,0.522068965517241,1,7610,0.285305218656062,0.519071892908224,0.442470534325252,0.499997910622257,0.519104827310553,3.29344023288769e-05,"violation",1,480,0.345271795219038,0.417553540279396,0.451612658210059,0.478260011802041,0.418030484324752,0.000476944045355754,"violation"
74,4040,"forward",0.281498081601552,0.525169581494313,0.43762705242704,0.499997794329024,0.52552179987255,0.000352218378236957,"violation in forward orientation",1,0.522068965517241,1,4040,0.281498081601552,0.525169581494313,0.43762705242704,0.499997794329024,0.52552179987255,0.000352218378236957,"violation",1,5960,0.505068630061807,0.293555487645005,0.499689529075126,0.445664841842441,0.293632779064624,7.72914196181529e-05,"violation"
75,1500,"forward",0.289767306780119,0.510880461240485,0.435673680127175,0.499138813914081,0.511583927313699,0.000703466073214698,"violation in forward orientation",1,0.522068965517241,1,1500,0.289767306780119,0.510880461240485,0.435673680127175,0.499138813914081,0.511583927313699,0.000703466073214698,"violation",1,1610,0.501720275922484,0.294556849448719,0.498609230452787,0.438770091200815,0.295619330042094,0.00106248059337577,"violation"
76,2390,"reverse",0.426947702000631,0.339830070579457,0.488756122799958,0.462165853301663,0.339981283297882,0.000151212718424998,"violation in reverse orientation",1,0.522068965517241,1,2710,0.258654365681952,0.563851514316283,0.422174572183789,0.498944433907292,0.564025141404861,0.000173627088578709,"violation",1,2390,0.426947702000631,0.339830070579457,0.488756122799958,0.462165853301663,0.339981283297882,0.000151212718424998,"violation"
77,3970,"forward",0.254655163064949,0.570573389762219,0.422102593447025,0.498075339390973,0.570765842644596,0.000192452882376792,"violation in forward orientation",1,0.522068965517241,1,3970,0.254655163064949,0.570573389762219,0.422102593447025,0.498075339390973,0.570765842644596,0.000192452882376792,"violation",1,6830,0.583369734184078,0.246870744191968,0.496131222502992,0.42008816309073,0.247177377855898,0.000306633663929301,"violation"
78,1090,"reverse",0.447097797534147,0.327010994187797,0.490268911677144,0.451567237838061,0.328026397311321,0.00101540312352411,"violation in reverse orientation",1,0.522068965517241,1,3990,0.248478660577033,0.580271835134034,0.418281848789759,0.497115062036307,0.581176407440816,0.00090457230678187,"violation",1,1090,0.447097797534147,0.327010994187797,0.490268911677144,0.451567237838061,0.328026397311321,0.00101540312352411,"violation"
79,1900,"forward",0.251867609106777,0.574255053434522,0.415309182960747,0.49856192084802,0.575464296366792,0.00120924293227032,"violation in forward orientation",1,0.522068965517241,1,1900,0.251867609106777,0.574255053434522,0.415309182960747,0.49856192084802,0.575464296366792,0.00120924293227032,"violation",1,6980,0.505925191059953,0.293038743829409,0.4997649507863,0.446043807675357,0.293124588467892,8.58446384829903e-05,"violation"
80,1250,"forward",0.298187247462378,0.496941874470979,0.438634243989226,0.497842384696201,0.497392022068867,0.000450147597887418,"violation in forward orientation",1,0.522068965517241,1,1250,0.298187247462378,0.496941874470979,0.438634243989226,0.497842384696201,0.497392022068867,0.000450147597887418,"violation",1,1830,0.435740931203727,0.334515576129766,0.489786087774042,0.458495671331214,0.334764332718076,0.000248756588310362,"violation"
81,1090,"forward",0.286593253037833,0.516723897252409,0.431142882155007,0.499137375565981,0.516933830793119,0.000209933540710749,"violation in forward orientation",1,0.522068965517241,1,1090,0.286593253037833,0.516723897252409,0.431142882155007,0.499137375565981,0.516933830793119,0.000209933540710749,"violation",1,2360,0.537542948756802,0.271358782031062,0.499982045066876,0.428773152447416,0.274366032817977,0.00300725078691533,"violation"
82,480,"forward",0.479877400619896,0.296153749890985,0.492649970116264,0.426829192678081,0.308578528345983,0.0124247784549977,"violation in forward orientation",1,0.522068965517241,1,480,0.479877400619896,0.296153749890985,0.492649970116264,0.426829192678081,0.308578528345983,0.0124247784549977,"violation",1,2820,0.524190168670248,0.281926173755338,0.499954602838248,0.435841281725347,0.282288127443924,0.000361953688586325,"violation"
83,1120,"reverse",0.499900438208124,0.296086896863065,0.497922181394332,0.436561493377508,0.296699024793567,0.000612127930502804,"violation in reverse orientation",1,0.522068965517241,1,4000,0.289909761025505,0.5089977749405,0.441996535619907,0.499684838173023,0.511343819072021,0.00234604413152084,"violation",1,1120,0.499900438208124,0.296086896863065,0.497922181394332,0.436561493377508,0.296699024793567,0.000612127930502804,"violation"
84,4960,"forward",0.259589095194924,0.562121298907917,0.426294929978885,0.498576562209351,0.562449644239472,0.000328345331555457,"violation in forward orientation",1,0.522068965517241,1,4960,0.259589095194924,0.562121298907917,0.426294929978885,0.498576562209351,0.562449644239472,0.000328345331555457,"violation",0,10050,0.536875666257668,0.282936735089487,0.499653660896234,0.442269126380088,0.274761926037675,-0.00817480905181278,"max_iter reached without violation"
85,1390,"reverse",0.410689396181379,0.347814779072456,0.482939625255308,0.462226716667885,0.349627202449011,0.00181242337655418,"violation in reverse orientation",1,0.522068965517241,1,7020,0.292708333650534,0.506390349182635,0.445902076811732,0.49978047306993,0.506626793262222,0.00023644407958634,"violation",1,1390,0.410689396181379,0.347814779072456,0.482939625255308,0.462226716667885,0.349627202449011,0.00181242337655418,"violation"
86,70,"forward",0.813795356759835,0.109699356023279,0.474664220738176,0.202534955410826,0.11046775076288,0.000768394739601441,"violation in forward orientation",1,0.522068965517241,1,70,0.813795356759835,0.109699356023279,0.474664220738176,0.202534955410826,0.11046775076288,0.000768394739601441,"violation",1,8870,0.50346165775289,0.29457952681287,0.499750817772574,0.447685417686899,0.294586182521431,6.65570856123177e-06,"violation"
87,2800,"forward",0.267239194243299,0.549215735034303,0.427517155640972,0.499668129657994,0.549555315775036,0.000339580740732814,"violation in forward orientation",1,0.522068965517241,1,2800,0.267239194243299,0.549215735034303,0.427517155640972,0.499668129657994,0.549555315775036,0.000339580740732814,"violation",1,6120,0.55589928161958,0.263407588589832,0.498876707156757,0.429562825967619,0.263475371473922,6.77828840896511e-05,"violation"
88,720,"reverse",0.415662926467216,0.344850425256198,0.480722113075735,0.455792621243748,0.346676447827575,0.0018260225713771,"violation in reverse orientation",1,0.522068965517241,1,3460,0.262958031578425,0.556408164046163,0.426306358342315,0.499213437920717,0.556771263864269,0.000363099818105672,"violation",1,720,0.415662926467216,0.344850425256198,0.480722113075735,0.455792621243748,0.346676447827575,0.0018260225713771,"violation"
89,3870,"reverse",0.510839072736149,0.289866139592204,0.49973492162096,0.441806742280137,0.290209222876068,0.000343083283864565,"violation in reverse orientation",1,0.522068965517241,1,6470,0.28143343995261,0.525342454757587,0.439794557505088,0.49998843776421,0.525630754102902,0.00028829934531438,"violation",1,3870,0.510839072736149,0.289866139592204,0.49973492162096,0.441806742280137,0.290209222876068,0.000343083283864565,"violation"
90,5280,"forward",0.270862460815824,0.543354583202562,0.433121993322473,0.499619309562853,0.543448258989899,9.36757873365446e-05,"violation in forward orientation",1,0.522068965517241,1,5280,0.270862460815824,0.543354583202562,0.433121993322473,0.499619309562853,0.543448258989899,9.36757873365446e-05,"violation",1,7020,0.533458821855081,0.276249191978714,0.499849897518595,0.437363672758176,0.276789111725147,0.000539919746432638,"violation"
91,270,"forward",0.398969516918581,0.347065510290302,0.465901783511597,0.444151137785506,0.356580510443505,0.00951500015320239,"violation in forward orientation",1,0.522068965517241,1,270,0.398969516918581,0.347065510290302,0.465901783511597,0.444151137785506,0.356580510443505,0.00951500015320239,"violation",1,4450,0.507842686486334,0.291702917297775,0.499684738383121,0.443434108817215,0.291986954198913,0.000284036901137763,"violation"
92,770,"forward",0.43664697530658,0.332854501067128,0.486456825292861,0.451135633437579,0.33422678420222,0.00137228313509236,"violation in forward orientation",1,0.522068965517241,1,770,0.43664697530658,0.332854501067128,0.486456825292861,0.451135633437579,0.33422678420222,0.00137228313509236,"violation",0,10050,0.463445161613396,0.321606401847312,0.496996000615803,0.460312542132672,0.318327640626859,-0.00327876122045351,"max_iter reached without violation"
93,4000,"forward",0.292993993045056,0.499474866925729,0.443570104380356,0.499256885280514,0.506145311122106,0.00667044419637769,"violation in forward orientation",1,0.522068965517241,1,4000,0.292993993045056,0.499474866925729,0.443570104380356,0.499256885280514,0.506145311122106,0.00667044419637769,"violation",1,6780,0.545832787025152,0.268638609115399,0.499407394138992,0.433012701892219,0.269447739940392,0.000809130824993343,"violation"
94,5740,"reverse",0.527410248090969,0.280333224639505,0.499981030124914,0.438691421490764,0.280377680802202,4.44561626968265e-05,"violation in reverse orientation",1,0.522068965517241,1,7690,0.295665222239989,0.501298096995946,0.44770225959737,0.499634455062998,0.501642924103918,0.000344827107972234,"violation",1,5740,0.527410248090969,0.280333224639505,0.499981030124914,0.438691421490764,0.280377680802202,4.44561626968265e-05,"violation"
95,4940,"forward",0.273741374366724,0.538084026585648,0.434406116589127,0.499816017880652,0.538595817640932,0.000511791055283539,"violation in forward orientation",1,0.522068965517241,1,4940,0.273741374366724,0.538084026585648,0.434406116589127,0.499816017880652,0.538595817640932,0.000511791055283539,"violation",1,6140,0.491435124136126,0.301100891436157,0.499041511458125,0.44946050200434,0.301721426022526,0.000620534586369514,"violation"
96,1390,"reverse",0.505526375144887,0.291682537567035,0.498704392515578,0.436083396068563,0.293361202670853,0.00167866510381809,"violation in reverse orientation",1,0.522068965517241,1,6360,0.293127344854874,0.505577298202306,0.445718499299564,0.499727364259999,0.505920545138521,0.000343246936215125,"violation",1,1390,0.505526375144887,0.291682537567035,0.498704392515578,0.436083396068563,0.293361202670853,0.00167866510381809,"violation"
97,2240,"reverse",0.48881132661887,0.302626920533529,0.497962806155013,0.445154431756267,0.303278103514126,0.000651182980597687,"violation in reverse orientation",1,0.522068965517241,1,7610,0.28758706725855,0.515128606161226,0.443638950827424,0.499970972408239,0.51525874568461,0.000130139523384143,"violation",1,2240,0.48881132661887,0.302626920533529,0.497962806155013,0.445154431756267,0.303278103514126,0.000651182980597687,"violation"
98,3010,"reverse",0.540398168472659,0.272461401797054,0.499893919277448,0.430979866366898,0.272672054438923,0.000210652641869147,"violation in reverse orientation",1,0.522068965517241,1,3380,0.260466719661374,0.560883305615813,0.424681032308259,0.498958949125089,0.560970398275823,8.70926600099464e-05,"violation",1,3010,0.540398168472659,0.272461401797054,0.499893919277448,0.430979866366898,0.272672054438923,0.000210652641869147,"violation"
99,4850,"reverse",0.485466022691423,0.304940896359686,0.498462936617794,0.450302339359701,0.305262844825974,0.000321948466287358,"violation in reverse orientation",1,0.522068965517241,1,7830,0.269455092232088,0.545792960499515,0.434076602192107,0.499347139950934,0.545820394654347,2.74341548320844e-05,"violation",1,4850,0.485466022691423,0.304940896359686,0.498462936617794,0.450302339359701,0.305262844825974,0.000321948466287358,"violation"
100,2360,"reverse",0.478019365893507,0.30955942530544,0.496956407327904,0.44883263311408,0.3096808850706,0.000121459765159704,"violation in reverse orientation",1,0.522068965517241,1,2860,0.313086223591917,0.472148357269952,0.451564187750166,0.496578714877552,0.472279629303326,0.00013127203337393,"violation",1,2360,0.478019365893507,0.30955942530544,0.496956407327904,0.44883263311408,0.3096808850706,0.000121459765159704,"violation"
101,4070,"reverse",0.513542379119643,0.288569234471831,0.499830395806857,0.441392063110929,0.288605373427927,3.61389560962766e-05,"violation in reverse orientation",1,0.522068965517241,1,4840,0.305557850926555,0.484783509327745,0.450583740184803,0.498407365502928,0.484968786572537,0.000185277244792392,"violation",1,4070,0.513542379119643,0.288569234471831,0.499830395806857,0.441392063110929,0.288605373427927,3.61389560962766e-05,"violation"
102,160,"forward",0.495240586751941,0.244084851419326,0.487179381747627,0.368908864084343,0.299463676344738,0.0553788249254123,"violation in forward orientation",1,0.522068965517241,1,160,0.495240586751941,0.244084851419326,0.487179381747627,0.368908864084343,0.299463676344738,0.0553788249254123,"violation",1,5310,0.480594489692602,0.307776467091462,0.498136660822362,0.452008787359705,0.308153085295742,0.000376618204280754,"violation"
103,2960,"reverse",0.499514685105186,0.296847826818605,0.49905395799942,0.443924446672565,0.296927888937507,8.00621189021022e-05,"violation in reverse orientation",1,0.522068965517241,1,6650,0.245554623295298,0.585576406760335,0.419132463739884,0.495879317106302,0.586104905348428,0.000528498588093451,"violation",1,2960,0.499514685105186,0.296847826818605,0.49905395799942,0.443924446672565,0.296927888937507,8.00621189021022e-05,"violation"
104,6910,"reverse",0.515708214193182,0.287229402034599,0.499968144314558,0.443078166781532,0.287320401288377,9.09992537777571e-05,"violation in reverse orientation",1,0.522068965517241,1,8340,0.258886016925769,0.563322911915509,0.42827406544389,0.498091464139363,0.56363469061356,0.000311778698051435,"violation",1,6910,0.515708214193182,0.287229402034599,0.499968144314558,0.443078166781532,0.287320401288377,9.09992537777571e-05,"violation"
105,5740,"forward",0.283547518106739,0.521836141349817,0.440391757855755,0.499998512787794,0.52206745146506,0.000231310115242578,"violation in forward orientation",1,0.522068965517241,1,5740,0.283547518106739,0.521836141349817,0.440391757855755,0.499998512787794,0.52206745146506,0.000231310115242578,"violation",1,7010,0.500952792476232,0.296032365474681,0.499589494509941,0.447532828186235,0.296074671659768,4.23061850877149e-05,"violation"
106,1640,"reverse",0.52658613207575,0.279771521383898,0.499851256876078,0.430879735909419,0.280866622057356,0.00109510067345819,"violation in reverse orientation",1,0.522068965517241,1,3220,0.288823305350201,0.51280074558319,0.440285823988569,0.499729007231103,0.51317505239996,0.000374306816769865,"violation",1,1640,0.52658613207575,0.279771521383898,0.499851256876078,0.430879735909419,0.280866622057356,0.00109510067345819,"violation"
107,3580,"reverse",0.500884164494521,0.295569580149018,0.499265322738007,0.444306122469737,0.296115388076992,0.000545807927974373,"violation in reverse orientation",1,0.522068965517241,1,7880,0.311558668607179,0.474708119032398,0.455205362987087,0.497931703494097,0.474854340505907,0.000146221473508956,"violation",1,3580,0.500884164494521,0.295569580149018,0.499265322738007,0.444306122469737,0.296115388076992,0.000545807927974373,"violation"
108,2770,"reverse",0.482639383154439,0.306643057739191,0.497654313469751,0.448359754865736,0.306939866819916,0.000296809080725102,"violation in reverse orientation",1,0.522068965517241,1,4140,0.301911120645468,0.490813106544482,0.44814256440783,0.498737641906781,0.491115391703816,0.000302285159333393,"violation",1,2770,0.482639383154439,0.306643057739191,0.497654313469751,0.448359754865736,0.306939866819916,0.000296809080725102,"violation"
109,2660,"forward",0.302329864498685,0.489849821073507,0.446039442596568,0.498255620717151,0.490409594203458,0.000559773129950702,"violation in forward orientation",1,0.522068965517241,1,2660,0.302329864498685,0.489849821073507,0.446039442596568,0.498255620717151,0.490409594203458,0.000559773129950702,"violation",1,3060,0.518455009905134,0.285353440603574,0.499869157129364,0.438168272377398,0.285690749979273,0.000337309375698647,"violation"
110,1090,"forward",0.346123541894103,0.415231906961766,0.459841736936051,0.482976769683457,0.416594855671144,0.00136294870937825,"violation in forward orientation",1,0.522068965517241,1,1090,0.346123541894103,0.415231906961766,0.459841736936051,0.482976769683457,0.416594855671144,0.00136294870937825,"violation",1,3410,0.573050761985882,0.253059716734693,0.498009125401054,0.420210046084556,0.253299539208569,0.000239822473875995,"violation"
111,5690,"forward",0.257849073825765,0.565060933798552,0.425943438136231,0.498232580962759,0.565382469935872,0.000321536137320222,"violation in forward orientation",1,0.522068965517241,1,5690,0.257849073825765,0.565060933798552,0.425943438136231,0.498232580962759,0.565382469935872,0.000321536137320222,"violation",1,7020,0.540002890246598,0.272895139958648,0.4996463063421,0.435532405860429,0.272906569760087,1.14298014390335e-05,"violation"
112,3960,"forward",0.30651861930804,0.482578913166278,0.450129786632472,0.498043245389529,0.483349400599783,0.000770487433504496,"violation in forward orientation",1,0.522068965517241,1,3960,0.30651861930804,0.482578913166278,0.450129786632472,0.498043245389529,0.483349400599783,0.000770487433504496,"violation",1,6910,0.449061118855167,0.326496832770444,0.49477873062645,0.461166381064883,0.326861574915877,0.000364742145432084,"violation"
113,770,"reverse",0.43797861238149,0.332854501067128,0.486763572497166,0.451135633437579,0.333436734875678,0.000582233808549826,"violation in reverse orientation",1,0.522068965517241,1,6410,0.300609212643301,0.493129466405393,0.449395465241478,0.499166338772992,0.493309772365331,0.00018030595993751,"violation",1,770,0.43797861238149,0.332854501067128,0.486763572497166,0.451135633437579,0.333436734875678,0.000582233808549826,"violation"
114,840,"forward",0.383290288155319,0.363506921018429,0.471823728086547,0.464705243911472,0.365882867939043,0.00237594692061388,"violation in forward orientation",1,0.522068965517241,1,840,0.383290288155319,0.363506921018429,0.471823728086547,0.464705243911472,0.365882867939043,0.00237594692061388,"violation",1,9070,0.510805794279392,0.290210443320445,0.499931618653017,0.445606957719148,0.290228966710815,1.85233903701731e-05,"violation"
115,820,"reverse",0.388469495211841,0.360596842134437,0.473378129050818,0.463388959494163,0.362810086980832,0.00221324484639485,"violation in reverse orientation",1,0.522068965517241,1,4890,0.307731731737643,0.480365474479803,0.451643017511339,0.498045032027737,0.481304685880054,0.00093921140025055,"violation",1,820,0.388469495211841,0.360596842134437,0.473378129050818,0.463388959494163,0.362810086980832,0.00221324484639485,"violation"
116,2650,"reverse",0.499598471261952,0.296427722545899,0.498970103428395,0.443075596637936,0.296878179299668,0.00045045675376959,"violation in reverse orientation",1,0.522068965517241,1,4000,0.27858885897072,0.525514561689894,0.436001648506058,0.499998437497559,0.53042532751852,0.00491076582862626,"violation",1,2650,0.499598471261952,0.296427722545899,0.498970103428395,0.443075596637936,0.296878179299668,0.00045045675376959,"violation"
117,4580,"reverse",0.514822981552815,0.287630795538486,0.499890150210631,0.441484230235696,0.287845602534672,0.000214806996185479,"violation in reverse orientation",1,0.522068965517241,1,7580,0.312387134785468,0.473362036741046,0.455441454523192,0.497776871387464,0.473457951392905,9.59146518584308e-05,"violation",1,4580,0.514822981552815,0.287630795538486,0.499890150210631,0.441484230235696,0.287845602534672,0.000214806996185479,"violation"
118,2040,"reverse",0.533434365577266,0.276569802204301,0.499996155310093,0.430724781021216,0.276803621433672,0.00023381922937038,"violation in reverse orientation",1,0.522068965517241,1,6290,0.29697871987721,0.499283362616356,0.447569542985298,0.499475613513686,0.499429008981448,0.000145646365092233,"violation",1,2040,0.533434365577266,0.276569802204301,0.499996155310093,0.430724781021216,0.276803621433672,0.00023381922937038,"violation"
119,500,"forward",0.516757347933147,0.284756898142446,0.497690666981007,0.420832508250016,0.286697958867443,0.00194106072499661,"violation in forward orientation",1,0.522068965517241,1,500,0.516757347933147,0.284756898142446,0.497690666981007,0.420832508250016,0.286697958867443,0.00194106072499661,"violation",1,6340,0.603377051302853,0.23527784513497,0.493305475412314,0.412226441624548,0.235307201128741,2.93559937709353e-05,"violation"
120,3940,"reverse",0.506096771461022,0.292661309818946,0.499566665270563,0.443326188846112,0.293022791226837,0.000361481407890663,"violation in reverse orientation",1,0.522068965517241,0,10050,0.310081127529221,0.478621941951759,0.455335048819002,0.498429215018642,0.47734475270298,-0.00127718924877884,"max_iter reached without violation",1,3940,0.506096771461022,0.292661309818946,0.499566665270563,0.443326188846112,0.293022791226837,0.000361481407890663,"violation"
121,8150,"forward",0.310535118731835,0.47643187720535,0.454861718831872,0.498109777202682,0.476579545396583,0.000147668191233463,"violation in forward orientation",1,0.522068965517241,1,8150,0.310535118731835,0.47643187720535,0.454861718831872,0.498109777202682,0.476579545396583,0.000147668191233463,"violation",0,10050,0.510717084109904,0.291959108708201,0.499942810026007,0.44682710750179,0.290281597724912,-0.00167751098328894,"max_iter reached without violation"
122,2640,"reverse",0.512447288777037,0.288906686345611,0.499626668474812,0.439171671839372,0.289255081523309,0.000348395177698579,"violation in reverse orientation",1,0.522068965517241,1,7950,0.272275137591639,0.541012197358065,0.435702009009641,0.499563814330488,0.541067176307667,5.49789496014919e-05,"violation",1,2640,0.512447288777037,0.288906686345611,0.499626668474812,0.439171671839372,0.289255081523309,0.000348395177698579,"violation"
123,730,"forward",0.45664970380293,0.320102687126632,0.49044922174143,0.444596000097486,0.322359329867016,0.00225664274038379,"violation in forward orientation",1,0.522068965517241,1,730,0.45664970380293,0.320102687126632,0.49044922174143,0.444596000097486,0.322359329867016,0.00225664274038379,"violation",1,8040,0.521299211737652,0.283896355473979,0.499998453006196,0.441953770847078,0.284003308419804,0.000106952945824912,"violation"
124,4150,"reverse",0.481435294057588,0.306884579488183,0.497987180958986,0.450520255380439,0.307654242979899,0.000769663491715977,"violation in reverse orientation",1,0.522068965517241,1,5390,0.247679174639702,0.58212665362383,0.419431898445804,0.49655096883061,0.582523950029931,0.000397296406100534,"violation",1,4150,0.481435294057588,0.306884579488183,0.497987180958986,0.450520255380439,0.307654242979899,0.000769663491715977,"violation"
125,1340,"forward",0.353410909793207,0.40179150764256,0.464188102806672,0.480346648422704,0.404311914661093,0.00252040701853307,"violation in forward orientation",1,0.522068965517241,1,1340,0.353410909793207,0.40179150764256,0.464188102806672,0.480346648422704,0.404311914661093,0.00252040701853307,"violation",1,4920,0.460549303909133,0.320028370891477,0.495910135324338,0.457185346882341,0.32004572919027,1.73582987926246e-05,"violation"
126,50,"reverse",0.56895608070809,0.246504271019468,0.485386443980464,0.324961536185438,0.255728879940274,0.00922460892080618,"violation in reverse orientation",1,0.522068965517241,1,50,0.478395081610861,0.302716065288689,0.458257569495584,0.366606055596467,0.30945797602499,0.00674191073630048,"violation at burn-in",1,50,0.56895608070809,0.246504271019468,0.485386443980464,0.324961536185438,0.255728879940274,0.00922460892080618,"violation at burn-in"
127,4490,"reverse",0.536424231760848,0.274734717503489,0.499880889181148,0.434481373157373,0.275029758412509,0.000295040909020439,"violation in reverse orientation",1,0.522068965517241,1,6450,0.269901534661844,0.544893350211023,0.433503897871037,0.499473215677774,0.545067910889976,0.000174560678953273,"violation",1,4490,0.536424231760848,0.274734717503489,0.499880889181148,0.434481373157373,0.275029758412509,0.000295040909020439,"violation"
128,2360,"forward",0.311746940257746,0.46776775228714,0.449866517596189,0.495723596892405,0.474537006509627,0.00676925422248686,"violation in forward orientation",1,0.522068965517241,1,2360,0.311746940257746,0.46776775228714,0.449866517596189,0.495723596892405,0.474537006509627,0.00676925422248686,"violation",1,3660,0.540870648289301,0.272353449241122,0.499827973631868,0.432062079358097,0.272391736048893,3.82868077708487e-05,"violation"
129,2850,"reverse",0.565457518878245,0.257195587465652,0.498791892276282,0.421617895419989,0.257804547905379,0.000608960439727413,"violation in reverse orientation",1,0.522068965517241,1,5290,0.317609279045603,0.464130508586163,0.456419969322408,0.49644157411812,0.464655968182876,0.000525459596713629,"violation",1,2850,0.565457518878245,0.257195587465652,0.498791892276282,0.421617895419989,0.257804547905379,0.000608960439727413,"violation"
130,3750,"reverse",0.456007907262597,0.322735201189957,0.494904596866911,0.457202624664382,0.322740102476927,4.9012869694498e-06,"violation in reverse orientation",1,0.522068965517241,1,7790,0.284725519373919,0.519806232358696,0.44226178387142,0.499999736339433,0.520081917006684,0.000275684647987662,"violation",1,3750,0.456007907262597,0.322735201189957,0.494904596866911,0.457202624664382,0.322740102476927,4.9012869694498e-06,"violation"
131,4310,"reverse",0.511556111640007,0.289778397198168,0.499793024597297,0.442298219736878,0.289783809590593,5.41239242490832e-06,"violation in reverse orientation",1,0.522068965517241,1,8650,0.311834315713719,0.473942473087196,0.455638953807071,0.497931516088465,0.474389734190417,0.000447261103221019,"violation",1,4310,0.511556111640007,0.289778397198168,0.499793024597297,0.442298219736878,0.289783809590593,5.41239242490832e-06,"violation"
132,1820,"forward",0.27986246090919,0.525581097476167,0.43173634149397,0.499866846175384,0.528278657047493,0.00269755957132556,"violation in forward orientation",1,0.522068965517241,1,1820,0.27986246090919,0.525581097476167,0.43173634149397,0.499866846175384,0.528278657047493,0.00269755957132556,"violation",1,2090,0.504351058197646,0.292526698281382,0.499061411581714,0.439572323165746,0.294058508551064,0.00153181026968152,"violation"
133,390,"reverse",0.534156716500045,0.272442732789502,0.498518515262143,0.409301773931322,0.276375056571051,0.00393232378154951,"violation in reverse orientation",1,0.522068965517241,1,6080,0.282817335362854,0.522678401434756,0.440258880132661,0.499999972948406,0.523298182737843,0.000619781303087374,"violation",1,390,0.534156716500045,0.272442732789502,0.498518515262143,0.409301773931322,0.276375056571051,0.00393232378154951,"violation"
134,4010,"forward",0.290997537020419,0.509264391376181,0.442566886016065,0.499695182613254,0.509510360330447,0.000245968954266651,"violation in forward orientation",1,0.522068965517241,1,4010,0.290997537020419,0.509264391376181,0.442566886016065,0.499695182613254,0.509510360330447,0.000245968954266651,"violation",1,4410,0.470904792246659,0.313585383377135,0.497004565972588,0.453877406011675,0.313901903112404,0.000316519735269083,"violation"
135,510,"forward",0.507198664125018,0.287877078878634,0.496756105367529,0.422952584681651,0.29236904737011,0.0044919684914756,"violation in forward orientation",1,0.522068965517241,1,510,0.507198664125018,0.287877078878634,0.496756105367529,0.422952584681651,0.29236904737011,0.0044919684914756,"violation",1,4210,0.509801226058976,0.29065672740854,0.499731310499573,0.44263350448594,0.290824968775461,0.00016824136692134,"violation"
136,100,"forward",0.415857557760774,0.334897285537307,0.453762052181537,0.41424630354416,0.346560974681553,0.0116636891442458,"violation in forward orientation",1,0.522068965517241,1,100,0.415857557760774,0.334897285537307,0.453762052181537,0.41424630354416,0.346560974681553,0.0116636891442458,"violation",1,8590,0.524517592042929,0.281825147401156,0.499974941130955,0.441125326160898,0.282093869849302,0.000268722448146463,"violation"
137,280,"forward",0.527186912422269,0.263878326294327,0.496723961448963,0.397296347522982,0.280510184017961,0.016631857723634,"violation in forward orientation",1,0.522068965517241,1,280,0.527186912422269,0.263878326294327,0.496723961448963,0.397296347522982,0.280510184017961,0.016631857723634,"violation",0,10050,0.55673453012429,0.265679720143618,0.498514970003352,0.432926495906236,0.262979825404295,-0.00269989473932297,"max_iter reached without violation"
138,3650,"forward",0.30158346740954,0.491559681541609,0.4473730164811,0.498690422368032,0.491667654938551,0.000107973396941796,"violation in forward orientation",1,0.522068965517241,1,3650,0.30158346740954,0.491559681541609,0.4473730164811,0.498690422368032,0.491667654938551,0.000107973396941796,"violation",1,5800,0.433625034396265,0.335449791067195,0.492021479959944,0.464171618391148,0.336019676895004,0.000569885827809424,"violation"
139,2170,"reverse",0.428654000271403,0.338255785892218,0.488835840638534,0.461019546063111,0.33896895056466,0.000713164672441924,"violation in reverse orientation",1,0.522068965517241,1,7400,0.295743339380479,0.501281395856554,0.447597249799144,0.499621185937452,0.501511256780159,0.000229860923605663,"violation",1,2170,0.428654000271403,0.338255785892218,0.488835840638534,0.461019546063111,0.33896895056466,0.000713164672441924,"violation"
140,5580,"reverse",0.494973734121549,0.29959062464359,0.499197593576647,0.448346661348027,0.299621997816031,3.13731724410071e-05,"violation in reverse orientation",1,0.522068965517241,1,6950,0.289870852584213,0.511082358790121,0.444442730991757,0.499895625977861,0.511409399689852,0.000327040899730457,"violation",1,5580,0.494973734121549,0.29959062464359,0.499197593576647,0.448346661348027,0.299621997816031,3.13731724410071e-05,"violation"
141,340,"reverse",0.427084948050509,0.33951572543478,0.477884612037409,0.444263707964687,0.339899856345059,0.000384130910278946,"violation in reverse orientation",1,0.522068965517241,1,2490,0.305020648210668,0.485843653341551,0.446968466434642,0.497824981719473,0.485874247825631,3.05944840799932e-05,"violation",1,340,0.427084948050509,0.33951572543478,0.477884612037409,0.444263707964687,0.339899856345059,0.000384130910278946,"violation"
142,710,"forward",0.441529812985242,0.330258936836455,0.487138693113275,0.449136799107618,0.33132983675886,0.00107089992240417,"violation in forward orientation",1,0.522068965517241,1,710,0.441529812985242,0.330258936836455,0.487138693113275,0.449136799107618,0.33132983675886,0.00107089992240417,"violation",1,7680,0.500762513462582,0.296176430319916,0.499613277501916,0.447946265373791,0.29618756263391,1.11323139940223e-05,"violation"
143,3680,"reverse",0.513017120989989,0.288836986186545,0.499784629891709,0.4410143584319,0.288917004757073,8.00185705276957e-05,"violation in reverse orientation",1,0.522068965517241,1,7360,0.267876975465,0.548217499834302,0.432934229135157,0.499246167913935,0.548480328312906,0.000262828478603705,"violation",1,3680,0.513017120989989,0.288836986186545,0.499784629891709,0.4410143584319,0.288917004757073,8.00185705276957e-05,"violation"
144,490,"forward",0.49147165656786,0.301363624587081,0.494572794503388,0.430026683789908,0.301699751631184,0.000336127044102241,"violation in forward orientation",1,0.522068965517241,1,490,0.49147165656786,0.301363624587081,0.494572794503388,0.430026683789908,0.301699751631184,0.000336127044102241,"violation",1,1940,0.476094905481951,0.310218833778963,0.496411824753957,0.447931619422659,0.310822651608011,0.000603817829047837,"violation"
145,660,"forward",0.470235748180581,0.312664377242115,0.492484844755704,0.439788224350446,0.314298841455284,0.00163446421316954,"violation in forward orientation",1,0.522068965517241,1,660,0.470235748180581,0.312664377242115,0.492484844755704,0.439788224350446,0.314298841455284,0.00163446421316954,"violation",1,3300,0.531404257634979,0.277915600206744,0.49999412301413,0.434575883301303,0.27800806778233,9.24675755865079e-05,"violation"
146,2380,"forward",0.32782454316626,0.445709212380278,0.457149036043264,0.492377280059787,0.447438024978507,0.00172881259822877,"violation in forward orientation",1,0.522068965517241,1,2380,0.32782454316626,0.445709212380278,0.457149036043264,0.492377280059787,0.447438024978507,0.00172881259822877,"violation",1,6100,0.468088303042289,0.315255899057816,0.49704688242905,0.455932143920839,0.315572902997473,0.000317003939656835,"violation"
147,3960,"forward",0.305741308990786,0.484354850932688,0.449762645857131,0.49819693260269,0.484659565930466,0.000304714997777455,"violation in forward orientation",1,0.522068965517241,1,3960,0.305741308990786,0.484354850932688,0.449762645857131,0.49819693260269,0.484659565930466,0.000304714997777455,"violation",0,10050,0.477524190717822,0.312710780753582,0.498341041326579,0.456499856524573,0.309974668430527,-0.0027361123230556,"max_iter reached without violation"
148,6050,"forward",0.278097298214048,0.531151710701007,0.437725804033103,0.499926119806385,0.531253858733171,0.00010214803216424,"violation in forward orientation",1,0.522068965517241,1,6050,0.278097298214048,0.531151710701007,0.437725804033103,0.499926119806385,0.531253858733171,0.00010214803216424,"violation",1,7940,0.514616983718461,0.287925968250579,0.499969290150688,0.443972506206501,0.287967819355882,4.18511053031922e-05,"violation"
149,2110,"reverse",0.444761598281589,0.3290550989041,0.491911166080392,0.457005988111715,0.329412445117386,0.000357346213285148,"violation in reverse orientation",1,0.522068965517241,1,4120,0.238787055902148,0.596564854370075,0.412195954322831,0.495020686691592,0.597511716727036,0.000946862356961398,"violation",1,2110,0.444761598281589,0.3290550989041,0.491911166080392,0.457005988111715,0.329412445117386,0.000357346213285148,"violation"
150,820,"forward",0.32612942124831,0.444938919514155,0.448639625295058,0.48861365878885,0.450295172142105,0.00535625262794992,"violation in forward orientation",1,0.522068965517241,1,820,0.32612942124831,0.444938919514155,0.448639625295058,0.48861365878885,0.450295172142105,0.00535625262794992,"violation",0,10050,0.661093467869792,0.203882878225148,0.478940688979139,0.391946664189931,0.201064525779486,-0.00281835244566164,"max_iter reached without violation"
151,2200,"reverse",0.519736203306356,0.284896743386439,0.499788384971146,0.43586121644395,0.284930628469533,3.38850830931547e-05,"violation in reverse orientation",1,0.522068965517241,1,4320,0.277934813948878,0.531249781516597,0.43604322179377,0.499971653431726,0.531527727799723,0.000277946283126829,"violation",1,2200,0.519736203306356,0.284896743386439,0.499788384971146,0.43586121644395,0.284930628469533,3.38850830931547e-05,"violation"
152,2270,"forward",0.301926109657247,0.490995834620685,0.444890519975112,0.498170691550993,0.491090127554946,9.42929342607202e-05,"violation in forward orientation",1,0.522068965517241,1,2270,0.301926109657247,0.490995834620685,0.444890519975112,0.498170691550993,0.491090127554946,9.42929342607202e-05,"violation",1,5020,0.56432968304914,0.25839363744839,0.498394232673019,0.42564323550822,0.258473683628636,8.00461802458741e-05,"violation"
153,280,"reverse",0.468353061145298,0.31171846442978,0.486763572497166,0.426647467148804,0.315415824192054,0.00369735976227337,"violation in reverse orientation",1,0.522068965517241,1,4250,0.263995228540386,0.554530942836802,0.428081484983253,0.499188767507379,0.555023056654758,0.000492113817956108,"violation",1,280,0.468353061145298,0.31171846442978,0.486763572497166,0.426647467148804,0.315415824192054,0.00369735976227337,"violation"
154,880,"forward",0.424032830984483,0.341664035166826,0.484122918275927,0.456246815906471,0.341710652302889,4.66171360627987e-05,"violation in forward orientation",1,0.522068965517241,1,880,0.424032830984483,0.341664035166826,0.484122918275927,0.456246815906471,0.341710652302889,4.66171360627987e-05,"violation",1,7330,0.537198323904615,0.27440087747599,0.499731915943829,0.436537686904132,0.274570495908943,0.000169618432952656,"violation"
155,3210,"reverse",0.448558919400481,0.326866691378589,0.493497768146616,0.458257569495584,0.327159525722775,0.0002928343441857,"violation in reverse orientation",1,0.522068965517241,1,5800,0.280492825594929,0.526749318267356,0.438822741360695,0.499985612159221,0.527216170240603,0.000466851973246918,"violation",1,3210,0.448558919400481,0.326866691378589,0.493497768146616,0.458257569495584,0.327159525722775,0.0002928343441857,"violation"
156,4500,"forward",0.31904803265009,0.461731389156798,0.456391590578329,0.495944242186584,0.462230932711004,0.000499543554206339,"violation in forward orientation",1,0.522068965517241,1,4500,0.31904803265009,0.461731389156798,0.456391590578329,0.495944242186584,0.462230932711004,0.000499543554206339,"violation",1,6000,0.50896238664484,0.290953109087019,0.499813187323246,0.444390187660449,0.291322645302123,0.000369536215103494,"violation"
157,140,"forward",0.408041743115843,0.343956010304985,0.458257569495584,0.428809457708675,0.351198033241242,0.00724202293625725,"violation in forward orientation",1,0.522068965517241,1,140,0.408041743115843,0.343956010304985,0.458257569495584,0.428809457708675,0.351198033241242,0.00724202293625725,"violation",1,1830,0.493736382101719,0.298861868182165,0.498132916999067,0.441927876290436,0.300356108594698,0.00149424041253271,"violation"
158,4810,"reverse",0.576849448118326,0.250810570031732,0.497269483782659,0.420792486002656,0.251045809962643,0.00023523993091118,"violation in reverse orientation",1,0.522068965517241,1,5990,0.318037573068354,0.463899353975658,0.457082506461842,0.496554442048143,0.46393407376376,3.47197881012673e-05,"violation",1,4810,0.576849448118326,0.250810570031732,0.497269483782659,0.420792486002656,0.251045809962643,0.00023523993091118,"violation"
159,6080,"forward",0.292750367791422,0.506219092709056,0.445346509672284,0.499734797006361,0.506555944242373,0.00033685153331664,"violation in forward orientation",1,0.522068965517241,1,6080,0.292750367791422,0.506219092709056,0.445346509672284,0.499734797006361,0.506555944242373,0.00033685153331664,"violation",1,7400,0.510076173613389,0.290638547192512,0.499886016956734,0.445072937448885,0.290661844652311,2.32974597992319e-05,"violation"
160,950,"forward",0.298533736306396,0.495017115494638,0.436304044029579,0.497109651425283,0.496808011203677,0.0017908957090389,"violation in forward orientation",1,0.522068965517241,1,950,0.298533736306396,0.495017115494638,0.436304044029579,0.497109651425283,0.496808011203677,0.0017908957090389,"violation",1,5010,0.49960777895997,0.296625956063539,0.499387037075605,0.446438811395548,0.296872657118971,0.000246701055431842,"violation"
161,2710,"reverse",0.489638620356614,0.302605905667641,0.498258291870474,0.446281550894205,0.302787276942328,0.00018137127468737,"violation in reverse orientation",1,0.522068965517241,1,5830,0.309615876380333,0.478047541283656,0.453228423049518,0.497991753807056,0.478128938776164,8.13974925081284e-05,"violation",1,2710,0.489638620356614,0.302605905667641,0.498258291870474,0.446281550894205,0.302787276942328,0.00018137127468737,"violation"
162,2500,"reverse",0.597043189298947,0.238999674094242,0.495783178415726,0.409006405817806,0.23906502937255,6.53552783086153e-05,"violation in reverse orientation",1,0.522068965517241,1,4650,0.305229201893177,0.485286164541759,0.450254177261599,0.498414644701532,0.485522728235134,0.000236563693375436,"violation",1,2500,0.597043189298947,0.238999674094242,0.495783178415726,0.409006405817806,0.23906502937255,6.53552783086153e-05,"violation"
163,2440,"forward",0.311527397697243,0.472775628673138,0.449957446702522,0.496406733693905,0.47490704797826,0.00213141930512151,"violation in forward orientation",1,0.522068965517241,1,2440,0.311527397697243,0.472775628673138,0.449957446702522,0.496406733693905,0.47490704797826,0.00213141930512151,"violation",1,3080,0.495007828324039,0.299288786103737,0.498791654253737,0.445361771415123,0.299601770006049,0.000312983902312214,"violation"
164,5180,"reverse",0.532352234041167,0.277376338088149,0.499931086021723,0.436628838858286,0.277445641175713,6.93030875644207e-05,"violation in reverse orientation",1,0.522068965517241,1,6680,0.275502181319039,0.535418939815138,0.436749386825354,0.499810283488444,0.53562795760905,0.000209017793911803,"violation",1,5180,0.532352234041167,0.277376338088149,0.499931086021723,0.436628838858286,0.277445641175713,6.93030875644207e-05,"violation"
165,340,"reverse",0.320384473750629,0.448581775195445,0.43469752439629,0.483740829692325,0.459978346121634,0.0113965709261895,"violation in reverse orientation",1,0.522068965517241,1,2100,0.305488813367064,0.482875314732294,0.446153629621557,0.49729859811949,0.485085150159836,0.00220983542754133,"violation",1,340,0.320384473750629,0.448581775195445,0.43469752439629,0.483740829692325,0.459978346121634,0.0113965709261895,"violation"
166,1670,"reverse",0.530708397683413,0.27802063783924,0.499939398959376,0.430033933020488,0.278420915769564,0.000400277930323933,"violation in reverse orientation",1,0.522068965517241,1,5970,0.282612151212259,0.523186954971162,0.440071979846857,0.49999974748106,0.52364402294419,0.000457067973027914,"violation",1,1670,0.530708397683413,0.27802063783924,0.499939398959376,0.430033933020488,0.278420915769564,0.000400277930323933,"violation"
167,2360,"reverse",0.447221982244116,0.325727825282711,0.492619326287553,0.456194989167284,0.327952719544062,0.00222489426135136,"violation in reverse orientation",1,0.522068965517241,1,8260,0.298327725600474,0.497051475580866,0.449247671409841,0.499481700539435,0.497155244578375,0.000103768997509579,"violation",1,2360,0.447221982244116,0.325727825282711,0.492619326287553,0.456194989167284,0.327952719544062,0.00222489426135136,"violation"
168,1190,"reverse",0.494656013493388,0.29864641663607,0.497535767825307,0.438450159625714,0.299810498852114,0.00116408221604442,"violation in reverse orientation",1,0.522068965517241,1,5150,0.267787563881392,0.548161858790974,0.431261043086877,0.499419929330064,0.548631032548272,0.00046917375729838,"violation",1,1190,0.494656013493388,0.29864641663607,0.497535767825307,0.438450159625714,0.299810498852114,0.00116408221604442,"violation"
169,1560,"reverse",0.449883706177968,0.326355227664288,0.491996679938339,0.453939853430545,0.326373540621363,1.83129570750507e-05,"violation in reverse orientation",1,0.522068965517241,1,5590,0.282026084397971,0.524024872971679,0.43947251867956,0.499999487968606,0.524631845187765,0.000606972216086299,"violation",1,1560,0.449883706177968,0.326355227664288,0.491996679938339,0.453939853430545,0.326373540621363,1.83129570750507e-05,"violation"
170,1390,"reverse",0.514205041132071,0.28791589296511,0.499252067272273,0.434046133208586,0.288212221504999,0.00029632853988848,"violation in reverse orientation",1,0.522068965517241,1,5040,0.279834795795687,0.528295608691836,0.43782768565444,0.499984252712466,0.52832528690918,2.9678217343676e-05,"violation",1,1390,0.514205041132071,0.28791589296511,0.499252067272273,0.434046133208586,0.288212221504999,0.00029632853988848,"violation"
171,2550,"reverse",0.509865571444109,0.2907280272288,0.499500096116869,0.439913486304439,0.290786793187571,5.87659587713008e-05,"violation in reverse orientation",1,0.522068965517241,1,3170,0.336383751644634,0.432701336853066,0.462142418786102,0.490655447198071,0.433011382288279,0.000310045435213013,"violation",1,2550,0.509865571444109,0.2907280272288,0.499500096116869,0.439913486304439,0.290786793187571,5.87659587713008e-05,"violation"
172,5280,"reverse",0.552613467737699,0.26541136195181,0.499170570080904,0.430019804824525,0.265424817830919,1.34558791085038e-05,"violation in reverse orientation",1,0.522068965517241,0,10050,0.310991465189747,0.478023179517357,0.45574025032136,0.498381420198436,0.475810368280746,-0.00221281123661105,"max_iter reached without violation",1,5280,0.552613467737699,0.26541136195181,0.499170570080904,0.430019804824525,0.265424817830919,1.34558791085038e-05,"violation"
173,480,"forward",0.469206273282255,0.282609057082642,0.490730040065026,0.418946885721276,0.314909620447128,0.0323005633644866,"violation in forward orientation",1,0.522068965517241,1,480,0.469206273282255,0.282609057082642,0.490730040065026,0.418946885721276,0.314909620447128,0.0323005633644866,"violation",1,5490,0.5160130522229,0.287063181241165,0.499944224015028,0.442024226451842,0.287139543392017,7.63621508518275e-05,"violation"
174,4000,"forward",0.276270839449516,0.528264524888366,0.434730951279064,0.499997749994937,0.534332375637031,0.00606785074866445,"violation in forward orientation",1,0.522068965517241,1,4000,0.276270839449516,0.528264524888366,0.434730951279064,0.499997749994937,0.534332375637031,0.00606785074866445,"violation",1,7630,0.466114614738005,0.316649383876621,0.497047187343827,0.457336646703688,0.316743876038841,9.44921622194062e-05,"violation"
175,80,"forward",0.797470093848425,0.117384507872718,0.476969600708473,0.217944947177034,0.120153395006201,0.00276888713348288,"violation in forward orientation",1,0.522068965517241,1,80,0.797470093848425,0.117384507872718,0.476969600708473,0.217944947177034,0.120153395006201,0.00276888713348288,"violation",1,7030,0.535986444259114,0.275135071753619,0.499781097305595,0.436764814162585,0.275289494137378,0.00015442238375879,"violation"
176,5740,"reverse",0.544984711840076,0.269787984819205,0.499517911552656,0.432912071482002,0.269950895974007,0.000162911154802048,"violation in reverse orientation",1,0.522068965517241,1,6190,0.268276412592237,0.547360034394025,0.432404737419287,0.499372585333562,0.547807072517533,0.000447038123508325,"violation",1,5740,0.544984711840076,0.269787984819205,0.499517911552656,0.432912071482002,0.269950895974007,0.000162911154802048,"violation"
177,3660,"reverse",0.5020457334016,0.2951593981631,0.49933994475049,0.444213898519319,0.295426238795959,0.0002668406328592,"violation in reverse orientation",1,0.522068965517241,1,3950,0.28282022174197,0.522852587395291,0.438217829631952,0.499983592103798,0.523293317713199,0.000440730317908145,"violation",1,3660,0.5020457334016,0.2951593981631,0.49933994475049,0.444213898519319,0.295426238795959,0.0002668406328592,"violation"
178,500,"forward",0.304190683964423,0.484219689246051,0.431851826440505,0.493558507170123,0.487273161949114,0.00305347270306344,"violation in forward orientation",1,0.522068965517241,1,500,0.304190683964423,0.484219689246051,0.431851826440505,0.493558507170123,0.487273161949114,0.00305347270306344,"violation",1,5050,0.567188577574265,0.256684415260417,0.498150131559934,0.424646805383739,0.256777525015461,9.31097550444515e-05,"violation"
179,2640,"forward",0.282632898826902,0.523072259173929,0.435818624026863,0.49992409318214,0.523609052605065,0.000536793431136218,"violation in forward orientation",1,0.522068965517241,1,2640,0.282632898826902,0.523072259173929,0.435818624026863,0.49992409318214,0.523609052605065,0.000536793431136218,"violation",1,8730,0.504826579712323,0.293739477490593,0.499788324354022,0.447218597900574,0.293776385546602,3.69080560085333e-05,"violation"
180,3760,"reverse",0.537824224596917,0.274053529994758,0.499892402976978,0.43316614363318,0.274199154174957,0.000145624180199311,"violation in reverse orientation",1,0.522068965517241,1,7320,0.300312491338224,0.493770486585612,0.449758624684804,0.499267805735149,0.493809899480792,3.94128951800576e-05,"violation",1,3760,0.537824224596917,0.274053529994758,0.499892402976978,0.43316614363318,0.274199154174957,0.000145624180199311,"violation"
181,480,"reverse",0.587043997846039,0.218388995166444,0.499565783678408,0.374530956664466,0.244997467438588,0.0266084722721435,"violation in reverse orientation",1,0.522068965517241,1,6000,0.272682453609,0.54029004267559,0.434730951279064,0.499687791414688,0.540380640553886,9.05978782964612e-05,"violation",1,480,0.587043997846039,0.218388995166444,0.499565783678408,0.374530956664466,0.244997467438588,0.0266084722721435,"violation"
182,3130,"reverse",0.471917345250229,0.313040981457505,0.496681821094605,0.452013339583658,0.313301163741572,0.000260182284066324,"violation in reverse orientation",1,0.522068965517241,1,5920,0.287721893955808,0.51482137475162,0.442690822531417,0.499936965301645,0.515031493761566,0.00021011900994572,"violation",1,3130,0.471917345250229,0.313040981457505,0.496681821094605,0.452013339583658,0.313301163741572,0.000260182284066324,"violation"
183,3400,"reverse",0.46545569663617,0.316883164295951,0.496022588502276,0.454169362340285,0.3171348067304,0.000251642434449584,"violation in reverse orientation",1,0.522068965517241,1,4820,0.295109405078081,0.502349144038369,0.445515640441884,0.499497690213416,0.502579760216299,0.000230616177929854,"violation",1,3400,0.46545569663617,0.316883164295951,0.496022588502276,0.454169362340285,0.3171348067304,0.000251642434449584,"violation"
184,4180,"forward",0.259189726053279,0.56305303687485,0.425144590036934,0.498640811887453,0.56312278544436,6.97485695104749e-05,"violation in forward orientation",1,0.522068965517241,1,4180,0.259189726053279,0.56305303687485,0.425144590036934,0.498640811887453,0.56312278544436,6.97485695104749e-05,"violation",0,10050,0.52454858407501,0.283849482276658,0.49996070239867,0.44274022905425,0.282075482531515,-0.00177399974514236,"max_iter reached without violation"
185,840,"reverse",0.341138645425395,0.423815283450621,0.455613451052584,0.483813976357464,0.424996955045581,0.00118167159496019,"violation in reverse orientation",1,0.522068965517241,1,6530,0.259740254290194,0.561758473485707,0.427715345014436,0.498399888936226,0.562194863874868,0.000436390389160768,"violation",1,840,0.341138645425395,0.423815283450621,0.455613451052584,0.483813976357464,0.424996955045581,0.00118167159496019,"violation"
186,650,"reverse",0.626526956151832,0.221077239660871,0.495183905828649,0.381603592455768,0.221572552942634,0.000495313281762638,"violation in reverse orientation",1,0.522068965517241,1,2340,0.302419491618808,0.488848396170415,0.445322111716427,0.498020774022555,0.490258526678856,0.00141013050844097,"violation",1,650,0.626526956151832,0.221077239660871,0.495183905828649,0.381603592455768,0.221572552942634,0.000495313281762638,"violation"
187,90,"forward",0.458651873183302,0.303158498150334,0.46732757432918,0.391420332306856,0.321171459237404,0.0180129610870705,"violation in forward orientation",1,0.522068965517241,1,90,0.458651873183302,0.303158498150334,0.46732757432918,0.391420332306856,0.321171459237404,0.0180129610870705,"violation",1,2490,0.487459701707435,0.303776345895201,0.497972696867706,0.446362371965853,0.30408001145972,0.000303665564519218,"violation"
188,3550,"forward",0.283215064147865,0.522482392371488,0.437860662686871,0.499968259258346,0.522627806372613,0.000145414001125443,"violation in forward orientation",1,0.522068965517241,1,3550,0.283215064147865,0.522482392371488,0.437860662686871,0.499968259258346,0.522627806372613,0.000145414001125443,"violation",1,6460,0.564446627909999,0.258214259821776,0.498184528156917,0.426762274318107,0.258404301204322,0.00019004138254608,"violation"
189,50,"reverse",0.302716065288689,0.454790769027509,0.366606055596467,0.448998886412873,0.489758648404187,0.0349678793766784,"violation in reverse orientation",1,0.522068965517241,1,4680,0.293018034315419,0.505620733988818,0.444335076533631,0.499621770522709,0.506104789289016,0.000484055300197461,"violation",1,50,0.302716065288689,0.454790769027509,0.366606055596467,0.448998886412873,0.489758648404187,0.0349678793766784,"violation at burn-in"
190,980,"reverse",0.452552876642904,0.324040786107267,0.490911781629626,0.449298356230342,0.324789943733004,0.000749157625737074,"violation in reverse orientation",1,0.522068965517241,1,6670,0.28634183806564,0.517319478261693,0.442479968507433,0.499981096050958,0.517357593572115,3.81153104225262e-05,"violation",1,980,0.452552876642904,0.324040786107267,0.490911781629626,0.449298356230342,0.324789943733004,0.000749157625737074,"violation"
191,70,"forward",0.53089372836024,0.258342897757551,0.483186700722508,0.349927106111883,0.27831096060297,0.019968062845419,"violation in forward orientation",1,0.522068965517241,1,70,0.53089372836024,0.258342897757551,0.483186700722508,0.349927106111883,0.27831096060297,0.019968062845419,"violation",1,8460,0.46858873112527,0.315231547349838,0.497397771549904,0.457061416388395,0.315276003130841,4.44557810029833e-05,"violation"
192,2370,"reverse",0.576582331007144,0.250895616945196,0.498107654764524,0.416395842124281,0.251204288348213,0.000308671403016547,"violation in reverse orientation",1,0.522068965517241,1,4120,0.275898402171579,0.534688634743687,0.434681293957342,0.499931892806975,0.534960122881055,0.000271488137368103,"violation",1,2370,0.576582331007144,0.250895616945196,0.498107654764524,0.416395842124281,0.251204288348213,0.000308671403016547,"violation"
193,9030,"reverse",0.513574185036682,0.288539978104942,0.499969339599473,0.444753543749969,0.288586503238887,4.65251339456518e-05,"violation in reverse orientation",1,0.522068965517241,1,9590,0.306057759460366,0.483872148462235,0.453370204220475,0.498792809398547,0.484126185085109,0.000254036622874321,"violation",1,9030,0.513574185036682,0.288539978104942,0.499969339599473,0.444753543749969,0.288586503238887,4.65251339456518e-05,"violation"
194,2110,"forward",0.28047049630831,0.524940131744062,0.433149428325891,0.499900935807453,0.527253806505731,0.00231367476166888,"violation in forward orientation",1,0.522068965517241,1,2110,0.28047049630831,0.524940131744062,0.433149428325891,0.499900935807453,0.527253806505731,0.00231367476166888,"violation",1,4000,0.519261634137552,0.282965115752374,0.499943746835582,0.43836029701605,0.285212186455019,0.00224707070264568,"violation"
195,4280,"reverse",0.525092356404493,0.281438772131966,0.499999126560509,0.437890050475407,0.281752866879853,0.00031409474788674,"violation in reverse orientation",1,0.522068965517241,1,6130,0.303082882301713,0.488618262758032,0.450394329345841,0.498858395116816,0.489140374180237,0.00052211142220504,"violation",1,4280,0.525092356404493,0.281438772131966,0.499999126560509,0.437890050475407,0.281752866879853,0.00031409474788674,"violation"
196,1630,"reverse",0.514306240663544,0.287847240464327,0.499397431333073,0.435290665004009,0.288152180655136,0.000304940190809122,"violation in reverse orientation",1,0.522068965517241,1,4000,0.293507897149297,0.500227027949794,0.443829851970324,0.499297256151083,0.505279119942436,0.005052091992642,"violation",1,1630,0.514306240663544,0.287847240464327,0.499397431333073,0.435290665004009,0.288152180655136,0.000304940190809122,"violation"
197,7020,"forward",0.286740109687907,0.51622766859555,0.442890734265638,0.499975141629283,0.516686302248552,0.000458633653002138,"violation in forward orientation",1,0.522068965517241,1,7020,0.286740109687907,0.51622766859555,0.442890734265638,0.499975141629283,0.516686302248552,0.000458633653002138,"violation",1,8100,0.49651498269071,0.298457865430445,0.499449475920342,0.449240514741661,0.298707587713576,0.000249722283131359,"violation"
198,60,"forward",0.877052149224207,0.0622317713624085,0.450616861153192,0.12801909579781,0.0729380159519809,0.0107062445895724,"violation in forward orientation",1,0.522068965517241,1,60,0.877052149224207,0.0622317713624085,0.450616861153192,0.12801909579781,0.0729380159519809,0.0107062445895724,"violation",1,5290,0.531405244288207,0.277932091696309,0.499942821406049,0.437028799612054,0.278007482409083,7.53907127742925e-05,"violation"
199,60,"forward",0.890728972754413,0.0622317713624085,0.442216638714053,0.12801909579781,0.0648236690155119,0.00259189765310336,"violation in forward orientation",1,0.522068965517241,1,60,0.890728972754413,0.0622317713624085,0.442216638714053,0.12801909579781,0.0648236690155119,0.00259189765310336,"violation",1,2360,0.518886248104834,0.284122252380261,0.499792401602704,0.435908841665186,0.285434899901446,0.00131264752118515,"violation"
200,1650,"reverse",0.506492348747036,0.291417012115053,0.498967160975413,0.437299081504903,0.292788098475862,0.00137108636080857,"violation in reverse orientation",1,0.522068965517241,1,4550,0.307742871594884,0.481102602277632,0.451335898980448,0.49804467325571,0.481285909524689,0.000183307247057229,"violation",1,1650,0.506492348747036,0.291417012115053,0.498967160975413,0.437299081504903,0.292788098475862,0.00137108636080857,"violation"
201,60,"forward",0.848900834988849,0.0622317713624085,0.465176191231762,0.12801909579781,0.0896399592006261,0.0274081878382176,"violation in forward orientation",1,0.522068965517241,1,60,0.848900834988849,0.0622317713624085,0.465176191231762,0.12801909579781,0.0896399592006261,0.0274081878382176,"violation",1,4270,0.477687025979392,0.309732543904847,0.497667116600687,0.451975828227061,0.309878059608825,0.000145515703977916,"violation"
202,110,"forward",0.567708589227794,0.250278717268158,0.495933879890395,0.36147082458311,0.256469006377458,0.00619028910930053,"violation in forward orientation",1,0.522068965517241,1,110,0.567708589227794,0.250278717268158,0.495933879890395,0.36147082458311,0.256469006377458,0.00619028910930053,"violation",1,4020,0.518745968637482,0.285428162157712,0.499936631216198,0.43969032116398,0.285518126555913,8.99643982008036e-05,"violation"
203,1720,"forward",0.290811520717305,0.5094720355614,0.43728931417794,0.499187752910154,0.509823892913089,0.000351857351689189,"violation in forward orientation",1,0.522068965517241,1,1720,0.290811520717305,0.5094720355614,0.43728931417794,0.499187752910154,0.509823892913089,0.000351857351689189,"violation",1,3630,0.530889874531537,0.278249171504292,0.49999081717922,0.435294485636841,0.278313247047849,6.40755435576401e-05,"violation"
204,170,"forward",0.449330778908264,0.319742805792186,0.476034658969063,0.420454524200198,0.326701587823779,0.00695878203159228,"violation in forward orientation",1,0.522068965517241,1,170,0.449330778908264,0.319742805792186,0.476034658969063,0.420454524200198,0.326701587823779,0.00695878203159228,"violation",1,4390,0.523249612880784,0.282735128450061,0.499993721454345,0.438708998044027,0.282846151459659,0.000111023009597866,"violation"
205,660,"reverse",0.52094726606077,0.283566147170921,0.498675932796454,0.423904085864781,0.284212114895862,0.000645967724940799,"violation in reverse orientation",1,0.522068965517241,1,2300,0.284573178965471,0.519304490383989,0.435983341975529,0.499794097490735,0.520338688488008,0.00103419810401906,"violation",1,660,0.52094726606077,0.283566147170921,0.498675932796454,0.423904085864781,0.284212114895862,0.000645967724940799,"violation"
206,160,"forward",0.521369530078241,0.251578187192657,0.49228421668788,0.374530956664466,0.283961589126558,0.0323834019339004,"violation in forward orientation",1,0.522068965517241,1,160,0.521369530078241,0.251578187192657,0.49228421668788,0.374530956664466,0.283961589126558,0.0323834019339004,"violation",1,2700,0.480590550653685,0.307135924334268,0.497418714192662,0.448452758429703,0.308155422295141,0.00101949796087364,"violation"
207,2680,"reverse",0.505054353338027,0.293578746788524,0.499297652174228,0.441690186147593,0.293641249327445,6.25025389212608e-05,"violation in reverse orientation",1,0.522068965517241,1,3590,0.285299370750092,0.518791078768856,0.439029734525026,0.499915496308044,0.519114684022201,0.000323605253344739,"violation",1,2680,0.505054353338027,0.293578746788524,0.499297652174228,0.441690186147593,0.293641249327445,6.25025389212608e-05,"violation"
208,1150,"forward",0.320509623420425,0.455699955662551,0.448998886412873,0.492070199550272,0.459767404937818,0.00406744927526653,"violation in forward orientation",1,0.522068965517241,1,1150,0.320509623420425,0.455699955662551,0.448998886412873,0.492070199550272,0.459767404937818,0.00406744927526653,"violation",1,2590,0.394929018692868,0.358276872199484,0.481174808200274,0.469552679205663,0.358977704815956,0.000700832616472635,"violation"
209,90,"forward",0.852981205259087,0.0857374138515053,0.447903208238808,0.17950549357115,0.0872191090720246,0.00148169522051925,"violation in forward orientation",1,0.522068965517241,1,90,0.852981205259087,0.0857374138515053,0.447903208238808,0.17950549357115,0.0872191090720246,0.00148169522051925,"violation",1,240,0.419352720376636,0.342787561301843,0.471404520791032,0.439992897669951,0.344487323442152,0.00169976214030887,"violation"
210,2090,"forward",0.317795889053425,0.463388975006204,0.451948258701483,0.494891371755605,0.464341434904236,0.000952459898032498,"violation in forward orientation",1,0.522068965517241,1,2090,0.317795889053425,0.463388975006204,0.451948258701483,0.494891371755605,0.464341434904236,0.000952459898032498,"violation",1,2510,0.462425207167042,0.318681626968104,0.495115103837641,0.453410960064233,0.318932771212834,0.000251144244730162,"violation"
211,1270,"reverse",0.509278259507821,0.290335760568373,0.498852300493077,0.434592174044489,0.291135240529927,0.00079947996155344,"violation in reverse orientation",1,0.522068965517241,1,4140,0.300919639265699,0.49275253547936,0.447663202767279,0.498871453868518,0.492786544782524,3.40093031643285e-05,"violation",1,1270,0.509278259507821,0.290335760568373,0.498852300493077,0.434592174044489,0.291135240529927,0.00079947996155344,"violation"
212,6160,"forward",0.297486889005127,0.498015392252825,0.447733011603502,0.499406693864031,0.498572484169231,0.000557091916405072,"violation in forward orientation",1,0.522068965517241,1,6160,0.297486889005127,0.498015392252825,0.447733011603502,0.499406693864031,0.498572484169231,0.000557091916405072,"violation",1,6780,0.551718612647518,0.263800066324167,0.499084947696816,0.430253229879536,0.265955727997564,0.0021556616733962,"violation"
213,130,"reverse",0.519692559300843,0.279408486245356,0.489897948556636,0.387985237320569,0.28495652209912,0.00554803585376418,"violation in reverse orientation",1,0.522068965517241,1,160,0.508341802636892,0.259030400808886,0.489897948556636,0.379967103839267,0.291690832691,0.0326604318821139,"violation",1,130,0.519692559300843,0.279408486245356,0.489897948556636,0.387985237320569,0.28495652209912,0.00554803585376418,"violation"
214,2360,"reverse",0.475030765973792,0.306495514143115,0.49661866568772,0.447364324825625,0.311453996827822,0.00495848268470772,"violation in reverse orientation",1,0.522068965517241,1,3120,0.302808535910485,0.489501722381156,0.447158002747836,0.498392282931561,0.489602788125359,0.000101065744203155,"violation",1,2360,0.475030765973792,0.306495514143115,0.49661866568772,0.447364324825625,0.311453996827822,0.00495848268470772,"violation"
215,3000,"reverse",0.456151433798623,0.322496732423051,0.49454344826539,0.456042761152943,0.322654949363316,0.000158216940264966,"violation in reverse orientation",1,0.522068965517241,1,7540,0.302255916527866,0.490452647588269,0.450786742460944,0.49909279968246,0.490534234344584,8.15867563149775e-05,"violation",1,3000,0.456151433798623,0.322496732423051,0.49454344826539,0.456042761152943,0.322654949363316,0.000158216940264966,"violation"
216,5530,"reverse",0.534438520598721,0.276124547232012,0.499878307934976,0.436251824686776,0.276207864516572,8.33172845599583e-05,"violation in reverse orientation",1,0.522068965517241,1,6660,0.285535395480089,0.518527989923787,0.442058056407917,0.49999005752634,0.518716861670482,0.00018887174669513,"violation",1,5530,0.534438520598721,0.276124547232012,0.499878307934976,0.436251824686776,0.276207864516572,8.33172845599583e-05,"violation"
217,4170,"reverse",0.511428652932788,0.289688214167718,0.499778890548988,0.442090022027169,0.289859429793498,0.000171215625780208,"violation in reverse orientation",1,0.522068965517241,1,6780,0.281174951455039,0.524471489931144,0.439853475754494,0.499991298294465,0.526066439388921,0.00159494945777661,"violation",1,4170,0.511428652932788,0.289688214167718,0.499778890548988,0.442090022027169,0.289859429793498,0.000171215625780208,"violation"
218,950,"reverse",0.526831332129276,0.279609375740454,0.499511118335438,0.42579435297445,0.28072114688187,0.00111177114141603,"violation in reverse orientation",1,0.522068965517241,1,6790,0.279713186350114,0.527692815315239,0.439084497664004,0.499961737296726,0.528530261005029,0.000837445689790717,"violation",1,950,0.526831332129276,0.279609375740454,0.499511118335438,0.42579435297445,0.28072114688187,0.00111177114141603,"violation"
219,3980,"forward",0.301402166383739,0.490568915207603,0.447709083162136,0.498689224014241,0.491973239867953,0.00140432466035045,"violation in forward orientation",1,0.522068965517241,1,3980,0.301402166383739,0.490568915207603,0.447709083162136,0.498689224014241,0.491973239867953,0.00140432466035045,"violation",1,6790,0.475172223762283,0.311156953061655,0.49785685526169,0.454501539942261,0.311370071085113,0.000213118023458136,"violation"
220,2840,"forward",0.307984462968485,0.480685429240363,0.449136799107618,0.49749371855331,0.48087870453222,0.000193275291857198,"violation in forward orientation",1,0.522068965517241,1,2840,0.307984462968485,0.480685429240363,0.449136799107618,0.49749371855331,0.48087870453222,0.000193275291857198,"violation",1,9960,0.510415823331591,0.2902620435698,0.499937083749808,0.445956043024199,0.290460333267428,0.00019828969762864,"violation"
221,1390,"reverse",0.462673269175995,0.317960529738649,0.493812446546003,0.449280431539453,0.318785598062727,0.000825068324077416,"violation in reverse orientation",1,0.522068965517241,1,4550,0.315392384938543,0.467847470146683,0.454822938433676,0.496698628782889,0.468392568272175,0.00054509812549175,"violation",1,1390,0.462673269175995,0.317960529738649,0.493812446546003,0.449280431539453,0.318785598062727,0.000825068324077416,"violation"
222,230,"forward",0.459424227604878,0.313690671292167,0.482687028503794,0.423862873285354,0.320713227710125,0.00702255641795729,"violation in forward orientation",1,0.522068965517241,1,230,0.459424227604878,0.313690671292167,0.482687028503794,0.423862873285354,0.320713227710125,0.00702255641795729,"violation",1,4310,0.439953874468241,0.331848571574141,0.492615567759005,0.461620213959173,0.332264828122113,0.000416256547972282,"violation"
223,2670,"forward",0.33323110400233,0.438205714633407,0.460033658452662,0.491296836978702,0.438325205544089,0.00011949091068264,"violation in forward orientation",1,0.522068965517241,1,2670,0.33323110400233,0.438205714633407,0.460033658452662,0.491296836978702,0.438325205544089,0.00011949091068264,"violation",1,2940,0.450421131360868,0.325418034621875,0.493624492428402,0.45721105642075,0.326054690679576,0.000636656057701024,"violation"
224,480,"forward",0.430535230411463,0.325276480357752,0.481894409826699,0.442216638714053,0.337852832191846,0.0125763518340945,"violation in forward orientation",1,0.522068965517241,1,480,0.430535230411463,0.325276480357752,0.481894409826699,0.442216638714053,0.337852832191846,0.0125763518340945,"violation",0,10050,0.464044566900305,0.320090615710805,0.497061377616977,0.459676680857842,0.317972018399023,-0.00211859731178266,"max_iter reached without violation"
225,160,"forward",0.435337907380941,0.331611385567067,0.470662764089109,0.42555111326373,0.335003443438086,0.00339205787101909,"violation in forward orientation",1,0.522068965517241,1,160,0.435337907380941,0.331611385567067,0.470662764089109,0.42555111326373,0.335003443438086,0.00339205787101909,"violation",1,5230,0.537525839878833,0.274187059181071,0.499815671121776,0.434927400722868,0.274376183374591,0.000189124193519963,"violation"
226,1300,"forward",0.303186825535504,0.487935919314029,0.441537791476307,0.497008208949624,0.488965176684143,0.00102925737011417,"violation in forward orientation",1,0.522068965517241,1,1300,0.303186825535504,0.487935919314029,0.441537791476307,0.497008208949624,0.488965176684143,0.00102925737011417,"violation",1,7510,0.527685351209215,0.280194816442931,0.499950192642995,0.439750022921464,0.280214464384309,1.9647941377432e-05,"violation"
227,3650,"forward",0.302709672732305,0.489633935367304,0.44791831011378,0.498547637311791,0.489769423130269,0.000135487762964903,"violation in forward orientation",1,0.522068965517241,1,3650,0.302709672732305,0.489633935367304,0.44791831011378,0.498547637311791,0.489769423130269,0.000135487762964903,"violation",0,10050,0.52902341000751,0.286688601224318,0.499884504370717,0.444191140905767,0.279420605102088,-0.0072679961222305,"max_iter reached without violation"
228,3560,"reverse",0.515435866902566,0.287359364908469,0.499840193499883,0.44006868072734,0.287481982696398,0.000122617787928991,"violation in reverse orientation",1,0.522068965517241,1,6830,0.284545602706417,0.520285331623238,0.441648440854625,0.499998628047225,0.520385168584516,9.98369612784655e-05,"violation",1,3560,0.515435866902566,0.287359364908469,0.499840193499883,0.44006868072734,0.287481982696398,0.000122617787928991,"violation"
229,6080,"reverse",0.498969269911109,0.296955635867372,0.499446515633935,0.447421357887745,0.297251479287225,0.000295843419852226,"violation in reverse orientation",1,0.522068965517241,1,8450,0.267316663222158,0.549197564377364,0.433183380870196,0.499123912979919,0.549424740935037,0.000227176557673237,"violation",1,6080,0.498969269911109,0.296955635867372,0.499446515633935,0.447421357887745,0.297251479287225,0.000295843419852226,"violation"
230,80,"reverse",0.308177297821902,0.455809380365391,0.3903123748999,0.463512405443479,0.48055367920593,0.0247442988405395,"violation in reverse orientation",1,0.522068965517241,1,390,0.344855348063011,0.412768426683343,0.448747251790449,0.47490612934524,0.418732410716023,0.00596398403268,"violation",1,80,0.308177297821902,0.455809380365391,0.3903123748999,0.463512405443479,0.48055367920593,0.0247442988405395,"violation"
231,3240,"forward",0.312822855984322,0.471911494420772,0.452087909734748,0.496729031752856,0.47272353838447,0.000812043963697995,"violation in forward orientation",1,0.522068965517241,1,3240,0.312822855984322,0.471911494420772,0.452087909734748,0.496729031752856,0.47272353838447,0.000812043963697995,"violation",1,5890,0.50428970165121,0.294024969036541,0.499657412734478,0.44584881230626,0.294094910885532,6.99418489905623e-05,"violation"
232,2370,"forward",0.293014466050207,0.50534853925979,0.440645539540199,0.499223880895023,0.506110803640385,0.000762264380595568,"violation in forward orientation",1,0.522068965517241,1,2370,0.293014466050207,0.50534853925979,0.440645539540199,0.499223880895023,0.506110803640385,0.000762264380595568,"violation",1,3390,0.504437132275352,0.293533418279133,0.499414559670843,0.442991737018298,0.294007441508545,0.000474023229412146,"violation"
233,50,"forward",0.430755917550709,0.329560327676681,0.438634243989226,0.384187454245971,0.337721900326833,0.00816157265015216,"violation in forward orientation",1,0.522068965517241,1,50,0.430755917550709,0.329560327676681,0.438634243989226,0.384187454245971,0.337721900326833,0.00816157265015216,"violation at burn-in",1,5950,0.533970676480757,0.276309984355828,0.49987318496307,0.436684583659117,0.276485432584695,0.000175448228867503,"violation"
234,3810,"forward",0.28460541711275,0.519430889312828,0.438978319970281,0.499937996031508,0.520284350726175,0.000853461413346523,"violation in forward orientation",1,0.522068965517241,1,3810,0.28460541711275,0.519430889312828,0.438978319970281,0.499937996031508,0.520284350726175,0.000853461413346523,"violation",1,7690,0.494393309649438,0.29991003383135,0.499323136072631,0.449747493578603,0.299966358882526,5.63250511765312e-05,"violation"
235,1130,"reverse",0.461632638627688,0.318596677234701,0.493031556703736,0.447951979346858,0.319402995609972,0.00080631837527062,"violation in reverse orientation",1,0.522068965517241,1,2750,0.306192659261083,0.483476347192109,0.44810344142271,0.497725603982259,0.483898809945357,0.000422462753247477,"violation",1,1130,0.461632638627688,0.318596677234701,0.493031556703736,0.447951979346858,0.319402995609972,0.00080631837527062,"violation"
236,890,"forward",0.294235537310411,0.502976439758768,0.433336570415756,0.497768026753957,0.504052674221669,0.00107623446290095,"violation in forward orientation",1,0.522068965517241,1,890,0.294235537310411,0.502976439758768,0.433336570415756,0.497768026753957,0.504052674221669,0.00107623446290095,"violation",1,3200,0.550263609277017,0.266689474922685,0.499561428749008,0.428030441199864,0.266818969532844,0.000129494610158654,"violation"
237,1490,"reverse",0.447762186683995,0.327288204770824,0.491473169473042,0.454041106538535,0.327632220691963,0.000344015921138696,"violation in reverse orientation",1,0.522068965517241,1,2360,0.291590073981829,0.505713913409552,0.439878471307988,0.499240841374245,0.508511632580725,0.00279771917117377,"violation",1,1490,0.447762186683995,0.327288204770824,0.491473169473042,0.454041106538535,0.327632220691963,0.000344015921138696,"violation"
238,2550,"forward",0.302484765162596,0.489387589496416,0.445869763734877,0.498169505884912,0.490148507382594,0.000760917886178103,"violation in forward orientation",1,0.522068965517241,1,2550,0.302484765162596,0.489387589496416,0.445869763734877,0.498169505884912,0.490148507382594,0.000760917886178103,"violation",1,4000,0.476881827439313,0.307625488585658,0.497518781052535,0.450696960273752,0.310355777281537,0.00273028869587855,"violation"
239,2700,"reverse",0.609254975916952,0.231009351071608,0.493855107233908,0.404107002087074,0.231819876789148,0.000810525717539617,"violation in reverse orientation",1,0.522068965517241,1,3640,0.273532981743761,0.538261908595474,0.432695011329422,0.499891003697635,0.538947065763741,0.000685157168267447,"violation",1,2700,0.609254975916952,0.231009351071608,0.493855107233908,0.404107002087074,0.231819876789148,0.000810525717539617,"violation"
240,480,"forward",0.532787453972002,0.268993907866511,0.498887651569859,0.410532978442523,0.277187428769545,0.00819352090303399,"violation in forward orientation",1,0.522068965517241,1,480,0.532787453972002,0.268993907866511,0.498887651569859,0.410532978442523,0.277187428769545,0.00819352090303399,"violation",1,5280,0.494657872719344,0.299414858344203,0.49914858064063,0.448028407165417,0.299809395788643,0.000394537444440124,"violation"
241,2360,"forward",0.236866010819432,0.594074868140019,0.407127102679596,0.496262966496711,0.600749659939915,0.0066747917998955,"violation in forward orientation",1,0.522068965517241,1,2360,0.236866010819432,0.594074868140019,0.407127102679596,0.496262966496711,0.600749659939915,0.0066747917998955,"violation",1,3730,0.536123889715099,0.275102698356153,0.499926393823123,0.433706999798732,0.275207948878551,0.000105250522398348,"violation"
242,2730,"forward",0.291743880604625,0.507504639916099,0.440854170601816,0.499432784842929,0.508252389778535,0.000747749862435754,"violation in forward orientation",1,0.522068965517241,1,2730,0.291743880604625,0.507504639916099,0.440854170601816,0.499432784842929,0.508252389778535,0.000747749862435754,"violation",1,4410,0.509821354334854,0.290567532191001,0.499747983854958,0.442813019921546,0.290813026834897,0.000245494643895561,"violation"
243,1230,"reverse",0.596430728046677,0.239394048777212,0.497199507363273,0.40301674882659,0.239428397597277,3.43488200644504e-05,"violation in reverse orientation",1,0.522068965517241,1,4080,0.294427413532619,0.503724863267033,0.444390187660449,0.499480157964951,0.503729264679122,4.40141208923883e-06,"violation",1,1230,0.596430728046677,0.239394048777212,0.497199507363273,0.40301674882659,0.239428397597277,3.43488200644504e-05,"violation"
244,130,"reverse",0.598953602352903,0.232462922708656,0.499467171715321,0.353260384714001,0.237931597016892,0.00546867430823597,"violation in reverse orientation",1,0.522068965517241,1,5130,0.310781532343212,0.476086397328908,0.453246178986025,0.497695176829515,0.476164212467805,7.78151388979853e-05,"violation",1,130,0.598953602352903,0.232462922708656,0.499467171715321,0.353260384714001,0.237931597016892,0.00546867430823597,"violation"
245,3360,"reverse",0.484904747736541,0.305586162538075,0.498082259772419,0.44888214645483,0.305595844641362,9.68210328733399e-06,"violation in reverse orientation",1,0.522068965517241,1,4210,0.332516178044569,0.438390377660029,0.461796817597367,0.492300040576754,0.439530221331314,0.00113984367128506,"violation",1,3360,0.484904747736541,0.305586162538075,0.498082259772419,0.44888214645483,0.305595844641362,9.68210328733399e-06,"violation"
246,2180,"forward",0.305981744301072,0.482868785898699,0.446629777784884,0.497353487512771,0.484254309495788,0.00138552359708805,"violation in forward orientation",1,0.522068965517241,1,2180,0.305981744301072,0.482868785898699,0.446629777784884,0.497353487512771,0.484254309495788,0.00138552359708805,"violation",1,8150,0.458319164055365,0.321273525348856,0.496206756245171,0.459531546632119,0.321368852827155,9.53274782990454e-05,"violation"
247,320,"forward",0.308830488748104,0.474939097096039,0.427462991819175,0.489249664665189,0.479452718512587,0.00451362141654787,"violation in forward orientation",1,0.522068965517241,1,320,0.308830488748104,0.474939097096039,0.427462991819175,0.489249664665189,0.479452718512587,0.00451362141654787,"violation",1,2960,0.504599615238713,0.293362299314095,0.499340324506841,0.442157200915469,0.293911041702474,0.000548742388379042,"violation"
248,820,"forward",0.378355066428237,0.358053784917198,0.469947533365797,0.462392968788206,0.368810894407579,0.0107571094903815,"violation in forward orientation",1,0.522068965517241,1,820,0.378355066428237,0.358053784917198,0.469947533365797,0.462392968788206,0.368810894407579,0.0107571094903815,"violation",1,4600,0.508510099907632,0.291539461736878,0.499719722957067,0.443507884773577,0.291590983304172,5.15215672939884e-05,"violation"
249,4540,"reverse",0.574615974130671,0.252243138721441,0.497559687522843,0.421368344566224,0.252370911713746,0.000127772992305153,"violation in reverse orientation",1,0.522068965517241,1,6050,0.316799219048624,0.465886431674383,0.456579550876142,0.496794203436662,0.466021333469116,0.000134901794733078,"violation",1,4540,0.574615974130671,0.252243138721441,0.497559687522843,0.421368344566224,0.252370911713746,0.000127772992305153,"violation"
250,3420,"forward",0.254761339360735,0.570559041871145,0.421281918564283,0.498223992612163,0.570586881297253,2.78394261072901e-05,"violation in forward orientation",1,0.522068965517241,1,3420,0.254761339360735,0.570559041871145,0.421281918564283,0.498223992612163,0.570586881297253,2.78394261072901e-05,"violation",1,4350,0.493154343271134,0.300622838151171,0.498933252325525,0.447751004262348,0.3007014274468,7.8589295628706e-05,"violation"
251,3770,"reverse",0.510169976701368,0.29028774262802,0.499702646420325,0.441889513960183,0.290606192051553,0.000318449423532874,"violation in reverse orientation",1,0.522068965517241,1,4660,0.265134165914923,0.552986408014993,0.429231488849446,0.499221151024733,0.553103364829223,0.000116956814230296,"violation",1,3770,0.510169976701368,0.29028774262802,0.499702646420325,0.441889513960183,0.290606192051553,0.000318449423532874,"violation"
252,170,"reverse",0.411282314144936,0.333085006469814,0.463214285237883,0.427797125542981,0.349275429096774,0.0161904226269607,"violation in reverse orientation",1,0.522068965517241,1,7950,0.312193187985673,0.473647172064088,0.455517949362447,0.497840977639892,0.473784850917391,0.000137678853303402,"violation",1,170,0.411282314144936,0.333085006469814,0.463214285237883,0.427797125542981,0.349275429096774,0.0161904226269607,"violation"
253,4850,"forward",0.306207420767818,0.483602971146218,0.45089728800695,0.498313619080389,0.483873929258811,0.000270958112592867,"violation in forward orientation",1,0.522068965517241,1,4850,0.306207420767818,0.483602971146218,0.45089728800695,0.498313619080389,0.483873929258811,0.000270958112592867,"violation",1,5060,0.51064296552529,0.289904578897838,0.499814014996355,0.443116146468794,0.290325571671688,0.000420992773850493,"violation"
254,2340,"forward",0.300209380963505,0.49314616102544,0.444224756684068,0.498383683085414,0.493983693183503,0.000837532158062593,"violation in forward orientation",1,0.522068965517241,1,2340,0.300209380963505,0.49314616102544,0.444224756684068,0.498383683085414,0.493983693183503,0.000837532158062593,"violation",1,5450,0.504455109622901,0.293639796130441,0.499635722869886,0.445327716049951,0.293996775696071,0.000356979565630522,"violation"
255,1510,"forward",0.284441783313763,0.518277353430774,0.432821357423336,0.499522161038814,0.520560157344975,0.00228280391420044,"violation in forward orientation",1,0.522068965517241,1,1510,0.284441783313763,0.518277353430774,0.432821357423336,0.499522161038814,0.520560157344975,0.00228280391420044,"violation",1,4540,0.520994466316652,0.284003596942636,0.499980593075602,0.439546040732455,0.284184111372173,0.000180514429537315,"violation"
256,3310,"reverse",0.5120090865123,0.289255420403814,0.499713684783667,0.440663310385809,0.289515063323657,0.000259642919843095,"violation in reverse orientation",1,0.522068965517241,1,6420,0.296170819547546,0.500653533019387,0.44725685929687,0.499544415456864,0.500790734124003,0.000137201104616791,"violation",1,3310,0.5120090865123,0.289255420403814,0.499713684783667,0.440663310385809,0.289515063323657,0.000259642919843095,"violation"
257,80,"forward",0.863053876615838,0.0732709191287607,0.446514277487294,0.15612494995996,0.0812430759832601,0.00797215685449945,"violation in forward orientation",1,0.522068965517241,1,80,0.863053876615838,0.0732709191287607,0.446514277487294,0.15612494995996,0.0812430759832601,0.00797215685449945,"violation",1,310,0.43569570233121,0.328917330569934,0.479431244724741,0.437569676330662,0.334791166636226,0.00587383606629199,"violation"
258,5990,"forward",0.308495617745649,0.479999913237592,0.452821714852253,0.498184417742129,0.48001714737443,1.72341368382956e-05,"violation in forward orientation",1,0.522068965517241,1,5990,0.308495617745649,0.479999913237592,0.452821714852253,0.498184417742129,0.48001714737443,1.72341368382956e-05,"violation",1,7510,0.494103155574567,0.299911370312186,0.499297362154924,0.449661826841193,0.300138504909221,0.000227134597035439,"violation"
259,50,"forward",0.275078575707952,0.478395081610861,0.346987031457949,0.458257569495584,0.536341949657282,0.0579468680464211,"violation in forward orientation",1,0.522068965517241,1,50,0.275078575707952,0.478395081610861,0.346987031457949,0.458257569495584,0.536341949657282,0.0579468680464211,"violation at burn-in",1,9180,0.458166520101131,0.321383250091931,0.496304843930134,0.459949180617251,0.321459415230016,7.61651380850048e-05,"violation"
260,70,"forward",0.546359910605891,0.258342897757551,0.486763572497166,0.349927106111883,0.269135001854456,0.010792104096906,"violation in forward orientation",1,0.522068965517241,1,70,0.546359910605891,0.258342897757551,0.486763572497166,0.349927106111883,0.269135001854456,0.010792104096906,"violation",1,3130,0.50947010749029,0.290997961596657,0.499594707585276,0.441256623117673,0.291021418699487,2.34571028303043e-05,"violation"
261,4960,"forward",0.281773599166294,0.524691015204117,0.438788564346603,0.499999959352236,0.525057411901224,0.000366396697107363,"violation in forward orientation",1,0.522068965517241,1,4960,0.281773599166294,0.524691015204117,0.438788564346603,0.499999959352236,0.525057411901224,0.000366396697107363,"violation",1,5230,0.489677328309047,0.302611070367622,0.498827231452697,0.449521947863199,0.302764311832443,0.000153241464821541,"violation"
262,2350,"reverse",0.584255192919473,0.246308968568281,0.497385650463964,0.413380547058377,0.246652042469282,0.000343073901000746,"violation in reverse orientation",1,0.522068965517241,1,5240,0.260723913377141,0.560517103401781,0.427245666935223,0.498655613521214,0.560536895359177,1.9791957395876e-05,"violation",1,2350,0.584255192919473,0.246308968568281,0.497385650463964,0.413380547058377,0.246652042469282,0.000343073901000746,"violation"
263,3340,"reverse",0.505151245071594,0.292890202553603,0.4994402367027,0.442584548021147,0.293583764258657,0.000693561705053469,"violation in reverse orientation",1,0.522068965517241,1,7950,0.282431743989789,0.523796534365708,0.44114884305478,0.499986693387271,0.523948101357969,0.000151566992260488,"violation",1,3340,0.505151245071594,0.292890202553603,0.4994402367027,0.442584548021147,0.293583764258657,0.000693561705053469,"violation"
264,50,"forward",0.430755917550709,0.329560327676681,0.438634243989226,0.384187454245971,0.337721900326833,0.00816157265015216,"violation in forward orientation",1,0.522068965517241,1,50,0.430755917550709,0.329560327676681,0.438634243989226,0.384187454245971,0.337721900326833,0.00816157265015216,"violation at burn-in",1,2290,0.478500716088467,0.307940841383049,0.496963376695455,0.447879132235013,0.309395303958054,0.00145446257500514,"violation"
265,2380,"forward",0.323497764435667,0.454630807262216,0.455264461408246,0.493854614721382,0.454730859462402,0.000100052200185774,"violation in forward orientation",1,0.522068965517241,1,2380,0.323497764435667,0.454630807262216,0.455264461408246,0.493854614721382,0.454730859462402,0.000100052200185774,"violation",1,6210,0.509266836228872,0.290854380851871,0.499829838719997,0.444483562655718,0.291142017867394,0.000287637015523479,"violation"
266,1030,"reverse",0.545359070326985,0.268884801286744,0.499996229602148,0.420270617384941,0.26972879216206,0.000843990875315337,"violation in reverse orientation",1,0.522068965517241,1,6830,0.267156529683273,0.549534028489484,0.432206668313075,0.499209130811713,0.54969464782585,0.000160619336366574,"violation",1,1030,0.545359070326985,0.268884801286744,0.499996229602148,0.420270617384941,0.26972879216206,0.000843990875315337,"violation"
267,4480,"forward",0.289102869131663,0.512585685012243,0.442138088120484,0.499832361884707,0.512703844484594,0.00011815947235172,"violation in forward orientation",1,0.522068965517241,1,4480,0.289102869131663,0.512585685012243,0.442138088120484,0.499832361884707,0.512703844484594,0.00011815947235172,"violation",1,7610,0.589831987753743,0.243046350156209,0.495144253665943,0.41816510876469,0.243343375951882,0.0002970257956737,"violation"
268,4650,"forward",0.262591116638376,0.557356523707449,0.427735880634203,0.498958332201872,0.557389703145328,3.31794378786165e-05,"violation in forward orientation",1,0.522068965517241,1,4650,0.262591116638376,0.557356523707449,0.427735880634203,0.498958332201872,0.557389703145328,3.31794378786165e-05,"violation",1,8460,0.511596192681631,0.289582248407896,0.499935389193763,0.445043168472654,0.289760029838182,0.000177781430286073,"violation"
269,1820,"forward",0.309012601430917,0.478634934560816,0.446928629486957,0.496596312508368,0.479145765526111,0.000510830965294862,"violation in forward orientation",1,0.522068965517241,1,1820,0.309012601430917,0.478634934560816,0.446928629486957,0.496596312508368,0.479145765526111,0.000510830965294862,"violation",1,2460,0.495654772941838,0.298562858910482,0.498629723903337,0.443706402706225,0.29921794308411,0.000655084173627529,"violation"
270,1940,"forward",0.322485665126355,0.455265219481249,0.453618790880278,0.49349148986442,0.456436764294532,0.0011715448132823,"violation in forward orientation",1,0.522068965517241,1,1940,0.322485665126355,0.455265219481249,0.453618790880278,0.49349148986442,0.456436764294532,0.0011715448132823,"violation",1,5720,0.477889960939528,0.309560925595189,0.497961392517107,0.45312847319843,0.309757659965704,0.000196734370515039,"violation"
271,1890,"forward",0.312708600262278,0.471155727378532,0.448947021323835,0.495746584699145,0.472916117696144,0.00176039031761183,"violation in forward orientation",1,0.522068965517241,1,1890,0.312708600262278,0.471155727378532,0.448947021323835,0.495746584699145,0.472916117696144,0.00176039031761183,"violation",1,3420,0.508063435543932,0.291319396381655,0.499580892027451,0.441907579802108,0.291855985598251,0.000536589216595496,"violation"
272,4640,"forward",0.294607050364292,0.502518121368221,0.445091422608643,0.499487651812652,0.503426484767745,0.000908363399524714,"violation in forward orientation",1,0.522068965517241,1,4640,0.294607050364292,0.502518121368221,0.445091422608643,0.499487651812652,0.503426484767745,0.000908363399524714,"violation",1,4690,0.545510126468934,0.269400391705905,0.49958084094045,0.431712386621873,0.26963917179517,0.000238780089265478,"violation"
273,3700,"forward",0.306486873425028,0.481849717422536,0.44978982186887,0.497909361883838,0.483402908644627,0.00155319122209119,"violation in forward orientation",1,0.522068965517241,1,3700,0.306486873425028,0.481849717422536,0.44978982186887,0.497909361883838,0.483402908644627,0.00155319122209119,"violation",1,7830,0.514911500447028,0.287730184750119,0.499971226840519,0.443820410100371,0.287793085002623,6.29002525043276e-05,"violation"
274,2020,"forward",0.311096570871041,0.473387187829206,0.448609917142993,0.496155941773354,0.475633211466237,0.00224602363703064,"violation in forward orientation",1,0.522068965517241,1,2020,0.311096570871041,0.473387187829206,0.448609917142993,0.496155941773354,0.475633211466237,0.00224602363703064,"violation",1,6580,0.469849142471148,0.314394168721914,0.49730705129498,0.455830688904737,0.314528211443647,0.00013404272173323,"violation"
275,4210,"forward",0.296511964376007,0.500040786806931,0.445581896461667,0.499316847016096,0.500215730657473,0.000174943850541953,"violation in forward orientation",1,0.522068965517241,1,4210,0.296511964376007,0.500040786806931,0.445581896461667,0.499316847016096,0.500215730657473,0.000174943850541953,"violation",1,4270,0.482393366410631,0.306612347382941,0.498098936842163,0.450522971801942,0.307085826531031,0.00047347914808954,"violation"
276,4120,"forward",0.294374072818244,0.503596734306547,0.444411046492868,0.499479180155871,0.503819171056455,0.00022243674990885,"violation in forward orientation",1,0.522068965517241,1,4120,0.294374072818244,0.503596734306547,0.444411046492868,0.499479180155871,0.503819171056455,0.00022243674990885,"violation",1,6780,0.564509870193947,0.258201745227278,0.498141707336957,0.426975330992204,0.258366780077294,0.000165034850015677,"violation"
277,720,"forward",0.305266459728709,0.481081227851204,0.436948506020538,0.494551720572265,0.485459929731979,0.00437870188077449,"violation in forward orientation",1,0.522068965517241,1,720,0.305266459728709,0.481081227851204,0.436948506020538,0.494551720572265,0.485459929731979,0.00437870188077449,"violation",1,4730,0.496816397625326,0.298223853911141,0.499208729853455,0.446965912234605,0.298528760711392,0.00030490680025147,"violation"
278,3550,"forward",0.301485962556668,0.491422747814104,0.447186004204822,0.498657193100537,0.491832000470792,0.000409252656687453,"violation in forward orientation",1,0.522068965517241,1,3550,0.301485962556668,0.491422747814104,0.447186004204822,0.498657193100537,0.491832000470792,0.000409252656687453,"violation",1,7830,0.51682789389686,0.28655649844214,0.499988109252189,0.443222159939035,0.286656104527268,9.96060851286562e-05,"violation"
279,4000,"reverse",0.507244283071073,0.29119502635481,0.499619605299872,0.442655339965531,0.292341982024538,0.00114695566972867,"violation in reverse orientation",1,0.522068965517241,1,8190,0.27591261417169,0.53466784450373,0.437802430042998,0.499781677868088,0.534936168394138,0.000268323890408095,"violation",1,4000,0.507244283071073,0.29119502635481,0.499619605299872,0.442655339965531,0.292341982024538,0.00114695566972867,"violation"
280,3610,"reverse",0.512397886689165,0.289176722722732,0.499759305484172,0.441089527361697,0.289284391375812,0.000107668653079596,"violation in reverse orientation",1,0.522068965517241,1,4000,0.309420264162966,0.476881827439313,0.451533428995019,0.497518781052535,0.478458645380801,0.00157681794148795,"violation",1,3610,0.512397886689165,0.289176722722732,0.499759305484172,0.441089527361697,0.289284391375812,0.000107668653079596,"violation"
281,3490,"forward",0.261637639617468,0.558922635674698,0.425573204563091,0.499059138918158,0.558996799447367,7.41637726691113e-05,"violation in forward orientation",1,0.522068965517241,1,3490,0.261637639617468,0.558922635674698,0.425573204563091,0.499059138918158,0.558996799447367,7.41637726691113e-05,"violation",1,6250,0.522258753537987,0.28313182937084,0.5,0.440541949875378,0.283434020159941,0.000302190789100654,"violation"
282,1410,"reverse",0.416670201293601,0.343776474115328,0.484532134918961,0.460692209622041,0.346078839955864,0.00230236584053567,"violation in reverse orientation",1,0.522068965517241,1,5410,0.29292876934576,0.505866820922553,0.444940626170195,0.499685018713816,0.506255246404913,0.000388425482360177,"violation",1,1410,0.416670201293601,0.343776474115328,0.484532134918961,0.460692209622041,0.346078839955864,0.00230236584053567,"violation"
283,5020,"reverse",0.511012804839192,0.289921147538773,0.499821836164506,0.44308856781563,0.290106149047925,0.000185001509151905,"violation in reverse orientation",1,0.522068965517241,1,6060,0.258341238031997,0.564379448302503,0.426539376404531,0.49824010332136,0.564552921600161,0.000173473297658377,"violation",1,5020,0.511012804839192,0.289921147538773,0.499821836164506,0.44308856781563,0.290106149047925,0.000185001509151905,"violation"
284,1880,"forward",0.343989427858473,0.419130113453388,0.462536932811399,0.486240916223872,0.420191929013852,0.00106181556046403,"violation in forward orientation",1,0.522068965517241,1,1880,0.343989427858473,0.419130113453388,0.462536932811399,0.486240916223872,0.420191929013852,0.00106181556046403,"violation",1,5530,0.488455828044494,0.303170745018084,0.498780464867582,0.450020627871484,0.303489017895052,0.000318272876968506,"violation"
285,5960,"forward",0.267764674457261,0.548006584872439,0.43194186510451,0.499357696314946,0.548669612931512,0.000663028059073256,"violation in forward orientation",1,0.522068965517241,1,5960,0.267764674457261,0.548006584872439,0.43194186510451,0.499357696314946,0.548669612931512,0.000663028059073256,"violation",1,6460,0.502125203141804,0.295319931750432,0.499607241575151,0.446864612884556,0.295379090052573,5.91583021410935e-05,"violation"
286,4060,"reverse",0.460853929065787,0.319841981740624,0.49568890554666,0.456296992193474,0.319864997589748,2.30158491236754e-05,"violation in reverse orientation",1,0.522068965517241,1,6240,0.250856415233577,0.57694696657155,0.422141545633261,0.496987038929493,0.577168675076117,0.000221708504567264,"violation",1,4060,0.460853929065787,0.319841981740624,0.49568890554666,0.456296992193474,0.319864997589748,2.30158491236754e-05,"violation"
287,380,"forward",0.499217066286047,0.296640173200318,0.494540834632605,0.423504375040767,0.297104463735594,0.000464290535276413,"violation in forward orientation",1,0.522068965517241,1,380,0.499217066286047,0.296640173200318,0.494540834632605,0.423504375040767,0.297104463735594,0.000464290535276413,"violation",1,3070,0.517147132360144,0.286464643603821,0.499838592925146,0.438776724004356,0.286466702972088,2.05936826663811e-06,"violation"
288,50,"forward",0.941261936620275,0.0275269587093167,0.41424630354416,0.0707106781186548,0.0348428770845471,0.00731591837523045,"violation in forward orientation",1,0.522068965517241,1,50,0.941261936620275,0.0275269587093167,0.41424630354416,0.0707106781186548,0.0348428770845471,0.00731591837523045,"violation at burn-in",1,5600,0.561616218868118,0.260078983953338,0.498523809381667,0.427191789779605,0.260083559614524,4.57566118566843e-06,"violation"
289,2120,"reverse",0.512626706385293,0.288988737426378,0.499508257655469,0.437804971770795,0.289148634531675,0.000159897105297069,"violation in reverse orientation",1,0.522068965517241,1,3040,0.308548981288957,0.479169915386759,0.449769100503039,0.49742715818583,0.479927202518674,0.00075728713191503,"violation",1,2120,0.512626706385293,0.288988737426378,0.499508257655469,0.437804971770795,0.289148634531675,0.000159897105297069,"violation"
290,50,"forward",0.501594493296846,0.185611725055255,0.466476151587624,0.271293199325011,0.29569395583958,0.110082230784325,"violation in forward orientation",1,0.522068965517241,1,50,0.501594493296846,0.185611725055255,0.466476151587624,0.271293199325011,0.29569395583958,0.110082230784325,"violation at burn-in",1,7110,0.49153021698332,0.301132165630942,0.499126870324518,0.450040083372273,0.301665008218231,0.000532842587288807,"violation"
291,550,"forward",0.42360207139845,0.341753463068244,0.481045692920835,0.451630654333698,0.341966218423162,0.000212755354918492,"violation in forward orientation",1,0.522068965517241,1,550,0.42360207139845,0.341753463068244,0.481045692920835,0.451630654333698,0.341966218423162,0.000212755354918492,"violation",1,7270,0.487575571667948,0.303744372046741,0.498890712970723,0.451352183004715,0.304011266764943,0.000266894718201571,"violation"
292,270,"reverse",0.449879240144617,0.322734389344919,0.481894409826699,0.431938241787866,0.326376190282226,0.00364180093730765,"violation in reverse orientation",1,0.522068965517241,1,5360,0.24846243261362,0.581022946401151,0.41989529817317,0.496687064108261,0.581203759856677,0.000180813455526452,"violation",1,270,0.449879240144617,0.322734389344919,0.481894409826699,0.431938241787866,0.326376190282226,0.00364180093730765,"violation"
293,2860,"forward",0.301199133903656,0.492197726387363,0.445895506897137,0.498518515262143,0.492315453409319,0.000117727021955727,"violation in forward orientation",1,0.522068965517241,1,2860,0.301199133903656,0.492197726387363,0.445895506897137,0.498518515262143,0.492315453409319,0.000117727021955727,"violation",1,4000,0.495211478083234,0.297360962766216,0.499006763481218,0.445755257961137,0.299480946278523,0.00211998351230697,"violation"
294,5350,"forward",0.271803871533633,0.541850939838474,0.433711886537668,0.49967116446742,0.541861500578195,1.05607397206109e-05,"violation in forward orientation",1,0.522068965517241,1,5350,0.271803871533633,0.541850939838474,0.433711886537668,0.49967116446742,0.541861500578195,1.05607397206109e-05,"violation",1,9640,0.495967451825612,0.298900059467338,0.499488340329,0.450049688396888,0.299032433273513,0.000132373806175368,"violation"
295,50,"reverse",0.329560327676681,0.4062591846095,0.384187454245971,0.427083130081252,0.444512340555426,0.0382531559459258,"violation in reverse orientation",1,0.522068965517241,1,7750,0.304074931646246,0.487415738333064,0.451736462360078,0.498916203115844,0.487468263790496,5.25254574319511e-05,"violation",1,50,0.329560327676681,0.4062591846095,0.384187454245971,0.427083130081252,0.444512340555426,0.0382531559459258,"violation at burn-in"
296,480,"forward",0.499009854998739,0.293901024477391,0.495535624910617,0.42555111326373,0.297227400488463,0.00332637601107194,"violation in forward orientation",1,0.522068965517241,1,480,0.499009854998739,0.293901024477391,0.495535624910617,0.42555111326373,0.297227400488463,0.00332637601107194,"violation",1,3090,0.526543269981011,0.280642271046682,0.499989526602429,0.43568825808069,0.280892051785712,0.000249780739029759,"violation"
297,3000,"reverse",0.54846015984208,0.267478209835347,0.499663775842205,0.428093317968044,0.267888941252896,0.000410731417548826,"violation in reverse orientation",1,0.522068965517241,1,4450,0.302077705547504,0.490717962293495,0.448557339036195,0.49878529383624,0.490834610967451,0.000116648673956332,"violation",1,3000,0.54846015984208,0.267478209835347,0.499663775842205,0.428093317968044,0.267888941252896,0.000410731417548826,"violation"
298,100,"reverse",0.404536423902243,0.346724065972573,0.448998886412873,0.420832508250016,0.353277710306564,0.00655364433399042,"violation in reverse orientation",1,0.522068965517241,1,1420,0.318050002940914,0.463267287167249,0.449480623372735,0.493962758218315,0.463913123072985,0.000645835905736136,"violation",1,100,0.404536423902243,0.346724065972573,0.448998886412873,0.420832508250016,0.353277710306564,0.00655364433399042,"violation"
299,2300,"forward",0.304840088767848,0.486123310696546,0.446404666926841,0.497748997258871,0.486178582808531,5.52721119848609e-05,"violation in forward orientation",1,0.522068965517241,1,2300,0.304840088767848,0.486123310696546,0.446404666926841,0.497748997258871,0.486178582808531,5.52721119848609e-05,"violation",1,6520,0.532757295484946,0.277115152538722,0.499881403187986,0.437520424777154,0.277205321551924,9.01690132015798e-05,"violation"
300,1530,"forward",0.271241841257996,0.541254106453758,0.425399827757797,0.49999829125258,0.542808808964034,0.00155470251027601,"violation in forward orientation",1,0.522068965517241,1,1530,0.271241841257996,0.541254106453758,0.425399827757797,0.49999829125258,0.542808808964034,0.00155470251027601,"violation",1,3630,0.549596765210106,0.267157159103657,0.499526143573984,0.429045208748057,0.267214602634309,5.74435306517906e-05,"violation"
301,740,"reverse",0.53838659822945,0.272798457877658,0.499736965144294,0.41891020043238,0.273865502523153,0.00106704464549506,"violation in reverse orientation",1,0.522068965517241,1,820,0.320997228312867,0.438698889189375,0.446206496987212,0.487249684053618,0.458945541377065,0.0202466521876902,"violation",1,740,0.53838659822945,0.272798457877658,0.499736965144294,0.41891020043238,0.273865502523153,0.00106704464549506,"violation"
302,60,"forward",0.230926430345563,0.53818458826428,0.321022671404304,0.481894409826699,0.610760890002,0.0725763017377195,"violation in forward orientation",1,0.522068965517241,1,60,0.230926430345563,0.53818458826428,0.321022671404304,0.481894409826699,0.610760890002,0.0725763017377195,"violation",1,5000,0.515804696588545,0.287159963839376,0.499926034529109,0.4416521708313,0.287263159076579,0.000103195237203424,"violation"
303,5080,"reverse",0.464232005198714,0.317599730787522,0.496405955683195,0.456254838425803,0.317860812797875,0.000261082010352853,"violation in reverse orientation",1,0.522068965517241,1,8280,0.302173522490344,0.49030941056117,0.451080149855843,0.49913084624273,0.490673110426658,0.000363699865488454,"violation",1,5080,0.464232005198714,0.317599730787522,0.496405955683195,0.456254838425803,0.317860812797875,0.000261082010352853,"violation"
304,4970,"forward",0.306998705301552,0.482330034274213,0.451371308570127,0.498228464559243,0.482540210228211,0.000210175953997749,"violation in forward orientation",1,0.522068965517241,1,4970,0.306998705301552,0.482330034274213,0.451371308570127,0.498228464559243,0.482540210228211,0.000210175953997749,"violation",1,6350,0.5314006839025,0.277786107751039,0.499913663573363,0.437768905340739,0.278010188048423,0.000224080297383966,"violation"
305,1390,"reverse",0.472141836457693,0.302963170982312,0.49520708855576,0.441963238946983,0.313167974954166,0.0102048039718534,"violation in reverse orientation",1,0.522068965517241,1,5470,0.246762468797126,0.583676465058579,0.418929516882539,0.496347059624095,0.584069068095031,0.000392603036451944,"violation",1,1390,0.472141836457693,0.302963170982312,0.49520708855576,0.441963238946983,0.313167974954166,0.0102048039718534,"violation"
306,1840,"forward",0.309133164733869,0.47855645476554,0.447060341520362,0.496606810937171,0.478942554715481,0.000386099949941543,"violation in forward orientation",1,0.522068965517241,1,1840,0.309133164733869,0.47855645476554,0.447060341520362,0.496606810937171,0.478942554715481,0.000386099949941543,"violation",1,3350,0.54728829943476,0.268306998891126,0.499657356420283,0.429243351959706,0.268584196396395,0.000277197505269333,"violation"
307,3340,"reverse",0.547976715883254,0.267853131731649,0.499632695235297,0.428963245625712,0.268175764578326,0.000322632846676607,"violation in reverse orientation",1,0.522068965517241,1,7260,0.298112598248764,0.497068386852656,0.448674329308553,0.499431846376304,0.497517844162654,0.000449457309998347,"violation",1,3340,0.547976715883254,0.267853131731649,0.499632695235297,0.428963245625712,0.268175764578326,0.000322632846676607,"violation"
308,2910,"reverse",0.498853943509875,0.296860138446654,0.498999483136008,0.443834754401701,0.297319901492752,0.000459763046098183,"violation in reverse orientation",1,0.522068965517241,1,9010,0.294034938507549,0.50436033908009,0.447473884454929,0.499782054270906,0.504390785772554,3.04466924641034e-05,"violation",1,2910,0.498853943509875,0.296860138446654,0.498999483136008,0.443834754401701,0.297319901492752,0.000459763046098183,"violation"
309,110,"forward",0.558286251516634,0.250278717268158,0.494682467651374,0.36147082458311,0.262059201861963,0.0117804845938052,"violation in forward orientation",1,0.522068965517241,1,110,0.558286251516634,0.250278717268158,0.494682467651374,0.36147082458311,0.262059201861963,0.0117804845938052,"violation",1,4510,0.497047937749323,0.298143751470378,0.499193847687291,0.446709594041525,0.298391389859771,0.000247638389392457,"violation"
310,50,"forward",0.524410079701748,0.275078575707952,0.47370877129308,0.346987031457949,0.282157656037255,0.00707908032930332,"violation in forward orientation",1,0.522068965517241,1,50,0.524410079701748,0.275078575707952,0.47370877129308,0.346987031457949,0.282157656037255,0.00707908032930332,"violation at burn-in",0,10050,0.508427069628248,0.295808895887235,0.499902953379904,0.448705869145941,0.291640244486176,-0.0041686514010596,"max_iter reached without violation"
311,3340,"forward",0.287026424141858,0.515952410521181,0.439547471014205,0.499834226167428,0.516203715998358,0.000251305477176778,"violation in forward orientation",1,0.522068965517241,1,3340,0.287026424141858,0.515952410521181,0.439547471014205,0.499834226167428,0.516203715998358,0.000251305477176778,"violation",1,5110,0.478492269229359,0.309371549362458,0.49791658492957,0.452585188798549,0.309400315410105,2.87660476468998e-05,"violation"
312,1890,"reverse",0.433659277284628,0.335132644220298,0.489461173555984,0.458947056977808,0.335999360870917,0.000866716650618604,"violation in reverse orientation",1,0.522068965517241,1,4660,0.286541131933326,0.516970706449907,0.441001273751474,0.499933499602454,0.517021681504226,5.09750543198351e-05,"violation",1,1890,0.433659277284628,0.335132644220298,0.489461173555984,0.458947056977808,0.335999360870917,0.000866716650618604,"violation"
313,2610,"reverse",0.547633556081542,0.26831731473579,0.499753172293447,0.427687988270644,0.268379358466891,6.20437311014133e-05,"violation in reverse orientation",1,0.522068965517241,1,6510,0.304234698824479,0.486964080964288,0.451168992986569,0.498782640773364,0.487198974404706,0.00023489344041866,"violation",1,2610,0.547633556081542,0.26831731473579,0.499753172293447,0.427687988270644,0.268379358466891,6.20437311014133e-05,"violation"
314,1270,"reverse",0.431132806756982,0.336356650539378,0.487517953871968,0.456870044389512,0.337498295059897,0.00114164452051929,"violation in reverse orientation",1,0.522068965517241,1,8280,0.291584357624095,0.508454685093198,0.445964895581185,0.499871100563866,0.508521267566334,6.65824731360676e-05,"violation",1,1270,0.431132806756982,0.336356650539378,0.487517953871968,0.456870044389512,0.337498295059897,0.00114164452051929,"violation"
315,70,"forward",0.898661999464136,0.0534488391899587,0.428809457708675,0.118666055184544,0.060117069501612,0.00666823031165336,"violation in forward orientation",1,0.522068965517241,1,70,0.898661999464136,0.0534488391899587,0.428809457708675,0.118666055184544,0.060117069501612,0.00666823031165336,"violation",1,6780,0.561423634337667,0.260169187199719,0.498399798366575,0.428137811588656,0.260197818432824,2.86312331055916e-05,"violation"
316,2360,"forward",0.265185786126282,0.549814083909873,0.425158393520086,0.499726835751877,0.553016358379181,0.00320227446930732,"violation in forward orientation",1,0.522068965517241,1,2360,0.265185786126282,0.549814083909873,0.425158393520086,0.499726835751877,0.553016358379181,0.00320227446930732,"violation",1,2430,0.422640696934173,0.341154169294216,0.487870279142178,0.462780027872165,0.342536593987472,0.00138242469325567,"violation"
317,2330,"forward",0.321405939214642,0.456696844409371,0.454217588673063,0.494129362542103,0.458256654529828,0.00155981012045725,"violation in forward orientation",1,0.522068965517241,1,2330,0.321405939214642,0.456696844409371,0.454217588673063,0.494129362542103,0.458256654529828,0.00155981012045725,"violation",1,6810,0.533517625705183,0.276651531198643,0.499854990497577,0.437454373366077,0.276754223884424,0.00010269268578067,"violation"
318,5640,"forward",0.296828119626959,0.499616338159688,0.447048757598586,0.49944360043411,0.499682847406452,6.65092467633244e-05,"violation in forward orientation",1,0.522068965517241,1,5640,0.296828119626959,0.499616338159688,0.447048757598586,0.49944360043411,0.499682847406452,6.65092467633244e-05,"violation",1,7290,0.509769408936315,0.290604643882158,0.499876527964533,0.444998321234899,0.290843845612705,0.000239201730547201,"violation"
319,4920,"forward",0.273369358962555,0.539195049504132,0.434179834888413,0.499785795877451,0.539222853811947,2.78043078154599e-05,"violation in forward orientation",1,0.522068965517241,1,4920,0.273369358962555,0.539195049504132,0.434179834888413,0.499785795877451,0.539222853811947,2.78043078154599e-05,"violation",1,5770,0.480114020079371,0.308347116680262,0.4981641367925,0.452606845547435,0.308438143966389,9.10272861262551e-05,"violation"
320,600,"forward",0.321460260481575,0.455322642288051,0.443092039598496,0.489205705426891,0.458165095420069,0.00284245313201764,"violation in forward orientation",1,0.522068965517241,1,600,0.321460260481575,0.455322642288051,0.443092039598496,0.489205705426891,0.458165095420069,0.00284245313201764,"violation",1,4390,0.516867738465838,0.286481413663001,0.499921071390254,0.440682125549318,0.286632465072134,0.000151051409132741,"violation"
321,4110,"reverse",0.46764626273574,0.315040797185386,0.496549742886357,0.4542223937263,0.315835161876468,0.000794364691082017,"violation in reverse orientation",1,0.522068965517241,1,6920,0.299518054235722,0.494865839494165,0.449168655263694,0.4993001676238,0.495148932201704,0.000283092707539123,"violation",1,4110,0.46764626273574,0.315040797185386,0.496549742886357,0.4542223937263,0.315835161876468,0.000794364691082017,"violation"
322,100,"reverse",0.322972911087052,0.43827928159571,0.407308237088326,0.462493243193887,0.455615505717293,0.0173362241215834,"violation in reverse orientation",1,0.522068965517241,1,2080,0.307846620983993,0.480574380608186,0.44723814485133,0.497039822779819,0.481111038755998,0.000536658147812119,"violation",1,100,0.322972911087052,0.43827928159571,0.407308237088326,0.462493243193887,0.455615505717293,0.0173362241215834,"violation"
323,3980,"forward",0.305528286384904,0.485018111754651,0.449685574295419,0.498257360672886,0.485018617941847,5.06187195992158e-07,"violation in forward orientation",1,0.522068965517241,1,3980,0.305528286384904,0.485018111754651,0.449685574295419,0.498257360672886,0.485018617941847,5.06187195992158e-07,"violation",1,8250,0.48026507296436,0.308315944513403,0.498436107039543,0.45390217106763,0.308348525531827,3.25810184241271e-05,"violation"
324,100,"forward",0.567316518042841,0.249038993743375,0.495075751779463,0.357071421427142,0.256701618987505,0.00766262524412908,"violation in forward orientation",1,0.522068965517241,1,100,0.567316518042841,0.249038993743375,0.495075751779463,0.357071421427142,0.256701618987505,0.00766262524412908,"violation",1,4710,0.481398668360997,0.307293559542642,0.498102022882894,0.451277818465435,0.307675972704514,0.000382413161872541,"violation"
325,90,"forward",0.623601442490623,0.202857682846242,0.499505928733089,0.314269680527354,0.223308236141441,0.0204505532951983,"violation in forward orientation",1,0.522068965517241,1,90,0.623601442490623,0.202857682846242,0.499505928733089,0.314269680527354,0.223308236141441,0.0204505532951983,"violation",1,700,0.49558189240914,0.298485693691349,0.496386945839634,0.433012701892219,0.299261182504866,0.000775488813516967,"violation"
326,160,"forward",0.468812550300504,0.302968040723733,0.480722113075735,0.409076704298839,0.315143213054632,0.0121751723308992,"violation in forward orientation",1,0.522068965517241,1,160,0.468812550300504,0.302968040723733,0.480722113075735,0.409076704298839,0.315143213054632,0.0121751723308992,"violation",1,4000,0.434812668439321,0.33399040412207,0.49155645657442,0.46218441936093,0.335315063383129,0.0013246592610589,"violation"
327,2400,"reverse",0.55595645662074,0.262613226792457,0.499474550291493,0.42373811848305,0.263441450015882,0.000828223223424518,"violation in reverse orientation",1,0.522068965517241,1,2820,0.283760595534223,0.521705448485411,0.436833376958985,0.499914986988371,0.521708307051247,2.85856583526201e-06,"violation",1,2400,0.55595645662074,0.262613226792457,0.499474550291493,0.42373811848305,0.263441450015882,0.000828223223424518,"violation"
328,4000,"forward",0.304034591896399,0.48391663776178,0.448998886412873,0.498169085251183,0.487536256895084,0.003619619133304,"violation in forward orientation",1,0.522068965517241,1,4000,0.304034591896399,0.48391663776178,0.448998886412873,0.498169085251183,0.487536256895084,0.003619619133304,"violation",1,6030,0.487377435804068,0.304116602062219,0.498762415371298,0.45081597236215,0.304128819143719,1.22170814995104e-05,"violation"
329,100,"forward",0.514629046470215,0.286560022992806,0.485386443980464,0.384187454245971,0.287960662624458,0.00140063963165205,"violation in forward orientation",1,0.522068965517241,1,100,0.514629046470215,0.286560022992806,0.485386443980464,0.384187454245971,0.287960662624458,0.00140063963165205,"violation",1,6800,0.49926871165761,0.296900348461902,0.499506655400033,0.447838329701884,0.297073822961324,0.000173474499422122,"violation"
330,6630,"reverse",0.496959450111782,0.298366422135084,0.499387753069905,0.448450279494231,0.298443888847494,7.74667124091022e-05,"violation in reverse orientation",1,0.522068965517241,1,7530,0.278648586379746,0.53029812181446,0.43893896839708,0.499906006766435,0.530324656295122,2.65344806611445e-05,"violation",1,6630,0.496959450111782,0.298366422135084,0.499387753069905,0.448450279494231,0.298443888847494,7.74667124091022e-05,"violation"
331,2360,"forward",0.293345722816649,0.504437947235823,0.440790199202213,0.499169088385084,0.505552466614216,0.00111451937839346,"violation in forward orientation",1,0.522068965517241,1,2360,0.293345722816649,0.504437947235823,0.440790199202213,0.499169088385084,0.505552466614216,0.00111451937839346,"violation",1,5930,0.463905685034439,0.317924297704565,0.496544168578858,0.456995700135026,0.318054415868021,0.000130118163455262,"violation"
332,50,"forward",0.9262591846095,0.0275269587093167,0.427083130081252,0.0707106781186548,0.0437438864854773,0.0162169277761606,"violation in forward orientation",1,0.522068965517241,1,50,0.9262591846095,0.0275269587093167,0.427083130081252,0.0707106781186548,0.0437438864854773,0.0162169277761606,"violation at burn-in",1,1180,0.36985794519905,0.375980344638476,0.469472403697976,0.471603887755688,0.376590250477645,0.000609905839169478,"violation"
333,6780,"reverse",0.555689842040848,0.262741235903578,0.498827734485622,0.429640321499202,0.26359963025377,0.000858394350192304,"violation in reverse orientation",1,0.522068965517241,0,10050,0.292871032104485,0.514698805478122,0.447275679283906,0.499987168469792,0.506352563178058,-0.00834624230006442,"max_iter reached without violation",1,6780,0.555689842040848,0.262741235903578,0.498827734485622,0.429640321499202,0.26359963025377,0.000858394350192304,"violation"
334,110,"forward",0.431480132820321,0.327565307208637,0.462118728259594,0.413011516058202,0.337292229362567,0.00972692215393028,"violation in forward orientation",1,0.522068965517241,1,110,0.431480132820321,0.327565307208637,0.462118728259594,0.413011516058202,0.337292229362567,0.00972692215393028,"violation",1,2470,0.476198188144827,0.309514725499272,0.496822996850797,0.449078199020048,0.310761374853416,0.00124664935414437,"violation"
335,4000,"forward",0.292737026621873,0.506492685966383,0.443439962114377,0.4995897692107,0.506578430934529,8.574496814584e-05,"violation in forward orientation",1,0.522068965517241,1,4000,0.292737026621873,0.506492685966383,0.443439962114377,0.4995897692107,0.506578430934529,8.574496814584e-05,"violation",1,4680,0.562407069834842,0.259399874860182,0.498599790820492,0.4258801631458,0.259614354239103,0.000214479378921939,"violation"
336,5650,"forward",0.271460515451022,0.542128152587722,0.433776387939825,0.499641221422815,0.542440231138604,0.000312078550882111,"violation in forward orientation",1,0.522068965517241,1,5650,0.271460515451022,0.542128152587722,0.433776387939825,0.499641221422815,0.542440231138604,0.000312078550882111,"violation",1,8030,0.530646647667644,0.278137636235402,0.499887938758094,0.43892002114409,0.278457551546152,0.000319915310749541,"violation"
337,4110,"forward",0.242128794665905,0.591688756855565,0.414377804117881,0.495697772413202,0.591879178247502,0.000190421391936701,"violation in forward orientation",1,0.522068965517241,1,4110,0.242128794665905,0.591688756855565,0.414377804117881,0.495697772413202,0.591879178247502,0.000190421391936701,"violation",1,6310,0.453977771238051,0.323873370891987,0.495356158825635,0.459763478150155,0.323944565486558,7.11945945711667e-05,"violation"
338,7190,"reverse",0.546152645427118,0.269117146487281,0.499365875032157,0.433533389041139,0.269257970580689,0.000140824093407599,"violation in reverse orientation",1,0.522068965517241,0,10050,0.274312127160239,0.541644446467189,0.437704464663291,0.499452932072342,0.537633807352563,-0.00401063911462551,"max_iter reached without violation",1,7190,0.546152645427118,0.269117146487281,0.499365875032157,0.433533389041139,0.269257970580689,0.000140824093407599,"violation"
339,730,"reverse",0.575461310972026,0.251371861803531,0.499577603529054,0.405046510815966,0.251869380316943,0.000497518513412121,"violation in reverse orientation",1,0.522068965517241,1,4000,0.30172520324223,0.484167782773131,0.447889425528221,0.498190475621524,0.491428757589598,0.00726097481646715,"violation",1,730,0.575461310972026,0.251371861803531,0.499577603529054,0.405046510815966,0.251869380316943,0.000497518513412121,"violation"
340,3490,"forward",0.290628963900889,0.509672600786801,0.441660686539785,0.499653002309165,0.510131594491773,0.000458993704972599,"violation in forward orientation",1,0.522068965517241,1,3490,0.290628963900889,0.509672600786801,0.441660686539785,0.499653002309165,0.510131594491773,0.000458993704972599,"violation",1,4000,0.513254887837691,0.288624253539211,0.499817716772825,0.441333207452147,0.288775939641479,0.000151686102268289,"violation"
341,150,"forward",0.360048031523678,0.389809930959501,0.438634243989226,0.45220447685631,0.393124970922199,0.00331503996269855,"violation in forward orientation",1,0.522068965517241,1,150,0.360048031523678,0.389809930959501,0.438634243989226,0.45220447685631,0.393124970922199,0.00331503996269855,"violation",1,5800,0.518818158213902,0.285439889911268,0.499982877233565,0.44142497069858,0.285475297073835,3.54071625677244e-05,"violation"
342,2990,"forward",0.299805231011198,0.494661360108905,0.445454818348854,0.49874160723971,0.494664892498828,3.53238992295557e-06,"violation in forward orientation",1,0.522068965517241,1,2990,0.299805231011198,0.494661360108905,0.445454818348854,0.49874160723971,0.494664892498828,3.53238992295557e-06,"violation",1,5690,0.565761155669403,0.257487570300915,0.498172816031329,0.425727145639044,0.257624402693979,0.000136832393064001,"violation"
343,1400,"forward",0.28592180254607,0.517144253361023,0.433012701892219,0.499409855811469,0.518065568190721,0.000921314829698039,"violation in forward orientation",1,0.522068965517241,1,1400,0.28592180254607,0.517144253361023,0.433012701892219,0.499409855811469,0.518065568190721,0.000921314829698039,"violation",1,6370,0.569394663462396,0.255348628055199,0.497747242287799,0.424980818485699,0.255468672398594,0.000120044343394521,"violation"
344,90,"forward",0.668045886935067,0.171968943105426,0.499505928733089,0.28458329944146,0.196939712717538,0.0249707696121121,"violation in forward orientation",1,0.522068965517241,1,90,0.668045886935067,0.171968943105426,0.499505928733089,0.28458329944146,0.196939712717538,0.0249707696121121,"violation",1,1260,0.460247011590299,0.318294871644526,0.493140143170528,0.448687231595041,0.320225076737296,0.00193020509277014,"violation"
345,480,"forward",0.4413179158572,0.300653668764712,0.48465605645195,0.42934361238989,0.331455553582505,0.0308018848177931,"violation in forward orientation",1,0.522068965517241,1,480,0.4413179158572,0.300653668764712,0.48465605645195,0.42934361238989,0.331455553582505,0.0308018848177931,"violation",1,2360,0.458358021591415,0.320488844590998,0.494407099236981,0.453879626139374,0.32134579897054,0.000856954379542196,"violation"
346,820,"forward",0.427445633123189,0.327411389947177,0.484591550535793,0.449237572107167,0.339685864857338,0.0122744749101604,"violation in forward orientation",1,0.522068965517241,1,820,0.427445633123189,0.327411389947177,0.484591550535793,0.449237572107167,0.339685864857338,0.0122744749101604,"violation",1,5020,0.480249557415754,0.307876633932167,0.498058124964269,0.451821417127071,0.308357730779231,0.000481096847063989,"violation"
347,1770,"forward",0.279880235178211,0.527955162520911,0.431534876805403,0.499907744688868,0.528248698316041,0.000293535795130029,"violation in forward orientation",1,0.522068965517241,1,1770,0.279880235178211,0.527955162520911,0.431534876805403,0.499907744688868,0.528248698316041,0.000293535795130029,"violation",1,2550,0.502389489623737,0.294379245156503,0.499110935824022,0.441801909610676,0.29522229105606,0.000843045899556805,"violation"
348,3150,"reverse",0.467731602659732,0.315343985410303,0.4961925072824,0.453098178305402,0.31578453040131,0.000440544991007819,"violation in reverse orientation",1,0.522068965517241,1,6790,0.261756787855248,0.558562961602443,0.429074097004919,0.498620692899317,0.558795973745089,0.000233012142645816,"violation",1,3150,0.467731602659732,0.315343985410303,0.4961925072824,0.453098178305402,0.31578453040131,0.000440544991007819,"violation"
349,1800,"reverse",0.434292075439864,0.335335189593226,0.489439084344467,0.458740896232877,0.33562392692889,0.000288737335663924,"violation in reverse orientation",1,0.522068965517241,1,5500,0.286365020344978,0.517282536941256,0.441671468345436,0.499961783663479,0.517318519578111,3.59826368555582e-05,"violation",1,1800,0.434292075439864,0.335335189593226,0.489439084344467,0.458740896232877,0.33562392692889,0.000288737335663924,"violation"
350,4400,"forward",0.291447303316652,0.508215675113102,0.443250344352483,0.499693656153448,0.508752274151539,0.000536599038436947,"violation in forward orientation",1,0.522068965517241,1,4400,0.291447303316652,0.508215675113102,0.443250344352483,0.499693656153448,0.508752274151539,0.000536599038436947,"violation",1,4440,0.47233703239398,0.312434694470866,0.497166714804881,0.453385930577128,0.313052166810255,0.000617472339389358,"violation"
351,4570,"reverse",0.495747015410806,0.299024369482295,0.49912659712605,0.447200800899756,0.299163216385778,0.000138846903483314,"violation in reverse orientation",1,0.522068965517241,1,4720,0.266631933649897,0.550176217232118,0.430162544103185,0.499363957342872,0.550578860372998,0.000402643140879455,"violation",1,4570,0.495747015410806,0.299024369482295,0.49912659712605,0.447200800899756,0.299163216385778,0.000138846903483314,"violation"
352,5020,"forward",0.302371989667973,0.48904847317728,0.449232823820718,0.498755256060057,0.490338591754209,0.0012901185769294,"violation in forward orientation",1,0.522068965517241,1,5020,0.302371989667973,0.48904847317728,0.449232823820718,0.498755256060057,0.490338591754209,0.0012901185769294,"violation",1,5640,0.535096618790343,0.275754054946211,0.499858859159792,0.436139904096004,0.275817420270999,6.33653247880117e-05,"violation"
353,4370,"reverse",0.49509206053306,0.299276440556576,0.499058856930472,0.447117629435354,0.299551795729075,0.000275355172499769,"violation in reverse orientation",1,0.522068965517241,1,4380,0.294624877301024,0.503379646013879,0.444830658281594,0.499499134050212,0.503396437264269,1.67912503906686e-05,"violation",1,4370,0.49509206053306,0.299276440556576,0.499058856930472,0.447117629435354,0.299551795729075,0.000275355172499769,"violation"
354,120,"forward",0.471119296036274,0.291618594854466,0.476969600708473,0.393612189287318,0.313774639777883,0.0221560449234167,"violation in forward orientation",1,0.522068965517241,1,120,0.471119296036274,0.291618594854466,0.476969600708473,0.393612189287318,0.313774639777883,0.0221560449234167,"violation",1,1390,0.440033116873534,0.332163975338349,0.489750546233855,0.455702443648425,0.33221781425466,5.38389163115549e-05,"violation"
355,80,"forward",0.819812757386282,0.0962393665961734,0.46837484987988,0.189983551919633,0.106897676452067,0.0106583098558941,"violation in forward orientation",1,0.522068965517241,1,80,0.819812757386282,0.0962393665961734,0.46837484987988,0.189983551919633,0.106897676452067,0.0106583098558941,"violation",1,1940,0.554165829587409,0.264090874427656,0.499674407753107,0.423060867247386,0.264503814310498,0.000412939882842023,"violation"
356,2740,"forward",0.246390093269154,0.584408595256318,0.414541992648291,0.497152636299594,0.584696711258789,0.000288116002471361,"violation in forward orientation",1,0.522068965517241,1,2740,0.246390093269154,0.584408595256318,0.414541992648291,0.497152636299594,0.584696711258789,0.000288116002471361,"violation",1,3600,0.529900071492495,0.278796689730089,0.499996219121507,0.435548469330111,0.2789004890518,0.000103799321711118,"violation"
357,2140,"forward",0.312508239896679,0.472747156584409,0.449637619639051,0.496180713953739,0.473253827358326,0.000506670773916862,"violation in forward orientation",1,0.522068965517241,1,2140,0.312508239896679,0.472747156584409,0.449637619639051,0.496180713953739,0.473253827358326,0.000506670773916862,"violation",1,3700,0.495692791566151,0.298433962351167,0.498981870644171,0.445899342364191,0.299195386946931,0.000761424595763838,"violation"
358,350,"forward",0.536299777077308,0.273938619068748,0.498397431775085,0.408321601941711,0.275103596352867,0.00116497728411968,"violation in forward orientation",1,0.522068965517241,1,350,0.536299777077308,0.273938619068748,0.498397431775085,0.408321601941711,0.275103596352867,0.00116497728411968,"violation",1,7080,0.519586119238141,0.284785896996284,0.499997586096506,0.441918072586405,0.285019672113069,0.00023377511678524,"violation"
359,890,"reverse",0.490483151578542,0.300174585604717,0.496441064568164,0.436522276657134,0.302286223512907,0.00211163790818936,"violation in reverse orientation",1,0.522068965517241,1,6500,0.309875430007496,0.477661311663155,0.453762052181537,0.498046622184934,0.477691458202173,3.01465390177835e-05,"violation",1,890,0.490483151578542,0.300174585604717,0.496441064568164,0.436522276657134,0.302286223512907,0.00211163790818936,"violation"
360,70,"forward",0.788036585503097,0.0835536454472621,0.483186700722508,0.166598625567009,0.125750217936101,0.0421965724888392,"violation in forward orientation",1,0.522068965517241,1,70,0.788036585503097,0.0835536454472621,0.483186700722508,0.166598625567009,0.125750217936101,0.0421965724888392,"violation",1,9510,0.515340506575023,0.287391701046174,0.499988677460613,0.444356290343818,0.287538559194585,0.000146858148410478,"violation"
361,820,"reverse",0.494564444819242,0.296521687646546,0.496703888773926,0.433714501587815,0.299864825793519,0.00334313814697362,"violation in reverse orientation",1,0.522068965517241,1,3350,0.301564402352475,0.491107031584584,0.446926984098763,0.49858333500728,0.491699789307849,0.000592757723264947,"violation",1,820,0.494564444819242,0.296521687646546,0.496703888773926,0.433714501587815,0.299864825793519,0.00334313814697362,"violation"
362,160,"forward",0.534324833300536,0.273818275903645,0.49434299833213,0.3903123748999,0.276275314255738,0.00245703835209293,"violation in forward orientation",1,0.522068965517241,1,160,0.534324833300536,0.273818275903645,0.49434299833213,0.3903123748999,0.276275314255738,0.00245703835209293,"violation",1,820,0.46112420691976,0.315858040674103,0.491788611165993,0.443706402706225,0.31970464396147,0.00384660328736713,"violation"
363,1780,"forward",0.283628758006373,0.520039278360791,0.433659469268168,0.499696600285439,0.521930520695449,0.00189124233465721,"violation in forward orientation",1,0.522068965517241,1,1780,0.283628758006373,0.520039278360791,0.433659469268168,0.499696600285439,0.521930520695449,0.00189124233465721,"violation",1,6450,0.488277557714904,0.303529901543937,0.498866836847465,0.450803021263756,0.303594784215688,6.48826717516426e-05,"violation"
364,650,"reverse",0.542441434057888,0.269589452351106,0.499763257562486,0.415282038616689,0.271459801768903,0.00187034941779679,"violation in reverse orientation",1,0.522068965517241,1,6750,0.291340744578,0.50851716100687,0.445065763239189,0.499830006767596,0.508931880110657,0.000414719103786987,"violation",1,650,0.542441434057888,0.269589452351106,0.499763257562486,0.415282038616689,0.271459801768903,0.00187034941779679,"violation"
365,3960,"reverse",0.497030262151506,0.298222907379803,0.499111290595554,0.446131726049675,0.29840187664661,0.00017896926680655,"violation in reverse orientation",1,0.522068965517241,1,9290,0.308335548301443,0.480188332991991,0.454303215155115,0.498504427488549,0.480286946232937,9.8613240945844e-05,"violation",1,3960,0.497030262151506,0.298222907379803,0.499111290595554,0.446131726049675,0.29840187664661,0.00017896926680655,"violation"
366,90,"forward",0.519317495001799,0.261362863693741,0.484831649539365,0.362433476228891,0.285179044663603,0.0238161809698623,"violation in forward orientation",1,0.522068965517241,1,90,0.519317495001799,0.261362863693741,0.484831649539365,0.362433476228891,0.285179044663603,0.0238161809698623,"violation",1,2250,0.503245485780429,0.293953296265629,0.499058669452356,0.440799274046589,0.294714435575119,0.000761139309489456,"violation"
367,5270,"reverse",0.516290986190924,0.286947321243168,0.499942386564356,0.441781796880545,0.286974647454228,2.73262110607186e-05,"violation in reverse orientation",1,0.522068965517241,1,8880,0.312370509234992,0.473105404243548,0.455961723899308,0.497874089688857,0.473485973946258,0.000380569702710443,"violation",1,5270,0.516290986190924,0.286947321243168,0.499942386564356,0.441781796880545,0.286974647454228,2.73262110607186e-05,"violation"
368,1530,"forward",0.306762798466061,0.481505856793417,0.444600606936331,0.496604730851325,0.482937833867407,0.00143197707399012,"violation in forward orientation",1,0.522068965517241,1,1530,0.306762798466061,0.481505856793417,0.444600606936331,0.496604730851325,0.482937833867407,0.00143197707399012,"violation",1,1860,0.514713339871788,0.287464413004556,0.499513869353952,0.436072547825794,0.287910652042446,0.000446239037889651,"violation"
369,2330,"forward",0.272530908193194,0.539062163343019,0.429359620945039,0.4999688693361,0.540636072066121,0.00157390872310204,"violation in forward orientation",1,0.522068965517241,1,2330,0.272530908193194,0.539062163343019,0.429359620945039,0.4999688693361,0.540636072066121,0.00157390872310204,"violation",1,9660,0.506052870805878,0.292914708359396,0.499843077707694,0.447163978548544,0.29304883712454,0.000134128765143959,"violation"
370,3060,"forward",0.307927104104044,0.480408360769994,0.449509774223514,0.497558973681512,0.480975383546932,0.000567022776937987,"violation in forward orientation",1,0.522068965517241,1,3060,0.307927104104044,0.480408360769994,0.449509774223514,0.497558973681512,0.480975383546932,0.000567022776937987,"violation",1,5610,0.48810163049322,0.303671644560312,0.498765351702058,0.450316350755165,0.30369916038967,2.75158293577826e-05,"violation"
371,90,"reverse",0.343591528449175,0.382890080077361,0.415739709641549,0.436173031697567,0.420862592968246,0.037972512890885,"violation in reverse orientation",1,0.522068965517241,1,5150,0.26239443797801,0.557456369649843,0.428142130434897,0.498883322736857,0.557721207251701,0.000264837601858359,"violation",1,90,0.343591528449175,0.382890080077361,0.415739709641549,0.436173031697567,0.420862592968246,0.037972512890885,"violation"
372,480,"forward",0.473478354568967,0.309631823460318,0.491525403435288,0.434208851117626,0.312375029748885,0.00274320628856672,"violation in forward orientation",1,0.522068965517241,1,480,0.473478354568967,0.309631823460318,0.491525403435288,0.434208851117626,0.312375029748885,0.00274320628856672,"violation",1,1660,0.434755029189207,0.334750216767369,0.489273459250683,0.457994184730773,0.335349260276257,0.000599043508887953,"violation"
373,2910,"forward",0.294023256019483,0.504026892773299,0.442397789345098,0.4992993520324,0.504410476738313,0.000383583965013701,"violation in forward orientation",1,0.522068965517241,1,2910,0.294023256019483,0.504026892773299,0.442397789345098,0.4992993520324,0.504410476738313,0.000383583965013701,"violation",1,4270,0.504716988067521,0.293637247652505,0.499545614549719,0.444213898519319,0.293841405368295,0.000204157715790243,"violation"
374,90,"forward",0.458651873183302,0.316774321444153,0.46732757432918,0.4,0.321171459237404,0.00439713779325146,"violation in forward orientation",1,0.522068965517241,1,90,0.458651873183302,0.316774321444153,0.46732757432918,0.4,0.321171459237404,0.00439713779325146,"violation",1,4710,0.557449273619586,0.262375894381487,0.498943668942985,0.427676164626953,0.262555773965844,0.000179879584357223,"violation"
375,2020,"forward",0.292619395148074,0.506273010172717,0.439389832784507,0.499146168334491,0.506776700113965,0.000503689941248386,"violation in forward orientation",1,0.522068965517241,1,2020,0.292619395148074,0.506273010172717,0.439389832784507,0.499146168334491,0.506776700113965,0.000503689941248386,"violation",1,5720,0.460144135206388,0.320269624676639,0.496045261554907,0.457875076362872,0.320286112449922,1.64877732825031e-05,"violation"
376,7270,"reverse",0.574433865867846,0.252385341546251,0.497113871694166,0.423788007972205,0.252478955048611,9.36135023598683e-05,"violation in reverse orientation",1,0.522068965517241,1,8080,0.29438830821559,0.503419113455678,0.447259556818602,0.499724890004128,0.503795177133236,0.000376063677558158,"violation",1,7270,0.574433865867846,0.252385341546251,0.497113871694166,0.423788007972205,0.252478955048611,9.36135023598683e-05,"violation"
377,3510,"reverse",0.509141138877522,0.290478271685245,0.499635503216477,0.441613454278344,0.291216593072346,0.000738321387100616,"violation in reverse orientation",1,0.522068965517241,1,7430,0.314743198079812,0.469333975142914,0.456413937451455,0.49736355430855,0.469486780064511,0.000152804921596694,"violation",1,3510,0.509141138877522,0.290478271685245,0.499635503216477,0.441613454278344,0.291216593072346,0.000738321387100616,"violation"
378,3190,"reverse",0.51024615756834,0.290505033316482,0.499634205479557,0.441107603746032,0.29056099456961,5.59612531286779e-05,"violation in reverse orientation",1,0.522068965517241,1,6810,0.299321439562992,0.495315333839161,0.44901327520549,0.499316335870558,0.495480328456195,0.000164994617033565,"violation",1,3190,0.51024615756834,0.290505033316482,0.499634205479557,0.441107603746032,0.29056099456961,5.59612531286779e-05,"violation"
379,50,"forward",0.246504271019468,0.56895608070809,0.324961536185438,0.485386443980464,0.584504263369347,0.0155481826612577,"violation in forward orientation",1,0.522068965517241,1,50,0.246504271019468,0.56895608070809,0.324961536185438,0.485386443980464,0.584504263369347,0.0155481826612577,"violation at burn-in",1,2310,0.483218994457347,0.30624120645752,0.497471916923618,0.447112175021162,0.306595988200023,0.000354781742502086,"violation"
380,2360,"forward",0.319178382658863,0.455789657253051,0.453290025447674,0.49401691746047,0.46201122629703,0.00622156904397908,"violation in forward orientation",1,0.522068965517241,1,2360,0.319178382658863,0.455789657253051,0.453290025447674,0.49401691746047,0.46201122629703,0.00622156904397908,"violation",1,4960,0.505520193659044,0.293356916238255,0.499640707277106,0.444770630872688,0.293364870095573,7.95385731838794e-06,"violation"
381,2340,"forward",0.328875129138172,0.445301242139372,0.457507723718447,0.492265215107191,0.445667250441301,0.000366008301928955,"violation in forward orientation",1,0.522068965517241,1,2340,0.328875129138172,0.445301242139372,0.457507723718447,0.492265215107191,0.445667250441301,0.000366008301928955,"violation",1,8820,0.527574013571448,0.280149224813828,0.499931492470966,0.4403441728052,0.280280520089271,0.000131295275443422,"violation"
382,2890,"forward",0.264142189633822,0.554458095454616,0.425897443992021,0.499429638409355,0.554775352069723,0.000317256615106176,"violation in forward orientation",1,0.522068965517241,1,2890,0.264142189633822,0.554458095454616,0.425897443992021,0.499429638409355,0.554775352069723,0.000317256615106176,"violation",1,7150,0.535171461884834,0.275750995041535,0.499800419847943,0.437169777151254,0.275773016478469,2.20214369341942e-05,"violation"
383,110,"reverse",0.604951973890729,0.227251178235511,0.499255644281672,0.343174292512307,0.234372812507883,0.00712163427237136,"violation in reverse orientation",1,0.522068965517241,1,5840,0.291237517559529,0.508841649680903,0.444419617264382,0.499802808741804,0.509105870417729,0.000264220736826526,"violation",1,110,0.604951973890729,0.227251178235511,0.499255644281672,0.343174292512307,0.234372812507883,0.00712163427237136,"violation"
384,210,"reverse",0.460312358302761,0.315524963935628,0.481894409826699,0.422952584681651,0.320186307070136,0.00466134313450767,"violation in reverse orientation",1,0.522068965517241,1,7220,0.2765252573371,0.533704833783951,0.437628946891476,0.499837605322016,0.533903551410182,0.000198717626231026,"violation",1,210,0.460312358302761,0.315524963935628,0.481894409826699,0.422952584681651,0.320186307070136,0.00466134313450767,"violation"
385,830,"forward",0.350130888016933,0.40639473053664,0.459301697214069,0.479003174545996,0.40984042846024,0.00344569792360017,"violation in forward orientation",1,0.522068965517241,1,830,0.350130888016933,0.40639473053664,0.459301697214069,0.479003174545996,0.40984042846024,0.00344569792360017,"violation",1,6780,0.50410484003939,0.291883732528828,0.499697004459833,0.445354928704786,0.294204587759714,0.00232085523088649,"violation"
386,760,"reverse",0.517005756623514,0.285559434630631,0.498640811887453,0.426762274318107,0.286550580034103,0.000991145403471838,"violation in reverse orientation",1,0.522068965517241,1,810,0.429958874573304,0.33648599954262,0.485141203673637,0.453246178986025,0.338194779371274,0.00170877982865353,"violation",1,760,0.517005756623514,0.285559434630631,0.498640811887453,0.426762274318107,0.286550580034103,0.000991145403471838,"violation"
387,480,"forward",0.522264043553374,0.264439121636026,0.498082259772419,0.407604579286783,0.283430881637312,0.0189917600012856,"violation in forward orientation",1,0.522068965517241,1,480,0.522264043553374,0.264439121636026,0.498082259772419,0.407604579286783,0.283430881637312,0.0189917600012856,"violation",1,3470,0.467656869505796,0.315670695051029,0.496323969881072,0.453722030858413,0.315828868967013,0.000158173915983328,"violation"
388,1840,"forward",0.261562854533317,0.558663630071002,0.421111141591835,0.499527186655481,0.559122850552482,0.000459220481480394,"violation in forward orientation",1,0.522068965517241,1,1840,0.261562854533317,0.558663630071002,0.421111141591835,0.499527186655481,0.559122850552482,0.000459220481480394,"violation",1,3980,0.543388289910375,0.270895152988222,0.499724931281469,0.431699239316487,0.270898039977581,2.88698935951848e-06,"violation"
389,7100,"forward",0.295366716684287,0.501944798847939,0.447256420738359,0.49963295395008,0.502146058593986,0.000201259746047344,"violation in forward orientation",1,0.522068965517241,1,7100,0.295366716684287,0.501944798847939,0.447256420738359,0.49963295395008,0.502146058593986,0.000201259746047344,"violation",1,7870,0.52988704028845,0.278893407654913,0.499906735100589,0.43924420476921,0.278908220358005,1.48127030921708e-05,"violation"
390,4360,"reverse",0.530414742317196,0.27850663575603,0.499978957557384,0.436401295136061,0.278595139083624,8.85033275935254e-05,"violation in reverse orientation",1,0.522068965517241,1,8850,0.310077959219436,0.477170715403838,0.454930030829249,0.498230018558976,0.477350092924954,0.000179377521115909,"violation",1,4360,0.530414742317196,0.27850663575603,0.499978957557384,0.436401295136061,0.278595139083624,8.85033275935254e-05,"violation"
391,2330,"forward",0.292577618609543,0.505104890927287,0.440310927535134,0.499196982675195,0.506847114942127,0.00174222401484048,"violation in forward orientation",1,0.522068965517241,1,2330,0.292577618609543,0.505104890927287,0.440310927535134,0.499196982675195,0.506847114942127,0.00174222401484048,"violation",1,8030,0.531144346393744,0.277883112991107,0.499877142327803,0.438784037754711,0.278162270984514,0.000279157993407109,"violation"
392,360,"reverse",0.3810708682524,0.363322873341685,0.462948147911104,0.455792621243748,0.367199631517239,0.00387675817555444,"violation in reverse orientation",1,0.522068965517241,1,2340,0.301093529318337,0.490137984828467,0.444665255798527,0.498133524084151,0.492493451132202,0.00235546630373529,"violation",1,360,0.3810708682524,0.363322873341685,0.462948147911104,0.455792621243748,0.367199631517239,0.00387675817555444,"violation"
393,2540,"reverse",0.467466085954164,0.315016673245596,0.495813585596667,0.45180729106518,0.31594205927939,0.000925386033794107,"violation in reverse orientation",1,0.522068965517241,1,7270,0.291811570135114,0.507972602437879,0.445591210611163,0.499832791053938,0.508138298309364,0.000165695871484184,"violation",1,2540,0.467466085954164,0.315016673245596,0.495813585596667,0.45180729106518,0.31594205927939,0.000925386033794107,"violation"
394,4440,"reverse",0.453749463758026,0.323955795027682,0.494843756468938,0.458453898745089,0.324080018437093,0.000124223409410762,"violation in reverse orientation",1,0.522068965517241,1,5580,0.298490517142402,0.496770440678847,0.447814249764175,0.499296019101096,0.496880857593373,0.000110416914526179,"violation",1,4440,0.453749463758026,0.323955795027682,0.494843756468938,0.458453898745089,0.324080018437093,0.000124223409410762,"violation"
395,6800,"reverse",0.532519984976465,0.277201725288594,0.499878337274306,0.43774525997406,0.27734611592521,0.000144390636616532,"violation in reverse orientation",1,0.522068965517241,0,10050,0.274007588212962,0.540849765928609,0.43753950201255,0.499489563964348,0.538147111192367,-0.00270265473624198,"max_iter reached without violation",1,6800,0.532519984976465,0.277201725288594,0.499878337274306,0.43774525997406,0.27734611592521,0.000144390636616532,"violation"
396,1620,"forward",0.279897746950401,0.526018017729163,0.43085314287704,0.49983193334482,0.528219182025966,0.00220116429680284,"violation in forward orientation",1,0.522068965517241,1,1620,0.279897746950401,0.526018017729163,0.43085314287704,0.49983193334482,0.528219182025966,0.00220116429680284,"violation",1,3620,0.532862872560695,0.276435774989865,0.499975274868659,0.434281116927603,0.277142683541038,0.00070690855117278,"violation"
397,2420,"forward",0.317442106289562,0.464887730665114,0.452645163772455,0.495386129727231,0.464937739753814,5.00090887000648e-05,"violation in forward orientation",1,0.522068965517241,1,2420,0.317442106289562,0.464887730665114,0.452645163772455,0.495386129727231,0.464937739753814,5.00090887000648e-05,"violation",1,4200,0.501197800817985,0.295735893469342,0.499374608885954,0.445184870768311,0.2959293102253,0.000193416755958686,"violation"
398,3160,"forward",0.311117502087388,0.474899400052175,0.451172940358618,0.497028503971971,0.475597931664364,0.000698531612188913,"violation in forward orientation",1,0.522068965517241,1,3160,0.311117502087388,0.474899400052175,0.451172940358618,0.497028503971971,0.475597931664364,0.000698531612188913,"violation",1,5520,0.517632313492026,0.286090232735512,0.499966392485322,0.441545195872291,0.286178848996168,8.86162606562046e-05,"violation"
399,2820,"forward",0.330897124564019,0.442146572039405,0.459332936049147,0.492141733385977,0.442259154283382,0.000112582243977588,"violation in forward orientation",1,0.522068965517241,1,2820,0.330897124564019,0.442146572039405,0.459332936049147,0.492141733385977,0.442259154283382,0.000112582243977588,"violation",0,10050,0.579337960658454,0.251036862914602,0.496241161846361,0.424324867032745,0.249569395935529,-0.00146746697907302,"max_iter reached without violation"
400,1770,"forward",0.328008104254902,0.446552093737858,0.455494788039466,0.491760772281312,0.447128630687626,0.000576536949767947,"violation in forward orientation",1,0.522068965517241,1,1770,0.328008104254902,0.446552093737858,0.455494788039466,0.491760772281312,0.447128630687626,0.000576536949767947,"violation",1,7210,0.500019747563091,0.296462835577185,0.499561192563867,0.447849671127619,0.296628239534342,0.000165403957156973,"violation"
