"trial","stopped_at_n","selected_direction","T1_","T2_","s1","s2","beta_allowed","margin","reason","violation","eps","fwd_violation","fwd_stopped_at_n","fwd_T1_","fwd_T2_","fwd_s1","fwd_s2","fwd_beta_allowed","fwd_margin","fwd_reason","rev_violation","rev_stopped_at_n","rev_T1_","rev_T2_","rev_s1","rev_s2","rev_beta_allowed","rev_margin","rev_reason"
1,10050,"reverse",0.645534214862222,0.201937308172552,0.483375260316539,0.390441776798764,0.189824669685302,-0.0121126384872499,"max_iter reached without violation in either orientation",0,0.62448275862069,0,10050,0.228413708730586,0.601803987790729,0.409730716952423,0.492930753960226,0.573477678927329,-0.0283263088634004,"max_iter reached without violation",0,10050,0.645534214862222,0.201937308172552,0.483375260316539,0.390441776798764,0.189824669685302,-0.0121126384872499,"max_iter reached without violation"
2,10050,"reverse",0.639324600289852,0.210841567839997,0.484990078101638,0.397212148172953,0.19315015648647,-0.0176914113535261,"max_iter reached without violation in either orientation",0,0.62448275862069,0,10050,0.168669830613206,0.711564353774911,0.362307344960834,0.460523225845913,0.685036220082063,-0.0265281336928482,"max_iter reached without violation",0,10050,0.639324600289852,0.210841567839997,0.484990078101638,0.397212148172953,0.19315015648647,-0.0176914113535261,"max_iter reached without violation"
3,10050,"reverse",0.607043784013992,0.224432869394566,0.492005341141224,0.40698906375648,0.210437771877922,-0.0139950975166442,"max_iter reached without violation in either orientation",0,0.62448275862069,0,10050,0.212682445263376,0.636465146097874,0.398575083858531,0.485704410660727,0.602852350579454,-0.0336127955184193,"max_iter reached without violation",0,10050,0.607043784013992,0.224432869394566,0.492005341141224,0.40698906375648,0.210437771877922,-0.0139950975166442,"max_iter reached without violation"
4,10050,"forward",0.216465021925669,0.603188291666811,0.401337039188114,0.492691960243841,0.595789221309167,-0.00739907035764342,"max_iter reached without violation in either orientation",0,0.62448275862069,0,10050,0.216465021925669,0.603188291666811,0.401337039188114,0.492691960243841,0.595789221309167,-0.00739907035764342,"max_iter reached without violation",0,10050,0.715482176594018,0.167640109887015,0.458819942580325,0.361358404547638,0.152364853009614,-0.0152752568774007,"max_iter reached without violation"
5,10050,"reverse",0.600518430151287,0.23218855184626,0.493148864019889,0.412281157798194,0.213932349180663,-0.0182562026655974,"max_iter reached without violation in either orientation",0,0.62448275862069,0,10050,0.175461282915919,0.698330847906766,0.368441682675608,0.465974951185467,0.672354677887495,-0.0259761700192704,"max_iter reached without violation",0,10050,0.600518430151287,0.23218855184626,0.493148864019889,0.412281157798194,0.213932349180663,-0.0182562026655974,"max_iter reached without violation"
6,10050,"reverse",0.590031446113214,0.225045438087068,0.494797527732968,0.407414463277266,0.219548531408437,-0.00549690667863115,"max_iter reached without violation in either orientation",0,0.62448275862069,0,10050,0.200708244677691,0.648293024611574,0.389483597645435,0.482629694993524,0.625211534330611,-0.0230814902809632,"max_iter reached without violation",0,10050,0.590031446113214,0.225045438087068,0.494797527732968,0.407414463277266,0.219548531408437,-0.00549690667863115,"max_iter reached without violation"
7,10050,"reverse",0.584091691622576,0.227495232582172,0.495628832300382,0.409102925718686,0.222729497784141,-0.00476573479803144,"max_iter reached without violation in either orientation",0,0.62448275862069,0,10050,0.23545185403964,0.602100636810219,0.414447915994759,0.492879925062073,0.560335491847166,-0.0417651449630536,"max_iter reached without violation",0,10050,0.584091691622576,0.227495232582172,0.495628832300382,0.409102925718686,0.222729497784141,-0.00476573479803144,"max_iter reached without violation"
8,60,"forward",0.877052149224207,0.0622317713624085,0.450616861153192,0.12801909579781,0.065837934923999,0.00360616356159044,"violation in forward orientation",1,0.62448275862069,1,60,0.877052149224207,0.0622317713624085,0.450616861153192,0.12801909579781,0.065837934923999,0.00360616356159044,"violation",0,10050,0.602100636810219,0.220654288694262,0.492879925062073,0.404336399012318,0.213085016822161,-0.00756927187210141,"max_iter reached without violation"
9,100,"forward",0.763912853250174,0.125870457342373,0.482804308182932,0.237486841740758,0.126428367884066,0.000557910541692963,"violation in forward orientation",1,0.62448275862069,1,100,0.763912853250174,0.125870457342373,0.482804308182932,0.237486841740758,0.126428367884066,0.000557910541692963,"violation",0,10050,0.639817542283745,0.199683856677461,0.484865075288093,0.388680508655207,0.192886167139736,-0.00679768953772511,"max_iter reached without violation"
10,70,"forward",0.788036585503097,0.109699356023279,0.483186700722508,0.202534955410826,0.1135091838885,0.00380982786522058,"violation in forward orientation",1,0.62448275862069,1,70,0.788036585503097,0.109699356023279,0.483186700722508,0.202534955410826,0.1135091838885,0.00380982786522058,"violation",0,10050,0.64395746990526,0.209716357173451,0.483793578224258,0.396372951955172,0.190669077092892,-0.0190472800805589,"max_iter reached without violation"
11,10050,"reverse",0.630053615966086,0.212989213016626,0.487239623218797,0.398801004924354,0.1981151242221,-0.0148740887945258,"max_iter reached without violation in either orientation",0,0.62448275862069,0,10050,0.194662109305735,0.663159934281667,0.384683939261074,0.478309285690652,0.63650136122123,-0.0266585730604373,"max_iter reached without violation",0,10050,0.630053615966086,0.212989213016626,0.487239623218797,0.398801004924354,0.1981151242221,-0.0148740887945258,"max_iter reached without violation"
12,10050,"reverse",0.662864747090231,0.194252003830428,0.478400095961058,0.384353123547994,0.180543504886783,-0.0137084989436445,"max_iter reached without violation in either orientation",0,0.62448275862069,0,10050,0.239121513899849,0.58498282571097,0.416842986381162,0.495508811178865,0.553483209848754,-0.0314996158622164,"max_iter reached without violation",0,10050,0.662864747090231,0.194252003830428,0.478400095961058,0.384353123547994,0.180543504886783,-0.0137084989436445,"max_iter reached without violation"
13,10050,"reverse",0.627586760965086,0.205930260625672,0.487805970123883,0.393514726854636,0.199436219702442,-0.00649404092323047,"max_iter reached without violation in either orientation",0,0.62448275862069,0,10050,0.213602710019972,0.626303803681358,0.399251793984853,0.488095200579347,0.60113395872146,-0.0251698449598972,"max_iter reached without violation",0,10050,0.627586760965086,0.205930260625672,0.487805970123883,0.393514726854636,0.199436219702442,-0.00649404092323047,"max_iter reached without violation"
14,10050,"forward",0.218611034614865,0.600320640729806,0.402881246989436,0.493182109723832,0.591782015007027,-0.00853862572277875,"max_iter reached without violation in either orientation",0,0.62448275862069,0,10050,0.218611034614865,0.600320640729806,0.402881246989436,0.493182109723832,0.591782015007027,-0.00853862572277875,"max_iter reached without violation",0,10050,0.628672237299318,0.210330130173339,0.487558422160289,0.396831289591935,0.198854905487139,-0.0114752246862004,"max_iter reached without violation"
15,130,"forward",0.791180430675144,0.108992882626138,0.467651820109867,0.225713857709557,0.111825534202564,0.00283265157642611,"violation in forward orientation",1,0.62448275862069,1,130,0.791180430675144,0.108992882626138,0.467651820109867,0.225713857709557,0.111825534202564,0.00283265157642611,"violation",0,10050,0.784949514841945,0.1304286261384,0.42111944927145,0.323325459848606,0.11516242864601,-0.0152661974923897,"max_iter reached without violation"
16,10050,"reverse",0.700096269595982,0.179470683058032,0.465274153185873,0.37196448124457,0.160604596402646,-0.0188660866553855,"max_iter reached without violation in either orientation",0,0.62448275862069,0,10050,0.172169466504827,0.716657231869605,0.365495053310176,0.458300983082384,0.678501420418155,-0.0381558114514502,"max_iter reached without violation",0,10050,0.700096269595982,0.179470683058032,0.465274153185873,0.37196448124457,0.160604596402646,-0.0188660866553855,"max_iter reached without violation"
17,9510,"reverse",0.63938835232967,0.193093483285087,0.485078002613333,0.383150556512487,0.193116014823652,2.25315385650737e-05,"violation in reverse orientation",1,0.62448275862069,0,10050,0.238000402037043,0.605659893842264,0.416115893497077,0.492255449777801,0.555576639465764,-0.0500832543765004,"max_iter reached without violation",1,9510,0.63938835232967,0.193093483285087,0.485078002613333,0.383150556512487,0.193116014823652,2.25315385650737e-05,"violation"
18,10050,"reverse",0.614158575805278,0.225249616937781,0.490654585456661,0.407555970101807,0.206627527953887,-0.0186220889838939,"max_iter reached without violation in either orientation",0,0.62448275862069,0,10050,0.246557825758923,0.570915712902307,0.421564468467435,0.497211102773032,0.539597534383561,-0.0313181785187466,"max_iter reached without violation",0,10050,0.614158575805278,0.225249616937781,0.490654585456661,0.407555970101807,0.206627527953887,-0.0186220889838939,"max_iter reached without violation"
19,10050,"reverse",0.732311510525923,0.155371268200456,0.451022550495997,0.349651245762865,0.143352099124371,-0.0120191690760857,"max_iter reached without violation in either orientation",0,0.62448275862069,0,10050,0.192918984568896,0.675256150240696,0.383273146068719,0.474409412309515,0.639756262958784,-0.0354998872819122,"max_iter reached without violation",0,10050,0.732311510525923,0.155371268200456,0.451022550495997,0.349651245762865,0.143352099124371,-0.0120191690760857,"max_iter reached without violation"
20,10050,"reverse",0.632618626419198,0.207363074418242,0.486636434548639,0.394602691797901,0.196741462731959,-0.0106216116862824,"max_iter reached without violation in either orientation",0,0.62448275862069,0,10050,0.194764631697572,0.651937626104133,0.384766534417654,0.481617994037688,0.636309923222402,-0.0156277028817315,"max_iter reached without violation",0,10050,0.632618626419198,0.207363074418242,0.486636434548639,0.394602691797901,0.196741462731959,-0.0106216116862824,"max_iter reached without violation"
21,10050,"reverse",0.600518430151287,0.223922358573142,0.493148864019889,0.406633554630325,0.213932349180663,-0.00999000939247913,"max_iter reached without violation in either orientation",0,0.62448275862069,0,10050,0.188815672837891,0.659518773359671,0.379903260012525,0.479415087133936,0.647418294367503,-0.0121004789921674,"max_iter reached without violation",0,10050,0.600518430151287,0.223922358573142,0.493148864019889,0.406633554630325,0.213932349180663,-0.00999000939247913,"max_iter reached without violation"
22,10050,"reverse",0.633506391069649,0.217895765211693,0.486424258435041,0.402368375246219,0.196266030707441,-0.0216297345042515,"max_iter reached without violation in either orientation",0,0.62448275862069,0,10050,0.182758446027671,0.689990240225325,0.374800247946484,0.469177769097568,0.658728832077557,-0.0312614081477681,"max_iter reached without violation",0,10050,0.633506391069649,0.217895765211693,0.486424258435041,0.402368375246219,0.196266030707441,-0.0216297345042515,"max_iter reached without violation"
23,10050,"reverse",0.659321921749405,0.189226121694975,0.479473982215194,0.380243467305299,0.182440823757778,-0.00678529793719779,"max_iter reached without violation in either orientation",0,0.62448275862069,0,10050,0.188302574620883,0.679580154399851,0.379476984953441,0.472929618651043,0.648376392341091,-0.0312037620587597,"max_iter reached without violation",0,10050,0.659321921749405,0.189226121694975,0.479473982215194,0.380243467305299,0.182440823757778,-0.00678529793719779,"max_iter reached without violation"
24,10050,"reverse",0.711760280263061,0.164137615601401,0.460439028437472,0.358092518389372,0.154358071264896,-0.00977954433650524,"max_iter reached without violation in either orientation",0,0.62448275862069,0,10050,0.189944343861593,0.658337614461268,0.380837097886167,0.479767110982171,0.645310749681495,-0.0130268647797726,"max_iter reached without violation",0,10050,0.711760280263061,0.164137615601401,0.460439028437472,0.358092518389372,0.154358071264896,-0.00977954433650524,"max_iter reached without violation"
25,10050,"reverse",0.63774705270682,0.207670068305408,0.485386443980464,0.394834797684347,0.193994993731108,-0.0136750745742997,"max_iter reached without violation in either orientation",0,0.62448275862069,0,10050,0.211659793059538,0.621664323953486,0.397819469344886,0.489110912185266,0.604761928456952,-0.0169023954965344,"max_iter reached without violation",0,10050,0.63774705270682,0.207670068305408,0.485386443980464,0.394834797684347,0.193994993731108,-0.0136750745742997,"max_iter reached without violation"
26,140,"forward",0.782166588346298,0.101384098296982,0.469693777793531,0.217944947177034,0.116652792536077,0.0152686942390958,"violation in forward orientation",1,0.62448275862069,1,140,0.782166588346298,0.101384098296982,0.469693777793531,0.217944947177034,0.116652792536077,0.0152686942390958,"violation",0,10050,0.727520013428204,0.162385517932761,0.453323385159411,0.356436313210529,0.145918129619596,-0.0164673883131651,"max_iter reached without violation"
27,10050,"reverse",0.630842906373948,0.212886958526803,0.487055569868976,0.39872573695656,0.197692428931911,-0.0151945295948916,"max_iter reached without violation in either orientation",0,0.62448275862069,0,10050,0.170419919921657,0.705292760092183,0.363908620973319,0.463164317623001,0.681768313540113,-0.02352444655207,"max_iter reached without violation",0,10050,0.630842906373948,0.212886958526803,0.487055569868976,0.39872573695656,0.197692428931911,-0.0151945295948916,"max_iter reached without violation"
28,2360,"forward",0.180999934408273,0.660996123526069,0.363592902720006,0.483122207039574,0.662012465431225,0.00101634190515631,"violation in forward orientation",1,0.62448275862069,1,2360,0.180999934408273,0.660996123526069,0.363592902720006,0.483122207039574,0.662012465431225,0.00101634190515631,"violation",0,10050,0.673978288836739,0.191380547717098,0.474838016383925,0.382017781920324,0.174591776971707,-0.0167887707453905,"max_iter reached without violation"
29,10050,"reverse",0.613565827728677,0.220041370239767,0.490771284865127,0.403901433411278,0.206944967286421,-0.0130964029533454,"max_iter reached without violation in either orientation",0,0.62448275862069,0,10050,0.206134966075593,0.652528538244402,0.393670636302587,0.481451081299609,0.615078326686915,-0.0374502115574867,"max_iter reached without violation",0,10050,0.613565827728677,0.220041370239767,0.490771284865127,0.403901433411278,0.206944967286421,-0.0130964029533454,"max_iter reached without violation"
30,10050,"reverse",0.585081836891174,0.234636151331666,0.495495373796593,0.413909586161278,0.222199237011336,-0.0124369143203293,"max_iter reached without violation in either orientation",0,0.62448275862069,0,10050,0.183785509102856,0.671913749577813,0.375676500922947,0.475522127799933,0.656811017868769,-0.015102731709044,"max_iter reached without violation",0,10050,0.585081836891174,0.234636151331666,0.495495373796593,0.413909586161278,0.222199237011336,-0.0124369143203293,"max_iter reached without violation"
31,10050,"reverse",0.605264469326957,0.214727321691377,0.492326162086683,0.400074607531886,0.211390663146438,-0.00333665854493928,"max_iter reached without violation in either orientation",0,0.62448275862069,0,10050,0.188713056500027,0.663651896391407,0.379818095408008,0.478157482794132,0.647609907789857,-0.0160419886015494,"max_iter reached without violation",0,10050,0.605264469326957,0.214727321691377,0.492326162086683,0.400074607531886,0.211390663146438,-0.00333665854493928,"max_iter reached without violation"
32,10050,"reverse",0.618504550967458,0.212580186488155,0.489775704366911,0.398499698684003,0.204300091545138,-0.00828009494301721,"max_iter reached without violation in either orientation",0,0.62448275862069,0,10050,0.201015531166087,0.647110754686539,0.389723706250573,0.482951331978365,0.624637744455527,-0.0224730102310124,"max_iter reached without violation",0,10050,0.618504550967458,0.212580186488155,0.489775704366911,0.398499698684003,0.204300091545138,-0.00828009494301721,"max_iter reached without violation"
33,10050,"forward",0.234636151331666,0.573888879889949,0.413909586161278,0.496885425785722,0.561858637096269,-0.0120302427936794,"max_iter reached without violation in either orientation",0,0.62448275862069,0,10050,0.234636151331666,0.573888879889949,0.413909586161278,0.496885425785722,0.561858637096269,-0.0120302427936794,"max_iter reached without violation",0,10050,0.611985031496174,0.222084240361273,0.491078799347553,0.405346084087355,0.207791544307468,-0.0142926960538045,"max_iter reached without violation"
34,10050,"reverse",0.6007162165544,0.232902511477224,0.49311553576277,0.412758206935536,0.21382642697481,-0.0190760845024142,"max_iter reached without violation in either orientation",0,0.62448275862069,0,10050,0.209000222538661,0.637944257244132,0.395836415905269,0.485337201544442,0.609728090961908,-0.0282161662822235,"max_iter reached without violation",0,10050,0.6007162165544,0.232902511477224,0.49311553576277,0.412758206935536,0.21382642697481,-0.0190760845024142,"max_iter reached without violation"
35,10050,"reverse",0.594385557510973,0.225453790441067,0.494141174773385,0.407697330672873,0.217216737733433,-0.00823705270763406,"max_iter reached without violation in either orientation",0,0.62448275862069,0,10050,0.220654288694262,0.603583779828469,0.404336399012318,0.492622988678995,0.587966687788762,-0.0156170920397066,"max_iter reached without violation",0,10050,0.594385557510973,0.225453790441067,0.494141174773385,0.407697330672873,0.217216737733433,-0.00823705270763406,"max_iter reached without violation"
36,10050,"reverse",0.713327558493111,0.163416233052895,0.459761793120315,0.35741245055314,0.153518733652707,-0.00989749940018811,"max_iter reached without violation in either orientation",0,0.62448275862069,0,10050,0.207874723544007,0.628178850669632,0.394989333839766,0.487671264070839,0.611829712581918,-0.0163491380877133,"max_iter reached without violation",0,10050,0.713327558493111,0.163416233052895,0.459761793120315,0.35741245055314,0.153518733652707,-0.00989749940018811,"max_iter reached without violation"
37,10050,"reverse",0.636366532365084,0.208386335955825,0.485728718331728,0.395374971745764,0.194734315330168,-0.0136520206256568,"max_iter reached without violation in either orientation",0,0.62448275862069,0,10050,0.186249766316396,0.681839771065179,0.3777605224235,0.472138087223006,0.652209559971571,-0.0296302110936083,"max_iter reached without violation",0,10050,0.636366532365084,0.208386335955825,0.485728718331728,0.395374971745764,0.194734315330168,-0.0136520206256568,"max_iter reached without violation"
38,500,"forward",0.506618636802305,0.262997178719793,0.496624606720207,0.407308237088326,0.264219290467459,0.00122211174766679,"violation in forward orientation",1,0.62448275862069,1,500,0.506618636802305,0.262997178719793,0.496624606720207,0.407308237088326,0.264219290467459,0.00122211174766679,"violation",0,10050,0.555841507347299,0.246863288426612,0.49858333500728,0.421754695108388,0.237858555126283,-0.00900473330032944,"max_iter reached without violation"
39,10050,"reverse",0.659814044614804,0.191893400405744,0.47932657602722,0.382437341715745,0.182177273085773,-0.00971612731997157,"max_iter reached without violation in either orientation",0,0.62448275862069,0,10050,0.231780546517201,0.603979255877941,0.412007781623736,0.492553685842763,0.567190850492095,-0.0367884053858453,"max_iter reached without violation",0,10050,0.659814044614804,0.191893400405744,0.47932657602722,0.382437341715745,0.182177273085773,-0.00971612731997157,"max_iter reached without violation"
40,10050,"reverse",0.629362945782204,0.205520831897232,0.487399546433333,0.393202420341976,0.198485004599327,-0.00703582729790511,"max_iter reached without violation in either orientation",0,0.62448275862069,0,10050,0.172169466504827,0.69627082307825,0.365495053310176,0.466782533431251,0.678501420418155,-0.0177694026600957,"max_iter reached without violation",0,10050,0.629362945782204,0.205520831897232,0.487399546433333,0.393202420341976,0.198485004599327,-0.00703582729790511,"max_iter reached without violation"
41,80,"forward",0.763126767493411,0.117384507872718,0.487179381747627,0.217944947177034,0.126849346960663,0.00946483908794535,"violation in forward orientation",1,0.62448275862069,1,80,0.763126767493411,0.117384507872718,0.487179381747627,0.217944947177034,0.126849346960663,0.00946483908794535,"violation",0,10050,0.569924509926593,0.241159512312372,0.497315632715884,0.418154394566889,0.230316567028239,-0.010842945284133,"max_iter reached without violation"
42,10050,"reverse",0.670930505090109,0.191893400405744,0.47584432443136,0.382437341715745,0.176223982079465,-0.0156694183262789,"max_iter reached without violation in either orientation",0,0.62448275862069,0,10050,0.177826128859688,0.697153739030885,0.37052819900617,0.466437744188581,0.667938848653507,-0.0292148903773778,"max_iter reached without violation",0,10050,0.670930505090109,0.191893400405744,0.47584432443136,0.382437341715745,0.176223982079465,-0.0156694183262789,"max_iter reached without violation"
43,50,"reverse",0.329560327676681,0.381261936620275,0.384187454245971,0.41424630354416,0.384608633128348,0.00334669650807318,"violation in reverse orientation",1,0.62448275862069,0,10050,0.203780493383279,0.637155420105674,0.391867831060264,0.48553365192875,0.619474786157241,-0.0176806339484332,"max_iter reached without violation",1,50,0.329560327676681,0.381261936620275,0.384187454245971,0.41424630354416,0.384608633128348,0.00334669650807318,"violation at burn-in"
44,10050,"reverse",0.64849005833513,0.199581409416409,0.482575780757447,0.388599968344876,0.188241702120905,-0.0113397072955039,"max_iter reached without violation in either orientation",0,0.62448275862069,0,10050,0.179881751063512,0.684982828347647,0.372321622404791,0.471016116261088,0.66410042668543,-0.0208824016622176,"max_iter reached without violation",0,10050,0.64849005833513,0.199581409416409,0.482575780757447,0.388599968344876,0.188241702120905,-0.0113397072955039,"max_iter reached without violation"
45,10050,"reverse",0.687732276201013,0.185325784042096,0.470014500681332,0.376982137234336,0.167225989142164,-0.0180997948999317,"max_iter reached without violation in either orientation",0,0.62448275862069,0,10050,0.178751246297207,0.685081034631097,0.371337631200549,0.470980664746111,0.666211395482094,-0.018869639149003,"max_iter reached without violation",0,10050,0.687732276201013,0.185325784042096,0.470014500681332,0.376982137234336,0.167225989142164,-0.0180997948999317,"max_iter reached without violation"
46,10050,"reverse",0.62679726436872,0.205418470995667,0.48798438416524,0.393124241985775,0.199859025414484,-0.00555944558118338,"max_iter reached without violation in either orientation",0,0.62448275862069,0,10050,0.192201092594972,0.673879985883654,0.382688546342706,0.474870823959562,0.641096768192815,-0.0327832176908391,"max_iter reached without violation",0,10050,0.62679726436872,0.205418470995667,0.48798438416524,0.393124241985775,0.199859025414484,-0.00555944558118338,"max_iter reached without violation"
47,10050,"reverse",0.64395746990526,0.205930260625672,0.483793578224258,0.393514726854636,0.190669077092892,-0.0152611835327803,"max_iter reached without violation in either orientation",0,0.62448275862069,0,10050,0.191790833108181,0.665816283545579,0.38235351837603,0.4774828183669,0.641862837475284,-0.023953446070295,"max_iter reached without violation",0,10050,0.64395746990526,0.205930260625672,0.483793578224258,0.393514726854636,0.190669077092892,-0.0152611835327803,"max_iter reached without violation"
48,10050,"reverse",0.592208682959877,0.231372520484319,0.494474305691543,0.411733839194405,0.218382537559348,-0.0129899829249715,"max_iter reached without violation in either orientation",0,0.62448275862069,0,10050,0.198351921717438,0.651642159095761,0.38763018710033,0.481701151243105,0.629611448769021,-0.0220307103267396,"max_iter reached without violation",0,10050,0.592208682959877,0.231372520484319,0.494474305691543,0.411733839194405,0.218382537559348,-0.0129899829249715,"max_iter reached without violation"
49,60,"forward",0.819765062450468,0.0622317713624085,0.476969600708473,0.12801909579781,0.09651736739491,0.0342855960325014,"violation in forward orientation",1,0.62448275862069,1,60,0.819765062450468,0.0622317713624085,0.476969600708473,0.12801909579781,0.09651736739491,0.0342855960325014,"violation",0,10050,0.755647608542339,0.142140910803242,0.438851781771704,0.336139152676581,0.130854723475704,-0.0112861873275382,"max_iter reached without violation"
50,10050,"reverse",0.679088873417261,0.181320268675023,0.47310005054983,0.373565588259233,0.171854862889407,-0.00946540578561617,"max_iter reached without violation in either orientation",0,0.62448275862069,0,10050,0.203166152717693,0.63774705270682,0.391393967621055,0.485386443980464,0.620621932117371,-0.0171251205894489,"max_iter reached without violation",0,10050,0.679088873417261,0.181320268675023,0.47310005054983,0.373565588259233,0.171854862889407,-0.00946540578561617,"max_iter reached without violation"
51,10050,"reverse",0.694112280974559,0.186044448703272,0.467617061488504,0.377587870154917,0.163809251852185,-0.0222351968510874,"max_iter reached without violation in either orientation",0,0.62448275862069,0,10050,0.217997950716632,0.619097068581242,0.40244175645973,0.489652701741312,0.592926814230773,-0.0261702543504696,"max_iter reached without violation",0,10050,0.694112280974559,0.186044448703272,0.467617061488504,0.377587870154917,0.163809251852185,-0.0222351968510874,"max_iter reached without violation"
52,10050,"reverse",0.587259894535055,0.234942049401796,0.495194600769607,0.414111721170689,0.221032803593852,-0.0139092458079435,"max_iter reached without violation in either orientation",0,0.62448275862069,0,10050,0.218611034614865,0.610008761144052,0.402881246989436,0.491455669448218,0.591782015007027,-0.0182267461370251,"max_iter reached without violation",0,10050,0.587259894535055,0.234942049401796,0.495194600769607,0.414111721170689,0.221032803593852,-0.0139092458079435,"max_iter reached without violation"
53,1050,"reverse",0.503880700423125,0.263925163816994,0.498159879261791,0.417425431579947,0.26568556042436,0.0017603966073661,"violation in reverse orientation",1,0.62448275862069,0,10050,0.197224694810901,0.6632583283583,0.386735846201589,0.478278970367406,0.631716296884113,-0.0315420314741874,"max_iter reached without violation",1,1050,0.503880700423125,0.263925163816994,0.498159879261791,0.417425431579947,0.26568556042436,0.0017603966073661,"violation"
54,10050,"reverse",0.710388717082585,0.169905244430333,0.461026283446899,0.363439207057117,0.155092595960508,-0.0148126484698252,"max_iter reached without violation in either orientation",0,0.62448275862069,0,10050,0.215851762356532,0.622355418832953,0.400892744014111,0.488962604503915,0.596934348559657,-0.0254210702732963,"max_iter reached without violation",0,10050,0.710388717082585,0.169905244430333,0.461026283446899,0.363439207057117,0.155092595960508,-0.0148126484698252,"max_iter reached without violation"
55,10050,"forward",0.226066278921909,0.59270345901514,0.408120536384178,0.494399464926922,0.577860987362792,-0.0148424716523489,"max_iter reached without violation in either orientation",0,0.62448275862069,0,10050,0.226066278921909,0.59270345901514,0.408120536384178,0.494399464926922,0.577860987362792,-0.0148424716523489,"max_iter reached without violation",0,10050,0.673585071954357,0.194969671716029,0.474969108019597,0.384931594400889,0.174802359695823,-0.0201673120202062,"max_iter reached without violation"
56,10050,"reverse",0.586665914559531,0.227393173077063,0.49527760742649,0.409032990632851,0.221350902655516,-0.00604227042154706,"max_iter reached without violation in either orientation",0,0.62448275862069,0,10050,0.174124208488753,0.696172716853711,0.367250795375979,0.466820721583087,0.674851370054297,-0.0213213467994141,"max_iter reached without violation",0,10050,0.586665914559531,0.227393173077063,0.49527760742649,0.409032990632851,0.221350902655516,-0.00604227042154706,"max_iter reached without violation"
57,10050,"reverse",0.62679726436872,0.212682445263376,0.48798438416524,0.398575083858531,0.199859025414484,-0.0128234198488924,"max_iter reached without violation in either orientation",0,0.62448275862069,0,10050,0.167228167979009,0.70960488537521,0.360977361929181,0.461359633655292,0.687728207702824,-0.0218766776723859,"max_iter reached without violation",0,10050,0.62679726436872,0.212682445263376,0.48798438416524,0.398575083858531,0.199859025414484,-0.0128234198488924,"max_iter reached without violation"
58,10050,"reverse",0.615739102444948,0.209818656301609,0.490339697541081,0.396449440792862,0.205781095310144,-0.00403756099146521,"max_iter reached without violation in either orientation",0,0.62448275862069,0,10050,0.215953975791757,0.607933349063936,0.400966889128111,0.491842406415606,0.596743487469291,-0.0111898615946456,"max_iter reached without violation",0,10050,0.615739102444948,0.209818656301609,0.490339697541081,0.396449440792862,0.205781095310144,-0.00403756099146521,"max_iter reached without violation"
59,50,"reverse",0.826859192020479,0.0745005976726398,0.48,0.14,0.0927181888829592,0.0182175912103194,"violation in reverse orientation",1,0.62448275862069,0,10050,0.192918984568896,0.677025260238398,0.383273146068719,0.473809490493125,0.639756262958784,-0.0372689972796144,"max_iter reached without violation",1,50,0.826859192020479,0.0745005976726398,0.48,0.14,0.0927181888829592,0.0182175912103194,"violation at burn-in"
60,10050,"reverse",0.549290867920168,0.25398769892041,0.499035291212652,0.426109850523025,0.241366673818715,-0.0126210251016943,"max_iter reached without violation in either orientation",0,0.62448275862069,0,10050,0.17607829087274,0.689401250720752,0.368988497214288,0.46939726641511,0.671202551348127,-0.0181986993726246,"max_iter reached without violation",0,10050,0.549290867920168,0.25398769892041,0.499035291212652,0.426109850523025,0.241366673818715,-0.0126210251016943,"max_iter reached without violation"
61,10050,"reverse",0.74462153610802,0.148450591903426,0.444806169474708,0.342704017214224,0.136759608218824,-0.0116909836846014,"max_iter reached without violation in either orientation",0,0.62448275862069,0,10050,0.194354532587501,0.667783559115487,0.384435892795423,0.476859938665362,0.637075693036649,-0.0307078660788384,"max_iter reached without violation",0,10050,0.74462153610802,0.148450591903426,0.444806169474708,0.342704017214224,0.136759608218824,-0.0116909836846014,"max_iter reached without violation"
62,10050,"reverse",0.650755714362958,0.204497155744552,0.481949427442972,0.392418800564851,0.187028356408588,-0.0174687993359643,"max_iter reached without violation in either orientation",0,0.62448275862069,0,10050,0.161663898535777,0.725465798578772,0.355749767507662,0.454289871823481,0.698118256043163,-0.0273475425356091,"max_iter reached without violation",0,10050,0.650755714362958,0.204497155744552,0.481949427442972,0.392418800564851,0.187028356408588,-0.0174687993359643,"max_iter reached without violation"
63,10050,"reverse",0.594781313902669,0.219939212361173,0.494079539368905,0.403828807785399,0.217004795004665,-0.00293441735650732,"max_iter reached without violation in either orientation",0,0.62448275862069,0,10050,0.227189050098887,0.600815108623876,0.408893011936515,0.49309884067154,0.575764459341825,-0.0250506492820508,"max_iter reached without violation",0,10050,0.594781313902669,0.219939212361173,0.494079539368905,0.403828807785399,0.217004795004665,-0.00293441735650732,"max_iter reached without violation"
64,10050,"reverse",0.626994643192774,0.206749046852764,0.487939908516318,0.394137391726968,0.199753321482852,-0.00699572536991175,"max_iter reached without violation in either orientation",0,0.62448275862069,0,10050,0.169081665538669,0.702351662372508,0.362685461579299,0.464367097315562,0.684267209014671,-0.0180844533578371,"max_iter reached without violation",0,10050,0.626994643192774,0.206749046852764,0.487939908516318,0.394137391726968,0.199753321482852,-0.00699572536991175,"max_iter reached without violation"
65,10050,"reverse",0.611886225232354,0.220449988026805,0.491097841245508,0.404191560468574,0.207844458851902,-0.0126055291749031,"max_iter reached without violation in either orientation",0,0.62448275862069,0,10050,0.184915081384283,0.675059565492323,0.376634988426549,0.474475606132008,0.654701790282352,-0.0203577752099716,"max_iter reached without violation",0,10050,0.611886225232354,0.220449988026805,0.491097841245508,0.404191560468574,0.207844458851902,-0.0126055291749031,"max_iter reached without violation"
66,10050,"reverse",0.594583437207212,0.23280052111016,0.49411039810723,0.412690162792957,0.217110765565532,-0.0156897555446275,"max_iter reached without violation in either orientation",0,0.62448275862069,0,10050,0.211455245395734,0.641690540712165,0.397667875387701,0.484385110142078,0.60514387619268,-0.0365466645194844,"max_iter reached without violation",0,10050,0.594583437207212,0.23280052111016,0.49411039810723,0.412690162792957,0.217110765565532,-0.0156897555446275,"max_iter reached without violation"
67,50,"forward",0.844410079701748,0.0745005976726398,0.47370877129308,0.14,0.0833190152864959,0.00881841761385609,"violation in forward orientation",1,0.62448275862069,1,50,0.844410079701748,0.0745005976726398,0.47370877129308,0.14,0.0833190152864959,0.00881841761385609,"violation at burn-in",0,10050,0.630941564151387,0.212375664646637,0.487032466830433,0.398348810972976,0.19763959390763,-0.0147360707390075,"max_iter reached without violation"
68,60,"forward",0.804851254930947,0.0972236971658371,0.481894409826699,0.17950549357115,0.104504283407701,0.00728058624186367,"violation in forward orientation",1,0.62448275862069,1,60,0.804851254930947,0.0972236971658371,0.481894409826699,0.17950549357115,0.104504283407701,0.00728058624186367,"violation",0,10050,0.623836208653992,0.217589200358435,0.488641307573502,0.402148003547215,0.201444784334315,-0.0161444160241193,"max_iter reached without violation"
69,10050,"reverse",0.609218167573163,0.219632730477132,0.491604080954963,0.403610705315789,0.209273306073736,-0.0103594244033962,"max_iter reached without violation in either orientation",0,0.62448275862069,0,10050,0.192303653427099,0.665324412644268,0.38277219285106,0.477637115837312,0.640905258415208,-0.02441915422906,"max_iter reached without violation",0,10050,0.609218167573163,0.219632730477132,0.491604080954963,0.403610705315789,0.209273306073736,-0.0103594244033962,"max_iter reached without violation"
70,10050,"forward",0.224126566934695,0.591417002350853,0.406775868583913,0.494592986426438,0.581482972516296,-0.00993402983455738,"max_iter reached without violation in either orientation",0,0.62448275862069,0,10050,0.224126566934695,0.591417002350853,0.406775868583913,0.494592986426438,0.581482972516296,-0.00993402983455738,"max_iter reached without violation",0,10050,0.596858837890296,0.233922344470681,0.493750563613688,0.413436715322064,0.215892201216525,-0.0180301432541557,"max_iter reached without violation"
71,10050,"forward",0.168154994129939,0.694995372832462,0.361833527873686,0.46727708330006,0.685997563885249,-0.00899780894721314,"max_iter reached without violation in either orientation",0,0.62448275862069,0,10050,0.168154994129939,0.694995372832462,0.361833527873686,0.46727708330006,0.685997563885249,-0.00899780894721314,"max_iter reached without violation",0,10050,0.624922010288215,0.209920953977377,0.488402656648093,0.396525889907327,0.20086329590839,-0.00905765806898789,"max_iter reached without violation"
72,10050,"forward",0.189636544214125,0.650854211457724,0.380582954248776,0.481921929692103,0.645885497768187,-0.00496871368953755,"max_iter reached without violation in either orientation",0,0.62448275862069,0,10050,0.189636544214125,0.650854211457724,0.380582954248776,0.481921929692103,0.645885497768187,-0.00496871368953755,"max_iter reached without violation",0,10050,0.602001754559447,0.228209612146856,0.492896888697375,0.409591460150976,0.213137972060522,-0.0150716400863341,"max_iter reached without violation"
73,10050,"forward",0.212171137078267,0.610206401914319,0.398197766631063,0.491418358095423,0.603807106062504,-0.0063992958518152,"max_iter reached without violation in either orientation",0,0.62448275862069,0,10050,0.212171137078267,0.610206401914319,0.398197766631063,0.491418358095423,0.603807106062504,-0.0063992958518152,"max_iter reached without violation",0,10050,0.580229415372017,0.232902511477224,0.496129909905445,0.412758206935536,0.224797894871272,-0.00810461660595269,"max_iter reached without violation"
74,10050,"reverse",0.613467033702403,0.229638177902701,0.490790661463084,0.410563240200105,0.20699787527718,-0.0226403026255207,"max_iter reached without violation in either orientation",0,0.62448275862069,0,10050,0.207874723544007,0.644844414152929,0.394989333839766,0.483558963884121,0.611829712581918,-0.0330147015710112,"max_iter reached without violation",0,10050,0.613467033702403,0.229638177902701,0.490790661463084,0.410563240200105,0.20699787527718,-0.0226403026255207,"max_iter reached without violation"
75,10050,"reverse",0.678302779412951,0.185428455480601,0.473371526356727,0.377068808855516,0.172275846382882,-0.0131526090977184,"max_iter reached without violation in either orientation",0,0.62448275862069,0,10050,0.231984551767132,0.590526304445226,0.412144540422344,0.49472493725853,0.566809915594876,-0.0237163888503498,"max_iter reached without violation",0,10050,0.678302779412951,0.185428455480601,0.473371526356727,0.377068808855516,0.172275846382882,-0.0131526090977184,"max_iter reached without violation"
76,70,"forward",0.813795356759835,0.0835536454472621,0.474664220738176,0.166598625567009,0.0997143737871243,0.0161607283398622,"violation in forward orientation",1,0.62448275862069,1,70,0.813795356759835,0.0835536454472621,0.474664220738176,0.166598625567009,0.0997143737871243,0.0161607283398622,"violation",0,10050,0.600419535817805,0.225351704357504,0.493165497189963,0.407626668659511,0.213985310889779,-0.011366393467725,"max_iter reached without violation"
77,10050,"forward",0.211966603776526,0.615837878838964,0.398046565479956,0.490319838696338,0.604189026980243,-0.0116488518587204,"max_iter reached without violation in either orientation",0,0.62448275862069,0,10050,0.211966603776526,0.615837878838964,0.398046565479956,0.490319838696338,0.604189026980243,-0.0116488518587204,"max_iter reached without violation",0,10050,0.569528008131774,0.244521129427197,0.497356881153774,0.420288672525517,0.230528908948972,-0.0139922204782243,"max_iter reached without violation"
78,10050,"reverse",0.628474884989228,0.208488654041972,0.487603622972911,0.395451979089307,0.198960595219527,-0.0095280588224447,"max_iter reached without violation in either orientation",0,0.62448275862069,0,10050,0.213602710019972,0.629264275485752,0.399251793984853,0.487422307073685,0.60113395872146,-0.0281303167642919,"max_iter reached without violation",0,10050,0.628474884989228,0.208488654041972,0.487603622972911,0.395451979089307,0.198960595219527,-0.0095280588224447,"max_iter reached without violation"
79,10050,"reverse",0.59972725436124,0.220654288694262,0.493281351683314,0.404336399012318,0.214356054165335,-0.00629823452892714,"max_iter reached without violation in either orientation",0,0.62448275862069,0,10050,0.179367911663579,0.684000717912992,0.371875075802571,0.471369329534308,0.665059908654976,-0.0189408092580154,"max_iter reached without violation",0,10050,0.59972725436124,0.220654288694262,0.493281351683314,0.404336399012318,0.214356054165335,-0.00629823452892714,"max_iter reached without violation"
80,10050,"reverse",0.852731173662882,0.0935962134465953,0.367250795375979,0.276610275878654,0.0788627502773674,-0.0147334631692279,"max_iter reached without violation in either orientation",0,0.62448275862069,0,10050,0.195994776768711,0.657057892491827,0.385754294959628,0.480144828113311,0.634012898089963,-0.023044994401864,"max_iter reached without violation",0,10050,0.852731173662882,0.0935962134465953,0.367250795375979,0.276610275878654,0.0788627502773674,-0.0147334631692279,"max_iter reached without violation"
81,200,"forward",0.763510125500694,0.120740502382309,0.47021271782035,0.255147016443461,0.126644044042345,0.00590354166003543,"violation in forward orientation",1,0.62448275862069,1,200,0.763510125500694,0.120740502382309,0.47021271782035,0.255147016443461,0.126644044042345,0.00590354166003543,"violation",0,10050,0.623540064640762,0.213602710019972,0.488705948522407,0.399251793984853,0.201603380813334,-0.0119993292066375,"max_iter reached without violation"
82,10050,"reverse",0.664930900972814,0.187994695826224,0.477760144916248,0.37922067662009,0.179437000226046,-0.00855769560017861,"max_iter reached without violation in either orientation",0,0.62448275862069,0,10050,0.186249766316396,0.671913749577813,0.3777605224235,0.475522127799933,0.652209559971571,-0.019704189606242,"max_iter reached without violation",0,10050,0.664930900972814,0.187994695826224,0.477760144916248,0.37922067662009,0.179437000226046,-0.00855769560017861,"max_iter reached without violation"
83,10050,"reverse",0.612182641731199,0.215034004242402,0.491040652848048,0.400298198295007,0.207685716446384,-0.00734828779601773,"max_iter reached without violation in either orientation",0,0.62448275862069,0,10050,0.16640419171261,0.712054163041342,0.360212748150452,0.460312542132672,0.689266802001055,-0.0227873610402874,"max_iter reached without violation",0,10050,0.612182641731199,0.215034004242402,0.491040652848048,0.400298198295007,0.207685716446384,-0.00734828779601773,"max_iter reached without violation"
84,10050,"reverse",0.61959081206131,0.217793578317521,0.489549619780237,0.402294956036839,0.203718357060955,-0.0140752212565655,"max_iter reached without violation in either orientation",0,0.62448275862069,0,10050,0.201630062888207,0.647307807714361,0.390202795134985,0.482897945718922,0.623490241739377,-0.0238175659749839,"max_iter reached without violation",0,10050,0.61959081206131,0.217793578317521,0.489549619780237,0.402294956036839,0.203718357060955,-0.0140752212565655,"max_iter reached without violation"
85,10050,"reverse",0.588942692051698,0.224228669098275,0.494955429014545,0.406846970389867,0.220131600972432,-0.00409706812584332,"max_iter reached without violation in either orientation",0,0.62448275862069,0,10050,0.207158404463857,0.628672237299318,0.394447753161944,0.487558422160289,0.613167280783063,-0.0155049565162554,"max_iter reached without violation",0,10050,0.588942692051698,0.224228669098275,0.494955429014545,0.406846970389867,0.220131600972432,-0.00409706812584332,"max_iter reached without violation"
86,10050,"reverse",0.762276212406639,0.146693017964117,0.435089335804088,0.340898034627832,0.127304851836491,-0.0193881661276261,"max_iter reached without violation in either orientation",0,0.62448275862069,0,10050,0.210125544975105,0.633111836861049,0.396678669058443,0.486518773855571,0.60762679902549,-0.0254850378355586,"max_iter reached without violation",0,10050,0.762276212406639,0.146693017964117,0.435089335804088,0.340898034627832,0.127304851836491,-0.0193881661276261,"max_iter reached without violation"
87,10050,"reverse",0.720279464690546,0.166713197292318,0.456677493219826,0.360499874343938,0.149795721212387,-0.0169174760799312,"max_iter reached without violation in either orientation",0,0.62448275862069,0,10050,0.235553811150933,0.584091691622576,0.414515050583473,0.495628832300382,0.560145109385319,-0.0239465822372569,"max_iter reached without violation",0,10050,0.720279464690546,0.166713197292318,0.456677493219826,0.360499874343938,0.149795721212387,-0.0169174760799312,"max_iter reached without violation"
88,10050,"reverse",0.649278161007099,0.200708244677691,0.482359242526277,0.389483597645435,0.187819642908847,-0.012888601768844,"max_iter reached without violation in either orientation",0,0.62448275862069,0,10050,0.226882855701532,0.6054621831017,0.408682772301489,0.49229084742503,0.576336209977289,-0.0291259731244111,"max_iter reached without violation",0,10050,0.649278161007099,0.200708244677691,0.482359242526277,0.389483597645435,0.187819642908847,-0.012888601768844,"max_iter reached without violation"
89,10050,"reverse",0.637944257244132,0.196302277495382,0.485337201544442,0.386000263036543,0.193889383136712,-0.00241289435867045,"max_iter reached without violation in either orientation",0,0.62448275862069,0,10050,0.168154994129939,0.70656698156594,0.361833527873686,0.462636160523938,0.685997563885249,-0.0205694176806916,"max_iter reached without violation",0,10050,0.637944257244132,0.196302277495382,0.485337201544442,0.386000263036543,0.193889383136712,-0.00241289435867045,"max_iter reached without violation"
90,10050,"reverse",0.683411410163093,0.18060105261383,0.471580122760562,0.372944774406758,0.169539978651698,-0.0110610739621317,"max_iter reached without violation in either orientation",0,0.62448275862069,0,10050,0.214727321691377,0.624922010288215,0.400074607531886,0.488402656648093,0.599033993982294,-0.0258880163059209,"max_iter reached without violation",0,10050,0.683411410163093,0.18060105261383,0.471580122760562,0.372944774406758,0.169539978651698,-0.0110610739621317,"max_iter reached without violation"
91,6840,"reverse",0.573665082744882,0.228312059946672,0.497253064447323,0.407889915920283,0.228313346797571,1.28685089911817e-06,"violation in reverse orientation",1,0.62448275862069,0,10050,0.149794180024441,0.743059248894712,0.34407305571149,0.445619910380041,0.720282342519778,-0.0227769063749333,"max_iter reached without violation",1,6840,0.573665082744882,0.228312059946672,0.497253064447323,0.407889915920283,0.228313346797571,1.28685089911817e-06,"violation"
92,10050,"reverse",0.638141458614971,0.207056067275179,0.485287872504578,0.39437022335928,0.193783774238083,-0.0132722930370957,"max_iter reached without violation in either orientation",0,0.62448275862069,0,10050,0.193636797780409,0.668963764299406,0.383855591622579,0.476481830481333,0.638415904796218,-0.0305478595031875,"max_iter reached without violation",0,10050,0.638141458614971,0.207056067275179,0.485287872504578,0.39437022335928,0.193783774238083,-0.0132722930370957,"max_iter reached without violation"
93,8900,"forward",0.208211360196853,0.611144950283599,0.39467923113966,0.491416784156317,0.611201117735482,5.61674518825273e-05,"violation in forward orientation",1,0.62448275862069,1,8900,0.208211360196853,0.611144950283599,0.39467923113966,0.491416784156317,0.611201117735482,5.61674518825273e-05,"violation",0,10050,0.638042858325421,0.210330130173339,0.48531254785164,0.396831289591935,0.193836578475394,-0.0164935516979451,"max_iter reached without violation"
94,10050,"reverse",0.604671309804175,0.217793578317521,0.492431608336517,0.402294956036839,0.211708322824186,-0.00608525549333491,"max_iter reached without violation in either orientation",0,0.62448275862069,0,10050,0.1483472232896,0.748233314545444,0.342598277669174,0.442896749541233,0.72298421570812,-0.0252490988373245,"max_iter reached without violation",0,10050,0.604671309804175,0.217793578317521,0.492431608336517,0.402294956036839,0.211708322824186,-0.00608525549333491,"max_iter reached without violation"
95,10050,"reverse",0.742375665826044,0.156609772252721,0.445973668013673,0.350867626582842,0.137962357905266,-0.0186474143474543,"max_iter reached without violation in either orientation",0,0.62448275862069,0,10050,0.191790833108181,0.667488489030044,0.38235351837603,0.476953951814721,0.641862837475284,-0.0256256515547598,"max_iter reached without violation",0,10050,0.742375665826044,0.156609772252721,0.445973668013673,0.350867626582842,0.137962357905266,-0.0186474143474543,"max_iter reached without violation"
96,10050,"reverse",0.644351675346458,0.200093630318906,0.483689523925788,0.389002248627042,0.19045796495761,-0.00963566536129654,"max_iter reached without violation in either orientation",0,0.62448275862069,0,10050,0.178854028269361,0.691266275874046,0.371427325945398,0.468699230149109,0.666019472774164,-0.0252468030998823,"max_iter reached without violation",0,10050,0.644351675346458,0.200093630318906,0.483689523925788,0.389002248627042,0.19045796495761,-0.00963566536129654,"max_iter reached without violation"
97,10050,"reverse",0.609218167573163,0.224228669098275,0.491604080954963,0.406846970389867,0.209273306073736,-0.0149553630245388,"max_iter reached without violation in either orientation",0,0.62448275862069,0,10050,0.161870085531818,0.716461398712681,0.355946197622048,0.458387733123793,0.697733247215343,-0.018728151497338,"max_iter reached without violation",0,10050,0.609218167573163,0.224228669098275,0.491604080954963,0.406846970389867,0.209273306073736,-0.0149553630245388,"max_iter reached without violation"
98,10050,"reverse",0.65882977835861,0.199581409416409,0.479620827028355,0.388599968344876,0.182704385421919,-0.0168770239944901,"max_iter reached without violation in either orientation",0,0.62448275862069,0,10050,0.226576649371711,0.60170510327294,0.408472206310461,0.492947655592036,0.576907982894006,-0.0247971203789338,"max_iter reached without violation",0,10050,0.65882977835861,0.199581409416409,0.479620827028355,0.388599968344876,0.182704385421919,-0.0168770239944901,"max_iter reached without violation"
99,10050,"reverse",0.584487758653227,0.225453790441067,0.495575692951011,0.407697330672873,0.222517388696297,-0.00293640174477061,"max_iter reached without violation in either orientation",0,0.62448275862069,0,10050,0.204394779907253,0.641887681734142,0.392340213712485,0.484334130545369,0.618327741294654,-0.0235599404394879,"max_iter reached without violation",0,10050,0.584487758653227,0.225453790441067,0.495575692951011,0.407697330672873,0.222517388696297,-0.00293640174477061,"max_iter reached without violation"
100,10050,"reverse",0.572996999445846,0.24278955433969,0.496985033887163,0.419193765205081,0.228671131031541,-0.0141184233081487,"max_iter reached without violation in either orientation",0,0.62448275862069,0,10050,0.210739283198067,0.627586760965086,0.39713605553734,0.487805970123883,0.606480777994347,-0.021105982970739,"max_iter reached without violation",0,10050,0.572996999445846,0.24278955433969,0.496985033887163,0.419193765205081,0.228671131031541,-0.0141184233081487,"max_iter reached without violation"
101,10050,"reverse",0.617418196668266,0.219837053108364,0.489999239763631,0.403756144574392,0.204881875944354,-0.0149551771640093,"max_iter reached without violation in either orientation",0,0.62448275862069,0,10050,0.197327177787502,0.647800426217266,0.38681736334136,0.482764095343859,0.631524932484561,-0.0162754937327053,"max_iter reached without violation",0,10050,0.617418196668266,0.219837053108364,0.489999239763631,0.403756144574392,0.204881875944354,-0.0149551771640093,"max_iter reached without violation"
102,10050,"reverse",0.622059239956007,0.211250691975609,0.489026291921245,0.397516123993644,0.202396419235704,-0.00885427273990497,"max_iter reached without violation in either orientation",0,0.62448275862069,0,10050,0.175358441931294,0.686946789207313,0.368350373924538,0.470302578384141,0.672546710788225,-0.0144000784190879,"max_iter reached without violation",0,10050,0.622059239956007,0.211250691975609,0.489026291921245,0.397516123993644,0.202396419235704,-0.00885427273990497,"max_iter reached without violation"
103,10050,"reverse",0.62067697982063,0.214931778137342,0.489320982470144,0.400223706657797,0.203136672560996,-0.0117951055763466,"max_iter reached without violation in either orientation",0,0.62448275862069,0,10050,0.1483472232896,0.742961597235964,0.342598277669174,0.445670531022887,0.72298421570812,-0.019977381527844,"max_iter reached without violation",0,10050,0.62067697982063,0.214931778137342,0.489320982470144,0.400223706657797,0.203136672560996,-0.0117951055763466,"max_iter reached without violation"
104,10050,"reverse",0.553856800567939,0.248085030673783,0.498729466658868,0.422512636259339,0.238921441738975,-0.00916358893480795,"max_iter reached without violation in either orientation",0,0.62448275862069,0,10050,0.157744802515921,0.731138300252932,0.351975391288048,0.451591971288205,0.705436305162127,-0.0257019950908051,"max_iter reached without violation",0,10050,0.553856800567939,0.248085030673783,0.498729466658868,0.422512636259339,0.238921441738975,-0.00916358893480795,"max_iter reached without violation"
105,10050,"reverse",0.581516966196446,0.234840084653614,0.495966313966473,0.414044377711122,0.224108362014994,-0.0107317226386202,"max_iter reached without violation in either orientation",0,0.62448275862069,0,10050,0.197327177787502,0.651642159095761,0.38681736334136,0.481701151243105,0.631524932484561,-0.0201172266112,"max_iter reached without violation",0,10050,0.581516966196446,0.234840084653614,0.495966313966473,0.414044377711122,0.224108362014994,-0.0107317226386202,"max_iter reached without violation"
106,80,"forward",0.819812757386282,0.0962393665961734,0.46837484987988,0.189983551919633,0.0964918249272281,0.000252458331054778,"violation in forward orientation",1,0.62448275862069,1,80,0.819812757386282,0.0962393665961734,0.46837484987988,0.189983551919633,0.0964918249272281,0.000252458331054778,"violation",0,10050,0.577951134108469,0.233514426676038,0.496410959784365,0.413165733236331,0.226018001881615,-0.0074964247944232,"max_iter reached without violation"
107,120,"reverse",0.105343859519633,0.778766710645074,0.217944947177034,0.474268442504407,0.803283531355127,0.0245168207100532,"violation in reverse orientation",1,0.62448275862069,0,10050,0.203575719186842,0.6319280988214,0.391710041377455,0.48680025752913,0.619857156892796,-0.012070941928604,"max_iter reached without violation",1,120,0.105343859519633,0.778766710645074,0.217944947177034,0.474268442504407,0.803283531355127,0.0245168207100532,"violation"
108,10050,"reverse",0.569131494567344,0.243808170742616,0.497397807689757,0.419838999528523,0.230741257172784,-0.013066913569832,"max_iter reached without violation in either orientation",0,0.62448275862069,0,10050,0.199581409416409,0.646618108059664,0.388599968344876,0.483084413155615,0.627315651134401,-0.0193024569252626,"max_iter reached without violation",0,10050,0.569131494567344,0.243808170742616,0.497397807689757,0.419838999528523,0.230741257172784,-0.013066913569832,"max_iter reached without violation"
109,190,"reverse",0.0981317034565967,0.812437554720659,0.223296878269436,0.448481587216267,0.81675064521392,0.00431309049326123,"violation in reverse orientation",1,0.62448275862069,0,10050,0.235349895657079,0.588051826097774,0.41438074663658,0.495082783682631,0.560525876682823,-0.027525949414951,"max_iter reached without violation",1,190,0.0981317034565967,0.812437554720659,0.223296878269436,0.448481587216267,0.81675064521392,0.00431309049326123,"violation"
110,70,"forward",0.898661999464136,0.0534488391899587,0.428809457708675,0.118666055184544,0.0542650311776291,0.00081619198767046,"violation in forward orientation",1,0.62448275862069,1,70,0.898661999464136,0.0534488391899587,0.428809457708675,0.118666055184544,0.0542650311776291,0.00081619198767046,"violation",0,10050,0.686063049790137,0.178134517303532,0.47062484566036,0.370798446375466,0.168119923915866,-0.0100145933876659,"max_iter reached without violation"
111,10050,"reverse",0.603781519367547,0.22698492182557,0.492588378678525,0.408752888416724,0.21218483973491,-0.0148000820906601,"max_iter reached without violation in either orientation",0,0.62448275862069,0,10050,0.150104185336073,0.742375665826044,0.344387524829568,0.445973668013673,0.719703475840786,-0.0226721899852582,"max_iter reached without violation",0,10050,0.603781519367547,0.22698492182557,0.492588378678525,0.408752888416724,0.21218483973491,-0.0148000820906601,"max_iter reached without violation"
112,10050,"reverse",0.608921682413196,0.21053470957877,0.491659391453097,0.396983751690743,0.209432085249919,-0.00110262432885072,"max_iter reached without violation in either orientation",0,0.62448275862069,0,10050,0.209920953977378,0.625415525421649,0.396525889907327,0.488293329348001,0.608008827677782,-0.0174066977438669,"max_iter reached without violation",0,10050,0.608921682413196,0.21053470957877,0.491659391453097,0.396983751690743,0.209432085249919,-0.00110262432885072,"max_iter reached without violation"
113,6780,"reverse",0.578020659065955,0.22467372912031,0.496781874855455,0.405319690679931,0.225980768599939,0.00130703947962943,"violation in reverse orientation",1,0.62448275862069,0,10050,0.210841567839996,0.633999566137274,0.397212148172953,0.486305630247833,0.606289783941136,-0.0277097821961378,"max_iter reached without violation",1,6780,0.578020659065955,0.22467372912031,0.496781874855455,0.405319690679931,0.225980768599939,0.00130703947962943,"violation"
114,120,"forward",0.771119296036274,0.105343859519633,0.476969600708473,0.217944947177034,0.122569041336622,0.0172251818169885,"violation in forward orientation",1,0.62448275862069,1,120,0.771119296036274,0.105343859519633,0.476969600708473,0.217944947177034,0.122569041336622,0.0172251818169885,"violation",0,10050,0.681446826864931,0.180806551621717,0.472276636784977,0.373122387868651,0.170592088368282,-0.0102144632534348,"max_iter reached without violation"
115,10050,"reverse",0.684884621198155,0.180498300493507,0.471051544089581,0.372855896117153,0.168751017630795,-0.0117472828627121,"max_iter reached without violation in either orientation",0,0.62448275862069,0,10050,0.196609764059992,0.667980268333099,0.386245843777445,0.476797149108492,0.632864544698688,-0.0351157236344108,"max_iter reached without violation",0,10050,0.684884621198155,0.180498300493507,0.471051544089581,0.372855896117153,0.168751017630795,-0.0117472828627121,"max_iter reached without violation"
116,80,"reverse",0.117384507872718,0.774681766062824,0.217944947177034,0.484122918275927,0.780800271025287,0.0061185049624628,"violation in reverse orientation",1,0.62448275862069,0,10050,0.213602710019972,0.627192018900756,0.399251793984853,0.487895347642029,0.60113395872146,-0.0260580601792954,"max_iter reached without violation",1,80,0.117384507872718,0.774681766062824,0.217944947177034,0.484122918275927,0.780800271025287,0.0061185049624628,"violation"
117,10050,"reverse",0.618899565792433,0.21626060767744,0.489693786922371,0.401189094181122,0.204088545953795,-0.0121720617236451,"max_iter reached without violation in either orientation",0,0.62448275862069,0,10050,0.211046132792567,0.624625891885651,0.39736421498234,0.488467998055278,0.605907803922442,-0.0187180879632086,"max_iter reached without violation",0,10050,0.618899565792433,0.21626060767744,0.489693786922371,0.401189094181122,0.204088545953795,-0.0121720617236451,"max_iter reached without violation"
118,10050,"reverse",0.649770698974443,0.199991189217047,0.482223189482979,0.388921876772218,0.187555869933828,-0.0124353192832197,"max_iter reached without violation in either orientation",0,0.62448275862069,0,10050,0.199581409416409,0.649475178614103,0.388599968344876,0.482304887498395,0.627315651134401,-0.0221595274797018,"max_iter reached without violation",0,10050,0.649770698974443,0.199991189217047,0.482223189482979,0.388921876772218,0.187555869933828,-0.0124353192832197,"max_iter reached without violation"
119,10050,"forward",0.196712256439073,0.645041504073741,0.386327618077447,0.483506586657416,0.632673162742075,-0.0123683413316655,"max_iter reached without violation in either orientation",0,0.62448275862069,0,10050,0.196712256439073,0.645041504073741,0.386327618077447,0.483506586657416,0.632673162742075,-0.0123683413316655,"max_iter reached without violation",0,10050,0.634887231674671,0.209614056592062,0.486090743366773,0.396296423371259,0.195526537595108,-0.0140875189969545,"max_iter reached without violation"
120,10050,"reverse",0.698428934504426,0.165064965621734,0.465936226233441,0.358963012296428,0.161497518302302,-0.00356744731943184,"max_iter reached without violation in either orientation",0,0.62448275862069,0,10050,0.206953728611018,0.640704787844603,0.394292653201783,0.484638701940966,0.613549467883595,-0.0271553199610081,"max_iter reached without violation",0,10050,0.698428934504426,0.165064965621734,0.465936226233441,0.358963012296428,0.161497518302302,-0.00356744731943184,"max_iter reached without violation"
121,10050,"reverse",0.641887681734142,0.205418470995667,0.484334130545369,0.393124241985775,0.191777528054549,-0.0136409429411181,"max_iter reached without violation in either orientation",0,0.62448275862069,0,10050,0.199171604940685,0.655187281158122,0.388277385047613,0.480690080912099,0.628080870783863,-0.027106410374259,"max_iter reached without violation",0,10050,0.641887681734142,0.205418470995667,0.484334130545369,0.393124241985775,0.191777528054549,-0.0136409429411181,"max_iter reached without violation"
122,10050,"reverse",0.596562069033253,0.23545185403964,0.493798114924022,0.414447915994759,0.216051132323375,-0.0194007217162648,"max_iter reached without violation in either orientation",0,0.62448275862069,0,10050,0.229740208484555,0.595473858697474,0.410632384227501,0.493970887243993,0.571000732634954,-0.0244731260625203,"max_iter reached without violation",0,10050,0.596562069033253,0.23545185403964,0.493798114924022,0.414447915994759,0.216051132323375,-0.0194007217162648,"max_iter reached without violation"
123,10050,"reverse",0.611392182453736,0.217691390033355,0.491192737314453,0.402221498810781,0.208109037711082,-0.00958235232227317,"max_iter reached without violation in either orientation",0,0.62448275862069,0,10050,0.182861160050301,0.67594417015153,0.374888084254418,0.474177003447291,0.658537036250405,-0.017407133901125,"max_iter reached without violation",0,10050,0.611392182453736,0.217691390033355,0.491192737314453,0.402221498810781,0.208109037711082,-0.00958235232227317,"max_iter reached without violation"
124,10050,"reverse",0.639916128301217,0.210432420599738,0.484840009596028,0.396907540434259,0.19283337054567,-0.0175990500540678,"max_iter reached without violation in either orientation",0,0.62448275862069,0,10050,0.210432420599738,0.633210476592282,0.396907540434259,0.486495177248656,0.607053776348042,-0.02615670024424,"max_iter reached without violation",0,10050,0.639916128301217,0.210432420599738,0.484840009596028,0.396907540434259,0.19283337054567,-0.0175990500540678,"max_iter reached without violation"
125,60,"forward",0.789716484604453,0.0972236971658371,0.486198404860494,0.17950549357115,0.112609533479647,0.0153858363138098,"violation in forward orientation",1,0.62448275862069,1,60,0.789716484604453,0.0972236971658371,0.486198404860494,0.17950549357115,0.112609533479647,0.0153858363138098,"violation",0,10050,0.613368238910607,0.220654288694262,0.490810017123822,0.404336399012318,0.207050783677905,-0.013603505016357,"max_iter reached without violation"
126,10050,"forward",0.211659793059538,0.613170647030811,0.397819469344886,0.490848665643542,0.604761928456952,-0.00840871857385894,"max_iter reached without violation in either orientation",0,0.62448275862069,0,10050,0.211659793059538,0.613170647030811,0.397819469344886,0.490848665643542,0.604761928456952,-0.00840871857385894,"max_iter reached without violation",0,10050,0.671028833321452,0.192303653427099,0.475812208222557,0.38277219285106,0.17617132353976,-0.0161323298873388,"max_iter reached without violation"
127,10050,"reverse",0.685866653697657,0.185941787375643,0.470696199269899,0.377501475068796,0.168225101557043,-0.0177166858186001,"max_iter reached without violation in either orientation",0,0.62448275862069,0,10050,0.187173612607672,0.670045513230766,0.37853518844209,0.476132337093042,0.650484480385952,-0.019561032844814,"max_iter reached without violation",0,10050,0.685866653697657,0.185941787375643,0.470696199269899,0.377501475068796,0.168225101557043,-0.0177166858186001,"max_iter reached without violation"
128,10050,"reverse",0.630645588469373,0.207567738481119,0.487101711681281,0.39475746929961,0.197798100238825,-0.00976963824229415,"max_iter reached without violation in either orientation",0,0.62448275862069,0,10050,0.218202317561851,0.624033634117976,0.402588404982239,0.488598107538629,0.592545204133948,-0.0314884299840277,"max_iter reached without violation",0,10050,0.630645588469373,0.207567738481119,0.487101711681281,0.39475746929961,0.197798100238825,-0.00976963824229415,"max_iter reached without violation"
129,480,"forward",0.518046540854939,0.253014571194354,0.497698697060335,0.4,0.258099209478674,0.00508463828432071,"violation in forward orientation",1,0.62448275862069,1,480,0.518046540854939,0.253014571194354,0.497698697060335,0.4,0.258099209478674,0.00508463828432071,"violation",0,10050,0.895308685141579,0.0666633141147898,0.320725397458228,0.233950302925651,0.0560608596287938,-0.010602454485996,"max_iter reached without violation"
130,10050,"forward",0.207567738481119,0.627290705585953,0.39475746929961,0.487873035238076,0.612402939611217,-0.0148877659747357,"max_iter reached without violation in either orientation",0,0.62448275862069,0,10050,0.207567738481119,0.627290705585953,0.39475746929961,0.487873035238076,0.612402939611217,-0.0148877659747357,"max_iter reached without violation",0,10050,0.684982828347647,0.184401664940696,0.471016116261088,0.376200009788894,0.168698423935065,-0.0157032410056305,"max_iter reached without violation"
131,50,"forward",0.590712364249548,0.152451248673278,0.489897948556636,0.237486841740758,0.219183873626755,0.0667326249534771,"violation in forward orientation",1,0.62448275862069,1,50,0.590712364249548,0.152451248673278,0.489897948556636,0.237486841740758,0.219183873626755,0.0667326249534771,"violation at burn-in",0,10050,0.734559766059219,0.15826064220235,0.449920289192501,0.35247664623902,0.14214807204435,-0.0161125701580003,"max_iter reached without violation"
132,10050,"reverse",0.621071926748618,0.211966603776526,0.489237208025606,0.398046565479956,0.202925163331094,-0.00904144044543143,"max_iter reached without violation in either orientation",0,0.62448275862069,0,10050,0.205520831897232,0.628770912283146,0.393202420341976,0.487535789720874,0.616225087077604,-0.0125458252055413,"max_iter reached without violation",0,10050,0.621071926748618,0.211966603776526,0.489237208025606,0.398046565479956,0.202925163331094,-0.00904144044543143,"max_iter reached without violation"
133,10050,"forward",0.225657958602489,0.5883487881301,0.407838545142545,0.495040515765828,0.578623435677058,-0.00972535245304196,"max_iter reached without violation in either orientation",0,0.62448275862069,0,10050,0.225657958602489,0.5883487881301,0.407838545142545,0.495040515765828,0.578623435677058,-0.00972535245304196,"max_iter reached without violation",0,10050,0.599232744985497,0.231270510736285,0.493363486201194,0.411665264977326,0.214620882905174,-0.0166496278311105,"max_iter reached without violation"
134,10050,"reverse",0.665029280135902,0.193739336116244,0.477729421703727,0.38393862285159,0.179384314410437,-0.0143550217058067,"max_iter reached without violation in either orientation",0,0.62448275862069,0,10050,0.185839124365765,0.673486765621828,0.377415033972704,0.475001823166589,0.652976343421071,-0.0205104222007577,"max_iter reached without violation",0,10050,0.665029280135902,0.193739336116244,0.477729421703727,0.38393862285159,0.179384314410437,-0.0143550217058067,"max_iter reached without violation"
135,50,"reverse",0.612137383051339,0.185611725055255,0.493558507170123,0.271293199325011,0.207709954205549,0.0220982291502939,"violation in reverse orientation",1,0.62448275862069,0,10050,0.170625776962792,0.707743048920705,0.364096026736396,0.462144881651139,0.681383920830447,-0.0263591280902583,"max_iter reached without violation",1,50,0.612137383051339,0.185611725055255,0.493558507170123,0.271293199325011,0.207709954205549,0.0220982291502939,"violation at burn-in"
136,10050,"reverse",0.66404545117946,0.185531125231058,0.478035632965259,0.377155434308161,0.179911192555791,-0.0056199326752665,"max_iter reached without violation in either orientation",0,0.62448275862069,0,10050,0.217487009291996,0.62186178350202,0.402074470225281,0.489068644371578,0.593880884869373,-0.027980898632647,"max_iter reached without violation",0,10050,0.66404545117946,0.185531125231058,0.478035632965259,0.377155434308161,0.179911192555791,-0.0056199326752665,"max_iter reached without violation"
137,140,"forward",0.820794122707938,0.0906080826802677,0.451753951452626,0.202534955410826,0.0959662661528054,0.00535818347253773,"violation in forward orientation",1,0.62448275862069,1,140,0.820794122707938,0.0906080826802677,0.451753951452626,0.202534955410826,0.0959662661528054,0.00535818347253773,"violation",0,10050,0.631040221145446,0.208590970664711,0.487009342366234,0.395528946408282,0.197586759302879,-0.0110042113618318,"max_iter reached without violation"
138,10050,"reverse",0.647701904124836,0.196199778828057,0.482790909402228,0.385918316751456,0.188663788933713,-0.00753598989434487,"max_iter reached without violation in either orientation",0,0.62448275862069,0,10050,0.172889711942615,0.698330847906766,0.366144020876571,0.465974951185467,0.677156520608418,-0.0211743272983471,"max_iter reached without violation",0,10050,0.647701904124836,0.196199778828057,0.482790909402228,0.385918316751456,0.188663788933713,-0.00753598989434487,"max_iter reached without violation"
139,10050,"reverse",0.661782330442173,0.202449353249436,0.478731327126384,0.390839248205288,0.181123180522771,-0.0213261727266645,"max_iter reached without violation in either orientation",0,0.62448275862069,0,10050,0.233412444021108,0.601111780303066,0.413097900022614,0.493048631522,0.564143641127946,-0.0369681391751203,"max_iter reached without violation",0,10050,0.661782330442173,0.202449353249436,0.478731327126384,0.390839248205288,0.181123180522771,-0.0213261727266645,"max_iter reached without violation"
140,210,"forward",0.74492283539014,0.133957734263474,0.476214285119077,0.272761971268946,0.136598250895561,0.00264051663208686,"violation in forward orientation",1,0.62448275862069,1,210,0.74492283539014,0.133957734263474,0.476214285119077,0.272761971268946,0.136598250895561,0.00264051663208686,"violation",0,10050,0.609316994436477,0.228821886115216,0.491585602458455,0.410008798890879,0.209220380497483,-0.0196015056177321,"max_iter reached without violation"
141,10050,"reverse",0.616726831826061,0.210330130173339,0.490140163894844,0.396831289591935,0.20525212833776,-0.00507800183557994,"max_iter reached without violation in either orientation",0,0.62448275862069,0,10050,0.201425225083873,0.658928208677895,0.39004326575987,0.479591502950928,0.623872731248678,-0.0350554774292167,"max_iter reached without violation",0,10050,0.616726831826061,0.210330130173339,0.490140163894844,0.396831289591935,0.20525212833776,-0.00507800183557994,"max_iter reached without violation"
142,10050,"reverse",0.63577483338867,0.207567738481119,0.485874110899404,0.39475746929961,0.19505119282931,-0.0125165456518093,"max_iter reached without violation in either orientation",0,0.62448275862069,0,10050,0.100201787370325,0.846189413935983,0.285825047924147,0.373388450778639,0.812885219186007,-0.0333041947499754,"max_iter reached without violation",0,10050,0.63577483338867,0.207567738481119,0.485874110899404,0.39475746929961,0.19505119282931,-0.0125165456518093,"max_iter reached without violation"
143,10050,"reverse",0.674666385830152,0.184915081384283,0.474607715749976,0.376634988426549,0.174223274636683,-0.0106918067475996,"max_iter reached without violation in either orientation",0,0.62448275862069,0,10050,0.227291112249528,0.599034935959417,0.408963019378316,0.493396195714354,0.575573880742119,-0.0234610552172979,"max_iter reached without violation",0,10050,0.674666385830152,0.184915081384283,0.474607715749976,0.376634988426549,0.174223274636683,-0.0106918067475996,"max_iter reached without violation"
144,10050,"reverse",0.58547787417216,0.239121513899849,0.495441420786209,0.416842986381162,0.22198714385558,-0.017134370044269,"max_iter reached without violation in either orientation",0,0.62448275862069,0,10050,0.17443279142284,0.691658872364364,0.367526362103346,0.468551170631354,0.674275159352266,-0.0173837130120981,"max_iter reached without violation",0,10050,0.58547787417216,0.239121513899849,0.495441420786209,0.416842986381162,0.22198714385558,-0.017134370044269,"max_iter reached without violation"
145,10050,"forward",0.205418470995668,0.628277529556614,0.393124241985775,0.487648738383713,0.616416223528897,-0.0118613060277168,"max_iter reached without violation in either orientation",0,0.62448275862069,0,10050,0.205418470995668,0.628277529556614,0.393124241985775,0.487648738383713,0.616416223528897,-0.0118613060277168,"max_iter reached without violation",0,10050,0.655581118547964,0.200298507911341,0.480575960314637,0.389162866216919,0.184444167367462,-0.0158543405438794,"max_iter reached without violation"
146,660,"forward",0.257465939783702,0.514831610354571,0.407739068329314,0.49819693260269,0.519229032610659,0.00439742225608841,"violation in forward orientation",1,0.62448275862069,1,660,0.257465939783702,0.514831610354571,0.407739068329314,0.49819693260269,0.519229032610659,0.00439742225608841,"violation",0,10050,0.687535909678124,0.175564122091121,0.470086663026802,0.368532941938478,0.167331150947691,-0.0082329711434305,"max_iter reached without violation"
147,10050,"reverse",0.625612926034461,0.203985261563994,0.488249449627197,0.392025456211537,0.200493284023098,-0.00349197754089642,"max_iter reached without violation in either orientation",0,0.62448275862069,0,10050,0.244113731790879,0.556635308292787,0.420031916903399,0.498522646018565,0.544161341858269,-0.012473966434518,"max_iter reached without violation",0,10050,0.625612926034461,0.203985261563994,0.488249449627197,0.392025456211537,0.200493284023098,-0.00349197754089642,"max_iter reached without violation"
148,10050,"reverse",0.593890845145626,0.232494542280937,0.494217757473548,0.41248581900164,0.217481675181992,-0.0150128670989449,"max_iter reached without violation in either orientation",0,0.62448275862069,0,10050,0.197327177787502,0.659814044614804,0.38681736334136,0.47932657602722,0.631524932484561,-0.0282891121302438,"max_iter reached without violation",0,10050,0.593890845145626,0.232494542280937,0.494217757473548,0.41248581900164,0.217481675181992,-0.0150128670989449,"max_iter reached without violation"
149,10050,"reverse",0.651839137911255,0.200810675037616,0.481645735257487,0.389563675705618,0.186448141538897,-0.0143625334987192,"max_iter reached without violation in either orientation",0,0.62448275862069,0,10050,0.217078231095779,0.619294568286565,0.40177995593578,0.489611532226111,0.594644188167768,-0.0246503801187973,"max_iter reached without violation",0,10050,0.651839137911255,0.200810675037616,0.481645735257487,0.389563675705618,0.186448141538897,-0.0143625334987192,"max_iter reached without violation"
150,10050,"reverse",0.673290150423672,0.183066582943736,0.475067184179689,0.375063615966519,0.174960301488545,-0.00810628145519113,"max_iter reached without violation in either orientation",0,0.62448275862069,0,10050,0.192201092594972,0.65666410407304,0.382688546342706,0.480260288081691,0.641096768192815,-0.0155673358802253,"max_iter reached without violation",0,10050,0.673290150423672,0.183066582943736,0.475067184179689,0.375063615966519,0.174960301488545,-0.00810628145519113,"max_iter reached without violation"
151,10050,"reverse",0.598144758054499,0.224024463426552,0.493542368699228,0.406704730003832,0.21520354164135,-0.00882092178520236,"max_iter reached without violation in either orientation",0,0.62448275862069,0,10050,0.187276253837874,0.677614902364042,0.378621033858419,0.473607842529276,0.650292820482637,-0.0273220818814046,"max_iter reached without violation",0,10050,0.598144758054499,0.224024463426552,0.493542368699228,0.406704730003832,0.21520354164135,-0.00882092178520236,"max_iter reached without violation"
152,10050,"reverse",0.79116613217384,0.124819770289565,0.41697474019661,0.316878415796599,0.111833191598495,-0.0129865786910695,"max_iter reached without violation in either orientation",0,0.62448275862069,0,10050,0.192918984568896,0.671717107408035,0.383273146068719,0.47558675113225,0.639756262958784,-0.0319608444492512,"max_iter reached without violation",0,10050,0.79116613217384,0.124819770289565,0.41697474019661,0.316878415796599,0.111833191598495,-0.0129865786910695,"max_iter reached without violation"
153,10050,"reverse",0.721845433564907,0.165271021841011,0.455964446688711,0.359155865632764,0.148957084810395,-0.0163139370306156,"max_iter reached without violation in either orientation",0,0.62448275862069,0,10050,0.198351921717438,0.657451667829347,0.38763018710033,0.480029010368928,0.629611448769021,-0.0278402190603261,"max_iter reached without violation",0,10050,0.721845433564907,0.165271021841011,0.455964446688711,0.359155865632764,0.148957084810395,-0.0163139370306156,"max_iter reached without violation"
154,10050,"reverse",0.647504857527483,0.194867152500663,0.482844471536615,0.384849086121607,0.188769314945203,-0.00609783755545965,"max_iter reached without violation in either orientation",0,0.62448275862069,0,10050,0.239834869954333,0.585279857019755,0.417303527546936,0.49546843799098,0.5521511744458,-0.0331286825739545,"max_iter reached without violation",0,10050,0.647504857527483,0.194867152500663,0.482844471536615,0.384849086121607,0.188769314945203,-0.00609783755545965,"max_iter reached without violation"
155,190,"reverse",0.532503105751575,0.244678078851667,0.495296436042888,0.374239764939604,0.250357164430033,0.00567908557836572,"violation in reverse orientation",1,0.62448275862069,0,10050,0.212477926282846,0.63774705270682,0.398424274396224,0.485386443980464,0.603234244755484,-0.0345128079513363,"max_iter reached without violation",1,190,0.532503105751575,0.244678078851667,0.495296436042888,0.374239764939604,0.250357164430033,0.00567908557836572,"violation"
156,10050,"reverse",0.630744247813239,0.215238452220614,0.48707865148491,0.400447065825688,0.197745264375663,-0.0174931878449515,"max_iter reached without violation in either orientation",0,0.62448275862069,0,10050,0.200913103866767,0.654793430731477,0.389643711898732,0.480803844949667,0.624829004890012,-0.0299644258414651,"max_iter reached without violation",0,10050,0.630744247813239,0.215238452220614,0.48707865148491,0.400447065825688,0.197745264375663,-0.0174931878449515,"max_iter reached without violation"
157,10050,"reverse",0.649278161007099,0.204701902927236,0.482359242526277,0.392575851414581,0.187819642908847,-0.0168822600183886,"max_iter reached without violation in either orientation",0,0.62448275862069,0,10050,0.161457703499426,0.725759283968493,0.355553117488733,0.454152516839628,0.698503279884492,-0.0272560040840012,"max_iter reached without violation",0,10050,0.649278161007099,0.204701902927236,0.482359242526277,0.392575851414581,0.187819642908847,-0.0168822600183886,"max_iter reached without violation"
158,10050,"reverse",0.707253036877429,0.17021405536897,0.462350019365649,0.363721009767396,0.156771872993471,-0.0134421823754998,"max_iter reached without violation in either orientation",0,0.62448275862069,0,10050,0.183888206002777,0.68724135336037,0.375763868920377,0.470194727854246,0.656619254014509,-0.0306220993458616,"max_iter reached without violation",0,10050,0.707253036877429,0.17021405536897,0.462350019365649,0.363721009767396,0.156771872993471,-0.0134421823754998,"max_iter reached without violation"
159,10050,"reverse",0.592208682959877,0.232698529455515,0.494474305691543,0.412622083434741,0.218382537559348,-0.0143159918961676,"max_iter reached without violation in either orientation",0,0.62448275862069,0,10050,0.198454387548418,0.655974942891714,0.387711235302962,0.480461482903209,0.629420116385143,-0.026554826506571,"max_iter reached without violation",0,10050,0.592208682959877,0.232698529455515,0.494474305691543,0.412622083434741,0.218382537559348,-0.0143159918961676,"max_iter reached without violation"
160,10050,"reverse",0.660404564933085,0.187584167528781,0.479148946857263,0.378878296613126,0.181861026803274,-0.00572314072550728,"max_iter reached without violation in either orientation",0,0.62448275862069,0,10050,0.224637064321055,0.610700490493099,0.407131010257605,0.491324714672626,0.580529731021431,-0.0301707594716674,"max_iter reached without violation",0,10050,0.660404564933085,0.187584167528781,0.479148946857263,0.378878296613126,0.181861026803274,-0.00572314072550728,"max_iter reached without violation"
161,10050,"reverse",0.613565827728677,0.216976033060278,0.490771284865127,0.401706232008214,0.206944967286421,-0.0100310657738571,"max_iter reached without violation in either orientation",0,0.62448275862069,0,10050,0.192611326245447,0.654104161142849,0.383022867679486,0.481002074803682,0.64033074715398,-0.0137734139888697,"max_iter reached without violation",0,10050,0.613565827728677,0.216976033060278,0.490771284865127,0.401706232008214,0.206944967286421,-0.0100310657738571,"max_iter reached without violation"
162,10050,"reverse",0.67771317307105,0.18368281049605,0.473574153015132,0.375589086241757,0.17259160319597,-0.0110912073000801,"max_iter reached without violation in either orientation",0,0.62448275862069,0,10050,0.206953728611018,0.636662371193863,0.394292653201783,0.485655730509808,0.613549467883595,-0.0231129033102677,"max_iter reached without violation",0,10050,0.67771317307105,0.18368281049605,0.473574153015132,0.375589086241757,0.17259160319597,-0.0110912073000801,"max_iter reached without violation"
163,10050,"reverse",0.639521779468225,0.199376510266772,0.484940142092136,0.388438761159987,0.193044559472758,-0.00633195079401333,"max_iter reached without violation in either orientation",0,0.62448275862069,0,10050,0.179881751063512,0.687928639237537,0.372321622404791,0.46994224298291,0.66410042668543,-0.0238282125521071,"max_iter reached without violation",0,10050,0.639521779468225,0.199376510266772,0.484940142092136,0.388438761159987,0.193044559472758,-0.00633195079401333,"max_iter reached without violation"
164,100,"forward",0.926560022992805,0.0375974353154573,0.384187454245971,0.099498743710662,0.0393245694240031,0.00172713410854573,"violation in forward orientation",1,0.62448275862069,1,100,0.926560022992805,0.0375974353154573,0.384187454245971,0.099498743710662,0.0393245694240031,0.00172713410854573,"violation",0,10050,0.580526553605914,0.233514426676038,0.496092461146794,0.413165733236331,0.224638765948948,-0.00887566072708953,"max_iter reached without violation"
165,10050,"reverse",0.597353437614325,0.220858583885535,0.493670900144583,0.404481087781018,0.215627324091714,-0.00523125979382125,"max_iter reached without violation in either orientation",0,0.62448275862069,0,10050,0.24645600245449,0.569627134683994,0.421500993530665,0.497346599225723,0.539787666990551,-0.029839467693443,"max_iter reached without violation",0,10050,0.597353437614325,0.220858583885535,0.493670900144583,0.404481087781018,0.215627324091714,-0.00523125979382125,"max_iter reached without violation"
166,100,"forward",0.81827928159571,0.0943521513629654,0.462493243193887,0.195959179422654,0.0973130600364325,0.00296090867346711,"violation in forward orientation",1,0.62448275862069,1,100,0.81827928159571,0.0943521513629654,0.462493243193887,0.195959179422654,0.0973130600364325,0.00296090867346711,"violation",0,10050,0.615541547354101,0.213398216715506,0.490379352247992,0.39910168676951,0.205886893639405,-0.00751132307610086,"max_iter reached without violation"
167,8340,"forward",0.211727289911719,0.604239433479118,0.397001565161976,0.492761278019957,0.604635892943371,0.00039645946425293,"violation in forward orientation",1,0.62448275862069,1,8340,0.211727289911719,0.604239433479118,0.397001565161976,0.492761278019957,0.604635892943371,0.00039645946425293,"violation",0,10050,0.561793874134461,0.240853844227286,0.498096979985083,0.417958549707424,0.234670834381988,-0.00618300984529782,"max_iter reached without violation"
168,10050,"reverse",0.617912005623189,0.219326236205093,0.489897948556636,0.403392264031217,0.204617422306732,-0.0147088138983605,"max_iter reached without violation in either orientation",0,0.62448275862069,0,10050,0.190252128763151,0.672012069400305,0.381090838219157,0.475489781606886,0.644736029129544,-0.0272760402707612,"max_iter reached without violation",0,10050,0.617912005623189,0.219326236205093,0.489897948556636,0.403392264031217,0.204617422306732,-0.0147088138983605,"max_iter reached without violation"
169,10050,"forward",0.223003354238521,0.59270345901514,0.405991317368328,0.494399464926922,0.583580324977169,-0.00912313403797149,"max_iter reached without violation in either orientation",0,0.62448275862069,0,10050,0.223003354238521,0.59270345901514,0.405991317368328,0.494399464926922,0.583580324977169,-0.00912313403797149,"max_iter reached without violation",0,10050,0.627685444532287,0.215647331271411,0.487783572441938,0.400744338513809,0.199383370866754,-0.0162639604046572,"max_iter reached without violation"
170,10050,"reverse",0.602199518305163,0.223207586872305,0.492862940754676,0.406134295173647,0.213032061988574,-0.0101755248837309,"max_iter reached without violation in either orientation",0,0.62448275862069,0,10050,0.216771632800167,0.625415525421649,0.401558669579832,0.488293329348001,0.595216692994317,-0.0301988324273321,"max_iter reached without violation",0,10050,0.602199518305163,0.223207586872305,0.492862940754676,0.406134295173647,0.213032061988574,-0.0101755248837309,"max_iter reached without violation"
171,50,"forward",0.654021127930363,0.152451248673278,0.498397431775085,0.237486841740758,0.185279602183635,0.0328283535103569,"violation in forward orientation",1,0.62448275862069,1,50,0.654021127930363,0.152451248673278,0.498397431775085,0.237486841740758,0.185279602183635,0.0328283535103569,"violation at burn-in",0,10050,0.621664323953486,0.222390623857316,0.489110912185266,0.405561495620006,0.202607911903831,-0.0197827119534847,"max_iter reached without violation"
172,10050,"forward",0.220654288694262,0.59972725436124,0.404336399012318,0.493281351683314,0.587966687788762,-0.0117605665724785,"max_iter reached without violation in either orientation",0,0.62448275862069,0,10050,0.220654288694262,0.59972725436124,0.404336399012318,0.493281351683314,0.587966687788762,-0.0117605665724785,"max_iter reached without violation",0,10050,0.573591593046068,0.247066924172506,0.496918810023184,0.421881347876799,0.228352703350313,-0.0187142208221927,"max_iter reached without violation"
173,10050,"reverse",0.606747248650074,0.221471436660922,0.492059278548432,0.404914257041606,0.210596577940246,-0.0108748587206758,"max_iter reached without violation in either orientation",0,0.62448275862069,0,10050,0.196199778828057,0.657156337552945,0.385918316751456,0.480115907228816,0.633630101870584,-0.0235262356823611,"max_iter reached without violation",0,10050,0.606747248650074,0.221471436660922,0.492059278548432,0.404914257041606,0.210596577940246,-0.0108748587206758,"max_iter reached without violation"
174,10050,"reverse",0.658436048880359,0.195379732720642,0.4797378990355,0.385261193829079,0.182915242660785,-0.0124644900598566,"max_iter reached without violation in either orientation",0,0.62448275862069,0,10050,0.182963872355254,0.677123536054099,0.374975873583434,0.47377594070305,0.658345243630638,-0.0187782924234606,"max_iter reached without violation",0,10050,0.658436048880359,0.195379732720642,0.4797378990355,0.385261193829079,0.182915242660785,-0.0124644900598566,"max_iter reached without violation"
175,10050,"reverse",0.63843725473198,0.205827905673463,0.485213716504788,0.39343671121483,0.193625364070836,-0.0122025416026269,"max_iter reached without violation in either orientation",0,0.62448275862069,0,10050,0.222186369551165,0.606549554609243,0.405417925069885,0.492095132937621,0.585105864040571,-0.0214436905686715,"max_iter reached without violation",0,10050,0.63843725473198,0.205827905673463,0.485213716504788,0.39343671121483,0.193625364070836,-0.0122025416026269,"max_iter reached without violation"
176,10050,"reverse",0.592604505301576,0.231678541951576,0.49441447403654,0.411939349146886,0.218170559511824,-0.0135079824397523,"max_iter reached without violation in either orientation",0,0.62448275862069,0,10050,0.155371268200456,0.755842638773154,0.349651245762865,0.438743071495243,0.709868358017714,-0.0459742807554395,"max_iter reached without violation",0,10050,0.592604505301576,0.231678541951576,0.49441447403654,0.411939349146886,0.218170559511824,-0.0135079824397523,"max_iter reached without violation"
177,10050,"reverse",0.677025260238398,0.184915081384283,0.473809490493125,0.376634988426549,0.172960006905842,-0.0119550744784407,"max_iter reached without violation in either orientation",0,0.62448275862069,0,10050,0.182758446027671,0.6825273903028,0.374800247946484,0.471894719845595,0.658728832077557,-0.0237985582252426,"max_iter reached without violation",0,10050,0.677025260238398,0.184915081384283,0.473809490493125,0.376634988426549,0.172960006905842,-0.0119550744784407,"max_iter reached without violation"
178,10050,"reverse",0.60645070644961,0.22698492182557,0.492113028974345,0.408752888416724,0.210755387663803,-0.0162295341617667,"max_iter reached without violation in either orientation",0,0.62448275862069,0,10050,0.209818656301609,0.626797264368721,0.396449440792862,0.48798438416524,0.608199846068819,-0.0185974182999018,"max_iter reached without violation",0,10050,0.60645070644961,0.22698492182557,0.492113028974345,0.408752888416724,0.210755387663803,-0.0162295341617667,"max_iter reached without violation"
179,10050,"reverse",0.637549845003999,0.210841567839997,0.485435599839,0.397212148172953,0.194100606020756,-0.0167409618192402,"max_iter reached without violation in either orientation",0,0.62448275862069,0,10050,0.229230042491721,0.590130419274028,0.410286306251739,0.494783050510622,0.571953355325358,-0.0181770639486697,"max_iter reached without violation",0,10050,0.637549845003999,0.210841567839997,0.485435599839,0.397212148172953,0.194100606020756,-0.0167409618192402,"max_iter reached without violation"
180,10050,"reverse",0.629264275485752,0.209920953977377,0.487422307073685,0.396525889907327,0.198537846328019,-0.0113831076493583,"max_iter reached without violation in either orientation",0,0.62448275862069,0,10050,0.182758446027671,0.682822071347376,0.374800247946484,0.471790066328731,0.658728832077557,-0.0240932392698189,"max_iter reached without violation",0,10050,0.629264275485752,0.209920953977377,0.487422307073685,0.396525889907327,0.198537846328019,-0.0113831076493583,"max_iter reached without violation"
181,10050,"reverse",0.624033634117976,0.210841567839997,0.488598107538629,0.397212148172953,0.201339055425212,-0.009502512414785,"max_iter reached without violation in either orientation",0,0.62448275862069,0,10050,0.177826128859688,0.69823276041465,0.37052819900617,0.466013651673904,0.667938848653507,-0.0302939117611429,"max_iter reached without violation",0,10050,0.624033634117976,0.210841567839997,0.488598107538629,0.397212148172953,0.201339055425212,-0.009502512414785,"max_iter reached without violation"
182,10050,"reverse",0.623046475779533,0.213193717716536,0.488813259348383,0.398951423808026,0.201867716582341,-0.0113260011341957,"max_iter reached without violation in either orientation",0,0.62448275862069,0,10050,0.189328729791187,0.66404545117946,0.380328406498494,0.478035632965259,0.646460273444815,-0.0175851777346447,"max_iter reached without violation",0,10050,0.623046475779533,0.213193717716536,0.488813259348383,0.398951423808026,0.201867716582341,-0.0113260011341957,"max_iter reached without violation"
183,10050,"reverse",0.654596500632246,0.198044514897824,0.480860593337606,0.387386787405508,0.184971468030772,-0.0130730468670517,"max_iter reached without violation in either orientation",0,0.62448275862069,0,10050,0.182142125752894,0.697938492573797,0.374272241688113,0.466129606418591,0.659879674522085,-0.0380588180517117,"max_iter reached without violation",0,10050,0.654596500632246,0.198044514897824,0.480860593337606,0.387386787405508,0.184971468030772,-0.0130730468670517,"max_iter reached without violation"
184,10050,"reverse",0.587457881898667,0.231678541951576,0.495166768833697,0.411939349146886,0.220926773765944,-0.0107517681856326,"max_iter reached without violation in either orientation",0,0.62448275862069,0,10050,0.205930260625672,0.630448267432613,0.393514726854636,0.487147767827498,0.615460569053484,-0.0149876983791293,"max_iter reached without violation",0,10050,0.587457881898667,0.231678541951576,0.495166768833697,0.411939349146886,0.220926773765944,-0.0107517681856326,"max_iter reached without violation"
185,10050,"reverse",0.670930505090109,0.182450293641627,0.47584432443136,0.37453645681856,0.176223982079465,-0.00622631156216147,"max_iter reached without violation in either orientation",0,0.62448275862069,0,10050,0.230046292390552,0.585873899546494,0.410839601895534,0.495387142125882,0.57042918831778,-0.0154447112287147,"max_iter reached without violation",0,10050,0.670930505090109,0.182450293641627,0.47584432443136,0.37453645681856,0.176223982079465,-0.00622631156216147,"max_iter reached without violation"
186,10050,"reverse",0.633802298470112,0.21053470957877,0.486353146066258,0.396983751690743,0.196107560943636,-0.0144271486351338,"max_iter reached without violation in either orientation",0,0.62448275862069,0,10050,0.198044514897824,0.667390130666481,0.387386787405508,0.476985243899587,0.630185463336167,-0.037204667330314,"max_iter reached without violation",0,10050,0.633802298470112,0.21053470957877,0.486353146066258,0.396983751690743,0.196107560943636,-0.0144271486351338,"max_iter reached without violation"
187,10050,"reverse",0.633210476592282,0.214113918409776,0.486495177248656,0.399626381785146,0.196424504261201,-0.0176894141485751,"max_iter reached without violation in either orientation",0,0.62448275862069,0,10050,0.198454387548418,0.647603381228197,0.387711235302962,0.48281770146526,0.629420116385143,-0.018183264843055,"max_iter reached without violation",0,10050,0.633210476592282,0.214113918409776,0.486495177248656,0.399626381785146,0.196424504261201,-0.0176894141485751,"max_iter reached without violation"
188,10050,"forward",0.233412444021108,0.580229415372017,0.413097900022614,0.496129909905445,0.564143641127946,-0.0160857742440715,"max_iter reached without violation in either orientation",0,0.62448275862069,0,10050,0.233412444021108,0.580229415372017,0.413097900022614,0.496129909905445,0.564143641127946,-0.0160857742440715,"max_iter reached without violation",0,10050,0.647504857527483,0.205009012484942,0.482844471536615,0.392811120919963,0.188769314945203,-0.0162396975397389,"max_iter reached without violation"
189,10050,"forward",0.229740208484555,0.575573379890446,0.410632384227501,0.496692817400809,0.571000732634954,-0.00457264725549211,"max_iter reached without violation in either orientation",0,0.62448275862069,0,10050,0.229740208484555,0.575573379890446,0.410632384227501,0.496692817400809,0.571000732634954,-0.00457264725549211,"max_iter reached without violation",0,10050,0.650657216459762,0.203268546596794,0.48197690308309,0.391473047921349,0.187081105814079,-0.0161874407827155,"max_iter reached without violation"
190,10050,"reverse",0.607636834223185,0.223616035934232,0.491896905136674,0.406419807555886,0.210120170741794,-0.013495865192438,"max_iter reached without violation in either orientation",0,0.62448275862069,0,10050,0.185120436096283,0.681839771065179,0.37680865535892,0.472138087223006,0.65431833556177,-0.0275214355034096,"max_iter reached without violation",0,10050,0.607636834223185,0.223616035934232,0.491896905136674,0.406419807555886,0.210120170741794,-0.013495865192438,"max_iter reached without violation"
191,10050,"reverse",0.665717911027331,0.194354532587501,0.477513723317493,0.384435892795423,0.179015526152545,-0.0153390064349557,"max_iter reached without violation in either orientation",0,0.62448275862069,0,10050,0.208488654041972,0.64287333903103,0.395451979089307,0.484077924864024,0.610683332519533,-0.0321900065114967,"max_iter reached without violation",0,10050,0.665717911027331,0.194354532587501,0.477513723317493,0.384435892795423,0.179015526152545,-0.0153390064349557,"max_iter reached without violation"
192,10050,"reverse",0.678695833246405,0.190046940465757,0.473235975291075,0.380921722768938,0.172065350977722,-0.0179815894880355,"max_iter reached without violation in either orientation",0,0.62448275862069,0,10050,0.23218855184626,0.604374719810114,0.412281157798194,0.492484051595294,0.566428990352991,-0.0379457294571233,"max_iter reached without violation",0,10050,0.678695833246405,0.190046940465757,0.473235975291075,0.380921722768938,0.172065350977722,-0.0179815894880355,"max_iter reached without violation"
193,10050,"reverse",0.665816283545579,0.193226628425824,0.4774828183669,0.383523028794882,0.178962843895504,-0.0142637845303208,"max_iter reached without violation in either orientation",0,0.62448275862069,0,10050,0.207056067275179,0.635281729209826,0.39437022335928,0.485994677912967,0.613358372955759,-0.0219233562540671,"max_iter reached without violation",0,10050,0.665816283545579,0.193226628425824,0.4774828183669,0.383523028794882,0.178962843895504,-0.0142637845303208,"max_iter reached without violation"
194,9190,"reverse",0.622368663413462,0.202185131160282,0.489105099059278,0.390214332413804,0.20223071110491,4.55799446277549e-05,"violation in reverse orientation",1,0.62448275862069,0,10050,0.187584167528781,0.680857384794528,0.378878296613126,0.472483756310969,0.649717859444928,-0.0311395253496,"max_iter reached without violation",1,9190,0.622368663413462,0.202185131160282,0.489105099059278,0.390214332413804,0.20223071110491,4.55799446277549e-05,"violation"
195,10050,"reverse",0.633407753696697,0.209409451066225,0.486447919541524,0.396143246872607,0.196318854804337,-0.0130905962618872,"max_iter reached without violation in either orientation",0,0.62448275862069,0,10050,0.177003681303307,0.685473851100557,0.369805395838564,0.470838621714308,0.66947458842229,-0.0159992626782671,"max_iter reached without violation",0,10050,0.633407753696697,0.209409451066225,0.486447919541524,0.396143246872607,0.196318854804337,-0.0130905962618872,"max_iter reached without violation"
196,10050,"reverse",0.616825600538568,0.212477926282846,0.490120094958866,0.398424274396224,0.205199233903494,-0.00727869237935161,"max_iter reached without violation in either orientation",0,0.62448275862069,0,10050,0.200708244677691,0.645041504073741,0.389483597645435,0.483506586657416,0.625211534330611,-0.0198299697431298,"max_iter reached without violation",0,10050,0.616825600538568,0.212477926282846,0.490120094958866,0.398424274396224,0.205199233903494,-0.00727869237935161,"max_iter reached without violation"
197,10050,"reverse",0.605956454262591,0.219224068691379,0.492202197669825,0.403319374882352,0.211020078669215,-0.00820399002216468,"max_iter reached without violation in either orientation",0,0.62448275862069,0,10050,0.171140386778583,0.707351041118377,0.364563644409964,0.462309041936432,0.680423000278875,-0.0269280408395026,"max_iter reached without violation",0,10050,0.605956454262591,0.219224068691379,0.492202197669825,0.403319374882352,0.211020078669215,-0.00820399002216468,"max_iter reached without violation"
198,8670,"reverse",0.631282277341764,0.197364221389414,0.487215976995122,0.386135139582972,0.197457128924598,9.29075351835673e-05,"violation in reverse orientation",1,0.62448275862069,0,10050,0.221777844635658,0.61593665446525,0.405130338072773,0.490299958854002,0.585868694392994,-0.0300679600722563,"max_iter reached without violation",1,8670,0.631282277341764,0.197364221389414,0.487215976995122,0.386135139582972,0.197457128924598,9.29075351835673e-05,"violation"
199,10050,"reverse",0.636169302530506,0.206851388470504,0.485777268881028,0.39421504266563,0.194839939472221,-0.0120114489982831,"max_iter reached without violation in either orientation",0,0.62448275862069,0,10050,0.197327177787502,0.659321921749405,0.38681736334136,0.479473982215194,0.631524932484561,-0.0277969892648442,"max_iter reached without violation",0,10050,0.636169302530506,0.206851388470504,0.485777268881028,0.39421504266563,0.194839939472221,-0.0120114489982831,"max_iter reached without violation"
200,10050,"reverse",0.631336187426223,0.200093630318906,0.486939840389153,0.389002248627042,0.197428258006407,-0.00266537231249964,"max_iter reached without violation in either orientation",0,0.62448275862069,0,10050,0.220449988026805,0.618800813241964,0.404191560468574,0.489714297894232,0.588348174313183,-0.0304526389287803,"max_iter reached without violation",0,10050,0.631336187426223,0.200093630318906,0.486939840389153,0.389002248627042,0.197428258006407,-0.00266537231249964,"max_iter reached without violation"
201,10050,"reverse",0.588249801531881,0.230250341801498,0.495054625471711,0.410977568509252,0.220502670424722,-0.00974767137677593,"max_iter reached without violation in either orientation",0,0.62448275862069,0,10050,0.216771632800167,0.613269443353379,0.401558669579832,0.490829351849816,0.595216692994317,-0.0180527503590626,"max_iter reached without violation",0,10050,0.588249801531881,0.230250341801498,0.495054625471711,0.410977568509252,0.220502670424722,-0.00974767137677593,"max_iter reached without violation"
202,10050,"reverse",0.646519576325524,0.200913103866767,0.483110963510745,0.389643711898732,0.189296970823739,-0.0116161330430287,"max_iter reached without violation in either orientation",0,0.62448275862069,0,10050,0.236165527156632,0.597650188422913,0.414917128901477,0.493622855204375,0.559002864399771,-0.0386473240231423,"max_iter reached without violation",0,10050,0.646519576325524,0.200913103866767,0.483110963510745,0.389643711898732,0.189296970823739,-0.0116161330430287,"max_iter reached without violation"
203,10050,"forward",0.213193717716536,0.609020511561437,0.398951423808026,0.491640975449939,0.601897661817953,-0.00712284974348365,"max_iter reached without violation in either orientation",0,0.62448275862069,0,10050,0.213193717716536,0.609020511561437,0.398951423808026,0.491640975449939,0.601897661817953,-0.00712284974348365,"max_iter reached without violation",0,10050,0.597155599980806,0.230352364551028,0.493702827236934,0.411046498320554,0.215733273733414,-0.0146190908176134,"max_iter reached without violation"
204,10050,"reverse",0.594781313902669,0.23382036694452,0.494079539368905,0.4133690223815,0.217004795004665,-0.016815571939855,"max_iter reached without violation in either orientation",0,0.62448275862069,0,10050,0.194252003830428,0.668570375942534,0.384353123547994,0.476608232245709,0.637267142921155,-0.0313032330213782,"max_iter reached without violation",0,10050,0.594781313902669,0.23382036694452,0.494079539368905,0.4133690223815,0.217004795004665,-0.016815571939855,"max_iter reached without violation"
205,10050,"reverse",0.658042306287524,0.196199778828057,0.479854612355437,0.385918316751456,0.183126106923014,-0.0130736719050432,"max_iter reached without violation in either orientation",0,0.62448275862069,0,10050,0.15733209341947,0.727911243958345,0.351573365868814,0.453137966280404,0.706206948551411,-0.0217042954069334,"max_iter reached without violation",0,10050,0.658042306287524,0.196199778828057,0.479854612355437,0.385918316751456,0.183126106923014,-0.0130736719050432,"max_iter reached without violation"
206,10050,"reverse",0.639718955472341,0.209818656301609,0.48489011926589,0.396449440792862,0.192938964158983,-0.0168796921426259,"max_iter reached without violation in either orientation",0,0.62448275862069,0,10050,0.222492748975016,0.608724021832386,0.405633225227032,0.491696160982454,0.584533767908856,-0.0241902539235299,"max_iter reached without violation",0,10050,0.639718955472341,0.209818656301609,0.48489011926589,0.396449440792862,0.192938964158983,-0.0168796921426259,"max_iter reached without violation"
207,10050,"reverse",0.648194506542206,0.205725549235243,0.482656619083639,0.393358654932256,0.188399981443233,-0.0173255677920106,"max_iter reached without violation in either orientation",0,0.62448275862069,0,10050,0.196199778828057,0.656368754180044,0.385918316751456,0.480346648422704,0.633630101870584,-0.0227386523094599,"max_iter reached without violation",0,10050,0.648194506542206,0.205725549235243,0.482656619083639,0.393358654932256,0.188399981443233,-0.0173255677920106,"max_iter reached without violation"
208,50,"forward",0.894790769027509,0.0275269587093167,0.448998886412873,0.0707106781186548,0.0563382235748777,0.0288112648655611,"violation in forward orientation",1,0.62448275862069,1,50,0.894790769027509,0.0275269587093167,0.448998886412873,0.0707106781186548,0.0563382235748777,0.0288112648655611,"violation at burn-in",0,10050,0.633013196343951,0.208181695389887,0.48654234896889,0.395220836891378,0.196530155401752,-0.0116515399881344,"max_iter reached without violation"
209,10050,"reverse",0.596364219370338,0.231780546517201,0.493829713009308,0.412007781623736,0.216157088407278,-0.0156234581099228,"max_iter reached without violation in either orientation",0,0.62448275862069,0,10050,0.211864334973598,0.628573561534643,0.397970906045109,0.487581033243311,0.604379991457604,-0.0241935700770383,"max_iter reached without violation",0,10050,0.596364219370338,0.231780546517201,0.493829713009308,0.412007781623736,0.216157088407278,-0.0156234581099228,"max_iter reached without violation"
210,10050,"reverse",0.5768613829444,0.237898475252513,0.496541590055341,0.416049588353134,0.226601605432275,-0.0112968698202373,"max_iter reached without violation in either orientation",0,0.62448275862069,0,10050,0.21053470957877,0.626994643192774,0.396983751690743,0.487939908516318,0.606862774196246,-0.0201318689965277,"max_iter reached without violation",0,10050,0.5768613829444,0.237898475252513,0.496541590055341,0.416049588353134,0.226601605432275,-0.0112968698202373,"max_iter reached without violation"
211,10050,"forward",0.207874723544007,0.622059239956007,0.394989333839766,0.489026291921245,0.611829712581918,-0.0102295273740887,"max_iter reached without violation in either orientation",0,0.62448275862069,0,10050,0.207874723544007,0.622059239956007,0.394989333839766,0.489026291921245,0.611829712581918,-0.0102295273740887,"max_iter reached without violation",0,10050,0.632224043929729,0.216567226949441,0.486730176480171,0.401410954246708,0.196952776791054,-0.0196144501583873,"max_iter reached without violation"
212,10050,"reverse",0.548397352955372,0.252766783350767,0.499090194753857,0.425374519214527,0.241845185357144,-0.0109215979936229,"max_iter reached without violation in either orientation",0,0.62448275862069,0,10050,0.189841745618995,0.663159934281667,0.380752428191825,0.478309285690652,0.645502329314923,-0.0176576049667446,"max_iter reached without violation",0,10050,0.548397352955372,0.252766783350767,0.499090194753857,0.425374519214527,0.241845185357144,-0.0109215979936229,"max_iter reached without violation"
213,10050,"reverse",0.694897255060042,0.17371273899104,0.467314955614409,0.366882673300228,0.163388868118201,-0.0103238708728392,"max_iter reached without violation in either orientation",0,0.62448275862069,0,10050,0.197019724162909,0.655384201483223,0.386572683518356,0.48063306519921,0.632099034449702,-0.0232851670335207,"max_iter reached without violation",0,10050,0.694897255060042,0.17371273899104,0.467314955614409,0.366882673300228,0.163388868118201,-0.0103238708728392,"max_iter reached without violation"
214,10050,"reverse",0.618998317572225,0.218917557870672,0.489673254872282,0.403100480987473,0.204035660587648,-0.0148818972830235,"max_iter reached without violation in either orientation",0,0.62448275862069,0,10050,0.201937308172552,0.643267579618145,0.390441776798764,0.483974831815402,0.622916528803787,-0.0203510508143571,"max_iter reached without violation",0,10050,0.618998317572225,0.218917557870672,0.489673254872282,0.403100480987473,0.204035660587648,-0.0148818972830235,"max_iter reached without violation"
215,10050,"reverse",0.597946932459715,0.225862121427591,0.493574625054069,0.407979613662532,0.215309484835846,-0.0105526365917447,"max_iter reached without violation in either orientation",0,0.62448275862069,0,10050,0.168463901739048,0.718517458998406,0.362117974546167,0.457471719615718,0.685420746924085,-0.0330967120743204,"max_iter reached without violation",0,10050,0.597946932459715,0.225862121427591,0.493574625054069,0.407979613662532,0.215309484835846,-0.0105526365917447,"max_iter reached without violation"
216,10050,"reverse",0.632026747975496,0.206544359182111,0.486776918639926,0.393981968546548,0.197058436342719,-0.00948592283939173,"max_iter reached without violation in either orientation",0,0.62448275862069,0,10050,0.192406212645516,0.658632915259407,0.382855795224044,0.479679407884224,0.640713751650848,-0.0179191636085588,"max_iter reached without violation",0,10050,0.632026747975496,0.206544359182111,0.486776918639926,0.393981968546548,0.197058436342719,-0.00948592283939173,"max_iter reached without violation"
217,10050,"reverse",0.592010767297514,0.222901235893428,0.494504098674972,0.405919772993844,0.218488528988488,-0.00441270690494033,"max_iter reached without violation in either orientation",0,0.62448275862069,0,10050,0.186865678901486,0.666603233750109,0.378277378264365,0.477234759855624,0.651059478797789,-0.0155437549523193,"max_iter reached without violation",0,10050,0.592010767297514,0.222901235893428,0.494504098674972,0.405919772993844,0.218488528988488,-0.00441270690494033,"max_iter reached without violation"
218,10050,"reverse",0.558222769919409,0.245030349049272,0.498397431775084,0.420608867018256,0.236583297674894,-0.0084470513743781,"max_iter reached without violation in either orientation",0,0.62448275862069,0,10050,0.186147108349805,0.675747597275665,0.377674219262642,0.4742435219859,0.652401251126408,-0.0233463461492571,"max_iter reached without violation",0,10050,0.558222769919409,0.245030349049272,0.498397431775084,0.420608867018256,0.236583297674894,-0.0084470513743781,"max_iter reached without violation"
219,10050,"reverse",0.623243913649288,0.211762064734876,0.488770398614541,0.397895207340891,0.20176198102947,-0.0100000837054054,"max_iter reached without violation in either orientation",0,0.62448275862069,0,10050,0.177003681303307,0.700782743928462,0.369805395838564,0.464999472359189,0.66947458842229,-0.0313081555061725,"max_iter reached without violation",0,10050,0.623243913649288,0.211762064734876,0.488770398614541,0.397895207340891,0.20176198102947,-0.0100000837054054,"max_iter reached without violation"
220,10050,"reverse",0.716559315761081,0.15908587832861,0.45834437095602,0.35327571750812,0.15178800366714,-0.00729787466146939,"max_iter reached without violation in either orientation",0,0.62448275862069,0,10050,0.217180427735934,0.608131021821471,0.401853641700294,0.491805969922775,0.594453358438499,-0.0136776633829716,"max_iter reached without violation",0,10050,0.716559315761081,0.15908587832861,0.45834437095602,0.35327571750812,0.15178800366714,-0.00729787466146939,"max_iter reached without violation"
221,10050,"reverse",0.573591593046068,0.235655766991578,0.496918810023184,0.41458215041961,0.228352703350313,-0.00730306364126498,"max_iter reached without violation in either orientation",0,0.62448275862069,0,10050,0.222084240361273,0.607933349063936,0.405346084087355,0.491842406415606,0.585296567821322,-0.0226367812426143,"max_iter reached without violation",0,10050,0.573591593046068,0.235655766991578,0.496918810023184,0.41458215041961,0.228352703350313,-0.00730306364126498,"max_iter reached without violation"
222,50,"forward",0.524410079701748,0.216786995012799,0.47370877129308,0.3,0.254691290324088,0.0379042953112882,"violation in forward orientation",1,0.62448275862069,1,50,0.524410079701748,0.216786995012799,0.47370877129308,0.3,0.254691290324088,0.0379042953112882,"violation at burn-in",0,10050,0.594286616537735,0.226882855701532,0.494156532334192,0.408682772301488,0.217269724419928,-0.00961313128160396,"max_iter reached without violation"
223,180,"reverse",0.0875296626215913,0.825787537335969,0.206080411011016,0.442216638714053,0.836547622679835,0.0107600853438655,"violation in reverse orientation",1,0.62448275862069,0,10050,0.234534182756653,0.583893653647081,0.413842138036921,0.495655279988303,0.562049040964087,-0.0218446126829932,"max_iter reached without violation",1,180,0.0875296626215913,0.825787537335969,0.206080411011016,0.442216638714053,0.836547622679835,0.0107600853438655,"violation"
224,10050,"reverse",0.658337614461268,0.197942042845805,0.479767110982171,0.387305569055865,0.182967958068103,-0.0149740847777016,"max_iter reached without violation in either orientation",0,0.62448275862069,0,10050,0.102400151486688,0.835204493104696,0.28880108068761,0.383189763939798,0.808780258117585,-0.0264242349871108,"max_iter reached without violation",0,10050,0.658337614461268,0.197942042845805,0.479767110982171,0.387305569055865,0.182967958068103,-0.0149740847777016,"max_iter reached without violation"
225,10050,"reverse",0.647898947505352,0.206442013127448,0.482737259286486,0.393904196256928,0.188558264644963,-0.0178837484824857,"max_iter reached without violation in either orientation",0,0.62448275862069,0,10050,0.119827170134486,0.808138103327589,0.310957611695516,0.404914257041606,0.776239136946893,-0.0318989663806962,"max_iter reached without violation",0,10050,0.647898947505352,0.206442013127448,0.482737259286486,0.393904196256928,0.188558264644963,-0.0178837484824857,"max_iter reached without violation"
226,10050,"forward",0.194457059751725,0.649967708512965,0.384518618478012,0.482168613780026,0.636884246126439,-0.0130834623865264,"max_iter reached without violation in either orientation",0,0.62448275862069,0,10050,0.194457059751725,0.649967708512965,0.384518618478012,0.482168613780026,0.636884246126439,-0.0130834623865264,"max_iter reached without violation",0,10050,0.643267579618145,0.204497155744552,0.483974831815402,0.392418800564851,0.191038539805484,-0.0134586159390684,"max_iter reached without violation"
227,10050,"forward",0.212171137078267,0.620775717711535,0.398197766631063,0.48930007055545,0.603807106062504,-0.0169686116490311,"max_iter reached without violation in either orientation",0,0.62448275862069,0,10050,0.212171137078267,0.620775717711535,0.398197766631063,0.48930007055545,0.603807106062504,-0.0169686116490311,"max_iter reached without violation",0,10050,0.621664323953486,0.221062873606498,0.489110912185266,0.404625626935347,0.202607911903831,-0.018454961702667,"max_iter reached without violation"
228,10050,"forward",0.215953975791757,0.608822852503484,0.400966889128111,0.491677786629823,0.596743487469291,-0.012079365034193,"max_iter reached without violation in either orientation",0,0.62448275862069,0,10050,0.215953975791757,0.608822852503484,0.400966889128111,0.491677786629823,0.596743487469291,-0.012079365034193,"max_iter reached without violation",0,10050,0.73172492311095,0.159189023589372,0.451307745580288,0.353375348289595,0.143666239186284,-0.0155227844030882,"max_iter reached without violation"
229,10050,"forward",0.203575719186842,0.627685444532287,0.391710041377455,0.487783572441938,0.619857156892796,-0.00782828763949117,"max_iter reached without violation in either orientation",0,0.62448275862069,0,10050,0.203575719186842,0.627685444532287,0.391710041377455,0.487783572441938,0.619857156892796,-0.00782828763949117,"max_iter reached without violation",0,10050,0.686750408754991,0.18368281049605,0.470374359756017,0.375589086241757,0.167751816823445,-0.0159309936726047,"max_iter reached without violation"
230,10050,"forward",0.208693285824897,0.626205109208637,0.39560587372605,0.488117299992549,0.610301227709862,-0.015903881498776,"max_iter reached without violation in either orientation",0,0.62448275862069,0,10050,0.208693285824897,0.626205109208637,0.39560587372605,0.488117299992549,0.610301227709862,-0.015903881498776,"max_iter reached without violation",0,10050,0.696074609739569,0.182963872355254,0.46685888540406,0.374975873583434,0.162758349524587,-0.0202055228306676,"max_iter reached without violation"
231,10050,"reverse",0.546510849969851,0.254292901460052,0.499200806799002,0.426292962595173,0.242855480071187,-0.0114374213888645,"max_iter reached without violation in either orientation",0,0.62448275862069,0,10050,0.145245108864167,0.75896253735279,0.339397209155489,0.436987704070236,0.728776731539053,-0.0301858058137365,"max_iter reached without violation",0,10050,0.546510849969851,0.254292901460052,0.499200806799002,0.426292962595173,0.242855480071187,-0.0114374213888645,"max_iter reached without violation"
232,10050,"reverse",0.602693914439723,0.215953975791757,0.492777709061356,0.400966889128111,0.212767293893733,-0.00318668189802493,"max_iter reached without violation in either orientation",0,0.62448275862069,0,10050,0.150517494741641,0.744719170333011,0.344805968857125,0.444755072014164,0.718931711506371,-0.0257874588266402,"max_iter reached without violation",0,10050,0.602693914439723,0.215953975791757,0.492777709061356,0.400966889128111,0.212767293893733,-0.00318668189802493,"max_iter reached without violation"
233,60,"forward",0.877052149224207,0.0622317713624085,0.450616861153192,0.12801909579781,0.065837934923999,0.00360616356159044,"violation in forward orientation",1,0.62448275862069,1,60,0.877052149224207,0.0622317713624085,0.450616861153192,0.12801909579781,0.065837934923999,0.00360616356159044,"violation",0,10050,0.648687088837543,0.204394779907253,0.482521778422296,0.392340213712485,0.188136184728873,-0.0162585951783803,"max_iter reached without violation"
234,100,"forward",0.853138664440465,0.077314866742729,0.443959457608462,0.17058722109232,0.0786445233348322,0.00132965659210316,"violation in forward orientation",1,0.62448275862069,1,100,0.853138664440465,0.077314866742729,0.443959457608462,0.17058722109232,0.0786445233348322,0.00132965659210316,"violation",0,10050,0.617023135657484,0.219428402340125,0.490079894014501,0.4034651154728,0.205093446269968,-0.014334956070157,"max_iter reached without violation"
235,10050,"reverse",0.627586760965086,0.212580186488155,0.487805970123883,0.398499698684003,0.199436219702442,-0.0131439667857132,"max_iter reached without violation in either orientation",0,0.62448275862069,0,10050,0.172272364259572,0.699213595058495,0.365587914738557,0.465625545194755,0.678309281511724,-0.0209043135467708,"max_iter reached without violation",0,10050,0.627586760965086,0.212580186488155,0.487805970123883,0.398499698684003,0.199436219702442,-0.0131439667857132,"max_iter reached without violation"
236,150,"forward",0.755694795128145,0.114168344935517,0.478005113873156,0.237486841740758,0.130829453248951,0.0166611083134346,"violation in forward orientation",1,0.62448275862069,1,150,0.755694795128145,0.114168344935517,0.478005113873156,0.237486841740758,0.130829453248951,0.0166611083134346,"violation",0,10050,0.609218167573163,0.213602710019972,0.491604080954963,0.399251793984853,0.209273306073736,-0.00432940394623538,"max_iter reached without violation"
237,10050,"reverse",0.613170647030811,0.216873833628664,0.490848665643542,0.401632469896578,0.20715660170906,-0.00971723191960461,"max_iter reached without violation in either orientation",0,0.62448275862069,0,10050,0.194149473479475,0.649770698974443,0.384270310707573,0.482223189482979,0.637458595781879,-0.0123121031925641,"max_iter reached without violation",0,10050,0.613170647030811,0.216873833628664,0.490848665643542,0.401632469896578,0.20715660170906,-0.00971723191960461,"max_iter reached without violation"
238,10050,"forward",0.190765070910286,0.651839137911255,0.381512844727166,0.481645735257487,0.64377822258209,-0.00806091532916531,"max_iter reached without violation in either orientation",0,0.62448275862069,0,10050,0.190765070910286,0.651839137911255,0.381512844727166,0.481645735257487,0.64377822258209,-0.00806091532916531,"max_iter reached without violation",0,10050,0.661388699632178,0.197019724162909,0.478851097735641,0.386572683518356,0.181333984921002,-0.0156857392419068,"max_iter reached without violation"
239,10050,"reverse",0.649869204147299,0.199376510266772,0.482195912669933,0.388438761159987,0.187503116635155,-0.011873393631617,"max_iter reached without violation in either orientation",0,0.62448275862069,0,10050,0.213807197636354,0.627389391491812,0.39940174562966,0.48785070151902,0.600752123111074,-0.0266372683807382,"max_iter reached without violation",0,10050,0.649869204147299,0.199376510266772,0.482195912669933,0.388438761159987,0.187503116635155,-0.011873393631617,"max_iter reached without violation"
240,10050,"reverse",0.645829831720798,0.200605812786047,0.483296201552616,0.389403477692355,0.189666355517822,-0.0109394572682248,"max_iter reached without violation in either orientation",0,0.62448275862069,0,10050,0.196712256439073,0.659814044614804,0.386327618077447,0.47932657602722,0.632673162742075,-0.027140881872729,"max_iter reached without violation",0,10050,0.645829831720798,0.200605812786047,0.483296201552616,0.389403477692355,0.189666355517822,-0.0109394572682248,"max_iter reached without violation"
241,10050,"reverse",0.658731347219064,0.198454387548418,0.479650128671417,0.387711235302962,0.182757099072914,-0.0156972884755037,"max_iter reached without violation in either orientation",0,0.62448275862069,0,10050,0.209511754556601,0.629560284030162,0.396219855018091,0.48735396101778,0.608772917520318,-0.0207873665098439,"max_iter reached without violation",0,10050,0.658731347219064,0.198454387548418,0.479650128671417,0.387711235302962,0.182757099072914,-0.0156972884755037,"max_iter reached without violation"
242,90,"reverse",0.382890080077361,0.316774321444153,0.436173031697567,0.4,0.330480678758307,0.0137063573141543,"violation in reverse orientation",1,0.62448275862069,0,10050,0.199991189217047,0.649672192994534,0.388921876772218,0.48225044422291,0.62655047756023,-0.0231217154343039,"max_iter reached without violation",1,90,0.382890080077361,0.316774321444153,0.436173031697567,0.4,0.330480678758307,0.0137063573141543,"violation"
243,10050,"reverse",0.692640301976055,0.179778986695462,0.468179336675402,0.372232409136715,0.164597553070251,-0.015181433625211,"max_iter reached without violation in either orientation",0,0.62448275862069,0,10050,0.194046941533614,0.672601970650863,0.384187454245971,0.475295220775892,0.637650051620746,-0.0349519190301173,"max_iter reached without violation",0,10050,0.692640301976055,0.179778986695462,0.468179336675402,0.372232409136715,0.164597553070251,-0.015181433625211,"max_iter reached without violation"
244,10050,"reverse",0.61060167430305,0.22371814482769,0.491343485085668,0.406491093425711,0.208532385149266,-0.0151857596784238,"max_iter reached without violation in either orientation",0,0.62448275862069,0,10050,0.226678719475286,0.596759915689689,0.408542431267048,0.493766434610757,0.576717389443947,-0.020042526245742,"max_iter reached without violation",0,10050,0.61060167430305,0.22371814482769,0.491343485085668,0.406491093425711,0.208532385149266,-0.0151857596784238,"max_iter reached without violation"
245,10050,"reverse",0.661782330442173,0.195687261852871,0.478731327126384,0.385507938805297,0.181123180522771,-0.0145640813300997,"max_iter reached without violation in either orientation",0,0.62448275862069,0,10050,0.227086986624461,0.606648402009425,0.408822968288855,0.492077216129739,0.575955040413408,-0.0306933615960169,"max_iter reached without violation",0,10050,0.661782330442173,0.195687261852871,0.478731327126384,0.385507938805297,0.181123180522771,-0.0145640813300997,"max_iter reached without violation"
246,10050,"reverse",0.626501190291868,0.21022783829874,0.488050937892017,0.396754999140947,0.20001758443989,-0.0102102538588506,"max_iter reached without violation in either orientation",0,0.62448275862069,0,10050,0.19773709406767,0.642479085678917,0.387143004518837,0.484180668786696,0.630759504064912,-0.0117195816140058,"max_iter reached without violation",0,10050,0.626501190291868,0.21022783829874,0.488050937892017,0.396754999140947,0.20001758443989,-0.0102102538588506,"max_iter reached without violation"
247,10050,"reverse",0.638733043718984,0.208590970664711,0.485139365497532,0.395528946408282,0.19346695772198,-0.0151240129427311,"max_iter reached without violation in either orientation",0,0.62448275862069,0,10050,0.224432869394566,0.6007162165544,0.40698906375648,0.49311553576277,0.58091102009787,-0.0198051964565297,"max_iter reached without violation",0,10050,0.638733043718984,0.208590970664711,0.485139365497532,0.395528946408282,0.19346695772198,-0.0151240129427311,"max_iter reached without violation"
248,10050,"reverse",0.586071907767446,0.234024320716225,0.495359880643562,0.413504373237416,0.221669016078477,-0.0123553046377478,"max_iter reached without violation in either orientation",0,0.62448275862069,0,10050,0.205418470995668,0.64385891654659,0.393124241985775,0.483819537142905,0.616416223528897,-0.0274426930176925,"max_iter reached without violation",0,10050,0.586071907767446,0.234024320716225,0.495359880643562,0.413504373237416,0.221669016078477,-0.0123553046377478,"max_iter reached without violation"
249,10050,"reverse",0.711270457093827,0.167228167979009,0.460649331905491,0.360977361929181,0.154620390361389,-0.0126077776176202,"max_iter reached without violation in either orientation",0,0.62448275862069,0,10050,0.221267157863012,0.611194559996165,0.404770016635582,0.491230549524174,0.586822289525058,-0.0243722704711063,"max_iter reached without violation",0,10050,0.711270457093827,0.167228167979009,0.460649331905491,0.360977361929181,0.154620390361389,-0.0126077776176202,"max_iter reached without violation"
250,10050,"reverse",0.606747248650074,0.218508857429399,0.492059278548432,0.402808093315655,0.210596577940246,-0.00791227948915282,"max_iter reached without violation in either orientation",0,0.62448275862069,0,10050,0.182142125752894,0.685768454349603,0.374272241688113,0.470731840469751,0.659879674522085,-0.0258887798275182,"max_iter reached without violation",0,10050,0.606747248650074,0.218508857429399,0.492059278548432,0.402808093315655,0.210596577940246,-0.00791227948915282,"max_iter reached without violation"
251,10050,"reverse",0.650657216459762,0.194457059751725,0.48197690308309,0.384518618478012,0.187081105814079,-0.0073759539376467,"max_iter reached without violation in either orientation",0,0.62448275862069,0,10050,0.219939212361173,0.615837878838964,0.403828807785398,0.490319838696338,0.589301935433332,-0.0265359434056315,"max_iter reached without violation",0,10050,0.650657216459762,0.194457059751725,0.48197690308309,0.384518618478012,0.187081105814079,-0.0073759539376467,"max_iter reached without violation"
252,50,"forward",0.894790769027509,0.0275269587093167,0.448998886412873,0.0707106781186548,0.0563382235748777,0.0288112648655611,"violation in forward orientation",1,0.62448275862069,1,50,0.894790769027509,0.0275269587093167,0.448998886412873,0.0707106781186548,0.0563382235748777,0.0288112648655611,"violation at burn-in",0,10050,0.633900932697085,0.21053470957877,0.486329398916403,0.396983751690743,0.196054738531533,-0.0144799710472364,"max_iter reached without violation"
253,10050,"reverse",0.602792791398053,0.220756436974054,0.492760600676404,0.404408762108497,0.212714341489677,-0.00804209548437726,"max_iter reached without violation in either orientation",0,0.62448275862069,0,10050,0.217282622981511,0.618998317572225,0.401927289322744,0.489673254872282,0.594262531313297,-0.0247357862589274,"max_iter reached without violation",0,10050,0.602792791398053,0.220756436974054,0.492760600676404,0.404408762108497,0.212714341489677,-0.00804209548437726,"max_iter reached without violation"
254,50,"forward",0.80895608070809,0.0745005976726398,0.485386443980464,0.14,0.102305991745007,0.0278053940723676,"violation in forward orientation",1,0.62448275862069,1,50,0.80895608070809,0.0745005976726398,0.485386443980464,0.14,0.102305991745007,0.0278053940723676,"violation at burn-in",0,10050,0.644942959513592,0.20173247950501,0.483532786217894,0.390282497317245,0.190141309604749,-0.011591169900261,"max_iter reached without violation"
255,10050,"reverse",0.626895954170203,0.207772396659416,0.487962156992493,0.39491208585653,0.1998061732401,-0.00796622341931669,"max_iter reached without violation in either orientation",0,0.62448275862069,0,10050,0.218202317561851,0.60417698935901,0.402588404982239,0.492518910154203,0.592545204133948,-0.011631785225062,"max_iter reached without violation",0,10050,0.626895954170203,0.207772396659416,0.487962156992493,0.39491208585653,0.1998061732401,-0.00796622341931669,"max_iter reached without violation"
256,10050,"reverse",0.652430054914226,0.19783956923608,0.481478955515546,0.387224308102584,0.18613168281653,-0.0117078864195504,"max_iter reached without violation in either orientation",0,0.62448275862069,0,10050,0.183888206002777,0.670045513230766,0.375763868920377,0.476132337093042,0.656619254014509,-0.0134262592162571,"max_iter reached without violation",0,10050,0.652430054914226,0.19783956923608,0.481478955515546,0.387224308102584,0.18613168281653,-0.0117078864195504,"max_iter reached without violation"
257,10050,"reverse",0.665914655232498,0.188610438510507,0.477451890679229,0.379732885630279,0.178910162083671,-0.00970027642683605,"max_iter reached without violation in either orientation",0,0.62448275862069,0,10050,0.200605812786047,0.663651896391407,0.389403477692355,0.478157482794132,0.62540280334025,-0.0382490930511562,"max_iter reached without violation",0,10050,0.665914655232498,0.188610438510507,0.477451890679229,0.379732885630279,0.178910162083671,-0.00970027642683605,"max_iter reached without violation"
258,10050,"forward",0.186249766316396,0.656073396938107,0.3777605224235,0.480432807768297,0.652209559971571,-0.00386383696653592,"max_iter reached without violation in either orientation",0,0.62448275862069,0,10050,0.186249766316396,0.656073396938107,0.3777605224235,0.480432807768297,0.652209559971571,-0.00386383696653592,"max_iter reached without violation",0,10050,0.633210476592282,0.200298507911341,0.486495177248656,0.389162866216919,0.196424504261201,-0.00387400365013993,"max_iter reached without violation"
259,10050,"reverse",0.615146427963752,0.218611034614865,0.490458409802752,0.402881246989436,0.206098495229516,-0.0125125393853493,"max_iter reached without violation in either orientation",0,0.62448275862069,0,10050,0.187789435000948,0.66955382173397,0.379049577513696,0.476291541322994,0.64933456762553,-0.0202192541084405,"max_iter reached without violation",0,10050,0.615146427963752,0.218611034614865,0.490458409802752,0.402881246989436,0.206098495229516,-0.0125125393853493,"max_iter reached without violation"
260,70,"forward",0.887098804496458,0.0534488391899587,0.43705881545081,0.118666055184544,0.0604575656411113,0.00700872645115261,"violation in forward orientation",1,0.62448275862069,1,70,0.887098804496458,0.0534488391899587,0.43705881545081,0.118666055184544,0.0604575656411113,0.00700872645115261,"violation",0,10050,0.651642159095761,0.200503379361739,0.481701151243105,0.389323315820513,0.186553631250602,-0.0139497481111372,"max_iter reached without violation"
261,10050,"forward",0.198351921717438,0.646716638991058,0.38763018710033,0.483057840845213,0.629611448769021,-0.0171051902220374,"max_iter reached without violation in either orientation",0,0.62448275862069,0,10050,0.198351921717438,0.646716638991058,0.38763018710033,0.483057840845213,0.629611448769021,-0.0171051902220374,"max_iter reached without violation",0,10050,0.632717270078613,0.217384816833277,0.486612945378496,0.402000898824094,0.196688635268422,-0.0206961815648544,"max_iter reached without violation"
262,10050,"reverse",0.614948863665735,0.222696995143264,0.490497812691194,0.405776573203418,0.20620429848957,-0.0164926966536932,"max_iter reached without violation in either orientation",0,0.62448275862069,0,10050,0.201937308172552,0.641986251050374,0.390441776798764,0.484308608070098,0.622916528803787,-0.0190697222465862,"max_iter reached without violation",0,10050,0.614948863665735,0.222696995143264,0.490497812691194,0.405776573203418,0.20620429848957,-0.0164926966536932,"max_iter reached without violation"
263,130,"reverse",0.108992882626137,0.770080345552313,0.225713857709557,0.475742956802038,0.796469783951556,0.026389438399243,"violation in reverse orientation",1,0.62448275862069,0,10050,0.218202317561851,0.617418196668266,0.402588404982239,0.489999239763631,0.592545204133948,-0.0248729925343174,"max_iter reached without violation",1,130,0.108992882626137,0.770080345552313,0.225713857709557,0.475742956802038,0.796469783951556,0.026389438399243,"violation"
264,10050,"reverse",0.666996688874528,0.192918984568896,0.477110184200801,0.383273146068719,0.178330691562102,-0.0145882930067942,"max_iter reached without violation in either orientation",0,0.62448275862069,0,10050,0.24034437262102,0.568041021601731,0.41763146338243,0.497508696503346,0.551199790370959,-0.0168412312307714,"max_iter reached without violation",0,10050,0.666996688874528,0.192918984568896,0.477110184200801,0.383273146068719,0.178330691562102,-0.0145882930067942,"max_iter reached without violation"
265,10050,"reverse",0.683116744635865,0.180806551621717,0.471685200680891,0.373122387868651,0.169697783344749,-0.0111087682769681,"max_iter reached without violation in either orientation",0,0.62448275862069,0,10050,0.235655766991578,0.579238906431123,0.41458215041961,0.49625342187865,0.559954729296129,-0.0192841771349938,"max_iter reached without violation",0,10050,0.683116744635865,0.180806551621717,0.471685200680891,0.373122387868651,0.169697783344749,-0.0111087682769681,"max_iter reached without violation"
266,10050,"forward",0.174741357950128,0.679285388375535,0.367801480100529,0.473031947950231,0.673698979286322,-0.00558640908921271,"max_iter reached without violation in either orientation",0,0.62448275862069,0,10050,0.174741357950128,0.679285388375535,0.367801480100529,0.473031947950231,0.673698979286322,-0.00558640908921271,"max_iter reached without violation",0,10050,0.647800426217266,0.198966693430444,0.482764095343859,0.388115839797037,0.188611026573959,-0.0103556668564847,"max_iter reached without violation"
267,6780,"reverse",0.572442066867963,0.227562588012957,0.497388871219079,0.407329238177644,0.228968318713929,0.00140573070097258,"violation in reverse orientation",1,0.62448275862069,0,10050,0.224637064321055,0.606055306218234,0.407131010257605,0.492184405454953,0.580529731021431,-0.0255255751968028,"max_iter reached without violation",1,6780,0.572442066867963,0.227562588012957,0.497388871219079,0.407329238177644,0.228968318713929,0.00140573070097258,"violation"
268,70,"forward",0.788036585503097,0.109699356023279,0.483186700722508,0.202534955410826,0.1135091838885,0.00380982786522058,"violation in forward orientation",1,0.62448275862069,1,70,0.788036585503097,0.109699356023279,0.483186700722508,0.202534955410826,0.1135091838885,0.00380982786522058,"violation",0,10050,0.609020511561437,0.222594872736759,0.491640975449939,0.405704917748283,0.20937915845,-0.0132157142867591,"max_iter reached without violation"
269,10050,"reverse",0.656171850168391,0.189328729791187,0.480404110312576,0.380328406498494,0.184127807924558,-0.00520092186662882,"max_iter reached without violation in either orientation",0,0.62448275862069,0,10050,0.179778986695462,0.688124998786089,0.372232409136715,0.469869889887546,0.664292316521571,-0.0238326822645182,"max_iter reached without violation",0,10050,0.656171850168391,0.189328729791187,0.480404110312576,0.380328406498494,0.184127807924558,-0.00520092186662882,"max_iter reached without violation"
270,10050,"reverse",0.573393398128993,0.235145975075685,0.496940965318625,0.41424630354416,0.228458844331063,-0.0066871307446221,"max_iter reached without violation in either orientation",0,0.62448275862069,0,10050,0.202961360430376,0.646519576325524,0.391235683148052,0.483110963510745,0.621004336633661,-0.0255152396918633,"max_iter reached without violation",0,10050,0.573393398128993,0.235145975075685,0.496940965318625,0.41424630354416,0.228458844331063,-0.0066871307446221,"max_iter reached without violation"
271,10050,"reverse",0.667390130666481,0.191380547717098,0.476985243899587,0.382017781920324,0.178119988390284,-0.0132605593268135,"max_iter reached without violation in either orientation",0,0.62448275862069,0,10050,0.195584753723074,0.654202630667733,0.385425733719176,0.480973823009461,0.634778525870624,-0.0194241047971095,"max_iter reached without violation",0,10050,0.667390130666481,0.191380547717098,0.476985243899587,0.382017781920324,0.178119988390284,-0.0132605593268135,"max_iter reached without violation"
272,60,"forward",0.848900834988849,0.0622317713624085,0.465176191231762,0.12801909579781,0.0809140435671593,0.0186822722047508,"violation in forward orientation",1,0.62448275862069,1,60,0.848900834988849,0.0622317713624085,0.465176191231762,0.12801909579781,0.0809140435671593,0.0186822722047508,"violation",0,10050,0.616924368482407,0.222186369551165,0.490100004999614,0.405417925069885,0.20514633988088,-0.0170400296702848,"max_iter reached without violation"
273,10050,"reverse",0.646815169119576,0.194867152500663,0.483031246575917,0.384849086121607,0.189138669543734,-0.00572848295692835,"max_iter reached without violation in either orientation",0,0.62448275862069,0,10050,0.201937308172552,0.654498034361659,0.390441776798764,0.480888934137671,0.622916528803787,-0.0315815055578713,"max_iter reached without violation",0,10050,0.646815169119576,0.194867152500663,0.483031246575917,0.384849086121607,0.189138669543734,-0.00572848295692835,"max_iter reached without violation"
274,10050,"reverse",0.601902871552924,0.2251475281812,0.492913831662715,0.40748523498074,0.213190927703617,-0.0119566004775835,"max_iter reached without violation in either orientation",0,0.62448275862069,0,10050,0.185941787375643,0.680464406251805,0.377501475068796,0.472621366597461,0.652784642849003,-0.0276797634028018,"max_iter reached without violation",0,10050,0.601902871552924,0.2251475281812,0.492913831662715,0.40748523498074,0.213190927703617,-0.0119566004775835,"max_iter reached without violation"
275,10050,"reverse",0.604374719810114,0.224637064321055,0.492484051595294,0.407131010257605,0.211867158143047,-0.0127699061780076,"max_iter reached without violation in either orientation",0,0.62448275862069,0,10050,0.198761775728323,0.652823983368713,0.387954125196968,0.481367325559478,0.628846136623549,-0.0239778467451633,"max_iter reached without violation",0,10050,0.604374719810114,0.224637064321055,0.492484051595294,0.407131010257605,0.211867158143047,-0.0127699061780076,"max_iter reached without violation"
276,10050,"reverse",0.660896642575805,0.199991189217047,0.47900030381739,0.388921876772218,0.181597500349749,-0.0183936888672988,"max_iter reached without violation in either orientation",0,0.62448275862069,0,10050,0.195482244012669,0.662175948054688,0.385343485402999,0.478611195562649,0.63496994018967,-0.0272060078650176,"max_iter reached without violation",0,10050,0.660896642575805,0.199991189217047,0.47900030381739,0.388921876772218,0.181597500349749,-0.0183936888672988,"max_iter reached without violation"
277,10050,"reverse",0.689892077497356,0.176386770514319,0.469214411866115,0.369261238865055,0.16606933269909,-0.0103174378152292,"max_iter reached without violation in either orientation",0,0.62448275862069,0,10050,0.150000852450561,0.743449845299108,0.344282762463059,0.445417147999253,0.719896427258142,-0.0235534180409657,"max_iter reached without violation",0,10050,0.689892077497356,0.176386770514319,0.469214411866115,0.369261238865055,0.16606933269909,-0.0103174378152292,"max_iter reached without violation"
278,10050,"forward",0.168052021108142,0.700194340055093,0.361738607872089,0.465234986840383,0.686189843336333,-0.0140044967187601,"max_iter reached without violation in either orientation",0,0.62448275862069,0,10050,0.168052021108142,0.700194340055093,0.361738607872089,0.465234986840383,0.686189843336333,-0.0140044967187601,"max_iter reached without violation",0,10050,0.651543668473423,0.202449353249436,0.481728826016569,0.390839248205288,0.186606376756914,-0.0158429764925222,"max_iter reached without violation"
279,210,"forward",0.780313616019265,0.115140645848919,0.462297329498752,0.249443825784929,0.117645130296282,0.00250448444736284,"violation in forward orientation",1,0.62448275862069,1,210,0.780313616019265,0.115140645848919,0.462297329498752,0.249443825784929,0.117645130296282,0.00250448444736284,"violation",0,10050,0.698723188928441,0.180395546627267,0.465819904534795,0.372766970076282,0.161339933770792,-0.0190556128564749,"max_iter reached without violation"
280,10050,"reverse",0.639718955472341,0.207465407185686,0.48489011926589,0.394680100678684,0.192938964158983,-0.0145264430267028,"max_iter reached without violation in either orientation",0,0.62448275862069,0,10050,0.18368281049605,0.675157858290217,0.375589086241757,0.474442520809258,0.657002784910263,-0.0181550733799536,"max_iter reached without violation",0,10050,0.639718955472341,0.207465407185686,0.48489011926589,0.394680100678684,0.192938964158983,-0.0145264430267028,"max_iter reached without violation"
281,10050,"reverse",0.619887048893827,0.216362815501927,0.489487517462641,0.401263085839977,0.203559710873648,-0.012803104628279,"max_iter reached without violation in either orientation",0,0.62448275862069,0,10050,0.195994776768711,0.651445177041546,0.385754294959628,0.481756478648892,0.634012898089963,-0.0174322789515827,"max_iter reached without violation",0,10050,0.619887048893827,0.216362815501927,0.489487517462641,0.401263085839977,0.203559710873648,-0.012803104628279,"max_iter reached without violation"
282,270,"forward",0.77570336268808,0.119296963067846,0.459856242819815,0.261891400439462,0.120114097802109,0.000817134734263064,"violation in forward orientation",1,0.62448275862069,1,270,0.77570336268808,0.119296963067846,0.459856242819815,0.261891400439462,0.120114097802109,0.000817134734263064,"violation",0,10050,0.653513326921025,0.193841872853032,0.481171118631217,0.384021610346267,0.185551549103124,-0.00829032374990796,"max_iter reached without violation"
283,70,"forward",0.898661999464136,0.0534488391899587,0.428809457708675,0.118666055184544,0.0542650311776291,0.00081619198767046,"violation in forward orientation",1,0.62448275862069,1,70,0.898661999464136,0.0534488391899587,0.428809457708675,0.118666055184544,0.0542650311776291,0.00081619198767046,"violation",0,10050,0.66906210929759,0.191585693654939,0.476450172849934,0.38218573882591,0.177224579697073,-0.0143611139578657,"max_iter reached without violation"
284,10050,"forward",0.221165016417445,0.596957759339067,0.404697840457224,0.493734672053686,0.587013016190583,-0.00994474314848404,"max_iter reached without violation in either orientation",0,0.62448275862069,0,10050,0.221165016417445,0.596957759339067,0.404697840457224,0.493734672053686,0.587013016190583,-0.00994474314848404,"max_iter reached without violation",0,10050,0.585576881632144,0.235757721562191,0.49542788165498,0.414649215520044,0.221934121562882,-0.0138235999993085,"max_iter reached without violation"
285,10050,"reverse",0.64395746990526,0.201630062888207,0.483793578224258,0.390202795134985,0.190669077092892,-0.0109609857953154,"max_iter reached without violation in either orientation",0,0.62448275862069,0,10050,0.205213744722979,0.629954951143223,0.392967763029774,0.487262533563212,0.616798504777401,-0.013156446365822,"max_iter reached without violation",0,10050,0.64395746990526,0.201630062888207,0.483793578224258,0.390202795134985,0.190669077092892,-0.0109609857953154,"max_iter reached without violation"
286,70,"forward",0.838923452768526,0.0835536454472621,0.464230765979198,0.166598625567009,0.086257314473461,0.00270366902619887,"violation in forward orientation",1,0.62448275862069,1,70,0.838923452768526,0.0835536454472621,0.464230765979198,0.166598625567009,0.086257314473461,0.00270366902619887,"violation",0,10050,0.650066212071303,0.206646703756924,0.482141292809508,0.394059700361913,0.187397611334727,-0.0192490924221974,"max_iter reached without violation"
287,370,"reverse",0.433884439999695,0.301372622673117,0.480625353534528,0.42575932254087,0.303171242902132,0.00179862022901472,"violation in reverse orientation",1,0.62448275862069,0,10050,0.211659793059538,0.610898120584023,0.397819469344886,0.491287111237087,0.604761928456952,-0.00613619212707139,"max_iter reached without violation",1,370,0.433884439999695,0.301372622673117,0.480625353534528,0.42575932254087,0.303171242902132,0.00179862022901472,"violation"
288,10050,"reverse",0.687143166179674,0.18973914573687,0.470230701834429,0.380667713656009,0.167541480156552,-0.0221976655803183,"max_iter reached without violation in either orientation",0,0.62448275862069,0,10050,0.169184619523947,0.708037045146075,0.362779860927214,0.462021498153303,0.684074965110096,-0.0239620800359794,"max_iter reached without violation",0,10050,0.687143166179674,0.18973914573687,0.470230701834429,0.380667713656009,0.167541480156552,-0.0221976655803183,"max_iter reached without violation"
289,10050,"reverse",0.605264469326957,0.217078231095779,0.492326162086683,0.40177995593578,0.211390663146438,-0.00568756794934128,"max_iter reached without violation in either orientation",0,0.62448275862069,0,10050,0.183169291816951,0.679874912724011,0.375151311436615,0.472827078750616,0.657961668004251,-0.0219132447197593,"max_iter reached without violation",0,10050,0.605264469326957,0.217078231095779,0.492326162086683,0.40177995593578,0.211390663146438,-0.00568756794934128,"max_iter reached without violation"
290,10050,"reverse",0.613368238910607,0.21534067409534,0.490810017123822,0.400521441762179,0.207050783677905,-0.00828989041743478,"max_iter reached without violation in either orientation",0,0.62448275862069,0,10050,0.223922358573142,0.60615415741484,0.406633554630325,0.492166592480224,0.58186428667976,-0.0242898707350797,"max_iter reached without violation",0,10050,0.613368238910607,0.21534067409534,0.490810017123822,0.400521441762179,0.207050783677905,-0.00828989041743478,"max_iter reached without violation"
291,140,"forward",0.508002042849685,0.260284930688819,0.488385511827762,0.376883027379226,0.263478423462333,0.00319349277351466,"violation in forward orientation",1,0.62448275862069,1,140,0.508002042849685,0.260284930688819,0.488385511827762,0.376883027379226,0.263478423462333,0.00319349277351466,"violation",0,10050,0.608625190399988,0.221369297943928,0.491714514513325,0.404842155490393,0.209590868096275,-0.0117784298476525,"max_iter reached without violation"
292,70,"forward",0.734750092269623,0.133747440669977,0.494871659305394,0.232115382989599,0.142046145057861,0.0082987043878843,"violation in forward orientation",1,0.62448275862069,1,70,0.734750092269623,0.133747440669977,0.494871659305394,0.232115382989599,0.142046145057861,0.0082987043878843,"violation",0,10050,0.621071926748618,0.210432420599738,0.489237208025606,0.396907540434259,0.202925163331094,-0.00750725726864351,"max_iter reached without violation"
293,10050,"reverse",0.617220667700969,0.213091466079602,0.490039608956338,0.398876233867485,0.204987660283453,-0.008103805796149,"max_iter reached without violation in either orientation",0,0.62448275862069,0,10050,0.224432869394566,0.612281445702225,0.40698906375648,0.491021548241626,0.58091102009787,-0.0313704256043554,"max_iter reached without violation",0,10050,0.617220667700969,0.213091466079602,0.490039608956338,0.398876233867485,0.204987660283453,-0.008103805796149,"max_iter reached without violation"
294,10050,"reverse",0.57874362418778,0.229944265727821,0.496314418269441,0.410770565057184,0.225593593044627,-0.00435067268319478,"max_iter reached without violation in either orientation",0,0.62448275862069,0,10050,0.19773709406767,0.645140047833246,0.387143004518837,0.483480365199127,0.630759504064912,-0.0143805437683345,"max_iter reached without violation",0,10050,0.57874362418778,0.229944265727821,0.496314418269441,0.410770565057184,0.225593593044627,-0.00435067268319478,"max_iter reached without violation"
295,10050,"reverse",0.660798228693555,0.201630062888207,0.479030077451914,0.390202795134985,0.1816502047588,-0.0199798581294069,"max_iter reached without violation in either orientation",0,0.62448275862069,0,10050,0.22167571000606,0.618702059920914,0.405058348312909,0.489734787790513,0.586059408331197,-0.0326426515897162,"max_iter reached without violation",0,10050,0.660798228693555,0.201630062888207,0.479030077451914,0.390202795134985,0.1816502047588,-0.0199798581294069,"max_iter reached without violation"
296,10050,"forward",0.225657958602489,0.594880251124929,0.407838545142545,0.494064079217875,0.578623435677058,-0.0162568154478708,"max_iter reached without violation in either orientation",0,0.62448275862069,0,10050,0.225657958602489,0.594880251124929,0.407838545142545,0.494064079217875,0.578623435677058,-0.0162568154478708,"max_iter reached without violation",0,10050,0.585180847327456,0.239631060174338,0.495481916067851,0.417172114901215,0.222146213124717,-0.0174848470496204,"max_iter reached without violation"
297,60,"reverse",0.0622317713624084,0.863104996184793,0.12801909579781,0.458257569495584,0.883785865862186,0.0206808696773934,"violation in reverse orientation",1,0.62448275862069,0,10050,0.211659793059538,0.626895954170203,0.397819469344886,0.487962156992493,0.604761928456952,-0.0221340257132507,"max_iter reached without violation",1,60,0.0622317713624084,0.863104996184793,0.12801909579781,0.458257569495584,0.883785865862186,0.0206808696773934,"violation"
298,50,"forward",0.844410079701748,0.0745005976726398,0.47370877129308,0.14,0.0833190152864959,0.00881841761385609,"violation in forward orientation",1,0.62448275862069,1,50,0.844410079701748,0.0745005976726398,0.47370877129308,0.14,0.0833190152864959,0.00881841761385609,"violation at burn-in",0,10050,0.663947063724724,0.190457310519893,0.478066129399074,0.381259774780849,0.179963882811896,-0.0104934277079975,"max_iter reached without violation"
299,10050,"reverse",0.676337305715769,0.185941787375643,0.474043687739533,0.377501475068796,0.173328432942297,-0.0126133544333469,"max_iter reached without violation in either orientation",0,0.62448275862069,0,10050,0.208693285824897,0.628474884989228,0.39560587372605,0.487603622972911,0.610301227709862,-0.0181736572793663,"max_iter reached without violation",0,10050,0.676337305715769,0.185941787375643,0.474043687739533,0.377501475068796,0.173328432942297,-0.0126133544333469,"max_iter reached without violation"
300,10050,"reverse",0.675747597275665,0.186557730148013,0.4742435219859,0.378019156539485,0.173644244432889,-0.0129134857151241,"max_iter reached without violation in either orientation",0,0.62448275862069,0,10050,0.215749547516677,0.626599882429447,0.400818560483121,0.488028774612097,0.59712521227286,-0.029474670156587,"max_iter reached without violation",0,10050,0.675747597275665,0.186557730148013,0.4742435219859,0.378019156539485,0.173644244432889,-0.0129134857151241,"max_iter reached without violation"
301,10050,"reverse",0.646322510449541,0.206851388470504,0.483163998369665,0.39421504266563,0.189402507159675,-0.0174488813108293,"max_iter reached without violation in either orientation",0,0.62448275862069,0,10050,0.168154994129939,0.710976552080196,0.361833527873686,0.460775210067788,0.685997563885249,-0.0249789881949477,"max_iter reached without violation",0,10050,0.646322510449541,0.206851388470504,0.483163998369665,0.39421504266563,0.189402507159675,-0.0174488813108293,"max_iter reached without violation"
302,10050,"reverse",0.683018521068475,0.192611326245447,0.471720179475673,0.383022867679486,0.169750385832892,-0.0228609404125547,"max_iter reached without violation in either orientation",0,0.62448275862069,0,10050,0.155371268200456,0.738566219675087,0.349651245762865,0.447919662394723,0.709868358017714,-0.0286978616573729,"max_iter reached without violation",0,10050,0.683018521068475,0.192611326245447,0.471720179475673,0.383022867679486,0.169750385832892,-0.0228609404125547,"max_iter reached without violation"
303,10050,"reverse",0.705292760092183,0.173815609110905,0.463164317623001,0.366974778907555,0.157821676407193,-0.0159939327037121,"max_iter reached without violation in either orientation",0,0.62448275862069,0,10050,0.215034004242402,0.626895954170203,0.400298198295007,0.487962156992493,0.598461331827307,-0.0284346223428956,"max_iter reached without violation",0,10050,0.705292760092183,0.173815609110905,0.463164317623001,0.366974778907555,0.157821676407193,-0.0159939327037121,"max_iter reached without violation"
304,10050,"reverse",0.606055306218234,0.226882855701532,0.492184405454953,0.408682772301488,0.210967139655057,-0.0159157160464745,"max_iter reached without violation in either orientation",0,0.62448275862069,0,10050,0.255920471098541,0.553360578266711,0.427264712764688,0.498764752225359,0.522114855181103,-0.0312457230856077,"max_iter reached without violation",0,10050,0.606055306218234,0.226882855701532,0.492184405454953,0.408682772301488,0.210967139655057,-0.0159157160464745,"max_iter reached without violation"
305,50,"forward",0.910755917550709,0.0275269587093167,0.438634243989226,0.0707106781186548,0.0477882741257093,0.0202613154163926,"violation in forward orientation",1,0.62448275862069,1,50,0.910755917550709,0.0275269587093167,0.438634243989226,0.0707106781186548,0.0477882741257093,0.0202613154163926,"violation at burn-in",0,10050,0.757792704809798,0.142554926430402,0.437649506644384,0.33657691204587,0.129705942139675,-0.0128489842907273,"max_iter reached without violation"
306,10050,"reverse",0.626501190291868,0.212375664646637,0.488050937892017,0.398348810972976,0.20001758443989,-0.0123580802067476,"max_iter reached without violation in either orientation",0,0.62448275862069,0,10050,0.198966693430444,0.645337132949804,0.388115839797036,0.483427856574858,0.62846349792272,-0.0168736350270843,"max_iter reached without violation",0,10050,0.626501190291868,0.212375664646637,0.488050937892017,0.398348810972976,0.20001758443989,-0.0123580802067476,"max_iter reached without violation"
307,10050,"reverse",0.674862977355003,0.185531125231058,0.474541707265919,0.377155434308161,0.174117992333974,-0.0114131328970838,"max_iter reached without violation in either orientation",0,0.62448275862069,0,10050,0.178956808475376,0.690579198184429,0.371516972385883,0.468957409003336,0.665827553364109,-0.0247516448203197,"max_iter reached without violation",0,10050,0.674862977355003,0.185531125231058,0.474541707265919,0.377155434308161,0.174117992333974,-0.0114131328970838,"max_iter reached without violation"
308,10050,"reverse",0.646716638991058,0.195892273374681,0.483057840845213,0.385672219397932,0.189191436207121,-0.00670083716755968,"max_iter reached without violation in either orientation",0,0.62448275862069,0,10050,0.185839124365765,0.687928639237537,0.377415033972704,0.46994224298291,0.652976343421071,-0.0349522958164662,"max_iter reached without violation",0,10050,0.646716638991058,0.195892273374681,0.483057840845213,0.385672219397932,0.189191436207121,-0.00670083716755968,"max_iter reached without violation"
309,10050,"reverse",0.732213748420934,0.155887348422652,0.451070150405804,0.350159079428784,0.143404454481697,-0.0124828939409554,"max_iter reached without violation in either orientation",0,0.62448275862069,0,10050,0.164137615601401,0.714404924054855,0.358092518389372,0.459292413448621,0.693499133954563,-0.0209057901002925,"max_iter reached without violation",0,10050,0.732213748420934,0.155887348422652,0.451070150405804,0.350159079428784,0.143404454481697,-0.0124828939409554,"max_iter reached without violation"
310,10050,"forward",0.195072189344691,0.649770698974443,0.385014059283417,0.482223189482979,0.635735627018092,-0.0140350719563516,"max_iter reached without violation in either orientation",0,0.62448275862069,0,10050,0.195072189344691,0.649770698974443,0.385014059283417,0.482223189482979,0.635735627018092,-0.0140350719563516,"max_iter reached without violation",0,10050,0.654301099379259,0.206032614092754,0.480945548969669,0.393592701875843,0.185129666733189,-0.0209029473595656,"max_iter reached without violation"
311,280,"forward",0.483170904402714,0.263878326294327,0.489897948556636,0.397296347522982,0.276776450610555,0.0128981243162282,"violation in forward orientation",1,0.62448275862069,1,280,0.483170904402714,0.263878326294327,0.489897948556636,0.397296347522982,0.276776450610555,0.0128981243162282,"violation",0,10050,0.67987491272401,0.185941787375643,0.472827078750616,0.377501475068796,0.171433908688574,-0.0145078786870698,"max_iter reached without violation"
312,10050,"reverse",0.626895954170203,0.217895765211693,0.487962156992493,0.402368375246219,0.1998061732401,-0.0180895919715933,"max_iter reached without violation in either orientation",0,0.62448275862069,0,10050,0.195687261852871,0.654891894559832,0.385507938805297,0.480775437353909,0.634587114503016,-0.0203047800568156,"max_iter reached without violation",0,10050,0.626895954170203,0.217895765211693,0.487962156992493,0.402368375246219,0.1998061732401,-0.0180895919715933,"max_iter reached without violation"
313,10050,"forward",0.212886958526803,0.617615722558614,0.39872573695656,0.489958786415584,0.602470467078859,-0.0151452554797548,"max_iter reached without violation in either orientation",0,0.62448275862069,0,10050,0.212886958526803,0.617615722558614,0.39872573695656,0.489958786415584,0.602470467078859,-0.0151452554797548,"max_iter reached without violation",0,10050,0.615837878838964,0.223105471231242,0.490319838696338,0.406062824755084,0.205728196762136,-0.0173772744691064,"max_iter reached without violation"
314,10050,"reverse",0.677025260238398,0.179265138509358,0.473809490493125,0.371785622230479,0.172960006905842,-0.00630513160351592,"max_iter reached without violation in either orientation",0,0.62448275862069,0,10050,0.215238452220614,0.615146427963752,0.400447065825688,0.490458409802752,0.598079570232478,-0.0170668577312744,"max_iter reached without violation",0,10050,0.677025260238398,0.179265138509358,0.473809490493125,0.371785622230479,0.172960006905842,-0.00630513160351592,"max_iter reached without violation"
315,10050,"reverse",0.666013026087926,0.191277972313779,0.477420940250061,0.381933736886122,0.178857480717133,-0.0124204915966456,"max_iter reached without violation in either orientation",0,0.62448275862069,0,10050,0.142761919993566,0.756330195590942,0.336795401977959,0.438470782733816,0.73341354013845,-0.0229166554524918,"max_iter reached without violation",0,10050,0.666013026087926,0.191277972313779,0.477420940250061,0.381933736886122,0.178857480717133,-0.0124204915966456,"max_iter reached without violation"
316,10050,"reverse",0.574978874837952,0.24034437262102,0.496761463067866,0.41763146338243,0.227609760735334,-0.0127346118856861,"max_iter reached without violation in either orientation",0,0.62448275862069,0,10050,0.195994776768711,0.670438851337585,0.385754294959628,0.476004560976826,0.634012898089963,-0.036425953247622,"max_iter reached without violation",0,10050,0.574978874837952,0.24034437262102,0.496761463067866,0.41763146338243,0.227609760735334,-0.0127346118856861,"max_iter reached without violation"
317,10050,"reverse",0.601902871552924,0.225657958602489,0.492913831662715,0.407838545142545,0.213190927703617,-0.0124670308988716,"max_iter reached without violation in either orientation",0,0.62448275862069,0,10050,0.203473329830456,0.651642159095761,0.391631084774586,0.481701151243105,0.620048346477204,-0.0315938126185564,"max_iter reached without violation",0,10050,0.601902871552924,0.225657958602489,0.492913831662715,0.407838545142545,0.213190927703617,-0.0124670308988716,"max_iter reached without violation"
318,160,"forward",0.527856174668703,0.244084851419326,0.493354271796647,0.368908864084343,0.252845774278829,0.00876092285950297,"violation in forward orientation",1,0.62448275862069,1,160,0.527856174668703,0.244084851419326,0.493354271796647,0.368908864084343,0.252845774278829,0.00876092285950297,"violation",0,10050,0.580328462191129,0.238306174856789,0.496117447256434,0.416314602876364,0.224744851500252,-0.0135613233565373,"max_iter reached without violation"
319,10050,"reverse",0.622552867547051,0.212989213016626,0.488920040365643,0.398801004924354,0.202132062725396,-0.0108571502912305,"max_iter reached without violation in either orientation",0,0.62448275862069,0,10050,0.216771632800167,0.62186178350202,0.401558669579832,0.489068644371578,0.595216692994317,-0.0266450905077033,"max_iter reached without violation",0,10050,0.622552867547051,0.212989213016626,0.488920040365643,0.398801004924354,0.202132062725396,-0.0108571502912305,"max_iter reached without violation"
320,10050,"forward",0.221062873606498,0.605165611301973,0.404625626935347,0.492343788303501,0.587203745405655,-0.0179618658963175,"max_iter reached without violation in either orientation",0,0.62448275862069,0,10050,0.221062873606498,0.605165611301973,0.404625626935347,0.492343788303501,0.587203745405655,-0.0179618658963175,"max_iter reached without violation",0,10050,0.595374925978715,0.236471368047245,0.493986470566898,0.415117700036438,0.216686892967285,-0.0197844750799603,"max_iter reached without violation"
321,60,"forward",0.609706494609077,0.155449781144742,0.495535624910617,0.249443825784929,0.209011788214027,0.0535620070692851,"violation in forward orientation",1,0.62448275862069,1,60,0.609706494609077,0.155449781144742,0.495535624910617,0.249443825784929,0.209011788214027,0.0535620070692851,"violation",0,10050,0.61662806234498,0.216158398451434,0.49016021181013,0.401115064190349,0.205305023183626,-0.0108533752678083,"max_iter reached without violation"
322,10050,"forward",0.228209612146856,0.586863910864987,0.409591460150976,0.495250020052319,0.573858784370314,-0.0130051264946733,"max_iter reached without violation in either orientation",0,0.62448275862069,0,10050,0.228209612146856,0.586863910864987,0.409591460150976,0.495250020052319,0.573858784370314,-0.0130051264946733,"max_iter reached without violation",0,10050,0.674371492194343,0.19035472045856,0.474706554842114,0.381175328846198,0.174381201490629,-0.0159735189679313,"max_iter reached without violation"
323,10050,"reverse",0.683313189183366,0.185017759586641,0.47161517232859,0.376721845040843,0.169592579754049,-0.015425179832592,"max_iter reached without violation in either orientation",0,0.62448275862069,0,10050,0.218202317561851,0.621368128830165,0.402588404982239,0.489174155260069,0.592545204133948,-0.0288229246962171,"max_iter reached without violation",0,10050,0.683313189183366,0.185017759586641,0.47161517232859,0.376721845040843,0.169592579754049,-0.015425179832592,"max_iter reached without violation"
324,10050,"reverse",0.598045845633464,0.228209612146856,0.493558507170123,0.409591460150976,0.215256513037044,-0.0129530991098118,"max_iter reached without violation in either orientation",0,0.62448275862069,0,10050,0.216669430574017,0.611688610412545,0.401484831036907,0.491135862349977,0.595407533154203,-0.0162810772583424,"max_iter reached without violation",0,10050,0.598045845633464,0.228209612146856,0.493558507170123,0.409591460150976,0.215256513037044,-0.0129530991098118,"max_iter reached without violation"
325,10050,"forward",0.232596536512654,0.575077960859286,0.412553968843453,0.496750072609714,0.565667168796865,-0.00941079206242135,"max_iter reached without violation in either orientation",0,0.62448275862069,0,10050,0.232596536512654,0.575077960859286,0.412553968843453,0.496750072609714,0.565667168796865,-0.00941079206242135,"max_iter reached without violation",0,10050,0.616825600538568,0.219019729524918,0.490120094958866,0.403173483380966,0.205199233903494,-0.0138204956214237,"max_iter reached without violation"
326,10050,"reverse",0.876227227974305,0.0837081036935045,0.343126360997513,0.261981282199635,0.066279711896882,-0.0174283917966225,"max_iter reached without violation in either orientation",0,0.62448275862069,0,10050,0.188405197572049,0.667783559115487,0.379562330433477,0.476859938665362,0.64818476656985,-0.019598792545637,"max_iter reached without violation",0,10050,0.876227227974305,0.0837081036935045,0.343126360997513,0.261981282199635,0.066279711896882,-0.0174283917966225,"max_iter reached without violation"
327,10050,"reverse",0.606253007852326,0.217997950716632,0.492148758743386,0.40244175645973,0.210861262846267,-0.0071366878703657,"max_iter reached without violation in either orientation",0,0.62448275862069,0,10050,0.189431336242381,0.664143837805748,0.380413300700069,0.478005113873156,0.64626867848364,-0.0178751593221075,"max_iter reached without violation",0,10050,0.606253007852326,0.217997950716632,0.492148758743386,0.40244175645973,0.210861262846267,-0.0071366878703657,"max_iter reached without violation"
328,10050,"reverse",0.646716638991058,0.203268546596794,0.483057840845213,0.391473047921349,0.189191436207121,-0.0140771103896729,"max_iter reached without violation in either orientation",0,0.62448275862069,0,10050,0.166713197292318,0.721258223815533,0.360499874343938,0.456232620767487,0.688689802101364,-0.0325684217141686,"max_iter reached without violation",0,10050,0.646716638991058,0.203268546596794,0.483057840845213,0.391473047921349,0.189191436207121,-0.0140771103896729,"max_iter reached without violation"
329,10050,"reverse",0.603484908923372,0.225555875189164,0.492640262621453,0.407767956160893,0.212343686005591,-0.0132121891835729,"max_iter reached without violation in either orientation",0,0.62448275862069,0,10050,0.216158398451434,0.634887231674671,0.401115064190349,0.486090743366773,0.596361773151253,-0.0385254585234176,"max_iter reached without violation",0,10050,0.603484908923372,0.225555875189164,0.492640262621453,0.407767956160893,0.212343686005591,-0.0132121891835729,"max_iter reached without violation"
330,10050,"reverse",0.621664323953486,0.206953728611018,0.489110912185266,0.394292653201783,0.202607911903831,-0.00434581670718726,"max_iter reached without violation in either orientation",0,0.62448275862069,0,10050,0.153616198153923,0.733191325045394,0.347913745286178,0.450592936260728,0.713145564991639,-0.020045760053755,"max_iter reached without violation",0,10050,0.621664323953486,0.206953728611018,0.489110912185266,0.394292653201783,0.202607911903831,-0.00434581670718726,"max_iter reached without violation"
331,50,"forward",0.910755917550709,0.0275269587093167,0.438634243989226,0.0707106781186548,0.0477882741257093,0.0202613154163926,"violation in forward orientation",1,0.62448275862069,1,50,0.910755917550709,0.0275269587093167,0.438634243989226,0.0707106781186548,0.0477882741257093,0.0202613154163926,"violation at burn-in",0,10050,0.639620367867126,0.203780493383279,0.484915141532784,0.391867831060264,0.192991761603346,-0.0107887317799333,"max_iter reached without violation"
332,10050,"forward",0.212375664646637,0.607043784013992,0.398348810972976,0.492005341141224,0.603425195850575,-0.00361858816341676,"max_iter reached without violation in either orientation",0,0.62448275862069,0,10050,0.212375664646637,0.607043784013992,0.398348810972976,0.492005341141224,0.603425195850575,-0.00361858816341676,"max_iter reached without violation",0,10050,0.663848675441697,0.190970236353364,0.478096603178937,0.381681335105973,0.180016573511581,-0.0109536628417831,"max_iter reached without violation"
333,10050,"reverse",0.655679575857336,0.190765070910286,0.480547374423037,0.381512844727166,0.18439143970152,-0.00637363120876561,"max_iter reached without violation in either orientation",0,0.62448275862069,0,10050,0.155371268200456,0.72957379986181,0.349651245762865,0.452345181212604,0.709868358017714,-0.0197054418440957,"max_iter reached without violation",0,10050,0.655679575857336,0.190765070910286,0.480547374423037,0.381512844727166,0.18439143970152,-0.00637363120876561,"max_iter reached without violation"
334,10050,"reverse",0.72957379986181,0.155887348422652,0.452345181212604,0.350159079428784,0.144818248202195,-0.0110691002204577,"max_iter reached without violation in either orientation",0,0.62448275862069,0,10050,0.215545113619955,0.624428475734631,0.400670078084811,0.488511452802106,0.597506947573606,-0.0269215281610252,"max_iter reached without violation",0,10050,0.72957379986181,0.155887348422652,0.452345181212604,0.350159079428784,0.144818248202195,-0.0110691002204577,"max_iter reached without violation"
335,10050,"reverse",0.673486765621828,0.186044448703272,0.475001823166589,0.377587870154917,0.174855006507873,-0.0111894421953994,"max_iter reached without violation in either orientation",0,0.62448275862069,0,10050,0.186352422604194,0.669160453459028,0.377846779668975,0.476418492333298,0.652017871951509,-0.0171425815075191,"max_iter reached without violation",0,10050,0.673486765621828,0.186044448703272,0.475001823166589,0.377587870154917,0.174855006507873,-0.0111894421953994,"max_iter reached without violation"
336,10050,"reverse",0.605264469326957,0.223513925692675,0.492326162086683,0.406348484815197,0.211390663146438,-0.0121232625462379,"max_iter reached without violation in either orientation",0,0.62448275862069,0,10050,0.186968325140615,0.675256150240696,0.378363360676164,0.474409412309515,0.650867809541404,-0.0243883406992914,"max_iter reached without violation",0,10050,0.605264469326957,0.223513925692675,0.492326162086683,0.406348484815197,0.211390663146438,-0.0121232625462379,"max_iter reached without violation"
337,10050,"reverse",0.670733846107751,0.19035472045856,0.475908487935327,0.381175328846198,0.176329300508257,-0.0140254199503034,"max_iter reached without violation in either orientation",0,0.62448275862069,0,10050,0.15733209341947,0.722041162513662,0.351573365868814,0.455874846527143,0.706206948551411,-0.0158342139622509,"max_iter reached without violation",0,10050,0.670733846107751,0.19035472045856,0.475908487935327,0.381175328846198,0.176329300508257,-0.0140254199503034,"max_iter reached without violation"
338,10050,"reverse",0.5768613829444,0.235044012875613,0.496541590055341,0.414179029776038,0.226601605432275,-0.00844240744333721,"max_iter reached without violation in either orientation",0,0.62448275862069,0,10050,0.198146985393117,0.661585516686241,0.387467963178302,0.478791257533373,0.629994122242711,-0.0315913944435301,"max_iter reached without violation",0,10050,0.5768613829444,0.235044012875613,0.496541590055341,0.414179029776038,0.226601605432275,-0.00844240744333721,"max_iter reached without violation"
339,10050,"forward",0.20152764474814,0.638535851853366,0.390123051291045,0.485188954507621,0.623681485070974,-0.0148543667823913,"max_iter reached without violation in either orientation",0,0.62448275862069,0,10050,0.20152764474814,0.638535851853366,0.390123051291045,0.485188954507621,0.623681485070974,-0.0148543667823913,"max_iter reached without violation",0,10050,0.690088402077032,0.181833942328617,0.469141102363018,0.374007601656542,0.165964193355763,-0.015869748972854,"max_iter reached without violation"
340,10050,"reverse",0.64849005833513,0.205009012484942,0.482575780757447,0.392811120919963,0.188241702120905,-0.0167673103640368,"max_iter reached without violation in either orientation",0,0.62448275862069,0,10050,0.227801403169719,0.610206401914319,0.409312514149337,0.491418358095423,0.574621024777376,-0.0355853771369433,"max_iter reached without violation",0,10050,0.64849005833513,0.205009012484942,0.482575780757447,0.392811120919963,0.188241702120905,-0.0167673103640368,"max_iter reached without violation"
341,10050,"reverse",0.567644463926934,0.249917320371006,0.497548416609501,0.423640695431602,0.231537619122464,-0.0183797012485414,"max_iter reached without violation in either orientation",0,0.62448275862069,0,10050,0.198761775728323,0.647504857527483,0.387954125196968,0.482844471536615,0.628846136623549,-0.0186587209039333,"max_iter reached without violation",0,10050,0.567644463926934,0.249917320371006,0.497548416609501,0.423640695431602,0.231537619122464,-0.0183797012485414,"max_iter reached without violation"
342,10050,"reverse",0.641690540712165,0.199478960613166,0.484385110142078,0.38851938585522,0.191883104634048,-0.00759585597911802,"max_iter reached without violation in either orientation",0,0.62448275862069,0,10050,0.20429240257145,0.647504857527483,0.392261585875637,0.482844471536615,0.618518908433271,-0.0289859490942121,"max_iter reached without violation",0,10050,0.641690540712165,0.199478960613166,0.484385110142078,0.38851938585522,0.191883104634048,-0.00759585597911802,"max_iter reached without violation"
343,10050,"reverse",0.700292409615473,0.167743090565405,0.46519579591439,0.361453533959007,0.160499555898377,-0.00724353466702812,"max_iter reached without violation in either orientation",0,0.62448275862069,0,10050,0.195892273374681,0.655285741728145,0.385672219397932,0.48066158420013,0.634204300614569,-0.0210814411135753,"max_iter reached without violation",0,10050,0.700292409615473,0.167743090565405,0.46519579591439,0.361453533959007,0.160499555898377,-0.00724353466702812,"max_iter reached without violation"
344,160,"forward",0.778581931084374,0.116032322209533,0.46837484987988,0.242061459137964,0.118572514005471,0.00254019179593745,"violation in forward orientation",1,0.62448275862069,1,160,0.778581931084374,0.116032322209533,0.46837484987988,0.242061459137964,0.118572514005471,0.00254019179593745,"violation",0,10050,0.655187281158122,0.197327177787502,0.480690080912099,0.38681736334136,0.184655082397124,-0.0126720953903777,"max_iter reached without violation"
345,10050,"reverse",0.607537994422085,0.220960729429439,0.491915029781403,0.404553376049952,0.210173103246728,-0.0107876261827105,"max_iter reached without violation in either orientation",0,0.62448275862069,0,10050,0.193636797780409,0.666799962978224,0.383855591622579,0.477172517591142,0.638415904796218,-0.0283840581820055,"max_iter reached without violation",0,10050,0.607537994422085,0.220960729429439,0.491915029781403,0.404553376049952,0.210173103246728,-0.0107876261827105,"max_iter reached without violation"
346,10050,"reverse",0.613763413484297,0.214625091348892,0.490732468847627,0.4,0.206839152534998,-0.00778593881389422,"max_iter reached without violation in either orientation",0,0.62448275862069,0,10050,0.195072189344691,0.655482660423211,0.385014059283417,0.48060452390537,0.635735627018092,-0.019747033405119,"max_iter reached without violation",0,10050,0.613763413484297,0.214625091348892,0.490732468847627,0.4,0.206839152534998,-0.00778593881389422,"max_iter reached without violation"
347,10050,"reverse",0.634788605320734,0.208488654041972,0.486114705846182,0.395451979089307,0.195579355790897,-0.0129092982510741,"max_iter reached without violation in either orientation",0,0.62448275862069,0,10050,0.194969671716029,0.658140743164701,0.384931594400889,0.479825467638051,0.63592705612274,-0.0222136870419614,"max_iter reached without violation",0,10050,0.634788605320734,0.208488654041972,0.486114705846182,0.395451979089307,0.195579355790897,-0.0129092982510741,"max_iter reached without violation"
348,70,"forward",0.875333786584786,0.0534488391899587,0.444696640464954,0.118666055184544,0.0667581840329274,0.0133093448429687,"violation in forward orientation",1,0.62448275862069,1,70,0.875333786584786,0.0534488391899587,0.444696640464954,0.118666055184544,0.0667581840329274,0.0133093448429687,"violation",0,10050,0.64454877326916,0.20152764474814,0.483637365552825,0.390123051291044,0.190352411459427,-0.0111752332887128,"max_iter reached without violation"
349,80,"forward",0.551467297585606,0.227252112493843,0.489897948556636,0.330718913883074,0.240201112246136,0.012948999752293,"violation in forward orientation",1,0.62448275862069,1,80,0.551467297585606,0.227252112493843,0.489897948556636,0.330718913883074,0.240201112246136,0.012948999752293,"violation",0,10050,0.600023950939476,0.225249616937781,0.493231823529047,0.407555970101807,0.21419716176656,-0.0110524551712209,"max_iter reached without violation"
350,10050,"reverse",0.638930232414254,0.205316108604546,0.485089689777608,0.393046022889817,0.193361355611604,-0.0119547529929418,"max_iter reached without violation in either orientation",0,0.62448275862069,0,10050,0.187584167528781,0.675551021005874,0.378878296613126,0.47430994769978,0.649717859444928,-0.0258331615609465,"max_iter reached without violation",0,10050,0.638930232414254,0.205316108604546,0.485089689777608,0.393046022889817,0.193361355611604,-0.0119547529929418,"max_iter reached without violation"
351,10050,"reverse",0.706076914634041,0.172272364259572,0.462839797020521,0.365587914738556,0.157401731570257,-0.014870632689314,"max_iter reached without violation in either orientation",0,0.62448275862069,0,10050,0.247474181205679,0.569528008131774,0.422134257966839,0.497356881153774,0.537886442301148,-0.0316415658306262,"max_iter reached without violation",0,10050,0.706076914634041,0.172272364259572,0.462839797020521,0.365587914738556,0.157401731570257,-0.014870632689314,"max_iter reached without violation"
352,10050,"reverse",0.631434841285643,0.206544359182111,0.486916630191769,0.393981968546548,0.197375425080375,-0.00916893410173542,"max_iter reached without violation in either orientation",0,0.62448275862069,0,10050,0.224637064321055,0.623836208653992,0.407131010257605,0.488641307573502,0.580529731021431,-0.043306477632561,"max_iter reached without violation",0,10050,0.631434841285643,0.206544359182111,0.486916630191769,0.393981968546548,0.197375425080375,-0.00916893410173542,"max_iter reached without violation"
353,10050,"reverse",0.627093331436327,0.210023250201597,0.487917638733803,0.396602299321541,0.199700470142798,-0.0103227800587984,"max_iter reached without violation in either orientation",0,0.62448275862069,0,10050,0.21033013017334,0.637451239965824,0.396831289591935,0.485460145309931,0.607244781202475,-0.0302064587633488,"max_iter reached without violation",0,10050,0.627093331436327,0.210023250201597,0.487917638733803,0.396602299321541,0.199700470142798,-0.0103227800587984,"max_iter reached without violation"
354,10050,"reverse",0.650755714362958,0.199683856677461,0.481949427442972,0.388680508655207,0.187028356408588,-0.012655500268873,"max_iter reached without violation in either orientation",0,0.62448275862069,0,10050,0.220858583885535,0.622355418832953,0.404481087781018,0.488962604503915,0.587585211489909,-0.0347702073430439,"max_iter reached without violation",0,10050,0.650755714362958,0.199683856677461,0.481949427442972,0.388680508655207,0.187028356408588,-0.012655500268873,"max_iter reached without violation"
355,80,"forward",0.894072457693506,0.0468507967519744,0.42555111326373,0.111102430216445,0.0567229068482946,0.00987211009632014,"violation in forward orientation",1,0.62448275862069,1,80,0.894072457693506,0.0468507967519744,0.42555111326373,0.111102430216445,0.0567229068482946,0.00987211009632014,"violation",0,10050,0.649376670213854,0.204701902927236,0.48233207604142,0.392575851414581,0.187766887449866,-0.0169350154773694,"max_iter reached without violation"
356,10050,"reverse",0.68272384519405,0.181628478065283,0.471824974397484,0.373830938467089,0.169908196067264,-0.011720281998019,"max_iter reached without violation in either orientation",0,0.62448275862069,0,10050,0.234840084653614,0.582012144677557,0.414044377711122,0.495902479652015,0.561477836508723,-0.0205343081688338,"max_iter reached without violation",0,10050,0.68272384519405,0.181628478065283,0.471824974397484,0.373830938467089,0.169908196067264,-0.011720281998019,"max_iter reached without violation"
357,70,"forward",0.788036585503097,0.109699356023279,0.483186700722508,0.202534955410826,0.1135091838885,0.00380982786522058,"violation in forward orientation",1,0.62448275862069,1,70,0.788036585503097,0.109699356023279,0.483186700722508,0.202534955410826,0.1135091838885,0.00380982786522058,"violation",0,10050,0.556238413662589,0.247575992454919,0.498553150308056,0.422197403190979,0.23764599656932,-0.00992999588559934,"max_iter reached without violation"
358,110,"forward",0.821366620240471,0.0859405919145953,0.458257569495584,0.187193275290673,0.0956596717634194,0.00971907984882409,"violation in forward orientation",1,0.62448275862069,1,110,0.821366620240471,0.0859405919145953,0.458257569495584,0.187193275290673,0.0956596717634194,0.00971907984882409,"violation",0,10050,0.603682649976553,0.227801403169719,0.49260569403208,0.409312514149337,0.212237788086366,-0.0155636150833526,"max_iter reached without violation"
359,10050,"reverse",0.599034935959417,0.220858583885535,0.493396195714354,0.404481087781018,0.214726817226494,-0.00613176665904119,"max_iter reached without violation in either orientation",0,0.62448275862069,0,10050,0.19978630239728,0.64799746798896,0.388761006812426,0.482710401226441,0.626933058595063,-0.0210644093938965,"max_iter reached without violation",0,10050,0.599034935959417,0.220858583885535,0.493396195714354,0.404481087781018,0.214726817226494,-0.00613176665904119,"max_iter reached without violation"
360,10050,"reverse",0.630053615966086,0.217282622981511,0.487239623218797,0.401927289322744,0.1981151242221,-0.0191674987594105,"max_iter reached without violation in either orientation",0,0.62448275862069,0,10050,0.169081665538669,0.71371934084338,0.362685461579299,0.45959146666338,0.684267209014671,-0.0294521318287092,"max_iter reached without violation",0,10050,0.630053615966086,0.217282622981511,0.487239623218797,0.401927289322744,0.1981151242221,-0.0191674987594105,"max_iter reached without violation"
361,10050,"reverse",0.619985792961492,0.215545113619955,0.489466774483907,0.400670078084811,0.203506829637641,-0.0120382839823138,"max_iter reached without violation in either orientation",0,0.62448275862069,0,10050,0.200196069883353,0.64849005833513,0.389082578433263,0.482575780757447,0.626167908015632,-0.0223221503194979,"max_iter reached without violation",0,10050,0.619985792961492,0.215545113619955,0.489466774483907,0.400670078084811,0.203506829637641,-0.0120382839823138,"max_iter reached without violation"
362,10050,"forward",0.216771632800167,0.598243669722745,0.401558669579832,0.493526209639367,0.595216692994317,-0.00302697672842778,"max_iter reached without violation in either orientation",0,0.62448275862069,0,10050,0.216771632800167,0.598243669722745,0.401558669579832,0.493526209639367,0.595216692994317,-0.00302697672842778,"max_iter reached without violation",0,10050,0.578545506108342,0.23310648835116,0.496338675093982,0.412894189643413,0.225699692875874,-0.00740679547528575,"max_iter reached without violation"
363,80,"forward",0.808698556974645,0.0962393665961734,0.472857007984443,0.189983551919633,0.102443905582747,0.00620453898657344,"violation in forward orientation",1,0.62448275862069,1,80,0.808698556974645,0.0962393665961734,0.472857007984443,0.189983551919633,0.102443905582747,0.00620453898657344,"violation",0,10050,0.656270302582418,0.201425225083873,0.480375390532046,0.39004326575987,0.184075082880261,-0.0173501422036118,"max_iter reached without violation"
364,10050,"reverse",0.616035429323715,0.218508857429399,0.490280058011521,0.402808093315655,0.205622400899615,-0.012886456529784,"max_iter reached without violation in either orientation",0,0.62448275862069,0,10050,0.200093630318906,0.652922463454273,0.389002248627042,0.481339362602462,0.626359191352542,-0.0265632721017309,"max_iter reached without violation",0,10050,0.616035429323715,0.218508857429399,0.490280058011521,0.402808093315655,0.205622400899615,-0.012886456529784,"max_iter reached without violation"
365,10050,"reverse",0.612676653941014,0.219428402340125,0.4909449207145,0.4034651154728,0.20742115395797,-0.0120072483821548,"max_iter reached without violation in either orientation",0,0.62448275862069,0,10050,0.224330769917997,0.6054621831017,0.406918035440971,0.49229084742503,0.58110166839553,-0.0243605147061703,"max_iter reached without violation",0,10050,0.612676653941014,0.219428402340125,0.4909449207145,0.4034651154728,0.20742115395797,-0.0120072483821548,"max_iter reached without violation"
366,480,"forward",0.501129745084473,0.266717565160006,0.495811449096888,0.409076704298839,0.267158802533459,0.000441237373452752,"violation in forward orientation",1,0.62448275862069,1,480,0.501129745084473,0.266717565160006,0.495811449096888,0.409076704298839,0.267158802533459,0.000441237373452752,"violation",0,10050,0.719692163587875,0.168875751875776,0.456943168762512,0.362496507196634,0.150110243481439,-0.018765508394337,"max_iter reached without violation"
367,10050,"reverse",0.584289726624784,0.234126295681779,0.495602303292305,0.413571996144745,0.222623442443936,-0.0115028532378427,"max_iter reached without violation in either orientation",0,0.62448275862069,0,10050,0.213193717716536,0.617121902063702,0.398951423808026,0.49005976200094,0.601897661817953,-0.0152242402457489,"max_iter reached without violation",0,10050,0.584289726624784,0.234126295681779,0.495602303292305,0.413571996144745,0.222623442443936,-0.0115028532378427,"max_iter reached without violation"
368,10050,"forward",0.191380547717098,0.654891894559832,0.382017781920324,0.480775437353909,0.642628955128317,-0.0122629394315145,"max_iter reached without violation in either orientation",0,0.62448275862069,0,10050,0.191380547717098,0.654891894559832,0.382017781920324,0.480775437353909,0.642628955128317,-0.0122629394315145,"max_iter reached without violation",0,10050,0.692542162979878,0.179367911663579,0.468216628514563,0.371875075802571,0.164650110267266,-0.0147178013963131,"max_iter reached without violation"
369,10050,"reverse",0.728106853388728,0.161973176018881,0.453045097260721,0.356044330328792,0.145603854309853,-0.0163693217090285,"max_iter reached without violation in either orientation",0,0.62448275862069,0,10050,0.188199950013602,0.666603233750109,0.379391594178265,0.477234759855624,0.648568021204759,-0.0180352125453495,"max_iter reached without violation",0,10050,0.728106853388728,0.161973176018881,0.453045097260721,0.356044330328792,0.145603854309853,-0.0163693217090285,"max_iter reached without violation"
370,10050,"reverse",0.596364219370338,0.227801403169719,0.493829713009308,0.409312514149337,0.216157088407278,-0.0116443147624406,"max_iter reached without violation in either orientation",0,0.62448275862069,0,10050,0.197634617339591,0.654498034361659,0.387061658277761,0.480888934137671,0.630950856796723,-0.0235471775649355,"max_iter reached without violation",0,10050,0.596364219370338,0.227801403169719,0.493829713009308,0.409312514149337,0.216157088407278,-0.0116443147624406,"max_iter reached without violation"
371,10050,"reverse",0.704704605923862,0.168875751875776,0.463406661601325,0.362496507196634,0.158136655525624,-0.0107390963501523,"max_iter reached without violation in either orientation",0,0.62448275862069,0,10050,0.194046941533614,0.664537376023233,0.384187454245971,0.477882810835002,0.637650051620746,-0.0268873244024876,"max_iter reached without violation",0,10050,0.704704605923862,0.168875751875776,0.463406661601325,0.362496507196634,0.158136655525624,-0.0107390963501523,"max_iter reached without violation"
372,10050,"reverse",0.635478973247413,0.201937308172552,0.485946515819614,0.390441776798764,0.195209637283998,-0.00672767088855475,"max_iter reached without violation in either orientation",0,0.62448275862069,0,10050,0.205930260625672,0.649081140174612,0.393514726854636,0.482413509336386,0.615460569053484,-0.0336205711211285,"max_iter reached without violation",0,10050,0.635478973247413,0.201937308172552,0.485946515819614,0.390441776798764,0.195209637283998,-0.00672767088855475,"max_iter reached without violation"
373,10050,"reverse",0.605659893842264,0.224739159772378,0.492255449777801,0.407201928481613,0.211178898150207,-0.0135602616221708,"max_iter reached without violation in either orientation",0,0.62448275862069,0,10050,0.198556851826577,0.644056022464711,0.387792241035546,0.483767597446747,0.629228786900815,-0.0148272355638964,"max_iter reached without violation",0,10050,0.605659893842264,0.224739159772378,0.492255449777801,0.407201928481613,0.211178898150207,-0.0135602616221708,"max_iter reached without violation"
374,10050,"reverse",0.598936030316153,0.228005510295028,0.493412519559002,0.409452059265685,0.214779784992432,-0.0132257253025961,"max_iter reached without violation in either orientation",0,0.62448275862069,0,10050,0.19353425784449,0.6661113961117,0.383772516630849,0.477389967074974,0.638607375554758,-0.0275040205569422,"max_iter reached without violation",0,10050,0.598936030316153,0.228005510295028,0.493412519559002,0.409452059265685,0.214779784992432,-0.0132257253025961,"max_iter reached without violation"
375,10050,"reverse",0.619294568286565,0.222799116195248,0.489611532226111,0.405848191612068,0.203877006966092,-0.0189221092291555,"max_iter reached without violation in either orientation",0,0.62448275862069,0,10050,0.205930260625672,0.637155420105674,0.393514726854636,0.48553365192875,0.615460569053484,-0.0216948510521908,"max_iter reached without violation",0,10050,0.619294568286565,0.222799116195248,0.489611532226111,0.405848191612068,0.203877006966092,-0.0189221092291555,"max_iter reached without violation"
376,8560,"reverse",0.580957807415862,0.224045108386313,0.496195222660576,0.406004518944607,0.224407812991044,0.000362704604731118,"violation in reverse orientation",1,0.62448275862069,0,10050,0.211148413104865,0.633999566137274,0.397440189201439,0.486305630247833,0.605716817953864,-0.0282827481834101,"max_iter reached without violation",1,8560,0.580957807415862,0.224045108386313,0.496195222660576,0.406004518944607,0.224407812991044,0.000362704604731118,"violation"
377,10050,"reverse",0.589635545999867,0.23382036694452,0.494855232313448,0.4133690223815,0.219760551105661,-0.0140598158388592,"max_iter reached without violation in either orientation",0,0.62448275862069,0,10050,0.186763030990437,0.681938004966007,0.378191350125135,0.472103391050404,0.651251151176116,-0.030686853789891,"max_iter reached without violation",0,10050,0.589635545999867,0.23382036694452,0.494855232313448,0.4133690223815,0.219760551105661,-0.0140598158388592,"max_iter reached without violation"
378,10050,"reverse",0.636070686428954,0.210739283198067,0.485801511765803,0.39713605553734,0.194892752177465,-0.0158465310206021,"max_iter reached without violation in either orientation",0,0.62448275862069,0,10050,0.233310460082407,0.595671721882428,0.413030031697434,0.493939658989943,0.56433407368407,-0.0313376481983582,"max_iter reached without violation",0,10050,0.636070686428954,0.210739283198067,0.485801511765803,0.39713605553734,0.194892752177465,-0.0158465310206021,"max_iter reached without violation"
379,10050,"reverse",0.655778032351182,0.19312408207916,0.480518766226589,0.383439778467616,0.184338712472325,-0.00878536960683504,"max_iter reached without violation in either orientation",0,0.62448275862069,0,10050,0.205009012484942,0.639226009510625,0.392811120919963,0.485015013558492,0.61718079716488,-0.022045212345745,"max_iter reached without violation",0,10050,0.655778032351182,0.19312408207916,0.480518766226589,0.383439778467616,0.184338712472325,-0.00878536960683504,"max_iter reached without violation"
380,10050,"reverse",0.598540400210009,0.234942049401796,0.493477608905738,0.414111721170689,0.214991660090442,-0.0199503893113537,"max_iter reached without violation in either orientation",0,0.62448275862069,0,10050,0.231168499691029,0.591515965045692,0.411596655280931,0.494578222956997,0.568333713212054,-0.0231822518336381,"max_iter reached without violation",0,10050,0.598540400210009,0.234942049401796,0.493477608905738,0.414111721170689,0.214991660090442,-0.0199503893113537,"max_iter reached without violation"
381,10050,"reverse",0.602199518305163,0.221879977904242,0.492862940754676,0.405202290608589,0.213032061988574,-0.00884791591566855,"max_iter reached without violation in either orientation",0,0.62448275862069,0,10050,0.213909439313516,0.617714484349694,0.399476663167866,0.489938528176796,0.600561209285108,-0.0171532750645854,"max_iter reached without violation",0,10050,0.602199518305163,0.221879977904242,0.492862940754676,0.405202290608589,0.213032061988574,-0.00884791591566855,"max_iter reached without violation"
382,10050,"forward",0.204087643400723,0.629856285538089,0.392104207149862,0.487285422512305,0.618901251111618,-0.0109550344264711,"max_iter reached without violation in either orientation",0,0.62448275862069,0,10050,0.204087643400723,0.629856285538089,0.392104207149862,0.487285422512305,0.618901251111618,-0.0109550344264711,"max_iter reached without violation",0,10050,0.553360578266711,0.252156262127729,0.498764752225359,0.425005118508759,0.239187187816118,-0.0129690743116105,"max_iter reached without violation"
383,10050,"reverse",0.650460218228636,0.205623191310128,0.482031788046196,0.393280557982715,0.187186605923599,-0.0184365853865291,"max_iter reached without violation in either orientation",0,0.62448275862069,0,10050,0.212068871144476,0.632322690729641,0.398122185667821,0.486706773203437,0.603998065182385,-0.0283246255472557,"max_iter reached without violation",0,10050,0.650460218228636,0.205623191310128,0.482031788046196,0.393280557982715,0.187186605923599,-0.0184365853865291,"max_iter reached without violation"
384,10050,"reverse",0.61662806234498,0.224024463426552,0.49016021181013,0.406704730003832,0.205305023183626,-0.0187194402429268,"max_iter reached without violation in either orientation",0,0.62448275862069,0,10050,0.207260740177921,0.638141458614971,0.394525242633564,0.485287872504578,0.612976191363881,-0.0251652672510894,"max_iter reached without violation",0,10050,0.61662806234498,0.224024463426552,0.49016021181013,0.406704730003832,0.205305023183626,-0.0187194402429268,"max_iter reached without violation"
385,80,"reverse",0.0732709191287606,0.863053876615838,0.15612494995996,0.446514277487294,0.863172687420937,0.000118810805099123,"violation in reverse orientation",1,0.62448275862069,0,10050,0.156300174647093,0.737100639136189,0.350564308328592,0.448656937093145,0.708133829705835,-0.0289668094303537,"max_iter reached without violation",1,80,0.0732709191287606,0.863053876615838,0.15612494995996,0.446514277487294,0.863172687420937,0.000118810805099123,"violation"
386,10050,"reverse",0.665127658468947,0.187789435000948,0.47769867578932,0.379049577513696,0.179331629039349,-0.00845780596159948,"max_iter reached without violation in either orientation",0,0.62448275862069,0,10050,0.207056067275179,0.630152280006566,0.39437022335928,0.487216691476041,0.613358372955759,-0.0167939070508071,"max_iter reached without violation",0,10050,0.665127658468947,0.187789435000948,0.47769867578932,0.379049577513696,0.179331629039349,-0.00845780596159948,"max_iter reached without violation"
387,10050,"reverse",0.640014713524633,0.206749046852764,0.484814922186328,0.394137391726968,0.192780574376852,-0.013968472475912,"max_iter reached without violation in either orientation",0,0.62448275862069,0,10050,0.209204839717346,0.6355775940833,0.395989911112304,0.485922402420112,0.60934601342244,-0.0262315806608592,"max_iter reached without violation",0,10050,0.640014713524633,0.206749046852764,0.484814922186328,0.394137391726968,0.192780574376852,-0.013968472475912,"max_iter reached without violation"
388,10050,"reverse",0.644450224707741,0.202858962020329,0.483663455677562,0.391156478925216,0.190405187994339,-0.0124537740259897,"max_iter reached without violation in either orientation",0,0.62448275862069,0,10050,0.200298507911341,0.641887681734142,0.389162866216919,0.484334130545369,0.625976627547721,-0.0159110541864208,"max_iter reached without violation",0,10050,0.644450224707741,0.202858962020329,0.483663455677562,0.391156478925216,0.190405187994339,-0.0124537740259897,"max_iter reached without violation"
389,80,"forward",0.852434440271627,0.0732709191287607,0.452596674755792,0.15612494995996,0.0790216623909266,0.00575074326216593,"violation in forward orientation",1,0.62448275862069,1,80,0.852434440271627,0.0732709191287607,0.452596674755792,0.15612494995996,0.0790216623909266,0.00575074326216593,"violation",0,10050,0.659617197932902,0.195687261852871,0.479385605900486,0.385507938805297,0.18228269203487,-0.0134045698180009,"max_iter reached without violation"
390,10050,"reverse",0.626205109208637,0.206237316575068,0.488117299992549,0.393748530158973,0.20017614721748,-0.00606116935758766,"max_iter reached without violation in either orientation",0,0.62448275862069,0,10050,0.20173247950501,0.647209281602221,0.390282497317245,0.482924649837178,0.623299001252141,-0.0239102803500799,"max_iter reached without violation",0,10050,0.626205109208637,0.206237316575068,0.488117299992549,0.393748530158973,0.20017614721748,-0.00606116935758766,"max_iter reached without violation"
391,10050,"reverse",0.588150814187752,0.231168499691029,0.495068714776731,0.411596655280931,0.220555681944608,-0.0106128177464216,"max_iter reached without violation in either orientation",0,0.62448275862069,0,10050,0.178956808475376,0.688615882387005,0.371516972385883,0.469688589498058,0.665827553364109,-0.0227883290228954,"max_iter reached without violation",0,10050,0.588150814187752,0.231168499691029,0.495068714776731,0.411596655280931,0.220555681944608,-0.0106128177464216,"max_iter reached without violation"
392,10050,"reverse",0.670143849015527,0.19271388062907,0.476100427472169,0.383106337819635,0.176645266583131,-0.016068614045939,"max_iter reached without violation in either orientation",0,0.62448275862069,0,10050,0.200196069883353,0.648982628549153,0.389082578433263,0.482440609669081,0.626167908015632,-0.0228147205335213,"max_iter reached without violation",0,10050,0.670143849015527,0.19271388062907,0.476100427472169,0.383106337819635,0.176645266583131,-0.016068614045939,"max_iter reached without violation"
393,10050,"reverse",0.674666385830152,0.19250877025128,0.474607715749976,0.382939353490564,0.174223274636683,-0.0182854956145965,"max_iter reached without violation in either orientation",0,0.62448275862069,0,10050,0.224432869394566,0.606549554609243,0.40698906375648,0.492095132937621,0.58091102009787,-0.0256385345113728,"max_iter reached without violation",0,10050,0.674666385830152,0.19250877025128,0.474607715749976,0.382939353490564,0.174223274636683,-0.0182854956145965,"max_iter reached without violation"
394,10050,"reverse",0.649573686207709,0.19353425784449,0.482277676893469,0.383772516630849,0.187661377827724,-0.00587288001676578,"max_iter reached without violation in either orientation",0,0.62448275862069,0,10050,0.175564122091121,0.689695749413452,0.368532941938478,0.469287625527649,0.672162648365465,-0.0175331010479864,"max_iter reached without violation",0,10050,0.649573686207709,0.19353425784449,0.482277676893469,0.383772516630849,0.187661377827724,-0.00587288001676578,"max_iter reached without violation"
395,10050,"reverse",0.704900660953477,0.17443279142284,0.463325979834943,0.367526362103346,0.158031660536693,-0.0164011308861468,"max_iter reached without violation in either orientation",0,0.62448275862069,0,10050,0.217793578317521,0.614553725867712,0.402294956036839,0.490576366791315,0.593308434698268,-0.0212452911694432,"max_iter reached without violation",0,10050,0.704900660953477,0.17443279142284,0.463325979834943,0.367526362103346,0.158031660536693,-0.0164011308861468,"max_iter reached without violation"
396,10050,"reverse",0.623145195101886,0.214625091348892,0.488791839579026,0.4,0.201814848598397,-0.0128102427504944,"max_iter reached without violation in either orientation",0,0.62448275862069,0,10050,0.194252003830428,0.662963143647476,0.384353123547994,0.478369848483183,0.637267142921155,-0.0256960007263202,"max_iter reached without violation",0,10050,0.623145195101886,0.214625091348892,0.488791839579026,0.4,0.201814848598397,-0.0128102427504944,"max_iter reached without violation"
397,10050,"reverse",0.604869032677544,0.221982109812539,0.492396542524641,0.405274205940183,0.211602434640947,-0.0103796751715921,"max_iter reached without violation in either orientation",0,0.62448275862069,0,10050,0.190457310519893,0.665127658468947,0.381259774780849,0.47769867578932,0.644352897364835,-0.0207747611041124,"max_iter reached without violation",0,10050,0.604869032677544,0.221982109812539,0.492396542524641,0.405274205940183,0.211602434640947,-0.0103796751715921,"max_iter reached without violation"
398,250,"reverse",0.532942560928585,0.248773943553986,0.496854103334168,0.384187454245971,0.250121819325467,0.00134787577148154,"violation in reverse orientation",1,0.62448275862069,0,10050,0.194457059751725,0.658632915259407,0.384518618478012,0.479679407884224,0.636884246126439,-0.0217486691329682,"max_iter reached without violation",1,250,0.532942560928585,0.248773943553986,0.496854103334168,0.384187454245971,0.250121819325467,0.00134787577148154,"violation"
399,10050,"reverse",0.588843709930289,0.221777844635658,0.49496966116233,0.405130338072773,0.22018460969535,-0.00159323494030764,"max_iter reached without violation in either orientation",0,0.62448275862069,0,10050,0.196917236489536,0.662864747090231,0.386491037920687,0.478400095961058,0.63229040761944,-0.0305743394707907,"max_iter reached without violation",0,10050,0.588843709930289,0.221777844635658,0.49496966116233,0.405130338072773,0.22018460969535,-0.00159323494030764,"max_iter reached without violation"
400,10050,"reverse",0.685473851100557,0.182142125752894,0.470838621714308,0.374272241688113,0.168435462415499,-0.0137066633373955,"max_iter reached without violation in either orientation",0,0.62448275862069,0,10050,0.224841253883355,0.601507331970889,0.407272810046805,0.492981396867051,0.580148451961433,-0.0213588800094556,"max_iter reached without violation",0,10050,0.685473851100557,0.182142125752894,0.470838621714308,0.374272241688113,0.168435462415499,-0.0137066633373955,"max_iter reached without violation"
