"trial","stopped_at_n","selected_direction","T1_","T2_","s1","s2","beta_allowed","margin","reason","violation","eps","fwd_violation","fwd_stopped_at_n","fwd_T1_","fwd_T2_","fwd_s1","fwd_s2","fwd_beta_allowed","fwd_margin","fwd_reason","rev_violation","rev_stopped_at_n","rev_T1_","rev_T2_","rev_s1","rev_s2","rev_beta_allowed","rev_margin","rev_reason"
1,50,"reverse",0.216786995012799,0.654021127930363,0.3,0.498397431775084,0.731250403533618,0.0772292756032549,"violation in reverse orientation",1,0.214827586206897,1,60,0.53818458826428,0.34236971261758,0.481894409826699,0.4,0.372529425537628,0.0301597129200475,"violation",1,50,0.216786995012799,0.654021127930363,0.3,0.498397431775084,0.731250403533618,0.0772292756032549,"violation at burn-in"
2,50,"forward",0.612137383051339,0.302716065288689,0.493558507170123,0.366606055596467,0.312873147246348,0.0101570819576586,"violation in forward orientation",1,0.214827586206897,1,50,0.612137383051339,0.302716065288689,0.493558507170123,0.366606055596467,0.312873147246348,0.0101570819576586,"violation at burn-in",1,90,0.395765536459536,0.507348898454775,0.442216638714053,0.481894409826699,0.509379986437344,0.00203108798256924,"violation"
3,70,"forward",0.650660936341786,0.258342897757551,0.499795876701026,0.349927106111883,0.281796947591132,0.0234540498335815,"violation in forward orientation",1,0.214827586206897,1,70,0.650660936341786,0.258342897757551,0.499795876701026,0.349927106111883,0.281796947591132,0.0234540498335815,"violation",1,80,0.243974143961777,0.654590663251262,0.344374432848898,0.5,0.697547904741252,0.0429572414899896,"violation"
4,60,"forward",0.74303982794241,0.206777284463185,0.495535624910617,0.3,0.207276696105908,0.000499411642722769,"violation in forward orientation",1,0.214827586206897,1,60,0.74303982794241,0.206777284463185,0.495535624910617,0.3,0.207276696105908,0.000499411642722769,"violation",1,160,0.33870010349401,0.579109709427252,0.42934361238989,0.499022481958478,0.580121044619499,0.00101133519224628,"violation"
5,90,"reverse",0.261362863693741,0.657042967008405,0.362433476228891,0.499876527964533,0.675992010562455,0.0189490435540505,"violation in reverse orientation",1,0.214827586206897,1,230,0.477628423812767,0.418000744602214,0.487053561759571,0.470369681262557,0.421378903223685,0.00337815862147089,"violation",1,90,0.261362863693741,0.657042967008405,0.362433476228891,0.499876527964533,0.675992010562455,0.0189490435540505,"violation"
6,50,"forward",0.790712364249548,0.0745005976726398,0.489897948556636,0.14,0.168820190155339,0.0943195924826989,"violation in forward orientation",1,0.214827586206897,1,50,0.790712364249548,0.0745005976726398,0.489897948556636,0.14,0.168820190155339,0.0943195924826989,"violation at burn-in",1,70,0.239040057693904,0.66501401703857,0.334724986110285,0.5,0.703664435635921,0.0386504185973509,"violation"
7,50,"forward",0.80895608070809,0.152451248673278,0.485386443980464,0.237486841740758,0.154103339639388,0.00165209096610947,"violation in forward orientation",1,0.214827586206897,1,50,0.80895608070809,0.152451248673278,0.485386443980464,0.237486841740758,0.154103339639388,0.00165209096610947,"violation at burn-in",1,110,0.316792091153819,0.604951973890729,0.406659440842637,0.499255644281672,0.607279271501769,0.00232729761104011,"violation"
8,50,"reverse",0.4062591846095,0.454790769027509,0.427083130081252,0.448998886412873,0.496371554962407,0.0415807859348977,"violation in reverse orientation",1,0.214827586206897,1,90,0.554753840420317,0.275464716989807,0.492035329455212,0.372677996249965,0.35916333274093,0.0836986157511233,"violation",1,50,0.4062591846095,0.454790769027509,0.427083130081252,0.448998886412873,0.496371554962407,0.0415807859348977,"violation at burn-in"
9,60,"reverse",0.277090389131333,0.644232895622817,0.357071421427142,0.498887651569859,0.656495412810991,0.0122625171881739,"violation in reverse orientation",1,0.214827586206897,1,170,0.58377228191065,0.313034521257142,0.499446059932408,0.416610146108842,0.335754721530074,0.0227202002729324,"violation",1,60,0.277090389131333,0.644232895622817,0.357071421427142,0.498887651569859,0.656495412810991,0.0122625171881739,"violation"
10,50,"reverse",0.216786995012799,0.654021127930363,0.3,0.498397431775084,0.731250403533618,0.0772292756032549,"violation in reverse orientation",1,0.214827586206897,1,80,0.654590663251262,0.276559731956136,0.5,0.368908864084343,0.278626913479569,0.00206718152343227,"violation",1,50,0.216786995012799,0.654021127930363,0.3,0.498397431775084,0.731250403533618,0.0772292756032549,"violation at burn-in"
11,50,"forward",0.753238465893974,0.116284945699819,0.496386945839634,0.195959179422654,0.199049653631281,0.0827647079314621,"violation in forward orientation",1,0.214827586206897,1,50,0.753238465893974,0.116284945699819,0.496386945839634,0.195959179422654,0.199049653631281,0.0827647079314621,"violation at burn-in",1,240,0.428208646895778,0.467699668348294,0.474268442504407,0.485179663171856,0.469161944731313,0.00146227638301899,"violation"
12,90,"reverse",0.289392299544533,0.589508511541965,0.382325567424117,0.496903994999953,0.64124537237377,0.0517368608318048,"violation in reverse orientation",1,0.214827586206897,1,170,0.577822928217592,0.333085006469814,0.499134198484622,0.427797125542981,0.340553949207517,0.00746894273770371,"violation",1,90,0.289392299544533,0.589508511541965,0.382325567424117,0.496903994999953,0.64124537237377,0.0517368608318048,"violation"
13,50,"forward",0.772137383051339,0.152451248673278,0.493558507170123,0.237486841740758,0.183804265480772,0.0313530168074942,"violation in forward orientation",1,0.214827586206897,1,50,0.772137383051339,0.152451248673278,0.493558507170123,0.237486841740758,0.183804265480772,0.0313530168074942,"violation at burn-in",1,310,0.411937565050355,0.479325991542959,0.472159340994374,0.489897948556636,0.489332361176045,0.0100063696330861,"violation"
14,80,"forward",0.511130300599852,0.383879441563478,0.480722113075735,0.433012701892219,0.394353592136452,0.0104741505729738,"violation in forward orientation",1,0.214827586206897,1,80,0.511130300599852,0.383879441563478,0.480722113075735,0.433012701892219,0.394353592136452,0.0104741505729738,"violation",1,170,0.352921590561406,0.553875678598616,0.437988481623207,0.497189331979187,0.562491404541603,0.0086157259429871,"violation"
15,50,"forward",0.674489213358372,0.246504271019468,0.499599839871872,0.324961536185438,0.262575140910312,0.0160708698908443,"violation in forward orientation",1,0.214827586206897,1,50,0.674489213358372,0.246504271019468,0.499599839871872,0.324961536185438,0.262575140910312,0.0160708698908443,"violation at burn-in",1,70,0.25834289775755,0.636172957540227,0.349927106111883,0.499183005990176,0.679735705736542,0.043562748196315,"violation"
16,80,"reverse",0.308177297821902,0.616655263867034,0.3903123748999,0.498591766879478,0.617958584084723,0.0013033202176882,"violation in reverse orientation",1,0.214827586206897,1,90,0.543018751298959,0.330249254092939,0.489897948556636,0.408097059382377,0.368629800430387,0.0383805463374481,"violation",1,80,0.308177297821902,0.616655263867034,0.3903123748999,0.498591766879478,0.617958584084723,0.0013033202176882,"violation"
17,80,"forward",0.667042346118264,0.260399815732986,0.499843725578305,0.357071421427142,0.268582383581172,0.00818256784818594,"violation in forward orientation",1,0.214827586206897,1,80,0.667042346118264,0.260399815732986,0.499843725578305,0.357071421427142,0.268582383581172,0.00818256784818594,"violation",1,160,0.259030400808886,0.598041328914409,0.379967103839267,0.499843725578305,0.678883443853515,0.0808421149391054,"violation"
18,60,"reverse",0.299311814729174,0.592139703863035,0.372677996249965,0.493006648591635,0.62894866376491,0.0368089599018748,"violation in reverse orientation",1,0.214827586206897,1,70,0.606789975333154,0.277251743648749,0.496723961448963,0.363935405795914,0.317186796837166,0.0399350531884164,"violation",1,60,0.299311814729174,0.592139703863035,0.372677996249965,0.493006648591635,0.62894866376491,0.0368089599018748,"violation"
19,50,"reverse",0.355715993350399,0.501594493296846,0.4,0.466476151587624,0.55902732830477,0.0574328350079238,"violation in reverse orientation",1,0.214827586206897,1,120,0.626967521469259,0.291618594854466,0.5,0.393612189287318,0.300909963608663,0.009291368754197,"violation",1,50,0.355715993350399,0.501594493296846,0.4,0.466476151587624,0.55902732830477,0.0574328350079238,"violation at burn-in"
20,50,"reverse",0.302716065288689,0.56895608070809,0.366606055596467,0.485386443980464,0.624728590869945,0.0557725101618554,"violation in reverse orientation",1,0.214827586206897,1,50,0.524410079701748,0.329560327676681,0.47370877129308,0.384187454245971,0.383641053144105,0.0540807254674241,"violation at burn-in",1,50,0.302716065288689,0.56895608070809,0.366606055596467,0.485386443980464,0.624728590869945,0.0557725101618554,"violation at burn-in"
21,50,"forward",0.590712364249548,0.302716065288689,0.489897948556636,0.366606055596467,0.330156292362308,0.0274402270736187,"violation in forward orientation",1,0.214827586206897,1,50,0.590712364249548,0.302716065288689,0.489897948556636,0.366606055596467,0.330156292362308,0.0274402270736187,"violation at burn-in",1,90,0.187580741083115,0.700619622653076,0.3,0.496903994999953,0.767455882072101,0.0668362594190247,"violation"
22,90,"forward",0.433781791811234,0.433781791811234,0.458257569495584,0.458257569495584,0.462253205968917,0.0284714141576827,"violation in forward orientation",1,0.214827586206897,1,90,0.433781791811234,0.433781791811234,0.458257569495584,0.458257569495584,0.462253205968917,0.0284714141576827,"violation",1,90,0.421207676384509,0.47095319093603,0.453246178986025,0.471404520791032,0.477840684846513,0.00688749391048304,"violation"
23,90,"forward",0.743018751298959,0.202857682846242,0.489897948556636,0.314269680527354,0.207293698223418,0.00443601537717572,"violation in forward orientation",1,0.214827586206897,1,90,0.743018751298959,0.202857682846242,0.489897948556636,0.314269680527354,0.207293698223418,0.00443601537717572,"violation",1,140,0.447052513081979,0.431537353493532,0.472239562173303,0.467024886807929,0.446043894517352,0.0145065410238203,"violation"
24,90,"forward",0.589508511541965,0.289392299544533,0.496903994999953,0.382325567424117,0.331127416879672,0.041735117335139,"violation in forward orientation",1,0.214827586206897,1,90,0.589508511541965,0.289392299544533,0.496903994999953,0.382325567424117,0.331127416879672,0.041735117335139,"violation",1,120,0.43479120276108,0.453039460561816,0.465176191231762,0.471404520791032,0.461001891556285,0.00796243099446992,"violation"
25,80,"forward",0.654590663251262,0.276559731956136,0.5,0.368908864084343,0.278626913479569,0.00206718152343227,"violation in forward orientation",1,0.214827586206897,1,80,0.654590663251262,0.276559731956136,0.5,0.368908864084343,0.278626913479569,0.00206718152343227,"violation",1,180,0.38364903816153,0.513980905559012,0.453246178986025,0.492035329455212,0.524400181089701,0.0104192755306888,"violation"
26,70,"forward",0.66501401703857,0.258342897757551,0.5,0.349927106111883,0.270218597119726,0.0118756993621753,"violation in forward orientation",1,0.214827586206897,1,70,0.66501401703857,0.258342897757551,0.5,0.349927106111883,0.270218597119726,0.0118756993621753,"violation",1,190,0.510764374047424,0.393376927751701,0.49192932402307,0.458257569495584,0.394648777954766,0.00127185020306531,"violation"
27,50,"forward",0.501594493296846,0.246504271019468,0.466476151587624,0.324961536185438,0.402045942044771,0.155541671025303,"violation in forward orientation",1,0.214827586206897,1,50,0.501594493296846,0.246504271019468,0.466476151587624,0.324961536185438,0.402045942044771,0.155541671025303,"violation at burn-in",1,90,0.247071505072811,0.668045886935067,0.351539822656808,0.499505928733089,0.693708266782153,0.0256623798470861,"violation"
28,50,"forward",0.56895608070809,0.329560327676681,0.485386443980464,0.384187454245971,0.347706662287751,0.0181463346110695,"violation in forward orientation",1,0.214827586206897,1,50,0.56895608070809,0.329560327676681,0.485386443980464,0.384187454245971,0.347706662287751,0.0181463346110695,"violation at burn-in",1,60,0.277090389131333,0.609706494609077,0.357071421427142,0.495535624910617,0.656495412810991,0.0467889182019142,"violation"
29,50,"reverse",0.246504271019468,0.61213738305134,0.324961536185438,0.493558507170123,0.694411437424785,0.0822740543734451,"violation in reverse orientation",1,0.214827586206897,1,90,0.657042967008405,0.275464716989807,0.499876527964533,0.372677996249965,0.276648687831544,0.00118397084173705,"violation",1,50,0.246504271019468,0.61213738305134,0.324961536185438,0.493558507170123,0.694411437424785,0.0822740543734451,"violation at burn-in"
30,90,"forward",0.657042967008405,0.261362863693741,0.499876527964533,0.362433476228891,0.276648687831544,0.015285824137803,"violation in forward orientation",1,0.214827586206897,1,90,0.657042967008405,0.261362863693741,0.499876527964533,0.362433476228891,0.276648687831544,0.015285824137803,"violation",1,100,0.322972911087052,0.567316518042841,0.407308237088326,0.495075751779463,0.599617229530154,0.0323007114873128,"violation"
31,50,"reverse",0.246504271019468,0.633238465893974,0.324961536185438,0.496386945839634,0.694411437424785,0.0611729715308111,"violation in reverse orientation",1,0.214827586206897,1,90,0.645967901805191,0.275464716989807,0.5,0.372677996249965,0.285582727089417,0.0101180100996097,"violation",1,50,0.246504271019468,0.633238465893974,0.324961536185438,0.496386945839634,0.694411437424785,0.0611729715308111,"violation at burn-in"
32,60,"forward",0.404119734820393,0.463104996184793,0.433012701892219,0.458257569495584,0.499023719927149,0.0359187237423564,"violation in forward orientation",1,0.214827586206897,1,60,0.404119734820393,0.463104996184793,0.433012701892219,0.458257569495584,0.499023719927149,0.0359187237423564,"violation",1,100,0.310945864384819,0.587987176577287,0.4,0.49749371855331,0.614526535677646,0.0265393591003592,"violation"
33,90,"reverse",0.316774321444153,0.554753840420317,0.4,0.492035329455212,0.607301299689414,0.0525474592690967,"violation in reverse orientation",1,0.214827586206897,1,160,0.604317250201883,0.317349074358807,0.499960935974002,0.417582327212252,0.319181496009707,0.00183242165090042,"violation",1,90,0.316774321444153,0.554753840420317,0.4,0.492035329455212,0.607301299689414,0.0525474592690967,"violation"
34,90,"forward",0.657042967008405,0.261362863693741,0.499876527964533,0.362433476228891,0.276648687831544,0.015285824137803,"violation in forward orientation",1,0.214827586206897,1,90,0.657042967008405,0.261362863693741,0.499876527964533,0.362433476228891,0.276648687831544,0.015285824137803,"violation",1,130,0.251455309951451,0.660260286805724,0.36802688350479,0.498518515262143,0.688273891191479,0.0280136043857557,"violation"
35,50,"forward",0.714489213358372,0.216786995012799,0.499599839871872,0.3,0.230307920468919,0.0135209254561192,"violation in forward orientation",1,0.214827586206897,1,50,0.714489213358372,0.216786995012799,0.499599839871872,0.3,0.230307920468919,0.0135209254561192,"violation at burn-in",1,80,0.338978878076396,0.564705087131815,0.409076704298839,0.49228421668788,0.579775462225263,0.0150703750934484,"violation"
36,90,"reverse",0.247071505072811,0.668045886935067,0.351539822656808,0.499505928733089,0.693708266782153,0.0256623798470861,"violation in reverse orientation",1,0.214827586206897,1,240,0.4414370072088,0.4414370072088,0.478260011802041,0.478260011802041,0.452763432393322,0.0113264251845219,"violation",1,90,0.247071505072811,0.668045886935067,0.351539822656808,0.499505928733089,0.693708266782153,0.0256623798470861,"violation"
37,100,"forward",0.638682330481023,0.274187264057314,0.5,0.375632799419859,0.291459855488377,0.0172725914310636,"violation in forward orientation",1,0.214827586206897,1,100,0.638682330481023,0.274187264057314,0.5,0.375632799419859,0.291459855488377,0.0172725914310636,"violation",1,110,0.400967433231594,0.491038274302675,0.449885201151223,0.481045692920835,0.502931464747655,0.0118931904449801,"violation"
38,50,"forward",0.714489213358372,0.116284945699819,0.499599839871872,0.195959179422654,0.230307920468919,0.114022974769099,"violation in forward orientation",1,0.214827586206897,1,50,0.714489213358372,0.116284945699819,0.499599839871872,0.195959179422654,0.230307920468919,0.114022974769099,"violation at burn-in",1,90,0.261362863693741,0.589508511541965,0.362433476228891,0.496903994999953,0.675992010562455,0.0864834990204901,"violation"
39,110,"forward",0.668434804605088,0.261614030131997,0.498675932796454,0.369945271806833,0.267459114457426,0.00584508432542902,"violation in forward orientation",1,0.214827586206897,1,110,0.668434804605088,0.261614030131997,0.498675932796454,0.369945271806833,0.267459114457426,0.00584508432542902,"violation",1,150,0.31448538914479,0.607368134925899,0.41424630354416,0.499955553580071,0.610138770370869,0.00277063544496958,"violation"
40,60,"reverse",0.383872428163307,0.519765062450468,0.422952584681651,0.476969600708473,0.524123256088141,0.00435819363767254,"violation in reverse orientation",1,0.214827586206897,1,150,0.580457890619215,0.322162232949454,0.498887651569859,0.418675159149536,0.338428376390819,0.0162661434413645,"violation",1,60,0.383872428163307,0.519765062450468,0.422952584681651,0.476969600708473,0.524123256088141,0.00435819363767254,"violation"
41,60,"reverse",0.34236971261758,0.556383151271119,0.4,0.486198404860494,0.57557202047255,0.0191888692014304,"violation in reverse orientation",1,0.214827586206897,1,150,0.73071173515061,0.210868982837298,0.485386443980464,0.339934634239519,0.217221528299283,0.00635254546198452,"violation",1,60,0.34236971261758,0.556383151271119,0.4,0.486198404860494,0.57557202047255,0.0191888692014304,"violation"
42,60,"forward",0.627070094348715,0.299311814729174,0.49749371855331,0.372677996249965,0.300827220065845,0.00151540533667049,"violation in forward orientation",1,0.214827586206897,1,60,0.627070094348715,0.299311814729174,0.49749371855331,0.372677996249965,0.300827220065845,0.00151540533667049,"violation",1,110,0.348881957255449,0.548818706842662,0.424848052565379,0.49326036240911,0.567499128480261,0.018680421637599,"violation"
43,150,"reverse",0.283408783110177,0.647124557285881,0.39491208585653,0.498887651569859,0.648662827428782,0.00153827014290098,"violation in reverse orientation",1,0.214827586206897,1,280,0.61685322230711,0.279949958143328,0.498965767096996,0.4078158598071,0.309068971625544,0.0291190134822163,"violation",1,150,0.283408783110177,0.647124557285881,0.39491208585653,0.498887651569859,0.648662827428782,0.00153827014290098,"violation"
44,90,"reverse",0.369905994351297,0.495299770270681,0.429757324573638,0.478681316189734,0.541436719870838,0.0461369496001568,"violation in reverse orientation",1,0.214827586206897,1,230,0.473088921273088,0.422636144409073,0.486023951738509,0.471914413438058,0.425040831452237,0.00240468704316399,"violation",1,90,0.369905994351297,0.495299770270681,0.429757324573638,0.478681316189734,0.541436719870838,0.0461369496001568,"violation"
45,50,"forward",0.753238465893974,0.0745005976726398,0.496386945839634,0.14,0.199049653631281,0.124549055958642,"violation in forward orientation",1,0.214827586206897,1,50,0.753238465893974,0.0745005976726398,0.496386945839634,0.14,0.199049653631281,0.124549055958642,"violation at burn-in",1,80,0.276559731956136,0.629397303997039,0.368908864084343,0.499374608885954,0.657153240994439,0.0277559369974002,"violation"
46,110,"reverse",0.261614030131997,0.668434804605088,0.369945271806833,0.498675932796454,0.675680652552909,0.00724584794782102,"violation in reverse orientation",1,0.214827586206897,1,160,0.604317250201883,0.28115698818386,0.499960935974002,0.395235293844059,0.319181496009707,0.0380245078258476,"violation",1,110,0.261614030131997,0.668434804605088,0.369945271806833,0.498675932796454,0.675680652552909,0.00724584794782102,"violation"
47,50,"reverse",0.216786995012799,0.61213738305134,0.3,0.493558507170123,0.731250403533618,0.119113020482278,"violation in reverse orientation",1,0.214827586206897,1,120,0.68443380981172,0.25103315076085,0.496585563847986,0.365053268563492,0.254553028761291,0.00351987800044079,"violation",1,50,0.216786995012799,0.61213738305134,0.3,0.493558507170123,0.731250403533618,0.119113020482278,"violation at burn-in"
48,70,"forward",0.606789975333154,0.295810536031579,0.496723961448963,0.376883027379226,0.317186796837166,0.021376260805587,"violation in forward orientation",1,0.214827586206897,1,70,0.606789975333154,0.295810536031579,0.496723961448963,0.376883027379226,0.317186796837166,0.021376260805587,"violation",1,150,0.299023510456273,0.627337716181324,0.404914257041606,0.499822190606042,0.629306059622325,0.00196834344100083,"violation"
49,100,"reverse",0.322972911087052,0.577680196938796,0.407308237088326,0.496386945839634,0.599617229530154,0.0219370325913579,"violation in reverse orientation",1,0.214827586206897,1,230,0.531520167062986,0.375890519635587,0.496281065556853,0.4543634280658,0.377905484238039,0.00201496460245232,"violation",1,100,0.322972911087052,0.577680196938796,0.407308237088326,0.496386945839634,0.599617229530154,0.0219370325913579,"violation"
50,50,"forward",0.524410079701748,0.355715993350399,0.47370877129308,0.4,0.383641053144105,0.027925059793706,"violation in forward orientation",1,0.214827586206897,1,50,0.524410079701748,0.355715993350399,0.47370877129308,0.4,0.383641053144105,0.027925059793706,"violation at burn-in",1,60,0.363298063516486,0.53818458826428,0.411973569810276,0.481894409826699,0.549628229079774,0.011443640815494,"violation"
51,50,"forward",0.674489213358372,0.246504271019468,0.499599839871872,0.324961536185438,0.262575140910312,0.0160708698908443,"violation in forward orientation",1,0.214827586206897,1,50,0.674489213358372,0.246504271019468,0.499599839871872,0.324961536185438,0.262575140910312,0.0160708698908443,"violation at burn-in",1,110,0.411196235626877,0.451542079869589,0.454181672610793,0.469217741838689,0.490251348821511,0.0387092689519219,"violation"
52,60,"forward",0.710899562289484,0.206777284463185,0.498887651569859,0.3,0.233203622027606,0.0264263375644211,"violation in forward orientation",1,0.214827586206897,1,60,0.710899562289484,0.206777284463185,0.498887651569859,0.3,0.233203622027606,0.0264263375644211,"violation",1,70,0.295810536031579,0.59189294941248,0.376883027379226,0.494871659305394,0.633289017411367,0.0413960679988866,"violation"
53,130,"forward",0.543783283898899,0.360177427802966,0.494047406871736,0.43521062030202,0.368013066881965,0.00783563907899881,"violation in forward orientation",1,0.214827586206897,1,130,0.543783283898899,0.360177427802966,0.494047406871736,0.43521062030202,0.368013066881965,0.00783563907899881,"violation",1,140,0.335784022647121,0.574592224678815,0.424444414764159,0.498159879261791,0.583735958835225,0.00914373415640946,"violation"
54,90,"forward",0.554753840420317,0.356808336031459,0.492035329455212,0.422952584681651,0.35916333274093,0.00235499670947126,"violation in forward orientation",1,0.214827586206897,1,90,0.554753840420317,0.356808336031459,0.492035329455212,0.422952584681651,0.35916333274093,0.00235499670947126,"violation",1,140,0.319320750326329,0.60354936649719,0.415208332266675,0.499795876701026,0.604144623846446,0.000595257349256029,"violation"
55,90,"forward",0.577997924209187,0.289392299544533,0.495535624910617,0.382325567424117,0.340412783351588,0.0510204838070555,"violation in forward orientation",1,0.214827586206897,1,90,0.577997924209187,0.289392299544533,0.495535624910617,0.382325567424117,0.340412783351588,0.0510204838070555,"violation",1,110,0.369912791387257,0.539305562933781,0.435605401844034,0.491666083017817,0.541428293937811,0.00212273100403038,"violation"
56,110,"forward",0.510487804411299,0.39067852237157,0.485832335123178,0.445361771415123,0.394871881290172,0.00419335891860168,"violation in forward orientation",1,0.214827586206897,1,110,0.510487804411299,0.39067852237157,0.485832335123178,0.445361771415123,0.394871881290172,0.00419335891860168,"violation",1,120,0.311460526685915,0.610230297686019,0.406116431033707,0.499722145018832,0.613888535510223,0.0036582378242046,"violation"
57,50,"forward",0.524410079701748,0.329560327676681,0.47370877129308,0.384187454245971,0.383641053144105,0.0540807254674241,"violation in forward orientation",1,0.214827586206897,1,50,0.524410079701748,0.329560327676681,0.47370877129308,0.384187454245971,0.383641053144105,0.0540807254674241,"violation at burn-in",1,80,0.227252112493843,0.703815767828986,0.330718913883074,0.49749371855331,0.718277340049515,0.0144615722205294,"violation"
58,90,"reverse",0.261362863693741,0.657042967008405,0.362433476228891,0.499876527964533,0.675992010562455,0.0189490435540505,"violation in reverse orientation",1,0.214827586206897,1,200,0.692622575932987,0.244701233898459,0.490892045158607,0.375632799419859,0.247947310721842,0.00324607682338307,"violation",1,90,0.261362863693741,0.657042967008405,0.362433476228891,0.499876527964533,0.675992010562455,0.0189490435540505,"violation"
59,60,"forward",0.710899562289484,0.230926430345563,0.498887651569859,0.321022671404304,0.233203622027606,0.00227719168204304,"violation in forward orientation",1,0.214827586206897,1,60,0.710899562289484,0.230926430345563,0.498887651569859,0.321022671404304,0.233203622027606,0.00227719168204304,"violation",1,160,0.352796350711866,0.534324833300536,0.436561493377508,0.49434299833213,0.562646657888904,0.028321824588368,"violation"
60,100,"forward",0.460420391058284,0.427104455396434,0.47021271782035,0.458257569495584,0.435260287879975,0.00815583248354124,"violation in forward orientation",1,0.214827586206897,1,100,0.460420391058284,0.427104455396434,0.47021271782035,0.458257569495584,0.435260287879975,0.00815583248354124,"violation",1,130,0.454071097313765,0.43733427682899,0.473186353822452,0.467651820109867,0.440382139402514,0.0030478625735243,"violation"
61,60,"reverse",0.230926430345563,0.710899562289484,0.321022671404304,0.498887651569859,0.713722478736445,0.00282291644696087,"violation in reverse orientation",1,0.214827586206897,1,80,0.538126767493411,0.369072457693506,0.487179381747627,0.42555111326373,0.372576068426621,0.003503610733115,"violation",1,60,0.230926430345563,0.710899562289484,0.321022671404304,0.498887651569859,0.713722478736445,0.00282291644696087,"violation"
62,110,"forward",0.586418960663303,0.327565307208637,0.497929597731969,0.413011516058202,0.333619697361339,0.00605439015270148,"violation in forward orientation",1,0.214827586206897,1,110,0.586418960663303,0.327565307208637,0.497929597731969,0.413011516058202,0.333619697361339,0.00605439015270148,"violation",1,250,0.382033340415895,0.520674100222856,0.458257569495584,0.495354418573207,0.526403077804736,0.0057289775818804,"violation"
63,160,"forward",0.534324833300536,0.345761529163151,0.49434299833213,0.433012701892219,0.37564301464425,0.0298814854810991,"violation in forward orientation",1,0.214827586206897,1,160,0.534324833300536,0.345761529163151,0.49434299833213,0.433012701892219,0.37564301464425,0.0298814854810991,"violation",1,160,0.331611385567067,0.585437582923543,0.42555111326373,0.499374608885954,0.588908560655865,0.00347097773232186,"violation"
64,50,"reverse",0.185611725055255,0.714489213358372,0.271293199325011,0.499599839871872,0.76989676914068,0.0554075557823078,"violation in reverse orientation",1,0.214827586206897,1,50,0.633238465893974,0.275078575707952,0.496386945839634,0.346987031457949,0.295851314955463,0.0207727392475108,"violation at burn-in",1,50,0.185611725055255,0.714489213358372,0.271293199325011,0.499599839871872,0.76989676914068,0.0554075557823078,"violation at burn-in"
65,50,"reverse",0.329560327676681,0.56895608070809,0.384187454245971,0.485386443980464,0.591451150767227,0.0224950700591372,"violation in reverse orientation",1,0.214827586206897,1,60,0.644232895622817,0.277090389131333,0.498887651569859,0.357071421427142,0.286982322763263,0.00989193363192969,"violation",1,50,0.329560327676681,0.56895608070809,0.384187454245971,0.485386443980464,0.591451150767227,0.0224950700591372,"violation at burn-in"
66,50,"forward",0.590712364249548,0.302716065288689,0.489897948556636,0.366606055596467,0.330156292362308,0.0274402270736187,"violation in forward orientation",1,0.214827586206897,1,50,0.590712364249548,0.302716065288689,0.489897948556636,0.366606055596467,0.330156292362308,0.0274402270736187,"violation at burn-in",1,220,0.357392939755917,0.553824911318395,0.445361771415123,0.498323636085016,0.556948504802059,0.00312359348366398,"violation"
67,50,"forward",0.524410079701748,0.275078575707952,0.47370877129308,0.346987031457949,0.383641053144105,0.108562477436153,"violation in forward orientation",1,0.214827586206897,1,50,0.524410079701748,0.275078575707952,0.47370877129308,0.346987031457949,0.383641053144105,0.108562477436153,"violation at burn-in",1,90,0.330249254092939,0.566413277978533,0.408097059382377,0.493913572686508,0.590597124412513,0.0241838464339799,"violation"
68,100,"forward",0.658571340202755,0.261683564317147,0.499599839871872,0.366606055596467,0.275415778962074,0.0137322146449267,"violation in forward orientation",1,0.214827586206897,1,100,0.658571340202755,0.261683564317147,0.499599839871872,0.366606055596467,0.275415778962074,0.0137322146449267,"violation",1,110,0.338260821129089,0.567708589227794,0.419070202604222,0.495933879890395,0.580665600188788,0.0129570109609937,"violation"
69,50,"reverse",0.216786995012799,0.654021127930363,0.3,0.498397431775084,0.731250403533618,0.0772292756032549,"violation in reverse orientation",1,0.214827586206897,1,170,0.601530915781143,0.319742805792186,0.499965396726489,0.420454524200198,0.321429177684144,0.00168637189195797,"violation",1,50,0.216786995012799,0.654021127930363,0.3,0.498397431775084,0.731250403533618,0.0772292756032549,"violation at burn-in"
70,100,"forward",0.638682330481023,0.286560022992806,0.5,0.384187454245971,0.291459855488377,0.00489983249557163,"violation in forward orientation",1,0.214827586206897,1,100,0.638682330481023,0.286560022992806,0.5,0.384187454245971,0.291459855488377,0.00489983249557163,"violation",1,170,0.34633220374292,0.535756589838183,0.43469752439629,0.494992223209681,0.570659925695082,0.034903335856899,"violation"
71,50,"forward",0.546859192020479,0.329560327676681,0.48,0.384187454245971,0.365531791746552,0.0359714640698713,"violation in forward orientation",1,0.214827586206897,1,50,0.546859192020479,0.329560327676681,0.48,0.384187454245971,0.365531791746552,0.0359714640698713,"violation at burn-in",1,60,0.363298063516486,0.501117648712452,0.411973569810276,0.471404520791032,0.549628229079774,0.0485105803673228,"violation"
72,60,"forward",0.501117648712451,0.383872428163307,0.471404520791032,0.422952584681651,0.402430603277795,0.018558175114488,"violation in forward orientation",1,0.214827586206897,1,60,0.501117648712451,0.383872428163307,0.471404520791032,0.422952584681651,0.402430603277795,0.018558175114488,"violation",1,60,0.299311814729174,0.627070094348715,0.372677996249965,0.49749371855331,0.62894866376491,0.0018785694161948,"violation"
73,50,"forward",0.612137383051339,0.275078575707952,0.493558507170123,0.346987031457949,0.312873147246348,0.0377945715383955,"violation in forward orientation",1,0.214827586206897,1,50,0.612137383051339,0.275078575707952,0.493558507170123,0.346987031457949,0.312873147246348,0.0377945715383955,"violation at burn-in",1,170,0.258372437809822,0.671223278310158,0.381220041082815,0.495795470722482,0.679699086465508,0.0084758081553491,"violation"
74,80,"forward",0.469812757386282,0.427434440271627,0.46837484987988,0.452596674755792,0.427683649010679,0.000249208739052265,"violation in forward orientation",1,0.214827586206897,1,80,0.469812757386282,0.427434440271627,0.46837484987988,0.452596674755792,0.427683649010679,0.000249208739052265,"violation",1,170,0.319742805792186,0.58377228191065,0.420454524200198,0.499446059932408,0.603621423570645,0.0198491416599953,"violation"
75,80,"reverse",0.32367253060101,0.577841623971563,0.4,0.49434299833213,0.598749947496701,0.0209083235251378,"violation in reverse orientation",1,0.214827586206897,1,160,0.527856174668703,0.324494638919108,0.493354271796647,0.421631874388073,0.380861155495087,0.0563665165759787,"violation",1,80,0.32367253060101,0.577841623971563,0.4,0.49434299833213,0.598749947496701,0.0209083235251378,"violation"
76,50,"forward",0.654021127930363,0.185611725055255,0.498397431775085,0.271293199325011,0.279086346523284,0.0934746214680292,"violation in forward orientation",1,0.214827586206897,1,50,0.654021127930363,0.185611725055255,0.498397431775085,0.271293199325011,0.279086346523284,0.0934746214680292,"violation at burn-in",1,70,0.295810536031579,0.621549582751732,0.376883027379226,0.498159879261791,0.633289017411367,0.0117394346596349,"violation"
77,90,"reverse",0.316774321444153,0.600945650434495,0.4,0.498020774022555,0.607301299689414,0.00635564925491938,"violation in reverse orientation",1,0.214827586206897,1,240,0.523756035774549,0.370087431437868,0.495535624910617,0.452596674755792,0.384168657633537,0.0140812261956693,"violation",1,90,0.316774321444153,0.600945650434495,0.4,0.498020774022555,0.607301299689414,0.00635564925491938,"violation"
78,50,"reverse",0.246504271019468,0.633238465893974,0.324961536185438,0.496386945839634,0.694411437424785,0.0611729715308111,"violation in reverse orientation",1,0.214827586206897,1,90,0.634820744786182,0.289392299544533,0.499876527964533,0.382325567424117,0.294574921410096,0.00518262186556356,"violation",1,50,0.246504271019468,0.633238465893974,0.324961536185438,0.496386945839634,0.694411437424785,0.0611729715308111,"violation at burn-in"
79,50,"forward",0.654021127930363,0.216786995012799,0.498397431775085,0.3,0.279086346523284,0.0622993515104845,"violation in forward orientation",1,0.214827586206897,1,50,0.654021127930363,0.216786995012799,0.498397431775085,0.3,0.279086346523284,0.0622993515104845,"violation at burn-in",1,180,0.484982802334419,0.401862018058301,0.486198404860494,0.460642331993806,0.415446269399495,0.0135842513411936,"violation"
80,50,"forward",0.694644991687999,0.216786995012799,0.5,0.3,0.246315867347064,0.0295288723342647,"violation in forward orientation",1,0.214827586206897,1,50,0.694644991687999,0.216786995012799,0.5,0.3,0.246315867347064,0.0295288723342647,"violation at burn-in",1,110,0.500787243770971,0.39067852237157,0.483530405344444,0.445361771415123,0.402697134504836,0.0120186121332659,"violation"
81,50,"reverse",0.275078575707952,0.56895608070809,0.346987031457949,0.485386443980464,0.658989353591586,0.0900332728834963,"violation in reverse orientation",1,0.214827586206897,1,100,0.514629046470215,0.358457767577596,0.485386443980464,0.427083130081252,0.391531222029767,0.0330734544521709,"violation",1,50,0.275078575707952,0.56895608070809,0.346987031457949,0.485386443980464,0.658989353591586,0.0900332728834963,"violation at burn-in"
82,90,"reverse",0.303158498150334,0.600945650434495,0.391420332306856,0.498020774022555,0.624180129793233,0.0232344793587383,"violation in reverse orientation",1,0.214827586206897,1,160,0.6600216206812,0.259030400808886,0.49749371855331,0.379967103839267,0.274245865964578,0.0152154651556919,"violation",1,90,0.303158498150334,0.600945650434495,0.391420332306856,0.498020774022555,0.624180129793233,0.0232344793587383,"violation"
83,90,"reverse",0.303158498150334,0.577997924209187,0.391420332306856,0.495535624910617,0.624180129793233,0.0461822055840458,"violation in reverse orientation",1,0.214827586206897,1,120,0.559167193522576,0.350374561746575,0.495535624910617,0.428093317968044,0.355603166805023,0.00522860505844852,"violation",1,90,0.303158498150334,0.577997924209187,0.391420332306856,0.495535624910617,0.624180129793233,0.0461822055840458,"violation"
84,140,"reverse",0.423735736507068,0.470112083915969,0.464230765979198,0.479157423749955,0.474706779802352,0.00459469588638317,"violation in reverse orientation",1,0.214827586206897,1,190,0.564763520404773,0.341171906318264,0.498640811887453,0.434521419801059,0.351088718975775,0.00991681265751082,"violation",1,140,0.423735736507068,0.470112083915969,0.464230765979198,0.479157423749955,0.474706779802352,0.00459469588638317,"violation"
85,150,"forward",0.58721595995273,0.329804537087069,0.499288382489407,0.422952584681651,0.33297677356725,0.00317223648018045,"violation in forward orientation",1,0.214827586206897,1,150,0.58721595995273,0.329804537087069,0.499288382489407,0.422952584681651,0.33297677356725,0.00317223648018045,"violation",1,270,0.398969516918581,0.492253067903861,0.465901783511597,0.491351820793393,0.505408178001145,0.013155110097284,"violation"
86,50,"forward",0.633238465893974,0.216786995012799,0.496386945839634,0.3,0.295851314955463,0.0790643199426635,"violation in forward orientation",1,0.214827586206897,1,50,0.633238465893974,0.216786995012799,0.496386945839634,0.3,0.295851314955463,0.0790643199426635,"violation at burn-in",1,90,0.330249254092939,0.589508511541965,0.408097059382377,0.496903994999953,0.590597124412513,0.00108861287054773,"violation"
87,60,"forward",0.627070094348715,0.277090389131333,0.49749371855331,0.357071421427142,0.300827220065845,0.0237368309345121,"violation in forward orientation",1,0.214827586206897,1,60,0.627070094348715,0.277090389131333,0.49749371855331,0.357071421427142,0.300827220065845,0.0237368309345121,"violation",1,160,0.302968040723733,0.572764456021478,0.409076704298839,0.498591766879478,0.62441622998903,0.0516517739675517,"violation"
88,50,"reverse",0.185611725055255,0.694644991687999,0.271293199325011,0.5,0.76989676914068,0.0752517774526811,"violation in reverse orientation",1,0.214827586206897,1,140,0.559967969201867,0.352089851249444,0.496723961448963,0.433012701892219,0.354957196670829,0.00286734542138445,"violation",1,50,0.185611725055255,0.694644991687999,0.271293199325011,0.5,0.76989676914068,0.0752517774526811,"violation at burn-in"
89,50,"reverse",0.275078575707952,0.590712364249548,0.346987031457949,0.489897948556636,0.658989353591586,0.0682769893420376,"violation in reverse orientation",1,0.214827586206897,1,220,0.50255927468905,0.382189517959428,0.491666083017817,0.456246815906471,0.401267671698271,0.0190781537388432,"violation",1,50,0.275078575707952,0.590712364249548,0.346987031457949,0.489897948556636,0.658989353591586,0.0682769893420376,"violation at burn-in"
90,70,"reverse",0.349704765490709,0.515278239716522,0.410325903324145,0.479157423749955,0.566479135776825,0.0512008960603025,"violation in reverse orientation",1,0.214827586206897,1,90,0.47095319093603,0.343591528449175,0.471404520791032,0.415739709641549,0.426763683491967,0.0831721550427924,"violation",1,70,0.349704765490709,0.515278239716522,0.410325903324145,0.479157423749955,0.566479135776825,0.0512008960603025,"violation"
91,60,"forward",0.627070094348715,0.277090389131333,0.49749371855331,0.357071421427142,0.300827220065845,0.0237368309345121,"violation in forward orientation",1,0.214827586206897,1,60,0.627070094348715,0.277090389131333,0.49749371855331,0.357071421427142,0.300827220065845,0.0237368309345121,"violation",1,270,0.398969516918581,0.503703365752681,0.465901783511597,0.493316093570424,0.505408178001145,0.00170481224846375,"violation"
92,60,"reverse",0.321054517826778,0.53818458826428,0.386939558874797,0.481894409826699,0.601995362178745,0.0638107739144644,"violation in reverse orientation",1,0.214827586206897,1,130,0.667792991566671,0.260840456014983,0.497865265393366,0.374955618675506,0.267976852527244,0.00713639651226161,"violation",1,60,0.321054517826778,0.53818458826428,0.386939558874797,0.481894409826699,0.601995362178745,0.0638107739144644,"violation"
93,50,"reverse",0.302716065288689,0.590712364249548,0.366606055596467,0.489897948556636,0.624728590869945,0.0340162266203967,"violation in reverse orientation",1,0.214827586206897,1,90,0.589508511541965,0.275464716989807,0.496903994999953,0.372677996249965,0.331127416879672,0.0556626998898646,"violation",1,50,0.302716065288689,0.590712364249548,0.366606055596467,0.489897948556636,0.624728590869945,0.0340162266203967,"violation at burn-in"
94,70,"reverse",0.239040057693904,0.693315814683084,0.334724986110285,0.499183005990176,0.703664435635921,0.0103486209528374,"violation in reverse orientation",1,0.214827586206897,1,160,0.604317250201883,0.310173845011429,0.499960935974002,0.413398642353842,0.319181496009707,0.00900765099827811,"violation",1,70,0.239040057693904,0.693315814683084,0.334724986110285,0.499183005990176,0.703664435635921,0.0103486209528374,"violation"
95,60,"forward",0.74303982794241,0.181705607971508,0.495535624910617,0.276385399196283,0.207276696105908,0.0255710881343994,"violation in forward orientation",1,0.214827586206897,1,60,0.74303982794241,0.181705607971508,0.495535624910617,0.276385399196283,0.207276696105908,0.0255710881343994,"violation",1,170,0.385545813249943,0.517499539024263,0.452941176470588,0.49215295678475,0.52204884736778,0.00454930834351652,"violation"
96,90,"reverse",0.316774321444153,0.589508511541965,0.4,0.496903994999953,0.607301299689414,0.017792788147449,"violation in reverse orientation",1,0.214827586206897,1,90,0.589508511541965,0.316774321444153,0.496903994999953,0.4,0.331127416879672,0.0143530954355189,"violation",1,90,0.316774321444153,0.589508511541965,0.4,0.496903994999953,0.607301299689414,0.017792788147449,"violation"
97,60,"reverse",0.34236971261758,0.574366575369876,0.4,0.489897948556636,0.57557202047255,0.00120544510267406,"violation in reverse orientation",1,0.214827586206897,1,110,0.491038274302675,0.400967433231594,0.481045692920835,0.449885201151223,0.410561438177585,0.00959400494599122,"violation",1,60,0.34236971261758,0.574366575369876,0.4,0.489897948556636,0.57557202047255,0.00120544510267406,"violation"
98,70,"reverse",0.277251743648749,0.636172957540227,0.363935405795914,0.499183005990176,0.656295389982611,0.0201224324423847,"violation in reverse orientation",1,0.214827586206897,1,110,0.520140641333334,0.369912791387257,0.487954069102532,0.435605401844034,0.387085125868969,0.0171723344817121,"violation",1,70,0.277251743648749,0.636172957540227,0.363935405795914,0.499183005990176,0.656295389982611,0.0201224324423847,"violation"
99,60,"reverse",0.230926430345563,0.661196578770763,0.321022671404304,0.499722145018832,0.713722478736445,0.0525258999656821,"violation in reverse orientation",1,0.214827586206897,1,90,0.753429237782545,0.171968943105426,0.487498021521785,0.28458329944146,0.198895761666718,0.0269268185612924,"violation",1,60,0.230926430345563,0.661196578770763,0.321022671404304,0.499722145018832,0.713722478736445,0.0525258999656821,"violation"
100,50,"forward",0.674489213358372,0.185611725055255,0.499599839871872,0.271293199325011,0.262575140910312,0.0769634158550578,"violation in forward orientation",1,0.214827586206897,1,50,0.674489213358372,0.185611725055255,0.499599839871872,0.271293199325011,0.262575140910312,0.0769634158550578,"violation at burn-in",1,60,0.277090389131333,0.644232895622817,0.357071421427142,0.498887651569859,0.656495412810991,0.0122625171881739,"violation"
101,60,"forward",0.592139703863035,0.321054517826778,0.493006648591635,0.386939558874797,0.32900488531348,0.00795036748670158,"violation in forward orientation",1,0.214827586206897,1,60,0.592139703863035,0.321054517826778,0.493006648591635,0.386939558874797,0.32900488531348,0.00795036748670158,"violation",1,90,0.187580741083115,0.668045886935067,0.3,0.499505928733089,0.767455882072101,0.099409995137034,"violation"
102,50,"forward",0.590712364249548,0.185611725055255,0.489897948556636,0.271293199325011,0.330156292362308,0.144544567307053,"violation in forward orientation",1,0.214827586206897,1,50,0.590712364249548,0.185611725055255,0.489897948556636,0.271293199325011,0.330156292362308,0.144544567307053,"violation at burn-in",1,130,0.222846186633708,0.719692559300843,0.345383758779133,0.489897948556636,0.723739137873889,0.0040465785730458,"violation"
103,50,"forward",0.772137383051339,0.152451248673278,0.493558507170123,0.237486841740758,0.183804265480772,0.0313530168074942,"violation in forward orientation",1,0.214827586206897,1,50,0.772137383051339,0.152451248673278,0.493558507170123,0.237486841740758,0.183804265480772,0.0313530168074942,"violation at burn-in",1,80,0.227252112493843,0.715878168740764,0.330718913883074,0.496078370824611,0.718277340049515,0.00239917130875089,"violation"
104,50,"reverse",0.381261936620275,0.478395081610861,0.41424630354416,0.458257569495584,0.527359347089872,0.048964265479011,"violation in reverse orientation",1,0.214827586206897,1,150,0.504752897994857,0.389809930959501,0.48848973604593,0.45220447685631,0.399498118528925,0.00968818756942413,"violation",1,50,0.381261936620275,0.478395081610861,0.41424630354416,0.458257569495584,0.527359347089872,0.048964265479011,"violation at burn-in"
105,70,"forward",0.606789975333154,0.314054244758118,0.496723961448963,0.388875931109034,0.317186796837166,0.00313255207904767,"violation in forward orientation",1,0.214827586206897,1,70,0.606789975333154,0.314054244758118,0.496723961448963,0.388875931109034,0.317186796837166,0.00313255207904767,"violation",1,80,0.210195306156735,0.727841623971563,0.315980616494113,0.49434299833213,0.739421778403711,0.011580154432148,"violation"
106,90,"forward",0.507348898454775,0.382890080077361,0.481894409826699,0.436173031697567,0.397403975551272,0.0145138954739101,"violation in forward orientation",1,0.214827586206897,1,90,0.507348898454775,0.382890080077361,0.481894409826699,0.436173031697567,0.397403975551272,0.0145138954739101,"violation",1,280,0.358547428956991,0.534460452689494,0.450042514998442,0.49749371855331,0.555517344404254,0.0210568917147598,"violation"
107,90,"forward",0.600945650434495,0.275464716989807,0.498020774022555,0.372677996249965,0.321901299833069,0.0464365828432623,"violation in forward orientation",1,0.214827586206897,1,90,0.600945650434495,0.275464716989807,0.498020774022555,0.372677996249965,0.321901299833069,0.0464365828432623,"violation",1,160,0.324494638919108,0.591748113255807,0.421631874388073,0.499648313816829,0.597730822444276,0.0059827091884691,"violation"
108,50,"reverse",0.329560327676681,0.546859192020479,0.384187454245971,0.48,0.591451150767227,0.0445919587467478,"violation in reverse orientation",1,0.214827586206897,1,60,0.677962140771975,0.25432432379694,0.5,0.339934634239519,0.25977359804952,0.00544927425258079,"violation",1,50,0.329560327676681,0.546859192020479,0.384187454245971,0.48,0.591451150767227,0.0445919587467478,"violation at burn-in"
109,60,"forward",0.574366575369876,0.277090389131333,0.489897948556636,0.357071421427142,0.34334212168903,0.0662517325576969,"violation in forward orientation",1,0.214827586206897,1,60,0.574366575369876,0.277090389131333,0.489897948556636,0.357071421427142,0.34334212168903,0.0662517325576969,"violation",1,160,0.359805211874103,0.547208614013715,0.439992897669951,0.496078370824611,0.553958136142859,0.00674952212914404,"violation"
110,160,"forward",0.629248113255807,0.295730681725611,0.499648313816829,0.404612082740988,0.299070254660829,0.00333957293521803,"violation in forward orientation",1,0.214827586206897,1,160,0.629248113255807,0.295730681725611,0.499648313816829,0.404612082740988,0.299070254660829,0.00333957293521803,"violation",1,160,0.359805211874103,0.553623923094054,0.439992897669951,0.49682586235018,0.553958136142859,0.000334213048804877,"violation"
111,60,"reverse",0.363298063516486,0.53818458826428,0.411973569810276,0.481894409826699,0.549628229079774,0.011443640815494,"violation in reverse orientation",1,0.214827586206897,1,160,0.598041328914409,0.310173845011429,0.499843725578305,0.413398642353842,0.324244159401101,0.0140703143896723,"violation",1,60,0.363298063516486,0.53818458826428,0.411973569810276,0.481894409826699,0.549628229079774,0.011443640815494,"violation"
112,60,"forward",0.592139703863035,0.299311814729174,0.493006648591635,0.372677996249965,0.32900488531348,0.0296930705843055,"violation in forward orientation",1,0.214827586206897,1,60,0.592139703863035,0.299311814729174,0.493006648591635,0.372677996249965,0.32900488531348,0.0296930705843055,"violation",1,90,0.232572423955049,0.645967901805191,0.339934634239519,0.5,0.711682025809953,0.0657141240047615,"violation"
113,110,"forward",0.595707531877815,0.316792091153819,0.498675932796454,0.406659440842637,0.326126787987233,0.00933469683341337,"violation in forward orientation",1,0.214827586206897,1,110,0.595707531877815,0.316792091153819,0.498675932796454,0.406659440842637,0.326126787987233,0.00933469683341337,"violation",1,120,0.359957099047924,0.550531010507825,0.433012701892219,0.49434299833213,0.553769849489415,0.00323883898158983,"violation"
114,90,"forward",0.600945650434495,0.303158498150334,0.498020774022555,0.391420332306856,0.321901299833069,0.0187428016827356,"violation in forward orientation",1,0.214827586206897,1,90,0.600945650434495,0.303158498150334,0.498020774022555,0.391420332306856,0.321901299833069,0.0187428016827356,"violation",1,280,0.366265521563528,0.505259887219274,0.453430799346403,0.493787940934411,0.545949625213127,0.0406897379938524,"violation"
115,50,"reverse",0.275078575707952,0.56895608070809,0.346987031457949,0.485386443980464,0.658989353591586,0.0900332728834963,"violation in reverse orientation",1,0.214827586206897,1,70,0.748285526233975,0.199008410223142,0.492598275701905,0.3,0.203045093527334,0.00403668330419202,"violation",1,50,0.275078575707952,0.56895608070809,0.346987031457949,0.485386443980464,0.658989353591586,0.0900332728834963,"violation at burn-in"
116,50,"forward",0.590712364249548,0.216786995012799,0.489897948556636,0.3,0.330156292362308,0.113369297349508,"violation in forward orientation",1,0.214827586206897,1,50,0.590712364249548,0.216786995012799,0.489897948556636,0.3,0.330156292362308,0.113369297349508,"violation at burn-in",1,70,0.314054244758118,0.606789975333154,0.388875931109034,0.496723961448963,0.610673237710509,0.0038832623773557,"violation"
117,70,"forward",0.606789975333154,0.314054244758118,0.496723961448963,0.388875931109034,0.317186796837166,0.00313255207904767,"violation in forward orientation",1,0.214827586206897,1,70,0.606789975333154,0.314054244758118,0.496723961448963,0.388875931109034,0.317186796837166,0.00313255207904767,"violation",1,140,0.408041743115843,0.4929254548987,0.458257569495584,0.485031032038999,0.494161809614703,0.00123635471600286,"violation"
118,50,"reverse",0.302716065288689,0.590712364249548,0.366606055596467,0.489897948556636,0.624728590869945,0.0340162266203967,"violation in reverse orientation",1,0.214827586206897,1,120,0.60180871274986,0.311460526685915,0.499374608885954,0.406116431033707,0.321205084283455,0.00974455759753978,"violation",1,50,0.302716065288689,0.590712364249548,0.366606055596467,0.489897948556636,0.624728590869945,0.0340162266203967,"violation at burn-in"
119,50,"reverse",0.302716065288689,0.61213738305134,0.366606055596467,0.493558507170123,0.624728590869945,0.0125912078186055,"violation in reverse orientation",1,0.214827586206897,1,150,0.560060961031326,0.352534222507526,0.497147418333391,0.434920171474669,0.354882181974319,0.00234795946679289,"violation",1,50,0.302716065288689,0.61213738305134,0.366606055596467,0.493558507170123,0.624728590869945,0.0125912078186055,"violation at burn-in"
120,50,"forward",0.612137383051339,0.152451248673278,0.493558507170123,0.237486841740758,0.312873147246348,0.160421898573069,"violation in forward orientation",1,0.214827586206897,1,50,0.612137383051339,0.152451248673278,0.493558507170123,0.237486841740758,0.312873147246348,0.160421898573069,"violation at burn-in",1,160,0.33870010349401,0.5600216206812,0.42934361238989,0.49749371855331,0.580121044619499,0.020099423938299,"violation"
121,50,"forward",0.612137383051339,0.0275269587093167,0.493558507170123,0.0707106781186548,0.312873147246348,0.285346188537031,"violation in forward orientation",1,0.214827586206897,1,50,0.612137383051339,0.0275269587093167,0.493558507170123,0.0707106781186548,0.312873147246348,0.285346188537031,"violation at burn-in",1,110,0.316792091153819,0.604951973890729,0.406659440842637,0.499255644281672,0.607279271501769,0.00232729761104011,"violation"
122,110,"forward",0.595707531877815,0.316792091153819,0.498675932796454,0.406659440842637,0.326126787987233,0.00933469683341337,"violation in forward orientation",1,0.214827586206897,1,110,0.595707531877815,0.316792091153819,0.498675932796454,0.406659440842637,0.326126787987233,0.00933469683341337,"violation",1,160,0.352796350711866,0.553623923094054,0.436561493377508,0.49682586235018,0.562646657888904,0.00902273479485005,"violation"
123,80,"reverse",0.383879441563478,0.497470093848425,0.433012701892219,0.476969600708473,0.52411456193962,0.026644468091195,"violation in reverse orientation",1,0.214827586206897,1,140,0.454767023275975,0.431537353493532,0.474664220738176,0.467024886807929,0.439820749491676,0.00828339599814415,"violation",1,80,0.383879441563478,0.497470093848425,0.433012701892219,0.476969600708473,0.52411456193962,0.026644468091195,"violation"
124,50,"forward",0.714489213358372,0.216786995012799,0.499599839871872,0.3,0.230307920468919,0.0135209254561192,"violation in forward orientation",1,0.214827586206897,1,50,0.714489213358372,0.216786995012799,0.499599839871872,0.3,0.230307920468919,0.0135209254561192,"violation at burn-in",1,60,0.321054517826778,0.574366575369876,0.386939558874797,0.489897948556636,0.601995362178745,0.0276287868088692,"violation"
125,90,"forward",0.689834539323383,0.247071505072811,0.498020774022555,0.351539822656808,0.250196365518861,0.00312486044604993,"violation in forward orientation",1,0.214827586206897,1,90,0.689834539323383,0.247071505072811,0.498020774022555,0.351539822656808,0.250196365518861,0.00312486044604993,"violation",1,100,0.393138664440465,0.493135037261782,0.443959457608462,0.48,0.512636383465829,0.0195013462040466,"violation"
126,60,"forward",0.53818458826428,0.34236971261758,0.481894409826699,0.4,0.372529425537628,0.0301597129200475,"violation in forward orientation",1,0.214827586206897,1,60,0.53818458826428,0.34236971261758,0.481894409826699,0.4,0.372529425537628,0.0301597129200475,"violation",1,170,0.333085006469813,0.58377228191065,0.427797125542981,0.499446059932408,0.58708178923572,0.00330950732506985,"violation"
127,50,"forward",0.590712364249548,0.216786995012799,0.489897948556636,0.3,0.330156292362308,0.113369297349508,"violation in forward orientation",1,0.214827586206897,1,50,0.590712364249548,0.216786995012799,0.489897948556636,0.3,0.330156292362308,0.113369297349508,"violation at burn-in",1,70,0.384376285178422,0.499509642474121,0.428809457708675,0.474664220738176,0.523498650673453,0.0239890081993324,"violation"
128,80,"reverse",0.32367253060101,0.564705087131815,0.4,0.49228421668788,0.598749947496701,0.034044860364886,"violation in reverse orientation",1,0.214827586206897,1,100,0.587987176577287,0.310945864384819,0.49749371855331,0.4,0.332354648146434,0.0214087837616151,"violation",1,80,0.32367253060101,0.564705087131815,0.4,0.49228421668788,0.598749947496701,0.034044860364886,"violation"
129,90,"reverse",0.343591528449175,0.543018751298959,0.415739709641549,0.489897948556636,0.574057398742037,0.0310386474430779,"violation in reverse orientation",1,0.214827586206897,1,180,0.559676726511326,0.352943065884975,0.498020774022555,0.439240365592044,0.35519213647327,0.00224907058829432,"violation",1,90,0.343591528449175,0.543018751298959,0.415739709641549,0.489897948556636,0.574057398742037,0.0310386474430779,"violation"
130,90,"forward",0.71133125754252,0.202857682846242,0.495535624910617,0.314269680527354,0.232855381880275,0.029997699034033,"violation in forward orientation",1,0.214827586206897,1,90,0.71133125754252,0.202857682846242,0.495535624910617,0.314269680527354,0.232855381880275,0.029997699034033,"violation",1,130,0.377601999819964,0.519692559300843,0.443560099795031,0.489897948556636,0.531896380959224,0.0122038216583809,"violation"
131,70,"reverse",0.25834289775755,0.650660936341786,0.349927106111883,0.499795876701026,0.679735705736542,0.0290747693947553,"violation in reverse orientation",1,0.214827586206897,1,110,0.604951973890729,0.316792091153819,0.499255644281672,0.406659440842637,0.318669476780023,0.00187738562620393,"violation",1,70,0.25834289775755,0.650660936341786,0.349927106111883,0.499795876701026,0.679735705736542,0.0290747693947553,"violation"
132,50,"reverse",0.381261936620275,0.501594493296846,0.41424630354416,0.466476151587624,0.527359347089872,0.0257648537930266,"violation in reverse orientation",1,0.214827586206897,1,90,0.61230983413901,0.247071505072811,0.498887651569859,0.351539822656808,0.312734034314817,0.0656625292420063,"violation",1,50,0.381261936620275,0.501594493296846,0.41424630354416,0.466476151587624,0.527359347089872,0.0257648537930266,"violation at burn-in"
133,50,"forward",0.501594493296846,0.381261936620275,0.466476151587624,0.41424630354416,0.402045942044771,0.0207840054244967,"violation in forward orientation",1,0.214827586206897,1,50,0.501594493296846,0.381261936620275,0.466476151587624,0.41424630354416,0.402045942044771,0.0207840054244967,"violation at burn-in",1,180,0.346746223030849,0.565329413066226,0.436173031697567,0.498485360187225,0.570146687452351,0.00481727438612456,"violation"
134,50,"reverse",0.275078575707952,0.61213738305134,0.346987031457949,0.493558507170123,0.658989353591586,0.0468519705402464,"violation in reverse orientation",1,0.214827586206897,1,70,0.576856954805403,0.277251743648749,0.492598275701905,0.363935405795914,0.341333181133308,0.0640814374845586,"violation",1,50,0.275078575707952,0.61213738305134,0.346987031457949,0.493558507170123,0.658989353591586,0.0468519705402464,"violation at burn-in"
135,60,"forward",0.677962140771975,0.230926430345563,0.5,0.321022671404304,0.25977359804952,0.0288471677039573,"violation in forward orientation",1,0.214827586206897,1,60,0.677962140771975,0.230926430345563,0.5,0.321022671404304,0.25977359804952,0.0288471677039573,"violation",1,200,0.412767043137921,0.476527689645115,0.466476151587624,0.485386443980464,0.488304100202564,0.0117764105574492,"violation"
136,160,"forward",0.696369530078241,0.221338017550516,0.49228421668788,0.350836055017155,0.244924715837125,0.0235866982866081,"violation in forward orientation",1,0.214827586206897,1,160,0.696369530078241,0.221338017550516,0.49228421668788,0.350836055017155,0.244924715837125,0.0235866982866081,"violation",1,210,0.383880865657766,0.519838944064246,0.456149714850592,0.49416091644106,0.524112796563776,0.00427385249953072,"violation"
137,90,"forward",0.543018751298959,0.303158498150334,0.489897948556636,0.391420332306856,0.368629800430387,0.0654713022800534,"violation in forward orientation",1,0.214827586206897,1,90,0.543018751298959,0.303158498150334,0.489897948556636,0.391420332306856,0.368629800430387,0.0654713022800534,"violation",1,190,0.293597797666134,0.628057160861023,0.407682457495518,0.499306998973955,0.636032034423897,0.00797487356287363,"violation"
138,90,"reverse",0.382890080077361,0.483168476855012,0.436173031697567,0.475186772896513,0.525341022071708,0.0421725452166961,"violation in reverse orientation",1,0.214827586206897,1,190,0.612386316283439,0.3115804814927,0.499889184395802,0.418445878111599,0.312672337659464,0.00109185616676427,"violation",1,90,0.382890080077361,0.483168476855012,0.436173031697567,0.475186772896513,0.525341022071708,0.0421725452166961,"violation"
139,50,"reverse",0.216786995012799,0.714489213358372,0.3,0.499599839871872,0.731250403533618,0.0167611901752454,"violation in reverse orientation",1,0.214827586206897,1,130,0.575485299258979,0.324790251442971,0.497865265393366,0.416309511622609,0.342439668930461,0.0176494174874904,"violation",1,50,0.216786995012799,0.714489213358372,0.3,0.499599839871872,0.731250403533618,0.0167611901752454,"violation at burn-in"
140,50,"reverse",0.381261936620275,0.524410079701748,0.41424630354416,0.47370877129308,0.527359347089872,0.00294926738812451,"violation in reverse orientation",1,0.214827586206897,1,100,0.735880378407413,0.21013284630978,0.489897948556636,0.324961536185438,0.213052084515528,0.0029192382057476,"violation",1,50,0.381261936620275,0.524410079701748,0.41424630354416,0.47370877129308,0.527359347089872,0.00294926738812451,"violation at burn-in"
141,90,"reverse",0.303158498150334,0.600945650434495,0.391420332306856,0.498020774022555,0.624180129793233,0.0232344793587383,"violation in reverse orientation",1,0.214827586206897,1,130,0.622160706789534,0.288598057539014,0.5,0.394113490998446,0.304787527330953,0.0161894697919392,"violation",1,90,0.303158498150334,0.600945650434495,0.391420332306856,0.498020774022555,0.624180129793233,0.0232344793587383,"violation"
142,50,"reverse",0.302716065288689,0.56895608070809,0.366606055596467,0.485386443980464,0.624728590869945,0.0557725101618554,"violation in reverse orientation",1,0.214827586206897,1,80,0.577841623971563,0.308177297821902,0.49434299833213,0.3903123748999,0.34053886770715,0.0323615698852482,"violation",1,50,0.302716065288689,0.56895608070809,0.366606055596467,0.485386443980464,0.624728590869945,0.0557725101618554,"violation at burn-in"
143,50,"forward",0.430755917550709,0.381261936620275,0.438634243989226,0.41424630354416,0.46600422538631,0.0847422887660353,"violation in forward orientation",1,0.214827586206897,1,50,0.430755917550709,0.381261936620275,0.438634243989226,0.41424630354416,0.46600422538631,0.0847422887660353,"violation at burn-in",1,100,0.322972911087052,0.598237834688651,0.407308237088326,0.498397431775084,0.599617229530154,0.00137939484150285,"violation"
144,70,"reverse",0.277251743648749,0.636172957540227,0.363935405795914,0.499183005990176,0.656295389982611,0.0201224324423847,"violation in reverse orientation",1,0.214827586206897,1,90,0.566413277978533,0.343591528449175,0.493913572686508,0.415739709641549,0.34975789169309,0.00616636324391551,"violation",1,70,0.277251743648749,0.636172957540227,0.363935405795914,0.499183005990176,0.656295389982611,0.0201224324423847,"violation"
145,50,"forward",0.590712364249548,0.216786995012799,0.489897948556636,0.3,0.330156292362308,0.113369297349508,"violation in forward orientation",1,0.214827586206897,1,50,0.590712364249548,0.216786995012799,0.489897948556636,0.3,0.330156292362308,0.113369297349508,"violation at burn-in",1,220,0.327267606411627,0.585946066442252,0.430356377401623,0.499917348540637,0.594293318432977,0.00834725199072484,"violation"
146,50,"reverse",0.275078575707952,0.654021127930363,0.346987031457949,0.498397431775084,0.658989353591586,0.00496822566122312,"violation in reverse orientation",1,0.214827586206897,1,70,0.679232364913215,0.258342897757551,0.499795876701026,0.349927106111883,0.258748932990136,0.000406035232585866,"violation",1,50,0.275078575707952,0.654021127930363,0.346987031457949,0.498397431775084,0.658989353591586,0.00496822566122312,"violation at burn-in"
147,70,"reverse",0.25834289775755,0.636172957540227,0.349927106111883,0.499183005990176,0.679735705736542,0.043562748196315,"violation in reverse orientation",1,0.214827586206897,1,120,0.541858331145758,0.369485323132463,0.493006648591635,0.43771819955563,0.369565888752586,8.0565620123374e-05,"violation",1,70,0.25834289775755,0.636172957540227,0.349927106111883,0.499183005990176,0.679735705736542,0.043562748196315,"violation"
148,60,"reverse",0.383872428163307,0.519765062450468,0.422952584681651,0.476969600708473,0.524123256088141,0.00435819363767254,"violation in reverse orientation",1,0.214827586206897,1,170,0.625000835285,0.29275238277998,0.499688484272831,0.404344914260809,0.302496451024826,0.00974406824484592,"violation",1,60,0.383872428163307,0.519765062450468,0.422952584681651,0.476969600708473,0.524123256088141,0.00435819363767254,"violation"
149,50,"reverse",0.329560327676681,0.546859192020479,0.384187454245971,0.48,0.591451150767227,0.0445919587467478,"violation in reverse orientation",1,0.214827586206897,1,90,0.554753840420317,0.316774321444153,0.492035329455212,0.4,0.35916333274093,0.0423890112967776,"violation",1,50,0.329560327676681,0.546859192020479,0.384187454245971,0.48,0.591451150767227,0.0445919587467478,"violation at burn-in"
150,50,"forward",0.714489213358372,0.216786995012799,0.499599839871872,0.3,0.230307920468919,0.0135209254561192,"violation in forward orientation",1,0.214827586206897,1,50,0.714489213358372,0.216786995012799,0.499599839871872,0.3,0.230307920468919,0.0135209254561192,"violation at burn-in",1,50,0.355715993350399,0.546859192020479,0.4,0.48,0.55902732830477,0.0121681362842905,"violation at burn-in"
151,60,"forward",0.556383151271119,0.34236971261758,0.486198404860494,0.4,0.357848999431171,0.0154792868135907,"violation in forward orientation",1,0.214827586206897,1,60,0.556383151271119,0.34236971261758,0.486198404860494,0.4,0.357848999431171,0.0154792868135907,"violation",1,170,0.359488855533748,0.547851187397446,0.441176470588235,0.496527735768651,0.554350306693687,0.00649911929624114,"violation"
152,50,"forward",0.734021127930363,0.185611725055255,0.498397431775084,0.271293199325011,0.214551905640496,0.0289401805852416,"violation in forward orientation",1,0.214827586206897,1,50,0.734021127930363,0.185611725055255,0.498397431775084,0.271293199325011,0.214551905640496,0.0289401805852416,"violation at burn-in",1,140,0.384264590310491,0.522975342090722,0.448296093843234,0.491301893971933,0.523637113009413,0.000661770918690574,"violation"
153,60,"forward",0.627070094348715,0.277090389131333,0.49749371855331,0.357071421427142,0.300827220065845,0.0237368309345121,"violation in forward orientation",1,0.214827586206897,1,60,0.627070094348715,0.277090389131333,0.49749371855331,0.357071421427142,0.300827220065845,0.0237368309345121,"violation",1,100,0.358457767577596,0.546417177917328,0.427083130081252,0.491833305094317,0.555628492966998,0.00921131504966977,"violation"
154,50,"reverse",0.275078575707952,0.590712364249548,0.346987031457949,0.489897948556636,0.658989353591586,0.0682769893420376,"violation in reverse orientation",1,0.214827586206897,1,50,0.501594493296846,0.355715993350399,0.466476151587624,0.4,0.402045942044771,0.046329948694372,"violation at burn-in",1,50,0.275078575707952,0.590712364249548,0.346987031457949,0.489897948556636,0.658989353591586,0.0682769893420376,"violation at burn-in"
155,50,"forward",0.612137383051339,0.246504271019468,0.493558507170123,0.324961536185438,0.312873147246348,0.0663688762268795,"violation in forward orientation",1,0.214827586206897,1,50,0.612137383051339,0.246504271019468,0.493558507170123,0.324961536185438,0.312873147246348,0.0663688762268795,"violation at burn-in",1,90,0.261362863693741,0.577997924209187,0.362433476228891,0.495535624910617,0.675992010562455,0.097994086353268,"violation"
156,80,"forward",0.577841623971563,0.308177297821902,0.49434299833213,0.3903123748999,0.34053886770715,0.0323615698852482,"violation in forward orientation",1,0.214827586206897,1,80,0.577841623971563,0.308177297821902,0.49434299833213,0.3903123748999,0.34053886770715,0.0323615698852482,"violation",1,90,0.382890080077361,0.519317495001799,0.436173031697567,0.484831649539365,0.525341022071708,0.00602352706990883,"violation"
157,50,"forward",0.612137383051339,0.275078575707952,0.493558507170123,0.346987031457949,0.312873147246348,0.0377945715383955,"violation in forward orientation",1,0.214827586206897,1,50,0.612137383051339,0.275078575707952,0.493558507170123,0.346987031457949,0.312873147246348,0.0377945715383955,"violation at burn-in",1,70,0.25834289775755,0.66501401703857,0.349927106111883,0.5,0.679735705736542,0.0147216886979713,"violation"
158,60,"forward",0.53818458826428,0.363298063516486,0.481894409826699,0.411973569810276,0.372529425537628,0.009231362021142,"violation in forward orientation",1,0.214827586206897,1,60,0.53818458826428,0.363298063516486,0.481894409826699,0.411973569810276,0.372529425537628,0.009231362021142,"violation",1,80,0.276559731956136,0.629397303997039,0.368908864084343,0.499374608885954,0.657153240994439,0.0277559369974002,"violation"
159,50,"forward",0.454790769027509,0.246504271019468,0.448998886412873,0.324961536185438,0.439801594256694,0.193297323237226,"violation in forward orientation",1,0.214827586206897,1,50,0.454790769027509,0.246504271019468,0.448998886412873,0.324961536185438,0.439801594256694,0.193297323237226,"violation at burn-in",1,80,0.260399815732986,0.654590663251262,0.357071421427142,0.5,0.677185851181612,0.0225951879303498,"violation"
160,50,"forward",0.674489213358372,0.152451248673278,0.499599839871872,0.237486841740758,0.262575140910312,0.110123892237034,"violation in forward orientation",1,0.214827586206897,1,50,0.674489213358372,0.152451248673278,0.499599839871872,0.237486841740758,0.262575140910312,0.110123892237034,"violation at burn-in",1,90,0.343591528449175,0.543018751298959,0.415739709641549,0.489897948556636,0.574057398742037,0.0310386474430779,"violation"
161,50,"forward",0.694644991687999,0.185611725055255,0.5,0.271293199325011,0.246315867347064,0.0607041422918093,"violation in forward orientation",1,0.214827586206897,1,50,0.694644991687999,0.185611725055255,0.5,0.271293199325011,0.246315867347064,0.0607041422918093,"violation at burn-in",1,70,0.434805754198776,0.451237844761596,0.451753951452626,0.458257569495584,0.460983852893523,0.00974600813192694,"violation"
162,90,"reverse",0.275464716989807,0.634820744786183,0.372677996249965,0.499876527964533,0.658510674267401,0.0236899294812188,"violation in reverse orientation",1,0.214827586206897,1,280,0.534460452689494,0.346925563978323,0.49749371855331,0.444696640464954,0.375533613126259,0.0286080491479361,"violation",1,90,0.275464716989807,0.634820744786183,0.372677996249965,0.499876527964533,0.658510674267401,0.0236899294812188,"violation"
163,50,"forward",0.590712364249548,0.302716065288689,0.489897948556636,0.366606055596467,0.330156292362308,0.0274402270736187,"violation in forward orientation",1,0.214827586206897,1,50,0.590712364249548,0.302716065288689,0.489897948556636,0.366606055596467,0.330156292362308,0.0274402270736187,"violation at burn-in",1,100,0.298810407487868,0.618571340202755,0.392300904918661,0.499599839871872,0.629570232322036,0.010998892119282,"violation"
164,50,"forward",0.524410079701748,0.355715993350399,0.47370877129308,0.4,0.383641053144105,0.027925059793706,"violation in forward orientation",1,0.214827586206897,1,50,0.524410079701748,0.355715993350399,0.47370877129308,0.4,0.383641053144105,0.027925059793706,"violation at burn-in",1,50,0.216786995012799,0.714489213358372,0.3,0.499599839871872,0.731250403533618,0.0167611901752454,"violation at burn-in"
165,50,"forward",0.546859192020479,0.246504271019468,0.48,0.324961536185438,0.365531791746552,0.119027520727084,"violation in forward orientation",1,0.214827586206897,1,50,0.546859192020479,0.246504271019468,0.48,0.324961536185438,0.365531791746552,0.119027520727084,"violation at burn-in",1,50,0.329560327676681,0.478395081610861,0.384187454245971,0.458257569495584,0.591451150767227,0.113056069156366,"violation at burn-in"
166,50,"forward",0.546859192020479,0.302716065288689,0.48,0.366606055596467,0.365531791746552,0.0628157264578634,"violation in forward orientation",1,0.214827586206897,1,50,0.546859192020479,0.302716065288689,0.48,0.366606055596467,0.365531791746552,0.0628157264578634,"violation at burn-in",1,160,0.317349074358807,0.547208614013715,0.417582327212252,0.496078370824611,0.606588808304297,0.0593801942905821,"violation"
167,120,"reverse",0.416367655586762,0.480097915215229,0.458257569495584,0.479510746027193,0.48384060765553,0.00374269244030062,"violation in reverse orientation",1,0.214827586206897,1,120,0.550531010507825,0.359957099047924,0.49434299833213,0.433012701892219,0.362569807332753,0.00261270828482851,"violation",1,120,0.416367655586762,0.480097915215229,0.458257569495584,0.479510746027193,0.48384060765553,0.00374269244030062,"violation"
168,50,"reverse",0.329560327676681,0.56895608070809,0.384187454245971,0.485386443980464,0.591451150767227,0.0224950700591372,"violation in reverse orientation",1,0.214827586206897,1,120,0.626967521469259,0.291618594854466,0.5,0.393612189287318,0.300909963608663,0.009291368754197,"violation",1,50,0.329560327676681,0.56895608070809,0.384187454245971,0.485386443980464,0.591451150767227,0.0224950700591372,"violation at burn-in"
169,50,"reverse",0.246504271019468,0.633238465893974,0.324961536185438,0.496386945839634,0.694411437424785,0.0611729715308111,"violation in reverse orientation",1,0.214827586206897,1,130,0.52775317532658,0.377601999819964,0.49140542319029,0.443560099795031,0.380944243057028,0.00334224323706378,"violation",1,50,0.246504271019468,0.633238465893974,0.324961536185438,0.496386945839634,0.694411437424785,0.0611729715308111,"violation at burn-in"
170,60,"reverse",0.299311814729174,0.627070094348715,0.372677996249965,0.49749371855331,0.62894866376491,0.0018785694161948,"violation in reverse orientation",1,0.214827586206897,1,70,0.734750092269623,0.178102889634612,0.494871659305394,0.279941684889506,0.213963864314776,0.035860974680164,"violation",1,60,0.299311814729174,0.627070094348715,0.372677996249965,0.49749371855331,0.62894866376491,0.0018785694161948,"violation"
171,160,"forward",0.468812550300504,0.415006592849108,0.480722113075735,0.463512405443479,0.428490496573776,0.0134839037246678,"violation in forward orientation",1,0.214827586206897,1,160,0.468812550300504,0.415006592849108,0.480722113075735,0.463512405443479,0.428490496573776,0.0134839037246678,"violation",1,160,0.273818275903645,0.653901777618562,0.3903123748999,0.498082259772419,0.660551681907526,0.00664990428896395,"violation"
172,80,"forward",0.629397303997039,0.292478733192347,0.499374608885954,0.379967103839267,0.29894990539745,0.00647117220510329,"violation in forward orientation",1,0.214827586206897,1,80,0.629397303997039,0.292478733192347,0.499374608885954,0.379967103839267,0.29894990539745,0.00647117220510329,"violation",1,140,0.423735736507068,0.470112083915969,0.464230765979198,0.479157423749955,0.474706779802352,0.00459469588638317,"violation"
173,50,"forward",0.654021127930363,0.185611725055255,0.498397431775085,0.271293199325011,0.279086346523284,0.0934746214680292,"violation in forward orientation",1,0.214827586206897,1,50,0.654021127930363,0.185611725055255,0.498397431775085,0.271293199325011,0.279086346523284,0.0934746214680292,"violation at burn-in",1,60,0.299311814729174,0.627070094348715,0.372677996249965,0.49749371855331,0.62894866376491,0.0018785694161948,"violation"
174,50,"forward",0.590712364249548,0.246504271019468,0.489897948556636,0.324961536185438,0.330156292362308,0.0836520213428396,"violation in forward orientation",1,0.214827586206897,1,50,0.590712364249548,0.246504271019468,0.489897948556636,0.324961536185438,0.330156292362308,0.0836520213428396,"violation at burn-in",1,110,0.327565307208637,0.586418960663303,0.413011516058202,0.497929597731969,0.593924274191871,0.0075053135285672,"violation"
175,50,"forward",0.633238465893974,0.216786995012799,0.496386945839634,0.3,0.295851314955463,0.0790643199426635,"violation in forward orientation",1,0.214827586206897,1,50,0.633238465893974,0.216786995012799,0.496386945839634,0.3,0.295851314955463,0.0790643199426635,"violation at burn-in",1,120,0.407087678301415,0.489036544317841,0.454529671443155,0.481894409826699,0.495344514293169,0.00630796997532729,"violation"
176,90,"forward",0.623601442490623,0.275464716989807,0.499505928733089,0.372677996249965,0.303625313919333,0.0281605969295258,"violation in forward orientation",1,0.214827586206897,1,90,0.623601442490623,0.275464716989807,0.499505928733089,0.372677996249965,0.303625313919333,0.0281605969295258,"violation",1,220,0.406727292210207,0.493132233731509,0.4657704893618,0.489897948556636,0.495791266243015,0.00265903251150607,"violation"
177,90,"forward",0.689834539323383,0.232572423955049,0.498020774022555,0.339934634239519,0.250196365518861,0.0176239415638124,"violation in forward orientation",1,0.214827586206897,1,90,0.689834539323383,0.232572423955049,0.498020774022555,0.339934634239519,0.250196365518861,0.0176239415638124,"violation",1,380,0.417556311036548,0.480339415238638,0.476134015911522,0.491443405183766,0.48236709313085,0.00202767789221198,"violation"
178,70,"forward",0.576856954805403,0.332011213630856,0.492598275701905,0.4,0.341333181133308,0.00932196750245157,"violation in forward orientation",1,0.214827586206897,1,70,0.576856954805403,0.332011213630856,0.492598275701905,0.4,0.341333181133308,0.00932196750245157,"violation",1,280,0.343039395495662,0.527186912422269,0.44284274170133,0.496723961448963,0.57474184933426,0.0475549369119913,"violation"
179,90,"reverse",0.232572423955049,0.689834539323384,0.339934634239519,0.498020774022555,0.711682025809953,0.021847486486569,"violation in reverse orientation",1,0.214827586206897,1,100,0.525284595613564,0.370102421252595,0.487749935930288,0.433012701892219,0.382935598201453,0.0128331769488579,"violation",1,90,0.232572423955049,0.689834539323384,0.339934634239519,0.498020774022555,0.711682025809953,0.021847486486569,"violation"
180,60,"forward",0.574366575369876,0.321054517826778,0.489897948556636,0.386939558874797,0.34334212168903,0.0222876038622514,"violation in forward orientation",1,0.214827586206897,1,60,0.574366575369876,0.321054517826778,0.489897948556636,0.386939558874797,0.34334212168903,0.0222876038622514,"violation",1,90,0.303158498150334,0.589508511541965,0.391420332306856,0.496903994999953,0.624180129793233,0.034671618251268,"violation"
181,60,"reverse",0.34236971261758,0.53818458826428,0.4,0.481894409826699,0.57557202047255,0.0373874322082693,"violation in reverse orientation",1,0.214827586206897,1,90,0.519317495001799,0.369905994351297,0.484831649539365,0.429757324573638,0.387749141972348,0.0178431476210504,"violation",1,60,0.34236971261758,0.53818458826428,0.4,0.481894409826699,0.57557202047255,0.0373874322082693,"violation"
182,90,"forward",0.566413277978533,0.330249254092939,0.493913572686508,0.408097059382377,0.34975789169309,0.0195086376001511,"violation in forward orientation",1,0.214827586206897,1,90,0.566413277978533,0.330249254092939,0.493913572686508,0.408097059382377,0.34975789169309,0.0195086376001511,"violation",1,160,0.251578187192657,0.610575889280711,0.374530956664466,0.5,0.68812156664722,0.0775456773665093,"violation"
183,50,"reverse",0.246504271019468,0.674489213358372,0.324961536185438,0.499599839871872,0.694411437424785,0.0199222240664124,"violation in reverse orientation",1,0.214827586206897,1,140,0.50047678688972,0.384264590310491,0.486763572497166,0.448296093843234,0.402947574020458,0.0186829837099673,"violation",1,50,0.246504271019468,0.674489213358372,0.324961536185438,0.499599839871872,0.694411437424785,0.0199222240664124,"violation at burn-in"
184,90,"reverse",0.289392299544533,0.566413277978533,0.382325567424117,0.493913572686508,0.64124537237377,0.074832094395237,"violation in reverse orientation",1,0.214827586206897,1,90,0.634820744786182,0.232572423955049,0.499876527964533,0.339934634239519,0.294574921410096,0.0620024974550477,"violation",1,90,0.289392299544533,0.566413277978533,0.382325567424117,0.493913572686508,0.64124537237377,0.074832094395237,"violation"
185,50,"reverse",0.185611725055255,0.654021127930363,0.271293199325011,0.498397431775084,0.76989676914068,0.115875641210317,"violation in reverse orientation",1,0.214827586206897,1,100,0.587987176577287,0.286560022992806,0.49749371855331,0.384187454245971,0.332354648146434,0.0457946251536281,"violation",1,50,0.185611725055255,0.654021127930363,0.271293199325011,0.498397431775084,0.76989676914068,0.115875641210317,"violation at burn-in"
186,80,"forward",0.629397303997039,0.292478733192347,0.499374608885954,0.379967103839267,0.29894990539745,0.00647117220510329,"violation in forward orientation",1,0.214827586206897,1,80,0.629397303997039,0.292478733192347,0.499374608885954,0.379967103839267,0.29894990539745,0.00647117220510329,"violation",1,90,0.316774321444153,0.554753840420317,0.4,0.492035329455212,0.607301299689414,0.0525474592690967,"violation"
187,50,"reverse",0.329560327676681,0.454790769027509,0.384187454245971,0.448998886412873,0.591451150767227,0.136660381739718,"violation in reverse orientation",1,0.214827586206897,1,100,0.525284595613564,0.381661638370415,0.487749935930288,0.438634243989226,0.382935598201453,0.00127395983103773,"violation",1,50,0.329560327676681,0.454790769027509,0.384187454245971,0.448998886412873,0.591451150767227,0.136660381739718,"violation at burn-in"
188,50,"reverse",0.302716065288689,0.478395081610861,0.366606055596467,0.458257569495584,0.624728590869945,0.146333509259084,"violation in reverse orientation",1,0.214827586206897,1,70,0.499509642474121,0.401384518782172,0.474664220738176,0.43705881545081,0.403727750571878,0.00234323178970652,"violation",1,50,0.302716065288689,0.478395081610861,0.366606055596467,0.458257569495584,0.624728590869945,0.146333509259084,"violation at burn-in"
189,50,"reverse",0.246504271019468,0.654021127930363,0.324961536185438,0.498397431775084,0.694411437424785,0.0403903094944219,"violation in reverse orientation",1,0.214827586206897,1,160,0.572764456021478,0.28115698818386,0.498591766879478,0.395235293844059,0.344634520143734,0.0634775319598742,"violation",1,50,0.246504271019468,0.654021127930363,0.324961536185438,0.498397431775084,0.694411437424785,0.0403903094944219,"violation at burn-in"
190,100,"reverse",0.298810407487868,0.608432477215472,0.392300904918661,0.499099188538711,0.629570232322036,0.0211377551065643,"violation in reverse orientation",1,0.214827586206897,1,160,0.5600216206812,0.33870010349401,0.49749371855331,0.42934361238989,0.354913917068063,0.0162138135740529,"violation",1,100,0.298810407487868,0.608432477215472,0.392300904918661,0.499099188538711,0.629570232322036,0.0211377551065643,"violation"
191,70,"reverse",0.367154334451918,0.515278239716522,0.419912527334259,0.479157423749955,0.544847809963804,0.0295695702472816,"violation in reverse orientation",1,0.214827586206897,1,160,0.585437582923543,0.310173845011429,0.499374608885954,0.413398642353842,0.334411355657967,0.0242375106465376,"violation",1,70,0.367154334451918,0.515278239716522,0.419912527334259,0.479157423749955,0.544847809963804,0.0295695702472816,"violation"
192,160,"reverse",0.198139076009143,0.641609709427252,0.330718913883074,0.499022481958478,0.754367261755138,0.112757552327886,"violation in reverse orientation",1,0.214827586206897,1,280,0.538090622744335,0.343039395495662,0.497839720949526,0.44284274170133,0.372605225691277,0.0295658301956148,"violation",1,160,0.198139076009143,0.641609709427252,0.330718913883074,0.499022481958478,0.754367261755138,0.112757552327886,"violation"
193,50,"forward",0.612137383051339,0.275078575707952,0.493558507170123,0.346987031457949,0.312873147246348,0.0377945715383955,"violation in forward orientation",1,0.214827586206897,1,50,0.612137383051339,0.275078575707952,0.493558507170123,0.346987031457949,0.312873147246348,0.0377945715383955,"violation at burn-in",1,60,0.34236971261758,0.574366575369876,0.4,0.489897948556636,0.57557202047255,0.00120544510267406,"violation"
194,60,"forward",0.556383151271119,0.34236971261758,0.486198404860494,0.4,0.357848999431171,0.0154792868135907,"violation in forward orientation",1,0.214827586206897,1,60,0.556383151271119,0.34236971261758,0.486198404860494,0.4,0.357848999431171,0.0154792868135907,"violation",1,150,0.404523913458941,0.497743289169391,0.458257569495584,0.486986196473325,0.498522680627179,0.00077939145778827,"violation"
195,60,"forward",0.556383151271119,0.277090389131333,0.486198404860494,0.357071421427142,0.357848999431171,0.0807586102998379,"violation in forward orientation",1,0.214827586206897,1,60,0.556383151271119,0.277090389131333,0.486198404860494,0.357071421427142,0.357848999431171,0.0807586102998379,"violation",1,170,0.468119275154572,0.424037110469573,0.481347589305383,0.467822756487849,0.429049748122784,0.00501263765321036,"violation"
196,50,"reverse",0.329560327676681,0.590712364249548,0.384187454245971,0.489897948556636,0.591451150767227,0.000738786517678558,"violation in reverse orientation",1,0.214827586206897,1,60,0.53818458826428,0.363298063516486,0.481894409826699,0.411973569810276,0.372529425537628,0.009231362021142,"violation",1,50,0.329560327676681,0.590712364249548,0.384187454245971,0.489897948556636,0.591451150767227,0.000738786517678558,"violation at burn-in"
197,60,"reverse",0.25432432379694,0.661196578770763,0.339934634239519,0.499722145018832,0.684717323496782,0.0235207447260189,"violation in reverse orientation",1,0.214827586206897,1,90,0.531207015560322,0.316774321444153,0.487498021521785,0.4,0.378158097452239,0.0613837760080864,"violation",1,60,0.25432432379694,0.661196578770763,0.339934634239519,0.499722145018832,0.684717323496782,0.0235207447260189,"violation"
198,90,"forward",0.623601442490623,0.289392299544533,0.499505928733089,0.382325567424117,0.303625313919333,0.0142330143748002,"violation in forward orientation",1,0.214827586206897,1,90,0.623601442490623,0.289392299544533,0.499505928733089,0.382325567424117,0.303625313919333,0.0142330143748002,"violation",1,100,0.322972911087052,0.587987176577287,0.407308237088326,0.49749371855331,0.599617229530154,0.0116300529528672,"violation"
199,150,"reverse",0.344989602802316,0.553220838285771,0.431071017608726,0.496386945839634,0.572324278462054,0.019103440176283,"violation in reverse orientation",1,0.214827586206897,1,160,0.714300453905321,0.198139076009143,0.488580533279827,0.330718913883074,0.230460189040968,0.0323211130318251,"violation",1,150,0.344989602802316,0.553220838285771,0.431071017608726,0.496386945839634,0.572324278462054,0.019103440176283,"violation"
200,50,"forward",0.654021127930363,0.275078575707952,0.498397431775085,0.346987031457949,0.279086346523284,0.00400777081533182,"violation in forward orientation",1,0.214827586206897,1,50,0.654021127930363,0.275078575707952,0.498397431775085,0.346987031457949,0.279086346523284,0.00400777081533182,"violation at burn-in",1,170,0.313034521257142,0.607420702938248,0.416610146108842,0.5,0.611937336058029,0.00451663311978112,"violation"
201,90,"forward",0.657042967008405,0.275464716989807,0.499876527964533,0.372677996249965,0.276648687831544,0.00118397084173705,"violation in forward orientation",1,0.214827586206897,1,90,0.657042967008405,0.275464716989807,0.499876527964533,0.372677996249965,0.276648687831544,0.00118397084173705,"violation",1,250,0.369061939366717,0.512465700169245,0.452831094338717,0.494190246767376,0.542483051067679,0.0300173508984343,"violation"
202,100,"reverse",0.334897285537307,0.556895688006175,0.41424630354416,0.493558507170123,0.584835200849484,0.0279395128433092,"violation in reverse orientation",1,0.214827586206897,1,170,0.443033750072326,0.449330778908264,0.474104510108468,0.476034658969063,0.450784033062751,0.00145325415448766,"violation",1,100,0.334897285537307,0.556895688006175,0.41424630354416,0.493558507170123,0.584835200849484,0.0279395128433092,"violation"
203,70,"forward",0.499509642474121,0.384376285178422,0.474664220738176,0.428809457708675,0.403727750571878,0.0193514653934566,"violation in forward orientation",1,0.214827586206897,1,70,0.499509642474121,0.384376285178422,0.474664220738176,0.428809457708675,0.403727750571878,0.0193514653934566,"violation",1,90,0.289392299544533,0.600945650434495,0.382325567424117,0.498020774022555,0.64124537237377,0.0402997219392752,"violation"
204,110,"forward",0.539305562933781,0.359431711356376,0.491666083017817,0.430356377401623,0.371625157118378,0.0121934457620021,"violation in forward orientation",1,0.214827586206897,1,110,0.539305562933781,0.359431711356376,0.491666083017817,0.430356377401623,0.371625157118378,0.0121934457620021,"violation",1,130,0.315822436282835,0.591159946398702,0.411088898950381,0.499052356409495,0.608481302364942,0.0173213559662402,"violation"
205,60,"forward",0.556383151271119,0.299311814729174,0.486198404860494,0.372677996249965,0.357848999431171,0.0585371847019963,"violation in forward orientation",1,0.214827586206897,1,60,0.556383151271119,0.299311814729174,0.486198404860494,0.372677996249965,0.357848999431171,0.0585371847019963,"violation",1,70,0.332011213630856,0.561680056860571,0.4,0.489897948556636,0.588412914537829,0.0267328576772585,"violation"
206,50,"forward",0.56895608070809,0.302716065288689,0.485386443980464,0.366606055596467,0.347706662287751,0.0449905969990615,"violation in forward orientation",1,0.214827586206897,1,50,0.56895608070809,0.302716065288689,0.485386443980464,0.366606055596467,0.347706662287751,0.0449905969990615,"violation at burn-in",1,60,0.206777284463185,0.727070094348715,0.3,0.49749371855331,0.743658922659453,0.0165888283107376,"violation"
207,50,"forward",0.546859192020479,0.246504271019468,0.48,0.324961536185438,0.365531791746552,0.119027520727084,"violation in forward orientation",1,0.214827586206897,1,50,0.546859192020479,0.246504271019468,0.48,0.324961536185438,0.365531791746552,0.119027520727084,"violation at burn-in",1,50,0.246504271019468,0.674489213358372,0.324961536185438,0.499599839871872,0.694411437424785,0.0199222240664124,"violation at burn-in"
208,110,"forward",0.586418960663303,0.327565307208637,0.497929597731969,0.413011516058202,0.333619697361339,0.00605439015270148,"violation in forward orientation",1,0.214827586206897,1,110,0.586418960663303,0.327565307208637,0.497929597731969,0.413011516058202,0.333619697361339,0.00605439015270148,"violation",1,150,0.344989602802316,0.553220838285771,0.431071017608726,0.496386945839634,0.572324278462054,0.019103440176283,"violation"
209,50,"reverse",0.329560327676681,0.546859192020479,0.384187454245971,0.48,0.591451150767227,0.0445919587467478,"violation in reverse orientation",1,0.214827586206897,1,80,0.616655263867034,0.308177297821902,0.498591766879478,0.3903123748999,0.309228660841148,0.0010513630192468,"violation",1,50,0.329560327676681,0.546859192020479,0.384187454245971,0.48,0.591451150767227,0.0445919587467478,"violation at burn-in"
210,50,"reverse",0.329560327676681,0.590712364249548,0.384187454245971,0.489897948556636,0.591451150767227,0.000738786517678558,"violation in reverse orientation",1,0.214827586206897,1,70,0.721075689618868,0.219286761535403,0.496723961448963,0.318157963590287,0.224994738433183,0.00570797689777994,"violation",1,50,0.329560327676681,0.590712364249548,0.384187454245971,0.489897948556636,0.591451150767227,0.000738786517678558,"violation at burn-in"
211,80,"reverse",0.292478733192347,0.590878168740764,0.379967103839267,0.496078370824611,0.637419280624194,0.0465411118834298,"violation in reverse orientation",1,0.214827586206897,1,100,0.648654591240726,0.274187264057314,0.499899989998,0.375632799419859,0.283415427082568,0.00922816302525425,"violation",1,80,0.292478733192347,0.590878168740764,0.379967103839267,0.496078370824611,0.637419280624194,0.0465411118834298,"violation"
212,50,"reverse",0.302716065288689,0.546859192020479,0.366606055596467,0.48,0.624728590869945,0.077869398849466,"violation in reverse orientation",1,0.214827586206897,1,60,0.727070094348715,0.206777284463185,0.49749371855331,0.3,0.22015916896236,0.0133818844991752,"violation",1,50,0.302716065288689,0.546859192020479,0.366606055596467,0.48,0.624728590869945,0.077869398849466,"violation at burn-in"
213,50,"forward",0.590712364249548,0.246504271019468,0.489897948556636,0.324961536185438,0.330156292362308,0.0836520213428396,"violation in forward orientation",1,0.214827586206897,1,50,0.590712364249548,0.246504271019468,0.489897948556636,0.324961536185438,0.330156292362308,0.0836520213428396,"violation at burn-in",1,190,0.263201270208059,0.65394814108314,0.387655785859375,0.497222200728715,0.673713033335201,0.0197648922520619,"violation"
214,50,"reverse",0.185611725055255,0.734021127930363,0.271293199325011,0.498397431775084,0.76989676914068,0.0358756412103173,"violation in reverse orientation",1,0.214827586206897,1,60,0.627070094348715,0.299311814729174,0.49749371855331,0.372677996249965,0.300827220065845,0.00151540533667049,"violation",1,50,0.185611725055255,0.734021127930363,0.271293199325011,0.498397431775084,0.76989676914068,0.0358756412103173,"violation at burn-in"
215,50,"reverse",0.216786995012799,0.61213738305134,0.3,0.493558507170123,0.731250403533618,0.119113020482278,"violation in reverse orientation",1,0.214827586206897,1,240,0.591237337837745,0.324403315028732,0.5,0.430580196427513,0.329732806399902,0.00532949137116967,"violation",1,50,0.216786995012799,0.61213738305134,0.3,0.493558507170123,0.731250403533618,0.119113020482278,"violation at burn-in"
216,70,"reverse",0.25834289775755,0.636172957540227,0.349927106111883,0.499183005990176,0.679735705736542,0.043562748196315,"violation in reverse orientation",1,0.214827586206897,1,120,0.541858331145758,0.350374561746575,0.493006648591635,0.428093317968044,0.369565888752586,0.0191913270060117,"violation",1,70,0.25834289775755,0.636172957540227,0.349927106111883,0.499183005990176,0.679735705736542,0.043562748196315,"violation"
217,150,"forward",0.58721595995273,0.306772885452399,0.499288382489407,0.409661106552992,0.33297677356725,0.0262038881148505,"violation in forward orientation",1,0.214827586206897,1,150,0.58721595995273,0.306772885452399,0.499288382489407,0.409661106552992,0.33297677356725,0.0262038881148505,"violation",1,220,0.332318042523251,0.572227169594026,0.433012701892219,0.499483203996271,0.588032554670202,0.0158053850761765,"violation"
218,140,"forward",0.581867813465497,0.335784022647121,0.498722858706034,0.424444414764159,0.33729101910866,0.00150699646153918,"violation in forward orientation",1,0.214827586206897,1,140,0.581867813465497,0.335784022647121,0.498722858706034,0.424444414764159,0.33729101910866,0.00150699646153918,"violation",1,280,0.427211423833278,0.442240067892026,0.475831710089324,0.480207756909359,0.47039815045199,0.0281580825599639,"violation"
219,70,"forward",0.606789975333154,0.295810536031579,0.496723961448963,0.376883027379226,0.317186796837166,0.021376260805587,"violation in forward orientation",1,0.214827586206897,1,70,0.606789975333154,0.295810536031579,0.496723961448963,0.376883027379226,0.317186796837166,0.021376260805587,"violation",1,90,0.247071505072811,0.554753840420317,0.351539822656808,0.492035329455212,0.693708266782153,0.138954426361836,"violation"
220,230,"forward",0.60609386480598,0.308830571471401,0.499829838719997,0.421111141591835,0.317748335632962,0.00891776416156093,"violation in forward orientation",1,0.214827586206897,1,230,0.60609386480598,0.308830571471401,0.499829838719997,0.421111141591835,0.317748335632962,0.00891776416156093,"violation",1,230,0.361688939710557,0.544829179389491,0.44814256440783,0.497707409434928,0.55162297642264,0.00679379703314931,"violation"
221,70,"reverse",0.295810536031579,0.561680056860571,0.376883027379226,0.489897948556636,0.633289017411367,0.0716089605507961,"violation in reverse orientation",1,0.214827586206897,1,90,0.566413277978533,0.232572423955049,0.493913572686508,0.339934634239519,0.34975789169309,0.117185467738042,"violation",1,70,0.295810536031579,0.561680056860571,0.376883027379226,0.489897948556636,0.633289017411367,0.0716089605507961,"violation"
222,50,"forward",0.590712364249548,0.275078575707952,0.489897948556636,0.346987031457949,0.330156292362308,0.0550777166543556,"violation in forward orientation",1,0.214827586206897,1,50,0.590712364249548,0.275078575707952,0.489897948556636,0.346987031457949,0.330156292362308,0.0550777166543556,"violation at burn-in",1,50,0.275078575707952,0.633238465893974,0.346987031457949,0.496386945839634,0.658989353591586,0.0257508876976124,"violation at burn-in"
223,70,"forward",0.707263868466018,0.219286761535403,0.498159879261791,0.318157963590287,0.236136465379086,0.0168497038436832,"violation in forward orientation",1,0.214827586206897,1,70,0.707263868466018,0.219286761535403,0.498159879261791,0.318157963590287,0.236136465379086,0.0168497038436832,"violation",1,90,0.303158498150334,0.589508511541965,0.391420332306856,0.496903994999953,0.624180129793233,0.034671618251268,"violation"
224,50,"reverse",0.246504271019468,0.633238465893974,0.324961536185438,0.496386945839634,0.694411437424785,0.0611729715308111,"violation in reverse orientation",1,0.214827586206897,1,50,0.546859192020479,0.355715993350399,0.48,0.4,0.365531791746552,0.00981579839615321,"violation at burn-in",1,50,0.246504271019468,0.633238465893974,0.324961536185438,0.496386945839634,0.694411437424785,0.0611729715308111,"violation at burn-in"
225,50,"forward",0.654021127930363,0.116284945699819,0.498397431775085,0.195959179422654,0.279086346523284,0.162801400823465,"violation in forward orientation",1,0.214827586206897,1,50,0.654021127930363,0.116284945699819,0.498397431775085,0.195959179422654,0.279086346523284,0.162801400823465,"violation at burn-in",1,90,0.382890080077361,0.519317495001799,0.436173031697567,0.484831649539365,0.525341022071708,0.00602352706990883,"violation"
226,70,"forward",0.636172957540227,0.277251743648749,0.499183005990176,0.363935405795914,0.293484117734636,0.016232374085887,"violation in forward orientation",1,0.214827586206897,1,70,0.636172957540227,0.277251743648749,0.499183005990176,0.363935405795914,0.293484117734636,0.016232374085887,"violation",1,220,0.445487180289561,0.435852740667072,0.478375349706286,0.475516248386255,0.447742642842368,0.0118899021752962,"violation"
227,50,"reverse",0.329560327676681,0.590712364249548,0.384187454245971,0.489897948556636,0.591451150767227,0.000738786517678558,"violation in reverse orientation",1,0.214827586206897,1,90,0.678976500805676,0.217843543370117,0.498887651569859,0.327542288288526,0.258955333579161,0.0411117902090444,"violation",1,50,0.329560327676681,0.590712364249548,0.384187454245971,0.489897948556636,0.591451150767227,0.000738786517678558,"violation at burn-in"
228,50,"reverse",0.185611725055255,0.674489213358372,0.271293199325011,0.499599839871872,0.76989676914068,0.0954075557823079,"violation in reverse orientation",1,0.214827586206897,1,90,0.554753840420317,0.330249254092939,0.492035329455212,0.408097059382377,0.35916333274093,0.0289140786479913,"violation",1,50,0.185611725055255,0.674489213358372,0.271293199325011,0.499599839871872,0.76989676914068,0.0954075557823079,"violation at burn-in"
229,50,"reverse",0.430755917550709,0.381261936620275,0.438634243989226,0.41424630354416,0.46600422538631,0.0847422887660353,"violation in reverse orientation",1,0.214827586206897,1,100,0.678237834688651,0.249038993743375,0.498397431775084,0.357071421427142,0.259551201139927,0.0105122073965516,"violation",1,50,0.430755917550709,0.381261936620275,0.438634243989226,0.41424630354416,0.46600422538631,0.0847422887660353,"violation at burn-in"
230,50,"reverse",0.216786995012799,0.654021127930363,0.3,0.498397431775084,0.731250403533618,0.0772292756032549,"violation in reverse orientation",1,0.214827586206897,1,50,0.694644991687999,0.185611725055255,0.5,0.271293199325011,0.246315867347064,0.0607041422918093,"violation at burn-in",1,50,0.216786995012799,0.654021127930363,0.3,0.498397431775084,0.731250403533618,0.0772292756032549,"violation at burn-in"
231,50,"forward",0.694644991687999,0.216786995012799,0.5,0.3,0.246315867347064,0.0295288723342647,"violation in forward orientation",1,0.214827586206897,1,50,0.694644991687999,0.216786995012799,0.5,0.3,0.246315867347064,0.0295288723342647,"violation at burn-in",1,90,0.289392299544533,0.623601442490622,0.382325567424117,0.499505928733089,0.64124537237377,0.0176439298831474,"violation"
232,140,"forward",0.61072831954556,0.294306564960633,0.499948976988489,0.4,0.31400981131527,0.0197032463546376,"violation in forward orientation",1,0.214827586206897,1,140,0.61072831954556,0.294306564960633,0.499948976988489,0.4,0.31400981131527,0.0197032463546376,"violation",1,150,0.382412101557293,0.511740763682334,0.448998886412873,0.489897948556636,0.525933547257987,0.0141927835756529,"violation"
233,60,"reverse",0.25432432379694,0.677962140771975,0.339934634239519,0.5,0.684717323496782,0.00675518272480657,"violation in reverse orientation",1,0.214827586206897,1,130,0.53578333160449,0.368911008531405,0.49278822701683,0.43947251867956,0.374466472487073,0.00555546395566803,"violation",1,60,0.25432432379694,0.677962140771975,0.339934634239519,0.5,0.684717323496782,0.00675518272480657,"violation"
234,160,"reverse",0.373747426619383,0.495240586751941,0.446514277487294,0.487179381747627,0.536674695481333,0.041434108729392,"violation in reverse orientation",1,0.214827586206897,1,210,0.5923978076773,0.326186929275849,0.499977323748826,0.428809457708675,0.328796677996689,0.0026097487208398,"violation",1,160,0.373747426619383,0.495240586751941,0.446514277487294,0.487179381747627,0.536674695481333,0.041434108729392,"violation"
235,50,"reverse",0.329560327676681,0.56895608070809,0.384187454245971,0.485386443980464,0.591451150767227,0.0224950700591372,"violation in reverse orientation",1,0.214827586206897,1,100,0.577680196938796,0.322972911087052,0.496386945839634,0.407308237088326,0.340669087748437,0.0176961766613847,"violation",1,50,0.329560327676681,0.56895608070809,0.384187454245971,0.485386443980464,0.591451150767227,0.0224950700591372,"violation at burn-in"
236,150,"forward",0.566880457132142,0.344989602802316,0.497817458735852,0.431071017608726,0.349381027374712,0.00439142457239577,"violation in forward orientation",1,0.214827586206897,1,150,0.566880457132142,0.344989602802316,0.497817458735852,0.431071017608726,0.349381027374712,0.00439142457239577,"violation",1,150,0.299023510456273,0.627337716181324,0.404914257041606,0.499822190606042,0.629306059622325,0.00196834344100083,"violation"
237,80,"reverse",0.32367253060101,0.577841623971563,0.4,0.49434299833213,0.598749947496701,0.0209083235251378,"violation in reverse orientation",1,0.214827586206897,1,240,0.566123219797039,0.347360004394319,0.499374608885954,0.442216638714053,0.349991875975168,0.00263187158084927,"violation",1,80,0.32367253060101,0.577841623971563,0.4,0.49434299833213,0.598749947496701,0.0209083235251378,"violation"
238,50,"reverse",0.4062591846095,0.454790769027509,0.427083130081252,0.448998886412873,0.496371554962407,0.0415807859348977,"violation in reverse orientation",1,0.214827586206897,1,90,0.577997924209187,0.275464716989807,0.495535624910617,0.372677996249965,0.340412783351588,0.0649480663617811,"violation",1,50,0.4062591846095,0.454790769027509,0.427083130081252,0.448998886412873,0.496371554962407,0.0415807859348977,"violation at burn-in"
239,60,"forward",0.574366575369876,0.321054517826778,0.489897948556636,0.386939558874797,0.34334212168903,0.0222876038622514,"violation in forward orientation",1,0.214827586206897,1,60,0.574366575369876,0.321054517826778,0.489897948556636,0.386939558874797,0.34334212168903,0.0222876038622514,"violation",1,130,0.333707961152927,0.575485299258979,0.421325044234743,0.497865265393366,0.586309544617693,0.0108242453587143,"violation"
240,60,"forward",0.34236971261758,0.501117648712452,0.4,0.471404520791032,0.57557202047255,0.0744543717600982,"violation in forward orientation",1,0.214827586206897,1,60,0.34236971261758,0.501117648712452,0.4,0.471404520791032,0.57557202047255,0.0744543717600982,"violation",1,480,0.257590954749479,0.584971602762453,0.403091353031653,0.499648313816829,0.680667850492471,0.0956962477300182,"violation"
241,90,"reverse",0.217843543370117,0.566413277978533,0.327542288288526,0.493913572686508,0.729940655321204,0.163527377342671,"violation in reverse orientation",1,0.214827586206897,1,210,0.568433925497206,0.336792989159324,0.499183005990176,0.434378645027856,0.348127874720106,0.011334885560782,"violation",1,90,0.217843543370117,0.566413277978533,0.327542288288526,0.493913572686508,0.729940655321204,0.163527377342671,"violation"
242,150,"reverse",0.267629269853237,0.660213790465476,0.384187454245971,0.497817458735853,0.668223871784122,0.00801008131864644,"violation in reverse orientation",1,0.214827586206897,1,160,0.598041328914409,0.273818275903645,0.499843725578305,0.3903123748999,0.324244159401101,0.0504258834974563,"violation",1,150,0.267629269853237,0.660213790465476,0.384187454245971,0.497817458735853,0.668223871784122,0.00801008131864644,"violation"
243,50,"reverse",0.185611725055255,0.454790769027509,0.271293199325011,0.448998886412873,0.76989676914068,0.315106000113171,"violation in reverse orientation",1,0.214827586206897,1,170,0.589706717637941,0.32642608293888,0.499688484272831,0.424182502995763,0.330967527884879,0.00454144494599962,"violation",1,50,0.185611725055255,0.454790769027509,0.271293199325011,0.448998886412873,0.76989676914068,0.315106000113171,"violation at burn-in"
244,140,"reverse",0.37627310295803,0.522975342090722,0.444696640464954,0.491301893971933,0.533543745490479,0.0105684033997571,"violation in reverse orientation",1,0.214827586206897,1,160,0.566401777618562,0.345761529163151,0.498082259772419,0.433012701892219,0.349767168809348,0.00400563964619743,"violation",1,140,0.37627310295803,0.522975342090722,0.444696640464954,0.491301893971933,0.533543745490479,0.0105684033997571,"violation"
245,90,"reverse",0.217843543370117,0.689834539323384,0.327542288288526,0.498020774022555,0.729940655321204,0.0401061159978202,"violation in reverse orientation",1,0.214827586206897,1,100,0.546417177917328,0.334897285537307,0.491833305094318,0.41424630354416,0.365888355909167,0.0309910703718601,"violation",1,90,0.217843543370117,0.689834539323384,0.327542288288526,0.498020774022555,0.729940655321204,0.0401061159978202,"violation"
246,50,"reverse",0.302716065288689,0.590712364249548,0.366606055596467,0.489897948556636,0.624728590869945,0.0340162266203967,"violation in reverse orientation",1,0.214827586206897,1,80,0.524681766062824,0.369072457693506,0.484122918275927,0.42555111326373,0.383421889051511,0.0143494313580049,"violation",1,50,0.302716065288689,0.590712364249548,0.366606055596467,0.489897948556636,0.624728590869945,0.0340162266203967,"violation at burn-in"
247,50,"reverse",0.302716065288689,0.590712364249548,0.366606055596467,0.489897948556636,0.624728590869945,0.0340162266203967,"violation in reverse orientation",1,0.214827586206897,1,210,0.544248504803236,0.363076997417881,0.497248665988823,0.447112175021162,0.367637782245111,0.00456078482722971,"violation",1,50,0.302716065288689,0.590712364249548,0.366606055596467,0.489897948556636,0.624728590869945,0.0340162266203967,"violation at burn-in"
248,60,"reverse",0.206777284463185,0.727070094348715,0.3,0.49749371855331,0.743658922659453,0.0165888283107376,"violation in reverse orientation",1,0.214827586206897,1,170,0.625000835285,0.299540084978558,0.499688484272831,0.408558949510243,0.302496451024826,0.00295636604626798,"violation",1,60,0.206777284463185,0.727070094348715,0.3,0.49749371855331,0.743658922659453,0.0165888283107376,"violation"
249,160,"reverse",0.331611385567067,0.585437582923543,0.42555111326373,0.499374608885954,0.588908560655865,0.00347097773232186,"violation in reverse orientation",1,0.214827586206897,1,240,0.644867038614595,0.272989870270196,0.49705731281435,0.4,0.286470771970586,0.0134809017003904,"violation",1,160,0.331611385567067,0.585437582923543,0.42555111326373,0.499374608885954,0.588908560655865,0.00347097773232186,"violation"
250,60,"reverse",0.299311814729174,0.574366575369876,0.372677996249965,0.489897948556636,0.62894866376491,0.0545820883950342,"violation in reverse orientation",1,0.214827586206897,1,110,0.623309040262332,0.294997309582735,0.499917348540637,0.393017569476678,0.303861189098278,0.00886387951554318,"violation",1,60,0.299311814729174,0.574366575369876,0.372677996249965,0.489897948556636,0.62894866376491,0.0545820883950342,"violation"
251,120,"reverse",0.416367655586762,0.462100043978407,0.458257569495584,0.474268442504407,0.48384060765553,0.0217405636771228,"violation in reverse orientation",1,0.214827586206897,1,280,0.538090622744335,0.366265521563528,0.497839720949526,0.453430799346403,0.372605225691277,0.00633970412774898,"violation",1,120,0.416367655586762,0.462100043978407,0.458257569495584,0.474268442504407,0.48384060765553,0.0217405636771228,"violation"
252,50,"reverse",0.275078575707952,0.633238465893974,0.346987031457949,0.496386945839634,0.658989353591586,0.0257508876976124,"violation in reverse orientation",1,0.214827586206897,1,90,0.495299770270681,0.382890080077361,0.478681316189734,0.436173031697567,0.407123772432341,0.0242336923549793,"violation",1,50,0.275078575707952,0.633238465893974,0.346987031457949,0.496386945839634,0.658989353591586,0.0257508876976124,"violation at burn-in"
253,50,"forward",0.694644991687999,0.216786995012799,0.5,0.3,0.246315867347064,0.0295288723342647,"violation in forward orientation",1,0.214827586206897,1,50,0.694644991687999,0.216786995012799,0.5,0.3,0.246315867347064,0.0295288723342647,"violation at burn-in",1,110,0.215539360174888,0.712455070479026,0.333278232360425,0.49326036240911,0.732797031747445,0.0203419612684195,"violation"
254,80,"reverse",0.260399815732986,0.616655263867034,0.357071421427142,0.498591766879478,0.677185851181612,0.0605305873145774,"violation in reverse orientation",1,0.214827586206897,1,90,0.458651873183302,0.408536760814643,0.46732757432918,0.447903208238808,0.43668691678314,0.0281501559684974,"violation",1,80,0.260399815732986,0.616655263867034,0.357071421427142,0.498591766879478,0.677185851181612,0.0605305873145774,"violation"
255,50,"reverse",0.246504271019468,0.524410079701748,0.324961536185438,0.47370877129308,0.694411437424785,0.170001357723037,"violation in reverse orientation",1,0.214827586206897,1,50,0.56895608070809,0.329560327676681,0.485386443980464,0.384187454245971,0.347706662287751,0.0181463346110695,"violation at burn-in",1,50,0.246504271019468,0.524410079701748,0.324961536185438,0.47370877129308,0.694411437424785,0.170001357723037,"violation at burn-in"
256,70,"forward",0.66501401703857,0.258342897757551,0.5,0.349927106111883,0.270218597119726,0.0118756993621753,"violation in forward orientation",1,0.214827586206897,1,70,0.66501401703857,0.258342897757551,0.5,0.349927106111883,0.270218597119726,0.0118756993621753,"violation",1,130,0.324790251442971,0.567604099510956,0.416309511622609,0.497092136043185,0.597364366927106,0.0297602674161501,"violation"
257,60,"forward",0.677962140771975,0.25432432379694,0.5,0.339934634239519,0.25977359804952,0.00544927425258079,"violation in forward orientation",1,0.214827586206897,1,60,0.677962140771975,0.25432432379694,0.5,0.339934634239519,0.25977359804952,0.00544927425258079,"violation",1,140,0.368247414561976,0.522975342090722,0.440952123830019,0.491301893971933,0.54349277523183,0.020517433141108,"violation"
258,50,"forward",0.454790769027509,0.275078575707952,0.448998886412873,0.346987031457949,0.439801594256694,0.164723018548742,"violation in forward orientation",1,0.214827586206897,1,50,0.454790769027509,0.275078575707952,0.448998886412873,0.346987031457949,0.439801594256694,0.164723018548742,"violation at burn-in",1,140,0.343956010304985,0.567292309215636,0.428809457708675,0.49749371855331,0.573605569485194,0.00631326026955781,"violation"
259,100,"forward",0.598237834688651,0.298810407487868,0.498397431775085,0.392300904918661,0.324085642022715,0.0252752345348464,"violation in forward orientation",1,0.214827586206897,1,100,0.598237834688651,0.298810407487868,0.498397431775085,0.392300904918661,0.324085642022715,0.0252752345348464,"violation",1,130,0.342577334592128,0.559693473732081,0.426142737983524,0.496198566857543,0.575314642276712,0.015621168544631,"violation"
260,140,"reverse",0.39222269413651,0.4929254548987,0.451753951452626,0.485031032038999,0.513771864355011,0.0208464094563106,"violation in reverse orientation",1,0.214827586206897,1,150,0.573679409779001,0.329804537087069,0.498397431775085,0.422952584681651,0.343896444779042,0.0140919076919725,"violation",1,140,0.39222269413651,0.4929254548987,0.451753951452626,0.485031032038999,0.513771864355011,0.0208464094563106,"violation"
261,160,"forward",0.591748113255807,0.259030400808886,0.499648313816829,0.379967103839267,0.329320773824635,0.0702903730157491,"violation in forward orientation",1,0.214827586206897,1,160,0.591748113255807,0.259030400808886,0.499648313816829,0.379967103839267,0.329320773824635,0.0702903730157491,"violation",1,200,0.319319673709707,0.594428882220546,0.423998820753077,0.499974999374969,0.604145958472247,0.00971707625170015,"violation"
262,70,"reverse",0.277251743648749,0.650660936341786,0.363935405795914,0.499795876701026,0.656295389982611,0.00563445364082493,"violation in reverse orientation",1,0.214827586206897,1,140,0.522975342090722,0.37627310295803,0.491301893971933,0.444696640464954,0.384798428013368,0.00852532505533843,"violation",1,70,0.277251743648749,0.650660936341786,0.363935405795914,0.499795876701026,0.656295389982611,0.00563445364082493,"violation"
263,60,"forward",0.727070094348715,0.181705607971508,0.49749371855331,0.276385399196283,0.22015916896236,0.0384535609908518,"violation in forward orientation",1,0.214827586206897,1,60,0.727070094348715,0.181705607971508,0.49749371855331,0.276385399196283,0.22015916896236,0.0384535609908518,"violation",1,80,0.354108657851495,0.524681766062824,0.417582327212252,0.484122918275927,0.561019858776148,0.0363380927133241,"violation"
264,90,"forward",0.743018751298959,0.202857682846242,0.489897948556636,0.314269680527354,0.207293698223418,0.00443601537717572,"violation in forward orientation",1,0.214827586206897,1,90,0.743018751298959,0.202857682846242,0.489897948556636,0.314269680527354,0.207293698223418,0.00443601537717572,"violation",1,150,0.306772885452399,0.614044939371098,0.409661106552992,0.5,0.619699561274937,0.00565462190383903,"violation"
265,50,"reverse",0.275078575707952,0.61213738305134,0.346987031457949,0.493558507170123,0.658989353591586,0.0468519705402464,"violation in reverse orientation",1,0.214827586206897,1,50,0.546859192020479,0.355715993350399,0.48,0.4,0.365531791746552,0.00981579839615321,"violation at burn-in",1,50,0.275078575707952,0.61213738305134,0.346987031457949,0.493558507170123,0.658989353591586,0.0468519705402464,"violation at burn-in"
266,90,"forward",0.589508511541965,0.247071505072811,0.496903994999953,0.351539822656808,0.331127416879672,0.0840559118068607,"violation in forward orientation",1,0.214827586206897,1,90,0.589508511541965,0.247071505072811,0.496903994999953,0.351539822656808,0.331127416879672,0.0840559118068607,"violation",1,90,0.275464716989807,0.657042967008405,0.372677996249965,0.499876527964533,0.658510674267401,0.0014677072589967,"violation"
267,50,"forward",0.56895608070809,0.329560327676681,0.485386443980464,0.384187454245971,0.347706662287751,0.0181463346110695,"violation in forward orientation",1,0.214827586206897,1,50,0.56895608070809,0.329560327676681,0.485386443980464,0.384187454245971,0.347706662287751,0.0181463346110695,"violation at burn-in",1,90,0.232572423955049,0.668045886935067,0.339934634239519,0.499505928733089,0.711682025809953,0.0436361388748856,"violation"
268,70,"reverse",0.332011213630856,0.576856954805403,0.4,0.492598275701905,0.588412914537829,0.011555959732426,"violation in reverse orientation",1,0.214827586206897,1,80,0.654590663251262,0.260399815732986,0.5,0.357071421427142,0.278626913479569,0.0182270977465829,"violation",1,70,0.332011213630856,0.576856954805403,0.4,0.492598275701905,0.588412914537829,0.011555959732426,"violation"
269,60,"forward",0.644232895622817,0.230926430345563,0.498887651569859,0.321022671404304,0.286982322763263,0.0560558924176994,"violation in forward orientation",1,0.214827586206897,1,60,0.644232895622817,0.230926430345563,0.498887651569859,0.321022671404304,0.286982322763263,0.0560558924176994,"violation",1,150,0.31448538914479,0.607368134925899,0.41424630354416,0.499955553580071,0.610138770370869,0.00277063544496958,"violation"
270,90,"reverse",0.356808336031459,0.531207015560322,0.422952584681651,0.487498021521785,0.557673207725287,0.0264661921649645,"violation in reverse orientation",1,0.214827586206897,1,150,0.532575700052613,0.367531806168737,0.493558507170123,0.442216638714053,0.377054006346553,0.00952220017781624,"violation",1,90,0.356808336031459,0.531207015560322,0.422952584681651,0.487498021521785,0.557673207725287,0.0264661921649645,"violation"
271,50,"reverse",0.329560327676681,0.478395081610861,0.384187454245971,0.458257569495584,0.591451150767227,0.113056069156366,"violation in reverse orientation",1,0.214827586206897,1,160,0.579109709427252,0.317349074358807,0.499022481958478,0.417582327212252,0.339515927883718,0.0221668535249115,"violation",1,50,0.329560327676681,0.478395081610861,0.384187454245971,0.458257569495584,0.591451150767227,0.113056069156366,"violation at burn-in"
272,90,"reverse",0.343591528449175,0.543018751298959,0.415739709641549,0.489897948556636,0.574057398742037,0.0310386474430779,"violation in reverse orientation",1,0.214827586206897,1,100,0.598237834688651,0.310945864384819,0.498397431775085,0.4,0.324085642022715,0.0131397776378961,"violation",1,90,0.343591528449175,0.543018751298959,0.415739709641549,0.489897948556636,0.574057398742037,0.0310386474430779,"violation"
273,80,"forward",0.483698556974645,0.383879441563478,0.472857007984443,0.433012701892219,0.416482245102611,0.0326028035391329,"violation in forward orientation",1,0.214827586206897,1,80,0.483698556974645,0.383879441563478,0.472857007984443,0.433012701892219,0.416482245102611,0.0326028035391329,"violation",1,160,0.501800453905321,0.39447994677785,0.488580533279827,0.455478800275051,0.401879797635873,0.00739985085802314,"violation"
274,140,"reverse",0.343956010304985,0.567292309215636,0.428809457708675,0.49749371855331,0.573605569485194,0.00631326026955781,"violation in reverse orientation",1,0.214827586206897,1,160,0.604317250201883,0.302968040723733,0.499960935974002,0.409076704298839,0.319181496009707,0.0162134552859743,"violation",1,140,0.343956010304985,0.567292309215636,0.428809457708675,0.49749371855331,0.573605569485194,0.00631326026955781,"violation"
275,110,"forward",0.567708589227794,0.338260821129089,0.495933879890395,0.419070202604222,0.348712989352587,0.0104521682234985,"violation in forward orientation",1,0.214827586206897,1,110,0.567708589227794,0.338260821129089,0.495933879890395,0.419070202604222,0.348712989352587,0.0104521682234985,"violation",1,130,0.360177427802966,0.55175326262289,0.43521062030202,0.495183905828649,0.553496719356695,0.00174345673380405,"violation"
276,50,"forward",0.430755917550709,0.246504271019468,0.438634243989226,0.324961536185438,0.46600422538631,0.219499954366842,"violation in forward orientation",1,0.214827586206897,1,50,0.430755917550709,0.246504271019468,0.438634243989226,0.324961536185438,0.46600422538631,0.219499954366842,"violation at burn-in",1,50,0.185611725055255,0.753238465893974,0.271293199325011,0.496386945839634,0.76989676914068,0.0166583032467065,"violation at burn-in"
277,60,"forward",0.627070094348715,0.25432432379694,0.49749371855331,0.339934634239519,0.300827220065845,0.0465028962689053,"violation in forward orientation",1,0.214827586206897,1,60,0.627070094348715,0.25432432379694,0.49749371855331,0.339934634239519,0.300827220065845,0.0465028962689053,"violation",1,60,0.299311814729174,0.609706494609077,0.372677996249965,0.495535624910617,0.62894866376491,0.0192421691558328,"violation"
278,70,"reverse",0.332011213630856,0.576856954805403,0.4,0.492598275701905,0.588412914537829,0.011555959732426,"violation in reverse orientation",1,0.214827586206897,1,140,0.559967969201867,0.343956010304985,0.496723961448963,0.428809457708675,0.354957196670829,0.0110011863658435,"violation",1,70,0.332011213630856,0.576856954805403,0.4,0.492598275701905,0.588412914537829,0.011555959732426,"violation"
279,60,"forward",0.627070094348715,0.25432432379694,0.49749371855331,0.339934634239519,0.300827220065845,0.0465028962689053,"violation in forward orientation",1,0.214827586206897,1,60,0.627070094348715,0.25432432379694,0.49749371855331,0.339934634239519,0.300827220065845,0.0465028962689053,"violation",1,100,0.346724065972573,0.567316518042841,0.420832508250016,0.495075751779463,0.570174154408565,0.00285763636572356,"violation"
280,50,"reverse",0.275078575707952,0.633238465893974,0.346987031457949,0.496386945839634,0.658989353591586,0.0257508876976124,"violation in reverse orientation",1,0.214827586206897,1,90,0.554753840420317,0.303158498150334,0.492035329455212,0.391420332306856,0.35916333274093,0.0560048345905966,"violation",1,50,0.275078575707952,0.633238465893974,0.346987031457949,0.496386945839634,0.658989353591586,0.0257508876976124,"violation at burn-in"
281,90,"forward",0.634820744786182,0.247071505072811,0.499876527964533,0.351539822656808,0.294574921410096,0.0475034163372852,"violation in forward orientation",1,0.214827586206897,1,90,0.634820744786182,0.247071505072811,0.499876527964533,0.351539822656808,0.294574921410096,0.0475034163372852,"violation",1,210,0.394212458496668,0.510011469318734,0.460306513279793,0.492598275701905,0.511305256654763,0.00129378733602903,"violation"
282,90,"reverse",0.303158498150334,0.507348898454775,0.391420332306856,0.481894409826699,0.624180129793233,0.116831231338458,"violation in reverse orientation",1,0.214827586206897,1,90,0.623601442490623,0.289392299544533,0.499505928733089,0.382325567424117,0.303625313919333,0.0142330143748002,"violation",1,90,0.303158498150334,0.507348898454775,0.391420332306856,0.481894409826699,0.624180129793233,0.116831231338458,"violation"
283,50,"reverse",0.152451248673278,0.633238465893974,0.237486841740758,0.496386945839634,0.811004092211417,0.177765626317444,"violation in reverse orientation",1,0.214827586206897,1,110,0.577086061449853,0.338260821129089,0.497015888466787,0.419070202604222,0.341148365268281,0.00288754413919251,"violation",1,50,0.152451248673278,0.633238465893974,0.237486841740758,0.496386945839634,0.811004092211417,0.177765626317444,"violation at burn-in"
284,50,"forward",0.524410079701748,0.246504271019468,0.47370877129308,0.324961536185438,0.383641053144105,0.137136782124637,"violation in forward orientation",1,0.214827586206897,1,50,0.524410079701748,0.246504271019468,0.47370877129308,0.324961536185438,0.383641053144105,0.137136782124637,"violation at burn-in",1,160,0.259030400808886,0.647764456021478,0.379967103839267,0.498591766879478,0.678883443853515,0.0311189878320366,"violation"
285,90,"forward",0.531207015560322,0.316774321444153,0.487498021521785,0.4,0.378158097452239,0.0613837760080864,"violation in forward orientation",1,0.214827586206897,1,90,0.531207015560322,0.316774321444153,0.487498021521785,0.4,0.378158097452239,0.0613837760080864,"violation",1,450,0.346012215084693,0.570455893076736,0.451149423660427,0.499995061704008,0.571056599042026,0.000600705965289605,"violation"
286,50,"forward",0.478395081610861,0.302716065288689,0.458257569495584,0.366606055596467,0.420760455319329,0.11804439003064,"violation in forward orientation",1,0.214827586206897,1,50,0.478395081610861,0.302716065288689,0.458257569495584,0.366606055596467,0.420760455319329,0.11804439003064,"violation at burn-in",1,60,0.321054517826778,0.574366575369876,0.386939558874797,0.489897948556636,0.601995362178745,0.0276287868088692,"violation"
287,50,"forward",0.501594493296846,0.381261936620275,0.466476151587624,0.41424630354416,0.402045942044771,0.0207840054244967,"violation in forward orientation",1,0.214827586206897,1,50,0.501594493296846,0.381261936620275,0.466476151587624,0.41424630354416,0.402045942044771,0.0207840054244967,"violation at burn-in",1,110,0.400967433231594,0.500787243770971,0.449885201151223,0.483530405344444,0.502931464747655,0.00214422097668343,"violation"
288,80,"forward",0.551467297585606,0.354108657851495,0.489897948556636,0.417582327212252,0.361814522794373,0.00770586494287828,"violation in forward orientation",1,0.214827586206897,1,80,0.551467297585606,0.354108657851495,0.489897948556636,0.417582327212252,0.361814522794373,0.00770586494287828,"violation",1,90,0.395765536459536,0.507348898454775,0.442216638714053,0.481894409826699,0.509379986437344,0.00203108798256924,"violation"
289,50,"reverse",0.185611725055255,0.694644991687999,0.271293199325011,0.5,0.76989676914068,0.0752517774526811,"violation in reverse orientation",1,0.214827586206897,1,60,0.556383151271119,0.34236971261758,0.486198404860494,0.4,0.357848999431171,0.0154792868135907,"violation",1,50,0.185611725055255,0.694644991687999,0.271293199325011,0.5,0.76989676914068,0.0752517774526811,"violation at burn-in"
290,100,"reverse",0.358457767577596,0.514629046470215,0.427083130081252,0.485386443980464,0.555628492966998,0.0409994464967832,"violation in reverse orientation",1,0.214827586206897,1,180,0.570969075655082,0.334293780447042,0.498887651569859,0.429757324573638,0.3460828184952,0.0117890380481581,"violation",1,100,0.358457767577596,0.514629046470215,0.427083130081252,0.485386443980464,0.555628492966998,0.0409994464967832,"violation"
291,60,"reverse",0.25432432379694,0.677962140771975,0.339934634239519,0.5,0.684717323496782,0.00675518272480657,"violation in reverse orientation",1,0.214827586206897,1,90,0.458651873183302,0.433781791811234,0.46732757432918,0.458257569495584,0.43668691678314,0.00290512497190615,"violation",1,60,0.25432432379694,0.677962140771975,0.339934634239519,0.5,0.684717323496782,0.00675518272480657,"violation"
292,50,"reverse",0.216786995012799,0.674489213358372,0.3,0.499599839871872,0.731250403533618,0.0567611901752454,"violation in reverse orientation",1,0.214827586206897,1,180,0.675660922391709,0.251161484001688,0.494756455862158,0.377573474167693,0.261629946068517,0.0104684620668289,"violation",1,50,0.216786995012799,0.674489213358372,0.3,0.499599839871872,0.731250403533618,0.0567611901752454,"violation at burn-in"
293,70,"forward",0.606789975333154,0.314054244758118,0.496723961448963,0.388875931109034,0.317186796837166,0.00313255207904767,"violation in forward orientation",1,0.214827586206897,1,70,0.606789975333154,0.314054244758118,0.496723961448963,0.388875931109034,0.317186796837166,0.00313255207904767,"violation",1,160,0.45548267551641,0.435337907380941,0.476969600708473,0.470662764089109,0.439243446776639,0.00390553939569793,"violation"
294,90,"forward",0.634820744786182,0.232572423955049,0.499876527964533,0.339934634239519,0.294574921410096,0.0620024974550477,"violation in forward orientation",1,0.214827586206897,1,90,0.634820744786182,0.232572423955049,0.499876527964533,0.339934634239519,0.294574921410096,0.0620024974550477,"violation",1,140,0.294306564960633,0.625014033831274,0.4,0.499948976988489,0.635153412361254,0.0101393785299796,"violation"
295,60,"reverse",0.34236971261758,0.574366575369876,0.4,0.489897948556636,0.57557202047255,0.00120544510267406,"violation in reverse orientation",1,0.214827586206897,1,70,0.650660936341786,0.258342897757551,0.499795876701026,0.349927106111883,0.281796947591132,0.0234540498335815,"violation",1,60,0.34236971261758,0.574366575369876,0.4,0.489897948556636,0.57557202047255,0.00120544510267406,"violation"
296,60,"forward",0.463104996184793,0.363298063516486,0.458257569495584,0.411973569810276,0.433094669244596,0.0697966057281109,"violation in forward orientation",1,0.214827586206897,1,60,0.463104996184793,0.363298063516486,0.458257569495584,0.411973569810276,0.433094669244596,0.0697966057281109,"violation",1,90,0.202857682846242,0.700619622653076,0.314269680527354,0.496903994999953,0.74851784953735,0.0478982268842735,"violation"
297,70,"forward",0.576856954805403,0.332011213630856,0.492598275701905,0.4,0.341333181133308,0.00932196750245157,"violation in forward orientation",1,0.214827586206897,1,70,0.576856954805403,0.332011213630856,0.492598275701905,0.4,0.341333181133308,0.00932196750245157,"violation",1,90,0.316774321444153,0.589508511541965,0.4,0.496903994999953,0.607301299689414,0.017792788147449,"violation"
298,70,"forward",0.788036585503097,0.133747440669977,0.483186700722508,0.232115382989599,0.170978688721942,0.0372312480519648,"violation in forward orientation",1,0.214827586206897,1,70,0.788036585503097,0.133747440669977,0.483186700722508,0.232115382989599,0.170978688721942,0.0372312480519648,"violation",1,160,0.324494638919108,0.540775613696132,0.421631874388073,0.495250883391438,0.597730822444276,0.0569552087481442,"violation"
299,50,"forward",0.501594493296846,0.329560327676681,0.466476151587624,0.384187454245971,0.402045942044771,0.0724856143680901,"violation in forward orientation",1,0.214827586206897,1,50,0.501594493296846,0.329560327676681,0.466476151587624,0.384187454245971,0.402045942044771,0.0724856143680901,"violation at burn-in",1,280,0.295893744134178,0.577734429430506,0.417582327212252,0.499948976988489,0.633185868641238,0.0554514392107323,"violation"
300,130,"forward",0.629838556737926,0.297728565431627,0.499940824900674,0.4,0.298593955410936,0.000865389979308351,"violation in forward orientation",1,0.214827586206897,1,130,0.629838556737926,0.297728565431627,0.499940824900674,0.4,0.298593955410936,0.000865389979308351,"violation",1,160,0.302968040723733,0.623041328914409,0.409076704298839,0.499843725578305,0.62441622998903,0.00137490107462068,"violation"
301,150,"reverse",0.259673378564744,0.666727627697992,0.37853518844209,0.497147418333391,0.678086377670481,0.0113587499724888,"violation in reverse orientation",1,0.214827586206897,1,360,0.572780011817819,0.339485360305629,0.499992283891079,0.44510367775454,0.344621971585992,0.0051366112803633,"violation",1,150,0.259673378564744,0.666727627697992,0.37853518844209,0.497147418333391,0.678086377670481,0.0113587499724888,"violation"
302,50,"forward",0.714489213358372,0.216786995012799,0.499599839871872,0.3,0.230307920468919,0.0135209254561192,"violation in forward orientation",1,0.214827586206897,1,50,0.714489213358372,0.216786995012799,0.499599839871872,0.3,0.230307920468919,0.0135209254561192,"violation at burn-in",1,90,0.408536760814643,0.47095319093603,0.447903208238808,0.471404520791032,0.493548161842098,0.0225949709060681,"violation"
303,50,"reverse",0.246504271019468,0.654021127930363,0.324961536185438,0.498397431775084,0.694411437424785,0.0403903094944219,"violation in reverse orientation",1,0.214827586206897,1,210,0.485280598226112,0.409625475455424,0.487857084756789,0.466107536763422,0.4152060432574,0.00558056780197552,"violation",1,50,0.246504271019468,0.654021127930363,0.324961536185438,0.498397431775084,0.694411437424785,0.0403903094944219,"violation at burn-in"
304,80,"reverse",0.243974143961777,0.654590663251262,0.344374432848898,0.5,0.697547904741252,0.0429572414899896,"violation in reverse orientation",1,0.214827586206897,1,80,0.551467297585606,0.354108657851495,0.489897948556636,0.417582327212252,0.361814522794373,0.00770586494287828,"violation",1,80,0.243974143961777,0.654590663251262,0.344374432848898,0.5,0.697547904741252,0.0429572414899896,"violation"
305,60,"forward",0.592139703863035,0.277090389131333,0.493006648591635,0.357071421427142,0.32900488531348,0.0519144961821471,"violation in forward orientation",1,0.214827586206897,1,60,0.592139703863035,0.277090389131333,0.493006648591635,0.357071421427142,0.32900488531348,0.0519144961821471,"violation",1,90,0.303158498150334,0.577997924209187,0.391420332306856,0.495535624910617,0.624180129793233,0.0461822055840458,"violation"
306,90,"reverse",0.343591528449175,0.566413277978533,0.415739709641549,0.493913572686508,0.574057398742037,0.00764412076350407,"violation in reverse orientation",1,0.214827586206897,1,160,0.696369530078241,0.190291297197951,0.49228421668788,0.323494107365188,0.244924715837125,0.0546334186391738,"violation",1,90,0.343591528449175,0.566413277978533,0.415739709641549,0.493913572686508,0.574057398742037,0.00764412076350407,"violation"
307,70,"forward",0.693315814683084,0.239040057693904,0.499183005990176,0.334724986110285,0.247388088532645,0.00834803083874075,"violation in forward orientation",1,0.214827586206897,1,70,0.693315814683084,0.239040057693904,0.499183005990176,0.334724986110285,0.247388088532645,0.00834803083874075,"violation",1,90,0.217843543370117,0.657042967008405,0.327542288288526,0.499876527964533,0.729940655321204,0.0728976883127991,"violation"
308,90,"forward",0.589508511541965,0.316774321444153,0.496903994999953,0.4,0.331127416879672,0.0143530954355189,"violation in forward orientation",1,0.214827586206897,1,90,0.589508511541965,0.316774321444153,0.496903994999953,0.4,0.331127416879672,0.0143530954355189,"violation",1,130,0.386251568800868,0.503478792009515,0.447478140684584,0.48650425541052,0.521173958807475,0.0176951667979601,"violation"
309,80,"forward",0.616655263867034,0.308177297821902,0.498591766879478,0.3903123748999,0.309228660841148,0.0010513630192468,"violation in forward orientation",1,0.214827586206897,1,80,0.616655263867034,0.308177297821902,0.498591766879478,0.3903123748999,0.309228660841148,0.0010513630192468,"violation",1,120,0.350374561746575,0.541858331145758,0.428093317968044,0.493006648591635,0.565648824089975,0.0237904929442168,"violation"
310,50,"reverse",0.275078575707952,0.546859192020479,0.346987031457949,0.48,0.658989353591586,0.112130161571107,"violation in reverse orientation",1,0.214827586206897,1,80,0.590878168740764,0.292478733192347,0.496078370824611,0.379967103839267,0.330022541110602,0.037543807918255,"violation",1,50,0.275078575707952,0.546859192020479,0.346987031457949,0.48,0.658989353591586,0.112130161571107,"violation at burn-in"
311,80,"forward",0.654590663251262,0.243974143961777,0.5,0.344374432848898,0.278626913479569,0.0346527695177921,"violation in forward orientation",1,0.214827586206897,1,80,0.654590663251262,0.243974143961777,0.5,0.344374432848898,0.278626913479569,0.0346527695177921,"violation",1,150,0.31448538914479,0.600671049514658,0.41424630354416,0.499822190606042,0.610138770370869,0.00946772085621128,"violation"
312,80,"reverse",0.292478733192347,0.616655263867034,0.379967103839267,0.498591766879478,0.637419280624194,0.0207640167571597,"violation in reverse orientation",1,0.214827586206897,1,190,0.521657192186657,0.381884873942699,0.493727974718256,0.453518103674055,0.3858617538516,0.00397687990890189,"violation",1,80,0.292478733192347,0.616655263867034,0.379967103839267,0.498591766879478,0.637419280624194,0.0207640167571597,"violation"
313,50,"reverse",0.275078575707952,0.590712364249548,0.346987031457949,0.489897948556636,0.658989353591586,0.0682769893420376,"violation in reverse orientation",1,0.214827586206897,1,160,0.623041328914409,0.251578187192657,0.499843725578305,0.374530956664466,0.30407714662523,0.0524989594325731,"violation",1,50,0.275078575707952,0.590712364249548,0.346987031457949,0.489897948556636,0.658989353591586,0.0682769893420376,"violation at burn-in"
314,140,"reverse",0.327572698663508,0.559967969201867,0.419912527334259,0.496723961448963,0.593915111388543,0.0339471421866764,"violation in reverse orientation",1,0.214827586206897,1,160,0.598041328914409,0.302968040723733,0.499843725578305,0.409076704298839,0.324244159401101,0.0212761186773685,"violation",1,140,0.327572698663508,0.559967969201867,0.419912527334259,0.496723961448963,0.593915111388543,0.0339471421866764,"violation"
315,50,"forward",0.590712364249548,0.302716065288689,0.489897948556636,0.366606055596467,0.330156292362308,0.0274402270736187,"violation in forward orientation",1,0.214827586206897,1,50,0.590712364249548,0.302716065288689,0.489897948556636,0.366606055596467,0.330156292362308,0.0274402270736187,"violation at burn-in",1,60,0.299311814729174,0.592139703863035,0.372677996249965,0.493006648591635,0.62894866376491,0.0368089599018748,"violation"
316,50,"forward",0.753238465893974,0.185611725055255,0.496386945839634,0.271293199325011,0.199049653631281,0.0134379285760267,"violation in forward orientation",1,0.214827586206897,1,50,0.753238465893974,0.185611725055255,0.496386945839634,0.271293199325011,0.199049653631281,0.0134379285760267,"violation at burn-in",1,90,0.458651873183302,0.433781791811234,0.46732757432918,0.458257569495584,0.43668691678314,0.00290512497190615,"violation"
317,90,"reverse",0.330249254092939,0.554753840420317,0.408097059382377,0.492035329455212,0.590597124412513,0.0358432839921954,"violation in reverse orientation",1,0.214827586206897,1,180,0.565329413066226,0.334293780447042,0.498485360187225,0.429757324573638,0.350632224394443,0.0163384439474009,"violation",1,90,0.330249254092939,0.554753840420317,0.408097059382377,0.492035329455212,0.590597124412513,0.0358432839921954,"violation"
318,50,"reverse",0.275078575707952,0.524410079701748,0.346987031457949,0.47370877129308,0.658989353591586,0.134579273889838,"violation in reverse orientation",1,0.214827586206897,1,60,0.627070094348715,0.299311814729174,0.49749371855331,0.372677996249965,0.300827220065845,0.00151540533667049,"violation",1,50,0.275078575707952,0.524410079701748,0.346987031457949,0.47370877129308,0.658989353591586,0.134579273889838,"violation at burn-in"
319,70,"reverse",0.277251743648749,0.621549582751732,0.363935405795914,0.498159879261791,0.656295389982611,0.0347458072308794,"violation in reverse orientation",1,0.214827586206897,1,140,0.50047678688972,0.400148175429016,0.486763572497166,0.455073441034185,0.402947574020458,0.00279939859144274,"violation",1,70,0.277251743648749,0.621549582751732,0.363935405795914,0.498159879261791,0.656295389982611,0.0347458072308794,"violation"
320,150,"reverse",0.344989602802316,0.566880457132142,0.431071017608726,0.497817458735853,0.572324278462054,0.00544382132991195,"violation in reverse orientation",1,0.214827586206897,1,160,0.696369530078241,0.244084851419326,0.49228421668788,0.368908864084343,0.244924715837125,0.000839864417798625,"violation",1,150,0.344989602802316,0.566880457132142,0.431071017608726,0.497817458735853,0.572324278462054,0.00544382132991195,"violation"
321,50,"reverse",0.302716065288689,0.56895608070809,0.366606055596467,0.485386443980464,0.624728590869945,0.0557725101618554,"violation in reverse orientation",1,0.214827586206897,1,50,0.790712364249548,0.152451248673278,0.489897948556636,0.237486841740758,0.168820190155339,0.0163689414820605,"violation at burn-in",1,50,0.302716065288689,0.56895608070809,0.366606055596467,0.485386443980464,0.624728590869945,0.0557725101618554,"violation at burn-in"
322,60,"forward",0.627070094348715,0.299311814729174,0.49749371855331,0.372677996249965,0.300827220065845,0.00151540533667049,"violation in forward orientation",1,0.214827586206897,1,60,0.627070094348715,0.299311814729174,0.49749371855331,0.372677996249965,0.300827220065845,0.00151540533667049,"violation",1,100,0.334897285537307,0.567316518042841,0.41424630354416,0.495075751779463,0.584835200849484,0.0175186828066431,"violation"
323,100,"forward",0.471390072744453,0.415857557760775,0.47370877129308,0.453762052181537,0.426411259451487,0.0105537016907123,"violation in forward orientation",1,0.214827586206897,1,100,0.471390072744453,0.415857557760775,0.47370877129308,0.453762052181537,0.426411259451487,0.0105537016907123,"violation",1,160,0.36678871548486,0.521369530078241,0.443309640657633,0.49228421668788,0.545301048838496,0.0239315187602549,"violation"
324,50,"forward",0.633238465893974,0.216786995012799,0.496386945839634,0.3,0.295851314955463,0.0790643199426635,"violation in forward orientation",1,0.214827586206897,1,50,0.633238465893974,0.216786995012799,0.496386945839634,0.3,0.295851314955463,0.0790643199426635,"violation at burn-in",1,220,0.387117227572064,0.507260380242572,0.458257569495584,0.492484844755704,0.520100846516605,0.0128404662740328,"violation"
325,70,"reverse",0.156423785657551,0.761680056860571,0.257539376818856,0.489897948556636,0.806079544103547,0.0443994872429765,"violation in reverse orientation",1,0.214827586206897,1,80,0.413053876615838,0.455809380365391,0.446514277487294,0.463512405443479,0.487948527613424,0.0321391472480337,"violation",1,70,0.156423785657551,0.761680056860571,0.257539376818856,0.489897948556636,0.806079544103547,0.0443994872429765,"violation"
326,130,"reverse",0.360177427802966,0.55175326262289,0.43521062030202,0.495183905828649,0.553496719356695,0.00174345673380405,"violation in reverse orientation",1,0.214827586206897,1,150,0.539478320967414,0.367531806168737,0.494592986426438,0.442216638714053,0.371485796579522,0.00395399041078487,"violation",1,130,0.360177427802966,0.55175326262289,0.43521062030202,0.495183905828649,0.553496719356695,0.00174345673380405,"violation"
327,50,"reverse",0.329560327676681,0.524410079701748,0.384187454245971,0.47370877129308,0.591451150767227,0.0670410710654791,"violation in reverse orientation",1,0.214827586206897,1,170,0.474348537465923,0.411282314144936,0.482962312355436,0.463214285237883,0.424024723618093,0.0127424094731566,"violation",1,50,0.329560327676681,0.524410079701748,0.384187454245971,0.47370877129308,0.591451150767227,0.0670410710654791,"violation at burn-in"
328,50,"forward",0.633238465893974,0.246504271019468,0.496386945839634,0.324961536185438,0.295851314955463,0.0493470439359948,"violation in forward orientation",1,0.214827586206897,1,50,0.633238465893974,0.246504271019468,0.496386945839634,0.324961536185438,0.295851314955463,0.0493470439359948,"violation at burn-in",1,70,0.277251743648749,0.636172957540227,0.363935405795914,0.499183005990176,0.656295389982611,0.0201224324423847,"violation"
329,50,"forward",0.590712364249548,0.329560327676681,0.489897948556636,0.384187454245971,0.330156292362308,0.000595964685626615,"violation in forward orientation",1,0.214827586206897,1,50,0.590712364249548,0.329560327676681,0.489897948556636,0.384187454245971,0.330156292362308,0.000595964685626615,"violation at burn-in",1,60,0.404119734820393,0.482234168322183,0.433012701892219,0.465176191231762,0.499023719927149,0.0167895516049663,"violation"
330,50,"forward",0.501594493296846,0.381261936620275,0.466476151587624,0.41424630354416,0.402045942044771,0.0207840054244967,"violation in forward orientation",1,0.214827586206897,1,50,0.501594493296846,0.381261936620275,0.466476151587624,0.41424630354416,0.402045942044771,0.0207840054244967,"violation at burn-in",1,120,0.281590846830816,0.635283219199831,0.386939558874797,0.499930550732355,0.650916428767222,0.0156332095673911,"violation"
331,60,"reverse",0.363298063516486,0.519765062450468,0.411973569810276,0.476969600708473,0.549628229079774,0.0298631666293063,"violation in reverse orientation",1,0.214827586206897,1,110,0.539305562933781,0.359431711356376,0.491666083017817,0.430356377401623,0.371625157118378,0.0121934457620021,"violation",1,60,0.363298063516486,0.519765062450468,0.411973569810276,0.476969600708473,0.549628229079774,0.0298631666293063,"violation"
332,50,"forward",0.694644991687999,0.216786995012799,0.5,0.3,0.246315867347064,0.0295288723342647,"violation in forward orientation",1,0.214827586206897,1,50,0.694644991687999,0.216786995012799,0.5,0.3,0.246315867347064,0.0295288723342647,"violation at burn-in",1,110,0.238827444645879,0.686176970540763,0.352558535084824,0.497015888466787,0.703928001006743,0.01775103046598,"violation"
333,70,"forward",0.483583542674893,0.401384518782172,0.469693777793531,0.43705881545081,0.416575024896711,0.0151905061145396,"violation in forward orientation",1,0.214827586206897,1,70,0.483583542674893,0.401384518782172,0.469693777793531,0.43705881545081,0.416575024896711,0.0151905061145396,"violation",1,100,0.286560022992805,0.608432477215472,0.384187454245971,0.499099188538711,0.644756398750363,0.0363239215348912,"violation"
334,50,"forward",0.590712364249548,0.329560327676681,0.489897948556636,0.384187454245971,0.330156292362308,0.000595964685626615,"violation in forward orientation",1,0.214827586206897,1,50,0.590712364249548,0.329560327676681,0.489897948556636,0.384187454245971,0.330156292362308,0.000595964685626615,"violation at burn-in",1,80,0.276559731956136,0.642042346118264,0.368908864084343,0.499843725578305,0.657153240994439,0.0151108948761747,"violation"
335,50,"reverse",0.355715993350399,0.454790769027509,0.4,0.448998886412873,0.55902732830477,0.10423655927726,"violation in reverse orientation",1,0.214827586206897,1,120,0.559167193522576,0.350374561746575,0.495535624910617,0.428093317968044,0.355603166805023,0.00522860505844852,"violation",1,50,0.355715993350399,0.454790769027509,0.4,0.448998886412873,0.55902732830477,0.10423655927726,"violation at burn-in"
336,110,"reverse",0.380327651765266,0.520140641333334,0.440604393311005,0.487954069102532,0.528517531578313,0.00837689024497923,"violation in reverse orientation",1,0.214827586206897,1,200,0.466014186217121,0.42886366220779,0.482804308182932,0.471990466005406,0.43074788234262,0.00188422013483019,"violation",1,110,0.380327651765266,0.520140641333334,0.440604393311005,0.487954069102532,0.528517531578313,0.00837689024497923,"violation"
337,90,"forward",0.408536760814643,0.446262250701477,0.447903208238808,0.462948147911104,0.493548161842098,0.0472859111406212,"violation in forward orientation",1,0.214827586206897,1,90,0.408536760814643,0.446262250701477,0.447903208238808,0.462948147911104,0.493548161842098,0.0472859111406212,"violation",1,90,0.289392299544533,0.61230983413901,0.382325567424117,0.498887651569859,0.64124537237377,0.0289355382347601,"violation"
338,50,"forward",0.454790769027509,0.4062591846095,0.448998886412873,0.427083130081252,0.439801594256694,0.0335424096471937,"violation in forward orientation",1,0.214827586206897,1,50,0.454790769027509,0.4062591846095,0.448998886412873,0.427083130081252,0.439801594256694,0.0335424096471937,"violation at burn-in",1,90,0.433781791811234,0.458651873183302,0.458257569495584,0.46732757432918,0.462253205968917,0.0036013327856147,"violation"
339,50,"reverse",0.152451248673278,0.714489213358372,0.237486841740758,0.499599839871872,0.811004092211417,0.0965148788530449,"violation in reverse orientation",1,0.214827586206897,1,50,0.654021127930363,0.185611725055255,0.498397431775085,0.271293199325011,0.279086346523284,0.0934746214680292,"violation at burn-in",1,50,0.152451248673278,0.714489213358372,0.237486841740758,0.499599839871872,0.811004092211417,0.0965148788530449,"violation at burn-in"
340,140,"forward",0.545245544285079,0.343956010304985,0.494871659305393,0.428809457708675,0.366833489926375,0.0228774796213898,"violation in forward orientation",1,0.214827586206897,1,140,0.545245544285079,0.343956010304985,0.494871659305393,0.428809457708675,0.366833489926375,0.0228774796213898,"violation",1,160,0.251578187192657,0.653901777618562,0.374530956664466,0.498082259772419,0.68812156664722,0.0342197890286576,"violation"
341,160,"reverse",0.251578187192657,0.629248113255807,0.374530956664466,0.499648313816829,0.68812156664722,0.0588734533914131,"violation in reverse orientation",1,0.214827586206897,1,270,0.515109264026693,0.391052081558118,0.49502324286233,0.462948147911104,0.391143839885899,9.1758327781466e-05,"violation",1,160,0.251578187192657,0.629248113255807,0.374530956664466,0.499648313816829,0.68812156664722,0.0588734533914131,"violation"
342,50,"forward",0.654021127930363,0.152451248673278,0.498397431775085,0.237486841740758,0.279086346523284,0.126635097850006,"violation in forward orientation",1,0.214827586206897,1,50,0.654021127930363,0.152451248673278,0.498397431775085,0.237486841740758,0.279086346523284,0.126635097850006,"violation at burn-in",1,90,0.187580741083115,0.743018751298959,0.3,0.489897948556636,0.767455882072101,0.0244371307731419,"violation"
343,50,"forward",0.524410079701748,0.302716065288689,0.47370877129308,0.366606055596467,0.383641053144105,0.0809249878554162,"violation in forward orientation",1,0.214827586206897,1,50,0.524410079701748,0.302716065288689,0.47370877129308,0.366606055596467,0.383641053144105,0.0809249878554162,"violation at burn-in",1,90,0.289392299544533,0.531207015560322,0.382325567424117,0.487498021521785,0.64124537237377,0.110038356813448,"violation"
344,160,"reverse",0.331611385567067,0.540775613696132,0.42555111326373,0.495250883391438,0.588908560655865,0.0481329469597331,"violation in reverse orientation",1,0.214827586206897,1,180,0.531216477947264,0.365280019289988,0.494756455862158,0.44510367775454,0.378150464329105,0.0128704450391175,"violation",1,160,0.331611385567067,0.540775613696132,0.42555111326373,0.495250883391438,0.588908560655865,0.0481329469597331,"violation"
345,60,"forward",0.627070094348715,0.277090389131333,0.49749371855331,0.357071421427142,0.300827220065845,0.0237368309345121,"violation in forward orientation",1,0.214827586206897,1,60,0.627070094348715,0.277090389131333,0.49749371855331,0.357071421427142,0.300827220065845,0.0237368309345121,"violation",1,160,0.273818275903645,0.604317250201883,0.3903123748999,0.499960935974002,0.660551681907526,0.0562344317056429,"violation"
346,50,"reverse",0.355715993350399,0.524410079701748,0.4,0.47370877129308,0.55902732830477,0.0346172486030217,"violation in reverse orientation",1,0.214827586206897,1,120,0.626967521469259,0.291618594854466,0.5,0.393612189287318,0.300909963608663,0.009291368754197,"violation",1,50,0.355715993350399,0.524410079701748,0.4,0.47370877129308,0.55902732830477,0.0346172486030217,"violation at burn-in"
347,50,"forward",0.844410079701748,0.0745005976726398,0.47370877129308,0.14,0.125503289612955,0.0510026919403148,"violation in forward orientation",1,0.214827586206897,1,50,0.844410079701748,0.0745005976726398,0.47370877129308,0.14,0.125503289612955,0.0510026919403148,"violation at burn-in",1,490,0.460133840335579,0.43276180951721,0.489047046555107,0.482639038498458,0.435491442763404,0.00272963324619413,"violation"
348,50,"forward",0.612137383051339,0.246504271019468,0.493558507170123,0.324961536185438,0.312873147246348,0.0663688762268795,"violation in forward orientation",1,0.214827586206897,1,50,0.612137383051339,0.246504271019468,0.493558507170123,0.324961536185438,0.312873147246348,0.0663688762268795,"violation at burn-in",1,50,0.216786995012799,0.674489213358372,0.3,0.499599839871872,0.731250403533618,0.0567611901752454,"violation at burn-in"
349,50,"forward",0.654021127930363,0.246504271019468,0.498397431775085,0.324961536185438,0.279086346523284,0.0325820755038158,"violation in forward orientation",1,0.214827586206897,1,50,0.654021127930363,0.246504271019468,0.498397431775085,0.324961536185438,0.279086346523284,0.0325820755038158,"violation at burn-in",1,70,0.295810536031579,0.606789975333154,0.376883027379226,0.496723961448963,0.633289017411367,0.0264990420782132,"violation"
350,50,"reverse",0.381261936620275,0.501594493296846,0.41424630354416,0.466476151587624,0.527359347089872,0.0257648537930266,"violation in reverse orientation",1,0.214827586206897,1,150,0.600671049514658,0.31448538914479,0.499822190606042,0.41424630354416,0.322122815043414,0.00763742589862382,"violation",1,50,0.381261936620275,0.501594493296846,0.41424630354416,0.466476151587624,0.527359347089872,0.0257648537930266,"violation at burn-in"
351,50,"forward",0.56895608070809,0.302716065288689,0.485386443980464,0.366606055596467,0.347706662287751,0.0449905969990615,"violation in forward orientation",1,0.214827586206897,1,50,0.56895608070809,0.302716065288689,0.485386443980464,0.366606055596467,0.347706662287751,0.0449905969990615,"violation at burn-in",1,160,0.302968040723733,0.623041328914409,0.409076704298839,0.499843725578305,0.62441622998903,0.00137490107462068,"violation"
352,50,"forward",0.546859192020479,0.275078575707952,0.48,0.346987031457949,0.365531791746552,0.0904532160386003,"violation in forward orientation",1,0.214827586206897,1,50,0.546859192020479,0.275078575707952,0.48,0.346987031457949,0.365531791746552,0.0904532160386003,"violation at burn-in",1,90,0.247071505072811,0.668045886935067,0.351539822656808,0.499505928733089,0.693708266782153,0.0256623798470861,"violation"
353,50,"reverse",0.329560327676681,0.430755917550709,0.384187454245971,0.438634243989226,0.591451150767227,0.160695233216517,"violation in reverse orientation",1,0.214827586206897,1,50,0.590712364249548,0.216786995012799,0.489897948556636,0.3,0.330156292362308,0.113369297349508,"violation at burn-in",1,50,0.329560327676681,0.430755917550709,0.384187454245971,0.438634243989226,0.591451150767227,0.160695233216517,"violation at burn-in"
354,50,"reverse",0.246504271019468,0.654021127930363,0.324961536185438,0.498397431775084,0.694411437424785,0.0403903094944219,"violation in reverse orientation",1,0.214827586206897,1,240,0.536533705281262,0.370087431437868,0.49705731281435,0.452596674755792,0.373861160666028,0.00377372922815966,"violation",1,50,0.246504271019468,0.654021127930363,0.324961536185438,0.498397431775084,0.694411437424785,0.0403903094944219,"violation at burn-in"
355,50,"reverse",0.355715993350399,0.546859192020479,0.4,0.48,0.55902732830477,0.0121681362842905,"violation in reverse orientation",1,0.214827586206897,1,50,0.612137383051339,0.302716065288689,0.493558507170123,0.366606055596467,0.312873147246348,0.0101570819576586,"violation at burn-in",1,50,0.355715993350399,0.546859192020479,0.4,0.48,0.55902732830477,0.0121681362842905,"violation at burn-in"
356,60,"forward",0.609706494609077,0.277090389131333,0.495535624910617,0.357071421427142,0.314834097577221,0.0377437084458877,"violation in forward orientation",1,0.214827586206897,1,60,0.609706494609077,0.277090389131333,0.495535624910617,0.357071421427142,0.314834097577221,0.0377437084458877,"violation",1,100,0.322972911087052,0.598237834688651,0.407308237088326,0.498397431775084,0.599617229530154,0.00137939484150285,"violation"
357,50,"forward",0.546859192020479,0.302716065288689,0.48,0.366606055596467,0.365531791746552,0.0628157264578634,"violation in forward orientation",1,0.214827586206897,1,50,0.546859192020479,0.302716065288689,0.48,0.366606055596467,0.365531791746552,0.0628157264578634,"violation at burn-in",1,60,0.321054517826778,0.556383151271119,0.386939558874797,0.486198404860494,0.601995362178745,0.0456122109076255,"violation"
358,110,"reverse",0.316792091153819,0.586418960663303,0.406659440842637,0.497929597731969,0.607279271501769,0.0208603108384657,"violation in reverse orientation",1,0.214827586206897,1,280,0.651957728325349,0.168299995530803,0.495374008364655,0.318157963590287,0.280750850771126,0.112450855240323,"violation",1,110,0.316792091153819,0.586418960663303,0.406659440842637,0.497929597731969,0.607279271501769,0.0208603108384657,"violation"
359,130,"reverse",0.288598057539014,0.606718250157931,0.394113490998446,0.499763257562486,0.642229953003467,0.0355117028455354,"violation in reverse orientation",1,0.214827586206897,1,130,0.64510744850675,0.270157006058721,0.499467171715321,0.381603592455768,0.286276837995925,0.0161198319372043,"violation",1,130,0.288598057539014,0.606718250157931,0.394113490998446,0.499763257562486,0.642229953003467,0.0355117028455354,"violation"
360,80,"reverse",0.369072457693506,0.511130300599852,0.42555111326373,0.480722113075735,0.542470012043376,0.0313397114435237,"violation in reverse orientation",1,0.214827586206897,1,250,0.668352611563872,0.267061899020632,0.493558507170123,0.396968512605219,0.267525417981917,0.000463518961284881,"violation",1,80,0.369072457693506,0.511130300599852,0.42555111326373,0.480722113075735,0.542470012043376,0.0313397114435237,"violation"
361,50,"reverse",0.246504271019468,0.654021127930363,0.324961536185438,0.498397431775084,0.694411437424785,0.0403903094944219,"violation in reverse orientation",1,0.214827586206897,1,100,0.638682330481023,0.274187264057314,0.5,0.375632799419859,0.291459855488377,0.0172725914310636,"violation",1,50,0.246504271019468,0.654021127930363,0.324961536185438,0.498397431775084,0.694411437424785,0.0403903094944219,"violation at burn-in"
362,60,"forward",0.592139703863035,0.299311814729174,0.493006648591635,0.372677996249965,0.32900488531348,0.0296930705843055,"violation in forward orientation",1,0.214827586206897,1,60,0.592139703863035,0.299311814729174,0.493006648591635,0.372677996249965,0.32900488531348,0.0296930705843055,"violation",1,110,0.272841182473027,0.614152440296948,0.378011325205305,0.499669312133138,0.66176293396736,0.0476104936704111,"violation"
363,160,"forward",0.572764456021478,0.331611385567067,0.498591766879478,0.42555111326373,0.344634520143734,0.013023134576667,"violation in forward orientation",1,0.214827586206897,1,160,0.572764456021478,0.331611385567067,0.498591766879478,0.42555111326373,0.344634520143734,0.013023134576667,"violation",1,280,0.335248276375803,0.545337808510983,0.439024312468883,0.498454243289252,0.584400095707244,0.039062287196261,"violation"
364,50,"reverse",0.355715993350399,0.546859192020479,0.4,0.48,0.55902732830477,0.0121681362842905,"violation in reverse orientation",1,0.214827586206897,1,50,0.612137383051339,0.302716065288689,0.493558507170123,0.366606055596467,0.312873147246348,0.0101570819576586,"violation at burn-in",1,50,0.355715993350399,0.546859192020479,0.4,0.48,0.55902732830477,0.0121681362842905,"violation at burn-in"
365,50,"reverse",0.355715993350399,0.478395081610861,0.4,0.458257569495584,0.55902732830477,0.0806322466939082,"violation in reverse orientation",1,0.214827586206897,1,170,0.58377228191065,0.313034521257142,0.499446059932408,0.416610146108842,0.335754721530074,0.0227202002729324,"violation",1,50,0.355715993350399,0.478395081610861,0.4,0.458257569495584,0.55902732830477,0.0806322466939082,"violation at burn-in"
366,80,"forward",0.338978878076396,0.564705087131815,0.409076704298839,0.49228421668788,0.579775462225263,0.0150703750934484,"violation in forward orientation",1,0.214827586206897,1,80,0.338978878076396,0.564705087131815,0.409076704298839,0.49228421668788,0.579775462225263,0.0150703750934484,"violation",1,150,0.389809930959501,0.504752897994857,0.45220447685631,0.48848973604593,0.51676284175437,0.0120099437595135,"violation"
367,90,"forward",0.721968833534088,0.171968943105426,0.493913572686508,0.28458329944146,0.224274256643225,0.0523053135377999,"violation in forward orientation",1,0.214827586206897,1,90,0.721968833534088,0.171968943105426,0.493913572686508,0.28458329944146,0.224274256643225,0.0523053135377999,"violation",1,90,0.289392299544533,0.634820744786183,0.382325567424117,0.499876527964533,0.64124537237377,0.00642462758758733,"violation"
368,50,"reverse",0.355715993350399,0.478395081610861,0.4,0.458257569495584,0.55902732830477,0.0806322466939082,"violation in reverse orientation",1,0.214827586206897,1,50,0.612137383051339,0.302716065288689,0.493558507170123,0.366606055596467,0.312873147246348,0.0101570819576586,"violation at burn-in",1,50,0.355715993350399,0.478395081610861,0.4,0.458257569495584,0.55902732830477,0.0806322466939082,"violation at burn-in"
369,90,"reverse",0.303158498150334,0.600945650434495,0.391420332306856,0.498020774022555,0.624180129793233,0.0232344793587383,"violation in reverse orientation",1,0.214827586206897,1,100,0.638682330481023,0.261683564317147,0.5,0.366606055596467,0.291459855488377,0.0297762911712299,"violation",1,90,0.303158498150334,0.600945650434495,0.391420332306856,0.498020774022555,0.624180129793233,0.0232344793587383,"violation"
370,70,"reverse",0.277251743648749,0.636172957540227,0.363935405795914,0.499183005990176,0.656295389982611,0.0201224324423847,"violation in reverse orientation",1,0.214827586206897,1,90,0.519317495001799,0.382890080077361,0.484831649539365,0.436173031697567,0.387749141972348,0.00485906189498631,"violation",1,70,0.277251743648749,0.636172957540227,0.363935405795914,0.499183005990176,0.656295389982611,0.0201224324423847,"violation"
371,50,"forward",0.590712364249548,0.329560327676681,0.489897948556636,0.384187454245971,0.330156292362308,0.000595964685626615,"violation in forward orientation",1,0.214827586206897,1,50,0.590712364249548,0.329560327676681,0.489897948556636,0.384187454245971,0.330156292362308,0.000595964685626615,"violation at burn-in",1,90,0.289392299544533,0.623601442490622,0.382325567424117,0.499505928733089,0.64124537237377,0.0176439298831474,"violation"
372,60,"forward",0.443718815890873,0.424062306087747,0.450616861153192,0.442216638714053,0.449934792490832,0.0258724864030854,"violation in forward orientation",1,0.214827586206897,1,60,0.443718815890873,0.424062306087747,0.450616861153192,0.442216638714053,0.449934792490832,0.0258724864030854,"violation",1,100,0.404536423902243,0.471390072744453,0.448998886412873,0.47370877129308,0.498507172079333,0.0271170993348804,"violation"
373,50,"reverse",0.430755917550709,0.454790769027509,0.438634243989226,0.448998886412873,0.46600422538631,0.0112134563588008,"violation in reverse orientation",1,0.214827586206897,1,110,0.604951973890729,0.305937471255794,0.499255644281672,0.4,0.318669476780023,0.0127320055242294,"violation",1,50,0.430755917550709,0.454790769027509,0.438634243989226,0.448998886412873,0.46600422538631,0.0112134563588008,"violation at burn-in"
374,50,"forward",0.674489213358372,0.216786995012799,0.499599839871872,0.3,0.262575140910312,0.0457881458975131,"violation in forward orientation",1,0.214827586206897,1,50,0.674489213358372,0.216786995012799,0.499599839871872,0.3,0.262575140910312,0.0457881458975131,"violation at burn-in",1,50,0.275078575707952,0.633238465893974,0.346987031457949,0.496386945839634,0.658989353591586,0.0257508876976124,"violation at burn-in"
375,230,"reverse",0.366432393768722,0.522611536891927,0.450267721243652,0.495137032072234,0.545742762393322,0.0231312255013948,"violation in reverse orientation",1,0.214827586206897,1,470,0.441428509351308,0.450218573631567,0.484532134918961,0.486620444255858,0.452773966746608,0.00255539311504027,"violation",1,230,0.366432393768722,0.522611536891927,0.450267721243652,0.495137032072234,0.545742762393322,0.0231312255013948,"violation"
376,50,"forward",0.633238465893974,0.275078575707952,0.496386945839634,0.346987031457949,0.295851314955463,0.0207727392475108,"violation in forward orientation",1,0.214827586206897,1,50,0.633238465893974,0.275078575707952,0.496386945839634,0.346987031457949,0.295851314955463,0.0207727392475108,"violation at burn-in",1,90,0.247071505072811,0.668045886935067,0.351539822656808,0.499505928733089,0.693708266782153,0.0256623798470861,"violation"
377,110,"reverse",0.411196235626877,0.441538187753225,0.454181672610793,0.4657704893618,0.490251348821511,0.0487131610682856,"violation in reverse orientation",1,0.214827586206897,1,180,0.52548470086079,0.365280019289988,0.493913572686508,0.44510367775454,0.38277417719836,0.0174941579083724,"violation",1,110,0.411196235626877,0.441538187753225,0.454181672610793,0.4657704893618,0.490251348821511,0.0487131610682856,"violation"
378,50,"forward",0.694644991687999,0.152451248673278,0.5,0.237486841740758,0.246315867347064,0.0938646186737858,"violation in forward orientation",1,0.214827586206897,1,50,0.694644991687999,0.152451248673278,0.5,0.237486841740758,0.246315867347064,0.0938646186737858,"violation at burn-in",1,70,0.277251743648749,0.636172957540227,0.363935405795914,0.499183005990176,0.656295389982611,0.0201224324423847,"violation"
379,90,"forward",0.519317495001799,0.356808336031459,0.484831649539365,0.422952584681651,0.387749141972348,0.0309408059408886,"violation in forward orientation",1,0.214827586206897,1,90,0.519317495001799,0.356808336031459,0.484831649539365,0.422952584681651,0.387749141972348,0.0309408059408886,"violation",1,90,0.303158498150334,0.61230983413901,0.391420332306856,0.498887651569859,0.624180129793233,0.0118702956542233,"violation"
380,50,"reverse",0.275078575707952,0.633238465893974,0.346987031457949,0.496386945839634,0.658989353591586,0.0257508876976124,"violation in reverse orientation",1,0.214827586206897,1,280,0.62038341186004,0.259839260139821,0.498722858706034,0.394541842275471,0.306221236512937,0.0463819763731168,"violation",1,50,0.275078575707952,0.633238465893974,0.346987031457949,0.496386945839634,0.658989353591586,0.0257508876976124,"violation at burn-in"
381,100,"forward",0.638682330481023,0.286560022992806,0.5,0.384187454245971,0.291459855488377,0.00489983249557163,"violation in forward orientation",1,0.214827586206897,1,100,0.638682330481023,0.286560022992806,0.5,0.384187454245971,0.291459855488377,0.00489983249557163,"violation",1,160,0.345761529163151,0.553623923094054,0.433012701892219,0.49682586235018,0.571367361379919,0.0177434382858649,"violation"
382,50,"forward",0.524410079701748,0.216786995012799,0.47370877129308,0.3,0.383641053144105,0.166854058131306,"violation in forward orientation",1,0.214827586206897,1,50,0.524410079701748,0.216786995012799,0.47370877129308,0.3,0.383641053144105,0.166854058131306,"violation at burn-in",1,80,0.427434440271627,0.469812757386282,0.452596674755792,0.46837484987988,0.47012168853764,0.000308931151358327,"violation"
383,70,"forward",0.606789975333154,0.295810536031579,0.496723961448963,0.376883027379226,0.317186796837166,0.021376260805587,"violation in forward orientation",1,0.214827586206897,1,70,0.606789975333154,0.295810536031579,0.496723961448963,0.376883027379226,0.317186796837166,0.021376260805587,"violation",1,90,0.187580741083115,0.678976500805676,0.3,0.498887651569859,0.767455882072101,0.0884793812664245,"violation"
384,50,"reverse",0.216786995012799,0.61213738305134,0.3,0.493558507170123,0.731250403533618,0.119113020482278,"violation in reverse orientation",1,0.214827586206897,1,50,0.56895608070809,0.275078575707952,0.485386443980464,0.346987031457949,0.347706662287751,0.0726280865797985,"violation at burn-in",1,50,0.216786995012799,0.61213738305134,0.3,0.493558507170123,0.731250403533618,0.119113020482278,"violation at burn-in"
385,50,"reverse",0.246504271019468,0.654021127930363,0.324961536185438,0.498397431775084,0.694411437424785,0.0403903094944219,"violation in reverse orientation",1,0.214827586206897,1,160,0.527856174668703,0.359805211874103,0.493354271796647,0.439992897669951,0.380861155495087,0.0210559436209838,"violation",1,50,0.246504271019468,0.654021127930363,0.324961536185438,0.498397431775084,0.694411437424785,0.0403903094944219,"violation at burn-in"
386,50,"reverse",0.302716065288689,0.590712364249548,0.366606055596467,0.489897948556636,0.624728590869945,0.0340162266203967,"violation in reverse orientation",1,0.214827586206897,1,50,0.524410079701748,0.355715993350399,0.47370877129308,0.4,0.383641053144105,0.027925059793706,"violation at burn-in",1,50,0.302716065288689,0.590712364249548,0.366606055596467,0.489897948556636,0.624728590869945,0.0340162266203967,"violation at burn-in"
387,50,"forward",0.612137383051339,0.246504271019468,0.493558507170123,0.324961536185438,0.312873147246348,0.0663688762268795,"violation in forward orientation",1,0.214827586206897,1,50,0.612137383051339,0.246504271019468,0.493558507170123,0.324961536185438,0.312873147246348,0.0663688762268795,"violation at burn-in",1,200,0.302380212964406,0.614389098731019,0.41424630354416,0.499774949352206,0.625144929581106,0.0107558308500865,"violation"
388,50,"reverse",0.302716065288689,0.501594493296846,0.366606055596467,0.466476151587624,0.624728590869945,0.123134097573099,"violation in reverse orientation",1,0.214827586206897,1,100,0.535880378407413,0.370102421252595,0.489897948556636,0.433012701892219,0.374388186722497,0.0042857654699015,"violation",1,50,0.302716065288689,0.501594493296846,0.366606055596467,0.466476151587624,0.624728590869945,0.123134097573099,"violation at burn-in"
389,90,"forward",0.61230983413901,0.289392299544533,0.498887651569859,0.382325567424117,0.312734034314817,0.0233417347702846,"violation in forward orientation",1,0.214827586206897,1,90,0.61230983413901,0.289392299544533,0.498887651569859,0.382325567424117,0.312734034314817,0.0233417347702846,"violation",1,180,0.401862018058301,0.484982802334419,0.460642331993806,0.486198404860494,0.501822494325697,0.016839691991278,"violation"
390,50,"reverse",0.275078575707952,0.61213738305134,0.346987031457949,0.493558507170123,0.658989353591586,0.0468519705402464,"violation in reverse orientation",1,0.214827586206897,1,100,0.577680196938796,0.334897285537307,0.496386945839634,0.41424630354416,0.340669087748437,0.00577180221113033,"violation",1,50,0.275078575707952,0.61213738305134,0.346987031457949,0.493558507170123,0.658989353591586,0.0468519705402464,"violation at burn-in"
391,60,"forward",0.424062306087747,0.424062306087747,0.442216638714053,0.442216638714053,0.474301948427091,0.0502396423393437,"violation in forward orientation",1,0.214827586206897,1,60,0.424062306087747,0.424062306087747,0.442216638714053,0.442216638714053,0.474301948427091,0.0502396423393437,"violation",1,180,0.334293780447042,0.565329413066226,0.429757324573638,0.498485360187225,0.585583334815794,0.0202539217495676,"violation"
392,70,"forward",0.679232364913215,0.258342897757551,0.499795876701026,0.349927106111883,0.258748932990136,0.000406035232585866,"violation in forward orientation",1,0.214827586206897,1,70,0.679232364913215,0.258342897757551,0.499795876701026,0.349927106111883,0.258748932990136,0.000406035232585866,"violation",1,80,0.276559731956136,0.629397303997039,0.368908864084343,0.499374608885954,0.657153240994439,0.0277559369974002,"violation"
393,50,"forward",0.546859192020479,0.185611725055255,0.48,0.271293199325011,0.365531791746552,0.179920066691298,"violation in forward orientation",1,0.214827586206897,1,50,0.546859192020479,0.185611725055255,0.48,0.271293199325011,0.365531791746552,0.179920066691298,"violation at burn-in",1,100,0.236241940338561,0.697680196938796,0.346987031457949,0.496386945839634,0.707133116628045,0.00945291968924855,"violation"
394,50,"forward",0.633238465893974,0.275078575707952,0.496386945839634,0.346987031457949,0.295851314955463,0.0207727392475108,"violation in forward orientation",1,0.214827586206897,1,50,0.633238465893974,0.275078575707952,0.496386945839634,0.346987031457949,0.295851314955463,0.0207727392475108,"violation at burn-in",1,60,0.363298063516486,0.53818458826428,0.411973569810276,0.481894409826699,0.549628229079774,0.011443640815494,"violation"
395,120,"reverse",0.397760745319089,0.489036544317841,0.450616861153192,0.481894409826699,0.506906629473515,0.0178700851556733,"violation in reverse orientation",1,0.214827586206897,1,160,0.672208614013715,0.244084851419326,0.496078370824611,0.368908864084343,0.264414855955126,0.0203300045358004,"violation",1,120,0.397760745319089,0.489036544317841,0.450616861153192,0.481894409826699,0.506906629473515,0.0178700851556733,"violation"
396,60,"reverse",0.230926430345563,0.694529912104096,0.321022671404304,0.499722145018832,0.713722478736445,0.0191925666323489,"violation in reverse orientation",1,0.214827586206897,1,190,0.53790861492356,0.370332291562764,0.495995040632878,0.448481587216267,0.372752047853152,0.00241975629038754,"violation",1,60,0.230926430345563,0.694529912104096,0.321022671404304,0.499722145018832,0.713722478736445,0.0191925666323489,"violation"
397,50,"forward",0.633238465893974,0.275078575707952,0.496386945839634,0.346987031457949,0.295851314955463,0.0207727392475108,"violation in forward orientation",1,0.214827586206897,1,50,0.633238465893974,0.275078575707952,0.496386945839634,0.346987031457949,0.295851314955463,0.0207727392475108,"violation at burn-in",1,220,0.44067448530226,0.44067448530226,0.476969600708473,0.476969600708473,0.453708691261125,0.0130342059588651,"violation"
398,90,"forward",0.600945650434495,0.275464716989807,0.498020774022555,0.372677996249965,0.321901299833069,0.0464365828432623,"violation in forward orientation",1,0.214827586206897,1,90,0.600945650434495,0.275464716989807,0.498020774022555,0.372677996249965,0.321901299833069,0.0464365828432623,"violation",1,130,0.333707961152927,0.583337209882647,0.421325044234743,0.498518515262143,0.586309544617693,0.00297233473504677,"violation"
399,60,"forward",0.694529912104096,0.230926430345563,0.499722145018832,0.321022671404304,0.246408699804617,0.0154822694590534,"violation in forward orientation",1,0.214827586206897,1,60,0.694529912104096,0.230926430345563,0.499722145018832,0.321022671404304,0.246408699804617,0.0154822694590534,"violation",1,100,0.346724065972573,0.556895688006175,0.420832508250016,0.493558507170123,0.570174154408565,0.0132784664023896,"violation"
400,50,"forward",0.430755917550709,0.355715993350399,0.438634243989226,0.4,0.46600422538631,0.110288232035911,"violation in forward orientation",1,0.214827586206897,1,50,0.430755917550709,0.355715993350399,0.438634243989226,0.4,0.46600422538631,0.110288232035911,"violation at burn-in",1,120,0.25103315076085,0.68443380981172,0.365053268563492,0.496585563847986,0.688797220049467,0.00436341023774744,"violation"
