"trial","stopped_at_n","T1_","T2_","s1","s2","beta_allowed","reason"
1,60,0.342777549253802,0.444178261053067,0.4,0.450616861153192,0.462115494696371,"violation"
2,330,0.398085810872521,0.404498377539049,0.468091096437243,0.470322164559215,0.404508204870888,"violation"
3,140,0.336070685478336,0.462775549068294,0.424444414764159,0.476969600708473,0.469395674050151,"violation"
4,190,0.376379548765362,0.405080401789632,0.451037584960601,0.462709112717363,0.426615838177762,"violation"
5,200,0.37502891873412,0.418411457881921,0.451414443721067,0.46837484987988,0.428012329308347,"violation"
6,220,0.357635475617018,0.440934234208097,0.445361771415123,0.476969600708473,0.446221447829495,"violation"
7,280,0.404744673604632,0.389507418349699,0.46837484987988,0.462786039512156,0.397850357949652,"violation"
8,90,0.357162046303342,0.434165027226666,0.422952584681651,0.458257569495584,0.446723002647,"violation"
9,430,0.398383061865219,0.403261583256831,0.471129730927672,0.472757008145491,0.404209774470921,"violation"
10,90,0.383254846453587,0.408911336999542,0.436173031697567,0.447903208238808,0.419545411114639,"violation"
11,320,0.386669351385043,0.409865939667393,0.463512405443479,0.471771511830674,0.416057612191359,"violation"
12,70,0.332389376993842,0.467933769009114,0.4,0.464230765979198,0.473420177162057,"violation"
13,50,0.381723892499601,0.406735455758366,0.41424630354416,0.427083130081252,0.421114297333266,"violation at burn-in"
14,340,0.396320009556072,0.399432172575525,0.467822756487849,0.468921681363312,0.406283384809197,"violation"
15,170,0.372834154388484,0.405160589525071,0.447252280124009,0.460780141825086,0.430286929799699,"violation"
16,160,0.394768500866394,0.401634791022472,0.455478800275051,0.458257569495584,0.407846493764878,"violation"
17,440,0.382581019997771,0.418318362031409,0.4657704893618,0.477678399022357,0.420235545067322,"violation"
18,120,0.416701005934578,0.369803732524429,0.458257569495584,0.43771819955563,0.386038330242631,"violation"
19,90,0.421586720833001,0.370265395347116,0.453246178986025,0.429757324573638,0.381263492477088,"violation"
20,290,0.409856426765983,0.384147477431823,0.470585437496055,0.46120609087909,0.392778068237005,"violation"
21,150,0.352818396410859,0.441163945849907,0.434920171474669,0.471404520791032,0.451339603250835,"violation"
22,70,0.350092691049511,0.435232846182584,0.410325903324145,0.451753951452626,0.454250394980673,"violation"
23,230,0.441349530475504,0.361927930313748,0.477647828441754,0.44814256440783,0.362249861661841,"violation"
24,290,0.402535504864491,0.395195157517541,0.468051848302266,0.465402284656634,0.400052840042152,"violation"
25,190,0.405080401789632,0.3821495978652,0.462709112717363,0.453518103674055,0.397516195342674,"violation"
26,390,0.375116340987056,0.418337069738761,0.461538461538462,0.476564519199546,0.427921863336538,"violation"
27,160,0.367069560189873,0.435636080786205,0.443309640657633,0.470662764089109,0.43629275118385,"violation"
28,340,0.380709411486589,0.408749169675077,0.462008178600147,0.472093181817254,0.422155650273892,"violation"
29,80,0.38426295670938,0.398927285190815,0.433012701892219,0.439992897669951,0.418514039796822,"violation"
30,240,0.4284565577011,0.370324013921688,0.474268442504407,0.452596674755792,0.374599782551128,"violation"
31,150,0.412142424756785,0.382705474397904,0.461109772421082,0.448998886412873,0.390520494598135,"violation"
32,150,0.352818396410859,0.448357694315896,0.434920171474669,0.47370877129308,0.451339603250835,"violation"
33,280,0.374182482911567,0.427442836864767,0.456682245625323,0.475831710089324,0.428888774483607,"violation"
34,140,0.360481828461764,0.431852774480694,0.43705881545081,0.467024886807929,0.443212689231693,"violation"
35,100,0.370446470324446,0.416218093172812,0.433012701892219,0.453762052181537,0.432768969300534,"violation"
36,170,0.398734731103089,0.398734731103089,0.458257569495584,0.458257569495584,0.403856858290729,"violation"
37,70,0.435232846182584,0.367551323285659,0.451753951452626,0.419912527334259,0.368083699074651,"violation"
38,270,0.387312685100418,0.411034409536083,0.461419649861667,0.470078649695838,0.415402210241494,"violation"
39,70,0.367551323285659,0.435232846182584,0.419912527334259,0.451753951452626,0.435789069183807,"violation"
40,140,0.38456736217652,0.408351242799966,0.448296093843234,0.458257569495584,0.418202877941022,"violation"
41,500,0.393451027018124,0.408072436950007,0.470930992821666,0.475693178424917,0.409176293058094,"violation"
42,400,0.392634822058908,0.40578205998366,0.46837484987988,0.472857007984443,0.410001277048325,"violation"
43,180,0.408176913810295,0.390009956143791,0.462948147911104,0.455792621243748,0.394440932749297,"violation"
44,70,0.350092691049511,0.451671085320581,0.410325903324145,0.458257569495584,0.454250394980673,"violation"
45,360,0.375366273292396,0.419373610826929,0.460642331993806,0.47608712502785,0.42766328682292,"violation"
46,100,0.404893174753794,0.393491411227481,0.448998886412873,0.443959457608462,0.397702531443933,"violation"
47,120,0.360272085519273,0.43512958592257,0.433012701892219,0.465176191231762,0.443434008961226,"violation"
48,120,0.369803732524429,0.407418316863992,0.43771819955563,0.454529671443155,0.43343844705039,"violation"
49,270,0.383338242008256,0.4149677178916,0.459856242819815,0.471404520791032,0.419460039632616,"violation"
50,340,0.418037379770656,0.383838251387276,0.475079669151946,0.463214285237883,0.384729316224208,"violation"
51,400,0.400529651269741,0.400529651269741,0.471109063805824,0.471109063805824,0.402058074962069,"violation"
52,100,0.370446470324446,0.404893174753794,0.433012701892219,0.448998886412873,0.432768969300534,"violation"
53,400,0.408405057321861,0.392634822058908,0.47370877129308,0.46837484987988,0.394214839713919,"violation"
54,110,0.391016409131392,0.40130875182395,0.445361771415123,0.449885201151223,0.411639690356746,"violation"
55,130,0.3951766068649,0.3951766068649,0.451231057724999,0.451231057724999,0.407435031256583,"violation"
56,480,0.398171129804802,0.393808657085396,0.472135919401277,0.470662764089109,0.404422535656096,"violation"
57,280,0.416116958399128,0.370337142115674,0.472239562173303,0.455073441034185,0.386611124631045,"violation"
58,110,0.380661929200767,0.391016409131392,0.440604393311005,0.445361771415123,0.42220442425249,"violation"
59,50,0.381723892499601,0.406735455758366,0.41424630354416,0.427083130081252,0.421114297333266,"violation at burn-in"
60,110,0.421714290775435,0.380661929200768,0.458257569495584,0.440604393311005,0.38113921693393,"violation"
61,390,0.423698667176396,0.369671080115454,0.478162162089848,0.45936811644223,0.379208691327214,"violation"
62,130,0.3951766068649,0.3951766068649,0.451231057724999,0.451231057724999,0.407435031256583,"violation"
63,230,0.422887812336378,0.371407439412253,0.471914413438058,0.452341106213564,0.379996950498074,"violation"
64,570,0.409592734733234,0.391330370963985,0.477244579253875,0.471404520791032,0.39303890861543,"violation"
65,170,0.398734731103089,0.392289503625002,0.458257569495584,0.455645099553814,0.403856858290729,"violation"
66,520,0.405142305732239,0.393098802914927,0.475116771694667,0.471177393446114,0.397454595874435,"violation"
67,550,0.384029199055891,0.416235934076697,0.46854443150839,0.478924414747591,0.418753069947565,"violation"
68,50,0.406735455758366,0.381723892499601,0.427083130081252,0.41424630354416,0.395870972315753,"violation at burn-in"
69,70,0.332389376993842,0.451671085320581,0.4,0.458257569495584,0.473420177162057,"violation"
70,90,0.396135357033226,0.396135357033226,0.442216638714053,0.442216638714053,0.406469252963386,"violation"
71,130,0.3951766068649,0.403749001852901,0.451231057724999,0.454822938433676,0.407435031256583,"violation"
72,240,0.406255943630601,0.388355276653627,0.466796856839842,0.460053589873566,0.396347275009535,"violation"
73,360,0.407700291750206,0.3871644944356,0.472377425475398,0.465176191231762,0.394913485466141,"violation"
74,190,0.393644418156891,0.405080401789632,0.458257569495584,0.462709112717363,0.408980950077452,"violation"
75,230,0.385555506105795,0.413606886618701,0.458257569495584,0.468779535931474,0.417193655385656,"violation"
76,270,0.395243495119209,0.40315059103263,0.464442081629054,0.46732757432918,0.407367613667804,"violation"
77,290,0.376757055373252,0.420802064159474,0.458257569495584,0.474172412539276,0.426225957322788,"violation"
78,50,0.381723892499601,0.406735455758366,0.41424630354416,0.427083130081252,0.421114297333266,"violation at burn-in"
79,220,0.392285357402369,0.406980942285187,0.460214646291442,0.4657704893618,0.410354768353262,"violation"
80,60,0.424513186453782,0.363718108303794,0.442216638714053,0.411973569810276,0.378417690991903,"violation"
81,260,0.401397422623374,0.397285170750243,0.466178597971958,0.464668871093506,0.401189932969582,"violation"
82,50,0.356162062150893,0.431245070178388,0.4,0.438634243989226,0.447783440591685,"violation at burn-in"
83,270,0.411034409536083,0.387312685100419,0.470078649695838,0.461419649861667,0.391613904192878,"violation"
84,310,0.391633296110601,0.408746238742334,0.464963941851026,0.471022975108566,0.411014772815785,"violation"
85,160,0.360083955362222,0.422100148627656,0.439992897669951,0.465991885658967,0.443632575757577,"violation"
86,150,0.39747783372,0.404823335860561,0.455289895439037,0.458257569495584,0.405118952445786,"violation"
87,110,0.411540813863219,0.391016409131392,0.454181672610793,0.445361771415123,0.391113982013666,"violation"
88,60,0.424513186453782,0.363718108303794,0.442216638714053,0.411973569810276,0.378417690991903,"violation"
89,190,0.405080401789632,0.393644418156891,0.462709112717363,0.458257569495584,0.397516195342674,"violation"
90,250,0.382268335633615,0.412283899819017,0.458257569495584,0.469484824035879,0.420556003861974,"violation"
91,140,0.408351242799966,0.38456736217652,0.458257569495584,0.448296093843234,0.3942681645845,"violation"
92,60,0.424513186453782,0.342777549253801,0.442216638714053,0.4,0.378417690991903,"violation"
93,280,0.400943402708026,0.393324823494361,0.467024886807929,0.464230765979198,0.401644025269364,"violation"
94,160,0.408478572847754,0.380966711005599,0.460934851687307,0.449609205310567,0.394141999066591,"violation"
95,350,0.415731759765717,0.382524300794966,0.474664220738176,0.463077548933794,0.386989136164509,"violation"
96,50,0.356162062150893,0.329988762768881,0.4,0.384187454245971,0.447783440591685,"violation at burn-in"
97,190,0.3821495978652,0.410776862377156,0.453518103674055,0.464829519280413,0.420677728279121,"violation"
98,80,0.427835300752151,0.339341193341626,0.452596674755792,0.409076704298839,0.37520000061642,"violation"
99,230,0.37613282777225,0.422887812336378,0.4543634280658,0.471914413438058,0.426870751172084,"violation"
100,130,0.35170148487679,0.446049331941442,0.430769230769231,0.470490113334555,0.452531064618711,"violation"
101,160,0.401634791022472,0.394768500866394,0.458257569495584,0.455478800275051,0.400952632827965,"violation"
102,160,0.394768500866394,0.401634791022472,0.455478800275051,0.458257569495584,0.407846493764878,"violation"
103,180,0.396082334548203,0.402137900498403,0.458257569495584,0.460642331993806,0.406522632743726,"violation"
104,520,0.399125589027567,0.40313784463106,0.473186353822452,0.474481966037356,0.403464803046428,"violation"
105,240,0.388355276653627,0.406255943630601,0.460053589873566,0.466796856839842,0.414341229118982,"violation"
106,200,0.380497119639622,0.407641834403571,0.453762052181537,0.464515877016061,0.422373740827432,"violation"
107,260,0.380770526663144,0.417782683611573,0.458257569495584,0.471855834968778,0.422092877013381,"violation"
108,220,0.397193825094544,0.392285357402369,0.462118728259594,0.460214646291442,0.405404420220756,"violation"
109,80,0.38426295670938,0.413449349976155,0.433012701892219,0.446514277487294,0.418514039796822,"violation"
110,370,0.382941383403038,0.414297971892927,0.463921103591899,0.474791869360779,0.419866384600849,"violation"
111,160,0.387879287802935,0.408478572847754,0.452596674755792,0.460934851687307,0.414825434506198,"violation"
112,190,0.405080401789632,0.393644418156891,0.462709112717363,0.458257569495584,0.397516195342674,"violation"
113,260,0.421863349041823,0.380770526663144,0.473186353822452,0.458257569495584,0.380994033652373,"violation"
114,150,0.390105398311262,0.412142424756785,0.45220447685631,0.461109772421082,0.412563479252825,"violation"
115,450,0.407155755952884,0.393186842554263,0.474453551825156,0.46980952273695,0.395453727231762,"violation"
116,190,0.422127694834345,0.37059407561058,0.468864367396212,0.448481587216267,0.380736627909726,"violation"
117,190,0.387904474660457,0.399369655331088,0.455924375320162,0.460518796931102,0.414799805334728,"violation"
118,280,0.370337142115674,0.419897353670656,0.455073441034185,0.473466913698673,0.432882805703701,"violation"
119,220,0.411859824691774,0.387366786248532,0.467519390148996,0.458257569495584,0.390799221617257,"violation"
120,100,0.427468562709602,0.370446470324446,0.458257569495584,0.433012701892219,0.375554542150058,"violation"
121,360,0.390106736191376,0.404775069481143,0.466261398099848,0.471404520791032,0.412562121803211,"violation"
122,180,0.396082334548203,0.383920490985425,0.458257569495584,0.453246178986025,0.406522632743726,"violation"
123,110,0.338578761019721,0.431830732736538,0.419070202604222,0.462118728259594,0.466665393394955,"violation"
124,120,0.416701005934578,0.369803732524429,0.458257569495584,0.43771819955563,0.386038330242631,"violation"
125,60,0.463572231748958,0.299691794080135,0.458257569495584,0.372677996249965,0.341430609665104,"violation"
126,140,0.431852774480694,0.368545226430505,0.467024886807929,0.440952123830019,0.371326958100904,"violation"
127,200,0.369547166287733,0.429132546927401,0.448998886412873,0.471990466005406,0.433705846443841,"violation"
128,160,0.374030301520003,0.408478572847754,0.446514277487294,0.460934851687307,0.429046455104173,"violation"
129,90,0.396135357033226,0.396135357033226,0.442216638714053,0.442216638714053,0.406469252963386,"violation"
130,160,0.401634791022472,0.387879287802935,0.458257569495584,0.452596674755792,0.400952632827965,"violation"
131,80,0.413449349976155,0.38426295670938,0.446514277487294,0.433012701892219,0.389232795787549,"violation"
132,290,0.395195157517541,0.402535504864491,0.465402284656634,0.468051848302266,0.407416333212664,"violation"
133,200,0.380497119639622,0.41303278644898,0.453762052181537,0.466476151587624,0.422373740827432,"violation"
134,300,0.386254889436387,0.41458295818578,0.462493243193887,0.472569806718777,0.416480140811001,"violation"
135,240,0.392842452931789,0.406255943630601,0.46180503341658,0.466796856839842,0.409791329866513,"violation"
136,390,0.396800980064641,0.402198653894404,0.469559923785009,0.471404520791032,0.405799456881527,"violation"
137,330,0.394874243577811,0.404498377539049,0.466942067497169,0.470322164559215,0.407739860429987,"violation"
138,230,0.394941504377944,0.394941504377944,0.461955242964982,0.461955242964982,0.407672040741465,"violation"
139,130,0.386564754544877,0.386564754544877,0.447478140684584,0.447478140684584,0.416164223214829,"violation"
140,320,0.376669709922417,0.423038654299172,0.459608784049,0.475975560690883,0.426316148627299,"violation"
141,240,0.388355276653627,0.397321564237165,0.460053589873566,0.463512405443479,0.414341229118982,"violation"
142,170,0.366307893112399,0.417955447367075,0.444263707964687,0.465561386762574,0.437089729713426,"violation"
143,160,0.374030301520003,0.415300236372365,0.446514277487294,0.463512405443479,0.429046455104173,"violation"
144,90,0.370265395347116,0.408911336999542,0.429757324573638,0.447903208238808,0.432957519934817,"violation"
145,50,0.329988762768881,0.431245070178388,0.384187454245971,0.438634243989226,0.476055594531048,"violation at burn-in"
146,50,0.431245070178388,0.329988762768881,0.438634243989226,0.384187454245971,0.371911544447917,"violation at burn-in"
147,180,0.390009956143791,0.408176913810295,0.455792621243748,0.462948147911104,0.412660323582856,"violation"
148,150,0.345271261694504,0.455527531364761,0.431071017608726,0.475908487935327,0.459425536657712,"violation"
149,340,0.393204559992766,0.393204559992766,0.466702709104116,0.466702709104116,0.409425318792413,"violation"
150,330,0.398085810872521,0.398085810872521,0.468091096437243,0.468091096437243,0.404508204870888,"violation"
151,230,0.390253033879714,0.394941504377944,0.460130662793842,0.461955242964982,0.412413698459509,"violation"
152,60,0.342777549253802,0.404561230929845,0.4,0.433012701892219,0.462115494696371,"violation"
153,120,0.388710430150179,0.407418316863992,0.446514277487294,0.454529671443155,0.413980140799033,"violation"
154,190,0.422127694834345,0.376379548765362,0.468864367396212,0.451037584960601,0.380736627909726,"violation"
155,290,0.376757055373252,0.417158235372233,0.458257569495584,0.473004915847786,0.426225957322788,"violation"
156,250,0.386578021902411,0.408017337932707,0.459982608366882,0.468,0.416150699565846,"violation"
157,130,0.403749001852901,0.386564754544877,0.454822938433676,0.447478140684584,0.398842238425002,"violation"
158,60,0.444178261053067,0.342777549253801,0.450616861153192,0.4,0.359567194684128,"violation"
159,160,0.401634791022472,0.394768500866394,0.458257569495584,0.455478800275051,0.400952632827965,"violation"
160,230,0.394941504377944,0.404291696764196,0.461955242964982,0.465461130785602,0.407672040741465,"violation"
161,110,0.40130875182395,0.380661929200768,0.449885201151223,0.440604393311005,0.401278596957182,"violation"
162,120,0.350685969710003,0.453382374397675,0.428093317968044,0.471404520791032,0.453615919250259,"violation"
163,240,0.383859942930646,0.406255943630601,0.458257569495584,0.466796856839842,0.418926189370078,"violation"
164,330,0.410897019155171,0.391659119050419,0.472464962188592,0.4657704893618,0.391749592055879,"violation"
165,420,0.40240523517326,0.394902855468118,0.472239562173303,0.469693777793531,0.400182911743059,"violation"
166,190,0.364792913128473,0.433423596523875,0.44584881230626,0.472630406750393,0.438677345369413,"violation"
167,100,0.347058437304489,0.449754636997335,0.420832508250016,0.466476151587624,0.457503309149127,"violation"
168,120,0.350685969710003,0.43512958592257,0.428093317968044,0.465176191231762,0.453615919250259,"violation"
169,380,0.40394600983047,0.398404491705066,0.471713737785442,0.469830817667293,0.398645879433997,"violation"
170,370,0.382941383403038,0.414297971892927,0.463921103591899,0.474791869360779,0.419866384600849,"violation"
171,270,0.395243495119209,0.407095383874427,0.464442081629054,0.468719763542411,0.407367613667804,"violation"
172,180,0.383920490985425,0.408176913810295,0.453246178986025,0.462948147911104,0.418864254889854,"violation"
173,100,0.358797105324192,0.427468562709602,0.427083130081252,0.458257569495584,0.444992154535503,"violation"
174,360,0.410622740495618,0.3871644944356,0.473332029210514,0.465176191231762,0.392020543589584,"violation"
175,280,0.374182482911567,0.427442836864767,0.456682245625323,0.475831710089324,0.428888774483607,"violation"
176,90,0.383254846453587,0.408911336999542,0.436173031697567,0.447903208238808,0.419545411114639,"violation"
177,280,0.416116958399128,0.385684535442633,0.472239562173303,0.461309139784786,0.386611124631045,"violation"
178,100,0.416218093172812,0.382010154023344,0.453762052181537,0.438634243989226,0.386511907777964,"violation"
179,180,0.383920490985425,0.408176913810295,0.453246178986025,0.462948147911104,0.418864254889854,"violation"
180,90,0.383254846453587,0.383254846453587,0.436173031697567,0.436173031697567,0.419545411114639,"violation"
181,230,0.37613282777225,0.413606886618701,0.4543634280658,0.468779535931474,0.426870751172084,"violation"
182,260,0.38490916882721,0.413695813489214,0.459917023645628,0.470490113334555,0.417853632451184,"violation"
183,270,0.407095383874427,0.391281082908784,0.468719763542411,0.462948147911104,0.395513646576467,"violation"
184,90,0.357162046303342,0.408911336999542,0.422952584681651,0.447903208238808,0.446723002647,"violation"
185,200,0.369547166287733,0.418411457881921,0.448998886412873,0.46837484987988,0.433705846443841,"violation"
186,230,0.399621024509692,0.394941504377944,0.463731882642552,0.461955242964982,0.402968134973704,"violation"
187,130,0.386564754544877,0.3951766068649,0.447478140684584,0.451231057724999,0.416164223214829,"violation"
188,140,0.376573443811987,0.408351242799966,0.444696640464954,0.458257569495584,0.426415563257732,"violation"
189,120,0.416701005934578,0.369803732524429,0.458257569495584,0.43771819955563,0.386038330242631,"violation"
190,100,0.416218093172812,0.370446470324446,0.453762052181537,0.433012701892219,0.386511907777964,"violation"
191,140,0.376573443811987,0.42404927039062,0.444696640464954,0.464230765979198,0.426415563257732,"violation"
192,280,0.412331407815894,0.389507418349699,0.470981931279573,0.462786039512156,0.390334158010622,"violation"
193,50,0.356162062150893,0.381723892499601,0.4,0.41424630354416,0.447783440591685,"violation at burn-in"
194,80,0.413449349976155,0.38426295670938,0.446514277487294,0.433012701892219,0.389232795787549,"violation"
195,140,0.42404927039062,0.376573443811987,0.464230765979198,0.444696640464954,0.378868110834642,"violation"
196,140,0.368545226430505,0.431852774480694,0.440952123830019,0.467024886807929,0.434750962972775,"violation"
197,450,0.416436618466803,0.379159251478606,0.477317607851871,0.464736750121593,0.386297570509589,"violation"
198,120,0.360272085519273,0.43512958592257,0.433012701892219,0.465176191231762,0.443434008961226,"violation"
199,50,0.329988762768881,0.406735455758366,0.384187454245971,0.427083130081252,0.476055594531048,"violation at burn-in"
200,360,0.398916235065469,0.398916235065469,0.469403351258637,0.469403351258637,0.403674773643445,"violation"
201,80,0.38426295670938,0.413449349976155,0.433012701892219,0.446514277487294,0.418514039796822,"violation"
202,180,0.390009956143791,0.390009956143791,0.455792621243748,0.455792621243748,0.412660323582856,"violation"
203,480,0.393808657085396,0.406879680013075,0.470662764089109,0.474958879799083,0.408815092085717,"violation"
204,90,0.370265395347116,0.421586720833001,0.429757324573638,0.453246178986025,0.432957519934817,"violation"
205,380,0.387291715431818,0.414999895164622,0.465863806141426,0.475282391637386,0.415423564597352,"violation"
206,100,0.393491411227481,0.404893174753794,0.443959457608462,0.448998886412873,0.4091354972057,"violation"
207,560,0.414710415033462,0.384950582392963,0.478621399310093,0.46903817672391,0.387992328724563,"violation"
208,370,0.405777687809421,0.394380853204427,0.472037685289098,0.46812183988348,0.396822623153987,"violation"
209,50,0.303124894097373,0.478906117621716,0.366606055596467,0.458257569495584,0.506157025286601,"violation at burn-in"
210,60,0.342777549253802,0.404561230929845,0.4,0.433012701892219,0.462115494696371,"violation"
211,130,0.403749001852901,0.3951766068649,0.454822938433676,0.451231057724999,0.398842238425002,"violation"
212,440,0.39453609975069,0.406448190101161,0.470048133635146,0.474014854877596,0.40808090376037,"violation"
213,220,0.406980942285187,0.377498807588872,0.4657704893618,0.454181672610793,0.395627242753756,"violation"
214,70,0.384781685244939,0.401797717860855,0.428809457708675,0.43705881545081,0.417983872234686,"violation"
215,190,0.393644418156891,0.393644418156891,0.458257569495584,0.458257569495584,0.408980950077452,"violation"
216,330,0.381992128916731,0.420469281786295,0.462118728259594,0.475516248386255,0.420839187323106,"violation"
217,80,0.413449349976155,0.38426295670938,0.446514277487294,0.433012701892219,0.389232795787549,"violation"
218,310,0.4053318583344,0.381315356763774,0.469861714994403,0.461019546063111,0.397266006173613,"violation"
219,250,0.403743770225398,0.382268335633615,0.466476151587624,0.458257569495584,0.398847453499161,"violation"
220,190,0.422127694834345,0.364792913128473,0.468864367396212,0.44584881230626,0.380736627909726,"violation"
221,140,0.360481828461764,0.431852774480694,0.43705881545081,0.467024886807929,0.443212689231693,"violation"
222,220,0.406980942285187,0.387366786248532,0.4657704893618,0.458257569495584,0.395627242753756,"violation"
223,300,0.3826934524229,0.418104081544078,0.461109772421082,0.47370877129308,0.420120349272993,"violation"
224,390,0.375116340987056,0.423698667176396,0.461538461538462,0.478162162089848,0.427921863336538,"violation"
225,390,0.388687038785636,0.412966598056259,0.466673710851315,0.47490612934524,0.414003917900969,"violation"
226,260,0.364147448252288,0.430006272682181,0.451231057724999,0.475742956802038,0.439354729533897,"violation"
227,350,0.394642379842728,0.403698673322997,0.467568613321366,0.470726750322719,0.407973696200722,"violation"
228,150,0.419435587654512,0.375277468828986,0.463848634314639,0.445670531022887,0.383362129722289,"violation"
229,130,0.403749001852901,0.3951766068649,0.454822938433676,0.451231057724999,0.398842238425002,"violation"
230,190,0.393644418156891,0.399369655331088,0.458257569495584,0.460518796931102,0.408980950077452,"violation"
231,50,0.431245070178388,0.356162062150893,0.438634243989226,0.4,0.371911544447917,"violation at burn-in"
232,200,0.391393693882126,0.396822456104908,0.458257569495584,0.460407428263272,0.411257434548634,"violation"
233,330,0.410897019155171,0.385218089847093,0.472464962188592,0.463358998040609,0.391749592055879,"violation"
234,140,0.400455524604738,0.392527801383139,0.455073441034185,0.451753951452626,0.40213227847347,"violation"
235,280,0.397136801863278,0.397136801863278,0.465643618652545,0.465643618652545,0.405461749092575,"violation"
236,280,0.393324823494361,0.404744673604632,0.464230765979198,0.46837484987988,0.409303796801175,"violation"
237,70,0.367551323285659,0.435232846182584,0.419912527334259,0.451753951452626,0.435789069183807,"violation"
238,190,0.3821495978652,0.416459231737827,0.453518103674055,0.46688096912937,0.420677728279121,"violation"
239,110,0.359758213834275,0.431830732736538,0.430356377401623,0.462118728259594,0.443976506081697,"violation"
240,160,0.408478572847754,0.367069560189873,0.460934851687307,0.443309640657633,0.394141999066591,"violation"
241,90,0.396135357033226,0.396135357033226,0.442216638714053,0.442216638714053,0.406469252963386,"violation"
242,180,0.396082334548203,0.396082334548203,0.458257569495584,0.458257569495584,0.406522632743726,"violation"
243,110,0.380661929200767,0.411540813863219,0.440604393311005,0.454181672610793,0.42220442425249,"violation"
244,280,0.393324823494361,0.400943402708026,0.464230765979198,0.467024886807929,0.409303796801175,"violation"
245,130,0.3951766068649,0.3951766068649,0.451231057724999,0.451231057724999,0.407435031256583,"violation"
246,90,0.357162046303342,0.434165027226666,0.422952584681651,0.458257569495584,0.446723002647,"violation"
247,90,0.383254846453587,0.408911336999542,0.436173031697567,0.447903208238808,0.419545411114639,"violation"
248,90,0.383254846453587,0.408911336999542,0.436173031697567,0.447903208238808,0.419545411114639,"violation"
249,190,0.405080401789632,0.393644418156891,0.462709112717363,0.458257569495584,0.397516195342674,"violation"
250,80,0.413449349976155,0.38426295670938,0.446514277487294,0.433012701892219,0.389232795787549,"violation"
251,330,0.398085810872521,0.401293847067601,0.468091096437243,0.469217741838689,0.404508204870888,"violation"
252,340,0.374441467709916,0.418037379770656,0.459529999096037,0.475079669151946,0.428620503786092,"violation"
253,210,0.363325895205892,0.415001696223311,0.447112175021162,0.467928323677647,0.440217752106108,"violation"
254,60,0.32144903814706,0.463572231748958,0.386939558874797,0.458257569495584,0.485501890859614,"violation"
255,90,0.330590540863742,0.471347420992199,0.408097059382377,0.471404520791032,0.475394137143209,"violation"
256,120,0.379282649498643,0.416701005934578,0.442216638714053,0.458257569495584,0.423622553273008,"violation"
257,100,0.382010154023344,0.404893174753794,0.438634243989226,0.448998886412873,0.420820703790043,"violation"
258,110,0.431830732736538,0.370243276191379,0.462118728259594,0.435605401844034,0.371348153447986,"violation"
259,160,0.387879287802935,0.408478572847754,0.452596674755792,0.460934851687307,0.414825434506198,"violation"
260,210,0.409884947555173,0.389307488289922,0.466107536763422,0.458257569495584,0.392749861183205,"violation"
261,70,0.350092691049511,0.435232846182584,0.410325903324145,0.451753951452626,0.454250394980673,"violation"
262,90,0.383254846453587,0.408911336999542,0.436173031697567,0.447903208238808,0.419545411114639,"violation"
263,270,0.395243495119209,0.407095383874427,0.464442081629054,0.468719763542411,0.407367613667804,"violation"
264,70,0.384781685244939,0.401797717860855,0.428809457708675,0.43705881545081,0.417983872234686,"violation"
265,100,0.393491411227481,0.393491411227481,0.443959457608462,0.443959457608462,0.4091354972057,"violation"
266,50,0.356162062150893,0.431245070178388,0.4,0.438634243989226,0.447783440591685,"violation at burn-in"
267,120,0.379282649498643,0.416701005934578,0.442216638714053,0.458257569495584,0.423622553273008,"violation"
268,180,0.390009956143791,0.408176913810295,0.455792621243748,0.462948147911104,0.412660323582856,"violation"
269,50,0.329988762768881,0.356162062150893,0.384187454245971,0.4,0.476055594531048,"violation at burn-in"
270,90,0.343939206678498,0.459042693737097,0.415739709641549,0.46732757432918,0.460861285415229,"violation"
271,90,0.370265395347116,0.421586720833001,0.429757324573638,0.453246178986025,0.432957519934817,"violation"
272,230,0.422887812336378,0.37613282777225,0.471914413438058,0.4543634280658,0.379996950498074,"violation"
273,200,0.407641834403571,0.37502891873412,0.464515877016061,0.451414443721067,0.39497146368265,"violation"
274,90,0.421586720833001,0.370265395347116,0.453246178986025,0.429757324573638,0.381263492477088,"violation"
275,330,0.401293847067601,0.394874243577811,0.469217741838689,0.466942067497169,0.401293501566571,"violation"
276,280,0.397136801863278,0.404744673604632,0.465643618652545,0.46837484987988,0.405461749092575,"violation"
277,140,0.38456736217652,0.400455524604738,0.448296093843234,0.455073441034185,0.418202877941022,"violation"
278,60,0.32144903814706,0.463572231748958,0.386939558874797,0.458257569495584,0.485501890859614,"violation"
279,610,0.383901467360938,0.416275477992609,0.469436756172995,0.479712020572838,0.418883713587146,"violation"
280,240,0.352155581468077,0.441687004497368,0.444390187660449,0.478260011802041,0.452046442490635,"violation"
281,420,0.384872587277046,0.414871318213147,0.466107536763422,0.476214285119077,0.417891002674151,"violation"
282,240,0.361257398304082,0.4284565577011,0.448589610767892,0.474268442504407,0.442394850002012,"violation"
283,370,0.38580530975431,0.414297971892927,0.464998409479124,0.474791869360779,0.416938729492971,"violation"
284,260,0.376625110851908,0.421863349041823,0.45655968455628,0.473186353822452,0.426362204807047,"violation"
285,220,0.411859824691774,0.387366786248532,0.467519390148996,0.458257569495584,0.390799221617257,"violation"
286,180,0.408176913810295,0.383920490985425,0.462948147911104,0.453246178986025,0.394440932749297,"violation"
287,240,0.397321564237165,0.401792699374277,0.463512405443479,0.465176191231762,0.405276011786824,"violation"
288,150,0.404823335860561,0.382705474397904,0.458257569495584,0.448998886412873,0.397772049529896,"violation"
289,180,0.371689125377742,0.426197035496367,0.447903208238808,0.469403351258637,0.431476229631767,"violation"
290,100,0.427468562709602,0.370446470324446,0.458257569495584,0.433012701892219,0.375554542150058,"violation"
291,140,0.400455524604738,0.38456736217652,0.455073441034185,0.448296093843234,0.40213227847347,"violation"
292,170,0.405160589525071,0.392289503625002,0.460780141825086,0.455645099553814,0.397436402951347,"violation"
293,130,0.377912443363988,0.403749001852901,0.443560099795031,0.454822938433676,0.425033900202716,"violation"
294,150,0.404823335860561,0.39747783372,0.458257569495584,0.455289895439037,0.397772049529896,"violation"
295,190,0.410776862377156,0.3821495978652,0.464829519280413,0.453518103674055,0.391868279517618,"violation"
296,80,0.398927285190815,0.354478506464357,0.439992897669951,0.417582327212252,0.403663689547714,"violation"
297,210,0.409884947555173,0.389307488289922,0.466107536763422,0.458257569495584,0.392749861183205,"violation"
298,210,0.40475728847519,0.394468701290677,0.464230765979198,0.460306513279793,0.39783779928783,"violation"
299,220,0.382437981616331,0.411859824691774,0.456246815906471,0.467519390148996,0.420382123587503,"violation"
300,250,0.408017337932707,0.386578021902411,0.468,0.459982608366882,0.394599113890816,"violation"
301,170,0.411567395331464,0.385824571941396,0.463214285237883,0.452941176470588,0.391087749783398,"violation"
302,250,0.395175339068151,0.399463127808024,0.463309831538248,0.464912895067452,0.407436309142852,"violation"
303,50,0.431245070178388,0.356162062150893,0.438634243989226,0.4,0.371911544447917,"violation at burn-in"
304,230,0.385555506105795,0.404291696764196,0.458257569495584,0.465461130785602,0.417193655385656,"violation"
305,110,0.370243276191379,0.421714290775435,0.435605401844034,0.458257569495584,0.432980555375112,"violation"
306,170,0.379339580975624,0.405160589525071,0.450144152228447,0.460780141825086,0.42356396739604,"violation"
307,240,0.406255943630601,0.383859942930647,0.466796856839842,0.458257569495584,0.396347275009535,"violation"
308,400,0.397900216050821,0.397900216050821,0.47021271782035,0.47021271782035,0.404694594379401,"violation"
309,270,0.4149677178916,0.387312685100419,0.471404520791032,0.461419649861667,0.387739475032251,"violation"
310,130,0.403749001852901,0.386564754544877,0.454822938433676,0.447478140684584,0.398842238425002,"violation"
311,100,0.393491411227481,0.370446470324446,0.443959457608462,0.433012701892219,0.4091354972057,"violation"
312,220,0.402092313715514,0.387366786248532,0.463970467854714,0.458257569495584,0.400495447091191,"violation"
313,300,0.40045473866137,0.39336391479478,0.467748745470139,0.465176191231762,0.402133065269745,"violation"
314,220,0.411859824691774,0.367588776395857,0.467519390148996,0.449885201151223,0.390799221617257,"violation"
315,170,0.392289503625002,0.398734731103089,0.455645099553814,0.458257569495584,0.41035057341436,"violation"
316,280,0.427442836864767,0.370337142115674,0.475831710089324,0.455073441034185,0.375579418657266,"violation"
317,280,0.416116958399128,0.385684535442633,0.472239562173303,0.461309139784786,0.386611124631045,"violation"
318,370,0.382941383403038,0.41146045020101,0.463921103591899,0.473891000957918,0.419866384600849,"violation"
319,320,0.399947419772767,0.396633679216319,0.46837484987988,0.467195338563004,0.402641101690214,"violation"
320,490,0.392560590009573,0.405362588616281,0.470433617444046,0.474664220738176,0.410076350982815,"violation"
321,100,0.427468562709602,0.347058437304489,0.458257569495584,0.420832508250016,0.375554542150058,"violation"
322,160,0.394768500866394,0.367069560189873,0.455478800275051,0.443309640657633,0.407846493764878,"violation"
323,410,0.39893359320403,0.401496081933606,0.470826478517606,0.471691174339768,0.403657362213475,"violation"
324,120,0.398088537585701,0.388710430150179,0.450616861153192,0.446514277487294,0.404505466816494,"violation"
325,240,0.397321564237165,0.392842452931789,0.463512405443479,0.46180503341658,0.405276011786824,"violation"
326,50,0.381723892499601,0.406735455758366,0.41424630354416,0.427083130081252,0.421114297333266,"violation at burn-in"
327,90,0.343939206678498,0.459042693737097,0.415739709641549,0.46732757432918,0.460861285415229,"violation"
328,180,0.383920490985425,0.396082334548203,0.453246178986025,0.458257569495584,0.418864254889854,"violation"
329,220,0.387366786248532,0.411859824691774,0.458257569495584,0.467519390148996,0.415347119311366,"violation"
330,270,0.395243495119209,0.399199979310932,0.464442081629054,0.465901783511597,0.407367613667804,"violation"
331,130,0.3951766068649,0.3951766068649,0.451231057724999,0.451231057724999,0.407435031256583,"violation"
332,250,0.373626489341093,0.420796268670948,0.454682306671372,0.472338861412016,0.429465012985775,"violation"
333,200,0.41303278644898,0.385951978285594,0.466476151587624,0.456042761152943,0.389642996577955,"violation"
334,180,0.390009956143791,0.402137900498403,0.455792621243748,0.460642331993806,0.412660323582856,"violation"
335,50,0.431245070178388,0.356162062150893,0.438634243989226,0.4,0.371911544447917,"violation at burn-in"
336,80,0.413449349976155,0.354478506464357,0.446514277487294,0.417582327212252,0.389232795787549,"violation"
337,120,0.379282649498643,0.416701005934578,0.442216638714053,0.458257569495584,0.423622553273008,"violation"
338,170,0.372834154388484,0.424325027899485,0.447252280124009,0.467822756487849,0.430286929799699,"violation"
339,180,0.390009956143791,0.402137900498403,0.455792621243748,0.460642331993806,0.412660323582856,"violation"
340,250,0.36929415187926,0.429281377140643,0.452831094338717,0.475041050857713,0.433969633062316,"violation"
341,70,0.418611349384595,0.367551323285659,0.444696640464954,0.419912527334259,0.384167784932628,"violation"
342,440,0.396921920979704,0.404069158074937,0.470866091402915,0.473246000362923,0.405677819811067,"violation"
343,170,0.392289503625002,0.398734731103089,0.455645099553814,0.458257569495584,0.41035057341436,"violation"
344,150,0.441163945849906,0.360334632176913,0.471404520791032,0.438634243989226,0.362426199701357,"violation"
345,270,0.387312685100418,0.411034409536083,0.461419649861667,0.470078649695838,0.415402210241494,"violation"
346,210,0.40475728847519,0.394468701290677,0.464230765979198,0.460306513279793,0.39783779928783,"violation"
347,240,0.432874067559414,0.361257398304082,0.475639189816072,0.448589610767892,0.370345533647845,"violation"
348,220,0.406980942285187,0.382437981616331,0.4657704893618,0.456246815906471,0.395627242753756,"violation"
349,110,0.370243276191379,0.411540813863219,0.435605401844034,0.454181672610793,0.432980555375112,"violation"
350,60,0.404561230929845,0.384303667061851,0.433012701892219,0.422952584681651,0.398033006351175,"violation"
351,210,0.378950459856175,0.420107661363649,0.453982128770099,0.469693777793531,0.423964483587954,"violation"
352,80,0.339341193341626,0.413449349976155,0.409076704298839,0.446514277487294,0.465837267299259,"violation"
353,240,0.397321564237165,0.401792699374277,0.463512405443479,0.465176191231762,0.405276011786824,"violation"
354,350,0.382524300794966,0.418732661791133,0.463077548933794,0.475600587013249,0.420293664758518,"violation"
355,110,0.359758213834275,0.441891558185022,0.430356377401623,0.4657704893618,0.443976506081697,"violation"
356,380,0.395630038231162,0.40394600983047,0.468864367396212,0.471713737785442,0.406978126215856,"violation"
357,140,0.376573443811987,0.42404927039062,0.444696640464954,0.464230765979198,0.426415563257732,"violation"
358,160,0.394768500866394,0.401634791022472,0.455478800275051,0.458257569495584,0.407846493764878,"violation"
359,60,0.404561230929845,0.384303667061851,0.433012701892219,0.422952584681651,0.398033006351175,"violation"
360,110,0.391016409131392,0.40130875182395,0.445361771415123,0.449885201151223,0.411639690356746,"violation"
361,140,0.392527801383139,0.400455524604738,0.451753951452626,0.455073441034185,0.41010951378185,"violation"
362,150,0.404823335860561,0.382705474397904,0.458257569495584,0.448998886412873,0.397772049529896,"violation"
363,280,0.393324823494361,0.404744673604632,0.464230765979198,0.46837484987988,0.409303796801175,"violation"
364,380,0.37893060660678,0.420512480478867,0.462709112717363,0.476969600708473,0.423984923714325,"violation"
365,180,0.414199620631805,0.365546595503654,0.465176191231762,0.44510367775454,0.388494538061399,"violation"
366,200,0.358542115756875,0.418411457881921,0.443959457608462,0.46837484987988,0.445261833224846,"violation"
367,310,0.4053318583344,0.395064156758497,0.469861714994403,0.466226689178551,0.397266006173613,"violation"
368,270,0.379357691759436,0.4149677178916,0.458257569495584,0.471404520791032,0.423545331240755,"violation"
369,60,0.404561230929845,0.384303667061851,0.433012701892219,0.422952584681651,0.398033006351175,"violation"
370,110,0.380661929200767,0.421714290775435,0.440604393311005,0.458257569495584,0.42220442425249,"violation"
371,80,0.38426295670938,0.413449349976155,0.433012701892219,0.446514277487294,0.418514039796822,"violation"
372,70,0.350092691049511,0.451671085320581,0.410325903324145,0.458257569495584,0.454250394980673,"violation"
373,120,0.398088537585701,0.379282649498643,0.450616861153192,0.442216638714053,0.404505466816494,"violation"
374,110,0.338578761019721,0.461851444131493,0.419070202604222,0.472464962188592,0.466665393394955,"violation"
375,240,0.392842452931789,0.406255943630601,0.46180503341658,0.466796856839842,0.409791329866513,"violation"
376,450,0.425692618530978,0.376815482062806,0.48,0.463848634314639,0.377273770852558,"violation"
377,250,0.433513854729818,0.364954080632502,0.476336015854355,0.450936802667514,0.369731371009847,"violation"
378,50,0.455291480014222,0.329988762768881,0.448998886412873,0.384187454245971,0.349120232895735,"violation at burn-in"
379,60,0.363718108303794,0.384303667061851,0.411973569810276,0.422952584681651,0.439805623478748,"violation"
380,80,0.324026806717369,0.4420905574965,0.4,0.458257569495584,0.482638652473549,"violation"
381,50,0.329988762768881,0.356162062150893,0.384187454245971,0.4,0.476055594531048,"violation at burn-in"
382,240,0.379356355463103,0.410711378917998,0.456416446047053,0.46837484987988,0.423546706286241,"violation"
383,250,0.386578021902411,0.408017337932707,0.459982608366882,0.468,0.416150699565846,"violation"
384,290,0.391517595886819,0.409856426765983,0.464033395001454,0.470585437496055,0.411131940977371,"violation"
385,210,0.394468701290677,0.40475728847519,0.460306513279793,0.464230765979198,0.408148898051517,"violation"
386,150,0.404823335860561,0.39747783372,0.458257569495584,0.455289895439037,0.397772049529896,"violation"
387,240,0.419599134145524,0.370324013921688,0.471404520791032,0.452596674755792,0.383202371514502,"violation"
388,140,0.408351242799966,0.38456736217652,0.458257569495584,0.448296093843234,0.3942681645845,"violation"
389,210,0.399618586105716,0.394468701290677,0.462297329498752,0.460306513279793,0.402970578664148,"violation"
390,120,0.388710430150179,0.379282649498643,0.446514277487294,0.442216638714053,0.413980140799033,"violation"
391,80,0.369449364182804,0.413449349976155,0.42555111326373,0.446514277487294,0.433807802036111,"violation"
392,60,0.424513186453782,0.363718108303794,0.442216638714053,0.411973569810276,0.378417690991903,"violation"
393,70,0.367551323285659,0.435232846182584,0.419912527334259,0.451753951452626,0.435789069183807,"violation"
394,140,0.408351242799966,0.392527801383139,0.458257569495584,0.451753951452626,0.3942681645845,"violation"
395,170,0.398734731103089,0.398734731103089,0.458257569495584,0.458257569495584,0.403856858290729,"violation"
396,50,0.356162062150893,0.406735455758366,0.4,0.427083130081252,0.447783440591685,"violation at burn-in"
397,60,0.32144903814706,0.482708458054888,0.386939558874797,0.465176191231762,0.485501890859614,"violation"
398,190,0.37059407561058,0.416459231737827,0.448481587216267,0.46688096912937,0.432615303582454,"violation"
399,70,0.384781685244939,0.384781685244939,0.428809457708675,0.428809457708675,0.417983872234686,"violation"
400,390,0.385977686171341,0.415652948898698,0.465679429117805,0.475742956802038,0.416762867020011,"violation"
401,220,0.440934234208097,0.357635475617018,0.476969600708473,0.445361771415123,0.362644523605739,"violation"
402,280,0.381856121988643,0.416116958399128,0.459799756770848,0.472239562173303,0.420978667353488,"violation"
403,70,0.350092691049511,0.435232846182584,0.410325903324145,0.451753951452626,0.454250394980673,"violation"
404,110,0.40130875182395,0.370243276191379,0.449885201151223,0.435605401844034,0.401278596957182,"violation"
405,200,0.347480069048276,0.450433448445527,0.438634243989226,0.478513322698543,0.457050493970515,"violation"
406,190,0.422127694834345,0.376379548765362,0.468864367396212,0.451037584960601,0.380736627909726,"violation"
407,220,0.357635475617018,0.431280002949462,0.445361771415123,0.474014854877596,0.446221447829495,"violation"
408,500,0.382969783833568,0.416400743238233,0.467242977475317,0.478209159259837,0.419837298278388,"violation"
409,180,0.396082334548203,0.402137900498403,0.458257569495584,0.460642331993806,0.406522632743726,"violation"
410,50,0.356162062150893,0.406735455758366,0.4,0.427083130081252,0.447783440591685,"violation at burn-in"
411,220,0.382437981616331,0.41672906991506,0.456246815906471,0.469217741838689,0.420382123587503,"violation"
412,160,0.380966711005599,0.401634791022472,0.449609205310567,0.458257569495584,0.421891404112972,"violation"
413,230,0.413606886618701,0.37613282777225,0.468779535931474,0.4543634280658,0.389077722569374,"violation"
414,280,0.385684535442633,0.416116958399128,0.461309139784786,0.472239562173303,0.417061969896283,"violation"
415,320,0.403257358166686,0.393316107625426,0.469530600041147,0.465991885658967,0.399332480440676,"violation"
416,370,0.408620360500819,0.388666517924389,0.472972972972973,0.466057552319997,0.394001532503216,"violation"
417,120,0.416701005934578,0.360272085519273,0.458257569495584,0.433012701892219,0.386038330242631,"violation"
418,310,0.388198232840865,0.408746238742334,0.463675314294786,0.471022975108566,0.41450095058328,"violation"
419,210,0.358093239193048,0.440426028938699,0.444696640464954,0.476214285119077,0.445736791789299,"violation"
420,80,0.308522993702768,0.470227592443321,0.3903123748999,0.46837484987988,0.500016481840792,"violation"
421,430,0.410565978039994,0.391051706513565,0.475102106813181,0.468591666967672,0.392076629424328,"violation"
422,380,0.384507233381215,0.409477773694428,0.464829519280413,0.473530676872215,0.41826433149322,"violation"
423,280,0.370337142115674,0.423672633621154,0.455073441034185,0.474664220738176,0.432882805703701,"violation"
424,390,0.39139402883737,0.410278005401858,0.467651820109867,0.474053955988864,0.411257095263479,"violation"
425,110,0.40130875182395,0.370243276191379,0.449885201151223,0.435605401844034,0.401278596957182,"violation"
426,80,0.398927285190815,0.38426295670938,0.439992897669951,0.433012701892219,0.403663689547714,"violation"
427,50,0.406735455758366,0.381723892499601,0.427083130081252,0.41424630354416,0.395870972315753,"violation at burn-in"
428,270,0.359361003390543,0.430644715172522,0.449721755160312,0.476383264912993,0.444396098723326,"violation"
429,320,0.359922660993391,0.439423178116798,0.452596674755792,0.480722113075735,0.443802857785804,"violation"
430,200,0.402238445591941,0.396822456104908,0.462493243193887,0.460407428263272,0.400349479795418,"violation"
431,230,0.418251588737039,0.37613282777225,0.470369681262557,0.4543634280658,0.38451970105247,"violation"
432,380,0.39285310155446,0.40394600983047,0.467881119924999,0.471713737785442,0.409780563977189,"violation"
433,170,0.424325027899485,0.366307893112399,0.467822756487849,0.444263707964687,0.378600343499063,"violation"
434,420,0.40240523517326,0.397405566204331,0.472239562173303,0.470555950439829,0.400182911743059,"violation"
435,310,0.377867470292422,0.415562901153914,0.459651951756306,0.473270991971652,0.425080266716874,"violation"
436,250,0.373626489341093,0.425042200682518,0.454682306671372,0.47370877129308,0.429465012985775,"violation"
437,340,0.396320009556072,0.399432172575525,0.467822756487849,0.468921681363312,0.406283384809197,"violation"
438,210,0.394468701290677,0.40475728847519,0.460306513279793,0.464230765979198,0.408148898051517,"violation"
439,220,0.382437981616331,0.411859824691774,0.456246815906471,0.467519390148996,0.420382123587503,"violation"
440,140,0.376573443811987,0.400455524604738,0.444696640464954,0.455073441034185,0.426415563257732,"violation"
441,270,0.391281082908784,0.399199979310932,0.462948147911104,0.465901783511597,0.411371509611929,"violation"
442,180,0.390009956143791,0.396082334548203,0.455792621243748,0.458257569495584,0.412660323582856,"violation"
443,110,0.338578761019721,0.441891558185022,0.419070202604222,0.4657704893618,0.466665393394955,"violation"
444,70,0.467933769009114,0.332389376993842,0.464230765979198,0.4,0.337412541823852,"violation"
445,90,0.370265395347116,0.421586720833001,0.429757324573638,0.453246178986025,0.432957519934817,"violation"
446,230,0.385555506105795,0.408953619399379,0.458257569495584,0.467143513689158,0.417193655385656,"violation"
447,260,0.466354782493929,0.330554523442493,0.485575971057711,0.43521062030202,0.338864638638977,"violation"
448,410,0.41172591062817,0.378359442711233,0.475009001448884,0.463388959494163,0.390931335726241,"violation"
449,290,0.387835050970419,0.413509701528244,0.462634753965474,0.471809328867269,0.414870450234435,"violation"
450,260,0.380770526663144,0.421863349041823,0.458257569495584,0.473186353822452,0.422092877013381,"violation"
451,130,0.377912443363988,0.412282867327369,0.443560099795031,0.458257569495584,0.425033900202716,"violation"
452,280,0.374182482911567,0.412331407815894,0.456682245625323,0.470981931279573,0.428888774483607,"violation"
453,360,0.3871644944356,0.404775069481143,0.465176191231762,0.471404520791032,0.415553131990567,"violation"
454,360,0.381271277113939,0.419373610826929,0.462948147911104,0.47608712502785,0.421578730526729,"violation"
455,280,0.374182482911567,0.412331407815894,0.456682245625323,0.470981931279573,0.428888774483607,"violation"
456,170,0.372834154388484,0.424325027899485,0.447252280124009,0.467822756487849,0.430286929799699,"violation"
457,270,0.391281082908784,0.411034409536083,0.462948147911104,0.470078649695838,0.411371509611929,"violation"
458,260,0.380770526663144,0.421863349041823,0.458257569495584,0.473186353822452,0.422092877013381,"violation"
459,600,0.388278932619358,0.414265323058734,0.47081194641692,0.479015193449598,0.414418870757547,"violation"
460,160,0.353072920343074,0.415300236372365,0.436561493377508,0.463512405443479,0.451068341339555,"violation"
461,200,0.37502891873412,0.418411457881921,0.451414443721067,0.46837484987988,0.428012329308347,"violation"
462,60,0.444178261053067,0.342777549253801,0.450616861153192,0.4,0.359567194684128,"violation"
463,380,0.417757373414411,0.384507233381215,0.476134015911522,0.464829519280413,0.385003404445937,"violation"
464,110,0.441891558185022,0.349204280681282,0.4657704893618,0.424848052565379,0.361735077319666,"violation"
465,60,0.404561230929845,0.363718108303794,0.433012701892219,0.411973569810276,0.398033006351175,"violation"
466,250,0.36929415187926,0.433513854729818,0.452831094338717,0.476336015854355,0.433969633062316,"violation"
467,210,0.363325895205892,0.435362040008936,0.447112175021162,0.474664220738176,0.440217752106108,"violation"
468,200,0.385951978285594,0.407641834403571,0.456042761152943,0.464515877016061,0.416789092295329,"violation"
469,150,0.426703281219411,0.367820747534496,0.466476151587624,0.442216638714053,0.376294906798642,"violation"
470,80,0.4420905574965,0.354478506464357,0.458257569495584,0.417582327212252,0.361546168794226,"violation"
471,210,0.373754316943208,0.425202964132235,0.451753951452626,0.471404520791032,0.429332493466932,"violation"
472,210,0.394468701290677,0.40475728847519,0.460306513279793,0.464230765979198,0.408148898051517,"violation"
473,280,0.397136801863278,0.404744673604632,0.465643618652545,0.46837484987988,0.405461749092575,"violation"
474,80,0.38426295670938,0.38426295670938,0.433012701892219,0.433012701892219,0.418514039796822,"violation"
475,50,0.303124894097373,0.455291480014222,0.366606055596467,0.448998886412873,0.506157025286601,"violation at burn-in"
476,80,0.38426295670938,0.413449349976155,0.433012701892219,0.446514277487294,0.418514039796822,"violation"
477,230,0.366672517699908,0.432135152509804,0.450267721243652,0.474869398023903,0.436708100259392,"violation"
478,270,0.391281082908784,0.411034409536083,0.462948147911104,0.470078649695838,0.411371509611929,"violation"
479,180,0.371689125377742,0.420206254192979,0.447903208238808,0.46732757432918,0.431476229631767,"violation"
480,110,0.359758213834275,0.421714290775435,0.430356377401623,0.458257569495584,0.443976506081697,"violation"
481,190,0.364792913128473,0.422127694834345,0.44584881230626,0.468864367396212,0.438677345369413,"violation"
482,340,0.377577159379498,0.411848410646981,0.460780141825086,0.473109057121924,0.425379638621193,"violation"
483,220,0.387366786248532,0.406980942285187,0.458257569495584,0.4657704893618,0.415347119311366,"violation"
484,60,0.404561230929845,0.384303667061851,0.433012701892219,0.422952584681651,0.398033006351175,"violation"
485,260,0.417782683611572,0.380770526663144,0.471855834968778,0.458257569495584,0.384978625157437,"violation"
486,550,0.393531015353958,0.406792349567869,0.471831318787159,0.476103329294481,0.409095491467626,"violation"
487,290,0.387835050970419,0.398867779708485,0.462634753965474,0.466741684701305,0.414870450234435,"violation"
488,240,0.419599134145524,0.379356355463103,0.471404520791032,0.456416446047053,0.383202371514502,"violation"
489,50,0.356162062150893,0.381723892499601,0.4,0.41424630354416,0.447783440591685,"violation at burn-in"
490,270,0.434550125319428,0.367378744719763,0.477548035489912,0.453246178986025,0.368737663665536,"violation"
491,190,0.405080401789632,0.393644418156891,0.462709112717363,0.458257569495584,0.397516195342674,"violation"
492,280,0.381856121988643,0.404744673604632,0.459799756770848,0.46837484987988,0.420978667353488,"violation"
493,290,0.380454828391751,0.413509701528244,0.45974712586204,0.471809328867269,0.422417194511338,"violation"
494,50,0.381723892499601,0.381723892499601,0.41424630354416,0.41424630354416,0.421114297333266,"violation at burn-in"
495,110,0.370243276191379,0.431830732736538,0.435605401844034,0.462118728259594,0.432980555375112,"violation"
496,210,0.352848019496332,0.440426028938699,0.442216638714053,0.476214285119077,0.451308027316518,"violation"
497,120,0.407418316863992,0.379282649498643,0.454529671443155,0.442216638714053,0.395193189481577,"violation"
498,50,0.303124894097373,0.356162062150893,0.366606055596467,0.4,0.506157025286601,"violation at burn-in"
499,280,0.378022123339136,0.419897353670656,0.458257569495584,0.473466913698673,0.424920833411609,"violation"
500,200,0.380497119639622,0.41303278644898,0.453762052181537,0.466476151587624,0.422373740827432,"violation"
501,200,0.385951978285594,0.407641834403571,0.456042761152943,0.464515877016061,0.416789092295329,"violation"
502,70,0.384781685244939,0.367551323285659,0.428809457708675,0.419912527334259,0.417983872234686,"violation"
503,130,0.412282867327368,0.386564754544877,0.458257569495584,0.447478140684584,0.390382014433302,"violation"
504,200,0.37502891873412,0.418411457881921,0.451414443721067,0.46837484987988,0.428012329308347,"violation"
505,230,0.394941504377944,0.404291696764196,0.461955242964982,0.465461130785602,0.407672040741465,"violation"
506,160,0.374030301520003,0.415300236372365,0.446514277487294,0.463512405443479,0.429046455104173,"violation"
507,280,0.393324823494361,0.404744673604632,0.464230765979198,0.46837484987988,0.409303796801175,"violation"
508,110,0.391016409131392,0.40130875182395,0.445361771415123,0.449885201151223,0.411639690356746,"violation"
509,200,0.407641834403571,0.391393693882126,0.464515877016061,0.458257569495584,0.39497146368265,"violation"
510,50,0.381723892499601,0.275465525930225,0.41424630354416,0.346987031457949,0.421114297333266,"violation at burn-in"
511,150,0.382705474397904,0.412142424756785,0.448998886412873,0.461109772421082,0.420108032825724,"violation"
512,280,0.397136801863278,0.397136801863278,0.465643618652545,0.465643618652545,0.405461749092575,"violation"
513,260,0.417782683611572,0.38490916882721,0.471855834968778,0.459917023645628,0.384978625157437,"violation"
514,410,0.406615000096764,0.393802500597718,0.473378129050818,0.469054258780317,0.395990594069073,"violation"
515,180,0.426197035496367,0.3593857178118,0.469403351258637,0.442216638714053,0.376785066741289,"violation"
516,250,0.360606177716153,0.441958929142089,0.448998886412873,0.478815204436952,0.443081505783193,"violation"
517,140,0.400455524604738,0.392527801383139,0.455073441034185,0.451753951452626,0.40213227847347,"violation"
518,180,0.402137900498403,0.390009956143791,0.460642331993806,0.455792621243748,0.400449908691769,"violation"
519,400,0.371484300967851,0.426707215158579,0.460407428263272,0.479263758279301,0.43168916314836,"violation"
520,380,0.423265228798579,0.367746199915789,0.477789230180479,0.458257569495584,0.379629949763094,"violation"
521,230,0.394941504377944,0.390253033879714,0.461955242964982,0.460130662793842,0.407672040741465,"violation"
522,280,0.397136801863278,0.397136801863278,0.465643618652545,0.465643618652545,0.405461749092575,"violation"
523,310,0.418965240492783,0.370958607442717,0.474358101797466,0.45683615398969,0.383821768448284,"violation"
524,230,0.37613282777225,0.413606886618701,0.4543634280658,0.468779535931474,0.426870751172084,"violation"
525,50,0.329988762768881,0.455291480014222,0.384187454245971,0.448998886412873,0.476055594531048,"violation at burn-in"
526,180,0.371689125377742,0.420206254192979,0.447903208238808,0.46732757432918,0.431476229631767,"violation"
527,280,0.404744673604632,0.385684535442633,0.46837484987988,0.461309139784786,0.397850357949652,"violation"
528,140,0.392527801383139,0.408351242799966,0.451753951452626,0.458257569495584,0.41010951378185,"violation"
529,190,0.410776862377156,0.364792913128473,0.464829519280413,0.44584881230626,0.391868279517618,"violation"
530,220,0.372549122055353,0.426439061428381,0.452061394206839,0.472464962188592,0.430582814263765,"violation"
531,160,0.374030301520003,0.422100148627656,0.446514277487294,0.465991885658967,0.429046455104173,"violation"
532,130,0.437661581941581,0.35170148487679,0.467651820109867,0.430769230769231,0.365761852271421,"violation"
533,240,0.370324013921688,0.424031602189528,0.452596674755792,0.472857007984443,0.432896476352284,"violation"
534,140,0.392527801383139,0.408351242799966,0.451753951452626,0.458257569495584,0.41010951378185,"violation"
535,140,0.392527801383139,0.408351242799966,0.451753951452626,0.458257569495584,0.41010951378185,"violation"
536,310,0.429148616604206,0.364032019419151,0.477473841703319,0.453911202563558,0.373931719290897,"violation"
537,350,0.433693812568634,0.367305504431191,0.48,0.456999977671593,0.369558710760694,"violation"
538,220,0.372549122055353,0.41672906991506,0.452061394206839,0.469217741838689,0.430582814263765,"violation"
539,340,0.390085800165316,0.411848410646981,0.465561386762574,0.473109057121924,0.412583364336897,"violation"
540,80,0.398927285190815,0.369449364182804,0.439992897669951,0.42555111326373,0.403663689547714,"violation"
541,330,0.369051280043225,0.420469281786295,0.456923074544746,0.475516248386255,0.43422292848861,"violation"
542,360,0.390106736191376,0.410622740495618,0.466261398099848,0.473332029210514,0.412562121803211,"violation"
543,240,0.410711378917998,0.388355276653627,0.46837484987988,0.460053589873566,0.391932969942581,"violation"
544,210,0.399618586105716,0.389307488289922,0.462297329498752,0.458257569495584,0.402970578664148,"violation"
545,100,0.358797105324192,0.438646754351965,0.427083130081252,0.462493243193887,0.444992154535503,"violation"
546,240,0.397321564237165,0.383859942930647,0.463512405443479,0.458257569495584,0.405276011786824,"violation"
547,200,0.402238445591941,0.391393693882126,0.462493243193887,0.458257569495584,0.400349479795418,"violation"
548,250,0.403743770225398,0.390880329562412,0.466476151587624,0.461666546329708,0.398847453499161,"violation"
549,110,0.391016409131392,0.411540813863219,0.445361771415123,0.454181672610793,0.411639690356746,"violation"
550,390,0.396800980064641,0.404894045900042,0.469559923785009,0.472303237819691,0.405799456881527,"violation"
551,50,0.303124894097373,0.455291480014222,0.366606055596467,0.448998886412873,0.506157025286601,"violation at burn-in"
552,280,0.412331407815894,0.389507418349699,0.470981931279573,0.462786039512156,0.390334158010622,"violation"
553,260,0.380770526663144,0.417782683611573,0.458257569495584,0.471855834968778,0.422092877013381,"violation"
554,140,0.431852774480694,0.360481828461764,0.467024886807929,0.43705881545081,0.371326958100904,"violation"
555,400,0.40315692855832,0.39526861053689,0.471990466005406,0.469301342422968,0.399432662015119,"violation"
556,410,0.404056547262379,0.393802500597718,0.472541699056091,0.469054258780317,0.398535728004771,"violation"
557,280,0.408540660510072,0.393324823494361,0.469693777793531,0.464230765979198,0.394080486743388,"violation"
558,160,0.374030301520003,0.422100148627656,0.446514277487294,0.465991885658967,0.429046455104173,"violation"
559,60,0.299691794080135,0.501598288797599,0.372677996249965,0.471404520791032,0.510087038699499,"violation"
560,100,0.382010154023344,0.404893174753794,0.438634243989226,0.448998886412873,0.420820703790043,"violation"
561,50,0.329988762768881,0.381723892499601,0.384187454245971,0.41424630354416,0.476055594531048,"violation at burn-in"
562,170,0.392289503625002,0.405160589525071,0.455645099553814,0.460780141825086,0.41035057341436,"violation"
563,140,0.376573443811987,0.42404927039062,0.444696640464954,0.464230765979198,0.426415563257732,"violation"
564,290,0.384147477431823,0.413509701528244,0.46120609087909,0.471809328867269,0.41863211461505,"violation"
565,150,0.390105398311262,0.39747783372,0.45220447685631,0.455289895439037,0.412563479252825,"violation"
566,280,0.416116958399128,0.378022123339136,0.472239562173303,0.458257569495584,0.386611124631045,"violation"
567,200,0.37502891873412,0.423777997468233,0.451414443721067,0.47021271782035,0.428012329308347,"violation"
568,120,0.407418316863992,0.388710430150179,0.454529671443155,0.446514277487294,0.395193189481577,"violation"
569,210,0.409884947555173,0.378950459856175,0.466107536763422,0.453982128770099,0.392749861183205,"violation"
570,170,0.392289503625002,0.405160589525071,0.455645099553814,0.460780141825086,0.41035057341436,"violation"
571,80,0.398927285190815,0.398927285190815,0.439992897669951,0.439992897669951,0.403663689547714,"violation"
572,70,0.367551323285659,0.435232846182584,0.419912527334259,0.451753951452626,0.435789069183807,"violation"
573,260,0.409602684481098,0.380770526663144,0.469088881448095,0.458257569495584,0.393029064861066,"violation"
574,250,0.382268335633615,0.41654352215146,0.458257569495584,0.470930992821666,0.420556003861974,"violation"
575,160,0.435636080786205,0.367069560189873,0.470662764089109,0.443309640657633,0.367697715049742,"violation"
576,330,0.398085810872521,0.401293847067601,0.468091096437243,0.469217741838689,0.404508204870888,"violation"
577,170,0.392289503625002,0.398734731103089,0.455645099553814,0.458257569495584,0.41035057341436,"violation"
578,180,0.414199620631805,0.377813649401085,0.465176191231762,0.450616861153192,0.388494538061399,"violation"
579,110,0.380661929200767,0.411540813863219,0.440604393311005,0.454181672610793,0.42220442425249,"violation"
580,180,0.396082334548203,0.402137900498403,0.458257569495584,0.460642331993806,0.406522632743726,"violation"
581,130,0.403749001852901,0.386564754544877,0.454822938433676,0.447478140684584,0.398842238425002,"violation"
582,90,0.357162046303342,0.446649408792469,0.422952584681651,0.462948147911104,0.446723002647,"violation"
583,120,0.341043484524745,0.444277497577627,0.422952584681651,0.46837484987988,0.463991408510069,"violation"
584,80,0.369449364182804,0.427835300752151,0.42555111326373,0.452596674755792,0.433807802036111,"violation"
585,110,0.441891558185022,0.349204280681282,0.4657704893618,0.424848052565379,0.361735077319666,"violation"
586,190,0.353142386331536,0.444665870899051,0.440347382386356,0.476134015911522,0.450994323273322,"violation"
587,200,0.385951978285594,0.407641834403571,0.456042761152943,0.464515877016061,0.416789092295329,"violation"
588,120,0.379282649498643,0.416701005934578,0.442216638714053,0.458257569495584,0.423622553273008,"violation"
589,90,0.434165027226666,0.357162046303342,0.458257569495584,0.422952584681651,0.36910679166576,"violation"
590,470,0.395104192437603,0.406234003235154,0.470900623287146,0.474563486258492,0.407508025351838,"violation"
591,440,0.384975530609297,0.411201233031405,0.466651293528761,0.475516248386255,0.417785844519579,"violation"
592,90,0.396135357033226,0.383254846453587,0.442216638714053,0.436173031697567,0.406469252963386,"violation"
593,370,0.408620360500819,0.388666517924389,0.472972972972973,0.466057552319997,0.394001532503216,"violation"
594,330,0.414091177451575,0.381992128916731,0.4735036359909,0.462118728259594,0.388601200967611,"violation"
595,270,0.399199979310932,0.391281082908784,0.465901783511597,0.462948147911104,0.403390207358805,"violation"
596,160,0.415300236372365,0.353072920343074,0.463512405443479,0.436561493377508,0.387412829883256,"violation"
597,290,0.398867779708485,0.402535504864491,0.466741684701305,0.468051848302266,0.403723379835221,"violation"
598,280,0.381856121988643,0.419897353670656,0.459799756770848,0.473466913698673,0.420978667353488,"violation"
599,140,0.400455524604738,0.392527801383139,0.455073441034185,0.451753951452626,0.40213227847347,"violation"
600,50,0.431245070178388,0.356162062150893,0.438634243989226,0.4,0.371911544447917,"violation at burn-in"
601,170,0.392289503625002,0.392289503625002,0.455645099553814,0.455645099553814,0.41035057341436,"violation"
602,200,0.402238445591941,0.391393693882126,0.462493243193887,0.458257569495584,0.400349479795418,"violation"
603,460,0.403278963032379,0.396450111351318,0.473414177002303,0.471147695769313,0.399310930631431,"violation"
604,90,0.330590540863742,0.471347420992199,0.408097059382377,0.471404520791032,0.475394137143209,"violation"
605,140,0.392527801383139,0.400455524604738,0.451753951452626,0.455073441034185,0.41010951378185,"violation"
606,170,0.372834154388484,0.411567395331464,0.447252280124009,0.463214285237883,0.430286929799699,"violation"
607,140,0.42404927039062,0.368545226430505,0.464230765979198,0.440952123830019,0.378868110834642,"violation"
608,170,0.417955447367075,0.372834154388484,0.465561386762574,0.447252280124009,0.384809506757195,"violation"
609,130,0.42077906346689,0.377912443363988,0.461538461538462,0.443560099795031,0.382050763148871,"violation"
610,280,0.397136801863278,0.397136801863278,0.465643618652545,0.465643618652545,0.405461749092575,"violation"
611,530,0.395881362143836,0.401786997676032,0.472286425574702,0.474215921787784,0.406724992759064,"violation"
612,260,0.417782683611572,0.376625110851908,0.471855834968778,0.45655968455628,0.384978625157437,"violation"
613,70,0.332389376993842,0.467933769009114,0.4,0.464230765979198,0.473420177162057,"violation"
614,70,0.418611349384595,0.332389376993842,0.444696640464954,0.4,0.384167784932628,"violation"
615,220,0.406980942285187,0.392285357402369,0.4657704893618,0.460214646291442,0.395627242753756,"violation"
616,220,0.402092313715514,0.392285357402369,0.463970467854714,0.460214646291442,0.400495447091191,"violation"
617,200,0.396822456104908,0.396822456104908,0.460407428263272,0.460407428263272,0.40577785582854,"violation"
618,140,0.392527801383139,0.38456736217652,0.451753951452626,0.448296093843234,0.41010951378185,"violation"
619,180,0.371689125377742,0.414199620631805,0.447903208238808,0.465176191231762,0.431476229631767,"violation"
620,260,0.372472845534082,0.421863349041823,0.454822938433676,0.473186353822452,0.430662013787874,"violation"
621,230,0.394941504377944,0.399621024509692,0.461955242964982,0.463731882642552,0.407672040741465,"violation"
622,230,0.371407439412253,0.427515640411996,0.452341106213564,0.473414177002303,0.431769082578141,"violation"
623,180,0.408176913810295,0.383920490985425,0.462948147911104,0.453246178986025,0.394440932749297,"violation"
624,110,0.380661929200767,0.421714290775435,0.440604393311005,0.458257569495584,0.42220442425249,"violation"
625,220,0.382437981616331,0.41672906991506,0.456246815906471,0.469217741838689,0.420382123587503,"violation"
626,160,0.374030301520003,0.408478572847754,0.446514277487294,0.460934851687307,0.429046455104173,"violation"
627,240,0.356710951046634,0.441687004497368,0.446514277487294,0.478260011802041,0.447201192732061,"violation"
628,500,0.399724732619863,0.401813494858422,0.473028540365167,0.47370877129308,0.402864209164129,"violation"
629,100,0.358797105324192,0.438646754351965,0.427083130081252,0.462493243193887,0.444992154535503,"violation"
630,180,0.371689125377742,0.402137900498403,0.447903208238808,0.460642331993806,0.431476229631767,"violation"
631,260,0.376625110851908,0.417782683611573,0.45655968455628,0.471855834968778,0.426362204807047,"violation"
632,330,0.404498377539049,0.391659119050419,0.470322164559215,0.4657704893618,0.398095597543627,"violation"
633,50,0.381723892499601,0.275465525930225,0.41424630354416,0.346987031457949,0.421114297333266,"violation at burn-in"
634,70,0.435232846182584,0.367551323285659,0.451753951452626,0.419912527334259,0.368083699074651,"violation"
635,50,0.329988762768881,0.455291480014222,0.384187454245971,0.448998886412873,0.476055594531048,"violation at burn-in"
636,130,0.369218591215833,0.42077906346689,0.43947251867956,0.461538461538462,0.434048427907439,"violation"
637,270,0.418895357050462,0.383338242008256,0.472697654640185,0.459856242819815,0.38389008445786,"violation"
638,140,0.368545226430505,0.416215618702874,0.440952123830019,0.461309139784786,0.434750962972775,"violation"
639,50,0.381723892499601,0.381723892499601,0.41424630354416,0.41424630354416,0.421114297333266,"violation at burn-in"
640,280,0.389507418349699,0.408540660510072,0.462786039512156,0.469693777793531,0.413170443022607,"violation"
641,80,0.398927285190815,0.38426295670938,0.439992897669951,0.433012701892219,0.403663689547714,"violation"
642,80,0.324026806717369,0.470227592443321,0.4,0.46837484987988,0.482638652473549,"violation"
643,280,0.416116958399128,0.385684535442633,0.472239562173303,0.461309139784786,0.386611124631045,"violation"
644,80,0.369449364182804,0.38426295670938,0.42555111326373,0.433012701892219,0.433807802036111,"violation"
645,190,0.358975781678746,0.427782427428116,0.44313789178509,0.470780574185544,0.444803240034843,"violation"
646,110,0.380661929200767,0.40130875182395,0.440604393311005,0.449885201151223,0.42220442425249,"violation"
647,120,0.360272085519273,0.43512958592257,0.433012701892219,0.465176191231762,0.443434008961226,"violation"
648,100,0.335226423818076,0.427468562709602,0.41424630354416,0.458257569495584,0.4703168460852,"violation"
649,230,0.380848809525639,0.418251588737039,0.456335365683545,0.470369681262557,0.422012477653893,"violation"
650,70,0.332389376993842,0.451671085320581,0.4,0.458257569495584,0.473420177162057,"violation"
651,100,0.382010154023344,0.416218093172812,0.438634243989226,0.453762052181537,0.420820703790043,"violation"
652,210,0.384134794450967,0.394468701290677,0.456149714850592,0.460306513279793,0.418645083749417,"violation"
653,310,0.398490848841847,0.401913405369656,0.467463766006111,0.468675375606946,0.40410158821749,"violation"
654,110,0.370243276191379,0.421714290775435,0.435605401844034,0.458257569495584,0.432980555375112,"violation"
655,110,0.391016409131392,0.411540813863219,0.445361771415123,0.454181672610793,0.411639690356746,"violation"
656,160,0.387879287802935,0.401634791022472,0.452596674755792,0.458257569495584,0.414825434506198,"violation"
657,160,0.374030301520003,0.394768500866394,0.446514277487294,0.455478800275051,0.429046455104173,"violation"
658,140,0.408351242799966,0.392527801383139,0.458257569495584,0.451753951452626,0.3942681645845,"violation"
659,140,0.368545226430505,0.42404927039062,0.440952123830019,0.464230765979198,0.434750962972775,"violation"
660,340,0.402541072104329,0.393204559992766,0.469999631892663,0.466702709104116,0.40004728175149,"violation"
661,330,0.401293847067601,0.385218089847093,0.469217741838689,0.463358998040609,0.401293501566571,"violation"
662,100,0.347058437304489,0.449754636997335,0.420832508250016,0.466476151587624,0.457503309149127,"violation"
663,140,0.455087603744607,0.336070685478336,0.474664220738176,0.424444414764159,0.349310569382806,"violation"
664,160,0.380966711005599,0.394768500866394,0.449609205310567,0.455478800275051,0.421891404112972,"violation"
665,210,0.399618586105716,0.384134794450967,0.462297329498752,0.456149714850592,0.402970578664148,"violation"
666,190,0.3821495978652,0.405080401789632,0.453518103674055,0.462709112717363,0.420677728279121,"violation"
667,180,0.396082334548203,0.396082334548203,0.458257569495584,0.458257569495584,0.406522632743726,"violation"
668,260,0.417782683611572,0.380770526663144,0.471855834968778,0.458257569495584,0.384978625157437,"violation"
669,90,0.408911336999542,0.330590540863742,0.447903208238808,0.408097059382377,0.393713347420436,"violation"
670,400,0.368830241778583,0.431917806242154,0.459340559933477,0.480722113075735,0.434453524168459,"violation"
671,270,0.407095383874427,0.395243495119209,0.468719763542411,0.464442081629054,0.395513646576467,"violation"
672,260,0.38490916882721,0.409602684481098,0.459917023645628,0.469088881448095,0.417853632451184,"violation"
673,160,0.408478572847754,0.387879287802935,0.460934851687307,0.452596674755792,0.394141999066591,"violation"
674,200,0.391393693882126,0.407641834403571,0.458257569495584,0.464515877016061,0.411257434548634,"violation"
675,450,0.418752932503179,0.383841749750093,0.478005113873156,0.466476151587624,0.384029333447996,"violation"
676,140,0.400455524604738,0.392527801383139,0.455073441034185,0.451753951452626,0.40213227847347,"violation"
677,120,0.416701005934578,0.379282649498643,0.458257569495584,0.442216638714053,0.386038330242631,"violation"
678,110,0.421714290775435,0.370243276191379,0.458257569495584,0.435605401844034,0.38113921693393,"violation"
679,480,0.391625349070376,0.404704576450074,0.469910600244581,0.474268442504407,0.411022820119097,"violation"
680,160,0.428878655054452,0.374030301520003,0.46837484987988,0.446514277487294,0.374192250461716,"violation"
681,140,0.400455524604738,0.400455524604738,0.455073441034185,0.455073441034185,0.40213227847347,"violation"
682,110,0.380661929200767,0.421714290775435,0.440604393311005,0.458257569495584,0.42220442425249,"violation"
683,270,0.391281082908784,0.40315059103263,0.462948147911104,0.46732757432918,0.411371509611929,"violation"
684,50,0.303124894097373,0.455291480014222,0.366606055596467,0.448998886412873,0.506157025286601,"violation at burn-in"
685,290,0.387835050970419,0.409856426765983,0.462634753965474,0.470585437496055,0.414870450234435,"violation"
686,50,0.381723892499601,0.381723892499601,0.41424630354416,0.41424630354416,0.421114297333266,"violation at burn-in"
687,150,0.382705474397904,0.412142424756785,0.448998886412873,0.461109772421082,0.420108032825724,"violation"
688,170,0.35976037373971,0.437009826159273,0.441176470588235,0.472093181817254,0.443974225077981,"violation"
689,70,0.401797717860855,0.384781685244939,0.43705881545081,0.428809457708675,0.400789794982053,"violation"
690,100,0.393491411227481,0.404893174753794,0.443959457608462,0.448998886412873,0.4091354972057,"violation"
691,170,0.379339580975624,0.405160589525071,0.450144152228447,0.460780141825086,0.42356396739604,"violation"
692,170,0.385824571941396,0.405160589525071,0.452941176470588,0.460780141825086,0.4169190757902,"violation"
693,200,0.407641834403571,0.391393693882126,0.464515877016061,0.458257569495584,0.39497146368265,"violation"
694,170,0.411567395331464,0.379339580975624,0.463214285237883,0.450144152228447,0.391087749783398,"violation"
695,50,0.381723892499601,0.329988762768881,0.41424630354416,0.384187454245971,0.421114297333266,"violation at burn-in"
696,400,0.39526861053689,0.400529651269741,0.469301342422968,0.471109063805824,0.407342301005794,"violation"
697,90,0.396135357033226,0.396135357033226,0.442216638714053,0.442216638714053,0.406469252963386,"violation"
698,410,0.388663176833003,0.401496081933606,0.467224391237022,0.471691174339768,0.414028174098818,"violation"
699,100,0.404893174753794,0.393491411227481,0.448998886412873,0.443959457608462,0.397702531443933,"violation"
700,110,0.391016409131392,0.411540813863219,0.445361771415123,0.454181672610793,0.411639690356746,"violation"
701,250,0.36929415187926,0.429281377140643,0.452831094338717,0.475041050857713,0.433969633062316,"violation"
702,190,0.364792913128473,0.433423596523875,0.44584881230626,0.472630406750393,0.438677345369413,"violation"
703,100,0.382010154023344,0.416218093172812,0.438634243989226,0.453762052181537,0.420820703790043,"violation"
704,150,0.360334632176913,0.441163945849907,0.438634243989226,0.471404520791032,0.443368003543589,"violation"
705,120,0.407418316863992,0.379282649498643,0.454529671443155,0.442216638714053,0.395193189481577,"violation"
706,190,0.399369655331088,0.387904474660457,0.460518796931102,0.455924375320162,0.403220089717005,"violation"
707,390,0.39139402883737,0.407587158823487,0.467651820109867,0.473186353822452,0.411257095263479,"violation"
708,330,0.394874243577811,0.401293847067601,0.466942067497169,0.469217741838689,0.407739860429987,"violation"
709,170,0.392289503625002,0.405160589525071,0.455645099553814,0.460780141825086,0.41035057341436,"violation"
710,280,0.416116958399128,0.381856121988643,0.472239562173303,0.459799756770848,0.386611124631045,"violation"
711,270,0.4149677178916,0.387312685100419,0.471404520791032,0.461419649861667,0.387739475032251,"violation"
712,730,0.418846842536502,0.383400252365848,0.481640796661599,0.470754774986154,0.383937514421399,"violation"
713,150,0.390105398311262,0.404823335860561,0.45220447685631,0.458257569495584,0.412563479252825,"violation"
714,60,0.404561230929845,0.363718108303794,0.433012701892219,0.411973569810276,0.398033006351175,"violation"
715,180,0.390009956143791,0.408176913810295,0.455792621243748,0.462948147911104,0.412660323582856,"violation"
716,160,0.367069560189873,0.415300236372365,0.443309640657633,0.463512405443479,0.43629275118385,"violation"
717,240,0.392842452931789,0.392842452931789,0.46180503341658,0.46180503341658,0.409791329866513,"violation"
718,170,0.405160589525071,0.392289503625002,0.460780141825086,0.455645099553814,0.397436402951347,"violation"
719,170,0.35976037373971,0.417955447367075,0.441176470588235,0.465561386762574,0.443974225077981,"violation"
720,150,0.412142424756785,0.390105398311262,0.461109772421082,0.45220447685631,0.390520494598135,"violation"
721,260,0.446219834392383,0.355793667392803,0.480446045219298,0.447478140684584,0.357636999062659,"violation"
722,130,0.403749001852901,0.377912443363988,0.454822938433676,0.443560099795031,0.398842238425002,"violation"
723,260,0.417782683611572,0.376625110851908,0.471855834968778,0.45655968455628,0.384978625157437,"violation"
724,210,0.384134794450967,0.415001696223311,0.456149714850592,0.467928323677647,0.418645083749417,"violation"
725,200,0.391393693882126,0.396822456104908,0.458257569495584,0.460407428263272,0.411257434548634,"violation"
726,100,0.370446470324446,0.427468562709602,0.433012701892219,0.458257569495584,0.432768969300534,"violation"
727,180,0.383920490985425,0.408176913810295,0.453246178986025,0.462948147911104,0.418864254889854,"violation"
728,110,0.359758213834275,0.431830732736538,0.430356377401623,0.462118728259594,0.443976506081697,"violation"
729,80,0.354478506464357,0.413449349976155,0.417582327212252,0.446514277487294,0.449571992618743,"violation"
730,210,0.389307488289922,0.409884947555173,0.458257569495584,0.466107536763422,0.413373482307665,"violation"
731,80,0.398927285190815,0.38426295670938,0.439992897669951,0.433012701892219,0.403663689547714,"violation"
732,230,0.357173539074361,0.441349530475504,0.445964895581185,0.477647828441754,0.446710823344543,"violation"
733,290,0.402535504864491,0.398867779708485,0.468051848302266,0.466741684701305,0.400052840042152,"violation"
734,60,0.384303667061851,0.404561230929845,0.422952584681651,0.433012701892219,0.418472418682844,"violation"
735,80,0.369449364182804,0.427835300752151,0.42555111326373,0.452596674755792,0.433807802036111,"violation"
736,210,0.384134794450967,0.415001696223311,0.456149714850592,0.467928323677647,0.418645083749417,"violation"
737,150,0.419435587654512,0.382705474397904,0.463848634314639,0.448998886412873,0.383362129722289,"violation"
738,410,0.39893359320403,0.401496081933606,0.470826478517606,0.471691174339768,0.403657362213475,"violation"
739,220,0.406980942285187,0.392285357402369,0.4657704893618,0.460214646291442,0.395627242753756,"violation"
740,80,0.369449364182804,0.369449364182804,0.42555111326373,0.42555111326373,0.433807802036111,"violation"
741,80,0.413449349976155,0.354478506464357,0.446514277487294,0.417582327212252,0.389232795787549,"violation"
742,250,0.35188646529246,0.441958929142089,0.444989887525548,0.478815204436952,0.452333613557098,"violation"
743,270,0.4149677178916,0.387312685100419,0.471404520791032,0.461419649861667,0.387739475032251,"violation"
744,300,0.39336391479478,0.403993419137256,0.465176191231762,0.468994195652308,0.409264300523974,"violation"
745,70,0.367551323285659,0.401797717860855,0.419912527334259,0.43705881545081,0.435789069183807,"violation"
746,330,0.414091177451575,0.388440410378235,0.4735036359909,0.464576191436044,0.388601200967611,"violation"
747,390,0.399500969746255,0.402198653894404,0.470490113334555,0.471404520791032,0.403088459176297,"violation"
748,220,0.402092313715514,0.397193825094544,0.463970467854714,0.462118728259594,0.400495447091191,"violation"
749,90,0.370265395347116,0.408911336999542,0.429757324573638,0.447903208238808,0.432957519934817,"violation"
750,220,0.406980942285187,0.377498807588872,0.4657704893618,0.454181672610793,0.395627242753756,"violation"
751,60,0.404561230929845,0.363718108303794,0.433012701892219,0.411973569810276,0.398033006351175,"violation"
752,260,0.380770526663144,0.417782683611573,0.458257569495584,0.471855834968778,0.422092877013381,"violation"
753,80,0.398927285190815,0.369449364182804,0.439992897669951,0.42555111326373,0.403663689547714,"violation"
754,90,0.396135357033226,0.396135357033226,0.442216638714053,0.442216638714053,0.406469252963386,"violation"
755,140,0.392527801383139,0.408351242799966,0.451753951452626,0.458257569495584,0.41010951378185,"violation"
756,210,0.363325895205892,0.409884947555173,0.447112175021162,0.466107536763422,0.440217752106108,"violation"
757,70,0.401797717860855,0.350092691049511,0.43705881545081,0.410325903324145,0.400789794982053,"violation"
758,300,0.407527659780193,0.386254889436387,0.47021271782035,0.462493243193887,0.395084715094132,"violation"
759,210,0.384134794450967,0.40475728847519,0.456149714850592,0.464230765979198,0.418645083749417,"violation"
760,240,0.424031602189528,0.374844413952903,0.472857007984443,0.454529671443155,0.378885270306364,"violation"
761,150,0.441163945849906,0.352818396410859,0.471404520791032,0.434920171474669,0.362426199701357,"violation"
762,130,0.386564754544877,0.403749001852901,0.447478140684584,0.454822938433676,0.416164223214829,"violation"
763,460,0.396450111351318,0.401004197571083,0.471147695769313,0.472669889242585,0.406152453245411,"violation"
764,100,0.358797105324192,0.427468562709602,0.427083130081252,0.458257569495584,0.444992154535503,"violation"
765,130,0.42077906346689,0.377912443363988,0.461538461538462,0.443560099795031,0.382050763148871,"violation"
766,460,0.419160454283572,0.382750865141537,0.478315214303711,0.466308148357878,0.383630965523939,"violation"
767,70,0.451671085320581,0.350092691049511,0.458257569495584,0.410325903324145,0.352507486489625,"violation"
768,190,0.399369655331088,0.399369655331088,0.460518796931102,0.460518796931102,0.403220089717005,"violation"
769,240,0.379356355463103,0.419599134145524,0.456416446047053,0.471404520791032,0.423546706286241,"violation"
770,200,0.37502891873412,0.423777997468233,0.451414443721067,0.47021271782035,0.428012329308347,"violation"
771,150,0.390105398311262,0.39747783372,0.45220447685631,0.455289895439037,0.412563479252825,"violation"
772,150,0.404823335860561,0.39747783372,0.458257569495584,0.455289895439037,0.397772049529896,"violation"
773,180,0.371689125377742,0.426197035496367,0.447903208238808,0.469403351258637,0.431476229631767,"violation"
774,180,0.408176913810295,0.383920490985425,0.462948147911104,0.453246178986025,0.394440932749297,"violation"
775,180,0.426197035496367,0.365546595503654,0.469403351258637,0.44510367775454,0.376785066741289,"violation"
776,70,0.367551323285659,0.435232846182584,0.419912527334259,0.451753951452626,0.435789069183807,"violation"
777,120,0.350685969710003,0.425937745203033,0.428093317968044,0.46180503341658,0.453615919250259,"violation"
778,60,0.404561230929845,0.342777549253801,0.433012701892219,0.4,0.398033006351175,"violation"
779,120,0.453382374397675,0.350685969710003,0.471404520791032,0.428093317968044,0.350904469909601,"violation"
780,270,0.351317141385738,0.450117613429459,0.446046495328136,0.481894409826699,0.452941476437063,"violation"
781,140,0.38456736217652,0.392527801383139,0.448296093843234,0.451753951452626,0.418202877941022,"violation"
782,460,0.405552219631346,0.391889901999266,0.474147329404159,0.46958031376699,0.397046822231169,"violation"
783,120,0.360272085519273,0.43512958592257,0.433012701892219,0.465176191231762,0.443434008961226,"violation"
784,150,0.390105398311262,0.412142424756785,0.45220447685631,0.461109772421082,0.412563479252825,"violation"
785,200,0.434475241250226,0.358542115756875,0.47370877129308,0.443959457608462,0.368809428133286,"violation"
786,110,0.370243276191379,0.421714290775435,0.435605401844034,0.458257569495584,0.432980555375112,"violation"
787,420,0.412381844832256,0.389891628496374,0.475445846374187,0.467928323677647,0.390284434948073,"violation"
788,90,0.383254846453587,0.396135357033226,0.436173031697567,0.442216638714053,0.419545411114639,"violation"
789,220,0.411859824691774,0.387366786248532,0.467519390148996,0.458257569495584,0.390799221617257,"violation"
790,370,0.391525026403646,0.40293241674208,0.467098655668265,0.471085035104586,0.41112441565616,"violation"
791,190,0.405080401789632,0.393644418156891,0.462709112717363,0.458257569495584,0.397516195342674,"violation"
792,240,0.406255943630601,0.388355276653627,0.466796856839842,0.460053589873566,0.396347275009535,"violation"
793,270,0.379357691759436,0.418895357050462,0.458257569495584,0.472697654640185,0.423545331240755,"violation"
794,160,0.380966711005599,0.380966711005599,0.449609205310567,0.449609205310567,0.421891404112972,"violation"
795,150,0.360334632176913,0.426703281219411,0.438634243989226,0.466476151587624,0.443368003543589,"violation"
796,90,0.383254846453587,0.408911336999542,0.436173031697567,0.447903208238808,0.419545411114639,"violation"
797,290,0.395195157517541,0.406198373996429,0.465402284656634,0.469333020304007,0.407416333212664,"violation"
798,150,0.352818396410859,0.433945933524449,0.434920171474669,0.468994195652308,0.451339603250835,"violation"
799,90,0.421586720833001,0.343939206678498,0.453246178986025,0.415739709641549,0.381263492477088,"violation"
800,190,0.399369655331088,0.399369655331088,0.460518796931102,0.460518796931102,0.403220089717005,"violation"
801,50,0.329988762768881,0.356162062150893,0.384187454245971,0.4,0.476055594531048,"violation at burn-in"
802,90,0.396135357033226,0.396135357033226,0.442216638714053,0.442216638714053,0.406469252963386,"violation"
803,50,0.329988762768881,0.381723892499601,0.384187454245971,0.41424630354416,0.476055594531048,"violation at burn-in"
804,160,0.380966711005599,0.415300236372365,0.449609205310567,0.463512405443479,0.421891404112972,"violation"
805,230,0.422887812336378,0.366672517699908,0.471914413438058,0.450267721243652,0.379996950498074,"violation"
806,260,0.409602684481098,0.389041110407759,0.469088881448095,0.461538461538462,0.393029064861066,"violation"
807,120,0.407418316863992,0.379282649498643,0.454529671443155,0.442216638714053,0.395193189481577,"violation"
808,60,0.463572231748958,0.299691794080135,0.458257569495584,0.372677996249965,0.341430609665104,"violation"
809,310,0.412156576642414,0.388198232840865,0.472159340994374,0.463675314294786,0.390506539325078,"violation"
810,100,0.393491411227481,0.393491411227481,0.443959457608462,0.443959457608462,0.4091354972057,"violation"
811,50,0.381723892499601,0.406735455758366,0.41424630354416,0.427083130081252,0.421114297333266,"violation at burn-in"
812,410,0.393802500597718,0.39636906990458,0.469054258780317,0.469947533365797,0.408821308625235,"violation"
813,140,0.408351242799966,0.392527801383139,0.458257569495584,0.451753951452626,0.3942681645845,"violation"
814,150,0.360334632176913,0.433945933524449,0.438634243989226,0.468994195652308,0.443368003543589,"violation"
815,150,0.390105398311262,0.382705474397904,0.45220447685631,0.448998886412873,0.412563479252825,"violation"
816,290,0.391517595886819,0.398867779708485,0.464033395001454,0.466741684701305,0.411131940977371,"violation"
817,270,0.375370970209101,0.418895357050462,0.456623259479183,0.472697654640185,0.427658428273246,"violation"
818,300,0.41458295818578,0.3826934524229,0.472569806718777,0.461109772421082,0.388117612557259,"violation"
819,430,0.391051706513565,0.408132952842086,0.468591666967672,0.474333097629462,0.411603919937643,"violation"
820,310,0.401913405369656,0.398490848841847,0.468675375606946,0.467463766006111,0.400674191483068,"violation"
821,330,0.378762498195642,0.420469281786295,0.460855195781083,0.475516248386255,0.424158022917572,"violation"
822,290,0.361913694729754,0.438951805954556,0.451987288447313,0.479595548985206,0.4417034458309,"violation"
823,120,0.398088537585701,0.388710430150179,0.450616861153192,0.446514277487294,0.404505466816494,"violation"
824,60,0.342777549253802,0.404561230929845,0.4,0.433012701892219,0.462115494696371,"violation"
825,150,0.426703281219411,0.375277468828986,0.466476151587624,0.445670531022887,0.376294906798642,"violation"
826,120,0.425937745203033,0.369803732524429,0.46180503341658,0.43771819955563,0.377036240737809,"violation"
827,120,0.407418316863992,0.388710430150179,0.454529671443155,0.446514277487294,0.395193189481577,"violation"
828,190,0.410776862377156,0.3821495978652,0.464829519280413,0.453518103674055,0.391868279517618,"violation"
829,100,0.382010154023344,0.416218093172812,0.438634243989226,0.453762052181537,0.420820703790043,"violation"
830,100,0.382010154023344,0.416218093172812,0.438634243989226,0.453762052181537,0.420820703790043,"violation"
831,380,0.387291715431818,0.414999895164622,0.465863806141426,0.475282391637386,0.415423564597352,"violation"
832,150,0.426703281219411,0.367820747534496,0.466476151587624,0.442216638714053,0.376294906798642,"violation"
833,70,0.367551323285659,0.435232846182584,0.419912527334259,0.451753951452626,0.435789069183807,"violation"
834,130,0.3951766068649,0.403749001852901,0.451231057724999,0.454822938433676,0.407435031256583,"violation"
835,120,0.425937745203033,0.369803732524429,0.46180503341658,0.43771819955563,0.377036240737809,"violation"
836,150,0.426703281219411,0.375277468828986,0.466476151587624,0.445670531022887,0.376294906798642,"violation"
837,60,0.404561230929845,0.363718108303794,0.433012701892219,0.411973569810276,0.398033006351175,"violation"
838,180,0.377813649401085,0.420206254192979,0.450616861153192,0.46732757432918,0.42513575879678,"violation"
839,530,0.403753415489491,0.393910675096878,0.47484235078494,0.471626409644455,0.398837838780954,"violation"
840,110,0.370243276191379,0.421714290775435,0.435605401844034,0.458257569495584,0.432980555375112,"violation"
841,90,0.357162046303342,0.383254846453587,0.422952584681651,0.436173031697567,0.446723002647,"violation"
842,80,0.38426295670938,0.413449349976155,0.433012701892219,0.446514277487294,0.418514039796822,"violation"
843,160,0.387879287802935,0.408478572847754,0.452596674755792,0.460934851687307,0.414825434506198,"violation"
844,310,0.395064156758497,0.401913405369656,0.466226689178551,0.468675375606946,0.407548384457605,"violation"
845,140,0.376573443811987,0.416215618702874,0.444696640464954,0.461309139784786,0.426415563257732,"violation"
846,170,0.417955447367075,0.379339580975624,0.465561386762574,0.450144152228447,0.384809506757195,"violation"
847,240,0.401792699374277,0.397321564237165,0.465176191231762,0.463512405443479,0.400794810215557,"violation"
848,130,0.386564754544877,0.412282867327369,0.447478140684584,0.458257569495584,0.416164223214829,"violation"
849,70,0.367551323285659,0.418611349384595,0.419912527334259,0.444696640464954,0.435789069183807,"violation"
850,50,0.381723892499601,0.356162062150893,0.41424630354416,0.4,0.421114297333266,"violation at burn-in"
851,70,0.418611349384595,0.367551323285659,0.444696640464954,0.419912527334259,0.384167784932628,"violation"
852,110,0.349204280681282,0.451898065660504,0.424848052565379,0.469217741838689,0.455201446938868,"violation"
853,200,0.402238445591941,0.37502891873412,0.462493243193887,0.451414443721067,0.400349479795418,"violation"
854,110,0.40130875182395,0.391016409131392,0.449885201151223,0.445361771415123,0.401278596957182,"violation"
855,390,0.394098671120244,0.402198653894404,0.468613858160945,0.471404520791032,0.408522305533827,"violation"
856,340,0.380709411486589,0.421127147302086,0.462008178600147,0.476034658969063,0.422155650273892,"violation"
857,210,0.425202964132235,0.373754316943208,0.471404520791032,0.451753951452626,0.377748473109926,"violation"
858,210,0.40475728847519,0.394468701290677,0.464230765979198,0.460306513279793,0.39783779928783,"violation"
859,240,0.419599134145524,0.379356355463103,0.471404520791032,0.456416446047053,0.383202371514502,"violation"
860,330,0.381992128916731,0.410897019155171,0.462118728259594,0.472464962188592,0.420839187323106,"violation"
861,100,0.347058437304489,0.438646754351965,0.420832508250016,0.462493243193887,0.457503309149127,"violation"
862,290,0.384147477431823,0.413509701528244,0.46120609087909,0.471809328867269,0.41863211461505,"violation"
863,340,0.386963705667462,0.411848410646981,0.464398632605004,0.473109057121924,0.415757667803722,"violation"
864,330,0.394874243577811,0.404498377539049,0.466942067497169,0.470322164559215,0.407739860429987,"violation"
865,70,0.296166844414293,0.484027595121352,0.376883027379226,0.469693777793531,0.514142445718239,"violation"
866,230,0.404291696764196,0.394941504377944,0.465461130785602,0.461955242964982,0.398301451931007,"violation"
867,280,0.389507418349699,0.412331407815894,0.462786039512156,0.470981931279573,0.413170443022607,"violation"
868,180,0.371689125377742,0.396082334548203,0.447903208238808,0.458257569495584,0.431476229631767,"violation"
869,170,0.411567395331464,0.385824571941396,0.463214285237883,0.452941176470588,0.391087749783398,"violation"
870,220,0.402092313715514,0.397193825094544,0.463970467854714,0.462118728259594,0.400495447091191,"violation"
871,240,0.397321564237165,0.401792699374277,0.463512405443479,0.465176191231762,0.405276011786824,"violation"
872,180,0.365546595503654,0.432172173953108,0.44510367775454,0.471404520791032,0.437887127991909,"violation"
873,350,0.397664181771917,0.391617512672575,0.468641109801433,0.466476151587624,0.404931704092585,"violation"
874,160,0.408478572847754,0.374030301520003,0.460934851687307,0.446514277487294,0.394141999066591,"violation"
875,160,0.346035850570529,0.428878655054452,0.433012701892219,0.46837484987988,0.458602599967631,"violation"
876,230,0.385555506105795,0.413606886618701,0.458257569495584,0.468779535931474,0.417193655385656,"violation"
877,70,0.314421891332848,0.418611349384595,0.388875931109034,0.444696640464954,0.493359862598932,"violation"
878,200,0.369547166287733,0.423777997468233,0.448998886412873,0.47021271782035,0.433705846443841,"violation"
879,280,0.381856121988643,0.416116958399128,0.459799756770848,0.472239562173303,0.420978667353488,"violation"
880,110,0.349204280681282,0.451898065660504,0.424848052565379,0.469217741838689,0.455201446938868,"violation"
881,150,0.390105398311262,0.404823335860561,0.45220447685631,0.458257569495584,0.412563479252825,"violation"
882,70,0.384781685244939,0.384781685244939,0.428809457708675,0.428809457708675,0.417983872234686,"violation"
883,190,0.405080401789632,0.393644418156891,0.462709112717363,0.458257569495584,0.397516195342674,"violation"
884,280,0.397136801863278,0.404744673604632,0.465643618652545,0.46837484987988,0.405461749092575,"violation"
885,60,0.363718108303794,0.424513186453782,0.411973569810276,0.442216638714053,0.439805623478748,"violation"
886,280,0.400943402708026,0.400943402708026,0.467024886807929,0.467024886807929,0.401644025269364,"violation"
887,140,0.42404927039062,0.368545226430505,0.464230765979198,0.440952123830019,0.378868110834642,"violation"
888,190,0.410776862377156,0.3821495978652,0.464829519280413,0.453518103674055,0.391868279517618,"violation"
889,360,0.404775069481143,0.395982587072434,0.471404520791032,0.46837484987988,0.397820097856747,"violation"
890,130,0.403749001852901,0.386564754544877,0.454822938433676,0.447478140684584,0.398842238425002,"violation"
891,330,0.407699426926858,0.394874243577811,0.471404520791032,0.466942067497169,0.394914343169383,"violation"
892,80,0.369449364182804,0.427835300752151,0.42555111326373,0.452596674755792,0.433807802036111,"violation"
893,220,0.357635475617018,0.440934234208097,0.445361771415123,0.476969600708473,0.446221447829495,"violation"
894,240,0.4284565577011,0.361257398304082,0.474268442504407,0.448589610767892,0.374599782551128,"violation"
895,90,0.421586720833001,0.370265395347116,0.453246178986025,0.429757324573638,0.381263492477088,"violation"
896,290,0.406198373996429,0.395195157517541,0.469333020304007,0.465402284656634,0.396404479119215,"violation"
897,270,0.383338242008256,0.418895357050462,0.459856242819815,0.472697654640185,0.419460039632616,"violation"
898,100,0.382010154023344,0.404893174753794,0.438634243989226,0.448998886412873,0.420820703790043,"violation"
899,120,0.379282649498643,0.416701005934578,0.442216638714053,0.458257569495584,0.423622553273008,"violation"
900,230,0.394941504377944,0.404291696764196,0.461955242964982,0.465461130785602,0.407672040741465,"violation"
901,280,0.419897353670656,0.370337142115674,0.473466913698673,0.455073441034185,0.382911145784202,"violation"
902,80,0.427835300752151,0.369449364182804,0.452596674755792,0.42555111326373,0.37520000061642,"violation"
903,70,0.401797717860855,0.384781685244939,0.43705881545081,0.428809457708675,0.400789794982053,"violation"
904,120,0.407418316863992,0.379282649498643,0.454529671443155,0.442216638714053,0.395193189481577,"violation"
905,50,0.356162062150893,0.381723892499601,0.4,0.41424630354416,0.447783440591685,"violation at burn-in"
906,150,0.412142424756785,0.390105398311262,0.461109772421082,0.45220447685631,0.390520494598135,"violation"
907,140,0.38456736217652,0.416215618702874,0.448296093843234,0.461309139784786,0.418202877941022,"violation"
908,100,0.416218093172812,0.358797105324192,0.453762052181537,0.427083130081252,0.386511907777964,"violation"
909,260,0.405503240326475,0.393166421783081,0.467651820109867,0.463122282470526,0.397095534463688,"violation"
910,130,0.437661581941581,0.360482027624785,0.467651820109867,0.43521062030202,0.365761852271421,"violation"
911,90,0.383254846453587,0.370265395347116,0.436173031697567,0.429757324573638,0.419545411114639,"violation"
912,160,0.408478572847754,0.387879287802935,0.460934851687307,0.452596674755792,0.394141999066591,"violation"
913,160,0.374030301520003,0.422100148627656,0.446514277487294,0.465991885658967,0.429046455104173,"violation"
914,110,0.380661929200767,0.411540813863219,0.440604393311005,0.454181672610793,0.42220442425249,"violation"
915,330,0.417281924365576,0.385218089847093,0.474520685138621,0.463358998040609,0.385469029732841,"violation"
916,340,0.399432172575526,0.402541072104329,0.468921681363312,0.469999631892663,0.403157419178025,"violation"
917,70,0.418611349384595,0.350092691049511,0.444696640464954,0.410325903324145,0.384167784932628,"violation"
918,150,0.426703281219411,0.375277468828986,0.466476151587624,0.445670531022887,0.376294906798642,"violation"
919,140,0.360481828461764,0.431852774480694,0.43705881545081,0.467024886807929,0.443212689231693,"violation"
920,260,0.409602684481098,0.389041110407759,0.469088881448095,0.461538461538462,0.393029064861066,"violation"
921,130,0.403749001852901,0.3951766068649,0.454822938433676,0.451231057724999,0.398842238425002,"violation"
922,130,0.437661581941581,0.360482027624785,0.467651820109867,0.43521062030202,0.365761852271421,"violation"
923,380,0.38172020289762,0.409477773694428,0.463777993980774,0.473530676872215,0.421118082156481,"violation"
924,140,0.447371455975785,0.35238230096196,0.472239562173303,0.433012701892219,0.356550400960114,"violation"
925,290,0.395195157517541,0.406198373996429,0.465402284656634,0.469333020304007,0.407416333212664,"violation"
926,280,0.378022123339136,0.400943402708026,0.458257569495584,0.467024886807929,0.424920833411609,"violation"
927,70,0.367551323285659,0.435232846182584,0.419912527334259,0.451753951452626,0.435789069183807,"violation"
928,510,0.396349410329371,0.402491886149314,0.472093181817254,0.474104510108468,0.406253794589671,"violation"
929,320,0.393316107625426,0.403257358166686,0.465991885658967,0.469530600041147,0.40931260323815,"violation"
930,50,0.431245070178388,0.356162062150893,0.438634243989226,0.4,0.371911544447917,"violation at burn-in"
931,300,0.40045473866137,0.396911582790656,0.467748745470139,0.466476151587624,0.402133065269745,"violation"
932,80,0.398927285190815,0.398927285190815,0.439992897669951,0.439992897669951,0.403663689547714,"violation"
933,290,0.406198373996429,0.395195157517541,0.469333020304007,0.465402284656634,0.396404479119215,"violation"
934,260,0.397285170750243,0.401397422623374,0.464668871093506,0.466178597971958,0.405312593791638,"violation"
935,240,0.370324013921688,0.4284565577011,0.452596674755792,0.474268442504407,0.432896476352284,"violation"
936,140,0.439626669001735,0.35238230096196,0.469693777793531,0.433012701892219,0.363888478879302,"violation"
937,140,0.38456736217652,0.392527801383139,0.448296093843234,0.451753951452626,0.418202877941022,"violation"
938,100,0.382010154023344,0.404893174753794,0.438634243989226,0.448998886412873,0.420820703790043,"violation"
939,230,0.418251588737039,0.380848809525639,0.470369681262557,0.456335365683545,0.38451970105247,"violation"
940,290,0.417158235372233,0.384147477431823,0.473004915847786,0.46120609087909,0.385590209542498,"violation"
941,270,0.407095383874427,0.395243495119209,0.468719763542411,0.464442081629054,0.395513646576467,"violation"
942,220,0.352642187535932,0.445747694740548,0.44301278827875,0.478375349706286,0.451527454401941,"violation"
943,240,0.401792699374277,0.397321564237165,0.465176191231762,0.463512405443479,0.400794810215557,"violation"
944,50,0.431245070178388,0.356162062150893,0.438634243989226,0.4,0.371911544447917,"violation at burn-in"
945,280,0.378022123339136,0.412331407815894,0.458257569495584,0.470981931279573,0.424920833411609,"violation"
946,240,0.370324013921688,0.424031602189528,0.452596674755792,0.472857007984443,0.432896476352284,"violation"
947,150,0.390105398311262,0.412142424756785,0.45220447685631,0.461109772421082,0.412563479252825,"violation"
948,410,0.375778207232026,0.419377440881746,0.462392968788206,0.4773514077161,0.427237291514447,"violation"
949,310,0.377867470292422,0.408746238742334,0.459651951756306,0.471022975108566,0.425080266716874,"violation"
950,60,0.32144903814706,0.463572231748958,0.386939558874797,0.458257569495584,0.485501890859614,"violation"
951,100,0.416218093172812,0.382010154023344,0.453762052181537,0.438634243989226,0.386511907777964,"violation"
952,90,0.383254846453587,0.408911336999542,0.436173031697567,0.447903208238808,0.419545411114639,"violation"
953,390,0.418337069738761,0.383265955828505,0.476564519199546,0.464668871093506,0.384436069270541,"violation"
954,110,0.421714290775435,0.380661929200768,0.458257569495584,0.440604393311005,0.38113921693393,"violation"
955,160,0.380966711005599,0.415300236372365,0.449609205310567,0.463512405443479,0.421891404112972,"violation"
956,280,0.389507418349699,0.408540660510072,0.462786039512156,0.469693777793531,0.413170443022607,"violation"
957,120,0.416701005934578,0.379282649498643,0.458257569495584,0.442216638714053,0.386038330242631,"violation"
958,70,0.350092691049511,0.451671085320581,0.410325903324145,0.458257569495584,0.454250394980673,"violation"
959,140,0.447371455975785,0.344245621214972,0.472239562173303,0.428809457708675,0.356550400960114,"violation"
960,320,0.386669351385043,0.409865939667393,0.463512405443479,0.471771511830674,0.416057612191359,"violation"
961,310,0.377867470292422,0.415562901153914,0.459651951756306,0.473270991971652,0.425080266716874,"violation"
962,180,0.383920490985425,0.402137900498403,0.453246178986025,0.460642331993806,0.418864254889854,"violation"
963,290,0.398867779708485,0.395195157517541,0.466741684701305,0.465402284656634,0.403723379835221,"violation"
964,120,0.425937745203033,0.369803732524429,0.46180503341658,0.43771819955563,0.377036240737809,"violation"
965,110,0.380661929200767,0.411540813863219,0.440604393311005,0.454181672610793,0.42220442425249,"violation"
966,50,0.406735455758366,0.356162062150893,0.427083130081252,0.4,0.395870972315753,"violation at burn-in"
967,100,0.370446470324446,0.427468562709602,0.433012701892219,0.458257569495584,0.432768969300534,"violation"
968,220,0.411859824691774,0.377498807588872,0.467519390148996,0.454181672610793,0.390799221617257,"violation"
969,80,0.38426295670938,0.398927285190815,0.433012701892219,0.439992897669951,0.418514039796822,"violation"
970,110,0.411540813863219,0.391016409131392,0.454181672610793,0.445361771415123,0.391113982013666,"violation"
971,140,0.35238230096196,0.447371455975785,0.433012701892219,0.472239562173303,0.451804593254775,"violation"
972,90,0.370265395347116,0.421586720833001,0.429757324573638,0.453246178986025,0.432957519934817,"violation"
973,450,0.411799322403313,0.386180497366835,0.475908487935327,0.46732757432918,0.390858907872354,"violation"
974,140,0.360481828461764,0.439626669001735,0.43705881545081,0.469693777793531,0.443212689231693,"violation"
975,190,0.387904474660457,0.405080401789632,0.455924375320162,0.462709112717363,0.414799805334728,"violation"
976,340,0.405646730546675,0.393204559992766,0.471056752066903,0.466702709104116,0.39695283535745,"violation"
977,210,0.399618586105716,0.394468701290677,0.462297329498752,0.460306513279793,0.402970578664148,"violation"
978,220,0.436111698103862,0.362617615142814,0.475516248386255,0.447652277983114,0.367242698852843,"violation"
979,70,0.401797717860855,0.384781685244939,0.43705881545081,0.428809457708675,0.400789794982053,"violation"
980,250,0.386578021902411,0.403743770225398,0.459982608366882,0.466476151587624,0.416150699565846,"violation"
981,60,0.384303667061851,0.384303667061851,0.422952584681651,0.422952584681651,0.418472418682844,"violation"
982,310,0.408746238742334,0.388198232840865,0.471022975108566,0.463675314294786,0.393876848599082,"violation"
983,190,0.399369655331088,0.393644418156891,0.460518796931102,0.458257569495584,0.403220089717005,"violation"
984,70,0.350092691049511,0.435232846182584,0.410325903324145,0.451753951452626,0.454250394980673,"violation"
985,130,0.386564754544877,0.412282867327369,0.447478140684584,0.458257569495584,0.416164223214829,"violation"
986,120,0.360272085519273,0.43512958592257,0.433012701892219,0.465176191231762,0.443434008961226,"violation"
987,180,0.390009956143791,0.408176913810295,0.455792621243748,0.462948147911104,0.412660323582856,"violation"
988,120,0.407418316863992,0.388710430150179,0.454529671443155,0.446514277487294,0.395193189481577,"violation"
989,60,0.424513186453782,0.363718108303794,0.442216638714053,0.411973569810276,0.378417690991903,"violation"
990,70,0.332389376993842,0.401797717860855,0.4,0.43705881545081,0.473420177162057,"violation"
991,140,0.368545226430505,0.431852774480694,0.440952123830019,0.467024886807929,0.434750962972775,"violation"
992,140,0.42404927039062,0.368545226430505,0.464230765979198,0.440952123830019,0.378868110834642,"violation"
993,90,0.383254846453587,0.408911336999542,0.436173031697567,0.447903208238808,0.419545411114639,"violation"
994,90,0.408911336999542,0.370265395347116,0.447903208238808,0.429757324573638,0.393713347420436,"violation"
995,280,0.419897353670656,0.381856121988643,0.473466913698673,0.459799756770848,0.382911145784202,"violation"
996,140,0.344245621214972,0.431852774480694,0.428809457708675,0.467024886807929,0.460530788046635,"violation"
997,180,0.377813649401085,0.408176913810295,0.450616861153192,0.462948147911104,0.42513575879678,"violation"
998,70,0.277595811241162,0.467933769009114,0.363935405795914,0.464230765979198,0.535855815949154,"violation"
999,140,0.400455524604738,0.392527801383139,0.455073441034185,0.451753951452626,0.40213227847347,"violation"
1000,390,0.383265955828505,0.412966598056259,0.464668871093506,0.47490612934524,0.419534037982064,"violation"
