"trial","stopped_at_n","T1_","T2_","s1","s2","beta_allowed","reason"
1,160,0.738561194862963,0.229420645570211,0.482465996211132,0.357071421427142,0.236550565040423,"violation"
2,50,0.570041634225645,0.303535969713597,0.485386443980464,0.366606055596467,0.389033369176048,"violation at burn-in"
3,50,0.634348621733321,0.217457936814544,0.496386945839634,0.3,0.330846000637932,"violation at burn-in"
4,50,0.634348621733321,0.275854602721513,0.496386945839634,0.346987031457949,0.330846000637932,"violation at burn-in"
5,70,0.680179984149,0.277941769731781,0.499795876701026,0.363935405795914,0.289376069004658,"violation"
6,50,0.655135780166563,0.247231038614755,0.498397431775085,0.324961536185438,0.312037001872892,"violation at burn-in"
7,50,0.54793269890327,0.303535969713597,0.48,0.366606055596467,0.409038361128669,"violation at burn-in"
8,60,0.662218403900734,0.300073861690174,0.499722145018832,0.372677996249965,0.305628378900345,"violation"
9,90,0.61314655477888,0.276089762269053,0.498887651569859,0.372677996249965,0.350030424158013,"violation"
10,50,0.735135780166563,0.11672320304952,0.498397431775084,0.195959179422654,0.239650008430016,"violation at burn-in"
11,50,0.675606554747422,0.247231038614755,0.499599839871872,0.324961536185438,0.293514279055952,"violation at burn-in"
12,100,0.708105402044992,0.249607973199503,0.495075751779463,0.357071421427142,0.264108105978073,"violation"
13,80,0.667930192578729,0.293153649032986,0.499843725578305,0.379967103839267,0.300460138780581,"violation"
14,50,0.715606554747422,0.186218464881775,0.499599839871872,0.271293199325011,0.257320782334513,"violation at burn-in"
15,50,0.675606554747422,0.217457936814544,0.499599839871872,0.3,0.293514279055952,"violation at burn-in"
16,70,0.547282820429843,0.402213187764847,0.486763572497166,0.43705881545081,0.409626395488602,"violation"
17,120,0.577056861445048,0.370123891804387,0.49749371855331,0.43771819955563,0.382685729091907,"violation"
18,150,0.627992671863902,0.330358764578374,0.499822190606042,0.422952584681651,0.336597101906943,"violation"
19,70,0.592831232270471,0.332769618635748,0.494871659305393,0.4,0.36841248812309,"violation"
20,50,0.634348621733321,0.247231038614755,0.496386945839634,0.324961536185438,0.330846000637932,"violation at burn-in"
21,60,0.71191968105846,0.231582853192141,0.498887651569859,0.321022671404304,0.260656803603859,"violation"
22,70,0.762608909500749,0.178633662571857,0.489897948556636,0.279941684889506,0.214791293017902,"violation"
23,50,0.754348621733321,0.217457936814544,0.496386945839634,0.3,0.222265510473616,"violation at burn-in"
24,50,0.52546951642346,0.275854602721513,0.47370877129308,0.346987031457949,0.429363889164572,"violation at burn-in"
25,60,0.628087362822182,0.321845726639475,0.49749371855331,0.386939558874797,0.336511421984741,"violation"
26,70,0.665962023294685,0.277941769731781,0.5,0.363935405795914,0.302241011993813,"violation"
27,50,0.502637754462236,0.330419552419213,0.466476151587624,0.384187454245971,0.450022921706777,"violation at burn-in"
28,100,0.669227772407995,0.287172210795162,0.499099188538711,0.384187454245971,0.299286039998172,"violation"
29,100,0.568105402044992,0.382360585019762,0.495075751779463,0.438634243989226,0.390785344503107,"violation"
30,50,0.634348621733321,0.330419552419213,0.496386945839634,0.384187454245971,0.330846000637932,"violation at burn-in"
31,50,0.52546951642346,0.330419552419213,0.47370877129308,0.384187454245971,0.429363889164572,"violation at burn-in"
32,90,0.635659123942328,0.276089762269053,0.499876527964533,0.372677996249965,0.329660209202803,"violation"
33,90,0.624439200087936,0.31744519043619,0.499505928733089,0.4,0.339812416133771,"violation"
34,50,0.655135780166563,0.275854602721513,0.498397431775085,0.346987031457949,0.312037001872892,"violation at burn-in"
35,160,0.660653695377553,0.296244748637014,0.49749371855331,0.404612082740988,0.307044185720439,"violation"
36,50,0.634348621733321,0.186218464881775,0.496386945839634,0.271293199325011,0.330846000637932,"violation at burn-in"
37,50,0.613241213164896,0.152982381504905,0.493558507170123,0.237486841740758,0.349944773708415,"violation at burn-in"
38,60,0.71191968105846,0.255019417571102,0.498887651569859,0.339934634239519,0.260656803603859,"violation"
39,110,0.764497471568966,0.192131125156736,0.481045692920835,0.311753239990586,0.213082451392296,"violation"
40,50,0.54793269890327,0.407214344358805,0.48,0.427083130081252,0.409038361128669,"violation at burn-in"
41,100,0.708105402044992,0.249607973199503,0.495075751779463,0.357071421427142,0.264108105978073,"violation"
42,50,0.634348621733321,0.247231038614755,0.496386945839634,0.324961536185438,0.330846000637932,"violation at burn-in"
43,50,0.52546951642346,0.275854602721513,0.47370877129308,0.346987031457949,0.429363889164572,"violation at burn-in"
44,50,0.675606554747422,0.152982381504905,0.499599839871872,0.237486841740758,0.293514279055952,"violation at burn-in"
45,50,0.634348621733321,0.186218464881775,0.496386945839634,0.271293199325011,0.330846000637932,"violation at burn-in"
46,50,0.54793269890327,0.303535969713597,0.48,0.366606055596467,0.409038361128669,"violation at burn-in"
47,60,0.71191968105846,0.255019417571102,0.498887651569859,0.339934634239519,0.260656803603859,"violation"
48,80,0.604699440093972,0.339705499789112,0.49749371855331,0.409076704298839,0.357673689599359,"violation"
49,50,0.675606554747422,0.247231038614755,0.499599839871872,0.324961536185438,0.293514279055952,"violation at burn-in"
50,50,0.634348621733321,0.186218464881775,0.496386945839634,0.271293199325011,0.330846000637932,"violation at burn-in"
51,80,0.704699440093972,0.26103406316158,0.49749371855331,0.357071421427142,0.267189947795763,"violation"
52,50,0.5918080076238,0.186218464881775,0.489897948556636,0.271293199325011,0.369338340070454,"violation at burn-in"
53,90,0.61314655477888,0.303814977559827,0.498887651569859,0.391420332306856,0.350030424158013,"violation"
54,80,0.655478787293869,0.26103406316158,0.5,0.357071421427142,0.311726636189453,"violation"
55,50,0.715606554747422,0.247231038614755,0.499599839871872,0.324961536185438,0.257320782334513,"violation at burn-in"
56,50,0.613241213164896,0.217457936814544,0.493558507170123,0.3,0.349944773708415,"violation at burn-in"
57,80,0.704699440093972,0.244585838388721,0.49749371855331,0.344374432848898,0.267189947795763,"violation"
58,80,0.470644707316543,0.456632693388032,0.46837484987988,0.463512405443479,0.479847156727531,"violation"
59,50,0.613241213164896,0.330419552419213,0.493558507170123,0.384187454245971,0.349944773708415,"violation at burn-in"
60,120,0.660746196769045,0.282155336679482,0.498887651569859,0.386939558874797,0.306960487000197,"violation"
61,50,0.754348621733321,0.217457936814544,0.496386945839634,0.3,0.222265510473616,"violation at burn-in"
62,50,0.634348621733321,0.303535969713597,0.496386945839634,0.366606055596467,0.330846000637932,"violation at burn-in"
63,70,0.814695326061462,0.134187534340406,0.474664220738176,0.232115382989599,0.167661554342361,"violation"
64,50,0.69576322802424,0.152982381504905,0.5,0.237486841740758,0.275275766851961,"violation at burn-in"
65,50,0.382188387157828,0.502637754462236,0.41424630354416,0.466476151587624,0.577606509286933,"violation at burn-in"
66,50,0.675606554747422,0.275854602721513,0.499599839871872,0.346987031457949,0.293514279055952,"violation at burn-in"
67,90,0.590341905247627,0.330933703250142,0.496903994999953,0.408097059382377,0.370664924359088,"violation"
68,70,0.680179984149,0.277941769731781,0.499795876701026,0.363935405795914,0.289376069004658,"violation"
69,50,0.754348621733321,0.217457936814544,0.496386945839634,0.3,0.222265510473616,"violation at burn-in"
70,170,0.643062456868979,0.32026175802187,0.498752769676035,0.420454524200198,0.322961396552592,"violation"
71,160,0.617452459542241,0.303487780016938,0.499960935974002,0.409076704298839,0.346134280409625,"violation"
72,80,0.728719699775789,0.244585838388721,0.49434299833213,0.344374432848898,0.245455518044714,"violation"
73,70,0.435662285343179,0.419034079836397,0.451753951452626,0.444696640464954,0.518508712136344,"violation"
74,50,0.455794942766946,0.303535969713597,0.448998886412873,0.366606055596467,0.496258684648017,"violation at burn-in"
75,80,0.655478787293869,0.308870589430453,0.5,0.3903123748999,0.311726636189453,"violation"
76,160,0.672838890485382,0.266932668685854,0.496078370824611,0.385225177655874,0.296018565240806,"violation"
77,60,0.71191968105846,0.207390720433648,0.498887651569859,0.3,0.260656803603859,"violation"
78,120,0.725116948115404,0.230724545828314,0.489897948556636,0.348707932548461,0.248715422554922,"violation"
79,50,0.715606554747422,0.247231038614755,0.499599839871872,0.324961536185438,0.257320782334513,"violation at burn-in"
80,90,0.764575085746329,0.20338476730575,0.484831649539365,0.314269680527354,0.213012223180449,"violation"
81,100,0.69847117027781,0.262267736842892,0.496386945839634,0.366606055596467,0.272825519375051,"violation"
82,100,0.649451162479304,0.287172210795162,0.499899989998,0.384187454245971,0.317180656663553,"violation"
83,110,0.660257059927892,0.29559529685837,0.499255644281672,0.393017569476678,0.307403076316611,"violation"
84,60,0.790710656572196,0.182270757123434,0.486198404860494,0.276385399196283,0.189363780755475,"violation"
85,50,0.570041634225645,0.275854602721513,0.485386443980464,0.346987031457949,0.389033369176048,"violation at burn-in"
86,140,0.729707526536863,0.243439545006792,0.486763572497166,0.363935405795914,0.244561695428757,"violation"
87,90,0.690669806060088,0.20338476730575,0.498020774022555,0.314269680527354,0.279884485630972,"violation"
88,90,0.61314655477888,0.303814977559827,0.498887651569859,0.391420332306856,0.350030424158013,"violation"
89,100,0.629451162479304,0.311583248865328,0.499899989998,0.4,0.335277405024273,"violation"
90,110,0.642251496737483,0.29559529685837,0.499917348540637,0.393017569476678,0.323695183624105,"violation"
91,200,0.589985098946911,0.364307411700397,0.499899989998,0.446514277487294,0.370987776050966,"violation"
92,50,0.634348621733321,0.330419552419213,0.496386945839634,0.384187454245971,0.330846000637932,"violation at burn-in"
93,70,0.694262271908333,0.259006363929107,0.499183005990176,0.349927106111883,0.276633888108464,"violation"
94,100,0.63947906108166,0.323621940959811,0.5,0.407308237088326,0.326203787144591,"violation"
95,50,0.54793269890327,0.382188387157828,0.48,0.41424630354416,0.409038361128669,"violation at burn-in"
96,50,0.613241213164896,0.247231038614755,0.493558507170123,0.324961536185438,0.349944773708415,"violation at burn-in"
97,50,0.455794942766946,0.455794942766946,0.448998886412873,0.448998886412873,0.496258684648017,"violation at burn-in"
98,70,0.801901013901565,0.156912083538391,0.479157423749955,0.257539376818856,0.179238326722669,"violation"
99,50,0.54793269890327,0.356610582419392,0.48,0.4,0.409038361128669,"violation at burn-in"
100,70,0.708208385830189,0.259006363929107,0.498159879261791,0.349927106111883,0.264014922395777,"violation"
101,100,0.736661011781022,0.223814574541764,0.489897948556636,0.336303434416005,0.238269921794082,"violation"
102,70,0.547282820429843,0.3851893132756,0.486763572497166,0.428809457708675,0.409626395488602,"violation"
103,70,0.637119414765476,0.277941769731781,0.499183005990176,0.363935405795914,0.328338883424804,"violation"
104,50,0.675606554747422,0.275854602721513,0.499599839871872,0.346987031457949,0.293514279055952,"violation at burn-in"
105,70,0.622494100115903,0.332769618635748,0.498159879261791,0.4,0.341572415370288,"violation"
106,70,0.665962023294685,0.296525110967136,0.5,0.376883027379226,0.302241011993813,"violation"
107,50,0.82793269890327,0.152982381504905,0.48,0.237486841740758,0.155683884078601,"violation at burn-in"
108,80,0.680284317189877,0.26103406316158,0.499374608885954,0.357071421427142,0.289281664565335,"violation"
109,60,0.71191968105846,0.231582853192141,0.498887651569859,0.321022671404304,0.260656803603859,"violation"
110,70,0.708208385830189,0.239674700455725,0.498159879261791,0.334724986110285,0.264014922395777,"violation"
111,50,0.69576322802424,0.186218464881775,0.5,0.271293199325011,0.275275766851961,"violation at burn-in"
112,50,0.5918080076238,0.330419552419213,0.489897948556636,0.384187454245971,0.369338340070454,"violation at burn-in"
113,50,0.810041634225645,0.0748137038467872,0.485386443980464,0.14,0.171872388847417,"violation at burn-in"
114,120,0.787060506124355,0.187709996941677,0.471404520791032,0.310800936649525,0.192666573462142,"violation"
115,100,0.688779913515678,0.249607973199503,0.49749371855331,0.357071421427142,0.281594531121221,"violation"
116,90,0.75424685604834,0.20338476730575,0.487498021521785,0.314269680527354,0.222357591873259,"violation"
117,50,0.715606554747422,0.186218464881775,0.499599839871872,0.271293199325011,0.257320782334513,"violation at burn-in"
118,50,0.54793269890327,0.330419552419213,0.48,0.384187454245971,0.409038361128669,"violation at burn-in"
119,50,0.634348621733321,0.330419552419213,0.496386945839634,0.384187454245971,0.330846000637932,"violation at burn-in"
120,50,0.773241213164896,0.152982381504905,0.493558507170123,0.237486841740758,0.205170786822661,"violation at burn-in"
121,80,0.667930192578729,0.277215005619585,0.499843725578305,0.368908864084343,0.300460138780581,"violation"
122,50,0.613241213164896,0.247231038614755,0.493558507170123,0.324961536185438,0.349944773708415,"violation at burn-in"
123,50,0.82793269890327,0.152982381504905,0.48,0.237486841740758,0.155683884078601,"violation at burn-in"
124,50,0.52546951642346,0.382188387157828,0.47370877129308,0.41424630354416,0.429363889164572,"violation at burn-in"
125,110,0.686933194181062,0.262176912258402,0.497015888466787,0.369945271806833,0.283265511875792,"violation"
126,50,0.655135780166563,0.217457936814544,0.498397431775085,0.3,0.312037001872892,"violation at burn-in"
127,50,0.735135780166563,0.152982381504905,0.498397431775084,0.237486841740758,0.239650008430016,"violation at burn-in"
128,50,0.773241213164896,0.11672320304952,0.493558507170123,0.195959179422654,0.205170786822661,"violation at burn-in"
129,50,0.810041634225645,0.152982381504905,0.485386443980464,0.237486841740758,0.171872388847417,"violation at burn-in"
130,50,0.675606554747422,0.217457936814544,0.499599839871872,0.3,0.293514279055952,"violation at burn-in"
131,110,0.568463166561641,0.370575577246544,0.495933879890395,0.435605401844034,0.390461625781599,"violation"
132,90,0.578829022922192,0.31744519043619,0.495535624910617,0.4,0.381082211076585,"violation"
133,110,0.660257059927892,0.306546082495674,0.499255644281672,0.4,0.307403076316611,"violation"
134,50,0.715606554747422,0.217457936814544,0.499599839871872,0.3,0.257320782334513,"violation at burn-in"
135,70,0.735688375127614,0.219889993015236,0.494871659305394,0.318157963590287,0.239149999832239,"violation"
136,80,0.740579506029088,0.227839551331372,0.49228421668788,0.330718913883074,0.234724321576073,"violation"
137,70,0.592831232270471,0.367950493857785,0.494871659305393,0.419912527334259,0.36841248812309,"violation"
138,50,0.455794942766946,0.303535969713597,0.448998886412873,0.366606055596467,0.496258684648017,"violation at burn-in"
139,80,0.498317310188389,0.384648579546088,0.476969600708473,0.433012701892219,0.453932221348293,"violation"
140,140,0.688772980451895,0.277924893174479,0.494871659305394,0.388875931109034,0.281600804416754,"violation"
141,50,0.715606554747422,0.247231038614755,0.499599839871872,0.324961536185438,0.257320782334513,"violation at burn-in"
142,50,0.655135780166563,0.0748137038467872,0.498397431775085,0.14,0.312037001872892,"violation at burn-in"
143,90,0.690669806060088,0.2183928882821,0.498020774022555,0.327542288288526,0.279884485630972,"violation"
144,70,0.680179984149,0.259006363929107,0.499795876701026,0.349927106111883,0.289376069004658,"violation"
145,50,0.655135780166563,0.247231038614755,0.498397431775085,0.324961536185438,0.312037001872892,"violation at burn-in"
146,70,0.665962023294685,0.259006363929107,0.5,0.349927106111883,0.302241011993813,"violation"
147,50,0.773241213164896,0.186218464881775,0.493558507170123,0.271293199325011,0.205170786822661,"violation at burn-in"
148,60,0.593147797236113,0.343187627244864,0.493006648591635,0.4,0.368126048296938,"violation"
149,50,0.479419962141996,0.330419552419213,0.458257569495584,0.384187454245971,0.471031248962318,"violation at burn-in"
150,70,0.577790927299637,0.367950493857785,0.492598275701905,0.419912527334259,0.382021518839373,"violation"
151,50,0.52546951642346,0.407214344358805,0.47370877129308,0.427083130081252,0.429363889164572,"violation at burn-in"
152,90,0.657881346164551,0.261970727145936,0.499876527964533,0.362433476228891,0.309552711024226,"violation"
153,50,0.675606554747422,0.275854602721513,0.499599839871872,0.346987031457949,0.293514279055952,"violation at burn-in"
154,80,0.728719699775789,0.244585838388721,0.49434299833213,0.344374432848898,0.245455518044714,"violation"
155,90,0.567241656230187,0.37062677150919,0.493913572686508,0.429757324573638,0.391566894036016,"violation"
156,50,0.655135780166563,0.247231038614755,0.498397431775085,0.324961536185438,0.312037001872892,"violation at burn-in"
157,60,0.645253014391793,0.277820523977759,0.498887651569859,0.357071421427142,0.320979298139589,"violation"
158,60,0.662218403900734,0.300073861690174,0.499722145018832,0.372677996249965,0.305628378900345,"violation"
159,90,0.75424685604834,0.139906610722773,0.487498021521785,0.249443825784929,0.222357591873259,"violation"
160,50,0.735135780166563,0.217457936814544,0.498397431775084,0.3,0.239650008430016,"violation at burn-in"
161,50,0.7918080076238,0.186218464881775,0.489897948556636,0.271293199325011,0.188370856463263,"violation at burn-in"
162,90,0.75424685604834,0.156413666941003,0.487498021521785,0.267821573182088,0.222357591873259,"violation"
163,50,0.655135780166563,0.247231038614755,0.498397431775085,0.324961536185438,0.312037001872892,"violation at burn-in"
164,90,0.722797211785742,0.247661097989027,0.493913572686508,0.351539822656808,0.250814406785978,"violation"
165,50,0.735135780166563,0.186218464881775,0.498397431775084,0.271293199325011,0.239650008430016,"violation at burn-in"
166,50,0.735135780166563,0.217457936814544,0.498397431775084,0.3,0.239650008430016,"violation at burn-in"
167,50,0.69576322802424,0.247231038614755,0.5,0.324961536185438,0.275275766851961,"violation at burn-in"
168,50,0.356610582419392,0.382188387157828,0.4,0.41424630354416,0.605874355232069,"violation at burn-in"
169,70,0.722017484464899,0.239674700455725,0.496723961448963,0.334724986110285,0.251519933241741,"violation"
170,90,0.646806488045237,0.31744519043619,0.5,0.4,0.31957365705002,"violation"
171,50,0.754348621733321,0.217457936814544,0.496386945839634,0.3,0.222265510473616,"violation at burn-in"
172,100,0.629451162479304,0.323621940959811,0.499899989998,0.407308237088326,0.335277405024273,"violation"
173,50,0.715606554747422,0.247231038614755,0.499599839871872,0.324961536185438,0.257320782334513,"violation at burn-in"
174,50,0.5918080076238,0.217457936814544,0.489897948556636,0.3,0.369338340070454,"violation at burn-in"
175,170,0.602148005483981,0.333613021414057,0.499965396726489,0.427797125542981,0.359982323104151,"violation"
176,80,0.630284317189877,0.324383029835095,0.499374608885954,0.4,0.334523535467133,"violation"
177,60,0.695551737234068,0.231582853192141,0.499722145018832,0.321022671404304,0.275467131632479,"violation"
178,90,0.679813221445547,0.233142552968625,0.498887651569859,0.339934634239519,0.289707929622282,"violation"
179,140,0.611405489975816,0.344536823744635,0.499948976988489,0.428809457708675,0.351605804739051,"violation"
180,50,0.69576322802424,0.217457936814544,0.5,0.3,0.275275766851961,"violation at burn-in"
181,70,0.708208385830189,0.259006363929107,0.498159879261791,0.349927106111883,0.264014922395777,"violation"
182,110,0.70449347024614,0.262176912258402,0.494682467651374,0.369945271806833,0.267376317021069,"violation"
183,60,0.557377323238863,0.384737275927453,0.486198404860494,0.422952584681651,0.400492511630532,"violation"
184,80,0.728719699775789,0.244585838388721,0.49434299833213,0.344374432848898,0.245455518044714,"violation"
185,140,0.62569120426153,0.319883141326108,0.499948976988489,0.415208332266675,0.338679555909966,"violation"
186,70,0.577790927299637,0.367950493857785,0.492598275701905,0.419912527334259,0.382021518839373,"violation"
187,50,0.655135780166563,0.247231038614755,0.498397431775085,0.324961536185438,0.312037001872892,"violation at burn-in"
188,50,0.613241213164896,0.275854602721513,0.493558507170123,0.346987031457949,0.349944773708415,"violation at burn-in"
189,80,0.565579506029088,0.384648579546088,0.49228421668788,0.433012701892219,0.393070869732366,"violation"
190,70,0.708208385830189,0.259006363929107,0.498159879261791,0.349927106111883,0.264014922395777,"violation"
191,50,0.810041634225645,0.152982381504905,0.485386443980464,0.237486841740758,0.171872388847417,"violation at burn-in"
192,160,0.654534600067095,0.244553556750774,0.498082259772419,0.368908864084343,0.31258097212187,"violation"
193,90,0.646806488045237,0.303814977559827,0.5,0.391420332306856,0.31957365705002,"violation"
194,100,0.483054544142624,0.461169656780476,0.476969600708473,0.47021271782035,0.46774254316923,"violation"
195,70,0.708208385830189,0.219889993015236,0.498159879261791,0.318157963590287,0.264014922395777,"violation"
196,50,0.613241213164896,0.217457936814544,0.493558507170123,0.3,0.349944773708415,"violation at burn-in"
197,60,0.628087362822182,0.321845726639475,0.49749371855331,0.386939558874797,0.336511421984741,"violation"
198,60,0.464042035107678,0.424966544730828,0.458257569495584,0.442216638714053,0.487144238034356,"violation"
199,50,0.407214344358805,0.382188387157828,0.427083130081252,0.41424630354416,0.549948549191407,"violation at burn-in"
200,90,0.722797211785742,0.20338476730575,0.493913572686508,0.314269680527354,0.250814406785978,"violation"
201,90,0.668883644532381,0.2183928882821,0.499505928733089,0.327542288288526,0.299597419776617,"violation"
202,50,0.570041634225645,0.330419552419213,0.485386443980464,0.384187454245971,0.389033369176048,"violation at burn-in"
203,130,0.727671158522967,0.242504046594305,0.488264648386411,0.36080121229411,0.246404277404622,"violation"
204,50,0.655135780166563,0.303535969713597,0.498397431775085,0.366606055596467,0.312037001872892,"violation at burn-in"
205,50,0.715606554747422,0.11672320304952,0.499599839871872,0.195959179422654,0.257320782334513,"violation at burn-in"
206,120,0.771815126926517,0.198653898987802,0.476969600708473,0.321022671404304,0.206461163012493,"violation"
207,90,0.690669806060088,0.233142552968625,0.498020774022555,0.339934634239519,0.279884485630972,"violation"
208,50,0.655135780166563,0.275854602721513,0.498397431775085,0.346987031457949,0.312037001872892,"violation at burn-in"
209,90,0.657881346164551,0.290033525464652,0.499876527964533,0.382325567424117,0.309552711024226,"violation"
210,60,0.67898453405608,0.277820523977759,0.5,0.357071421427142,0.290457756980127,"violation"
211,90,0.73335684631189,0.2183928882821,0.492035329455212,0.327542288288526,0.241259654345934,"violation"
212,50,0.479419962141996,0.356610582419392,0.458257569495584,0.4,0.471031248962318,"violation at burn-in"
213,50,0.634348621733321,0.275854602721513,0.496386945839634,0.346987031457949,0.330846000637932,"violation at burn-in"
214,50,0.69576322802424,0.217457936814544,0.5,0.3,0.275275766851961,"violation at burn-in"
215,50,0.810041634225645,0.152982381504905,0.485386443980464,0.237486841740758,0.171872388847417,"violation at burn-in"
216,90,0.712162356255526,0.172446238383543,0.495535624910617,0.28458329944146,0.260437222005124,"violation"
217,50,0.715606554747422,0.186218464881775,0.499599839871872,0.271293199325011,0.257320782334513,"violation at burn-in"
218,100,0.688779913515678,0.262267736842892,0.49749371855331,0.366606055596467,0.281594531121221,"violation"
219,50,0.613241213164896,0.330419552419213,0.493558507170123,0.384187454245971,0.349944773708415,"violation at burn-in"
220,50,0.715606554747422,0.217457936814544,0.499599839871872,0.3,0.257320782334513,"violation at burn-in"
221,50,0.613241213164896,0.275854602721513,0.493558507170123,0.346987031457949,0.349944773708415,"violation at burn-in"
222,90,0.81499121768571,0.156413666941003,0.46732757432918,0.267821573182088,0.167393820529058,"violation"
223,50,0.5918080076238,0.247231038614755,0.489897948556636,0.324961536185438,0.369338340070454,"violation at burn-in"
224,60,0.71191968105846,0.255019417571102,0.498887651569859,0.339934634239519,0.260656803603859,"violation"
225,50,0.634348621733321,0.330419552419213,0.496386945839634,0.384187454245971,0.330846000637932,"violation at burn-in"
226,50,0.675606554747422,0.247231038614755,0.499599839871872,0.324961536185438,0.293514279055952,"violation at burn-in"
227,90,0.722797211785742,0.2183928882821,0.493913572686508,0.327542288288526,0.250814406785978,"violation"
228,70,0.735688375127614,0.219889993015236,0.494871659305394,0.318157963590287,0.239149999832239,"violation"
229,50,0.5918080076238,0.356610582419392,0.489897948556636,0.4,0.369338340070454,"violation at burn-in"
230,70,0.577790927299637,0.350482748537503,0.492598275701905,0.410325903324145,0.382021518839373,"violation"
231,110,0.772877094138803,0.167483703739665,0.478375349706286,0.287479787288035,0.20550025534209,"violation"
232,140,0.597022942227246,0.360778633092313,0.499540605283025,0.43705881545081,0.364619672108646,"violation"
233,60,0.557377323238863,0.384737275927453,0.486198404860494,0.422952584681651,0.400492511630532,"violation"
234,60,0.610719759198964,0.321845726639475,0.495535624910617,0.386939558874797,0.352226279604646,"violation"
235,50,0.754348621733321,0.152982381504905,0.496386945839634,0.237486841740758,0.222265510473616,"violation at burn-in"
236,50,0.613241213164896,0.186218464881775,0.493558507170123,0.271293199325011,0.349944773708415,"violation at burn-in"
237,250,0.645453536333634,0.31689198104199,0.496854103334168,0.427083130081252,0.320797858383474,"violation"
238,50,0.502637754462236,0.356610582419392,0.466476151587624,0.4,0.450022921706777,"violation at burn-in"
239,70,0.622494100115903,0.277941769731781,0.498159879261791,0.363935405795914,0.341572415370288,"violation"
240,50,0.634348621733321,0.330419552419213,0.496386945839634,0.384187454245971,0.330846000637932,"violation at burn-in"
241,110,0.559038924791595,0.380998043730541,0.494682467651374,0.440604393311005,0.398989032371754,"violation"
242,50,0.613241213164896,0.152982381504905,0.493558507170123,0.237486841740758,0.349944773708415,"violation at burn-in"
243,50,0.431736911050606,0.275854602721513,0.438634243989226,0.346987031457949,0.522846921647058,"violation at burn-in"
244,50,0.754348621733321,0.11672320304952,0.496386945839634,0.195959179422654,0.222265510473616,"violation at burn-in"
245,50,0.613241213164896,0.330419552419213,0.493558507170123,0.384187454245971,0.349944773708415,"violation at burn-in"
246,60,0.539169959480789,0.384737275927453,0.481894409826699,0.422952584681651,0.416967215642629,"violation"
247,90,0.668883644532381,0.233142552968625,0.499505928733089,0.339934634239519,0.299597419776617,"violation"
248,70,0.680179984149,0.277941769731781,0.499795876701026,0.363935405795914,0.289376069004658,"violation"
249,50,0.455794942766946,0.407214344358805,0.448998886412873,0.427083130081252,0.496258684648017,"violation at burn-in"
250,60,0.728087362822182,0.231582853192141,0.49749371855331,0.321022671404304,0.246027680181146,"violation"
251,50,0.754348621733321,0.217457936814544,0.496386945839634,0.3,0.222265510473616,"violation at burn-in"
252,50,0.735135780166563,0.152982381504905,0.498397431775084,0.237486841740758,0.239650008430016,"violation at burn-in"
253,50,0.754348621733321,0.217457936814544,0.496386945839634,0.3,0.222265510473616,"violation at burn-in"
254,50,0.54793269890327,0.330419552419213,0.48,0.384187454245971,0.409038361128669,"violation at burn-in"
255,60,0.775368312114878,0.182270757123434,0.489897948556636,0.276385399196283,0.203246108100853,"violation"
256,50,0.634348621733321,0.330419552419213,0.496386945839634,0.384187454245971,0.330846000637932,"violation at burn-in"
257,50,0.69576322802424,0.11672320304952,0.5,0.195959179422654,0.275275766851961,"violation at burn-in"
258,60,0.662218403900734,0.277820523977759,0.499722145018832,0.357071421427142,0.305628378900345,"violation"
259,90,0.657881346164551,0.233142552968625,0.499876527964533,0.339934634239519,0.309552711024226,"violation"
260,90,0.601780917171199,0.290033525464652,0.498020774022555,0.382325567424117,0.36031447834528,"violation"
261,90,0.646806488045237,0.303814977559827,0.5,0.391420332306856,0.31957365705002,"violation"
262,50,0.5918080076238,0.330419552419213,0.489897948556636,0.384187454245971,0.369338340070454,"violation at burn-in"
263,80,0.680284317189877,0.26103406316158,0.499374608885954,0.357071421427142,0.289281664565335,"violation"
264,50,0.52546951642346,0.382188387157828,0.47370877129308,0.41424630354416,0.429363889164572,"violation at burn-in"
265,120,0.602537229364232,0.350999089083551,0.499374608885954,0.428093317968044,0.359630138773307,"violation"
266,50,0.735135780166563,0.152982381504905,0.498397431775084,0.237486841740758,0.239650008430016,"violation at burn-in"
267,50,0.675606554747422,0.275854602721513,0.499599839871872,0.346987031457949,0.293514279055952,"violation at burn-in"
268,100,0.619367433163752,0.335557370949775,0.499599839871872,0.41424630354416,0.34440154062233,"violation"
269,90,0.668883644532381,0.290033525464652,0.499505928733089,0.382325567424117,0.299597419776617,"violation"
270,130,0.713058310156367,0.223330976809858,0.49140542319029,0.345383758779133,0.259626529390807,"violation"
271,70,0.592831232270471,0.367950493857785,0.494871659305393,0.419912527334259,0.36841248812309,"violation"
272,50,0.754348621733321,0.217457936814544,0.496386945839634,0.3,0.222265510473616,"violation at burn-in"
273,50,0.502637754462236,0.247231038614755,0.466476151587624,0.324961536185438,0.450022921706777,"violation at burn-in"
274,50,0.634348621733321,0.186218464881775,0.496386945839634,0.271293199325011,0.330846000637932,"violation at burn-in"
275,50,0.735135780166563,0.186218464881775,0.498397431775084,0.271293199325011,0.239650008430016,"violation at burn-in"
276,50,0.5918080076238,0.330419552419213,0.489897948556636,0.384187454245971,0.369338340070454,"violation at burn-in"
277,80,0.716759326997057,0.210756566121748,0.496078370824611,0.315980616494114,0.25627771086857,"violation"
278,90,0.690669806060088,0.261970727145936,0.498020774022555,0.362433476228891,0.279884485630972,"violation"
279,60,0.662218403900734,0.255019417571102,0.499722145018832,0.339934634239519,0.305628378900345,"violation"
280,80,0.578719699775789,0.354850387660625,0.49434299833213,0.417582327212252,0.381181130750108,"violation"
281,50,0.5918080076238,0.186218464881775,0.489897948556636,0.271293199325011,0.369338340070454,"violation at burn-in"
282,70,0.592831232270471,0.332769618635748,0.494871659305393,0.4,0.36841248812309,"violation"
283,60,0.805836626147456,0.128017549640717,0.481894409826699,0.217944947177034,0.175677237499706,"violation"
284,50,0.54793269890327,0.330419552419213,0.48,0.384187454245971,0.409038361128669,"violation at burn-in"
285,70,0.708208385830189,0.259006363929107,0.498159879261791,0.349927106111883,0.264014922395777,"violation"
286,140,0.62569120426153,0.328141461397092,0.499948976988489,0.419912527334259,0.338679555909966,"violation"
287,50,0.862637754462236,0.0748137038467872,0.466476151587624,0.14,0.124281451213832,"violation at burn-in"
288,50,0.613241213164896,0.303535969713597,0.493558507170123,0.366606055596467,0.349944773708415,"violation at burn-in"
289,50,0.613241213164896,0.217457936814544,0.493558507170123,0.3,0.349944773708415,"violation at burn-in"
290,50,0.613241213164896,0.217457936814544,0.493558507170123,0.3,0.349944773708415,"violation at burn-in"
291,80,0.617540886538257,0.339705499789112,0.498591766879478,0.409076704298839,0.346054268354865,"violation"
292,50,0.810041634225645,0.152982381504905,0.485386443980464,0.237486841740758,0.171872388847417,"violation at burn-in"
293,100,0.599032011658999,0.335557370949775,0.498397431775085,0.41424630354416,0.362801790911364,"violation"
294,60,0.790710656572196,0.15595984052923,0.486198404860494,0.249443825784929,0.189363780755475,"violation"
295,100,0.588779913515678,0.370792410192719,0.49749371855331,0.433012701892219,0.372078272924817,"violation"
296,80,0.728719699775789,0.227839551331372,0.49434299833213,0.330718913883074,0.245455518044714,"violation"
297,50,0.5918080076238,0.275854602721513,0.489897948556636,0.346987031457949,0.369338340070454,"violation at burn-in"
298,50,0.655135780166563,0.275854602721513,0.498397431775085,0.346987031457949,0.312037001872892,"violation at burn-in"
299,50,0.479419962141996,0.455794942766946,0.458257569495584,0.448998886412873,0.471031248962318,"violation at burn-in"
300,50,0.431736911050606,0.407214344358805,0.438634243989226,0.427083130081252,0.522846921647058,"violation at burn-in"
301,60,0.575368312114878,0.343187627244864,0.489897948556636,0.4,0.384213591708045,"violation"
302,80,0.642930192578729,0.308870589430453,0.499843725578305,0.3903123748999,0.32308107423148,"violation"
303,60,0.645253014391793,0.300073861690174,0.498887651569859,0.372677996249965,0.320979298139589,"violation"
304,80,0.655478787293869,0.293153649032986,0.5,0.379967103839267,0.311726636189453,"violation"
305,90,0.635659123942328,0.31744519043619,0.499876527964533,0.4,0.329660209202803,"violation"
306,60,0.539169959480789,0.405005153377086,0.481894409826699,0.433012701892219,0.416967215642629,"violation"
307,100,0.588779913515678,0.359138307975099,0.49749371855331,0.427083130081252,0.372078272924817,"violation"
308,50,0.675606554747422,0.275854602721513,0.499599839871872,0.346987031457949,0.293514279055952,"violation at burn-in"
309,60,0.662218403900734,0.277820523977759,0.499722145018832,0.357071421427142,0.305628378900345,"violation"
310,70,0.577790927299637,0.314791558389205,0.492598275701905,0.388875931109034,0.382021518839373,"violation"
311,50,0.715606554747422,0.247231038614755,0.499599839871872,0.324961536185438,0.257320782334513,"violation at burn-in"
312,110,0.587176574537925,0.370575577246544,0.497929597731969,0.435605401844034,0.373529034025684,"violation"
313,50,0.715606554747422,0.217457936814544,0.499599839871872,0.3,0.257320782334513,"violation at burn-in"
314,50,0.773241213164896,0.11672320304952,0.493558507170123,0.195959179422654,0.205170786822661,"violation at burn-in"
315,50,0.7918080076238,0.0748137038467872,0.489897948556636,0.14,0.188370856463263,"violation at burn-in"
316,80,0.630284317189877,0.324383029835095,0.499374608885954,0.4,0.334523535467133,"violation"
317,60,0.695551737234068,0.255019417571102,0.499722145018832,0.339934634239519,0.275467131632479,"violation"
318,90,0.712162356255526,0.233142552968625,0.495535624910617,0.339934634239519,0.260437222005124,"violation"
319,100,0.588779913515678,0.359138307975099,0.49749371855331,0.427083130081252,0.372078272924817,"violation"
320,60,0.628087362822182,0.321845726639475,0.49749371855331,0.386939558874797,0.336511421984741,"violation"
321,50,0.754348621733321,0.11672320304952,0.496386945839634,0.195959179422654,0.222265510473616,"violation at burn-in"
322,50,0.655135780166563,0.275854602721513,0.498397431775085,0.346987031457949,0.312037001872892,"violation at burn-in"
323,70,0.637119414765476,0.296525110967136,0.499183005990176,0.376883027379226,0.328338883424804,"violation"
324,50,0.54793269890327,0.303535969713597,0.48,0.366606055596467,0.409038361128669,"violation at burn-in"
325,90,0.624439200087936,0.276089762269053,0.499505928733089,0.372677996249965,0.339812416133771,"violation"
326,50,0.675606554747422,0.247231038614755,0.499599839871872,0.324961536185438,0.293514279055952,"violation at burn-in"
327,50,0.502637754462236,0.303535969713597,0.466476151587624,0.366606055596467,0.450022921706777,"violation at burn-in"
328,50,0.773241213164896,0.186218464881775,0.493558507170123,0.271293199325011,0.205170786822661,"violation at burn-in"
329,50,0.613241213164896,0.217457936814544,0.493558507170123,0.3,0.349944773708415,"violation at burn-in"
330,100,0.659367433163752,0.287172210795162,0.499599839871872,0.384187454245971,0.308208043900891,"violation"
331,60,0.71191968105846,0.255019417571102,0.498887651569859,0.339934634239519,0.260656803603859,"violation"
332,140,0.611405489975816,0.344536823744635,0.499948976988489,0.428809457708675,0.351605804739051,"violation"
333,140,0.575266971813628,0.368844674988859,0.498159879261791,0.440952123830019,0.384305288204571,"violation"
334,70,0.708208385830189,0.259006363929107,0.498159879261791,0.349927106111883,0.264014922395777,"violation"
335,90,0.61314655477888,0.247661097989027,0.498887651569859,0.351539822656808,0.350030424158013,"violation"
336,60,0.744053092532297,0.182270757123434,0.495535624910617,0.276385399196283,0.231581290533185,"violation"
337,120,0.594079530102378,0.36058880306721,0.498887651569859,0.433012701892219,0.367282981535927,"violation"
338,50,0.675606554747422,0.186218464881775,0.499599839871872,0.271293199325011,0.293514279055952,"violation at burn-in"
339,50,0.810041634225645,0.152982381504905,0.485386443980464,0.237486841740758,0.171872388847417,"violation at burn-in"
340,70,0.665962023294685,0.296525110967136,0.5,0.376883027379226,0.302241011993813,"violation"
341,50,0.715606554747422,0.247231038614755,0.499599839871872,0.324961536185438,0.257320782334513,"violation at burn-in"
342,140,0.681862138080703,0.286411256224176,0.495850125480246,0.394541842275471,0.287853993184357,"violation"
343,50,0.82793269890327,0.152982381504905,0.48,0.237486841740758,0.155683884078601,"violation at burn-in"
344,90,0.590341905247627,0.276089762269053,0.496903994999953,0.372677996249965,0.370664924359088,"violation"
345,50,0.754348621733321,0.217457936814544,0.496386945839634,0.3,0.222265510473616,"violation at burn-in"
346,140,0.618560445740648,0.319883141326108,0.5,0.415208332266675,0.345131733038639,"violation"
347,50,0.69576322802424,0.11672320304952,0.5,0.195959179422654,0.275275766851961,"violation at burn-in"
348,50,0.69576322802424,0.247231038614755,0.5,0.324961536185438,0.275275766851961,"violation at burn-in"
349,50,0.570041634225645,0.330419552419213,0.485386443980464,0.384187454245971,0.389033369176048,"violation at burn-in"
350,80,0.692540886538257,0.26103406316158,0.498591766879478,0.357071421427142,0.278191462002168,"violation"
351,50,0.613241213164896,0.247231038614755,0.493558507170123,0.324961536185438,0.349944773708415,"violation at burn-in"
352,60,0.75981446390278,0.207390720433648,0.493006648591635,0.3,0.217319811957611,"violation"
353,50,0.502637754462236,0.303535969713597,0.466476151587624,0.366606055596467,0.450022921706777,"violation at burn-in"
354,100,0.526061806212393,0.416580609985536,0.487749935930288,0.453762052181537,0.428827963201225,"violation"
355,80,0.591759326997057,0.339705499789112,0.496078370824611,0.409076704298839,0.369382388123065,"violation"
356,50,0.754348621733321,0.152982381504905,0.496386945839634,0.237486841740758,0.222265510473616,"violation at burn-in"
357,50,0.570041634225645,0.217457936814544,0.485386443980464,0.3,0.389033369176048,"violation at burn-in"
358,60,0.593147797236113,0.364140461538491,0.493006648591635,0.411973569810276,0.368126048296938,"violation"
359,50,0.82793269890327,0.152982381504905,0.48,0.237486841740758,0.155683884078601,"violation at burn-in"
360,50,0.570041634225645,0.382188387157828,0.485386443980464,0.41424630354416,0.389033369176048,"violation at burn-in"
361,90,0.690669806060088,0.276089762269053,0.498020774022555,0.372677996249965,0.279884485630972,"violation"
362,70,0.694262271908333,0.259006363929107,0.499183005990176,0.349927106111883,0.276633888108464,"violation"
363,70,0.622494100115903,0.332769618635748,0.498159879261791,0.4,0.341572415370288,"violation"
364,70,0.708208385830189,0.239674700455725,0.498159879261791,0.334724986110285,0.264014922395777,"violation"
365,60,0.790710656572196,0.182270757123434,0.486198404860494,0.276385399196283,0.189363780755475,"violation"
366,50,0.754348621733321,0.217457936814544,0.496386945839634,0.3,0.222265510473616,"violation at burn-in"
367,140,0.639880085084389,0.30323818475772,0.499540605283025,0.40525879864298,0.325840925621391,"violation"
368,90,0.555579068534113,0.37062677150919,0.492035329455212,0.429757324573638,0.402119639774549,"violation"
369,50,0.675606554747422,0.217457936814544,0.499599839871872,0.3,0.293514279055952,"violation at burn-in"
370,50,0.570041634225645,0.303535969713597,0.485386443980464,0.366606055596467,0.389033369176048,"violation at burn-in"
371,50,0.655135780166563,0.186218464881775,0.498397431775085,0.271293199325011,0.312037001872892,"violation at burn-in"
372,50,0.69576322802424,0.247231038614755,0.5,0.324961536185438,0.275275766851961,"violation at burn-in"
373,50,0.735135780166563,0.217457936814544,0.498397431775084,0.3,0.239650008430016,"violation at burn-in"
374,50,0.862637754462236,0.11672320304952,0.466476151587624,0.195959179422654,0.124281451213832,"violation at burn-in"
375,80,0.728719699775789,0.244585838388721,0.49434299833213,0.344374432848898,0.245455518044714,"violation"
376,90,0.701453016358738,0.247661097989027,0.496903994999953,0.351539822656808,0.270127433466203,"violation"
377,50,0.675606554747422,0.152982381504905,0.499599839871872,0.237486841740758,0.293514279055952,"violation at burn-in"
378,50,0.715606554747422,0.217457936814544,0.499599839871872,0.3,0.257320782334513,"violation at burn-in"
379,60,0.610719759198964,0.321845726639475,0.495535624910617,0.386939558874797,0.352226279604646,"violation"
380,50,0.69576322802424,0.152982381504905,0.5,0.237486841740758,0.275275766851961,"violation at burn-in"
381,130,0.668491808993877,0.298290016471321,0.497865265393366,0.4,0.299951967233572,"violation"
382,80,0.604699440093972,0.339705499789112,0.49749371855331,0.409076704298839,0.357673689599359,"violation"
383,90,0.690669806060088,0.276089762269053,0.498020774022555,0.372677996249965,0.279884485630972,"violation"
384,50,0.715606554747422,0.217457936814544,0.499599839871872,0.3,0.257320782334513,"violation at burn-in"
385,50,0.69576322802424,0.217457936814544,0.5,0.3,0.275275766851961,"violation at burn-in"
386,60,0.662218403900734,0.300073861690174,0.499722145018832,0.372677996249965,0.305628378900345,"violation"
387,90,0.668883644532381,0.233142552968625,0.499505928733089,0.339934634239519,0.299597419776617,"violation"
388,50,0.675606554747422,0.217457936814544,0.499599839871872,0.3,0.293514279055952,"violation at burn-in"
389,50,0.613241213164896,0.11672320304952,0.493558507170123,0.195959179422654,0.349944773708415,"violation at burn-in"
390,50,0.570041634225645,0.186218464881775,0.485386443980464,0.271293199325011,0.389033369176048,"violation at burn-in"
391,80,0.667930192578729,0.293153649032986,0.499843725578305,0.379967103839267,0.300460138780581,"violation"
392,80,0.763992118937396,0.193287272376321,0.487179381747627,0.3,0.213539713362644,"violation"
393,50,0.634348621733321,0.330419552419213,0.496386945839634,0.384187454245971,0.330846000637932,"violation at burn-in"
394,50,0.5918080076238,0.152982381504905,0.489897948556636,0.237486841740758,0.369338340070454,"violation at burn-in"
395,90,0.690669806060088,0.247661097989027,0.498020774022555,0.351539822656808,0.279884485630972,"violation"
396,50,0.735135780166563,0.217457936814544,0.498397431775084,0.3,0.239650008430016,"violation at burn-in"
397,50,0.613241213164896,0.303535969713597,0.493558507170123,0.366606055596467,0.349944773708415,"violation at burn-in"
398,50,0.455794942766946,0.431736911050606,0.448998886412873,0.438634243989226,0.496258684648017,"violation at burn-in"
399,50,0.5918080076238,0.247231038614755,0.489897948556636,0.324961536185438,0.369338340070454,"violation at burn-in"
400,50,0.613241213164896,0.303535969713597,0.493558507170123,0.366606055596467,0.349944773708415,"violation at burn-in"
401,50,0.754348621733321,0.186218464881775,0.496386945839634,0.271293199325011,0.222265510473616,"violation at burn-in"
402,70,0.78895271353341,0.134187534340406,0.483186700722508,0.232115382989599,0.190954433395744,"violation"
403,50,0.69576322802424,0.217457936814544,0.5,0.3,0.275275766851961,"violation at burn-in"
404,80,0.667930192578729,0.244585838388721,0.499843725578305,0.344374432848898,0.300460138780581,"violation"
405,160,0.636072047324814,0.288968918602091,0.499374608885954,0.4,0.329286580675548,"violation"
406,70,0.607731770179185,0.350482748537503,0.496723961448963,0.410325903324145,0.354929923874422,"violation"
407,80,0.740579506029088,0.193287272376321,0.49228421668788,0.3,0.234724321576073,"violation"
408,50,0.613241213164896,0.275854602721513,0.493558507170123,0.346987031457949,0.349944773708415,"violation at burn-in"
409,90,0.61314655477888,0.303814977559827,0.498887651569859,0.391420332306856,0.350030424158013,"violation"
410,50,0.69576322802424,0.152982381504905,0.5,0.237486841740758,0.275275766851961,"violation at burn-in"
411,90,0.657881346164551,0.303814977559827,0.499876527964533,0.391420332306856,0.309552711024226,"violation"
412,80,0.740579506029088,0.210756566121748,0.49228421668788,0.315980616494114,0.234724321576073,"violation"
413,50,0.570041634225645,0.217457936814544,0.485386443980464,0.3,0.389033369176048,"violation at burn-in"
414,50,0.715606554747422,0.186218464881775,0.499599839871872,0.271293199325011,0.257320782334513,"violation at burn-in"
415,50,0.675606554747422,0.275854602721513,0.499599839871872,0.346987031457949,0.293514279055952,"violation at burn-in"
416,60,0.539169959480789,0.405005153377086,0.481894409826699,0.433012701892219,0.416967215642629,"violation"
417,50,0.715606554747422,0.217457936814544,0.499599839871872,0.3,0.257320782334513,"violation at burn-in"
418,80,0.630284317189877,0.324383029835095,0.499374608885954,0.4,0.334523535467133,"violation"
419,50,0.715606554747422,0.247231038614755,0.499599839871872,0.324961536185438,0.257320782334513,"violation at burn-in"
420,80,0.655478787293869,0.277215005619585,0.5,0.368908864084343,0.311726636189453,"violation"
421,90,0.657881346164551,0.290033525464652,0.499876527964533,0.382325567424117,0.309552711024226,"violation"
422,160,0.732679731273745,0.182781134371758,0.484122918275927,0.315980616494114,0.241872333368764,"violation"
423,50,0.655135780166563,0.275854602721513,0.498397431775085,0.346987031457949,0.312037001872892,"violation at burn-in"
424,180,0.554608523039224,0.396358297057254,0.49749371855331,0.458257569495584,0.402997825654231,"violation"
425,110,0.669193554049482,0.273416337326332,0.498675932796454,0.378011325205305,0.299317002049339,"violation"
426,50,0.655135780166563,0.186218464881775,0.498397431775085,0.271293199325011,0.312037001872892,"violation at burn-in"
427,100,0.755402490936321,0.210650659909597,0.485386443980464,0.324961536185438,0.221311930185026,"violation"
428,50,0.570041634225645,0.186218464881775,0.485386443980464,0.271293199325011,0.389033369176048,"violation at burn-in"
429,50,0.634348621733321,0.186218464881775,0.496386945839634,0.271293199325011,0.330846000637932,"violation at burn-in"
430,60,0.662218403900734,0.300073861690174,0.499722145018832,0.372677996249965,0.305628378900345,"violation"
431,70,0.651608555577572,0.277941769731781,0.499795876701026,0.363935405795914,0.315228566662828,"violation"
432,50,0.754348621733321,0.186218464881775,0.496386945839634,0.271293199325011,0.222265510473616,"violation at burn-in"
433,50,0.407214344358805,0.275854602721513,0.427083130081252,0.346987031457949,0.549948549191407,"violation at burn-in"
434,90,0.567241656230187,0.357517700466871,0.493913572686508,0.422952584681651,0.391566894036016,"violation"
435,100,0.649451162479304,0.287172210795162,0.499899989998,0.384187454245971,0.317180656663553,"violation"
436,50,0.634348621733321,0.303535969713597,0.496386945839634,0.366606055596467,0.330846000637932,"violation at burn-in"
437,50,0.570041634225645,0.275854602721513,0.485386443980464,0.346987031457949,0.389033369176048,"violation at burn-in"
438,90,0.690669806060088,0.276089762269053,0.498020774022555,0.372677996249965,0.279884485630972,"violation"
439,50,0.54793269890327,0.247231038614755,0.48,0.324961536185438,0.409038361128669,"violation at burn-in"
440,50,0.54793269890327,0.303535969713597,0.48,0.366606055596467,0.409038361128669,"violation at burn-in"
441,60,0.557377323238863,0.321845726639475,0.486198404860494,0.386939558874797,0.400492511630532,"violation"
442,50,0.5918080076238,0.356610582419392,0.489897948556636,0.4,0.369338340070454,"violation at burn-in"
443,50,0.69576322802424,0.247231038614755,0.5,0.324961536185438,0.275275766851961,"violation at burn-in"
444,60,0.75981446390278,0.207390720433648,0.493006648591635,0.3,0.217319811957611,"violation"
445,110,0.633182603119593,0.32819371583582,0.5,0.413011516058202,0.331901057909759,"violation"
446,50,0.570041634225645,0.275854602721513,0.485386443980464,0.346987031457949,0.389033369176048,"violation at burn-in"
447,60,0.645253014391793,0.255019417571102,0.498887651569859,0.339934634239519,0.320979298139589,"violation"
448,50,0.634348621733321,0.330419552419213,0.496386945839634,0.384187454245971,0.330846000637932,"violation at burn-in"
449,60,0.645253014391793,0.255019417571102,0.498887651569859,0.339934634239519,0.320979298139589,"violation"
450,110,0.587176574537925,0.360086510677477,0.497929597731969,0.430356377401623,0.373529034025684,"violation"
451,80,0.630284317189877,0.324383029835095,0.499374608885954,0.4,0.334523535467133,"violation"
452,90,0.657881346164551,0.290033525464652,0.499876527964533,0.382325567424117,0.309552711024226,"violation"
453,80,0.617540886538257,0.324383029835095,0.498591766879478,0.4,0.346054268354865,"violation"
454,120,0.685158257605586,0.282155336679482,0.496585563847986,0.386939558874797,0.284871540903924,"violation"
455,70,0.622494100115903,0.314791558389205,0.498159879261791,0.388875931109034,0.341572415370288,"violation"
456,50,0.5918080076238,0.330419552419213,0.489897948556636,0.384187454245971,0.369338340070454,"violation at burn-in"
457,90,0.590341905247627,0.330933703250142,0.496903994999953,0.408097059382377,0.370664924359088,"violation"
458,70,0.775854249001272,0.199577213976811,0.486763572497166,0.3,0.20280641422324,"violation"
459,90,0.624439200087936,0.290033525464652,0.499505928733089,0.382325567424117,0.339812416133771,"violation"
460,50,0.613241213164896,0.247231038614755,0.493558507170123,0.324961536185438,0.349944773708415,"violation at burn-in"
461,70,0.651608555577572,0.296525110967136,0.499795876701026,0.376883027379226,0.315228566662828,"violation"
462,70,0.801901013901565,0.178633662571857,0.479157423749955,0.279941684889506,0.179238326722669,"violation"
463,50,0.754348621733321,0.186218464881775,0.496386945839634,0.271293199325011,0.222265510473616,"violation at burn-in"
464,70,0.708208385830189,0.239674700455725,0.498159879261791,0.334724986110285,0.264014922395777,"violation"
465,70,0.665962023294685,0.239674700455725,0.5,0.334724986110285,0.302241011993813,"violation"
466,50,0.715606554747422,0.186218464881775,0.499599839871872,0.271293199325011,0.257320782334513,"violation at burn-in"
467,160,0.660653695377553,0.25205403549361,0.49749371855331,0.374530956664466,0.307044185720439,"violation"
468,260,0.561329689519806,0.385141993655109,0.499274621755396,0.459917023645628,0.396916262729751,"violation"
469,120,0.585586119122124,0.341352843822817,0.498260864295892,0.422952584681651,0.374968137597619,"violation"
470,60,0.610719759198964,0.343187627244864,0.495535624910617,0.4,0.352226279604646,"violation"
471,50,0.735135780166563,0.217457936814544,0.498397431775084,0.3,0.239650008430016,"violation at burn-in"
472,60,0.593147797236113,0.364140461538491,0.493006648591635,0.411973569810276,0.368126048296938,"violation"
473,70,0.562608909500749,0.3851893132756,0.489897948556636,0.428809457708675,0.395758776625094,"violation"
474,90,0.657881346164551,0.303814977559827,0.499876527964533,0.391420332306856,0.309552711024226,"violation"
475,50,0.69576322802424,0.247231038614755,0.5,0.324961536185438,0.275275766851961,"violation at burn-in"
476,50,0.613241213164896,0.217457936814544,0.493558507170123,0.3,0.349944773708415,"violation at burn-in"
477,90,0.61314655477888,0.344288795649067,0.498887651569859,0.415739709641549,0.350030424158013,"violation"
478,80,0.704699440093972,0.244585838388721,0.49749371855331,0.344374432848898,0.267189947795763,"violation"
479,50,0.655135780166563,0.217457936814544,0.498397431775085,0.3,0.312037001872892,"violation at burn-in"
480,50,0.655135780166563,0.217457936814544,0.498397431775085,0.3,0.312037001872892,"violation at burn-in"
481,50,0.5918080076238,0.186218464881775,0.489897948556636,0.271293199325011,0.369338340070454,"violation at burn-in"
482,50,0.82793269890327,0.152982381504905,0.48,0.237486841740758,0.155683884078601,"violation at burn-in"
483,50,0.570041634225645,0.356610582419392,0.485386443980464,0.4,0.389033369176048,"violation at burn-in"
484,80,0.630284317189877,0.308870589430453,0.499374608885954,0.3903123748999,0.334523535467133,"violation"
485,80,0.630284317189877,0.308870589430453,0.499374608885954,0.3903123748999,0.334523535467133,"violation"
486,60,0.695551737234068,0.231582853192141,0.499722145018832,0.321022671404304,0.275467131632479,"violation"
487,60,0.662218403900734,0.231582853192141,0.499722145018832,0.321022671404304,0.305628378900345,"violation"
488,50,0.655135780166563,0.275854602721513,0.498397431775085,0.346987031457949,0.312037001872892,"violation at burn-in"
489,90,0.61314655477888,0.31744519043619,0.498887651569859,0.4,0.350030424158013,"violation"
490,90,0.824816472372641,0.12281096185961,0.462948147911104,0.229061423645426,0.15850356244659,"violation"
491,50,0.754348621733321,0.0276851012085817,0.496386945839634,0.0707106781186548,0.222265510473616,"violation at burn-in"
492,160,0.684952904950312,0.25951315583237,0.49434299833213,0.379967103839267,0.285057351670309,"violation"
493,50,0.7918080076238,0.186218464881775,0.489897948556636,0.271293199325011,0.188370856463263,"violation at burn-in"
494,50,0.773241213164896,0.186218464881775,0.493558507170123,0.271293199325011,0.205170786822661,"violation at burn-in"
495,70,0.651608555577572,0.296525110967136,0.499795876701026,0.376883027379226,0.315228566662828,"violation"
496,140,0.416528891617096,0.531091056562299,0.461309139784786,0.492598275701905,0.539654382446502,"violation"
497,50,0.754348621733321,0.186218464881775,0.496386945839634,0.271293199325011,0.222265510473616,"violation at burn-in"
498,90,0.712162356255526,0.233142552968625,0.495535624910617,0.339934634239519,0.260437222005124,"violation"
499,50,0.7918080076238,0.186218464881775,0.489897948556636,0.271293199325011,0.188370856463263,"violation at burn-in"
500,100,0.599032011658999,0.347394646246704,0.498397431775085,0.420832508250016,0.362801790911364,"violation"
501,50,0.455794942766946,0.382188387157828,0.448998886412873,0.41424630354416,0.496258684648017,"violation at burn-in"
502,50,0.7918080076238,0.0748137038467872,0.489897948556636,0.14,0.188370856463263,"violation at burn-in"
503,50,0.634348621733321,0.303535969713597,0.496386945839634,0.366606055596467,0.330846000637932,"violation at burn-in"
504,50,0.754348621733321,0.186218464881775,0.496386945839634,0.271293199325011,0.222265510473616,"violation at burn-in"
505,50,0.570041634225645,0.330419552419213,0.485386443980464,0.384187454245971,0.389033369176048,"violation at burn-in"
506,50,0.655135780166563,0.275854602721513,0.498397431775085,0.346987031457949,0.312037001872892,"violation at burn-in"
507,80,0.55233747787868,0.399319124295279,0.489897948556636,0.439992897669951,0.405052752293541,"violation"
508,50,0.52546951642346,0.330419552419213,0.47370877129308,0.384187454245971,0.429363889164572,"violation at burn-in"
509,60,0.67898453405608,0.255019417571102,0.5,0.339934634239519,0.290457756980127,"violation"
510,60,0.662218403900734,0.231582853192141,0.499722145018832,0.321022671404304,0.305628378900345,"violation"
511,50,0.5918080076238,0.303535969713597,0.489897948556636,0.366606055596467,0.369338340070454,"violation at burn-in"
512,50,0.5918080076238,0.330419552419213,0.489897948556636,0.384187454245971,0.369338340070454,"violation at burn-in"
513,50,0.715606554747422,0.217457936814544,0.499599839871872,0.3,0.257320782334513,"violation at burn-in"
514,50,0.715606554747422,0.11672320304952,0.499599839871872,0.195959179422654,0.257320782334513,"violation at burn-in"
515,50,0.69576322802424,0.217457936814544,0.5,0.3,0.275275766851961,"violation at burn-in"
516,90,0.679813221445547,0.2183928882821,0.498887651569859,0.327542288288526,0.289707929622282,"violation"
517,70,0.622494100115903,0.296525110967136,0.498159879261791,0.376883027379226,0.341572415370288,"violation"
518,90,0.657881346164551,0.233142552968625,0.499876527964533,0.339934634239519,0.309552711024226,"violation"
519,50,0.634348621733321,0.303535969713597,0.496386945839634,0.366606055596467,0.330846000637932,"violation at burn-in"
520,50,0.634348621733321,0.303535969713597,0.496386945839634,0.366606055596467,0.330846000637932,"violation at burn-in"
521,60,0.728087362822182,0.231582853192141,0.49749371855331,0.321022671404304,0.246027680181146,"violation"
522,50,0.675606554747422,0.247231038614755,0.499599839871872,0.324961536185438,0.293514279055952,"violation at burn-in"
523,50,0.675606554747422,0.217457936814544,0.499599839871872,0.3,0.293514279055952,"violation at burn-in"
524,50,0.69576322802424,0.217457936814544,0.5,0.3,0.275275766851961,"violation at burn-in"
525,50,0.773241213164896,0.152982381504905,0.493558507170123,0.237486841740758,0.205170786822661,"violation at burn-in"
526,160,0.684952904950312,0.281659141716714,0.49434299833213,0.395235293844059,0.285057351670309,"violation"
527,50,0.735135780166563,0.217457936814544,0.498397431775084,0.3,0.239650008430016,"violation at burn-in"
528,50,0.479419962141996,0.356610582419392,0.458257569495584,0.4,0.471031248962318,"violation at burn-in"
529,50,0.735135780166563,0.152982381504905,0.498397431775084,0.237486841740758,0.239650008430016,"violation at burn-in"
530,90,0.543840394656332,0.396507210036226,0.489897948556636,0.442216638714053,0.412741231137287,"violation"
531,70,0.651608555577572,0.314791558389205,0.499795876701026,0.388875931109034,0.315228566662828,"violation"
532,50,0.5918080076238,0.275854602721513,0.489897948556636,0.346987031457949,0.369338340070454,"violation at burn-in"
533,50,0.5918080076238,0.330419552419213,0.489897948556636,0.384187454245971,0.369338340070454,"violation at burn-in"
534,120,0.668919452455457,0.292192819123005,0.498260864295892,0.393612189287318,0.299565019427956,"violation"
535,50,0.634348621733321,0.152982381504905,0.496386945839634,0.237486841740758,0.330846000637932,"violation at burn-in"
536,100,0.649451162479304,0.311583248865328,0.499899989998,0.4,0.317180656663553,"violation"
537,50,0.613241213164896,0.330419552419213,0.493558507170123,0.384187454245971,0.349944773708415,"violation at burn-in"
538,60,0.695551737234068,0.207390720433648,0.499722145018832,0.3,0.275467131632479,"violation"
539,70,0.708208385830189,0.259006363929107,0.498159879261791,0.349927106111883,0.264014922395777,"violation"
540,120,0.594079530102378,0.350999089083551,0.498887651569859,0.428093317968044,0.367282981535927,"violation"
541,100,0.792144909292211,0.169832726485574,0.47370877129308,0.286181760425084,0.188066015227486,"violation"
542,50,0.613241213164896,0.11672320304952,0.493558507170123,0.195959179422654,0.349944773708415,"violation at burn-in"
543,80,0.667930192578729,0.277215005619585,0.499843725578305,0.368908864084343,0.300460138780581,"violation"
544,50,0.82793269890327,0.11672320304952,0.48,0.195959179422654,0.155683884078601,"violation at burn-in"
545,50,0.570041634225645,0.330419552419213,0.485386443980464,0.384187454245971,0.389033369176048,"violation at burn-in"
546,50,0.634348621733321,0.217457936814544,0.496386945839634,0.3,0.330846000637932,"violation at burn-in"
547,70,0.680179984149,0.259006363929107,0.499795876701026,0.349927106111883,0.289376069004658,"violation"
548,100,0.679032011658999,0.274785820349115,0.498397431775084,0.375632799419859,0.290414797468487,"violation"
549,90,0.75424685604834,0.156413666941003,0.487498021521785,0.267821573182088,0.222357591873259,"violation"
550,90,0.75424685604834,0.20338476730575,0.487498021521785,0.314269680527354,0.222357591873259,"violation"
551,80,0.680284317189877,0.277215005619585,0.499374608885954,0.368908864084343,0.289281664565335,"violation"
552,80,0.630284317189877,0.324383029835095,0.499374608885954,0.4,0.334523535467133,"violation"
553,160,0.708964226771167,0.182781134371758,0.489897948556636,0.315980616494114,0.263331009230296,"violation"
554,50,0.655135780166563,0.217457936814544,0.498397431775085,0.3,0.312037001872892,"violation at burn-in"
555,50,0.570041634225645,0.303535969713597,0.485386443980464,0.366606055596467,0.389033369176048,"violation at burn-in"
556,60,0.628087362822182,0.321845726639475,0.49749371855331,0.386939558874797,0.336511421984741,"violation"
557,70,0.607731770179185,0.314791558389205,0.496723961448963,0.388875931109034,0.354929923874422,"violation"
558,130,0.660960021152474,0.279953073032555,0.498518515262143,0.387985237320569,0.306767010697181,"violation"
559,50,0.773241213164896,0.152982381504905,0.493558507170123,0.237486841740758,0.205170786822661,"violation at burn-in"
560,150,0.608023265364299,0.353104132053618,0.499955553580071,0.434920171474669,0.354666168123754,"violation"
561,50,0.502637754462236,0.431736911050606,0.466476151587624,0.438634243989226,0.450022921706777,"violation at burn-in"
562,90,0.690669806060088,0.247661097989027,0.498020774022555,0.351539822656808,0.279884485630972,"violation"
563,80,0.716759326997057,0.210756566121748,0.496078370824611,0.315980616494114,0.25627771086857,"violation"
564,50,0.634348621733321,0.186218464881775,0.496386945839634,0.271293199325011,0.330846000637932,"violation at burn-in"
565,50,0.675606554747422,0.247231038614755,0.499599839871872,0.324961536185438,0.293514279055952,"violation at burn-in"
566,70,0.651608555577572,0.277941769731781,0.499795876701026,0.363935405795914,0.315228566662828,"violation"
567,50,0.613241213164896,0.275854602721513,0.493558507170123,0.346987031457949,0.349944773708415,"violation at burn-in"
568,70,0.51618672818728,0.435662285343179,0.479157423749955,0.451753951452626,0.437763303304371,"violation"
569,50,0.735135780166563,0.152982381504905,0.498397431775084,0.237486841740758,0.239650008430016,"violation at burn-in"
570,50,0.634348621733321,0.275854602721513,0.496386945839634,0.346987031457949,0.330846000637932,"violation at burn-in"
571,80,0.538992118937396,0.413846996746245,0.487179381747627,0.446514277487294,0.417128132420735,"violation"
572,50,0.54793269890327,0.356610582419392,0.48,0.4,0.409038361128669,"violation at burn-in"
573,80,0.728719699775789,0.244585838388721,0.49434299833213,0.344374432848898,0.245455518044714,"violation"
574,60,0.520740363483441,0.405005153377086,0.476969600708473,0.433012701892219,0.433643003700315,"violation"
575,130,0.622862520589151,0.334299344613263,0.5,0.421325044234743,0.341239054740522,"violation"
576,60,0.805836626147456,0.15595984052923,0.481894409826699,0.249443825784929,0.175677237499706,"violation"
577,50,0.5918080076238,0.186218464881775,0.489897948556636,0.271293199325011,0.369338340070454,"violation at burn-in"
578,150,0.61470012805108,0.345554468504327,0.5,0.431071017608726,0.348624692929666,"violation"
579,90,0.508157118497246,0.383621617482683,0.481894409826699,0.436173031697567,0.445028794604138,"violation"
580,100,0.708105402044992,0.249607973199503,0.495075751779463,0.357071421427142,0.264108105978073,"violation"
581,50,0.655135780166563,0.247231038614755,0.498397431775085,0.324961536185438,0.312037001872892,"violation at burn-in"
582,80,0.617540886538257,0.339705499789112,0.498591766879478,0.409076704298839,0.346054268354865,"violation"
583,50,0.675606554747422,0.152982381504905,0.499599839871872,0.237486841740758,0.293514279055952,"violation at burn-in"
584,70,0.680179984149,0.259006363929107,0.499795876701026,0.349927106111883,0.289376069004658,"violation"
585,50,0.69576322802424,0.247231038614755,0.5,0.324961536185438,0.275275766851961,"violation at burn-in"
586,50,0.715606554747422,0.217457936814544,0.499599839871872,0.3,0.257320782334513,"violation at burn-in"
587,80,0.511984182332723,0.428238364248536,0.480722113075735,0.452596674755792,0.441565924044586,"violation"
588,50,0.52546951642346,0.247231038614755,0.47370877129308,0.324961536185438,0.429363889164572,"violation at burn-in"
589,90,0.555579068534113,0.396507210036226,0.492035329455212,0.442216638714053,0.402119639774549,"violation"
590,50,0.613241213164896,0.330419552419213,0.493558507170123,0.384187454245971,0.349944773708415,"violation at burn-in"
591,70,0.577790927299637,0.332769618635748,0.492598275701905,0.4,0.382021518839373,"violation"
592,50,0.810041634225645,0.0748137038467872,0.485386443980464,0.14,0.171872388847417,"violation at burn-in"
593,70,0.562608909500749,0.367950493857785,0.489897948556636,0.419912527334259,0.395758776625094,"violation"
594,150,0.627992671863902,0.330358764578374,0.499822190606042,0.422952584681651,0.336597101906943,"violation"
595,50,0.634348621733321,0.275854602721513,0.496386945839634,0.346987031457949,0.330846000637932,"violation at burn-in"
596,50,0.570041634225645,0.303535969713597,0.485386443980464,0.366606055596467,0.389033369176048,"violation at burn-in"
597,60,0.695551737234068,0.255019417571102,0.499722145018832,0.339934634239519,0.275467131632479,"violation"
598,60,0.695551737234068,0.255019417571102,0.499722145018832,0.339934634239519,0.275467131632479,"violation"
599,110,0.669193554049482,0.273416337326332,0.498675932796454,0.378011325205305,0.299317002049339,"violation"
600,50,0.52546951642346,0.275854602721513,0.47370877129308,0.346987031457949,0.429363889164572,"violation at burn-in"
601,120,0.677056861445049,0.292192819123005,0.49749371855331,0.393612189287318,0.292201987288311,"violation"
602,60,0.67898453405608,0.255019417571102,0.5,0.339934634239519,0.290457756980127,"violation"
603,150,0.693222447946226,0.260169402505628,0.493558507170123,0.37853518844209,0.277574759737549,"violation"
604,60,0.424966544730828,0.464042035107678,0.442216638714053,0.458257569495584,0.530329333608395,"violation"
605,50,0.655135780166563,0.303535969713597,0.498397431775085,0.366606055596467,0.312037001872892,"violation at burn-in"
606,70,0.708208385830189,0.259006363929107,0.498159879261791,0.349927106111883,0.264014922395777,"violation"
607,80,0.655478787293869,0.277215005619585,0.5,0.368908864084343,0.311726636189453,"violation"
608,50,0.54793269890327,0.330419552419213,0.48,0.384187454245971,0.409038361128669,"violation at burn-in"
609,90,0.657881346164551,0.276089762269053,0.499876527964533,0.372677996249965,0.309552711024226,"violation"
610,90,0.73335684631189,0.2183928882821,0.492035329455212,0.327542288288526,0.241259654345934,"violation"
611,60,0.662218403900734,0.255019417571102,0.499722145018832,0.339934634239519,0.305628378900345,"violation"
612,140,0.575266971813628,0.376875435254359,0.498159879261791,0.444696640464954,0.384305288204571,"violation"
613,50,0.655135780166563,0.186218464881775,0.498397431775085,0.271293199325011,0.312037001872892,"violation at burn-in"
614,60,0.557377323238863,0.384737275927453,0.486198404860494,0.422952584681651,0.400492511630532,"violation"
615,50,0.675606554747422,0.186218464881775,0.499599839871872,0.271293199325011,0.293514279055952,"violation at burn-in"
616,60,0.575368312114878,0.364140461538491,0.489897948556636,0.411973569810276,0.384213591708045,"violation"
617,70,0.651608555577572,0.296525110967136,0.499795876701026,0.376883027379226,0.315228566662828,"violation"
618,60,0.662218403900734,0.255019417571102,0.499722145018832,0.339934634239519,0.305628378900345,"violation"
619,160,0.708964226771167,0.25205403549361,0.489897948556636,0.374530956664466,0.263331009230296,"violation"
620,50,0.54793269890327,0.152982381504905,0.48,0.237486841740758,0.409038361128669,"violation at burn-in"
621,50,0.634348621733321,0.217457936814544,0.496386945839634,0.3,0.330846000637932,"violation at burn-in"
622,50,0.735135780166563,0.217457936814544,0.498397431775084,0.3,0.239650008430016,"violation at burn-in"
623,80,0.77554168846942,0.193287272376321,0.484122918275927,0.3,0.203089230687861,"violation"
624,70,0.735688375127614,0.199577213976811,0.494871659305394,0.3,0.239149999832239,"violation"
625,60,0.75981446390278,0.207390720433648,0.493006648591635,0.3,0.217319811957611,"violation"
626,70,0.722017484464899,0.239674700455725,0.496723961448963,0.334724986110285,0.251519933241741,"violation"
627,50,0.634348621733321,0.186218464881775,0.496386945839634,0.271293199325011,0.330846000637932,"violation at burn-in"
628,50,0.613241213164896,0.275854602721513,0.493558507170123,0.346987031457949,0.349944773708415,"violation at burn-in"
629,70,0.78895271353341,0.178633662571857,0.483186700722508,0.279941684889506,0.190954433395744,"violation"
630,90,0.679813221445547,0.261970727145936,0.498887651569859,0.362433476228891,0.289707929622282,"violation"
631,80,0.75233747787868,0.210756566121748,0.489897948556636,0.315980616494114,0.224085268686349,"violation"
632,50,0.675606554747422,0.275854602721513,0.499599839871872,0.346987031457949,0.293514279055952,"violation at burn-in"
633,120,0.701252186717177,0.261846353901403,0.49434299833213,0.372677996249965,0.270309151640538,"violation"
634,90,0.543840394656332,0.344288795649067,0.489897948556636,0.415739709641549,0.412741231137287,"violation"
635,50,0.735135780166563,0.11672320304952,0.498397431775084,0.195959179422654,0.239650008430016,"violation at burn-in"
636,100,0.717682154337909,0.249607973199503,0.493558507170123,0.357071421427142,0.255442702160181,"violation"
637,50,0.613241213164896,0.275854602721513,0.493558507170123,0.346987031457949,0.349944773708415,"violation at burn-in"
638,50,0.655135780166563,0.275854602721513,0.498397431775085,0.346987031457949,0.312037001872892,"violation at burn-in"
639,160,0.604952459542241,0.346311679570801,0.499960935974002,0.433012701892219,0.357444748135075,"violation"
640,60,0.645253014391793,0.277820523977759,0.498887651569859,0.357071421427142,0.320979298139589,"violation"
641,130,0.599654668260034,0.352004633122961,0.499467171715321,0.430769230769231,0.36223838792016,"violation"
642,150,0.533222447946226,0.412445366551272,0.493558507170123,0.461109772421082,0.422348746623302,"violation"
643,80,0.728719699775789,0.244585838388721,0.49434299833213,0.344374432848898,0.245455518044714,"violation"
644,50,0.735135780166563,0.186218464881775,0.498397431775084,0.271293199325011,0.239650008430016,"violation at burn-in"
645,50,0.613241213164896,0.275854602721513,0.493558507170123,0.346987031457949,0.349944773708415,"violation at burn-in"
646,50,0.7918080076238,0.186218464881775,0.489897948556636,0.271293199325011,0.188370856463263,"violation at burn-in"
647,160,0.598676389336856,0.36036423074574,0.499843725578305,0.439992897669951,0.363123571295128,"violation"
648,50,0.715606554747422,0.247231038614755,0.499599839871872,0.324961536185438,0.257320782334513,"violation at burn-in"
649,50,0.634348621733321,0.303535969713597,0.496386945839634,0.366606055596467,0.330846000637932,"violation at burn-in"
650,50,0.69576322802424,0.217457936814544,0.5,0.3,0.275275766851961,"violation at burn-in"
651,50,0.655135780166563,0.217457936814544,0.498397431775085,0.3,0.312037001872892,"violation at burn-in"
652,70,0.592831232270471,0.350482748537503,0.494871659305393,0.410325903324145,0.36841248812309,"violation"
653,50,0.655135780166563,0.303535969713597,0.498397431775085,0.366606055596467,0.312037001872892,"violation at burn-in"
654,50,0.675606554747422,0.275854602721513,0.499599839871872,0.346987031457949,0.293514279055952,"violation at burn-in"
655,120,0.660746196769045,0.302157560352339,0.498887651569859,0.4,0.306960487000197,"violation"
656,70,0.680179984149,0.277941769731781,0.499795876701026,0.363935405795914,0.289376069004658,"violation"
657,50,0.54793269890327,0.330419552419213,0.48,0.384187454245971,0.409038361128669,"violation at burn-in"
658,50,0.715606554747422,0.217457936814544,0.499599839871872,0.3,0.257320782334513,"violation at burn-in"
659,50,0.715606554747422,0.11672320304952,0.499599839871872,0.195959179422654,0.257320782334513,"violation at burn-in"
660,120,0.732996924830356,0.230724545828314,0.488122821520249,0.348707932548461,0.241585324769982,"violation"
661,180,0.582809410350049,0.353470640870417,0.499505928733089,0.439240365592044,0.377480607593581,"violation"
662,60,0.820740363483441,0.15595984052923,0.476969600708473,0.249443825784929,0.162191778289527,"violation"
663,50,0.715606554747422,0.186218464881775,0.499599839871872,0.271293199325011,0.257320782334513,"violation at burn-in"
664,150,0.505393003885546,0.441473651130512,0.48848973604593,0.471404520791032,0.447529868932544,"violation"
665,50,0.69576322802424,0.186218464881775,0.5,0.271293199325011,0.275275766851961,"violation at burn-in"
666,60,0.645253014391793,0.300073861690174,0.498887651569859,0.372677996249965,0.320979298139589,"violation"
667,60,0.662218403900734,0.277820523977759,0.499722145018832,0.357071421427142,0.305628378900345,"violation"
668,80,0.716759326997057,0.244585838388721,0.496078370824611,0.344374432848898,0.25627771086857,"violation"
669,100,0.619367433163752,0.323621940959811,0.499599839871872,0.407308237088326,0.34440154062233,"violation"
670,90,0.646806488045237,0.247661097989027,0.5,0.351539822656808,0.31957365705002,"violation"
671,110,0.605711605382438,0.34952837550553,0.499255644281672,0.424848052565379,0.356757844573118,"violation"
672,80,0.692540886538257,0.277215005619585,0.498591766879478,0.368908864084343,0.278191462002168,"violation"
673,50,0.7918080076238,0.152982381504905,0.489897948556636,0.237486841740758,0.188370856463263,"violation at burn-in"
674,90,0.722797211785742,0.233142552968625,0.493913572686508,0.339934634239519,0.250814406785978,"violation"
675,50,0.5918080076238,0.330419552419213,0.489897948556636,0.384187454245971,0.369338340070454,"violation at burn-in"
676,50,0.570041634225645,0.275854602721513,0.485386443980464,0.346987031457949,0.389033369176048,"violation at burn-in"
677,90,0.712162356255526,0.2183928882821,0.495535624910617,0.327542288288526,0.260437222005124,"violation"
678,70,0.607731770179185,0.314791558389205,0.496723961448963,0.388875931109034,0.354929923874422,"violation"
679,60,0.628087362822182,0.321845726639475,0.49749371855331,0.386939558874797,0.336511421984741,"violation"
680,50,0.655135780166563,0.275854602721513,0.498397431775085,0.346987031457949,0.312037001872892,"violation at burn-in"
681,50,0.735135780166563,0.217457936814544,0.498397431775084,0.3,0.239650008430016,"violation at burn-in"
682,90,0.690669806060088,0.233142552968625,0.498020774022555,0.339934634239519,0.279884485630972,"violation"
683,50,0.455794942766946,0.356610582419392,0.448998886412873,0.4,0.496258684648017,"violation at burn-in"
684,50,0.69576322802424,0.11672320304952,0.5,0.195959179422654,0.275275766851961,"violation at burn-in"
685,50,0.613241213164896,0.303535969713597,0.493558507170123,0.366606055596467,0.349944773708415,"violation at burn-in"
686,90,0.646806488045237,0.31744519043619,0.5,0.4,0.31957365705002,"violation"
687,50,0.754348621733321,0.0748137038467872,0.496386945839634,0.14,0.222265510473616,"violation at burn-in"
688,50,0.69576322802424,0.217457936814544,0.5,0.3,0.275275766851961,"violation at burn-in"
689,50,0.613241213164896,0.247231038614755,0.493558507170123,0.324961536185438,0.349944773708415,"violation at burn-in"
690,60,0.645253014391793,0.300073861690174,0.498887651569859,0.372677996249965,0.320979298139589,"violation"
691,130,0.599654668260034,0.352004633122961,0.499467171715321,0.430769230769231,0.36223838792016,"violation"
692,70,0.622494100115903,0.314791558389205,0.498159879261791,0.388875931109034,0.341572415370288,"violation"
693,150,0.621356598697632,0.337972979417551,0.499955553580071,0.427083130081252,0.342601669216608,"violation"
694,70,0.651608555577572,0.277941769731781,0.499795876701026,0.363935405795914,0.315228566662828,"violation"
695,50,0.715606554747422,0.186218464881775,0.499599839871872,0.271293199325011,0.257320782334513,"violation at burn-in"
696,70,0.500409611775748,0.3851893132756,0.474664220738176,0.428809457708675,0.452039028582234,"violation"
697,50,0.715606554747422,0.186218464881775,0.499599839871872,0.271293199325011,0.257320782334513,"violation at burn-in"
698,70,0.708208385830189,0.259006363929107,0.498159879261791,0.349927106111883,0.264014922395777,"violation"
699,50,0.634348621733321,0.330419552419213,0.496386945839634,0.384187454245971,0.330846000637932,"violation at burn-in"
700,50,0.5918080076238,0.217457936814544,0.489897948556636,0.3,0.369338340070454,"violation at burn-in"
701,50,0.810041634225645,0.11672320304952,0.485386443980464,0.195959179422654,0.171872388847417,"violation at burn-in"
702,50,0.634348621733321,0.303535969713597,0.496386945839634,0.366606055596467,0.330846000637932,"violation at burn-in"
703,50,0.5918080076238,0.356610582419392,0.489897948556636,0.4,0.369338340070454,"violation at burn-in"
704,50,0.570041634225645,0.382188387157828,0.485386443980464,0.41424630354416,0.389033369176048,"violation at burn-in"
705,120,0.619345880187713,0.33164797948564,0.499930550732355,0.417582327212252,0.34442104256152,"violation"
706,50,0.655135780166563,0.275854602721513,0.498397431775085,0.346987031457949,0.312037001872892,"violation at burn-in"
707,50,0.613241213164896,0.330419552419213,0.493558507170123,0.384187454245971,0.349944773708415,"violation at burn-in"
708,50,0.634348621733321,0.217457936814544,0.496386945839634,0.3,0.330846000637932,"violation at burn-in"
709,80,0.704699440093972,0.26103406316158,0.49749371855331,0.357071421427142,0.267189947795763,"violation"
710,50,0.5918080076238,0.275854602721513,0.489897948556636,0.346987031457949,0.369338340070454,"violation at burn-in"
711,50,0.382188387157828,0.54793269890327,0.41424630354416,0.48,0.577606509286933,"violation at burn-in"
712,50,0.502637754462236,0.275854602721513,0.466476151587624,0.346987031457949,0.450022921706777,"violation at burn-in"
713,50,0.382188387157828,0.455794942766946,0.41424630354416,0.448998886412873,0.577606509286933,"violation at burn-in"
714,50,0.655135780166563,0.275854602721513,0.498397431775085,0.346987031457949,0.312037001872892,"violation at burn-in"
715,100,0.659367433163752,0.29943552375908,0.499599839871872,0.392300904918661,0.308208043900891,"violation"
716,60,0.539169959480789,0.343187627244864,0.481894409826699,0.4,0.416967215642629,"violation"
717,50,0.7918080076238,0.11672320304952,0.489897948556636,0.195959179422654,0.188370856463263,"violation at burn-in"
718,50,0.735135780166563,0.0748137038467872,0.498397431775084,0.14,0.239650008430016,"violation at burn-in"
719,160,0.666755149267117,0.266932668685854,0.49682586235018,0.385225177655874,0.30152336193674,"violation"
720,160,0.642243726444943,0.25951315583237,0.499022481958478,0.379967103839267,0.323702214475543,"violation"
721,50,0.5918080076238,0.330419552419213,0.489897948556636,0.384187454245971,0.369338340070454,"violation at burn-in"
722,70,0.607731770179185,0.314791558389205,0.496723961448963,0.388875931109034,0.354929923874422,"violation"
723,70,0.722017484464899,0.219889993015236,0.496723961448963,0.318157963590287,0.251519933241741,"violation"
724,80,0.798317310188389,0.175366151174201,0.476969600708473,0.282566363886433,0.182480995937505,"violation"
725,50,0.69576322802424,0.217457936814544,0.5,0.3,0.275275766851961,"violation at burn-in"
726,110,0.624069678555664,0.338898448218098,0.499917348540637,0.419070202604222,0.340146773042941,"violation"
727,60,0.575368312114878,0.321845726639475,0.489897948556636,0.386939558874797,0.384213591708045,"violation"
728,50,0.634348621733321,0.217457936814544,0.496386945839634,0.3,0.330846000637932,"violation at burn-in"
729,50,0.735135780166563,0.217457936814544,0.498397431775084,0.3,0.239650008430016,"violation at burn-in"
730,50,0.69576322802424,0.217457936814544,0.5,0.3,0.275275766851961,"violation at burn-in"
731,50,0.715606554747422,0.247231038614755,0.499599839871872,0.324961536185438,0.257320782334513,"violation at burn-in"
732,50,0.613241213164896,0.275854602721513,0.493558507170123,0.346987031457949,0.349944773708415,"violation at burn-in"
733,160,0.744423316371151,0.174791060109481,0.480722113075735,0.308157325890526,0.231246298150741,"violation"
734,50,0.613241213164896,0.247231038614755,0.493558507170123,0.324961536185438,0.349944773708415,"violation at burn-in"
735,80,0.591759326997057,0.354850387660625,0.496078370824611,0.417582327212252,0.369382388123065,"violation"
736,50,0.675606554747422,0.275854602721513,0.499599839871872,0.346987031457949,0.293514279055952,"violation at burn-in"
737,50,0.675606554747422,0.186218464881775,0.499599839871872,0.271293199325011,0.293514279055952,"violation at burn-in"
738,90,0.690669806060088,0.247661097989027,0.498020774022555,0.351539822656808,0.279884485630972,"violation"
739,50,0.613241213164896,0.275854602721513,0.493558507170123,0.346987031457949,0.349944773708415,"violation at burn-in"
740,140,0.58254332314419,0.368844674988859,0.498722858706034,0.440952123830019,0.377721373253903,"violation"
741,50,0.715606554747422,0.247231038614755,0.499599839871872,0.324961536185438,0.257320782334513,"violation at burn-in"
742,70,0.622494100115903,0.332769618635748,0.498159879261791,0.4,0.341572415370288,"violation"
743,50,0.634348621733321,0.247231038614755,0.496386945839634,0.324961536185438,0.330846000637932,"violation at burn-in"
744,50,0.773241213164896,0.186218464881775,0.493558507170123,0.271293199325011,0.205170786822661,"violation at burn-in"
745,60,0.610719759198964,0.343187627244864,0.495535624910617,0.4,0.352226279604646,"violation"
746,160,0.648397925807933,0.303487780016938,0.498591766879478,0.409076704298839,0.318133664613858,"violation"
747,130,0.683466874812146,0.270692635393058,0.496198566857543,0.381603592455768,0.286401967343651,"violation"
748,50,0.655135780166563,0.247231038614755,0.498397431775085,0.324961536185438,0.312037001872892,"violation at burn-in"
749,50,0.655135780166563,0.275854602721513,0.498397431775085,0.346987031457949,0.312037001872892,"violation at burn-in"
750,50,0.570041634225645,0.356610582419392,0.485386443980464,0.4,0.389033369176048,"violation at burn-in"
751,100,0.736661011781022,0.236794850710534,0.489897948556636,0.346987031457949,0.238269921794082,"violation"
752,50,0.715606554747422,0.247231038614755,0.499599839871872,0.324961536185438,0.257320782334513,"violation at burn-in"
753,100,0.659367433163752,0.29943552375908,0.499599839871872,0.392300904918661,0.308208043900891,"violation"
754,50,0.634348621733321,0.330419552419213,0.496386945839634,0.384187454245971,0.330846000637932,"violation at burn-in"
755,50,0.69576322802424,0.247231038614755,0.5,0.324961536185438,0.275275766851961,"violation at burn-in"
756,50,0.613241213164896,0.303535969713597,0.493558507170123,0.366606055596467,0.349944773708415,"violation at burn-in"
757,50,0.754348621733321,0.217457936814544,0.496386945839634,0.3,0.222265510473616,"violation at burn-in"
758,50,0.675606554747422,0.275854602721513,0.499599839871872,0.346987031457949,0.293514279055952,"violation at burn-in"
759,60,0.628087362822182,0.321845726639475,0.49749371855331,0.386939558874797,0.336511421984741,"violation"
760,50,0.52546951642346,0.330419552419213,0.47370877129308,0.384187454245971,0.429363889164572,"violation at burn-in"
761,90,0.646806488045237,0.2183928882821,0.5,0.327542288288526,0.31957365705002,"violation"
762,50,0.69576322802424,0.186218464881775,0.5,0.271293199325011,0.275275766851961,"violation at burn-in"
763,90,0.679813221445547,0.276089762269053,0.498887651569859,0.372677996249965,0.289707929622282,"violation"
764,60,0.67898453405608,0.277820523977759,0.5,0.357071421427142,0.290457756980127,"violation"
765,70,0.827331230811649,0.110083364832902,0.469693777793531,0.202534955410826,0.156228114913655,"violation"
766,50,0.735135780166563,0.186218464881775,0.498397431775084,0.271293199325011,0.239650008430016,"violation at burn-in"
767,50,0.570041634225645,0.247231038614755,0.485386443980464,0.324961536185438,0.389033369176048,"violation at burn-in"
768,160,0.623676389336856,0.296244748637014,0.499843725578305,0.404612082740988,0.340502635844229,"violation"
769,110,0.695735893834368,0.262176912258402,0.495933879890395,0.369945271806833,0.275300499849749,"violation"
770,140,0.531091056562299,0.408662443406845,0.492598275701905,0.458257569495584,0.424277309299958,"violation"
771,100,0.588779913515678,0.359138307975099,0.49749371855331,0.427083130081252,0.372078272924817,"violation"
772,90,0.722797211785742,0.172446238383543,0.493913572686508,0.28458329944146,0.250814406785978,"violation"
773,50,0.613241213164896,0.330419552419213,0.493558507170123,0.384187454245971,0.349944773708415,"violation at burn-in"
774,110,0.772877094138803,0.204170710181437,0.478375349706286,0.322823289173904,0.20550025534209,"violation"
775,50,0.655135780166563,0.217457936814544,0.498397431775085,0.3,0.312037001872892,"violation at burn-in"
776,60,0.628087362822182,0.321845726639475,0.49749371855331,0.386939558874797,0.336511421984741,"violation"
777,50,0.613241213164896,0.275854602721513,0.493558507170123,0.346987031457949,0.349944773708415,"violation at burn-in"
778,50,0.655135780166563,0.303535969713597,0.498397431775085,0.366606055596467,0.312037001872892,"violation at burn-in"
779,50,0.570041634225645,0.217457936814544,0.485386443980464,0.3,0.389033369176048,"violation at burn-in"
780,50,0.455794942766946,0.356610582419392,0.448998886412873,0.4,0.496258684648017,"violation at burn-in"
781,60,0.835414903678092,0.128017549640717,0.471404520791032,0.217944947177034,0.148913705228935,"violation"
782,50,0.634348621733321,0.247231038614755,0.496386945839634,0.324961536185438,0.330846000637932,"violation at burn-in"
783,80,0.667930192578729,0.277215005619585,0.499843725578305,0.368908864084343,0.300460138780581,"violation"
784,50,0.735135780166563,0.217457936814544,0.498397431775084,0.3,0.239650008430016,"violation at burn-in"
785,50,0.810041634225645,0.152982381504905,0.485386443980464,0.237486841740758,0.171872388847417,"violation at burn-in"
786,50,0.613241213164896,0.330419552419213,0.493558507170123,0.384187454245971,0.349944773708415,"violation at burn-in"
787,60,0.610719759198964,0.321845726639475,0.495535624910617,0.386939558874797,0.352226279604646,"violation"
788,50,0.7918080076238,0.186218464881775,0.489897948556636,0.271293199325011,0.188370856463263,"violation at burn-in"
789,60,0.593147797236113,0.321845726639475,0.493006648591635,0.386939558874797,0.368126048296938,"violation"
790,80,0.786984182332723,0.175366151174201,0.480722113075735,0.282566363886433,0.192735634084697,"violation"
791,50,0.634348621733321,0.303535969713597,0.496386945839634,0.366606055596467,0.330846000637932,"violation at burn-in"
792,70,0.607731770179185,0.350482748537503,0.496723961448963,0.410325903324145,0.354929923874422,"violation"
793,130,0.705705791991277,0.251971882642398,0.49278822701683,0.36802688350479,0.26627936294337,"violation"
794,50,0.634348621733321,0.247231038614755,0.496386945839634,0.324961536185438,0.330846000637932,"violation at burn-in"
795,50,0.715606554747422,0.247231038614755,0.499599839871872,0.324961536185438,0.257320782334513,"violation at burn-in"
796,100,0.526061806212393,0.405251886207157,0.487749935930288,0.448998886412873,0.428827963201225,"violation"
797,90,0.601780917171199,0.2183928882821,0.498020774022555,0.327542288288526,0.36031447834528,"violation"
798,120,0.685158257605586,0.261846353901403,0.496585563847986,0.372677996249965,0.284871540903924,"violation"
799,50,0.502637754462236,0.431736911050606,0.466476151587624,0.438634243989226,0.450022921706777,"violation at burn-in"
800,50,0.69576322802424,0.186218464881775,0.5,0.271293199325011,0.275275766851961,"violation at burn-in"
801,70,0.775854249001272,0.199577213976811,0.486763572497166,0.3,0.20280641422324,"violation"
802,70,0.680179984149,0.277941769731781,0.499795876701026,0.363935405795914,0.289376069004658,"violation"
803,50,0.69576322802424,0.152982381504905,0.5,0.237486841740758,0.275275766851961,"violation at burn-in"
804,80,0.565579506029088,0.384648579546088,0.49228421668788,0.433012701892219,0.393070869732366,"violation"
805,50,0.675606554747422,0.247231038614755,0.499599839871872,0.324961536185438,0.293514279055952,"violation at burn-in"
806,90,0.646806488045237,0.261970727145936,0.5,0.362433476228891,0.31957365705002,"violation"
807,50,0.754348621733321,0.152982381504905,0.496386945839634,0.237486841740758,0.222265510473616,"violation at burn-in"
808,150,0.587870216145237,0.353104132053618,0.499288382489407,0.434920171474669,0.372901401144682,"violation"
809,50,0.502637754462236,0.407214344358805,0.466476151587624,0.427083130081252,0.450022921706777,"violation at burn-in"
810,110,0.721871828512944,0.227773327564664,0.491666083017817,0.343174292512307,0.25165172819723,"violation"
811,100,0.688779913515678,0.274785820349115,0.49749371855331,0.375632799419859,0.281594531121221,"violation"
812,50,0.634348621733321,0.217457936814544,0.496386945839634,0.3,0.330846000637932,"violation at burn-in"
813,90,0.743840394656332,0.2183928882821,0.489897948556636,0.327542288288526,0.231773747530095,"violation"
814,50,0.613241213164896,0.275854602721513,0.493558507170123,0.346987031457949,0.349944773708415,"violation at burn-in"
815,50,0.502637754462236,0.431736911050606,0.466476151587624,0.438634243989226,0.450022921706777,"violation at burn-in"
816,50,0.634348621733321,0.303535969713597,0.496386945839634,0.366606055596467,0.330846000637932,"violation at burn-in"
817,100,0.679032011658999,0.287172210795162,0.498397431775084,0.384187454245971,0.290414797468487,"violation"
818,100,0.557682154337909,0.382360585019762,0.493558507170123,0.438634243989226,0.400216689045935,"violation"
819,50,0.431736911050606,0.330419552419213,0.438634243989226,0.384187454245971,0.522846921647058,"violation at burn-in"
820,100,0.708105402044992,0.223814574541764,0.495075751779463,0.336303434416005,0.264108105978073,"violation"
821,50,0.5918080076238,0.247231038614755,0.489897948556636,0.324961536185438,0.369338340070454,"violation at burn-in"
822,50,0.715606554747422,0.217457936814544,0.499599839871872,0.3,0.257320782334513,"violation at burn-in"
823,80,0.692540886538257,0.26103406316158,0.498591766879478,0.357071421427142,0.278191462002168,"violation"
824,110,0.678085665447016,0.273416337326332,0.497929597731969,0.378011325205305,0.291271086931506,"violation"
825,50,0.52546951642346,0.407214344358805,0.47370877129308,0.427083130081252,0.429363889164572,"violation at burn-in"
826,90,0.722797211785742,0.20338476730575,0.493913572686508,0.314269680527354,0.250814406785978,"violation"
827,50,0.735135780166563,0.217457936814544,0.498397431775084,0.3,0.239650008430016,"violation at burn-in"
828,90,0.646806488045237,0.303814977559827,0.5,0.391420332306856,0.31957365705002,"violation"
829,50,0.5918080076238,0.330419552419213,0.489897948556636,0.384187454245971,0.369338340070454,"violation at burn-in"
830,50,0.5918080076238,0.217457936814544,0.489897948556636,0.3,0.369338340070454,"violation at burn-in"
831,110,0.642251496737483,0.284553805602117,0.499917348540637,0.385694607919935,0.323695183624105,"violation"
832,90,0.722797211785742,0.233142552968625,0.493913572686508,0.339934634239519,0.250814406785978,"violation"
833,60,0.695551737234068,0.231582853192141,0.499722145018832,0.321022671404304,0.275467131632479,"violation"
834,50,0.69576322802424,0.186218464881775,0.5,0.271293199325011,0.275275766851961,"violation at burn-in"
835,50,0.613241213164896,0.217457936814544,0.493558507170123,0.3,0.349944773708415,"violation at burn-in"
836,90,0.61314655477888,0.31744519043619,0.498887651569859,0.4,0.350030424158013,"violation"
837,50,0.655135780166563,0.247231038614755,0.498397431775085,0.324961536185438,0.312037001872892,"violation at burn-in"
838,70,0.680179984149,0.277941769731781,0.499795876701026,0.363935405795914,0.289376069004658,"violation"
839,60,0.728087362822182,0.231582853192141,0.49749371855331,0.321022671404304,0.246027680181146,"violation"
840,50,0.613241213164896,0.275854602721513,0.493558507170123,0.346987031457949,0.349944773708415,"violation at burn-in"
841,90,0.601780917171199,0.261970727145936,0.498020774022555,0.362433476228891,0.36031447834528,"violation"
842,50,0.479419962141996,0.431736911050606,0.458257569495584,0.438634243989226,0.471031248962318,"violation at burn-in"
843,50,0.675606554747422,0.217457936814544,0.499599839871872,0.3,0.293514279055952,"violation at burn-in"
844,70,0.531809856390553,0.402213187764847,0.483186700722508,0.43705881545081,0.423626912319277,"violation"
845,60,0.71191968105846,0.255019417571102,0.498887651569859,0.339934634239519,0.260656803603859,"violation"
846,50,0.52546951642346,0.356610582419392,0.47370877129308,0.4,0.429363889164572,"violation at burn-in"
847,80,0.704699440093972,0.26103406316158,0.49749371855331,0.357071421427142,0.267189947795763,"violation"
848,50,0.54793269890327,0.275854602721513,0.48,0.346987031457949,0.409038361128669,"violation at burn-in"
849,50,0.735135780166563,0.152982381504905,0.498397431775084,0.237486841740758,0.239650008430016,"violation at burn-in"
850,60,0.775368312114878,0.182270757123434,0.489897948556636,0.276385399196283,0.203246108100853,"violation"
851,50,0.655135780166563,0.275854602721513,0.498397431775085,0.346987031457949,0.312037001872892,"violation at burn-in"
852,70,0.680179984149,0.259006363929107,0.499795876701026,0.349927106111883,0.289376069004658,"violation"
853,50,0.754348621733321,0.11672320304952,0.496386945839634,0.195959179422654,0.222265510473616,"violation at burn-in"
854,160,0.623676389336856,0.325030329781199,0.499843725578305,0.421631874388073,0.340502635844229,"violation"
855,50,0.5918080076238,0.303535969713597,0.489897948556636,0.366606055596467,0.369338340070454,"violation at burn-in"
856,60,0.662218403900734,0.300073861690174,0.499722145018832,0.372677996249965,0.305628378900345,"violation"
857,50,0.715606554747422,0.217457936814544,0.499599839871872,0.3,0.257320782334513,"violation at burn-in"
858,70,0.722017484464899,0.219889993015236,0.496723961448963,0.318157963590287,0.251519933241741,"violation"
859,80,0.578719699775789,0.369828342043601,0.49434299833213,0.42555111326373,0.381181130750108,"violation"
860,50,0.69576322802424,0.247231038614755,0.5,0.324961536185438,0.275275766851961,"violation at burn-in"
861,90,0.701453016358738,0.247661097989027,0.496903994999953,0.351539822656808,0.270127433466203,"violation"
862,50,0.5918080076238,0.356610582419392,0.489897948556636,0.4,0.369338340070454,"violation at burn-in"
863,120,0.771815126926517,0.187709996941677,0.476969600708473,0.310800936649525,0.206461163012493,"violation"
864,50,0.655135780166563,0.275854602721513,0.498397431775085,0.346987031457949,0.312037001872892,"violation at burn-in"
865,50,0.773241213164896,0.11672320304952,0.493558507170123,0.195959179422654,0.205170786822661,"violation at burn-in"
866,120,0.668919452455457,0.292192819123005,0.498260864295892,0.393612189287318,0.299565019427956,"violation"
867,50,0.570041634225645,0.152982381504905,0.485386443980464,0.237486841740758,0.389033369176048,"violation at burn-in"
868,50,0.52546951642346,0.356610582419392,0.47370877129308,0.4,0.429363889164572,"violation at burn-in"
869,90,0.805077150958625,0.0860384755253482,0.471404520791032,0.17950549357115,0.17636443906863,"violation"
870,50,0.479419962141996,0.455794942766946,0.458257569495584,0.448998886412873,0.471031248962318,"violation at burn-in"
871,50,0.715606554747422,0.217457936814544,0.499599839871872,0.3,0.257320782334513,"violation at burn-in"
872,70,0.735688375127614,0.219889993015236,0.494871659305394,0.318157963590287,0.239149999832239,"violation"
873,50,0.69576322802424,0.247231038614755,0.5,0.324961536185438,0.275275766851961,"violation at burn-in"
874,110,0.651276337559553,0.306546082495674,0.499669312133138,0.4,0.315529169956477,"violation"
875,90,0.668883644532381,0.276089762269053,0.499505928733089,0.372677996249965,0.299597419776617,"violation"
876,50,0.754348621733321,0.186218464881775,0.496386945839634,0.271293199325011,0.222265510473616,"violation at burn-in"
877,60,0.728087362822182,0.231582853192141,0.49749371855331,0.321022671404304,0.246027680181146,"violation"
878,50,0.675606554747422,0.247231038614755,0.499599839871872,0.324961536185438,0.293514279055952,"violation at burn-in"
879,50,0.655135780166563,0.303535969713597,0.498397431775085,0.366606055596467,0.312037001872892,"violation at burn-in"
880,70,0.735688375127614,0.219889993015236,0.494871659305394,0.318157963590287,0.239149999832239,"violation"
881,90,0.701453016358738,0.261970727145936,0.496903994999953,0.362433476228891,0.270127433466203,"violation"
882,50,0.5918080076238,0.330419552419213,0.489897948556636,0.384187454245971,0.369338340070454,"violation at burn-in"
883,90,0.601780917171199,0.261970727145936,0.498020774022555,0.362433476228891,0.36031447834528,"violation"
884,130,0.607419731659329,0.352004633122961,0.499763257562486,0.430769230769231,0.355212268003057,"violation"
885,50,0.655135780166563,0.152982381504905,0.498397431775085,0.237486841740758,0.312037001872892,"violation at burn-in"
886,160,0.521994986008996,0.415595493677401,0.49228421668788,0.463512405443479,0.432507774293683,"violation"
887,50,0.5918080076238,0.217457936814544,0.489897948556636,0.3,0.369338340070454,"violation at burn-in"
888,70,0.665962023294685,0.296525110967136,0.5,0.376883027379226,0.302241011993813,"violation"
889,110,0.669193554049482,0.284553805602117,0.498675932796454,0.385694607919935,0.299317002049339,"violation"
890,50,0.69576322802424,0.247231038614755,0.5,0.324961536185438,0.275275766851961,"violation at burn-in"
891,50,0.675606554747422,0.247231038614755,0.499599839871872,0.324961536185438,0.293514279055952,"violation at burn-in"
892,60,0.695551737234068,0.255019417571102,0.499722145018832,0.339934634239519,0.275467131632479,"violation"
893,120,0.732996924830356,0.241193863211347,0.488122821520249,0.357071421427142,0.241585324769982,"violation"
894,50,0.810041634225645,0.152982381504905,0.485386443980464,0.237486841740758,0.171872388847417,"violation at burn-in"
895,50,0.634348621733321,0.303535969713597,0.496386945839634,0.366606055596467,0.330846000637932,"violation at burn-in"
896,50,0.455794942766946,0.407214344358805,0.448998886412873,0.427083130081252,0.496258684648017,"violation at burn-in"
897,60,0.75981446390278,0.207390720433648,0.493006648591635,0.3,0.217319811957611,"violation"
898,50,0.655135780166563,0.303535969713597,0.498397431775085,0.366606055596467,0.312037001872892,"violation at burn-in"
899,50,0.675606554747422,0.217457936814544,0.499599839871872,0.3,0.293514279055952,"violation at burn-in"
900,50,0.5918080076238,0.247231038614755,0.489897948556636,0.324961536185438,0.369338340070454,"violation at burn-in"
901,90,0.764575085746329,0.188083892827142,0.484831649539365,0.3,0.213012223180449,"violation"
902,110,0.587176574537925,0.370575577246544,0.497929597731969,0.435605401844034,0.373529034025684,"violation"
903,50,0.69576322802424,0.247231038614755,0.5,0.324961536185438,0.275275766851961,"violation at burn-in"
904,140,0.674926485701757,0.286411256224176,0.496723961448963,0.394541842275471,0.294129630975318,"violation"
905,50,0.715606554747422,0.247231038614755,0.499599839871872,0.324961536185438,0.257320782334513,"violation at burn-in"
906,70,0.665962023294685,0.259006363929107,0.5,0.349927106111883,0.302241011993813,"violation"
907,50,0.634348621733321,0.275854602721513,0.496386945839634,0.346987031457949,0.330846000637932,"violation at burn-in"
908,50,0.735135780166563,0.186218464881775,0.498397431775084,0.271293199325011,0.239650008430016,"violation at burn-in"
909,50,0.715606554747422,0.186218464881775,0.499599839871872,0.271293199325011,0.257320782334513,"violation at burn-in"
910,50,0.675606554747422,0.217457936814544,0.499599839871872,0.3,0.293514279055952,"violation at burn-in"
911,80,0.680284317189877,0.277215005619585,0.499374608885954,0.368908864084343,0.289281664565335,"violation"
912,50,0.613241213164896,0.303535969713597,0.493558507170123,0.366606055596467,0.349944773708415,"violation at burn-in"
913,50,0.634348621733321,0.186218464881775,0.496386945839634,0.271293199325011,0.330846000637932,"violation at burn-in"
914,50,0.613241213164896,0.275854602721513,0.493558507170123,0.346987031457949,0.349944773708415,"violation at burn-in"
915,50,0.69576322802424,0.217457936814544,0.5,0.3,0.275275766851961,"violation at burn-in"
916,70,0.607731770179185,0.332769618635748,0.496723961448963,0.4,0.354929923874422,"violation"
917,50,0.54793269890327,0.303535969713597,0.48,0.366606055596467,0.409038361128669,"violation at burn-in"
918,140,0.639880085084389,0.319883141326108,0.499540605283025,0.415208332266675,0.325840925621391,"violation"
919,90,0.624439200087936,0.31744519043619,0.499505928733089,0.4,0.339812416133771,"violation"
920,60,0.628087362822182,0.321845726639475,0.49749371855331,0.386939558874797,0.336511421984741,"violation"
921,70,0.577790927299637,0.367950493857785,0.492598275701905,0.419912527334259,0.382021518839373,"violation"
922,50,0.754348621733321,0.217457936814544,0.496386945839634,0.3,0.222265510473616,"violation at burn-in"
923,60,0.557377323238863,0.364140461538491,0.486198404860494,0.411973569810276,0.400492511630532,"violation"
924,60,0.575368312114878,0.343187627244864,0.489897948556636,0.4,0.384213591708045,"violation"
925,90,0.555579068534113,0.357517700466871,0.492035329455212,0.422952584681651,0.402119639774549,"violation"
926,110,0.660257059927892,0.284553805602117,0.499255644281672,0.385694607919935,0.307403076316611,"violation"
927,50,0.7918080076238,0.152982381504905,0.489897948556636,0.237486841740758,0.188370856463263,"violation at burn-in"
928,120,0.63601254685438,0.321882203720321,0.499930550732355,0.411973569810276,0.329340418927587,"violation"
929,90,0.590341905247627,0.330933703250142,0.496903994999953,0.408097059382377,0.370664924359088,"violation"
930,50,0.54793269890327,0.247231038614755,0.48,0.324961536185438,0.409038361128669,"violation at burn-in"
931,60,0.610719759198964,0.343187627244864,0.495535624910617,0.4,0.352226279604646,"violation"
932,50,0.655135780166563,0.217457936814544,0.498397431775085,0.3,0.312037001872892,"violation at burn-in"
933,90,0.578829022922192,0.31744519043619,0.495535624910617,0.4,0.381082211076585,"violation"
934,60,0.662218403900734,0.300073861690174,0.499722145018832,0.372677996249965,0.305628378900345,"violation"
935,50,0.810041634225645,0.152982381504905,0.485386443980464,0.237486841740758,0.171872388847417,"violation at burn-in"
936,50,0.735135780166563,0.186218464881775,0.498397431775084,0.271293199325011,0.239650008430016,"violation at burn-in"
937,50,0.655135780166563,0.303535969713597,0.498397431775085,0.366606055596467,0.312037001872892,"violation at burn-in"
938,70,0.749219498728208,0.219889993015236,0.492598275701905,0.318157963590287,0.226906532890352,"violation"
939,50,0.570041634225645,0.382188387157828,0.485386443980464,0.41424630354416,0.389033369176048,"violation at burn-in"
940,100,0.679032011658999,0.274785820349115,0.498397431775084,0.375632799419859,0.290414797468487,"violation"
941,60,0.610719759198964,0.321845726639475,0.495535624910617,0.386939558874797,0.352226279604646,"violation"
942,60,0.744053092532297,0.207390720433648,0.495535624910617,0.3,0.231581290533185,"violation"
943,50,0.675606554747422,0.11672320304952,0.499599839871872,0.195959179422654,0.293514279055952,"violation at burn-in"
944,50,0.655135780166563,0.275854602721513,0.498397431775085,0.346987031457949,0.312037001872892,"violation at burn-in"
945,90,0.764575085746329,0.188083892827142,0.484831649539365,0.3,0.213012223180449,"violation"
946,60,0.593147797236113,0.321845726639475,0.493006648591635,0.386939558874797,0.368126048296938,"violation"
947,130,0.607419731659329,0.343175480300374,0.499763257562486,0.426142737983524,0.355212268003057,"violation"
948,70,0.775854249001272,0.199577213976811,0.486763572497166,0.3,0.20280641422324,"violation"
949,60,0.593147797236113,0.321845726639475,0.493006648591635,0.386939558874797,0.368126048296938,"violation"
950,50,0.655135780166563,0.275854602721513,0.498397431775085,0.346987031457949,0.312037001872892,"violation at burn-in"
951,50,0.69576322802424,0.152982381504905,0.5,0.237486841740758,0.275275766851961,"violation at burn-in"
952,90,0.73335684631189,0.20338476730575,0.492035329455212,0.314269680527354,0.241259654345934,"violation"
953,50,0.773241213164896,0.186218464881775,0.493558507170123,0.271293199325011,0.205170786822661,"violation at burn-in"
954,110,0.633182603119593,0.306546082495674,0.5,0.4,0.331901057909759,"violation"
955,120,0.453727172791022,0.489739559804981,0.471404520791032,0.481894409826699,0.498543923890679,"violation"
956,70,0.665962023294685,0.239674700455725,0.5,0.334724986110285,0.302241011993813,"violation"
957,110,0.669193554049482,0.284553805602117,0.498675932796454,0.385694607919935,0.299317002049339,"violation"
958,60,0.628087362822182,0.321845726639475,0.49749371855331,0.386939558874797,0.336511421984741,"violation"
959,50,0.7918080076238,0.152982381504905,0.489897948556636,0.237486841740758,0.188370856463263,"violation at burn-in"
960,90,0.722797211785742,0.20338476730575,0.493913572686508,0.314269680527354,0.250814406785978,"violation"
961,100,0.688779913515678,0.262267736842892,0.49749371855331,0.366606055596467,0.281594531121221,"violation"
962,50,0.613241213164896,0.186218464881775,0.493558507170123,0.271293199325011,0.349944773708415,"violation at burn-in"
963,50,0.773241213164896,0.186218464881775,0.493558507170123,0.271293199325011,0.205170786822661,"violation at burn-in"
964,60,0.849852021016531,0.128017549640717,0.465176191231762,0.217944947177034,0.135850461252539,"violation"
965,90,0.635659123942328,0.247661097989027,0.499876527964533,0.351539822656808,0.329660209202803,"violation"
966,50,0.754348621733321,0.217457936814544,0.496386945839634,0.3,0.222265510473616,"violation at burn-in"
967,50,0.655135780166563,0.247231038614755,0.498397431775085,0.324961536185438,0.312037001872892,"violation at burn-in"
968,150,0.647778288369664,0.307309696091684,0.498887651569859,0.409661106552992,0.318694335753619,"violation"
969,60,0.628087362822182,0.300073861690174,0.49749371855331,0.372677996249965,0.336511421984741,"violation"
970,90,0.712162356255526,0.233142552968625,0.495535624910617,0.339934634239519,0.260437222005124,"violation"
971,50,0.634348621733321,0.330419552419213,0.496386945839634,0.384187454245971,0.330846000637932,"violation at burn-in"
972,80,0.630284317189877,0.324383029835095,0.499374608885954,0.4,0.334523535467133,"violation"
973,60,0.610719759198964,0.300073861690174,0.495535624910617,0.372677996249965,0.352226279604646,"violation"
974,50,0.82793269890327,0.152982381504905,0.48,0.237486841740758,0.155683884078601,"violation at burn-in"
975,80,0.630284317189877,0.324383029835095,0.499374608885954,0.4,0.334523535467133,"violation"
976,50,0.715606554747422,0.217457936814544,0.499599839871872,0.3,0.257320782334513,"violation at burn-in"
977,80,0.630284317189877,0.324383029835095,0.499374608885954,0.4,0.334523535467133,"violation"
978,50,0.911736911050606,0.0748137038467872,0.438634243989226,0.14,0.0798546971386676,"violation at burn-in"
979,160,0.702988774370163,0.237009798455308,0.491132301421928,0.363092188706945,0.268737822152417,"violation"
980,80,0.52554168846942,0.413846996746245,0.484122918275927,0.446514277487294,0.429298585196851,"violation"
981,50,0.655135780166563,0.11672320304952,0.498397431775085,0.195959179422654,0.312037001872892,"violation at burn-in"
982,100,0.557682154337909,0.370792410192719,0.493558507170123,0.433012701892219,0.400216689045935,"violation"
983,60,0.575368312114878,0.321845726639475,0.489897948556636,0.386939558874797,0.384213591708045,"violation"
984,110,0.587176574537925,0.370575577246544,0.497929597731969,0.435605401844034,0.373529034025684,"violation"
985,80,0.692540886538257,0.26103406316158,0.498591766879478,0.357071421427142,0.278191462002168,"violation"
986,50,0.613241213164896,0.247231038614755,0.493558507170123,0.324961536185438,0.349944773708415,"violation at burn-in"
987,50,0.52546951642346,0.330419552419213,0.47370877129308,0.384187454245971,0.429363889164572,"violation at burn-in"
988,60,0.593147797236113,0.300073861690174,0.493006648591635,0.372677996249965,0.368126048296938,"violation"
989,100,0.659367433163752,0.287172210795162,0.499599839871872,0.384187454245971,0.308208043900891,"violation"
990,140,0.538516008185653,0.416528891617096,0.493787940934411,0.461309139784786,0.417558935244042,"violation"
991,50,0.715606554747422,0.247231038614755,0.499599839871872,0.324961536185438,0.257320782334513,"violation at burn-in"
992,50,0.613241213164896,0.330419552419213,0.493558507170123,0.384187454245971,0.349944773708415,"violation at burn-in"
993,50,0.502637754462236,0.330419552419213,0.466476151587624,0.384187454245971,0.450022921706777,"violation at burn-in"
994,130,0.713058310156367,0.251971882642398,0.49140542319029,0.36802688350479,0.259626529390807,"violation"
995,50,0.655135780166563,0.217457936814544,0.498397431775085,0.3,0.312037001872892,"violation at burn-in"
996,100,0.619367433163752,0.335557370949775,0.499599839871872,0.41424630354416,0.34440154062233,"violation"
997,90,0.679813221445547,0.233142552968625,0.498887651569859,0.339934634239519,0.289707929622282,"violation"
998,90,0.764575085746329,0.156413666941003,0.484831649539365,0.267821573182088,0.213012223180449,"violation"
999,50,0.715606554747422,0.152982381504905,0.499599839871872,0.237486841740758,0.257320782334513,"violation at burn-in"
1000,110,0.730491768103442,0.227773327564664,0.489897948556636,0.343174292512307,0.243852084314538,"violation"
