"trial","stopped_at_n","T1_","T2_","s1","s2","beta_allowed","reason"
1,10050,0.20041835173426,0.343454499127841,0.389162866216919,0.46881002235286,0.325598198404431,"max_iter reached without violation"
2,10050,0.165999924522359,0.404220748015142,0.35973314477143,0.486893398553433,0.368401730340369,"max_iter reached without violation"
3,10050,0.184722942107272,0.385841607989217,0.376374140485761,0.482277676893469,0.344256179258794,"max_iter reached without violation"
4,10050,0.246382115536572,0.315177369464309,0.421373944482905,0.457515597296161,0.27766456348883,"max_iter reached without violation"
5,10050,0.381921247342797,0.202364850919607,0.48119921481596,0.390680384195297,0.175083730044002,"max_iter reached without violation"
6,10050,0.438398031164865,0.161670325915635,0.493590722353085,0.355651470009054,0.143588466723996,"max_iter reached without violation"
7,10050,0.269165967686026,0.274954547327461,0.43480724483942,0.437978812232233,0.256931732505738,"max_iter reached without violation"
8,10050,0.279521981716495,0.283174369826448,0.44041496056747,0.442321585434135,0.248064569706176,"max_iter reached without violation"
9,10050,0.150933734048259,0.416057688478895,0.345119167708495,0.489487517462641,0.38956669833025,"max_iter reached without violation"
10,10050,0.194780573830228,0.364817828694332,0.384683939261074,0.476100427472169,0.332147372187715,"max_iter reached without violation"
11,10050,0.421470969423775,0.168987383716809,0.490576366791315,0.362496507196634,0.152499462589083,"max_iter reached without violation"
12,10050,0.0952563174964769,0.519629317906748,0.278844674711629,0.499998574290683,0.486596727194287,"max_iter reached without violation"
13,10050,0.0536916212493811,0.639375371277751,0.209420377784305,0.485015013558492,0.592889341356663,"max_iter reached without violation"
14,10050,0.0809393104470003,0.555796594589945,0.257563029932981,0.498598307528704,0.518523660673459,"max_iter reached without violation"
15,10050,0.0929461025748175,0.530370381700792,0.275558589638135,0.499857408939342,0.491494717920487,"max_iter reached without violation"
16,10050,0.334776998564189,0.227110798452118,0.465547629870806,0.408752888416724,0.205729059315404,"max_iter reached without violation"
17,10050,0.216588614820138,0.348395718048804,0.401337039188114,0.470589133239876,0.307686053308157,"max_iter reached without violation"
18,10050,0.386344128661734,0.193755007212866,0.482413509336386,0.383855591622579,0.172426772882768,"max_iter reached without violation"
19,10050,0.339520173467539,0.226906621682127,0.467352803675011,0.40861261992449,0.2024396636322,"max_iter reached without violation"
20,10050,0.0459268878574569,0.657205754471351,0.193132252174589,0.480144828113311,0.618857200476856,"max_iter reached without violation"
21,10050,0.0534766885440694,0.630795592841182,0.208988388744528,0.487101711681281,0.59357228519358,"max_iter reached without violation"
22,10050,0.409639008423338,0.182360135455786,0.488117299992549,0.37436036056504,0.158987233073383,"max_iter reached without violation"
23,10050,0.080728086048787,0.562939042444037,0.257231616932838,0.498008916455605,0.519024914673435,"max_iter reached without violation"
24,10050,0.172076163444494,0.388554978422355,0.365309178330331,0.483004630344098,0.360321113785557,"max_iter reached without violation"
25,10050,0.274243860764863,0.275766695374899,0.437594519097848,0.438416236939236,0.252542812566548,"max_iter reached without violation"
26,10050,0.300808613171595,0.258798399088622,0.451022550495997,0.42888614822053,0.230819467026699,"max_iter reached without violation"
27,10050,0.180818679760058,0.39156914209503,0.373033604979231,0.483793578224258,0.349111858126646,"max_iter reached without violation"
28,10050,0.333464704816077,0.222515517685281,0.46503878628102,0.405561495620006,0.206647908481152,"max_iter reached without violation"
29,160,0.00881542013799851,0.785172923776737,0.0395284707521047,0.465991885658967,0.820329724011205,"violation"
30,10050,0.326092807502597,0.233845665458353,0.46210377890433,0.413301294398513,0.211881828636864,"max_iter reached without violation"
31,10050,0.152173756046191,0.423775940781057,0.346366558470806,0.491021548241626,0.38775982266787,"max_iter reached without violation"
32,10050,0.219859207957096,0.339217476870544,0.403683443757962,0.467239186726066,0.304210534449243,"max_iter reached without violation"
33,10050,0.140794595536846,0.442201117710309,0.334598756443696,0.494187185920829,0.404817543024662,"max_iter reached without violation"
34,10050,0.281652708556585,0.271299017760112,0.441531690714383,0.435986985321828,0.246280347087352,"max_iter reached without violation"
35,10050,0.743684643699582,0.0502477538436702,0.445366387403935,0.202374459592849,0.0366803823641104,"max_iter reached without violation"
36,10050,0.194062694092989,0.374780975949508,0.384104554134958,0.479148946857263,0.332993277933316,"max_iter reached without violation"
37,10050,0.52142008670432,0.120547607695758,0.499991089250071,0.31170786487499,0.105426192718941,"max_iter reached without violation"
38,10050,0.0568037985986452,0.62734226767504,0.215566323622687,0.487895347642029,0.58320572268304,"max_iter reached without violation"
39,10050,0.0823117519091947,0.561352162332515,0.259703189030123,0.498148856627537,0.515289884256856,"max_iter reached without violation"
40,10050,0.0760755702897399,0.568789026764314,0.249789218337548,0.497448513306161,0.530316823815865,"max_iter reached without violation"
41,10050,0.148866318524038,0.428785342668235,0.343020867097723,0.491951216691218,0.39260663606536,"max_iter reached without violation"
42,10050,0.0883192596404011,0.542592876810709,0.26881248478528,0.499415028715257,0.501585147643726,"max_iter reached without violation"
43,10050,0.17197323148107,0.394683015894112,0.365216164701446,0.484588157647925,0.360455965975195,"max_iter reached without violation"
44,10050,0.554903519972145,0.109494909766786,0.498664695514442,0.297999567921871,0.0922885912478152,"max_iter reached without violation"
45,10050,0.125125308879808,0.456003170790588,0.317121155993297,0.496104964337394,0.430238337519288,"max_iter reached without violation"
46,10050,0.0892663773286394,0.552223938526808,0.270211843257522,0.498854160927228,0.499488072463032,"max_iter reached without violation"
47,10050,0.059159610753316,0.616285180431968,0.220089088667119,0.490260136166336,0.57611781544076,"max_iter reached without violation"
48,10050,0.408234494653117,0.188419435648834,0.487805970123883,0.379476984953441,0.159772067621708,"max_iter reached without violation"
49,10050,0.0610839988858721,0.606206875820196,0.223705603250832,0.492184405454953,0.570472834636264,"max_iter reached without violation"
50,10050,0.139137061540891,0.435795288146801,0.332822434641459,0.493165497189963,0.407395473869003,"max_iter reached without violation"
51,10050,0.0930511575743124,0.532855524603373,0.275709183870331,0.499791793485769,0.491270013318574,"max_iter reached without violation"
52,10050,0.371762706116021,0.204515602203464,0.478248632420438,0.392340213712485,0.181320279935724,"max_iter reached without violation"
53,10050,0.0937864210429131,0.530270966484195,0.276760047438788,0.499859775886813,0.489702645823294,"max_iter reached without violation"
54,90,0.262254035278338,0.233408274135905,0.362433476228891,0.339934634239519,0.263037239032209,"violation"
55,10050,0.411544888298392,0.174443084797096,0.488533148326636,0.36743455643629,0.157927292148177,"max_iter reached without violation"
56,10050,0.301821143748362,0.271095891118922,0.451497336980916,0.43587519823446,0.230030108493064,"max_iter reached without violation"
57,10050,0.179585230588879,0.382323392805792,0.37196448124457,0.481311377450518,0.35066472693922,"max_iter reached without violation"
58,10050,0.83888918905644,0.0241517892629254,0.380073453823376,0.136892280816397,0.018204969595651,"max_iter reached without violation"
59,10050,0.428685173445966,0.169708251748433,0.491933133632153,0.363156940306788,0.148649589200458,"max_iter reached without violation"
60,10050,0.591074511627134,0.0930511575743124,0.49466649693958,0.275709183870331,0.0793455426522473,"max_iter reached without violation"
61,10050,0.190779947757358,0.371762706116021,0.381428532691706,0.478248632420438,0.336896856616403,"max_iter reached without violation"
62,10050,0.197343791226032,0.3683410923293,0.386735846201589,0.477203650111886,0.329149289832182,"max_iter reached without violation"
63,10050,0.132604260935305,0.443201748320544,0.325658371482237,0.494339223649024,0.417804245651773,"max_iter reached without violation"
64,10050,0.085580982529874,0.547558203857804,0.264711328289084,0.499149307261693,0.507743574848068,"max_iter reached without violation"
65,10050,0.698474346231972,0.059159610753316,0.465974951185467,0.220089088667119,0.0475099059556655,"max_iter reached without violation"
66,10050,0.140794595536846,0.442201117710309,0.334598756443696,0.494187185920829,0.404817543024662,"max_iter reached without violation"
67,10050,0.0630057449167226,0.610258921354195,0.227250459226234,0.491437024199178,0.564958828783306,"max_iter reached without violation"
68,10050,0.448803885560036,0.158575571417668,0.495152822286096,0.352676752228,0.138316665980026,"max_iter reached without violation"
69,10050,0.177426078740041,0.391770060510362,0.370076813111524,0.483845474206207,0.353405280080388,"max_iter reached without violation"
70,10050,0.0333782422292215,0.717483659643165,0.163139327682285,0.457996547588549,0.667941546879636,"max_iter reached without violation"
71,10050,0.0269510919936333,0.74436803112216,0.145347251842707,0.445010278161766,0.697923363440781,"max_iter reached without violation"
72,10050,0.359379901454678,0.212907468154753,0.474343125759636,0.398650429941996,0.189184868439681,"max_iter reached without violation"
73,10050,0.545274381087429,0.111374371544262,0.499277713990155,0.300397597965503,0.0959479555299685,"max_iter reached without violation"
74,10050,0.154033197100808,0.409137414034062,0.348221590061921,0.488006590037473,0.385073083946387,"max_iter reached without violation"
75,10050,0.514852777963376,0.127723788606032,0.499987168469792,0.320129441531336,0.1081429954159,"max_iter reached without violation"
76,10050,0.187187514257579,0.382122321711836,0.378449297391698,0.481255340546353,0.341236676255337,"max_iter reached without violation"
77,10050,0.136338530504706,0.442701442463074,0.329785770597748,0.494263461022317,0.411805037727905,"max_iter reached without violation"
78,10050,0.667930409503866,0.0709871160792991,0.476859938665362,0.241318129740785,0.0556443115962864,"max_iter reached without violation"
79,10050,0.274751499461238,0.273330042462557,0.437869161665395,0.437098300595026,0.252108435194923,"max_iter reached without violation"
80,10050,0.211475409010481,0.33437323217627,0.397592019381544,0.465391504801354,0.313216222643718,"max_iter reached without violation"
81,10050,0.0858971044204048,0.550139449083513,0.26518906364002,0.498991473158504,0.507025223440515,"max_iter reached without violation"
82,10050,0.155685445342514,0.421370744010121,0.349854552585999,0.490556759719578,0.382708213099724,"max_iter reached without violation"
83,10050,0.0817839952099259,0.556491166951696,0.258882909598444,0.498545554199552,0.516528680628541,"max_iter reached without violation"
84,10050,0.18698217050711,0.369347549815249,0.378277378264365,0.477513723317493,0.341486930473304,"max_iter reached without violation"
85,10050,0.570870602271155,0.101023090415167,0.497232169813318,0.286822181305801,0.0864223037019533,"max_iter reached without violation"
86,10050,0.0871611539173908,0.545969498659263,0.267088123919732,0.499239747751029,0.504172221492321,"max_iter reached without violation"
87,10050,0.101442023712925,0.509775860955511,0.287389660582074,0.499925055644203,0.473909655585929,"max_iter reached without violation"
88,10050,0.135094146548389,0.463198581145668,0.328420075582919,0.496952012711535,0.413789308545911,"max_iter reached without violation"
89,10050,0.254424179602845,0.310626008895468,0.426292962595173,0.455515400227652,0.270144109618793,"max_iter reached without violation"
90,10050,0.236701169735799,0.311232969378661,0.415184487856256,0.455785141862029,0.287031447775436,"max_iter reached without violation"
91,10050,0.427483082959375,0.1714585435337,0.491714514513325,0.364750333613476,0.149285643961193,"max_iter reached without violation"
92,10050,0.25605204849459,0.285912763012946,0.427264712764688,0.44372720151086,0.268649431536151,"max_iter reached without violation"
93,10050,0.37769792699796,0.205232370788991,0.48,0.392889462381286,0.177653562438425,"max_iter reached without violation"
94,10050,0.11116559680467,0.500513061535423,0.300132624166892,0.499679112892458,0.45511077322217,"max_iter reached without violation"
95,10050,0.3891578693554,0.193447305810683,0.483163998369665,0.383606235245486,0.17075445014748,"max_iter reached without violation"
96,10050,0.101860895493288,0.505593443975467,0.287955471394626,0.499835214547693,0.473071986266254,"max_iter reached without violation"
97,10050,0.388554978422355,0.190779947757358,0.483004630344097,0.381428532691706,0.171111607354936,"max_iter reached without violation"
98,10050,0.598890174607692,0.0901079449811461,0.493445105434661,0.271447181213597,0.0767077963957793,"max_iter reached without violation"
99,10050,0.0366731918845584,0.70072983503175,0.171543702594858,0.465078075591221,0.654011018454237,"max_iter reached without violation"
100,10050,0.141208881197747,0.444102251275536,0.335040183347185,0.494474305691543,0.404177067641996,"max_iter reached without violation"
101,10050,0.232723583692841,0.332758021616275,0.412553968843453,0.464763071633961,0.290984262520615,"max_iter reached without violation"
102,10050,0.334070397879575,0.232927610231666,0.465274153185873,0.412690162792957,0.206223334324128,"max_iter reached without violation"
103,10050,0.224456081496299,0.34395880216067,0.406918035440971,0.468994195652308,0.29940455552941,"max_iter reached without violation"
104,10050,0.210656961865844,0.340125542528437,0.396983751690743,0.467579383039477,0.314112603471199,"max_iter reached without violation"
105,10050,0.0972498607353437,0.523111151131365,0.281638113067127,0.499978128775876,0.482441509192024,"max_iter reached without violation"
106,10050,0.190677334983052,0.368643038385568,0.381344176052803,0.477296911029897,0.337019822339992,"max_iter reached without violation"
107,10050,0.309411983586329,0.253610132192548,0.454973086993472,0.425804023709573,0.224197090298255,"max_iter reached without violation"
108,10050,0.164350967826735,0.405726050867851,0.358189454969497,0.487239623218797,0.370637803938923,"max_iter reached without violation"
109,10050,0.53315371105309,0.117527314949836,0.499783087029603,0.308053996758986,0.100688911798862,"max_iter reached without violation"
110,10050,0.207689305178134,0.360789972744927,0.39475746929961,0.47480518568916,0.317389338251505,"max_iter reached without violation"
111,10050,0.19016424640487,0.378904738012204,0.380921722768938,0.480346648422704,0.337635551043096,"max_iter reached without violation"
112,10050,0.137582548051742,0.444102251275536,0.331141527925812,0.494474305691543,0.409835917304419,"max_iter reached without violation"
113,10050,0.0998707036460097,0.518335837770266,0.285252928880346,0.499999990099255,0.477075673417726,"max_iter reached without violation"
114,10050,0.301011127234533,0.267235643468282,0.45111772334594,0.433728421429646,0.230661373122849,"max_iter reached without violation"
115,10050,0.83445458604378,0.0283991658722124,0.38393862285159,0.149538699764176,0.0189419355978453,"max_iter reached without violation"
116,10050,0.22802952784901,0.333464704816077,0.409382304745608,0.46503878628102,0.295730533338311,"max_iter reached without violation"
117,10050,0.484163235943735,0.142658576257628,0.49882700952936,0.33657691204587,0.121492395535792,"max_iter reached without violation"
118,10050,0.172590795210054,0.405425004510871,0.365773485665339,0.487170763783419,0.359647919483129,"max_iter reached without violation"
119,100,0.0591581105728108,0.568473078786412,0.14,0.495075751779463,0.576122265831656,"violation"
120,10050,0.461599934878985,0.152690338341398,0.496772833334722,0.346883767720847,0.132039029149495,"max_iter reached without violation"
121,10050,0.457102719848712,0.153413461778522,0.496241161846361,0.347605371534226,0.134220109712099,"max_iter reached without violation"
122,10050,0.365119863209112,0.207177514718693,0.4761960875461,0.39437022335928,0.185502550592014,"max_iter reached without violation"
123,10050,0.133226873524944,0.459901164406641,0.326352626738751,0.496576791831225,0.416794636545717,"max_iter reached without violation"
124,10050,0.0220096156742805,0.751979458152743,0.130067716787157,0.440948324484538,0.724241670606362,"max_iter reached without violation"
125,10050,0.335180750480499,0.228948149503003,0.465703362443884,0.410008798890879,0.205447128234983,"max_iter reached without violation"
126,10050,0.072048393545281,0.57394280574077,0.243115020606958,0.496896574039254,0.540503020261268,"max_iter reached without violation"
127,10050,0.233437653867519,0.332152257708807,0.413030031697434,0.464525783311651,0.290270034584817,"max_iter reached without violation"
128,10050,0.456303056772408,0.156717822946552,0.496142352285953,0.350867626582842,0.134610770948005,"max_iter reached without violation"
129,10050,0.0692877150970571,0.595527050531806,0.238406299049853,0.493986470566898,0.547725061459354,"max_iter reached without violation"
130,10050,0.151037081377843,0.434093216619343,0.345223446823829,0.492879925062073,0.389415639822076,"max_iter reached without violation"
131,10050,0.0356865286642494,0.698082038525527,0.169071797298563,0.466129606418591,0.658093439325054,"max_iter reached without violation"
132,10050,0.07257879322057,0.570573254375118,0.244006982359952,0.497263619371871,0.539138324668201,"max_iter reached without violation"
133,10050,0.255034665668114,0.300707354648226,0.426658324433928,0.450974923607981,0.269582503686166,"max_iter reached without violation"
134,10050,0.835129639609346,0.0241517892629254,0.383356484235103,0.136892280816397,0.0188289904667852,"max_iter reached without violation"
135,10050,0.522514328958345,0.122316940091136,0.499983356570599,0.313817674192087,0.104978126592732,"max_iter reached without violation"
136,10050,0.488751153123873,0.136649569065429,0.499119999837976,0.330125636789903,0.119425916999747,"max_iter reached without violation"
137,10050,0.078826091212657,0.556193497500721,0.254222449316133,0.498568282602809,0.52358229999106,"max_iter reached without violation"
138,10050,0.305667858256163,0.259510277862754,0.453277070314296,0.429302776302168,0.227055658944903,"max_iter reached without violation"
139,10050,0.138100781624027,0.44960399816665,0.331703522816438,0.495263823926915,0.409019867322988,"max_iter reached without violation"
140,10050,0.269369136343123,0.287940711049879,0.434920171474669,0.444755072014165,0.256754582095954,"max_iter reached without violation"
141,10050,0.279724928323983,0.282159955422605,0.440521864813067,0.441795706129324,0.247894048061658,"max_iter reached without violation"
142,10050,0.106778151650547,0.498918824068992,0.294482045727007,0.49961950820488,0.463429939955983,"max_iter reached without violation"
143,10050,0.136960584796755,0.439999464098888,0.330464883807217,0.493845481221393,0.410818598153266,"max_iter reached without violation"
144,10050,0.532954920817636,0.115859828546819,0.49978891116042,0.306007747558461,0.100767945875003,"max_iter reached without violation"
145,10050,0.603241148933444,0.0892663773286394,0.492709151390216,0.270211843257522,0.0752628420529877,"max_iter reached without violation"
146,10050,0.172179093535912,0.390865902247074,0.365402141186994,0.483611253548036,0.360186332800751,"max_iter reached without violation"
147,10050,0.164247891221425,0.413751343612715,0.358092518389372,0.489005083950466,0.370778208855797,"max_iter reached without violation"
148,10050,0.446303223418765,0.155065916599815,0.494797527732968,0.349243936872768,0.139569644887511,"max_iter reached without violation"
149,10050,0.359984238215471,0.217406397645204,0.474541707265919,0.401927289322744,0.188794129286016,"max_iter reached without violation"
150,10050,0.251269323547827,0.308299004483974,0.424386869780625,0.454472642234971,0.273067023896396,"max_iter reached without violation"
151,10050,0.191600790839043,0.369951384064256,0.382101782557162,0.47769867578932,0.335915281947855,"max_iter reached without violation"
152,10050,0.703376970166557,0.0556242558074797,0.464008607167002,0.213260550441693,0.0462671812262697,"max_iter reached without violation"
153,10050,0.243937461368937,0.319625722540715,0.419838999528523,0.459420732251543,0.279996804710369,"max_iter reached without violation"
154,140,0.0271646915588467,0.695970586134289,0.0842130437325114,0.493787940934411,0.696857252823361,"violation"
155,10050,0.224762441485563,0.344664789255833,0.407131010257605,0.469251030674272,0.299087473215125,"max_iter reached without violation"
156,10050,0.480771166920989,0.141933787771853,0.49858333500728,0.335810149081785,0.123036840404047,"max_iter reached without violation"
157,10050,0.0542287796572239,0.629019717557103,0.210495648668714,0.487513135922092,0.591190737351874,"max_iter reached without violation"
158,170,0.90130359475056,0.00830818378943444,0.386135139582972,0.0383482494423685,0.00908123484757719,"violation"
159,60,0.80629588007704,0.0231683210192908,0.481894409826699,0.0645497224367903,0.0238982278090228,"violation"
160,10050,0.487554454999391,0.141208881197747,0.499047631396558,0.335040183347185,0.119962460789245,"max_iter reached without violation"
161,10050,0.0298426229931093,0.719539257989143,0.153604932812305,0.457075656200591,0.683922761066033,"max_iter reached without violation"
162,10050,0.151553784793818,0.430588257675706,0.345743941089614,0.49227315897573,0.388661674500164,"max_iter reached without violation"
163,10050,0.0640722851784769,0.594636665193129,0.229190086694892,0.494125796698369,0.561949618014232,"max_iter reached without violation"
164,10050,0.0920004104424384,0.526592089862077,0.274197894836077,0.499933422957909,0.493526099130187,"max_iter reached without violation"
165,10050,0.0421295592128771,0.67314154973964,0.184595887527424,0.475165052568574,0.632652895593145,"max_iter reached without violation"
166,10050,0.435394820525308,0.164144812628634,0.49309884067154,0.357995527905098,0.145138647521432,"max_iter reached without violation"
167,10050,0.177323242274906,0.389459303897192,0.369986389570099,0.483243386083873,0.353536521844927,"max_iter reached without violation"
168,10050,0.38151908877488,0.195190755530593,0.481086696752089,0.385014059283417,0.175327050088652,"max_iter reached without violation"
169,10050,0.364616468123152,0.2100430652646,0.476036539418679,0.396525889907327,0.185822923164937,"max_iter reached without violation"
170,10050,0.231193218581146,0.32043431758779,0.411528010087475,0.459761793120315,0.292521839357374,"max_iter reached without violation"
171,10050,0.19016424640487,0.376792740768784,0.380921722768938,0.4797378990355,0.337635551043096,"max_iter reached without violation"
172,10050,0.161567197103646,0.416859798836278,0.355553117488733,0.489652701741312,0.374456000193243,"max_iter reached without violation"
173,10050,0.0965155713624721,0.51803732483187,0.280613668748227,0.499999841588054,0.483964473687456,"max_iter reached without violation"
174,10050,0.276781782988036,0.286115576571115,0.438960374905706,0.443830497216727,0.250379006770313,"max_iter reached without violation"
175,10050,0.0992419290166978,0.509278021748568,0.284391547889659,0.499916193070456,0.478353186420401,"max_iter reached without violation"
176,10050,0.161773452698935,0.41194609013755,0.355749767507662,0.488619718164833,0.374171212441941,"max_iter reached without violation"
177,10050,0.178659976251753,0.381116917092846,0.37115809665766,0.480973823009461,0.351835635954836,"max_iter reached without violation"
178,10050,0.265000026566716,0.298175567357477,0.432465570469882,0.44977545833639,0.260593150584332,"max_iter reached without violation"
179,10050,0.321849214385695,0.234151660576176,0.460354729602509,0.413504373237416,0.214951507041464,"max_iter reached without violation"
180,10050,0.391066831950277,0.191908579972866,0.483663455677562,0.38235351837603,0.169627732949338,"max_iter reached without violation"
181,10050,0.454603613906911,0.158369188398408,0.495928074256012,0.35247664623902,0.135443871316684,"max_iter reached without violation"
182,10050,0.0647118442172177,0.608183644498274,0.230343960502757,0.491824198571942,0.560162060585333,"max_iter reached without violation"
183,10050,0.316390738662541,0.248724249701054,0.458040115608065,0.422827048920922,0.218962772944123,"max_iter reached without violation"
184,10050,0.620630202384474,0.0863185318056889,0.489362742922912,0.265824187110595,0.0696516145348271,"max_iter reached without violation"
185,10050,0.17166442434444,0.401811893262809,0.364936818793129,0.486329398916403,0.360860950489043,"max_iter reached without violation"
186,10050,0.0363444700153872,0.699356985783123,0.170724232884403,0.465625545194755,0.65536304216985,"max_iter reached without violation"
187,10050,0.0520786398329518,0.644993327525374,0.20615371443752,0.483558963884121,0.598061319307078,"max_iter reached without violation"
188,10050,0.0680120361843379,0.584343335736765,0.23619182784362,0.495615577962178,0.551132010869552,"max_iter reached without violation"
189,10050,0.211986891257693,0.354342560927928,0.397970906045109,0.472655710541413,0.312657622808655,"max_iter reached without violation"
190,10050,0.25422067482872,0.311536436604458,0.426170919854209,0.455919659667018,0.270331606555896,"max_iter reached without violation"
191,10050,0.322758694036972,0.242409192287955,0.460733275990739,0.418869888941406,0.214290062370458,"max_iter reached without violation"
192,60,0.80629588007704,0.0231683210192908,0.481894409826699,0.0645497224367903,0.0238982278090228,"violation"
193,10050,0.237109016990225,0.315480724610283,0.415451293454764,0.457647075292332,0.286629645163154,"max_iter reached without violation"
194,10050,0.103849707362816,0.516246109212809,0.29062058639999,0.499995208016442,0.469130199752106,"max_iter reached without violation"
195,10050,0.489848033557112,0.137686199782615,0.499183819381735,0.331254062958299,0.118935648686147,"max_iter reached without violation"
196,10050,0.0937864210429131,0.516246109212809,0.276760047438788,0.499995208016442,0.489702645823294,"max_iter reached without violation"
197,10050,0.462499196839804,0.153723339191522,0.496874257356002,0.347913745286178,0.131606127850641,"max_iter reached without violation"
198,80,0.0174293356248191,0.72912894631842,0.0559016994374947,0.49434299833213,0.752164178382924,"violation"
199,10050,0.0541213676660208,0.626355426333785,0.21028112853039,0.488117299992549,0.591529464215645,"max_iter reached without violation"
200,10050,0.225477234161442,0.33386850381847,0.407626668659511,0.46519579591439,0.298349203968898,"max_iter reached without violation"
201,10050,0.338107520412461,0.236395270907913,0.466820721583087,0.414984020575774,0.203414184386195,"max_iter reached without violation"
202,10050,0.146797998493459,0.428885511123985,0.340898034627832,0.491969278960893,0.395682893934139,"max_iter reached without violation"
203,10050,0.0778744228503803,0.567301986917129,0.252699668279277,0.497597614599187,0.525892787303862,"max_iter reached without violation"
204,10050,0.091474871323061,0.54348677093655,0.273437760208252,0.499370867279567,0.494661742549741,"max_iter reached without violation"
205,10050,0.342344954474971,0.229356391338697,0.468402726116977,0.410286306251739,0.200503943148731,"max_iter reached without violation"
206,10050,0.0443014863306813,0.652676802488348,0.189528732823885,0.481451081299609,0.624664707030161,"max_iter reached without violation"
207,10050,0.245159876758499,0.302327371833295,0.420608867018256,0.451733721198068,0.278827855924954,"max_iter reached without violation"
208,10050,0.770589953693295,0.0415856884333347,0.430249320004601,0.183338564902371,0.0308829590633665,"max_iter reached without violation"
209,10050,0.153929913294929,0.422272744913433,0.348119033825133,0.490732468847627,0.385221613140989,"max_iter reached without violation"
210,10050,0.0617248682413409,0.609764838544027,0.224895015233848,0.491530041944646,0.568620619682631,"max_iter reached without violation"
211,10050,0.231091183789081,0.330637704432528,0.411459329379193,0.463928670318281,0.292624690112829,"max_iter reached without violation"
212,10050,0.166618153547683,0.407030503066853,0.360308509783244,0.487535789720874,0.367568211947589,"max_iter reached without violation"
213,10050,0.456103133531879,0.155169176735373,0.496117447256434,0.349345851127373,0.134708574604538,"max_iter reached without violation"
214,10050,0.0524014200868438,0.635332776871805,0.206812036724642,0.486018726613231,0.597017605897174,"max_iter reached without violation"
215,10050,0.0467925927396321,0.648343142034976,0.195022235742109,0.482656619083639,0.615820542583481,"max_iter reached without violation"
216,10050,0.191805985229011,0.373070714985758,0.382269650755802,0.478641262307914,0.335670483842905,"max_iter reached without violation"
217,10050,0.223639061876225,0.333262799871114,0.406348484815197,0.464960133819486,0.300252115769363,"max_iter reached without violation"
218,10050,0.0503555393874439,0.651199595508022,0.202599111156955,0.48186686784297,0.603709356982556,"max_iter reached without violation"
219,10050,0.0903182911098272,0.540606232969601,0.271754773945098,0.499507403198742,0.497178293239374,"max_iter reached without violation"
220,10050,0.295440532812053,0.265406542846564,0.448460934720127,0.432696277614757,0.235049924399067,"max_iter reached without violation"
221,10050,0.146797998493459,0.440199629570331,0.340898034627832,0.493876955994291,0.395682893934139,"max_iter reached without violation"
222,10050,0.0977742304593397,0.520027286971546,0.282366531563278,0.499997465402848,0.481359242475174,"max_iter reached without violation"
223,10050,0.232009449832181,0.332455143756459,0.412076178709682,0.464644538507313,0.29170059134796,"max_iter reached without violation"
224,10050,0.343051040759795,0.220676633305415,0.468662251343133,0.404263998472384,0.200022765759494,"max_iter reached without violation"
225,10050,0.0626856320991499,0.607392973810552,0.22666448266827,0.491969278960893,0.565869023184341,"max_iter reached without violation"
226,10050,0.302934812868128,0.26134056414886,0.452016496267775,0.430367077493806,0.229165010625043,"max_iter reached without violation"
227,10050,0.14234796702877,0.442601379024423,0.336248690115539,0.494248247007572,0.402423920819847,"max_iter reached without violation"
228,10050,0.0458186182236914,0.654744583033728,0.192894471208601,0.480860593337606,0.619239695362103,"max_iter reached without violation"
229,10050,0.363710303656321,0.215464015824237,0.475747906868054,0.400521441762179,0.186400863573145,"max_iter reached without violation"
230,10050,0.527387607383869,0.125021332826496,0.499919797532813,0.316999824745833,0.102998415653058,"max_iter reached without violation"
231,10050,0.455203441948155,0.156098421855187,0.496004371079826,0.350260473006192,0.13514937745846,"max_iter reached without violation"
232,10050,0.515648984771896,0.12200476746715,0.499992237755643,0.313447050139663,0.107811073735257,"max_iter reached without violation"
233,10050,0.103535774621362,0.506091418344455,0.290202224757456,0.499847742962197,0.469748553567849,"max_iter reached without violation"
234,10050,0.33507981385734,0.235375525048583,0.465664466075597,0.414313542492024,0.205517576169837,"max_iter reached without violation"
235,10050,0.0829448881161486,0.547955350808133,0.260682863946895,0.499125901132725,0.5138114076751,"max_iter reached without violation"
236,10050,0.355753233074372,0.220676633305415,0.473134066784826,0.404263998472384,0.191544979751663,"max_iter reached without violation"
237,10050,0.616186412476409,0.0856863614016334,0.490280058011521,0.264870706526715,0.0710610101997131,"max_iter reached without violation"
238,10050,0.217406397645204,0.348798989711837,0.401927289322744,0.470731840469751,0.306812577565652,"max_iter reached without violation"
239,10050,0.247298679296989,0.319322483876348,0.421944624807921,0.459292413448621,0.276795777762579,"max_iter reached without violation"
240,10050,0.420869605343876,0.167751391246066,0.490458409802752,0.361358404547638,0.152823951032268,"max_iter reached without violation"
241,10050,0.211986891257693,0.356055497973108,0.397970906045109,0.473235975291075,0.312657622808655,"max_iter reached without violation"
242,10050,0.315480724610283,0.249335135923547,0.457647075292332,0.423203263752106,0.219638508316997,"max_iter reached without violation"
243,10050,0.173825721564528,0.395185181325462,0.366882673300228,0.484714355303687,0.358039462971193,"max_iter reached without violation"
244,10050,0.298985807254469,0.259510277862754,0.450161130529413,0.429302776302168,0.232247338133135,"max_iter reached without violation"
245,10050,0.379809768444986,0.200110958826574,0.48060452390537,0.388921876772218,0.176364498857101,"max_iter reached without violation"
246,10050,0.301618645575578,0.265101657328038,0.45140259510086,0.432523293128858,0.230187758253898,"max_iter reached without violation"
247,10050,0.105837176879295,0.501608991161468,0.293249294346866,0.499717144814112,0.465248341096004,"max_iter reached without violation"
248,10050,0.14183023693865,0.446203187146152,0.33570035057784,0.494783050510622,0.403219328073398,"max_iter reached without violation"
249,10050,0.287839323526784,0.26754045826932,0.444703946418735,0.433899487928499,0.241174764192848,"max_iter reached without violation"
250,10050,0.186468781605744,0.38091582633115,0.377846779668975,0.480917252680381,0.342113650895566,"max_iter reached without violation"
251,10050,0.155272434730396,0.4089367707823,0.349447707326771,0.487962156992493,0.383297394316941,"max_iter reached without violation"
252,10050,0.425980314389021,0.182565633219743,0.491437024199178,0.37453645681856,0.150083838726623,"max_iter reached without violation"
253,10050,0.217815255299706,0.341033535874609,0.402221498810781,0.467917618127407,0.306376994743531,"max_iter reached without violation"
254,10050,0.154239758230468,0.40231377563681,0.348426526729239,0.486447919541524,0.384776282696663,"max_iter reached without violation"
255,10050,0.46639530278423,0.149073100504012,0.497294887758718,0.343231793627612,0.129742849224132,"max_iter reached without violation"
256,10050,0.0925258388889335,0.521519566923592,0.274955027813852,0.499990485293495,0.492395538805772,"max_iter reached without violation"
257,10050,0.791682829947641,0.0343685857582424,0.416711095871397,0.165711049651,0.0266609108803978,"max_iter reached without violation"
258,10050,0.0905286190491137,0.535141452560059,0.272061873347104,0.499720483242626,0.496718867042732,"max_iter reached without violation"
259,10050,0.125957014562254,0.463698119054819,0.31808901936718,0.497006947181719,0.428826782531559,"max_iter reached without violation"
260,10050,0.519330833442087,0.119089857286805,0.499999198039009,0.309952660444368,0.106285330247208,"max_iter reached without violation"
261,10050,0.182257383965201,0.376088660752938,0.374272241688113,0.479532787476512,0.347312095406798,"max_iter reached without violation"
262,10050,0.203184263860481,0.367133232477394,0.391314846038304,0.476828555302327,0.322444671748405,"max_iter reached without violation"
263,10050,0.33901567466614,0.226702439561397,0.467163320775522,0.40847220631046,0.202787194222047,"max_iter reached without violation"
264,10050,0.132604260935305,0.447703652161732,0.325658371482237,0.494998064225548,0.417804245651773,"max_iter reached without violation"
265,10050,0.176911878382082,0.393477737025556,0.369624206336052,0.484283063805625,0.354062166604012,"max_iter reached without violation"
266,10050,0.0758638304559033,0.571861713664385,0.249443825784929,0.497126029046185,0.530842549716915,"max_iter reached without violation"
267,10050,0.205232370788991,0.357062991691798,0.392889462381286,0.473574153015132,0.320134094676488,"max_iter reached without violation"
268,10050,0.17166442434444,0.409839640685239,0.364936818793129,0.48816143497248,0.360860950489043,"max_iter reached without violation"
269,10050,0.473185815021508,0.147728855512727,0.497955116488602,0.34185637415439,0.126542465702024,"max_iter reached without violation"
270,10050,0.0464680469264397,0.663012071774475,0.194316028272484,0.478400095961058,0.616954473133708,"max_iter reached without violation"
271,10050,0.0580893163029027,0.609369558462528,0.218047640767372,0.491604080954963,0.579313149517268,"max_iter reached without violation"
272,10050,0.0969351899288542,0.5098754266056,0.281199733757151,0.499926768726931,0.483093089874038,"max_iter reached without violation"
273,10050,0.603438885446945,0.087792919083748,0.492674748401702,0.268030613719486,0.0751975687847355,"max_iter reached without violation"
274,10050,0.0781916961307135,0.56759940822429,0.253208631417808,0.497568156083932,0.525120227178318,"max_iter reached without violation"
275,10050,0.710628653394331,0.0563750033723527,0.460984501073458,0.214731370890501,0.0444600906922894,"max_iter reached without violation"
276,10050,0.10907710080023,0.498719531215344,0.297462582554678,0.499611700415235,0.459038607061886,"max_iter reached without violation"
277,10050,0.223843324927971,0.338813868881242,0.406491093425711,0.467087357715482,0.300039951343112,"max_iter reached without violation"
278,10050,0.0990323057959091,0.516942721173636,0.284103561736284,0.499997772327405,0.478780453442972,"max_iter reached without violation"
279,10050,0.0905286190491137,0.532954920817636,0.272061873347104,0.49978891116042,0.496718867042732,"max_iter reached without violation"
280,10050,0.286419789080412,0.283478673566405,0.443985228467066,0.442478791026088,0.242336524952556,"max_iter reached without violation"
281,10050,0.218121883811959,0.346883324418256,0.40244175645973,0.47005059377044,0.306050810967667,"max_iter reached without violation"
282,10050,0.0925258388889335,0.528580796011705,0.274955027813852,0.499896982035996,0.492395538805772,"max_iter reached without violation"
283,60,0.0231683210192908,0.696027981311858,0.0645497224367903,0.499722145018832,0.717761491335291,"violation"
284,10050,0.165175509312859,0.408033837256075,0.358963012296428,0.487761153433159,0.369517326581023,"max_iter reached without violation"
285,10050,0.117214722607082,0.463698119054819,0.307671989169444,0.497006947181719,0.444048658459613,"max_iter reached without violation"
286,10050,0.0449519993946162,0.671765253307552,0.190979699737275,0.475619028280902,0.62232348790779,"max_iter reached without violation"
287,10050,0.0339286381931165,0.699847309459117,0.164573625186351,0.465430572886835,0.665553956451198,"max_iter reached without violation"
288,10050,0.331647429417128,0.235477505398738,0.464327364035924,0.41438074663658,0.207926696793962,"max_iter reached without violation"
289,10050,0.153826627325805,0.411845790851478,0.348016418917189,0.488598107538629,0.385370228177358,"max_iter reached without violation"
290,10050,0.0662031100523149,0.601461383050423,0.233008164306637,0.493015055504731,0.556042069648087,"max_iter reached without violation"
291,10050,0.104686698137372,0.512463877152329,0.291731791093642,0.499964356047397,0.467488539054495,"max_iter reached without violation"
292,10050,0.265000026566716,0.299188357218027,0.432465570469882,0.450257277069533,0.260593150584332,"max_iter reached without violation"
293,50,0.382620179808971,0.153229927643832,0.41424630354416,0.237486841740758,0.174661541634474,"violation at burn-in"
294,10050,0.146073869665024,0.434293471753932,0.340149162771766,0.492913831662715,0.396768323370064,"max_iter reached without violation"
295,10050,0.147522014442492,0.439699210208549,0.341643844989033,0.493798114924022,0.394602019020079,"max_iter reached without violation"
296,10050,0.257272753485042,0.295035279931213,0.427988191116709,0.448264493256445,0.267534562033014,"max_iter reached without violation"
297,10050,0.197958816074458,0.374277982941554,0.387224308102584,0.47900030381739,0.328435040584001,"max_iter reached without violation"
298,10050,0.435695172382926,0.160948381534765,0.493148864019889,0.354961844347809,0.144983025785588,"max_iter reached without violation"
299,10050,0.0397337111249243,0.681788718312569,0.178987275085296,0.472207409019325,0.641790517766116,"max_iter reached without violation"
300,10050,0.120027050869727,0.478975021148562,0.311082859113177,0.498444986700848,0.439057078085262,"max_iter reached without violation"
301,10050,0.182462885206891,0.372970103916815,0.374448432264096,0.478611195562649,0.347056024871476,"max_iter reached without violation"
302,10050,0.229560504325577,0.330637704432528,0.410424844829882,0.463928670318281,0.294172675871046,"max_iter reached without violation"
303,10050,0.232825597611787,0.328516984181095,0.412622083434741,0.463083337073172,0.29088210158518,"max_iter reached without violation"
304,10050,0.191087776217279,0.370756449519311,0.381681335105973,0.477944007696723,0.336528318504626,"max_iter reached without violation"
305,10050,0.319019236734559,0.236599204735821,0.459163864722567,0.415117700036438,0.217022247241693,"max_iter reached without violation"
306,10050,0.399000984997983,0.19016424640487,0.485655730509808,0.380921722768938,0.165011702796036,"max_iter reached without violation"
307,10050,0.132604260935305,0.458302124854605,0.325658371482237,0.496386945839634,0.417804245651773,"max_iter reached without violation"
308,10050,0.341134419567318,0.221187479231013,0.467955078925511,0.404625626935347,0.201331373608598,"max_iter reached without violation"
309,10050,0.157646782091423,0.413851628052608,0.35177449230058,0.489026291921245,0.379927903989965,"max_iter reached without violation"
310,10050,0.506688963472213,0.133538144336429,0.499862123016125,0.326698791994364,0.111587394125935,"max_iter reached without violation"
311,10050,0.372467036082715,0.201852668121544,0.478460523101468,0.390282497317245,0.180881732297023,"max_iter reached without violation"
312,10050,0.355853988902031,0.219654837762103,0.473168059650008,0.403537929227526,0.191479055871498,"max_iter reached without violation"
313,10050,0.0345884387906509,0.704651279485199,0.166276486919303,0.463487243877325,0.662724798439215,"max_iter reached without violation"
314,10050,0.403417847110852,0.195190755530593,0.486706773203437,0.385014059283417,0.162487846045915,"max_iter reached without violation"
315,10050,0.184517516814729,0.381619629645948,0.376200009788894,0.481114859603179,0.344509436895749,"max_iter reached without violation"
316,10050,0.312750218914487,0.257679617855027,0.456455382322942,0.428228339099782,0.221678242077767,"max_iter reached without violation"
317,10050,0.323263927838554,0.243020533340436,0.460942693433293,0.419258439589888,0.213923459125205,"max_iter reached without violation"
318,10050,0.819390660168961,0.0297317433081992,0.396372951955172,0.153296362507564,0.0215336626952929,"max_iter reached without violation"
319,10050,0.186674142233515,0.378804174960064,0.378019156539485,0.480317883980539,0.341862776461494,"max_iter reached without violation"
320,10050,0.344160517179576,0.221698290716107,0.469067696973424,0.404986321309145,0.199268837667109,"max_iter reached without violation"
321,10050,0.021556799737272,0.75890218176604,0.128581278649645,0.437098300595026,0.726831813171886,"max_iter reached without violation"
322,10050,0.502206733658129,0.133849391592557,0.499736877872015,0.327044318385843,0.113510767095796,"max_iter reached without violation"
323,10050,0.112209336190328,0.492739383794077,0.301453850365854,0.49934053190959,0.453169189647978,"max_iter reached without violation"
324,10050,0.0287326673201691,0.716994169624034,0.150487800352715,0.458214130188311,0.689189998589528,"max_iter reached without violation"
325,10050,0.152380395539255,0.42527896319996,0.346573620496281,0.491305923390564,0.387459906531866,"max_iter reached without violation"
326,10050,0.511866586229521,0.128658813125021,0.499956870494491,0.321200811237418,0.10939418473528,"max_iter reached without violation"
327,10050,0.0913697501372359,0.527884782095741,0.273285370882286,0.49991063779049,0.494889485504673,"max_iter reached without violation"
328,10050,0.173311201396023,0.4012096082302,0.366421392680525,0.486186464013709,0.358708421142186,"max_iter reached without violation"
329,10050,0.683163788653243,0.0635391110167961,0.471720179475673,0.228222875819885,0.0515018290687431,"max_iter reached without violation"
330,10050,0.174237304426491,0.397093227385112,0.367250795375979,0.485188954507621,0.357505556965957,"max_iter reached without violation"
331,10050,0.0867398814537756,0.547061753658825,0.266457202206857,0.499178117112663,0.505119621938351,"max_iter reached without violation"
332,10050,0.689251330087658,0.0653511344274486,0.469506691910951,0.231490543192021,0.0498943110263201,"max_iter reached without violation"
333,10050,0.0946264639803709,0.517738805322618,0.27795403234693,0.499999514863258,0.487923174280223,"max_iter reached without violation"
334,10050,0.356962246189638,0.225987759921956,0.473540440196267,0.407979613662532,0.190755275863515,"max_iter reached without violation"
335,10050,0.342445826606653,0.228029527849011,0.468439873359005,0.409382304745608,0.200435136430895,"max_iter reached without violation"
336,10050,0.257069314317354,0.306477512022766,0.427867927741739,0.453646845584099,0.267720010309085,"max_iter reached without violation"
337,10050,0.291792671486711,0.273025416705773,0.446677084493306,0.436932361320491,0.237969265006064,"max_iter reached without violation"
338,10050,0.103221808272843,0.503999803210338,0.289782951630128,0.499791793485769,0.470368408821348,"max_iter reached without violation"
339,10050,0.110225942865178,0.488352265494702,0.29893569614872,0.499096195587771,0.456870854530489,"max_iter reached without violation"
340,10050,0.309816674169018,0.24811332001714,0.455154277907619,0.422449655336911,0.223890246003539,"max_iter reached without violation"
341,10050,0.0328273207366217,0.705435392874707,0.161690776882995,0.463164317623001,0.670357192448484,"max_iter reached without violation"
342,10050,0.0560533102639914,0.633360294180069,0.214102533969364,0.486495177248656,0.585506597038439,"max_iter reached without violation"
343,10050,0.826347879898999,0.0278427819167295,0.390759836942175,0.147941997026858,0.0203196848372388,"max_iter reached without violation"
344,10050,0.141416009458984,0.431890208779951,0.335260501655353,0.492501491234641,0.403857425625348,"max_iter reached without violation"
345,10050,0.155788692662866,0.409338054144796,0.34995611926887,0.488050937892017,0.38256112859183,"max_iter reached without violation"
346,10050,0.16764837933822,0.397193642864379,0.361263222680477,0.485213716504788,0.366185019341145,"max_iter reached without violation"
347,10050,0.223128380431329,0.325284630396577,0.405991317368328,0.461774053357858,0.30078332973571,"max_iter reached without violation"
348,10050,0.372165185385081,0.203184263860481,0.478369848483183,0.391314846038305,0.181069564498196,"max_iter reached without violation"
349,10050,0.076922296365955,0.566607977943911,0.251164462135718,0.497665648051047,0.528225051588615,"max_iter reached without violation"
350,10050,0.0902131203230211,0.547458915285574,0.271601039350229,0.499155109034929,0.497408320689828,"max_iter reached without violation"
351,10050,0.236191331971957,0.325789748031005,0.414850202575539,0.461980320135683,0.287534638847347,"max_iter reached without violation"
352,10050,0.235273543415207,0.308804918635935,0.41424630354416,0.454700512018418,0.288443020099828,"max_iter reached without violation"
353,10050,0.116276775948407,0.482267772812876,0.306521365715198,0.498693682261969,0.44573428054892,"max_iter reached without violation"
354,10050,0.199701079893311,0.36018567696837,0.388599968344876,0.474607715749976,0.326422301625386,"max_iter reached without violation"
355,10050,0.41515525479567,0.178557161307047,0.48930007055545,0.371068256789438,0.155935224824914,"max_iter reached without violation"
356,10050,0.0861078278650199,0.536532697567128,0.265506889866571,0.499671940098292,0.506547463782373,"max_iter reached without violation"
357,10050,0.0259456609427556,0.738215731990168,0.142366328813773,0.448166107685221,0.703015029079063,"max_iter reached without violation"
358,10050,0.33528168620009,0.239861455278537,0.465742234305757,0.417237838262398,0.205376703504026,"max_iter reached without violation"
359,10050,0.121796637573104,0.474184131187926,0.313199565726215,0.498044382286917,0.435963186521175,"max_iter reached without violation"
360,10050,0.0335984629016551,0.712489753016685,0.163714736017372,0.460185827429998,0.666983188021839,"max_iter reached without violation"
361,10050,0.12075580930748,0.463398398539815,0.31195729440238,0.496974046994463,0.437778616568298,"max_iter reached without violation"
362,10050,0.175780478325024,0.400707682199408,0.368624151749903,0.486066759336939,0.355513309929953,"max_iter reached without violation"
363,10050,0.182051875760672,0.376189246094007,0.374095862267268,0.47956215643502,0.347568424563843,"max_iter reached without violation"
364,10050,0.22261766489232,0.342344954474971,0.405633225227032,0.468402726116977,0.301315694238006,"max_iter reached without violation"
365,10050,0.12200476746715,0.471089110437732,0.313447050139663,0.497761131871871,0.435601631456749,"max_iter reached without violation"
366,10050,0.135923776789164,0.455503345871607,0.329331649200272,0.496042245638098,0.412464766491444,"max_iter reached without violation"
367,10050,0.0991371193931702,0.521221124075379,0.284247608700416,0.499992237755643,0.478566730228241,"max_iter reached without violation"
368,10050,0.383931843791194,0.19683122713918,0.481756478648892,0.386327618077447,0.173871591657902,"max_iter reached without violation"
369,10050,0.400607294609631,0.191908579972866,0.48604275375349,0.38235351837603,0.16409009000997,"max_iter reached without violation"
370,10050,0.0782974426326976,0.558078625385991,0.25337798045642,0.498421299194075,0.524863241966446,"max_iter reached without violation"
371,10050,0.260832188618859,0.303744678922528,0.430072450656909,0.452392029169106,0.264312498261273,"max_iter reached without violation"
372,10050,0.181846360583452,0.392473249591518,0.373919293734325,0.484026421994382,0.347825012832952,"max_iter reached without violation"
373,10050,0.292502081297304,0.280232276167431,0.447026749788931,0.440788618919709,0.237398666125189,"max_iter reached without violation"
374,10050,0.781969642974322,0.0391881512668068,0.423140643004525,0.177684141574244,0.0285704525074677,"max_iter reached without violation"
375,10050,0.636417506876116,0.0778744228503804,0.485753004404082,0.252699668279277,0.0647773510795478,"max_iter reached without violation"
376,10050,0.17701472206278,0.391368220455892,0.369714825576662,0.483741594806849,0.353930653626973,"max_iter reached without violation"
377,10050,0.358372605093699,0.210759272855635,0.474010300735998,0.397059923384182,0.189837752450608,"max_iter reached without violation"
378,10050,0.142451505835798,0.431689917018026,0.336358162447727,0.492466591233961,0.402265133459769,"max_iter reached without violation"
379,10050,0.280130808731507,0.271299017760112,0.440735325942875,0.435986985321828,0.247553382138874,"max_iter reached without violation"
380,10050,0.0625789121799806,0.604822955532974,0.226468732783449,0.492431608336517,0.566173193638624,"max_iter reached without violation"
381,10050,0.212702905615462,0.345572423366964,0.398499698684003,0.469579522653873,0.311877688641634,"max_iter reached without violation"
382,10050,0.0575538404879109,0.628625043926061,0.217018004864311,0.487603622972911,0.580927222427905,"max_iter reached without violation"
383,10050,0.566707124304538,0.103640422595451,0.497655989240201,0.290341779719637,0.0879281793576174,"max_iter reached without violation"
384,10050,0.145660030795362,0.423375105521681,0.339719853660067,0.4909449207145,0.397390628219128,"max_iter reached without violation"
385,10050,0.233029621553119,0.331849363467038,0.412758206935536,0.464406805876616,0.290677908213532,"max_iter reached without violation"
386,10050,0.132292919005698,0.463598212959914,0.325310277373674,0.496996000615803,0.418310536225572,"max_iter reached without violation"
387,10050,0.390966367502042,0.190882558887105,0.483637365552825,0.381512844727166,0.169686872200846,"max_iter reached without violation"
388,10050,0.131254939831128,0.453303894061476,0.324145278586103,0.495760257798111,0.42000538620285,"max_iter reached without violation"
389,10050,0.471288810642319,0.150933734048259,0.497779987760602,0.345119167708494,0.127430560126714,"max_iter reached without violation"
390,10050,0.312042196057992,0.257476187996294,0.456143333747468,0.428108328200627,0.222210153319138,"max_iter reached without violation"
391,10050,0.0259456609427556,0.735480080108389,0.142366328813773,0.449533529394251,0.703015029079063,"max_iter reached without violation"
392,10050,0.319423564372722,0.239963379774771,0.45933521192042,0.417303527546936,0.216725223708697,"max_iter reached without violation"
393,10050,0.419265831599453,0.170120134384447,0.490140163894844,0.363533192800555,0.153692044974664,"max_iter reached without violation"
394,10050,0.304250813161328,0.257272753485042,0.452625868108287,0.427988191116709,0.22814691213352,"max_iter reached without violation"
395,10050,0.532159730636026,0.120547607695758,0.499811414647193,0.31170786487499,0.101084511505262,"max_iter reached without violation"
396,10050,0.164350967826735,0.417160577391085,0.358189454969497,0.489714297894232,0.370637803938923,"max_iter reached without violation"
397,10050,0.315480724610283,0.245567309260334,0.457647075292332,0.420864423771427,0.219638508316997,"max_iter reached without violation"
398,10050,0.594735599924146,0.0900027650764522,0.49411039810723,0.271293199325011,0.0781031505908076,"max_iter reached without violation"
399,10050,0.0305073775235922,0.719343504836421,0.155442154225661,0.457163851544207,0.680828192900477,"max_iter reached without violation"
400,10050,0.498221286274455,0.136027469043929,0.499591833598203,0.329445283314469,0.115240513491573,"max_iter reached without violation"
401,10050,0.243937461368937,0.314671758491635,0.419838999528523,0.457295950286964,0.279996804710369,"max_iter reached without violation"
402,10050,0.816586282133128,0.0309500592676754,0.398575083858531,0.156653734601319,0.0220312850931853,"max_iter reached without violation"
403,10050,0.0933662964744305,0.540904248222198,0.276160258731701,0.499494053564998,0.490597094949655,"max_iter reached without violation"
404,10050,0.0880034694670858,0.537426993646298,0.268343746209132,0.499638680368646,0.502288076074333,"max_iter reached without violation"
405,10050,0.803806497056572,0.0289548674408637,0.408190943117819,0.15111689492831,0.02435957781367,"max_iter reached without violation"
406,10050,0.124709387463871,0.462499196839804,0.316635364435243,0.496874257356002,0.430947025115109,"max_iter reached without violation"
407,10050,0.0825228180479268,0.547558203857804,0.260030309745017,0.499149307261693,0.514796084349487,"max_iter reached without violation"
408,10050,0.208917451166656,0.35041193650339,0.395682761065942,0.471298876115735,0.316028211749297,"max_iter reached without violation"
409,10050,0.274040797665383,0.290373701216037,0.437484455377348,0.445973668013673,0.252716791053068,"max_iter reached without violation"
410,10050,0.0812561070109493,0.549345272647171,0.25805906365529,0.49904147126251,0.517773668248496,"max_iter reached without violation"
411,10050,0.105628031696302,0.497125082995418,0.292974273448794,0.499546379709189,0.465654192201946,"max_iter reached without violation"
412,130,0.0108044440912923,0.799100144532646,0.0438529009653515,0.464668871093506,0.801942188233789,"violation"
413,10050,0.159813695267823,0.404622179487915,0.353872661766943,0.486986196473325,0.376889547052884,"max_iter reached without violation"
414,10050,0.3627033737272,0.214032459299843,0.475425020143525,0.399476663167866,0.187044941454803,"max_iter reached without violation"
415,10050,0.199291176077133,0.37447918263482,0.388277385047613,0.47905982856897,0.326894436697446,"max_iter reached without violation"
416,10050,0.356660004525755,0.215464015824237,0.473439161861541,0.400521441762179,0.19095241937402,"max_iter reached without violation"
417,10050,0.170531986627184,0.406428464758653,0.363908620973319,0.487399546433333,0.362351413410015,"max_iter reached without violation"
418,10050,0.554605815184156,0.113670012610095,0.498686465513517,0.303288413536685,0.0924003366579672,"max_iter reached without violation"
419,10050,0.650805642632037,0.0735331180219765,0.48197690308309,0.245601810862165,0.0605109764746465,"max_iter reached without violation"
420,10050,0.518136829874763,0.125229282071491,0.499999910893287,0.317242409628145,0.10677847915116,"max_iter reached without violation"
421,100,0.0139850394902896,0.765040746320405,0.05,0.482804308182932,0.776277201353935,"violation"
422,10050,0.430888719399202,0.166618153547683,0.492326162086683,0.360308509783244,0.147489226171949,"max_iter reached without violation"
423,10050,0.173208291802889,0.40873612438865,0.366328985774628,0.487917638733803,0.358842423562459,"max_iter reached without violation"
424,10050,0.426180693521373,0.1714585435337,0.491474293844916,0.364750333613476,0.149977211401007,"max_iter reached without violation"
425,10050,0.168678411565738,0.392975503360385,0.362212685796258,0.484155015524418,0.364809265714192,"max_iter reached without violation"
426,10050,0.403317480936968,0.187187514257579,0.486683348458004,0.378449297391698,0.162544838599434,"max_iter reached without violation"
427,10050,0.0606565898962346,0.608776615297684,0.22290824778043,0.491714514513325,0.571715710836294,"max_iter reached without violation"
428,10050,0.111687508414755,0.47837625284068,0.300794374138675,0.498397431775084,0.454138144664716,"max_iter reached without violation"
429,10050,0.323466014834426,0.249945978800426,0.461026283446899,0.423578302971305,0.213776990544418,"max_iter reached without violation"
430,10050,0.558277044426229,0.108032335009107,0.498405407573252,0.296113518370888,0.0910284461076474,"max_iter reached without violation"
431,10050,0.337602958883419,0.232519551955173,0.466629537395747,0.412417633891826,0.203763312069163,"max_iter reached without violation"
432,10050,0.106150867524599,0.498918824068992,0.293661089901076,0.49961950820488,0.46464076974034,"max_iter reached without violation"
433,10050,0.521121641665714,0.118777404393029,0.499992782304777,0.309574434964988,0.105548625795401,"max_iter reached without violation"
434,10050,0.494832735318197,0.133538144336429,0.499443575444064,0.326698791994364,0.116725852031898,"max_iter reached without violation"
435,10050,0.33578635125243,0.229458448492493,0.465936226233441,0.410355593450862,0.205024927496865,"max_iter reached without violation"
436,10050,0.919373333304234,0.00991024661696687,0.287955471394626,0.0825744161026779,0.00688092311913675,"max_iter reached without violation"
437,10050,0.863309323932725,0.0195102555574487,0.356925062318946,0.121651669673857,0.0143574105933879,"max_iter reached without violation"
438,10050,0.601758027845211,0.0852648163584997,0.49296453656027,0.264232391961056,0.0757535154153579,"max_iter reached without violation"
439,10050,0.30151739500105,0.257679617855027,0.451355183799877,0.428228339099782,0.230266624694276,"max_iter reached without violation"
440,10050,0.328415987411146,0.239351813939043,0.463042809414434,0.416908880367573,0.210219040894708,"max_iter reached without violation"
441,10050,0.0606565898962346,0.607985981427321,0.22290824778043,0.491860593456078,0.571715710836294,"max_iter reached without violation"
442,10050,0.169605276329411,0.403317480936968,0.363062748082984,0.486683348458004,0.363577384883942,"max_iter reached without violation"
443,10050,0.248011494169564,0.291387271931217,0.422386641583565,0.446476664945973,0.276122224295759,"max_iter reached without violation"
444,10050,0.671863565714654,0.0693939775206543,0.47558675113225,0.238589640821867,0.0545581600436694,"max_iter reached without violation"
445,10050,0.739094880210512,0.0481976934281763,0.447722010446937,0.198048172515344,0.0377165789079779,"max_iter reached without violation"
446,10050,0.246993168996892,0.317907257903618,0.421754695108388,0.458690549145876,0.277085023647382,"max_iter reached without violation"
447,10050,0.298580695319669,0.266117902982482,0.449968511778919,0.433098839283824,0.232565876995262,"max_iter reached without violation"
448,10050,0.145660030795362,0.444102251275536,0.339719853660067,0.494474305691543,0.397390628219128,"max_iter reached without violation"
449,10050,0.0852648163584998,0.547260335939714,0.264232391961056,0.499166652875458,0.508463991877014,"max_iter reached without violation"
450,10050,0.0819951135995664,0.55897148784578,0.259211447453098,0.498349157096858,0.516032422873442,"max_iter reached without violation"
451,10050,0.167442349714165,0.396390296650886,0.361072701412821,0.485015013558492,0.366461060287777,"max_iter reached without violation"
452,10050,0.146384224461168,0.427483082959375,0.340470484023688,0.491714514513325,0.396302579209364,"max_iter reached without violation"
453,10050,0.0995563341051023,0.524105796337367,0.28482272044142,0.499967831444578,0.47771362827068,"max_iter reached without violation"
454,10050,0.131981553217823,0.46060068420134,0.324961536185438,0.496658221890618,0.418817822691347,"max_iter reached without violation"
455,10050,0.154343035558062,0.411243978700817,0.348528907263142,0.488467998055278,0.384628010449063,"max_iter reached without violation"
456,10050,0.176500485573908,0.384635475357613,0.369261238865055,0.481949427442972,0.354588898861902,"max_iter reached without violation"
457,10050,0.0928410432137072,0.541301591639819,0.275407877110991,0.49947597598669,0.491719622390603,"max_iter reached without violation"
458,10050,0.074063082231748,0.564426570760136,0.246481961997544,0.497873063328833,0.535357122892904,"max_iter reached without violation"
459,10050,0.407532179998808,0.187495517258355,0.487648738383713,0.378706833671716,0.160165708751366,"max_iter reached without violation"
460,10050,0.458901787059375,0.15475612333117,0.496458744876373,0.348937845268888,0.133344348324988,"max_iter reached without violation"
461,10050,0.104268232324093,0.504298625106929,0.291176990847508,0.499800321505693,0.468308050452164,"max_iter reached without violation"
462,10050,0.643810817016889,0.0755461765750568,0.483871389417676,0.248924540067578,0.0625644933885362,"max_iter reached without violation"
463,160,0.00881542013799851,0.802198059516545,0.0395284707521047,0.458257569495584,0.820329724011205,"violation"
464,10050,0.257069314317354,0.31214334506283,0.427867927741739,0.456187990293538,0.267720010309085,"max_iter reached without violation"
465,10050,0.540208869047971,0.115859828546819,0.499524924670997,0.306007747558461,0.0979107920109048,"max_iter reached without violation"
466,10050,0.635332776871805,0.0775570986697989,0.486018726613231,0.252189324633346,0.0651057203653026,"max_iter reached without violation"
467,10050,0.313458194750114,0.252185367020628,0.456766155606891,0.424943438958298,0.221147608364752,"max_iter reached without violation"
468,10050,0.343151906681126,0.235681462251878,0.468699230149109,0.414515050583473,0.19995411548365,"max_iter reached without violation"
469,10050,0.0258337911411228,0.736848004951598,0.142030904740965,0.448852500950716,0.703589234909543,"max_iter reached without violation"
470,10050,0.200213424679177,0.36703257202207,0.389002248627042,0.476797149108492,0.325833380149583,"max_iter reached without violation"
471,10050,0.105628031696302,0.498420586446344,0.292974273448794,0.499599839871872,0.465654192201946,"max_iter reached without violation"
472,10050,0.0570181414418603,0.615297466040393,0.215982314528538,0.490458409802752,0.582552461221467,"max_iter reached without violation"
473,10050,0.442501314829892,0.161257798478698,0.494233012491947,0.35525772934038,0.141491394581362,"max_iter reached without violation"
474,10050,0.191600790839043,0.374177381849415,0.382101782557162,0.4789705076612,0.335915281947855,"max_iter reached without violation"
475,10050,0.137582548051742,0.448303790751202,0.331141527925812,0.495082783682631,0.409835917304419,"max_iter reached without violation"
476,10050,0.575924493217456,0.100289808015157,0.49666977392936,0.285825047924147,0.0846164988362869,"max_iter reached without violation"
477,10050,0.131358749759212,0.46219944955032,0.324262104214932,0.496840630996096,0.419835399083173,"max_iter reached without violation"
478,10050,0.135197859317497,0.452803968115889,0.328534266083449,0.495694799073352,0.413623368297525,"max_iter reached without violation"
479,10050,0.159710529648741,0.409639008423338,0.353773310971243,0.488117299992549,0.377033418179343,"max_iter reached without violation"
480,10050,0.0742750251628583,0.566310534419706,0.246832862917971,0.497694503999595,0.534821675697378,"max_iter reached without violation"
481,10050,0.552521696274403,0.107823339825202,0.498833827289049,0.295842565721167,0.0931850937228604,"max_iter reached without violation"
482,10050,0.286926789078912,0.280638135258894,0.444242548385446,0.441001501919136,0.241920932734445,"max_iter reached without violation"
483,10050,0.725605698450211,0.0512174316922298,0.454289871823481,0.204385690684719,0.0408433960286418,"max_iter reached without violation"
484,10050,0.218121883811959,0.342849306257239,0.40244175645973,0.468588221589955,0.306050810967667,"max_iter reached without violation"
485,10050,0.0599083060710633,0.615297466040393,0.221504248437674,0.490458409802752,0.573906533621257,"max_iter reached without violation"
486,10050,0.655335311049811,0.0685436886756511,0.480690080912099,0.237117768247996,0.0592016723014784,"max_iter reached without violation"
487,10050,0.710922533632677,0.0530467029045065,0.460859002325285,0.20812114983725,0.0443876329770901,"max_iter reached without violation"
488,10050,0.173414109134146,0.389861205298298,0.36651374927513,0.483348929315673,0.358574489077234,"max_iter reached without violation"
489,10050,0.169708251748433,0.399904559219778,0.363156940306788,0.485874110899404,0.363440875001857,"max_iter reached without violation"
490,10050,0.119298143885709,0.474683261566336,0.310204394978845,0.498088263781499,0.440341921689504,"max_iter reached without violation"
491,10050,0.229764612032282,0.331041605380894,0.410563240200105,0.464088444912038,0.29396570981981,"max_iter reached without violation"
492,10050,0.256153780333838,0.309007277499344,0.42732517684102,0.454791475574566,0.268556325524613,"max_iter reached without violation"
493,10050,0.103745066840813,0.5159475502779,0.290481233551955,0.499993811996064,0.46933615133428,"max_iter reached without violation"
494,10050,0.138618952681834,0.449303961575209,0.332263822200639,0.495222351171246,0.408206391546597,"max_iter reached without violation"
495,10050,0.322758694036972,0.246993168996892,0.460733275990739,0.421754695108388,0.214290062370458,"max_iter reached without violation"
496,10050,0.209838421362991,0.33528168620009,0.396372951955172,0.465742234305757,0.31501222871888,"max_iter reached without violation"
497,10050,0.168163419551899,0.391669601705607,0.361738607872089,0.483819537142905,0.365496217438784,"max_iter reached without violation"
498,10050,0.702298587831608,0.0596944354565433,0.464446489725428,0.22110106523375,0.0465390698406704,"max_iter reached without violation"
499,10050,0.0704562347150861,0.596516295649489,0.240413103707239,0.493829713009308,0.544643433740081,"max_iter reached without violation"
500,10050,0.114817236535654,0.482966132228899,0.304717640244589,0.498743640739151,0.448378530221857,"max_iter reached without violation"
501,10050,0.418062871104179,0.175369005557967,0.489897948556636,0.368259015648458,0.154345792042577,"max_iter reached without violation"
502,10050,0.162289056243861,0.399000984997983,0.356240431268233,0.485655730509808,0.373460623678499,"max_iter reached without violation"
503,10050,0.35827187074768,0.215872980744138,0.473976890492012,0.400818560483121,0.189903154736479,"max_iter reached without violation"
504,10050,0.666651843275994,0.0685436886756511,0.477265846826811,0.237117768247996,0.0559999061632265,"max_iter reached without violation"
505,10050,0.0924207620095038,0.532358532567199,0.274803840157994,0.49980590772558,0.492621246550153,"max_iter reached without violation"
506,10050,0.156408131933197,0.434093216619343,0.350564308328592,0.492879925062073,0.381680385034322,"max_iter reached without violation"
507,10050,0.168472420532053,0.410040269809099,0.362023211169682,0.488205484843018,0.365083824990436,"max_iter reached without violation"
508,50,0.276216287180599,0.217770643999218,0.346987031457949,0.3,0.250859448355699,"violation at burn-in"
509,10050,0.114087230451711,0.484163235943735,0.303809366519322,0.49882700952936,0.449710930548848,"max_iter reached without violation"
510,10050,0.336997455405565,0.224251834732304,0.466399312398695,0.406775868583913,0.204183021927696,"max_iter reached without violation"
511,10050,0.0805168402030595,0.562145626022603,0.256899622237065,0.498079527547545,0.519527181070215,"max_iter reached without violation"
512,10050,0.161360933386866,0.412949039988571,0.355356247200183,0.488834657925397,0.374741104527514,"max_iter reached without violation"
513,10050,0.0989274882188671,0.524105796337367,0.283959406833249,0.499967831444578,0.478994356382713,"max_iter reached without violation"
514,10050,0.2558485813055,0.314267252537263,0.427143689398295,0.457119766828905,0.26883575311069,"max_iter reached without violation"
515,10050,0.0832613865401732,0.556689609569887,0.261170811571679,0.498530302055723,0.513075441578326,"max_iter reached without violation"
516,10050,0.223843324927971,0.341033535874609,0.406491093425711,0.467917618127407,0.300039951343112,"max_iter reached without violation"
517,10050,0.153620048890161,0.417060318650017,0.347811012880093,0.489693786922371,0.38566771616228,"max_iter reached without violation"
518,10050,0.17279663485212,0.408836447978264,0.365958854275583,0.487939908516318,0.359379138201802,"max_iter reached without violation"
519,10050,0.21904169382211,0.325284630396577,0.403100480987473,0.461774053357858,0.305074837397935,"max_iter reached without violation"
520,10050,0.100499336726384,0.509576727464056,0.286110470806144,0.499921570047351,0.475804539901029,"max_iter reached without violation"
521,10050,0.137064251646149,0.447203515978674,0.330577828881485,0.494926903477821,0.410654557761331,"max_iter reached without violation"
522,10050,0.644697710785624,0.0753343777576929,0.483637365552825,0.248577547774319,0.062301978373136,"max_iter reached without violation"
523,10050,0.0620451943169339,0.609369558462528,0.225486775737567,0.491604080954963,0.567699888337363,"max_iter reached without violation"
524,10050,0.177631746269877,0.407431846186829,0.370257513724761,0.487626191352057,0.353142999400227,"max_iter reached without violation"
525,10050,0.395486470966868,0.19211376456369,0.484789813055621,0.382521120804056,0.16704322817541,"max_iter reached without violation"
526,10050,0.833586543979482,0.0249376665877161,0.384683939261074,0.139315884309365,0.0190875722138825,"max_iter reached without violation"
527,10050,0.0768164758907047,0.565715627384678,0.250993106807458,0.497751673823245,0.528485555887262,"max_iter reached without violation"
528,10050,0.486457388832926,0.136960584796755,0.498978774429588,0.330464883807216,0.120455862062982,"max_iter reached without violation"
529,10050,0.163938649474136,0.405926744494127,0.357801385048736,0.487285422512305,0.371199885875609,"max_iter reached without violation"
530,210,0.914175739283142,0.00676143435764216,0.363935405795914,0.0345032779671177,0.00749292238368096,"violation"
531,10050,0.451204079173456,0.159504192225327,0.495481916067851,0.353574441624609,0.137122175257488,"max_iter reached without violation"
532,10050,0.350815138299217,0.22404758254476,0.471439688419772,0.406633554630325,0.19480116372927,"max_iter reached without violation"
533,10050,0.0464680469264397,0.659371159161356,0.194316028272484,0.479503396071279,0.616954473133708,"max_iter reached without violation"
534,90,0.825178351127739,0.0155159609018472,0.462948147911104,0.052704627669473,0.0205217142397908,"violation"
535,50,0.77375567746906,0.0277588069988513,0.493558507170123,0.0707106781186548,0.0302314213603067,"violation at burn-in"
536,10050,0.100185037800013,0.523906873137898,0.285682177562007,0.49997004934924,0.476439313418328,"max_iter reached without violation"
537,10050,0.101756183295594,0.507087312276603,0.287814174571339,0.499871313357324,0.47328114568838,"max_iter reached without violation"
538,10050,0.353939480651675,0.222311219166167,0.472518194069435,0.405417925069885,0.192735209076333,"max_iter reached without violation"
539,10050,0.0439760495179766,0.658288506796249,0.188798359825385,0.479825467638051,0.625844650617581,"max_iter reached without violation"
540,10050,0.187700844188938,0.376189246094007,0.378878296613126,0.47956215643502,0.340612121595867,"max_iter reached without violation"
541,10050,0.100185037800013,0.507883974814394,0.285682177562007,0.499888742850678,0.476439313418328,"max_iter reached without violation"
542,10050,0.598989076743364,0.0894767968377776,0.493428822798424,0.270521426200612,0.0766747658087515,"max_iter reached without violation"
543,10050,0.606799938602126,0.0916851003104816,0.492077216129739,0.273742175855508,0.074093294382167,"max_iter reached without violation"
544,10050,0.265813041102055,0.292603421466749,0.432926495906236,0.447076591067169,0.259874226505721,"max_iter reached without violation"
545,10050,0.124189420985353,0.471788048206158,0.316026369972753,0.497826776319149,0.431835634452159,"max_iter reached without violation"
546,10050,0.156511364386832,0.413651058392365,0.350665471799052,0.488983854812276,0.381533887488324,"max_iter reached without violation"
547,10050,0.105418871996836,0.501409737812057,0.292698858837548,0.499710408451282,0.466060688624506,"max_iter reached without violation"
548,10050,0.0896871979075999,0.532457932436374,0.270830509035888,0.499803124528086,0.498561617889914,"max_iter reached without violation"
549,10050,0.0515404639658832,0.637699336291879,0.205050848206582,0.485435599839,0.599811435619905,"max_iter reached without violation"
550,10050,0.338410246562975,0.233029621553119,0.466935140077275,0.412758206935536,0.203204982273422,"max_iter reached without violation"
551,10050,0.298074282860232,0.275868209003067,0.449727126989554,0.438470782733816,0.232964684927147,"max_iter reached without violation"
552,10050,0.47358515035535,0.151450448534875,0.497991063304563,0.34563996223022,0.126356099167259,"max_iter reached without violation"
553,10050,0.206358572566375,0.349807107652751,0.393748530158973,0.471086948236934,0.318872330953009,"max_iter reached without violation"
554,10050,0.0463598401720579,0.649328203267983,0.194079952709857,0.482386386956691,0.617333727547037,"max_iter reached without violation"
555,10050,0.215361771045228,0.346984156803872,0.400447065825688,0.470086663026802,0.309002078930743,"max_iter reached without violation"
556,10050,0.358574071215243,0.225477234161442,0.474077051507527,0.407626668659511,0.189707010076005,"max_iter reached without violation"
557,10050,0.079248910027566,0.560161878211719,0.254895310891292,0.498250447643071,0.522562291552177,"max_iter reached without violation"
558,10050,0.202876995455908,0.370756449519311,0.391077233344686,0.477944007696723,0.32279310783539,"max_iter reached without violation"
559,10050,0.0377677691085366,0.684440487109339,0.174243743521488,0.471263613943285,0.649565701756877,"max_iter reached without violation"
560,10050,0.169399319768969,0.398097346242128,0.362874208433527,0.485435599839,0.363850623585112,"max_iter reached without violation"
561,10050,0.213725660757188,0.347387477563084,0.399251793984853,0.470230701834429,0.310767733106849,"max_iter reached without violation"
562,10050,0.150727032726633,0.425479353100372,0.344910428779839,0.491343485085668,0.389869081603361,"max_iter reached without violation"
563,10050,0.300808613171595,0.264491855826171,0.451022550495997,0.432176497895861,0.230819467026699,"max_iter reached without violation"
564,10050,0.27312695971822,0.286825391162553,0.436987704070236,0.444191140905767,0.253501308622412,"max_iter reached without violation"
565,10050,0.237007057087213,0.30769187541502,0.415384643873938,0.454198328247842,0.286730033416506,"max_iter reached without violation"
566,10050,0.649919200991323,0.0736391231314708,0.482223189482979,0.24577817380726,0.0607690802403593,"max_iter reached without violation"
567,10050,0.804194115171929,0.0303966466937062,0.407909097636781,0.155137621140175,0.0242874921027364,"max_iter reached without violation"
568,10050,0.180715902028773,0.390966367502042,0.372944774406758,0.483637365552825,0.349240901996149,"max_iter reached without violation"
569,80,0.668343992950613,0.0471401194321586,0.499843725578305,0.111102430216445,0.055529550641459,"violation"
570,10050,0.371058335268068,0.20379875957254,0.478035632965259,0.391788956797721,0.181759782923794,"max_iter reached without violation"
571,10050,0.122420991721899,0.469491402213841,0.313941055237618,0.497607393923328,0.434880040617713,"max_iter reached without violation"
572,10050,0.352629374104635,0.22843781741183,0.472068671354596,0.409661106552992,0.193599082311339,"max_iter reached without violation"
573,10050,0.278405698906442,0.27322850163701,0.439824913241692,0.437043017157995,0.249004695030042,"max_iter reached without violation"
574,10050,0.0884245136239662,0.539116057862298,0.268968475827716,0.499571470529469,0.501351274179914,"max_iter reached without violation"
575,10050,0.112835419631989,0.485759209541284,0.302242241448034,0.498933701253561,0.45201125250492,"max_iter reached without violation"
576,10050,0.283580106039003,0.286318385953889,0.44253113573387,0.443933679678254,0.244677872811895,"max_iter reached without violation"
577,10050,0.520922674656009,0.123461346378818,0.499993811996064,0.315170481431138,0.105630303467968,"max_iter reached without violation"
578,10050,0.0553023662635262,0.625960667819049,0.212626385829679,0.488205484843018,0.587830351776706,"max_iter reached without violation"
579,10050,0.178659976251753,0.387650587344973,0.37115809665766,0.482764095343859,0.351835635954836,"max_iter reached without violation"
580,10050,0.554109625820353,0.112104977315525,0.498722349689335,0.301322136302653,0.092586780222262,"max_iter reached without violation"
581,10050,0.445602953686063,0.158472380949152,0.494695757989642,0.35257672747041,0.139922084158714,"max_iter reached without violation"
582,10050,0.74602747479195,0.0470088950215538,0.444139705183908,0.195491370192921,0.0361568275433426,"max_iter reached without violation"
583,10050,0.278101235636828,0.281957059853869,0.439663380915003,0.441690186147593,0.249261757697211,"max_iter reached without violation"
584,10050,0.138515323456232,0.458701902641677,0.332151897552083,0.49643489279271,0.408368881540917,"max_iter reached without violation"
585,10050,0.151760450689293,0.420167978719846,0.345951719196551,0.490319838696338,0.388360705852051,"max_iter reached without violation"
586,10050,0.0580893163029027,0.623887979895222,0.218047640767372,0.488662875767449,0.579313149517268,"max_iter reached without violation"
587,10050,0.270384913137764,0.289765509423302,0.435483001298205,0.445670531022887,0.25587083800699,"max_iter reached without violation"
588,10050,0.0560533102639914,0.630499631376543,0.214102533969364,0.487170763783419,0.585506597038439,"max_iter reached without violation"
589,10050,0.108136827326278,0.493038453797799,0.296248851634066,0.499355789046603,0.460825967492205,"max_iter reached without violation"
590,10050,0.538023158107561,0.113565699981941,0.499615614233672,0.303157953766772,0.0987659087349846,"max_iter reached without violation"
591,10050,0.296149686410126,0.263475429493721,0.448803651065775,0.431596051424429,0.234486617640463,"max_iter reached without violation"
592,10050,0.079248910027566,0.549742366740696,0.254895310891292,0.499016631560806,0.522562291552177,"max_iter reached without violation"
593,10050,0.115234311817366,0.484163235943735,0.305234726743109,0.49882700952936,0.447620249807906,"max_iter reached without violation"
594,10050,0.637107739453141,0.0782974426326977,0.485582548212389,0.25337798045642,0.0645688998677888,"max_iter reached without violation"
595,10050,0.507784394554306,0.126892466611642,0.49988663351818,0.319171984476026,0.111120837012496,"max_iter reached without violation"
596,10050,0.196011042242882,0.353536386534866,0.385672219397932,0.472380302216373,0.330703830784452,"max_iter reached without violation"
597,10050,0.380111430452796,0.19416525316412,0.480690080912099,0.384187454245971,0.176181025844059,"max_iter reached without violation"
598,10050,0.185031067211237,0.378502480861604,0.376634988426549,0.480231456616971,0.343876766753776,"max_iter reached without violation"
599,10050,0.286419789080412,0.283275805460502,0.443985228467066,0.442374015886373,0.242336524952556,"max_iter reached without violation"
600,10050,0.336593768432698,0.234559635998778,0.466245341210016,0.413774654990189,0.204463288224132,"max_iter reached without violation"
601,10050,0.164454042446174,0.41044151864609,0.358286337689226,0.488293329348001,0.370497475931815,"max_iter reached without violation"
602,10050,0.070774783118533,0.580382200003412,0.240956650506027,0.496129909905445,0.543809712932915,"max_iter reached without violation"
603,10050,0.254424179602845,0.300201047099765,0.426292962595173,0.450736384195269,0.270144109618793,"max_iter reached without violation"
604,10050,0.169502299003418,0.403819303891875,0.362968504138663,0.48680025752913,0.363713967720231,"max_iter reached without violation"
605,10050,0.213521121226774,0.346883324418256,0.39910168676951,0.47005059377044,0.310989327125951,"max_iter reached without violation"
606,10050,0.0333782422292215,0.719735007319037,0.163139327682285,0.456987357174909,0.667941546879636,"max_iter reached without violation"
607,10050,0.42367573312276,0.173414109134146,0.491002422727505,0.36651374927513,0.151314528261441,"max_iter reached without violation"
608,10050,0.288143482984369,0.285000050252316,0.444857238810059,0.44326096731097,0.240926581652436,"max_iter reached without violation"
609,10050,0.0852648163584998,0.556193497500721,0.264232391961056,0.498568282602809,0.508463991877014,"max_iter reached without violation"
610,10050,0.212191474015565,0.351319120948294,0.398122185667821,0.47161517232859,0.312434534282366,"max_iter reached without violation"
611,10050,0.0361252305467266,0.706023439346128,0.170175436581961,0.462921076824369,0.656269237390108,"max_iter reached without violation"
612,10050,0.110330362463004,0.501110852302669,0.299069057130866,0.499700155136497,0.456674692227697,"max_iter reached without violation"
613,10050,0.0790375116851713,0.566806269924705,0.254559180208279,0.497646310346744,0.523071771294685,"max_iter reached without violation"
614,10050,0.0292879696857807,0.718462568400878,0.152055168403647,0.457559449130792,0.686538846219159,"max_iter reached without violation"
615,10050,0.22139180795275,0.332959935643782,0.404770016635582,0.464841970430624,0.302598089868821,"max_iter reached without violation"
616,10050,0.199188696227867,0.373271934627023,0.388196633577792,0.478701328085534,0.327012609460456,"max_iter reached without violation"
617,10050,0.400205736301198,0.189856373453147,0.485946515819614,0.380667713656009,0.164320079215947,"max_iter reached without violation"
618,10050,0.158988312504835,0.41956655427826,0.35307628747988,0.490200244588938,0.378042780438793,"max_iter reached without violation"
619,10050,0.118569087089826,0.485759209541284,0.309321867674015,0.498933701253561,0.441633212831474,"max_iter reached without violation"
620,10050,0.166412085026688,0.408134166347763,0.360116933559766,0.487783572441938,0.367845749929422,"max_iter reached without violation"
621,10050,0.193857571118407,0.373070714985758,0.38393862285159,0.478641262307914,0.333235488205219,"max_iter reached without violation"
622,10050,0.186160727972893,0.372768879281524,0.377587870154917,0.478550994337936,0.342490429358629,"max_iter reached without violation"
623,10050,0.517838312555798,0.125437219883079,0.499999643573052,0.317484684415633,0.106902018818634,"max_iter reached without violation"
624,10050,0.228233675288011,0.32195027141858,0.409521777728003,0.460396891701786,0.295522244647827,"max_iter reached without violation"
625,50,0.247569764638448,0.247569764638448,0.324961536185438,0.324961536185438,0.276539407243814,"violation at burn-in"
626,10050,0.108763707684932,0.505195051325639,0.29705885655592,0.499824835038382,0.459633009094618,"max_iter reached without violation"
627,10050,0.203696347419671,0.350311133875508,0.391710041377455,0.471263613943285,0.32186502165465,"max_iter reached without violation"
628,10050,0.499516685068146,0.126892466611642,0.499642455266142,0.319171984476026,0.114676256542838,"max_iter reached without violation"
629,10050,0.497125082995418,0.133641896035374,0.499546379709189,0.326814038342952,0.115719541944554,"max_iter reached without violation"
630,10050,0.526393203177622,0.124189420985353,0.499936631216198,0.316026369972753,0.10340029770946,"max_iter reached without violation"
631,10050,0.211475409010481,0.359379901454678,0.397592019381544,0.474343125759636,0.313216222643718,"max_iter reached without violation"
632,10050,0.111061204373725,0.48865143231759,0.3,0.499114078636816,0.455305742297955,"max_iter reached without violation"
633,10050,0.0966204821830968,0.516445144852168,0.280760352586975,0.499996039686304,0.483746347121399,"max_iter reached without violation"
634,10050,0.146280775177699,0.444402405337518,0.340363439733398,0.49451896446215,0.396457733725745,"max_iter reached without violation"
635,10050,0.389861205298298,0.193960133411433,0.483348929315673,0.384021610346267,0.17033858823359,"max_iter reached without violation"
636,10050,0.0991371193931702,0.521221124075379,0.284247608700416,0.499992237755643,0.478566730228241,"max_iter reached without violation"
637,130,0.28940907181463,0.233189868681216,0.394113490998446,0.353260384714001,0.239896714783126,"violation"
638,10050,0.090738928860532,0.528978502177578,0.272368481088321,0.499888742850678,0.496260276402266,"max_iter reached without violation"
639,10050,0.0890559393167347,0.543387452298151,0.269901758485717,0.499375853603574,0.499952581229259,"max_iter reached without violation"
640,10050,0.129178174658553,0.468692477007975,0.321793398490547,0.497528596752508,0.423428874511447,"max_iter reached without violation"
641,10050,0.575429099265184,0.100080263670698,0.496727231113964,0.285539201040433,0.0847924438087619,"max_iter reached without violation"
642,10050,0.51345930360414,0.128554932568586,0.499975247524737,0.321082070039112,0.108725606951678,"max_iter reached without violation"
643,10050,0.225170902541748,0.338410246562975,0.407414463277266,0.466935140077275,0.298665333076,"max_iter reached without violation"
644,10050,0.343857943324299,0.227519135961893,0.468957409003336,0.409032990632851,0.199474187467189,"max_iter reached without violation"
645,10050,0.240574900400334,0.323769138343755,0.417696948544333,0.461151479035542,0.283240971797655,"max_iter reached without violation"
646,10050,0.112626738419092,0.485759209541284,0.301979804263653,0.498933701253561,0.452396651375001,"max_iter reached without violation"
647,10050,0.20000849142265,0.368542390539675,0.388841462842715,0.477265846826811,0.32606878275887,"max_iter reached without violation"
648,10050,0.0742750251628583,0.580976446678954,0.246832862917971,0.496054829930292,0.534821675697378,"max_iter reached without violation"
649,10050,0.247095006979352,0.310322515622652,0.421818037981903,0.455380175980056,0.276988569597803,"max_iter reached without violation"
650,10050,0.179688027742684,0.391669601705607,0.372053838591171,0.483819537142905,0.350534958183054,"max_iter reached without violation"
651,10050,0.0620451943169339,0.611148221962669,0.225486775737567,0.491268278209797,0.567699888337363,"max_iter reached without violation"
652,10050,0.513160683335935,0.124397416227809,0.499972188033702,0.316270202389949,0.108850742584552,"max_iter reached without violation"
653,10050,0.342950173951903,0.227519135961893,0.46862524849198,0.409032990632851,0.200091438351041,"max_iter reached without violation"
654,10050,0.214850525816389,0.356962246189638,0.400074607531886,0.473540440196267,0.309552495048919,"max_iter reached without violation"
655,10050,0.0644986879401167,0.60215354357267,0.229960151430115,0.492896888697375,0.560756435097984,"max_iter reached without violation"
656,10050,0.254424179602845,0.312851361196161,0.426292962595173,0.456499856524573,0.270144109618793,"max_iter reached without violation"
657,10050,0.184209366017283,0.386545131239564,0.375938464994129,0.482467687958491,0.344889798483732,"max_iter reached without violation"
658,10050,0.527884782095741,0.117423120629242,0.49991063779049,0.307926745705491,0.102797884001603,"max_iter reached without violation"
659,10050,0.396691557476644,0.19416525316412,0.485089689777609,0.384187454245971,0.166344295765883,"max_iter reached without violation"
660,10050,0.174545972222145,0.400406517045515,0.367526362103346,0.485994677912967,0.357105859857868,"max_iter reached without violation"
661,10050,0.0244888019698685,0.744758515446069,0.137936613141039,0.444806169474708,0.710619196987982,"max_iter reached without violation"
662,10050,0.194678024399815,0.360789972744927,0.384601300623871,0.47480518568916,0.332268041971947,"max_iter reached without violation"
663,10050,0.0433248083021183,0.664979658043636,0.187327644106202,0.477790845431263,0.628223597617861,"max_iter reached without violation"
664,10050,0.0220096156742805,0.781483662849534,0.130067716787157,0.423453420328776,0.724241670606362,"max_iter reached without violation"
665,10050,0.117214722607082,0.475182373481407,0.307671989169444,0.498131644516717,0.444048658459613,"max_iter reached without violation"
666,10050,0.327001936002162,0.245567309260334,0.462472801418826,0.420864423771427,0.211229650001817,"max_iter reached without violation"
667,10050,0.153103564809856,0.436195743594356,0.347296467396991,0.493231823529047,0.386412945144368,"max_iter reached without violation"
668,10050,0.164454042446174,0.394482144108497,0.358286337689226,0.484537526348823,0.370497475931815,"max_iter reached without violation"
669,10050,0.0982984988404342,0.522414856040567,0.283092201455441,0.499984158556999,0.480281566176696,"max_iter reached without violation"
670,10050,0.151347110065805,0.42958666885878,0.345535923428154,0.492095132937621,0.388962995590497,"max_iter reached without violation"
671,10050,0.169399319768969,0.396390296650886,0.362874208433527,0.485015013558492,0.363850623585112,"max_iter reached without violation"
672,10050,0.291184566002458,0.26134056414886,0.446376288345671,0.430367077493806,0.238459492270096,"max_iter reached without violation"
673,10050,0.174751741558627,0.389258348344926,0.36770982389817,0.483190482880682,0.356839742844066,"max_iter reached without violation"
674,10050,0.484163235943735,0.132708036289892,0.49882700952936,0.325774259414897,0.121492395535792,"max_iter reached without violation"
675,10050,0.191600790839043,0.374277982941554,0.382101782557162,0.47900030381739,0.335915281947855,"max_iter reached without violation"
676,10050,0.29128591947971,0.274243860764863,0.446426490555851,0.437594519097848,0.238377714316851,"max_iter reached without violation"
677,10050,0.13892982544104,0.453503859196391,0.332599191553771,0.495786299079644,0.407719534992222,"max_iter reached without violation"
678,10050,0.0494929446563677,0.636811930271615,0.200793480549401,0.485655730509808,0.606586568074146,"max_iter reached without violation"
679,10050,0.102175009175637,0.511966136542331,0.288378740483625,0.499958167602294,0.472445535493087,"max_iter reached without violation"
680,10050,0.393879509493749,0.188214132170414,0.484385110142078,0.37930615807736,0.16797907731385,"max_iter reached without violation"
681,10050,0.664979658043636,0.0713055668508642,0.477790845431263,0.241859028585198,0.056466845122234,"max_iter reached without violation"
682,10050,0.0790375116851713,0.558574667458065,0.254559180208279,0.498381420198436,0.523071771294685,"max_iter reached without violation"
683,10050,0.455003502259877,0.153103564809856,0.495979019957412,0.347296467396991,0.135247486422322,"max_iter reached without violation"
684,10050,0.359279175669446,0.209940744046107,0.47430994769978,0.396449440792862,0.189250063808689,"max_iter reached without violation"
685,10050,0.234151660576176,0.331748396897778,0.413504373237416,0.464367097315562,0.289557896741841,"max_iter reached without violation"
686,10050,0.650805642632037,0.0745928940780125,0.48197690308309,0.247357980757224,0.0605109764746465,"max_iter reached without violation"
687,10050,0.181743600376995,0.387952058332643,0.373830938467089,0.482844471536615,0.347953404288172,"max_iter reached without violation"
688,10050,0.381016372122175,0.199496131099458,0.480945548969669,0.388438761159987,0.175631620228749,"max_iter reached without violation"
689,10050,0.10991266355558,0.491044529146349,0.298535056767717,0.499250694698591,0.457460243702706,"max_iter reached without violation"
690,10050,0.259815351454635,0.295035279931213,0.429480861679824,0.448264493256445,0.265228620194662,"max_iter reached without violation"
691,10050,0.290272338491467,0.275056069630993,0.445923214999403,0.438033593318507,0.239196819094069,"max_iter reached without violation"
692,10050,0.478476049401354,0.146694558446275,0.498405407573252,0.340791240842403,0.124089925261429,"max_iter reached without violation"
693,10050,0.147625436120838,0.433192030775954,0.341750140578147,0.492726321842993,0.394447977928131,"max_iter reached without violation"
694,10050,0.234151660576176,0.314166123660785,0.413504373237416,0.457075656200591,0.289557896741841,"max_iter reached without violation"
695,10050,0.363710303656321,0.210145385019318,0.475747906868054,0.396602299321541,0.186400863573145,"max_iter reached without violation"
696,10050,0.514653718959798,0.122108827967253,0.499985703119774,0.313570671737815,0.108226089237699,"max_iter reached without violation"
697,10050,0.255441632871002,0.303542218329256,0.426901261432544,0.452298306513848,0.269208835150466,"max_iter reached without violation"
698,10050,0.193549874560053,0.371863327184355,0.383689397847973,0.478278970367406,0.333599240926097,"max_iter reached without violation"
699,10050,0.0913697501372359,0.533054316300879,0.273285370882286,0.499786009008479,0.494889485504673,"max_iter reached without violation"
700,10050,0.332556103952514,0.235171560497984,0.464684074215466,0.414179029776038,0.207286350368332,"max_iter reached without violation"
701,10050,0.197651310736803,0.364817828694332,0.386980269352453,0.476100427472169,0.328791911300552,"max_iter reached without violation"
702,10050,0.305161792813836,0.260018728088357,0.453045097260721,0.429599429019783,0.2274447803906,"max_iter reached without violation"
703,10050,0.0926309113779617,0.521022158525924,0.27510609639403,0.499993307051563,0.492170032452517,"max_iter reached without violation"
704,10050,0.0808337009236517,0.551032841382081,0.25739739600434,0.498933701253561,0.518774161401086,"max_iter reached without violation"
705,10050,0.31912032005753,0.245261736722252,0.459206739856845,0.420672806064446,0.216947953568708,"max_iter reached without violation"
706,10050,0.206358572566375,0.358876263974041,0.393748530158973,0.474177003447291,0.318872330953009,"max_iter reached without violation"
707,10050,0.628329030436736,0.0827338634242357,0.487671264070839,0.260356867345193,0.0672489749614532,"max_iter reached without violation"
708,10050,0.215566259182842,0.345269886603039,0.400595779174739,0.469470240668769,0.308782254679036,"max_iter reached without violation"
709,10050,0.0275086147566913,0.737727280811938,0.146974841114713,0.448411865541476,0.695151820852722,"max_iter reached without violation"
710,10050,0.152793648233295,0.422573397977495,0.346987031457949,0.490790661463084,0.386861121194149,"max_iter reached without violation"
711,10050,0.214441503985043,0.34395880216067,0.39977594526895,0.468994195652308,0.30999371045793,"max_iter reached without violation"
712,10050,0.235681462251878,0.327405969113904,0.414515050583473,0.462636160523938,0.288038875460888,"max_iter reached without violation"
713,10050,0.223332657095539,0.327405969113904,0.406134295173647,0.462636160523938,0.300570706332684,"max_iter reached without violation"
714,10050,0.231193218581146,0.326496873851327,0.411528010087475,0.462268039457043,0.292521839357374,"max_iter reached without violation"
715,10050,0.070774783118533,0.581273559924175,0.240956650506027,0.496017016214412,0.543809712932915,"max_iter reached without violation"
716,10050,0.260425467546885,0.287940711049879,0.429836189176763,0.444755072014165,0.26467852105085,"max_iter reached without violation"
717,10050,0.410140583194529,0.183182084862026,0.488227477869465,0.375063615966519,0.15870772313969,"max_iter reached without violation"
718,10050,0.111478753861833,0.494234667855486,0.300529947839277,0.499415028715257,0.454526753650921,"max_iter reached without violation"
719,10050,0.166412085026688,0.404622179487915,0.360116933559766,0.486986196473325,0.367845749929422,"max_iter reached without violation"
720,10050,0.82992005465606,0.0287326673201692,0.387792241035546,0.150487800352715,0.0197077153830154,"max_iter reached without violation"
721,10050,0.369750109331764,0.212293763224731,0.477637115837312,0.398197766631063,0.182578547760596,"max_iter reached without violation"
722,10050,0.0530467029045065,0.629118383996027,0.20812114983725,0.487490460760964,0.594944251435303,"max_iter reached without violation"
723,10050,0.101965603868785,0.513260224155547,0.288096664552944,0.499973227668678,0.472862998289356,"max_iter reached without violation"
724,10050,0.81223226829197,0.0247133027927134,0.401927289322744,0.138628106947476,0.0228133426633261,"max_iter reached without violation"
725,10050,0.141105313428422,0.447803677140729,0.334929925504782,0.495012235144495,0.404337037385806,"max_iter reached without violation"
726,10050,0.136960584796755,0.453103925930615,0.330464883807217,0.495734135261077,0.410818598153266,"max_iter reached without violation"
727,10050,0.295339221110446,0.267946862365618,0.448411865541476,0.434127152451253,0.235130511438075,"max_iter reached without violation"
728,10050,0.111061204373725,0.488850873196192,0.3,0.499125901132725,0.455305742297955,"max_iter reached without violation"
729,10050,0.244752424633273,0.312649075673204,0.420352778042997,0.456410882094983,0.279216874690855,"max_iter reached without violation"
730,10050,0.276172743393597,0.283985825402418,0.438634243989226,0.44274022905425,0.250896483005615,"max_iter reached without violation"
731,10050,0.228335747013979,0.322556593986238,0.409591460150976,0.460649331905491,0.295418166774287,"max_iter reached without violation"
732,10050,0.72296431735318,0.0505710775884458,0.455515400227652,0.203047522342182,0.0414700636997272,"max_iter reached without violation"
733,10050,0.111478753861833,0.492739383794077,0.300529947839277,0.49934053190959,0.454526753650921,"max_iter reached without violation"
734,10050,0.100499336726384,0.523310086014225,0.286110470806144,0.49997622774606,0.475804539901029,"max_iter reached without violation"
735,10050,0.10227970611818,0.498918824068992,0.288519623559441,0.49961950820488,0.472237060086682,"max_iter reached without violation"
736,10050,0.457802385831907,0.148969710643553,0.496326556803922,0.343126360997513,0.133879005962748,"max_iter reached without violation"
737,10050,0.0728969575334858,0.586323454052792,0.244540111924286,0.495346219358487,0.538323143696652,"max_iter reached without violation"
738,10050,0.19016424640487,0.378804174960064,0.380921722768938,0.480317883980539,0.337635551043096,"max_iter reached without violation"
739,10050,0.0772397232793275,0.581867766221825,0.251677592081972,0.495940841117336,0.527445182797419,"max_iter reached without violation"
740,10050,0.0593735661510948,0.623295719953438,0.220494571347377,0.488791839579026,0.575483907772315,"max_iter reached without violation"
741,10050,0.364817828694332,0.207279875782897,0.476100427472169,0.394447753161944,0.18569471377298,"max_iter reached without violation"
742,10050,0.108450283236406,0.488551710777318,0.296654280742941,0.499108137528536,0.460228793672038,"max_iter reached without violation"
743,10050,0.275563664869154,0.282159955422605,0.438307057220164,0.441795706129324,0.251415116432374,"max_iter reached without violation"
744,50,0.186501249323716,0.276216287180599,0.271293199325011,0.346987031457949,0.342073971397552,"violation at burn-in"
745,10050,0.201340446944576,0.364415104167988,0.389883569533436,0.475972559585403,0.324542603599142,"max_iter reached without violation"
746,10050,0.451404075789646,0.152483711996335,0.495508811178865,0.34667706229308,0.137023002102263,"max_iter reached without violation"
747,10050,0.149590015993189,0.427783615938206,0.343758039704728,0.491769450198677,0.391538569599203,"max_iter reached without violation"
748,10050,0.138722579419497,0.440299711169635,0.332375679371725,0.493892662559032,0.40804400387571,"max_iter reached without violation"
749,10050,0.12793159122498,0.466495188083158,0.320368049648314,0.497305270299866,0.425505000619015,"max_iter reached without violation"
750,10050,0.249335135923547,0.308602555889479,0.423203263752106,0.454609443146941,0.27487634037885,"max_iter reached without violation"
751,10050,0.531563307300778,0.118569087089826,0.499827459648406,0.309321867674015,0.101322387248745,"max_iter reached without violation"
752,10050,0.126268857316761,0.466794839527962,0.318450696758826,0.497336297177559,0.428299436271966,"max_iter reached without violation"
753,10050,0.43699661798727,0.161567197103646,0.493363486201194,0.355553117488733,0.144310217820758,"max_iter reached without violation"
754,10050,0.124917353908266,0.46639530278423,0.316878415796599,0.497294887758718,0.43059243768261,"max_iter reached without violation"
755,10050,0.0909492206052335,0.534942691571256,0.272674598827288,0.499727100595839,0.495802518076501,"max_iter reached without violation"
756,10050,0.221800448888366,0.338309338742866,0.405058348312909,0.466897024900135,0.302169881653935,"max_iter reached without violation"
757,10050,0.080094283835449,0.552521696274403,0.256233878710437,0.498833827289049,0.520534768908676,"max_iter reached without violation"
758,10050,0.0714117041875188,0.570077659704734,0.242038977771606,0.497315632715884,0.542150770725771,"max_iter reached without violation"
759,10050,0.44490264701558,0.160948381534765,0.494592986426438,0.354961844347809,0.14027522910291,"max_iter reached without violation"
760,10050,0.0630057449167226,0.608974266090723,0.227250459226234,0.491677786629823,0.564958828783306,"max_iter reached without violation"
761,10050,0.21679306898141,0.341739703028704,0.401484831036907,0.468179336675402,0.307467394847765,"max_iter reached without violation"
762,10050,0.0387514109645636,0.679038068504021,0.176633703917934,0.473168059650008,0.645642835257312,"max_iter reached without violation"
763,10050,0.304352037055352,0.263475429493721,0.452672555785435,0.431596051424429,0.228068788460923,"max_iter reached without violation"
764,10050,0.0319447174223166,0.707003443175878,0.159342477071813,0.462513678713885,0.674282608032836,"max_iter reached without violation"
765,10050,0.0590526202256419,0.627638304759309,0.219885999386995,0.487828346481932,0.576435408268582,"max_iter reached without violation"
766,10050,0.346479986086469,0.224966674715516,0.469906078362599,0.407272810046805,0.197701103773364,"max_iter reached without violation"
767,10050,0.225477234161442,0.333161846036886,0.407626668659511,0.464920770655662,0.298349203968898,"max_iter reached without violation"
768,10050,0.171870297644208,0.388354008300177,0.365123100261536,0.482951331978365,0.3605908894412,"max_iter reached without violation"
769,10050,0.177528913404592,0.391468681678501,0.370167187817825,0.483767597446747,0.353274105954073,"max_iter reached without violation"
770,10050,0.0903182911098272,0.528381938545457,0.271754773945098,0.499900982745273,0.497178293239374,"max_iter reached without violation"
771,10050,0.343857943324299,0.224966674715516,0.468957409003336,0.407272810046805,0.199474187467189,"max_iter reached without violation"
772,10050,0.360487828695718,0.206460945558517,0.474706554842114,0.393826383469072,0.188469079361913,"max_iter reached without violation"
773,10050,0.187803505136671,0.381217461243308,0.378963959803083,0.481002074803682,0.340487395504596,"max_iter reached without violation"
774,10050,0.162701502734153,0.412748456271846,0.356631976516538,0.488791839579026,0.372893567183501,"max_iter reached without violation"
775,10050,0.78498204498346,0.0371112350011008,0.421183122751283,0.172629474946793,0.0279719353085414,"max_iter reached without violation"
776,10050,0.230070763703689,0.334171343550906,0.410770565057184,0.465313294957065,0.293655589221243,"max_iter reached without violation"
777,10050,0.10520969773988,0.500214156276733,0.292423049400687,0.499668323940646,0.46646783250935,"max_iter reached without violation"
778,10050,0.12294120570292,0.477877258979201,0.314556762418562,0.49835725286821,0.433980885894163,"max_iter reached without violation"
779,10050,0.273025416705773,0.282058508167595,0.436932361320491,0.441742960495633,0.253588640717881,"max_iter reached without violation"
780,10050,0.22802952784901,0.33195032912514,0.409382304745608,0.464446489725428,0.295730533338311,"max_iter reached without violation"
781,10050,0.169811225261967,0.403116746214045,0.363251080850308,0.486636434548639,0.363304437999709,"max_iter reached without violation"
782,10050,0.0593735661510948,0.612926636072489,0.220494571347377,0.49092571154512,0.575483907772315,"max_iter reached without violation"
783,10050,0.0250497977328501,0.756660205539352,0.139658396493713,0.438361661771676,0.707658110911022,"max_iter reached without violation"
784,10050,0.156717822946552,0.425479353100372,0.350867626582842,0.491343485085668,0.38124114274608,"max_iter reached without violation"
785,110,0.869482603394889,0.0127322699624149,0.430356377401623,0.0476731294622796,0.0134411544996236,"violation"
786,10050,0.067267431329865,0.600175843096843,0.234887608883925,0.493231823529047,0.553141738251593,"max_iter reached without violation"
787,10050,0.325486680229102,0.244956153151049,0.461856635433838,0.420480889119117,0.212317707417581,"max_iter reached without violation"
788,10050,0.158265993763663,0.408234494653117,0.352376508485712,0.487805970123883,0.379056126962245,"max_iter reached without violation"
789,10050,0.519828303899353,0.121796637573104,0.499998059450208,0.313199565726215,0.106080327377838,"max_iter reached without violation"
790,10050,0.136649569065429,0.442000982516563,0.330125636789903,0.494156532334192,0.411311346309193,"max_iter reached without violation"
791,10050,0.391368220455892,0.196011042242882,0.483741594806849,0.385672219397932,0.169450422623683,"max_iter reached without violation"
792,10050,0.0403878584581034,0.686207980063708,0.180536809996929,0.47062484566036,0.639260044208356,"max_iter reached without violation"
793,210,0.918046856126513,0.00676143435764216,0.35938975741168,0.0345032779671177,0.00703548808807181,"violation"
794,10050,0.163835564909191,0.404722535380317,0.357704232588783,0.487009342366234,0.371340599242829,"max_iter reached without violation"
795,10050,0.36018567696837,0.218530702229512,0.474607715749976,0.4027349017703,0.188664047644217,"max_iter reached without violation"
796,10050,0.670487114889321,0.0644986879401167,0.476036539418679,0.229960151430115,0.0549369457769699,"max_iter reached without violation"
797,10050,0.094521473559629,0.521221124075379,0.277805189608085,0.499992237755643,0.488144925558521,"max_iter reached without violation"
798,10050,0.114295819828681,0.486357651138105,0.304069312946189,0.498972395180534,0.44932953897857,"max_iter reached without violation"
799,10050,0.105941744039874,0.504298625106929,0.293386657499523,0.499800321505693,0.465045656869386,"max_iter reached without violation"
800,10050,0.176706185597736,0.392272342451349,0.369442820774523,0.483974831815402,0.354325396530103,"max_iter reached without violation"
801,10050,0.814941771533675,0.0283991658722124,0.399850668890206,0.149538699764176,0.0223253141870022,"max_iter reached without violation"
802,10050,0.773120156514503,0.0403878584581034,0.428707122966537,0.180536809996929,0.0303617077971502,"max_iter reached without violation"
803,10050,0.0968302914598454,0.532060328574052,0.281053384916708,0.499814138371967,0.483310655554298,"max_iter reached without violation"
804,10050,0.593647276290191,0.0894767968377776,0.494278654538077,0.270521426200612,0.0784712176558287,"max_iter reached without violation"
805,10050,0.243224303778335,0.327809987479095,0.419387687616062,0.462799119675745,0.280681322607092,"max_iter reached without violation"
806,10050,0.118152415449956,0.484063481345471,0.308815728677086,0.498820171828163,0.442374013859064,"max_iter reached without violation"
807,10050,0.104582087210697,0.506688963472213,0.291593240924779,0.499862123016125,0.467693170568273,"max_iter reached without violation"
808,10050,0.329930842575633,0.243428069267409,0.463648110165616,0.419516801421096,0.209141467501067,"max_iter reached without violation"
809,10050,0.141726683693134,0.443501922768902,0.335590486647563,0.494384435335231,0.403378704454116,"max_iter reached without violation"
810,10050,0.279116075678517,0.287940711049879,0.440200804293103,0.444755072014165,0.248405991130691,"max_iter reached without violation"
811,10050,0.13882620367173,0.439098681961238,0.332487469133446,0.493702827236934,0.407881718400188,"max_iter reached without violation"
812,10050,0.321343915184673,0.244650558531609,0.460143538408087,0.420288672525517,0.215319845217944,"max_iter reached without violation"
813,10050,0.429987313571046,0.167236312335406,0.492166592480224,0.360881969823459,0.147963025623193,"max_iter reached without violation"
814,10050,0.158885130347547,0.412347279459827,0.352976488137933,0.488705948522407,0.37818729958494,"max_iter reached without violation"
815,10050,0.0609771589209282,0.600769185211338,0.223506597506057,0.493132210211522,0.570782944567119,"max_iter reached without violation"
816,10050,0.135612684684347,0.449704008861232,0.328990330794829,0.49527760742649,0.412960672930126,"max_iter reached without violation"
817,10050,0.495131759160017,0.137893495714634,0.499457580586259,0.331478928803307,0.116594231953775,"max_iter reached without violation"
818,90,0.218648922561668,0.30412094422848,0.327542288288526,0.391420332306856,0.305491133914964,"violation"
819,10050,0.350210330375664,0.223230519444955,0.471228328121651,0.406062824755084,0.195203401963741,"max_iter reached without violation"
820,10050,0.189240582849906,0.379709212798375,0.380158483090326,0.480575960314637,0.338747660242434,"max_iter reached without violation"
821,10050,0.68836786388295,0.059159610753316,0.469833677552241,0.220089088667119,0.0501259311285332,"max_iter reached without violation"
822,10050,0.109599353375271,0.506091418344455,0.298133580116829,0.499847742962197,0.458050991301388,"max_iter reached without violation"
823,10050,0.156201660669212,0.421470969423775,0.350361808981999,0.490576366791315,0.381973630938198,"max_iter reached without violation"
824,10050,0.0690751700293498,0.589095114998327,0.238039067088701,0.494955429014545,0.548289576313454,"max_iter reached without violation"
825,10050,0.203389101846807,0.3567607526068,0.391473047921349,0.473472944624457,0.322212650431045,"max_iter reached without violation"
826,10050,0.705533402917625,0.0551950507990356,0.463123839807181,0.212414483671532,0.0457259490754629,"max_iter reached without violation"
827,10050,0.309411983586329,0.257374471322477,0.454973086993472,0.428048275438401,0.224197090298255,"max_iter reached without violation"
828,10050,0.115859828546819,0.479972909376134,0.306007747558461,0.498522646018565,0.446487008338931,"max_iter reached without violation"
829,10050,0.101965603868785,0.517937819058882,0.288096664552944,0.499999752481313,0.472862998289356,"max_iter reached without violation"
830,10050,0.199086214818568,0.369246907841105,0.388115839797036,0.4774828183669,0.327130837917582,"max_iter reached without violation"
831,10050,0.0941014692414946,0.524105796337367,0.27720866230936,0.499967831444578,0.489033877499296,"max_iter reached without violation"
832,10050,0.323364971802291,0.231907425497465,0.460984501073458,0.412007781623736,0.213850212510836,"max_iter reached without violation"
833,10050,0.157337147976645,0.427082361573762,0.351472717239319,0.491640975449939,0.380364904695133,"max_iter reached without violation"
834,10050,0.0348082124153026,0.69768971640161,0.166839770504679,0.466283870623639,0.66179025639271,"max_iter reached without violation"
835,10050,0.085580982529874,0.545274381087429,0.264711328289084,0.499277713990155,0.507743574848068,"max_iter reached without violation"
836,10050,0.455303410670444,0.150933734048259,0.496017016214412,0.345119167708494,0.135100343829606,"max_iter reached without violation"
837,10050,0.500214156276733,0.133226873524944,0.499668323940646,0.326352626738751,0.114373261061714,"max_iter reached without violation"
838,10050,0.254932920931075,0.306072692969361,0.426597510546017,0.453462170310245,0.269676012644609,"max_iter reached without violation"
839,10050,0.196216097991901,0.364616468123152,0.385836327401637,0.476036539418679,0.330464043977871,"max_iter reached without violation"
840,10050,0.10907710080023,0.488152817275815,0.297462582554678,0.499084174009965,0.459038607061886,"max_iter reached without violation"
841,10050,0.20461800224181,0.346580821988219,0.392418800564851,0.46994224298291,0.320825026946632,"max_iter reached without violation"
842,10050,0.119922930424551,0.473185815021508,0.310957611695516,0.497955116488602,0.439240234916668,"max_iter reached without violation"
843,10050,0.120443502371719,0.474583436967876,0.311583027570062,0.498079527547545,0.438325751320642,"max_iter reached without violation"
844,10050,0.145866954876769,0.438598220900106,0.339934634239519,0.493622855204375,0.397079287903891,"max_iter reached without violation"
845,10050,0.178351526057765,0.38574110141454,0.370888431683591,0.48225044422291,0.352227140050611,"max_iter reached without violation"
846,10050,0.140794595536846,0.456702894286828,0.334598756443696,0.496191919153419,0.404817543024662,"max_iter reached without violation"
847,50,0.716127316278722,0.0277588069988513,0.499599839871872,0.0707106781186548,0.0431143077256928,"violation at burn-in"
848,10050,0.625072415289765,0.0854755987380401,0.488402656648093,0.264551816610076,0.0682592819219253,"max_iter reached without violation"
849,10050,0.569482921615407,0.0996611278938355,0.497377384654523,0.284966230162213,0.0869223700301641,"max_iter reached without violation"
850,10050,0.336391919544631,0.230785071549588,0.466168209113555,0.411253073987402,0.204603559567738,"max_iter reached without violation"
851,10050,0.0711994230635747,0.577410563316216,0.241678904445831,0.496494371293592,0.542702499650184,"max_iter reached without violation"
852,10050,0.124397416227809,0.466794839527962,0.316270202389949,0.497336297177559,0.431479822874576,"max_iter reached without violation"
853,10050,0.152793648233295,0.431890208779951,0.346987031457949,0.492501491234641,0.386861121194149,"max_iter reached without violation"
854,10050,0.0682247178457639,0.581768733708969,0.236562764475098,0.495953587686969,0.550560852902606,"max_iter reached without violation"
855,10050,0.186571462764937,0.378804174960064,0.377932991030506,0.480317883980539,0.341988182596091,"max_iter reached without violation"
856,10050,0.34395880216067,0.223843324927971,0.468994195652308,0.406491093425711,0.199405715320708,"max_iter reached without violation"
857,10050,0.171767361932477,0.395687326722633,0.365029984971738,0.484840009596028,0.360725884255227,"max_iter reached without violation"
858,10050,0.219348272051821,0.338410246562975,0.403319374882352,0.466935140077275,0.304750368756506,"max_iter reached without violation"
859,10050,0.395386041887559,0.196421147385564,0.484764682200532,0.386000263036543,0.167101586608571,"max_iter reached without violation"
860,10050,0.191190382419882,0.375786899763363,0.381765513508324,0.479444545904125,0.336405591973782,"max_iter reached without violation"
861,10050,0.0989274882188671,0.508780164280079,0.283959406833249,0.499906835210325,0.478994356382713,"max_iter reached without violation"
862,10050,0.440900184860164,0.15991685882747,0.493986470566898,0.35397195670702,0.142306829259986,"max_iter reached without violation"
863,10050,0.698572420904172,0.0578751525614438,0.465936226233441,0.217636507427212,0.0474848784748802,"max_iter reached without violation"
864,10050,0.183182084862026,0.382624993308445,0.375063615966519,0.481395266325432,0.346161807599495,"max_iter reached without violation"
865,10050,0.143590274945024,0.434894218871319,0.337558079144351,0.493015055504731,0.400524898040514,"max_iter reached without violation"
866,10050,0.586719441690207,0.0903182911098272,0.495291370552745,0.271754773945098,0.0808391905924762,"max_iter reached without violation"
867,10050,0.323870177652015,0.241695904549308,0.461193160410715,0.418415047177041,0.213484348899349,"max_iter reached without violation"
868,10050,0.327607980138843,0.242205402008869,0.46271769006757,0.418740102786137,0.210795953294405,"max_iter reached without violation"
869,10050,0.240065303015169,0.319423564372722,0.417369182770917,0.45933521192042,0.28373633890605,"max_iter reached without violation"
870,10050,0.438197838393998,0.165175509312859,0.493558507170123,0.358963012296428,0.143691396093002,"max_iter reached without violation"
871,10050,0.248418790299042,0.303238520041242,0.422638499670144,0.452157521880871,0.275738184690944,"max_iter reached without violation"
872,10050,0.0394064235170897,0.68650253467523,0.178206705153424,0.470517637140444,0.64306696994315,"max_iter reached without violation"
873,10050,0.393477737025556,0.200110958826574,0.484283063805625,0.388921876772218,0.168213746240409,"max_iter reached without violation"
874,10050,0.146280775177699,0.437897543544601,0.340363439733398,0.493510029988515,0.396457733725745,"max_iter reached without violation"
875,10050,0.193960133411433,0.367334550862847,0.384021610346267,0.476891299202105,0.333114353949601,"max_iter reached without violation"
876,10050,0.152070433006273,0.423775940781057,0.346262938135429,0.491021548241626,0.387909911950244,"max_iter reached without violation"
877,10050,0.41044151864609,0.177117563937599,0.488293329348001,0.369805395838564,0.158540215686028,"max_iter reached without violation"
878,10050,0.260120414678389,0.282667175830142,0.429658665855034,0.442059003942079,0.264953410633673,"max_iter reached without violation"
879,10050,0.0989274882188671,0.504697044068862,0.283959406833249,0.499811414647193,0.478994356382713,"max_iter reached without violation"
880,10050,0.107718836948802,0.49503208527858,0.295706946072452,0.499452932072342,0.461624371972237,"max_iter reached without violation"
881,10050,0.0220096156742805,0.765722008924117,0.130067716787157,0.433156226123781,0.724241670606362,"max_iter reached without violation"
882,10050,0.213112024932056,0.334070397879575,0.398801004924354,0.465274153185873,0.311433110155448,"max_iter reached without violation"
883,10050,0.313458194750114,0.244141209573028,0.456766155606891,0.419967644533349,0.221147608364752,"max_iter reached without violation"
884,10050,0.215259524845024,0.341638824676319,0.400372651343796,0.468142020716582,0.309112064306145,"max_iter reached without violation"
885,10050,0.73997394606453,0.0462516209338461,0.447275679283906,0.193843538563032,0.0375170372691945,"max_iter reached without violation"
886,10050,0.408635800013348,0.182051875760672,0.487895347642029,0.374095862267268,0.159547496658859,"max_iter reached without violation"
887,10050,0.153516756419803,0.4289856788133,0.347708221646838,0.491987320443466,0.38581658930471,"max_iter reached without violation"
888,10050,0.372668265714861,0.201852668121544,0.478520859849967,0.390282497317245,0.180756608019576,"max_iter reached without violation"
889,10050,0.543188812822869,0.117944061052542,0.49938576662469,0.308562155323572,0.0967529029226224,"max_iter reached without violation"
890,10050,0.17485462347281,0.391468681678501,0.367801480100529,0.483767597446747,0.356706788448466,"max_iter reached without violation"
891,10050,0.153206865975482,0.416559013285192,0.34739949446172,0.48959091583656,0.386263726498847,"max_iter reached without violation"
892,10050,0.117214722607082,0.471388659634732,0.307671989169444,0.497789385602987,0.444048658459613,"max_iter reached without violation"
893,10050,0.0741690567380229,0.560261072613978,0.246657494927613,0.49824209180874,0.535089253428365,"max_iter reached without violation"
894,10050,0.101651467270069,0.510174119173406,0.28767277393033,0.499931789114756,0.473490476851301,"max_iter reached without violation"
895,10050,0.0568037985986452,0.611938659053411,0.215566323622687,0.491116862245506,0.58320572268304,"max_iter reached without violation"
896,10050,0.223230519444955,0.332657063239042,0.406062824755084,0.464723585255585,0.300676995041224,"max_iter reached without violation"
897,10050,0.334776998564189,0.237924650448159,0.465547629870806,0.415983248839739,0.205729059315404,"max_iter reached without violation"
898,10050,0.156924273055053,0.414453318308046,0.351069552154187,0.489153095384249,0.380948731189244,"max_iter reached without violation"
899,10050,0.573050949278322,0.0995563341051023,0.496996000615803,0.28482272044142,0.0856402857225829,"max_iter reached without violation"
900,10050,0.22700871073562,0.344563936607867,0.408682772301489,0.469214411866115,0.296774644357203,"max_iter reached without violation"
901,10050,0.163423206693512,0.411143673935696,0.357315081508712,0.488446238827313,0.37190422669018,"max_iter reached without violation"
902,10050,0.136960584796755,0.446103150120107,0.330464883807217,0.494768552853804,0.410818598153266,"max_iter reached without violation"
903,10050,0.556094272877547,0.103431122913164,0.498575818790877,0.290062568519445,0.0918425133388791,"max_iter reached without violation"
904,10050,0.120027050869727,0.472986142919991,0.311082859113177,0.497937022806319,0.439057078085262,"max_iter reached without violation"
905,10050,0.334978876330386,0.233743664501245,0.465625545194755,0.413233531355873,0.205588047320346,"max_iter reached without violation"
906,10050,0.0480896804224392,0.652578327742117,0.197817351768685,0.481478955515546,0.611341134443122,"max_iter reached without violation"
907,10050,0.544082667376167,0.109494909766786,0.49934053190959,0.297999567921871,0.0964073654429404,"max_iter reached without violation"
908,10050,0.368240441964489,0.199496131099458,0.477172517591142,0.388438761159987,0.183527409526721,"max_iter reached without violation"
909,10050,0.507485649390456,0.131047311933257,0.49988018662988,0.323911409222842,0.111247940371485,"max_iter reached without violation"
910,10050,0.0762872867013015,0.567500268529363,0.250133975635426,0.497577995680677,0.529792216231686,"max_iter reached without violation"
911,10050,0.73284138405201,0.0481976934281763,0.45083188098915,0.198048172515344,0.0391509492347867,"max_iter reached without violation"
912,10050,0.112000615104954,0.490047456824308,0.301190331767307,0.499195164224226,0.453556332666132,"max_iter reached without violation"
913,10050,0.41244757483541,0.18698217050711,0.488727453089026,0.378277378264365,0.1574272895703,"max_iter reached without violation"
914,10050,0.547458915285574,0.109808230265038,0.499155109034929,0.29840132441415,0.0951095664133693,"max_iter reached without violation"
915,10050,0.353234056857102,0.219246080700638,0.472276636784977,0.403246448005759,0.19319992551366,"max_iter reached without violation"
916,10050,0.0594805310683398,0.615297466040393,0.220696966026039,0.490458409802752,0.575167590351672,"max_iter reached without violation"
917,10050,0.331647429417128,0.235069576296289,0.464327364035924,0.414111721170689,0.207926696793962,"max_iter reached without violation"
918,10050,0.11846492381472,0.482467307753355,0.309195458630671,0.498708055887216,0.441818213190377,"max_iter reached without violation"
919,10050,0.485260488004259,0.140794595536846,0.498900908281645,0.334598756443696,0.120995836895988,"max_iter reached without violation"
920,10050,0.068649998573471,0.590381757085281,0.237302397607357,0.494768552853804,0.549422557450454,"max_iter reached without violation"
921,10050,0.0721544861268995,0.586521449373481,0.243293755955305,0.495318835692084,0.540229471597255,"max_iter reached without violation"
922,10050,0.0744869438199733,0.581768733708969,0.247183105483455,0.495953587686969,0.534287392648205,"max_iter reached without violation"
923,10050,0.103012478631145,0.509477159622675,0.289502927876179,0.499919797532813,0.470782483567273,"max_iter reached without violation"
924,10050,0.662224943841479,0.0702438362987987,0.478641262307914,0.240049849199578,0.057240710910058,"max_iter reached without violation"
925,10050,0.570474136925282,0.102907808171173,0.497274062295984,0.289362763055909,0.0865649873894887,"max_iter reached without violation"
926,10050,0.166102967585142,0.405625702871311,0.359829171617191,0.487216691476041,0.368262621985704,"max_iter reached without violation"
927,10050,0.171767361932477,0.401611134760154,0.365029984971738,0.486281840057394,0.360725884255227,"max_iter reached without violation"
928,10050,0.0743809875192071,0.569780293998361,0.247008066319925,0.497346599225723,0.534554389002303,"max_iter reached without violation"
929,10050,0.197753814089487,0.364314420920987,0.387061658277761,0.475940535239781,0.328672898036662,"max_iter reached without violation"
930,10050,0.952920889464882,0.00617297450053568,0.228997057806098,0.0621734507787137,0.00335744115044499,"max_iter reached without violation"
931,10050,0.11846492381472,0.477577853814541,0.309195458630671,0.498332905556394,0.441818213190377,"max_iter reached without violation"
932,10050,0.118256587998582,0.478176657507816,0.308942389235178,0.498381420198436,0.44218861350763,"max_iter reached without violation"
933,10050,0.156614594724007,0.419967507003772,0.350766577867261,0.490280058011521,0.381387473422998,"max_iter reached without violation"
934,10050,0.148039099990944,0.42527896319996,0.342174703383308,0.491305923390564,0.393832733249512,"max_iter reached without violation"
935,10050,0.249233324566362,0.30617389920007,0.423140643004525,0.453508378926117,0.274971947789885,"max_iter reached without violation"
936,10050,0.198471293547419,0.365925251407856,0.38763018710033,0.476450172849934,0.327841380939319,"max_iter reached without violation"
937,10050,0.350613539144054,0.226804531290949,0.471369329534308,0.408542431267048,0.194935157062954,"max_iter reached without violation"
938,10050,0.113461384078252,0.477478050618143,0.303027405158383,0.498324749785326,0.450858515458247,"max_iter reached without violation"
939,10050,0.242307297769601,0.319322483876348,0.418805012711536,0.459292413448621,0.281564284524676,"max_iter reached without violation"
940,10050,0.175266132801149,0.394180830412926,0.368167607810498,0.484461416204119,0.356175663344169,"max_iter reached without violation"
941,10050,0.109494909766786,0.48506099424514,0.297999567921871,0.498887651569859,0.458248210163865,"max_iter reached without violation"
942,10050,0.17238494810844,0.399502978638339,0.365587914738557,0.485777268881028,0.35991698416006,"max_iter reached without violation"
943,10050,0.461200243543791,0.154652854614694,0.496727231113964,0.348835698284186,0.132231782655821,"max_iter reached without violation"
944,10050,0.411845790851478,0.188008822002711,0.488598107538629,0.379135149775776,0.157760476871885,"max_iter reached without violation"
945,90,0.0155159609018472,0.754627925025367,0.052704627669473,0.487498021521785,0.765162470070236,"violation"
946,10050,0.250353183360953,0.310221349265919,0.423827677541231,0.455335048819002,0.273922361816464,"max_iter reached without violation"
947,10050,0.103012478631145,0.520723704725818,0.289502927876179,0.499994762478447,0.470782483567273,"max_iter reached without violation"
948,10050,0.293008771935177,0.275563664869154,0.447275679283906,0.438307057220164,0.236991971274697,"max_iter reached without violation"
949,10050,0.4490039182209,0.161051522554344,0.495180694994294,0.35506052796021,0.138216813003042,"max_iter reached without violation"
950,10050,0.638981030879084,0.0728969575334858,0.485114538477963,0.244540111924285,0.0640051016334852,"max_iter reached without violation"
951,10050,0.200315888981419,0.352528590610728,0.389082578433263,0.472033928130389,0.325715761692722,"max_iter reached without violation"
952,10050,0.380111430452796,0.202569713319005,0.480690080912099,0.390839248205288,0.176181025844059,"max_iter reached without violation"
953,10050,0.264593492233648,0.286419789080412,0.432234373688828,0.443985228467066,0.260953438909725,"max_iter reached without violation"
954,10050,0.144211300527422,0.435394820525308,0.33820929187526,0.49309884067154,0.399580607949054,"max_iter reached without violation"
955,10050,0.438998591266085,0.162289056243861,0.493686873976205,0.356240431268233,0.143280033576511,"max_iter reached without violation"
956,10050,0.242714868394523,0.314469507424205,0.419064315614288,0.457207910353993,0.281171457620307,"max_iter reached without violation"
957,10050,0.605119522498482,0.0875823497422304,0.492378978520257,0.267716967049489,0.0746441654363707,"max_iter reached without violation"
958,10050,0.127515974860226,0.461200243543791,0.319890531633722,0.496727231113964,0.426200774680417,"max_iter reached without violation"
959,10050,0.074063082231748,0.565517319118955,0.246481961997544,0.49777056985061,0.535357122892904,"max_iter reached without violation"
960,10050,0.259205193889839,0.287636545367106,0.429124409371972,0.444601610784387,0.265780001783557,"max_iter reached without violation"
961,10050,0.178557161307047,0.396591138001063,0.371068256789438,0.485064819393136,0.351966070377972,"max_iter reached without violation"
962,10050,0.572159032599339,0.0974596208362968,0.497093794010309,0.281929811659759,0.0859596421198807,"max_iter reached without violation"
963,10050,0.0222357733519858,0.75831737393368,0.13080414751378,0.437429379181084,0.722960436480107,"max_iter reached without violation"
964,10050,0.277695269575461,0.285507123358747,0.439447596697053,0.443520270049525,0.249604952788693,"max_iter reached without violation"
965,10050,0.0553023662635262,0.623493143061047,0.212626385829679,0.488748936452139,0.587830351776706,"max_iter reached without violation"
966,820,0.965211057409801,0.00183916527470757,0.237034399118058,0.0174607573942395,0.00226691674130311,"violation"
967,10050,0.662323337747661,0.0677993268180586,0.478611195562649,0.235820139806082,0.0572129698799043,"max_iter reached without violation"
968,10050,0.0916851003104816,0.526492646885039,0.273742175855508,0.499935036991659,0.494206872090813,"max_iter reached without violation"
969,10050,0.153723339191522,0.408435148905253,0.347913745286178,0.48785070151902,0.385518929152172,"max_iter reached without violation"
970,10050,0.143486762390164,0.430187631333767,0.337449318818721,0.492202197669825,0.400682616639,"max_iter reached without violation"
971,10050,0.11773569422941,0.477877258979201,0.308308244961981,0.49835725286821,0.443116954491428,"max_iter reached without violation"
972,10050,0.182051875760672,0.387550095393694,0.374095862267268,0.482737259286486,0.347568424563843,"max_iter reached without violation"
973,10050,0.126580674637792,0.47588109915327,0.318811684348266,0.498191536519069,0.427773166782279,"max_iter reached without violation"
974,10050,0.728246369928264,0.0516481201738581,0.453045097260721,0.205271991948362,0.0402216354723593,"max_iter reached without violation"
975,10050,0.175369005557967,0.398599375745528,0.368259015648458,0.485558110881281,0.356043054846442,"max_iter reached without violation"
976,10050,0.0465762412424362,0.657796359028245,0.194551766483462,0.47997096724983,0.616575859172284,"max_iter reached without violation"
977,10050,0.211577708360667,0.346479986086469,0.397667875387701,0.469906078362599,0.313104402111377,"max_iter reached without violation"
978,10050,0.262458889644972,0.306376308726474,0.431012526184308,0.453600716554942,0.262854054704882,"max_iter reached without violation"
979,10050,0.0387514109645636,0.699553117967174,0.176633703917934,0.465547629870806,0.645642835257312,"max_iter reached without violation"
980,10050,0.65602445634735,0.0721544861268994,0.480490135721309,0.243293755955305,0.0590038743609343,"max_iter reached without violation"
981,10050,0.242205402008869,0.313660464937246,0.418740102786137,0.456854714100984,0.281662591332528,"max_iter reached without violation"
982,10050,0.0305073775235922,0.709844931786823,0.155442154225661,0.461318053168907,0.680828192900477,"max_iter reached without violation"
983,10050,0.595230262230098,0.0866345512992679,0.494033097342446,0.266299145269782,0.0779362076621272,"max_iter reached without violation"
984,10050,0.263983656820821,0.302833575167852,0.431886658728851,0.451969434139962,0.261494908265623,"max_iter reached without violation"
985,10050,0.245363595460103,0.321242852535345,0.420736711861941,0.460101223980666,0.27863358233103,"max_iter reached without violation"
986,10050,0.129905165860336,0.453603840640516,0.32261990312292,0.495799289253601,0.422225476557922,"max_iter reached without violation"
987,10050,0.686011605944777,0.0662031100523149,0.470696199269899,0.233008164306637,0.0507464504062795,"max_iter reached without violation"
988,10050,0.320232174465566,0.247298679296989,0.459676680857842,0.421944624807921,0.216132383556607,"max_iter reached without violation"
989,10050,0.125021332826496,0.467394122387823,0.316999824745833,0.497397807689757,0.430415326777186,"max_iter reached without violation"
990,10050,0.0786146485219687,0.569185542557111,0.253885115826659,0.497407989035906,0.524093882361465,"max_iter reached without violation"
991,10050,0.201033095767496,0.361293529110732,0.389643711898732,0.474969108019597,0.324893974565904,"max_iter reached without violation"
992,10050,0.351419914867293,0.215566259182842,0.471650198300281,0.400595779174739,0.194399699198312,"max_iter reached without violation"
993,10050,0.140794595536846,0.443902144793435,0.334598756443696,0.494444430817014,0.404817543024662,"max_iter reached without violation"
994,10050,0.161464066261285,0.409237734482004,0.355454709901025,0.488028774612097,0.374598512745118,"max_iter reached without violation"
995,10050,0.0594805310683398,0.613519385265733,0.220696966026039,0.490810017123822,0.575167590351672,"max_iter reached without violation"
996,10050,0.439599124062632,0.16239217089024,0.493782285046875,0.356338399591442,0.142972131925603,"max_iter reached without violation"
997,10050,0.0644986879401167,0.597703289753931,0.229960151430115,0.493638890760669,0.560756435097984,"max_iter reached without violation"
998,10050,0.246585804896639,0.298378133343286,0.421500993530665,0.449872039429105,0.277471228020102,"max_iter reached without violation"
999,10050,0.393276845970909,0.191908579972866,0.484231909895277,0.38235351837603,0.168331187032241,"max_iter reached without violation"
1000,10050,0.158885130347547,0.408334822172244,0.352976488137933,0.487828346481932,0.37818729958494,"max_iter reached without violation"
