"trial","stopped_at_n","T1_","T2_","s1","s2","beta_allowed","reason"
1,10050,0.33594799482797,0.31423204877102,0.466090979284381,0.457207910353993,0.282154619020873,"max_iter reached without violation"
2,10050,0.310389429276014,0.341899973301013,0.455515400227652,0.468328359371689,0.306690505953966,"max_iter reached without violation"
3,10050,0.31888182327847,0.313827626786906,0.459206739856845,0.457031519651762,0.298343030876783,"max_iter reached without violation"
4,10050,0.329387147212347,0.32130701043837,0.46352749772265,0.460228091053402,0.288287706703961,"max_iter reached without violation"
5,10050,0.985784923236689,0.00244938981808297,0.137241346713884,0.0345341011677119,0.00070817280975128,"max_iter reached without violation"
6,10050,0.326256787134596,0.333425039581987,0.462268039457043,0.46511734029603,0.291253332083866,"max_iter reached without violation"
7,10050,0.316253933095526,0.338672162777612,0.458083657870459,0.467125351387148,0.300904793048463,"max_iter reached without violation"
8,10050,0.328882309334453,0.312108664902783,0.463325979834943,0.456277225176967,0.288764241696594,"max_iter reached without violation"
9,10050,0.320902849594449,0.331709110993456,0.460058884140726,0.464446489725428,0.296385649989802,"max_iter reached without violation"
10,10050,0.345026059301421,0.304218132591173,0.469470240668769,0.452719216778309,0.273848176934753,"max_iter reached without violation"
11,10050,0.992836918538367,0.000926468770033948,0.104045541071999,0.0172747896074389,0.00028135478247688,"max_iter reached without violation"
12,10050,0.325246807182002,0.330295798495244,0.461856635433838,0.463888664714031,0.29221566513035,"max_iter reached without violation"
13,10050,0.328680367852581,0.319387114621089,0.463245198526197,0.459420732251543,0.288955047987801,"max_iter reached without violation"
14,10050,0.332819447293736,0.307961804403282,0.464881382861462,0.454426989204659,0.285065376874829,"max_iter reached without violation"
15,10050,0.322923506293714,0.322923506293714,0.46090086051953,0.46090086051953,0.29443964205308,"max_iter reached without violation"
16,10050,0.318780762223424,0.322216318365545,0.459163864722567,0.460607321883455,0.298441200246226,"max_iter reached without violation"
17,10050,0.327064705503786,0.339479199877112,0.462595358259816,0.467428427058534,0.290485466999224,"max_iter reached without violation"
18,10050,0.340689649838678,0.313018737560293,0.467880133169149,0.456677493219826,0.277790344860835,"max_iter reached without violation"
19,10050,0.352686488481444,0.308771073862389,0.472172759877586,0.454791475574566,0.266996434796729,"max_iter reached without violation"
20,10050,0.324236735900686,0.320397627746868,0.461442719019453,0.459846803507399,0.293180788984256,"max_iter reached without violation"
21,10050,0.313423189722502,0.332516639062428,0.456854714100984,0.464763071633961,0.303685554040552,"max_iter reached without violation"
22,10050,0.327367659888471,0.318275443001264,0.46271769006757,0.458949105380619,0.290197974863916,"max_iter reached without violation"
23,10050,0.323024529462674,0.337360606949043,0.460942693433293,0.466629537395747,0.294342638425423,"max_iter reached without violation"
24,10050,0.994388635127553,0.0018212212246959,0.0947245390516995,0.0282025930158116,0.000203358870518517,"max_iter reached without violation"
25,10050,0.323630649191878,0.331810055142988,0.461193160410715,0.46448614886833,0.293761207886585,"max_iter reached without violation"
26,10050,0.325751808559107,0.324842789642644,0.46206265107395,0.461691370732512,0.291734150504749,"max_iter reached without violation"
27,10050,0.35429857851271,0.298144484698611,0.472724328111905,0.449872039429105,0.26557247600355,"max_iter reached without violation"
28,10050,0.322822482205774,0.334030599678588,0.460859002325285,0.46535241216016,0.294536673866902,"max_iter reached without violation"
29,10050,0.993084056998697,0.000926468770033948,0.102632414661712,0.0172747896074389,0.000268487365598638,"max_iter reached without violation"
30,10050,0.993739341092878,0.00130812630538907,0.0987608680936292,0.0222994376428007,0.000235171587589601,"max_iter reached without violation"
31,10050,0.321913224018878,0.338773045502346,0.460481139816529,0.467163320775522,0.295411230585613,"max_iter reached without violation"
32,10050,0.331709110993456,0.330901525446504,0.464446489725428,0.464128326636659,0.286104453920329,"max_iter reached without violation"
33,10050,0.331103427228256,0.313524300403337,0.46420801582202,0.456898954407048,0.286672607358493,"max_iter reached without violation"
34,10050,0.337259711846414,0.315546316281543,0.466591227499898,0.457778320876576,0.280941630133653,"max_iter reached without violation"
35,10050,0.307455979839151,0.355205283286213,0.454198328247842,0.473031947950231,0.309620761466112,"max_iter reached without violation"
36,10050,0.308164127515191,0.33514070974178,0.45451826889683,0.46578108166735,0.308911148067526,"max_iter reached without violation"
37,10050,0.334938879570732,0.313018737560293,0.465703362443884,0.456677493219826,0.283090755087786,"max_iter reached without violation"
38,10050,0.326155793242167,0.311400777580699,0.462227011920814,0.455964446688711,0.291349440143269,"max_iter reached without violation"
39,10050,0.328074521677038,0.326559763347757,0.463002256824423,0.462390971751352,0.289528127370127,"max_iter reached without violation"
40,10050,0.350570288131634,0.301890317097173,0.471439688419772,0.451639248123196,0.268875081967582,"max_iter reached without violation"
41,10050,0.329387147212347,0.312816505812019,0.46352749772265,0.456588726879267,0.288287706703961,"max_iter reached without violation"
42,10050,0.329589076037744,0.318275443001264,0.463607930860329,0.458949105380619,0.288097284756525,"max_iter reached without violation"
43,10050,0.987255789509751,0.00198285845723115,0.131170699216186,0.0299118777028819,0.000610520982648375,"max_iter reached without violation"
44,10050,0.329387147212347,0.330598666023742,0.46352749772265,0.464008607167002,0.288287706703961,"max_iter reached without violation"
45,10050,0.386997938801749,0.278177268406509,0.482656619083639,0.439824913241692,0.237969934059326,"max_iter reached without violation"
46,10050,0.328074521677038,0.323529631531544,0.463002256824423,0.461151479035542,0.289528127370127,"max_iter reached without violation"
47,10050,0.317264734717641,0.321104931863457,0.458517665464841,0.460143538408087,0.2999171911832,"max_iter reached without violation"
48,10050,0.307354812046688,0.344320242175261,0.454152516839628,0.469214411866115,0.309722255373055,"max_iter reached without violation"
49,10050,0.325347809283015,0.309276836178286,0.461897888782672,0.455018424124687,0.29211930643714,"max_iter reached without violation"
50,10050,0.338773045502346,0.309276836178286,0.467163320775522,0.455018424124687,0.279547600152946,"max_iter reached without violation"
51,10050,0.328175498304547,0.308771073862389,0.463042809414434,0.454791475574566,0.289432545268476,"max_iter reached without violation"
52,10050,0.328175498304547,0.322923506293714,0.463042809414434,0.46090086051953,0.289432545268476,"max_iter reached without violation"
53,10050,0.333525968498964,0.314939751008711,0.465156580401678,0.457515597296161,0.284405850115086,"max_iter reached without violation"
54,10050,0.289534042903007,0.352988772006245,0.445670531022887,0.472276636784977,0.32806827320662,"max_iter reached without violation"
55,10050,0.33514070974178,0.333021314969691,0.46578108166735,0.464960133819486,0.282903313848989,"max_iter reached without violation"
56,10050,0.348756100773499,0.310692843750188,0.470803051686572,0.455650388785173,0.270494179553074,"max_iter reached without violation"
57,10050,0.99242343703942,0.00198285845723115,0.106357175200435,0.0299118777028819,0.000303241380995932,"max_iter reached without violation"
58,10050,0.340286180591667,0.31423204877102,0.467729951618346,0.457207910353993,0.278159505625682,"max_iter reached without violation"
59,10050,0.986564958723003,0.00165555318750714,0.134064380383721,0.0263824236268919,0.00065586739730759,"max_iter reached without violation"
60,10050,0.330396755239102,0.308062966438501,0.463928670318281,0.454472642234971,0.287336692071653,"max_iter reached without violation"
61,10050,0.315546316281543,0.33715881585802,0.457778320876576,0.466552893237267,0.301597839822685,"max_iter reached without violation"
62,10050,0.994226914086052,0.000462092201364114,0.0957501947753105,0.00997459707542893,0.000211167233502389,"max_iter reached without violation"
63,10050,0.340286180591667,0.310086006234195,0.467729951618346,0.455380175980056,0.278159505625682,"max_iter reached without violation"
64,10050,0.30178909603452,0.350267942923449,0.451591971288205,0.471334114644308,0.315351286926646,"max_iter reached without violation"
65,10050,0.342000827890911,0.300473133202019,0.468365554789784,0.450974923607981,0.276593461166762,"max_iter reached without violation"
66,10050,0.320902849594449,0.315849586252505,0.460058884140726,0.457909334248734,0.296385649989802,"max_iter reached without violation"
67,10050,0.352384197264138,0.301991537183144,0.472068671354596,0.45168649809034,0.267264137062396,"max_iter reached without violation"
68,10050,0.323125551712906,0.33554435940092,0.460984501073458,0.465936226233441,0.294245662971732,"max_iter reached without violation"
69,10050,0.328983278718335,0.330800573205833,0.463366333157678,0.464088444912038,0.288668879780196,"max_iter reached without violation"
70,10050,0.31888182327847,0.325347809283015,0.459206739856845,0.461897888782672,0.298343030876783,"max_iter reached without violation"
71,10050,0.987514202111437,0.00332808088658567,0.130067716787157,0.0422828207991058,0.000593799545215599,"max_iter reached without violation"
72,10050,0.987514202111437,0.00214112065410545,0.130067716787157,0.031528317448268,0.000593799545215599,"max_iter reached without violation"
73,10050,0.988372864521466,0.0018212212246959,0.126316477855846,0.0282025930158116,0.00053920076356383,"max_iter reached without violation"
74,10050,0.322216318365545,0.331810055142988,0.460607321883455,0.46448614886833,0.295119457343413,"max_iter reached without violation"
75,10050,0.993820845276509,0.000711758751379062,0.0982657469610655,0.014105508574463,0.000231111368797867,"max_iter reached without violation"
76,10050,0.987858178081688,0.00289586267607815,0.128581278649645,0.0386045288250071,0.000571748244464014,"max_iter reached without violation"
77,10050,0.315546316281543,0.339882697275676,0.457778320876576,0.467579383039477,0.301597839822685,"max_iter reached without violation"
78,10050,0.324640775388349,0.317972240301022,0.461608587503771,0.458819942580325,0.292794403777665,"max_iter reached without violation"
79,10050,0.300979292335888,0.348554507177047,0.45121278835132,0.470731840469751,0.316177800036705,"max_iter reached without violation"
80,10050,0.986391871459363,0.0018212212246959,0.134777359046215,0.0282025930158116,0.000667373763901689,"max_iter reached without violation"
81,10050,0.315849586252505,0.331002476787234,0.457909334248734,0.464168183604527,0.301300645420176,"max_iter reached without violation"
82,10050,0.307455979839151,0.341899973301013,0.454198328247842,0.468328359371689,0.309620761466112,"max_iter reached without violation"
83,10050,0.321610121378764,0.319387114621089,0.460354729602509,0.459420732251543,0.295703258605618,"max_iter reached without violation"
84,10050,0.314737555071078,0.344824401616263,0.457427816082025,0.469397266415109,0.302391639682242,"max_iter reached without violation"
85,10050,0.321610121378764,0.341395687208175,0.460354729602509,0.468142020716582,0.295703258605618,"max_iter reached without violation"
86,10050,0.279901905393355,0.366784939366759,0.440735325942875,0.476797149108492,0.338387824096423,"max_iter reached without violation"
87,10050,0.987083314535061,0.00165555318750714,0.131900521532348,0.0263824236268919,0.000621754986120912,"max_iter reached without violation"
88,10050,0.322115287837729,0.332314762427311,0.460565286532575,0.464684074215466,0.295216686802651,"max_iter reached without violation"
89,10050,0.32847842275032,0.331709110993456,0.463164317623001,0.464446489725428,0.289145964301406,"max_iter reached without violation"
90,10050,0.319083942601261,0.346941634059507,0.459292413448621,0.470158730063228,0.298146778170635,"max_iter reached without violation"
91,10050,0.331910998394659,0.322115287837729,0.464525783311651,0.460565286532575,0.285915286834869,"max_iter reached without violation"
92,10050,0.382173935394337,0.271884811489151,0.481339362602462,0.436432939919475,0.241893775164259,"max_iter reached without violation"
93,10050,0.985089184008978,0.00260008733354928,0.14,0.0359424416588269,0.000755789295744353,"max_iter reached without violation"
94,10050,0.331507219999883,0.32837744884095,0.464367097315562,0.463123839807181,0.286293729641754,"max_iter reached without violation"
95,10050,0.328882309334453,0.311198515521936,0.463325979834943,0.455874846527143,0.288764241696594,"max_iter reached without violation"
96,10050,0.987169571790592,0.0018212212246959,0.131536154183666,0.0282025930158116,0.00061612937902975,"max_iter reached without violation"
97,10050,0.352283431814711,0.295916592651,0.472033928130389,0.448803651065775,0.267353421105793,"max_iter reached without violation"
98,10050,0.287405634008597,0.364369230503335,0.444601610784387,0.476036539418679,0.330323470993859,"max_iter reached without violation"
99,10050,0.317871170871546,0.335443448320948,0.458776837071156,0.465897476811725,0.299326017331082,"max_iter reached without violation"
100,10050,0.324640775388349,0.335039795101565,0.461608587503771,0.465742234305757,0.292794403777665,"max_iter reached without violation"
101,10050,0.321913224018878,0.317466883832993,0.460481139816529,0.458604158629768,0.295411230585613,"max_iter reached without violation"
102,10050,0.333223179065169,0.312108664902783,0.46503878628102,0.456277225176967,0.284688342486594,"max_iter reached without violation"
103,10050,0.986737896616614,0.00148495372542216,0.133347292653092,0.0244265940841534,0.000644428568278187,"max_iter reached without violation"
104,10050,0.350771847309857,0.297030598676154,0.471509952814444,0.449339495843827,0.268695686551395,"max_iter reached without violation"
105,10050,0.322014256388924,0.314434254113423,0.460523225845913,0.457295950286964,0.295313944545958,"max_iter reached without violation"
106,10050,0.319387114621089,0.340185311082166,0.459420732251543,0.467692345772095,0.297852614004736,"max_iter reached without violation"
107,10050,0.321711156514051,0.334938879570732,0.460396891701786,0.465703362443884,0.295605887603139,"max_iter reached without violation"
108,10050,0.308366446794141,0.347143255303111,0.45460944314694,0.470230701834429,0.308708672240405,"max_iter reached without violation"
109,10050,0.332112882205332,0.324943795398269,0.46460497812483,0.46173272461723,0.285726228294046,"max_iter reached without violation"
110,10050,0.313827626786906,0.33584708730469,0.457031519651762,0.466052327704846,0.303286899117562,"max_iter reached without violation"
111,10050,0.325751808559107,0.337461501166125,0.46206265107395,0.466667822930815,0.291734150504749,"max_iter reached without violation"
112,10050,0.324034710663371,0.322620431271958,0.461359633655292,0.460775210067788,0.293374149709326,"max_iter reached without violation"
113,10050,0.994064782999972,0.00130812630538907,0.0967645704506695,0.0222994376428007,0.000219072926053937,"max_iter reached without violation"
114,10050,0.316658264961928,0.335746178892569,0.458257569495584,0.466013651673904,0.300509404872884,"max_iter reached without violation"
115,10050,0.324337747145602,0.321812190727338,0.461484223910841,0.460439028437472,0.293084150670274,"max_iter reached without violation"
116,10050,0.321003891190842,0.340084440693143,0.460101223980666,0.467654715730761,0.296288080309155,"max_iter reached without violation"
117,10050,0.330598666023742,0.327670606099388,0.464008607167002,0.462839797020521,0.287146817213828,"max_iter reached without violation"
118,10050,0.324034710663371,0.322519404425579,0.461359633655292,0.460733275990739,0.293374149709326,"max_iter reached without violation"
119,10050,0.320700763629306,0.330800573205833,0.459974128195212,0.464088444912038,0.296580874659665,"max_iter reached without violation"
120,6770,0.99316703276906,0.000260216737580485,0.106039362079292,0.00607681017155811,0.000264203781722118,"violation"
121,10050,0.327468642866653,0.311501907186215,0.462758417360291,0.456009207599918,0.290102199484362,"max_iter reached without violation"
122,10050,0.333122247464876,0.328983278718335,0.464999472359189,0.463366333157678,0.284782560572525,"max_iter reached without violation"
123,10050,0.300776831622869,0.348050508087059,0.45111772334594,0.470553397068374,0.316384738746792,"max_iter reached without violation"
124,10050,0.332920381579387,0.316557183398452,0.464920770655662,0.458214130188311,0.284971077755328,"max_iter reached without violation"
125,10050,0.325145804167703,0.328680367852581,0.461815356961146,0.463245198526197,0.292312051731559,"max_iter reached without violation"
126,10050,0.31059170654362,0.336957021223066,0.45560541877418,0.466476151587624,0.306489346139195,"max_iter reached without violation"
127,10050,0.987858178081688,0.00198285845723115,0.128581278649645,0.0299118777028819,0.000571748244464014,"max_iter reached without violation"
128,10050,0.334232445898857,0.318982883404329,0.465430572886835,0.459249589429812,0.28374764413824,"max_iter reached without violation"
129,10050,0.327569624936879,0.315546316281543,0.462799119675745,0.457778320876576,0.290006451751249,"max_iter reached without violation"
130,10050,0.321610121378764,0.322115287837729,0.460354729602509,0.460565286532575,0.295703258605618,"max_iter reached without violation"
131,10050,0.329589076037744,0.310793980005642,0.463607930860329,0.455695332631653,0.288097284756525,"max_iter reached without violation"
132,10050,0.331507219999883,0.331709110993456,0.464367097315562,0.464446489725428,0.286293729641754,"max_iter reached without violation"
133,10050,0.325145804167703,0.315546316281543,0.461815356961146,0.457778320876576,0.292312051731559,"max_iter reached without violation"
134,10050,0.331103427228256,0.338773045502346,0.46420801582202,0.467163320775522,0.286672607358493,"max_iter reached without violation"
135,10050,0.291560682195864,0.364167899777179,0.446677084493306,0.475972559585403,0.325933911714073,"max_iter reached without violation"
136,10050,0.364167899777179,0.293080396496045,0.475972559585403,0.447424704964101,0.256987792222974,"max_iter reached without violation"
137,10050,0.337764178506272,0.312310909894406,0.466782533431251,0.456366355833083,0.280476291714141,"max_iter reached without violation"
138,10050,0.315344131611786,0.313928733696029,0.45769084963408,0.457075656200591,0.301796114914721,"max_iter reached without violation"
139,10050,0.338974808304487,0.315546316281543,0.467239186726066,0.457778320876576,0.27936217874429,"max_iter reached without violation"
140,10050,0.322923506293714,0.319083942601261,0.46090086051953,0.459292413448621,0.29443964205308,"max_iter reached without violation"
141,10050,0.330497711081857,0.331305325412099,0.463968651133802,0.464287606031357,0.287241740994391,"max_iter reached without violation"
142,10050,0.315546316281543,0.339277445892601,0.457778320876576,0.467352803675011,0.301597839822685,"max_iter reached without violation"
143,10050,0.330295798495244,0.312310909894406,0.463888664714031,0.456366355833083,0.287431670457145,"max_iter reached without violation"
144,10050,0.331810055142988,0.315546316281543,0.46448614886833,0.457778320876576,0.286009856803814,"max_iter reached without violation"
145,10050,0.332112882205332,0.314939751008711,0.46460497812483,0.457515597296161,0.285726228294046,"max_iter reached without violation"
146,10050,0.987514202111437,0.00148495372542216,0.130067716787157,0.0244265940841534,0.000593799545215599,"max_iter reached without violation"
147,10050,0.306039543227867,0.346538381181659,0.45355456100498,0.470014500681332,0.311044427778024,"max_iter reached without violation"
148,10050,0.339882697275676,0.309883719442744,0.467579383039477,0.455289895439037,0.278529085875334,"max_iter reached without violation"
149,10050,0.330497711081857,0.3312043767698,0.463968651133802,0.464247823295509,0.287241740994391,"max_iter reached without violation"
150,10050,0.3312043767698,0.312816505812019,0.464247823295509,0.456588726879267,0.286577847116442,"max_iter reached without violation"
151,8640,0.994262131112249,0.000208208062778128,0.0969570347160679,0.00537914353639919,0.000209460234179509,"violation"
152,10050,0.338873927344567,0.312209787872056,0.467201265886523,0.45632180352962,0.279454876264218,"max_iter reached without violation"
153,10050,0.324741782972753,0.328983278718335,0.461649991696947,0.463366333157678,0.292697877456383,"max_iter reached without violation"
154,10050,0.319690278289911,0.333929675229279,0.459548821323935,0.465313294957065,0.297558707409722,"max_iter reached without violation"
155,10050,0.336856122576068,0.309276836178286,0.466437744188582,0.455018424124687,0.281314378582773,"max_iter reached without violation"
156,10050,0.332112882205332,0.329589076037744,0.46460497812483,0.463607930860329,0.285726228294046,"max_iter reached without violation"
157,10050,0.308265287633641,0.336957021223066,0.454563869198176,0.466476151587624,0.308809895124543,"max_iter reached without violation"
158,10050,0.364067233162562,0.285682305793667,0.475940535239781,0.44372720151086,0.257074218206773,"max_iter reached without violation"
159,10050,0.31423204877102,0.332314762427311,0.457207910353993,0.464684074215466,0.30288871336786,"max_iter reached without violation"
160,10050,0.32948811207665,0.317871170871546,0.463567726714828,0.458776837071156,0.288192482024041,"max_iter reached without violation"
161,10050,0.335746178892569,0.310895115310262,0.466013651673904,0.45574025032136,0.282341632386687,"max_iter reached without violation"
162,10050,0.994145898985009,0.00148495372542216,0.0962587702380997,0.0244265940841534,0.00021510798896705,"max_iter reached without violation"
163,10050,0.332011940748697,0.318073308798959,0.464565393061712,0.458863022463482,0.28582074400208,"max_iter reached without violation"
164,10050,0.340286180591667,0.303813332065993,0.467729951618346,0.452532412668126,0.278159505625682,"max_iter reached without violation"
165,10050,0.30087806246926,0.347748098271708,0.451165269324938,0.470446045993624,0.316281253848405,"max_iter reached without violation"
166,10050,0.321408048341178,0.333324109770797,0.460270329285297,0.465078075591221,0.295898085659598,"max_iter reached without violation"
167,10050,0.322721457198606,0.326963718891377,0.46081711884367,0.462554530992005,0.294633733879091,"max_iter reached without violation"
168,10050,0.993248401673658,0.00130812630538907,0.101678933314932,0.0222994376428007,0.000260021206730646,"max_iter reached without violation"
169,10050,0.317365809741876,0.333727823651189,0.458560924882035,0.465234986840383,0.299818590071207,"max_iter reached without violation"
170,10050,0.985958515128716,0.0018212212246959,0.136542250036023,0.0282025930158116,0.000696432830246514,"max_iter reached without violation"
171,10050,0.322418376659218,0.319690278289911,0.460691316605612,0.459548821323935,0.294925083228067,"max_iter reached without violation"
172,10050,0.343211014721761,0.305230066066361,0.46881002235286,0.453184360882949,0.275492551465527,"max_iter reached without violation"
173,10050,0.988115716879989,0.00229650289269704,0.1274542584822,0.0330655314948254,0.000555394526265647,"max_iter reached without violation"
174,10050,0.315748497199649,0.334232445898857,0.457865688913713,0.465430572886835,0.301399681140143,"max_iter reached without violation"
175,10050,0.318477573480558,0.341496546179886,0.459035085880216,0.468179336675402,0.298735880571107,"max_iter reached without violation"
176,10050,0.35308953147261,0.297638187719297,0.472311215419226,0.449630382651068,0.26663984775926,"max_iter reached without violation"
177,10050,0.99242343703942,0.00112308112326623,0.106357175200435,0.019946216140618,0.000303241380995932,"max_iter reached without violation"
178,10050,0.98439134519458,0.00214112065410545,0.142700895080569,0.031528317448268,0.000804441145657859,"max_iter reached without violation"
179,10050,0.295207617048451,0.355910450499007,0.448460934720127,0.473269898077018,0.322124710959426,"max_iter reached without violation"
180,10050,0.992340512407854,0.00112308112326623,0.106813220773816,0.019946216140618,0.000307683858376126,"max_iter reached without violation"
181,10050,0.33514070974178,0.314535355373163,0.46578108166735,0.457339931425104,0.282903313848989,"max_iter reached without violation"
182,10050,0.33514070974178,0.313524300403337,0.46578108166735,0.456898954407048,0.282903313848989,"max_iter reached without violation"
183,10050,0.325448810470988,0.330497711081857,0.461939117014379,0.463968651133802,0.292022975639945,"max_iter reached without violation"
184,10050,0.32130701043837,0.339479199877112,0.460228091053402,0.467428427058534,0.295995541735764,"max_iter reached without violation"
185,10050,0.288317864344385,0.360543374649474,0.445061235093104,0.47480518568916,0.32935517752872,"max_iter reached without violation"
186,10050,0.359737776961989,0.289230012008881,0.474541707265919,0.445518585170622,0.260813253215015,"max_iter reached without violation"
187,10050,0.318982883404329,0.332718512112511,0.459249589429812,0.464841970430624,0.298244890189112,"max_iter reached without violation"
188,10050,0.993739341092878,0.00165555318750714,0.0987608680936292,0.0263824236268919,0.000235171587589601,"max_iter reached without violation"
189,10050,0.286797434396258,0.365677798960528,0.444293927632748,0.476450172849934,0.330970489945376,"max_iter reached without violation"
190,10050,0.325347809283015,0.333021314969691,0.461897888782672,0.464960133819486,0.29211930643714,"max_iter reached without violation"
191,10050,0.315849586252505,0.336856122576068,0.457909334248734,0.466437744188581,0.301300645420176,"max_iter reached without violation"
192,10050,0.993983567704759,0.00148495372542216,0.0972676387076598,0.0244265940841534,0.000223061897567467,"max_iter reached without violation"
193,10050,0.322519404425579,0.338773045502346,0.460733275990739,0.467163320775522,0.294827938547445,"max_iter reached without violation"
194,10050,0.994064782999972,0.00148495372542216,0.0967645704506695,0.0244265940841534,0.000219072926053937,"max_iter reached without violation"
195,10050,0.341395687208175,0.309681428837791,0.468142020716582,0.455199509991158,0.277145320845972,"max_iter reached without violation"
196,10050,0.319791330991613,0.335443448320948,0.45959146666338,0.465897476811725,0.297460795724245,"max_iter reached without violation"
197,10050,0.342101681605073,0.308062966438501,0.468402726116977,0.454472642234971,0.276501575743127,"max_iter reached without violation"
198,10050,0.297233132320795,0.356615576120949,0.44943656714869,0.473506704067703,0.320026408331475,"max_iter reached without violation"
199,10050,0.302598837205797,0.350771847309857,0.451969434139962,0.471509952814444,0.314526755045486,"max_iter reached without violation"
200,10050,0.330295798495244,0.322822482205774,0.463888664714031,0.460859002325285,0.287431670457145,"max_iter reached without violation"
201,10050,0.327872565702213,0.317062581868758,0.462921076824369,0.458431069592997,0.289719374312751,"max_iter reached without violation"
202,10050,0.313726518935265,0.343614382370472,0.456987357174909,0.468957409003336,0.303386518830598,"max_iter reached without violation"
203,10050,0.332314762427311,0.32019553253244,0.464684074215466,0.459761793120315,0.285537278206669,"max_iter reached without violation"
204,10050,0.327165691207277,0.317871170871546,0.462636160523938,0.458776837071156,0.29038960860954,"max_iter reached without violation"
205,10050,0.332718512112511,0.312816505812019,0.464841970430624,0.456588726879267,0.285159703028163,"max_iter reached without violation"
206,10050,0.333727823651189,0.309276836178286,0.465234986840383,0.455018424124687,0.28421765665982,"max_iter reached without violation"
207,10050,0.320700763629306,0.332415701193113,0.459974128195212,0.464723585255585,0.296580874659665,"max_iter reached without violation"
208,10050,0.327367659888471,0.31888182327847,0.46271769006757,0.459206739856845,0.290197974863916,"max_iter reached without violation"
209,10050,0.328781339045947,0.32443875747502,0.463285601626618,0.461525703617498,0.288859631095238,"max_iter reached without violation"
210,10050,0.348554507177047,0.309074534119176,0.470731840469751,0.454927723580718,0.270674585072716,"max_iter reached without violation"
211,10050,0.325751808559107,0.314838653509794,0.46206265107395,0.457471719615718,0.291734150504749,"max_iter reached without violation"
212,10050,0.992340512407854,0.00112308112326623,0.106813220773816,0.019946216140618,0.000307683858376126,"max_iter reached without violation"
213,10050,0.321205971612548,0.339680950337568,0.460185827429998,0.467503953497697,0.296093026194507,"max_iter reached without violation"
214,10050,0.334434288549496,0.313524300403337,0.465508635415387,0.456898954407048,0.283559827340305,"max_iter reached without violation"
215,10050,0.31059170654362,0.325145804167703,0.45560541877418,0.461815356961146,0.306489346139195,"max_iter reached without violation"
216,10050,0.330497711081857,0.317466883832993,0.463968651133802,0.458604158629768,0.287241740994391,"max_iter reached without violation"
217,10050,0.299663227559384,0.354500074419772,0.450592936260728,0.472792851959857,0.317525128508437,"max_iter reached without violation"
218,10050,0.994871199454373,0.00112308112326623,0.0915760807194577,0.019946216140618,0.00018053037186994,"max_iter reached without violation"
219,520,0.31739449910823,0.298835867483442,0.43947251867956,0.429630190503084,0.299790608001026,"violation"
220,10050,0.321711156514051,0.333425039581987,0.460396891701786,0.46511734029603,0.295605887603139,"max_iter reached without violation"
221,8150,0.993994980187966,0.000219629161543425,0.0991961367031429,0.00553848775621711,0.00022250020816315,"violation"
222,10050,0.327468642866653,0.314434254113423,0.462758417360291,0.457295950286964,0.290102199484362,"max_iter reached without violation"
223,10050,0.330598666023742,0.326963718891377,0.464008607167002,0.462554530992005,0.287146817213828,"max_iter reached without violation"
224,10050,0.329589076037744,0.308973381656283,0.463607930860329,0.454882333878565,0.288097284756525,"max_iter reached without violation"
225,10050,0.325751808559107,0.330093882303286,0.46206265107395,0.463808579113684,0.291734150504749,"max_iter reached without violation"
226,10050,0.307759477456106,0.338268623049222,0.454335604006873,0.466973230941433,0.309316460701569,"max_iter reached without violation"
227,10050,0.324135723740025,0.333828749886888,0.461401188936538,0.465274153185873,0.293277455326578,"max_iter reached without violation"
228,10050,0.325044800239874,0.337663286944522,0.461774053357858,0.46674432094258,0.292408466252761,"max_iter reached without violation"
229,10050,0.353190290085005,0.299258251144037,0.472345770561306,0.45040129353136,0.266550763312427,"max_iter reached without violation"
230,10050,0.323731665934979,0.334232445898857,0.461234816553444,0.465430572886835,0.293664401221105,"max_iter reached without violation"
231,10050,0.319589224661096,0.334938879570732,0.45950615048022,0.465703362443884,0.297656647676621,"max_iter reached without violation"
232,10050,0.986564958723003,0.00289586267607815,0.134064380383721,0.0386045288250071,0.00065586739730759,"max_iter reached without violation"
233,10050,0.331910998394659,0.315344131611786,0.464525783311651,0.45769084963408,0.285915286834869,"max_iter reached without violation"
234,10050,0.322822482205774,0.32908424719783,0.460859002325285,0.463406661601325,0.294536673866902,"max_iter reached without violation"
235,10050,0.315445224415755,0.346639195700449,0.457734598159695,0.47005059377044,0.30169696281106,"max_iter reached without violation"
236,10050,0.336856122576068,0.318174376365619,0.466437744188582,0.458906076727843,0.281314378582773,"max_iter reached without violation"
237,10050,0.309479134417064,0.346538381181659,0.455109019573917,0.470014500681332,0.307597200498912,"max_iter reached without violation"
238,10050,0.323832681761096,0.32443875747502,0.461276447470565,0.461525703617498,0.293567622644481,"max_iter reached without violation"
239,10050,0.313827626786906,0.340084440693143,0.457031519651762,0.467654715730761,0.303286899117562,"max_iter reached without violation"
240,10050,0.987944067170868,0.00260008733354928,0.128206783294376,0.0359424416588269,0.000566279321841579,"max_iter reached without violation"
241,10050,0.350267942923448,0.307759477456106,0.471334114644308,0.454335604006873,0.269144363834857,"max_iter reached without violation"
242,10050,0.323731665934979,0.317062581868758,0.461234816553444,0.458431069592997,0.293664401221105,"max_iter reached without violation"
243,10050,0.321711156514051,0.33554435940092,0.460396891701786,0.465936226233441,0.295605887603139,"max_iter reached without violation"
244,10050,0.334938879570732,0.312917622158649,0.465703362443884,0.456633123047521,0.283090755087786,"max_iter reached without violation"
245,10050,0.304218132591173,0.343412700291788,0.452719216778309,0.468883763700329,0.312883605630201,"max_iter reached without violation"
246,10050,0.323529631531544,0.324842789642644,0.461151479035542,0.461691370732512,0.293858042653052,"max_iter reached without violation"
247,10050,0.33594799482797,0.307354812046688,0.466090979284381,0.454152516839628,0.282154619020873,"max_iter reached without violation"
248,10050,0.344723571468824,0.305837179729555,0.469360743392473,0.453462170310245,0.274121658974761,"max_iter reached without violation"
249,10050,0.32847842275032,0.324337747145602,0.463164317623001,0.461484223910841,0.289145964301406,"max_iter reached without violation"
250,10050,0.294194709935534,0.359838479618033,0.447969006501975,0.474574723086762,0.323178642417767,"max_iter reached without violation"
251,10050,0.318477573480558,0.326963718891377,0.459035085880216,0.462554530992005,0.298735880571107,"max_iter reached without violation"
252,10050,0.993820845276509,0.00148495372542216,0.0982657469610655,0.0244265940841534,0.000231111368797867,"max_iter reached without violation"
253,10050,0.322216318365545,0.316253933095526,0.460607321883455,0.458083657870459,0.295119457343413,"max_iter reached without violation"
254,10050,0.33917656757829,0.311097383068129,0.467314955614409,0.455830007261383,0.279176862767491,"max_iter reached without violation"
255,10050,0.33069962006499,0.312412030970111,0.464048538424282,0.456410882094983,0.287051920718441,"max_iter reached without violation"
256,10050,0.314939751008711,0.341899973301013,0.457515597296161,0.468328359371689,0.302193014740892,"max_iter reached without violation"
257,10050,0.301890317097173,0.357622826414172,0.451639248123196,0.473843017013187,0.315248112244177,"max_iter reached without violation"
258,10050,0.322519404425579,0.313423189722502,0.460733275990739,0.456854714100984,0.294827938547445,"max_iter reached without violation"
259,10050,0.992257513941179,0.000711758751379062,0.107267235193445,0.014105508574463,0.000312147811303916,"max_iter reached without violation"
260,10050,0.299460741319968,0.35288801168572,0.450497169041464,0.472242034653399,0.317732877932159,"max_iter reached without violation"
261,10050,0.314838653509794,0.340891379190552,0.457471719615718,0.467955078925511,0.302292312615071,"max_iter reached without violation"
262,10050,0.314939751008711,0.339680950337568,0.457515597296161,0.467503953497697,0.302193014740892,"max_iter reached without violation"
263,10050,0.319892382766459,0.336553421314361,0.459634086505651,0.466322375622262,0.297362912607691,"max_iter reached without violation"
264,10050,0.325953802723792,0.316557183398452,0.462144881651139,0.458214130188311,0.291541739675399,"max_iter reached without violation"
265,10050,0.311097383068129,0.338167735908683,0.455830007261383,0.466935140077275,0.305986966946213,"max_iter reached without violation"
266,10050,0.299561984931583,0.35732066021441,0.450545066183133,0.473742367638018,0.317628987582179,"max_iter reached without violation"
267,10050,0.323832681761096,0.319993433614707,0.461276447470565,0.459676680857842,0.293567622644481,"max_iter reached without violation"
268,10050,0.277365568894064,0.371916735921778,0.439393577752784,0.478369848483183,0.341154452909161,"max_iter reached without violation"
269,10050,0.352686488481444,0.303104893755276,0.472172759877586,0.45220447685631,0.266996434796729,"max_iter reached without violation"
270,10050,0.327468642866653,0.319286058209381,0.462758417360291,0.45937798485235,0.290102199484362,"max_iter reached without violation"
271,10050,0.31867970023893,0.3312043767698,0.459120964019816,0.464247823295509,0.298539398310028,"max_iter reached without violation"
272,10050,0.327468642866653,0.308062966438501,0.462758417360291,0.454472642234971,0.290102199484362,"max_iter reached without violation"
273,10050,0.325953802723792,0.329387147212347,0.462144881651139,0.46352749772265,0.291541739675399,"max_iter reached without violation"
274,10050,0.346437565796317,0.309074534119176,0.469978383753987,0.454927723580718,0.272574983805535,"max_iter reached without violation"
275,10050,0.333021314969691,0.313018737560293,0.464960133819486,0.456677493219826,0.284876805658333,"max_iter reached without violation"
276,10050,0.33937832332547,0.306646610587559,0.467390627487757,0.453831096654348,0.278991652135942,"max_iter reached without violation"
277,10050,0.311097383068129,0.33715881585802,0.455830007261383,0.466552893237267,0.305986966946213,"max_iter reached without violation"
278,10050,0.993902254632381,0.00148495372542216,0.0977680171811571,0.0244265940841534,0.0002270747590694,"max_iter reached without violation"
279,10050,0.988544073725755,0.00229650289269704,0.125551835054539,0.0330655314948254,0.000528494516366749,"max_iter reached without violation"
280,10050,0.324337747145602,0.311805290310654,0.461484223910841,0.456143333747468,0.293084150670274,"max_iter reached without violation"
281,10050,0.319589224661096,0.332415701193113,0.45950615048022,0.464723585255585,0.297656647676621,"max_iter reached without violation"
282,10050,0.298752008465447,0.350469507254545,0.450161130529413,0.471404520791032,0.318460987350072,"max_iter reached without violation"
283,10050,0.339882697275676,0.316658264961928,0.467579383039477,0.458257569495584,0.278529085875334,"max_iter reached without violation"
284,10050,0.309175685626416,0.347445680678838,0.454973086993472,0.470338480964584,0.307899969648495,"max_iter reached without violation"
285,10050,0.337057918983644,0.321711156514051,0.466514534601846,0.460396891701786,0.281127951227735,"max_iter reached without violation"
286,10050,0.323731665934979,0.317062581868758,0.461234816553444,0.458431069592997,0.293664401221105,"max_iter reached without violation"
287,10050,0.326559763347757,0.338268623049222,0.462390971751352,0.466973230941433,0.290965174589508,"max_iter reached without violation"
288,10050,0.312209787872056,0.345227713508306,0.45632180352962,0.469543119237464,0.304884342249442,"max_iter reached without violation"
289,10050,0.333122247464876,0.314737555071078,0.464999472359189,0.457427816082025,0.284782560572525,"max_iter reached without violation"
290,10050,0.361147537605602,0.297638187719297,0.475001823166589,0.449630382651068,0.259590999359991,"max_iter reached without violation"
291,10050,0.337360606949043,0.309175685626416,0.466629537395747,0.454973086993472,0.280848509407023,"max_iter reached without violation"
292,10050,0.333828749886888,0.31423204877102,0.465274153185873,0.457207910353993,0.284123600336104,"max_iter reached without violation"
293,10050,0.311805290310654,0.345227713508306,0.456143333747468,0.469543119237464,0.305284882279076,"max_iter reached without violation"
294,10050,0.327569624936879,0.334131523235039,0.462799119675745,0.465391504801354,0.290006451751249,"max_iter reached without violation"
295,10050,0.987600258323544,0.00198285845723115,0.12969781887024,0.0299118777028819,0.000588260481602508,"max_iter reached without violation"
296,10050,0.329791001251242,0.329185214773173,0.463688264637147,0.463446965172378,0.28790697241228,"max_iter reached without violation"
297,10050,0.348756100773499,0.301485426983405,0.470803051686572,0.451449979491715,0.270494179553074,"max_iter reached without violation"
298,10050,0.323630649191878,0.330396755239102,0.461193160410715,0.463928670318281,0.293761207886585,"max_iter reached without violation"
299,10050,0.332617576035485,0.331608165945831,0.464802533356881,0.464406805876616,0.285254056226666,"max_iter reached without violation"
300,10050,0.330800573205833,0.305331254091979,0.464088444912038,0.453230728891526,0.286957051496716,"max_iter reached without violation"
301,10050,0.306039543227867,0.348050508087059,0.45355456100498,0.470553397068374,0.311044427778024,"max_iter reached without violation"
302,10050,0.327670606099388,0.334434288549496,0.462839797020521,0.465508635415387,0.289910731652793,"max_iter reached without violation"
303,10050,0.32019553253244,0.333525968498964,0.459761793120315,0.465156580401678,0.297069434546711,"max_iter reached without violation"
304,10050,0.334333367670268,0.337965958975962,0.465469616422788,0.46685888540406,0.28365372230687,"max_iter reached without violation"
305,10050,0.316253933095526,0.335342536351249,0.458083657870459,0.465858702914214,0.300904793048463,"max_iter reached without violation"
306,10050,0.320902849594449,0.317669029216925,0.460058884140726,0.458690549145876,0.296385649989802,"max_iter reached without violation"
307,10050,0.987255789509751,0.00165555318750714,0.131170699216186,0.0263824236268919,0.000610520982648375,"max_iter reached without violation"
308,10050,0.993330446216838,0.00112308112326623,0.101198677107024,0.019946216140618,0.000255822119518067,"max_iter reached without violation"
309,10050,0.342505087708527,0.302396407766336,0.468551170631354,0.451875229448938,0.27613429420154,"max_iter reached without violation"
310,10050,0.345227713508306,0.30462291760101,0.469543119237464,0.452905594071938,0.273665984201516,"max_iter reached without violation"
311,10050,0.345832655275491,0.30462291760101,0.469761181278796,0.452905594071938,0.273120022498576,"max_iter reached without violation"
312,10050,0.319185000869525,0.335342536351249,0.45933521192042,0.465858702914214,0.298048694808783,"max_iter reached without violation"
313,10050,0.323832681761096,0.315141943188227,0.461276447470565,0.457603275127042,0.293567622644481,"max_iter reached without violation"
314,10050,0.32999292285472,0.317062581868758,0.463768499104739,0.458431069592997,0.287716769578453,"max_iter reached without violation"
315,10050,0.31888182327847,0.33514070974178,0.459206739856845,0.46578108166735,0.298343030876783,"max_iter reached without violation"
316,10050,0.297233132320795,0.359637073463959,0.44943656714869,0.474508668282614,0.320026408331475,"max_iter reached without violation"
317,10050,0.335342536351249,0.321913224018878,0.465858702914214,0.460481139816529,0.282715979711887,"max_iter reached without violation"
318,10050,0.319488170104908,0.32443875747502,0.459463454125126,0.461525703617498,0.297754616537452,"max_iter reached without violation"
319,10050,0.332819447293736,0.316355017465517,0.464881382861462,0.458127174383075,0.285065376874829,"max_iter reached without violation"
320,10050,0.329791001251242,0.337562394497879,0.463688264637147,0.466706084111096,0.28790697241228,"max_iter reached without violation"
321,10050,0.33069962006499,0.306950131268362,0.464048538424282,0.453969006884177,0.287051920718441,"max_iter reached without violation"
322,10050,0.340588783845151,0.308973381656283,0.46784262404493,0.454882333878565,0.277882595762886,"max_iter reached without violation"
323,10050,0.987514202111437,0.00198285845723115,0.130067716787157,0.0299118777028819,0.000593799545215599,"max_iter reached without violation"
324,10050,0.317770100510268,0.320801807074022,0.45873370592875,0.460016518881249,0.299424474212163,"max_iter reached without violation"
325,10050,0.316253933095526,0.342908479816848,0.458083657870459,0.468699230149109,0.300904793048463,"max_iter reached without violation"
326,10050,0.303104893755276,0.352585725597316,0.45220447685631,0.472138087223006,0.314012425446079,"max_iter reached without violation"
327,10050,0.323125551712906,0.338773045502346,0.460984501073458,0.467163320775522,0.294245662971732,"max_iter reached without violation"
328,10050,0.315141943188227,0.339277445892601,0.457603275127042,0.467352803675011,0.301994506519615,"max_iter reached without violation"
329,10050,0.323327593458184,0.341597404274817,0.461068040560487,0.468216628514563,0.294051796537516,"max_iter reached without violation"
330,10050,0.325549810746165,0.319083942601261,0.461980320135683,0.459292413448621,0.291926672726791,"max_iter reached without violation"
331,10050,0.326458772187148,0.311400777580699,0.462350019365649,0.455964446688711,0.291061199318874,"max_iter reached without violation"
332,10050,0.325549810746165,0.32585280609736,0.461980320135683,0.46210377890433,0.291926672726791,"max_iter reached without violation"
333,10050,0.315647407209418,0.334938879570732,0.45782201779212,0.465703362443884,0.301498745936681,"max_iter reached without violation"
334,10050,0.322519404425579,0.339983569424383,0.460733275990739,0.467617061488504,0.294827938547445,"max_iter reached without violation"
335,10050,0.330396755239102,0.329891962504116,0.463928670318281,0.463728394281373,0.287336692071653,"max_iter reached without violation"
336,4000,0.989879774922203,0.000420739241052968,0.129271033104869,0.00790569415042095,0.000447096992654264,"violation"
337,10050,0.316355017465517,0.337360606949043,0.458127174383075,0.466629537395747,0.300805902518274,"max_iter reached without violation"
338,10050,0.32130701043837,0.328680367852581,0.460228091053402,0.463245198526197,0.295995541735764,"max_iter reached without violation"
339,10050,0.31322096552972,0.33937832332547,0.456766155606891,0.467390627487757,0.303885057704018,"max_iter reached without violation"
340,10050,0.299460741319968,0.352384197264138,0.450497169041464,0.472068671354596,0.317732877932159,"max_iter reached without violation"
341,10050,0.327973544143006,0.321408048341178,0.462961679296588,0.460270329285297,0.289623737047638,"max_iter reached without violation"
342,10050,0.986478433613565,0.00229650289269704,0.134421379253141,0.0330655314948254,0.000661612160887511,"max_iter reached without violation"
343,10050,0.986824308795114,0.00274884347665416,0.132987187130165,0.0372973763131473,0.000638734593830094,"max_iter reached without violation"
344,10050,0.380766584925306,0.272493939220173,0.480945548969669,0.436766154986543,0.243047887146528,"max_iter reached without violation"
345,10050,0.330598666023742,0.318780762223424,0.464008607167002,0.459163864722567,0.287146817213828,"max_iter reached without violation"
346,10050,0.330598666023742,0.32948811207665,0.464008607167002,0.463567726714828,0.287146817213828,"max_iter reached without violation"
347,10050,0.337057918983644,0.311400777580699,0.466514534601846,0.455964446688711,0.281127951227735,"max_iter reached without violation"
348,10050,0.31160303584286,0.340084440693143,0.456053942408328,0.467654715730761,0.305485329763218,"max_iter reached without violation"
349,10050,0.320094483536615,0.333525968498964,0.459719249727037,0.465156580401678,0.2971672320314,"max_iter reached without violation"
350,10050,0.985871736720083,0.00274884347665416,0.136892280816397,0.0372973763131473,0.000702294551461207,"max_iter reached without violation"
351,10050,0.986391871459363,0.00165555318750714,0.134777359046215,0.0263824236268919,0.000667373763901689,"max_iter reached without violation"
352,10050,0.33019484085005,0.32443875747502,0.463848634314639,0.461525703617498,0.287526676162409,"max_iter reached without violation"
353,10050,0.336149807208892,0.30765831254357,0.466168209113555,0.454289871823481,0.281967712401326,"max_iter reached without violation"
354,10050,0.314130944687813,0.344320242175261,0.457163851544207,0.469214411866115,0.302988215866057,"max_iter reached without violation"
355,10050,0.339075688382324,0.314029839662907,0.46727708330006,0.457119766828905,0.279269507582324,"max_iter reached without violation"
356,10050,0.331406273155383,0.317972240301022,0.464327364035924,0.458819942580325,0.286388408269531,"max_iter reached without violation"
357,10050,0.338571279170147,0.318578637324729,0.467087357715482,0.459078037741424,0.279733127080191,"max_iter reached without violation"
358,10050,0.349159277621514,0.292776471754012,0.470945189539302,0.447275679283906,0.27013367255032,"max_iter reached without violation"
359,10050,0.33715881585802,0.310187148200566,0.466552893237267,0.455425276929993,0.281034777403567,"max_iter reached without violation"
360,10050,0.317466883832993,0.333929675229279,0.458604158629768,0.465313294957065,0.299720017830827,"max_iter reached without violation"
361,10050,0.32908424719783,0.314838653509794,0.463406661601325,0.457471719615718,0.288573545334383,"max_iter reached without violation"
362,10050,0.316355017465517,0.331002476787234,0.458127174383075,0.464168183604527,0.300805902518274,"max_iter reached without violation"
363,10050,0.345631011493726,0.306747785110035,0.469688589498058,0.453877093200664,0.273301907066177,"max_iter reached without violation"
364,10050,0.99809407885134,0.000181303877218752,0.0652709773759493,0.00498754668053816,4.94393644650489e-05,"max_iter reached without violation"
365,10050,0.992589060960732,0.00130812630538907,0.105438885053028,0.0222994376428007,0.000294421265699307,"max_iter reached without violation"
366,10050,0.992919379372087,0.00130812630538907,0.103576736734484,0.0222994376428007,0.000277043374874524,"max_iter reached without violation"
367,10050,0.340790514953742,0.303408516006249,0.467917618127407,0.452345181212604,0.277698120133711,"max_iter reached without violation"
368,10050,0.328579395754117,0.327468642866653,0.463204770527164,0.462758417360291,0.289050492385961,"max_iter reached without violation"
369,10050,0.327266676002092,0.332314762427311,0.462676937790987,0.464684074215466,0.290293777901708,"max_iter reached without violation"
370,10050,0.335039795101565,0.313119852017225,0.465742234305757,0.45672183740376,0.282997021075105,"max_iter reached without violation"
371,10050,0.98569807494549,0.00274884347665416,0.137589455072239,0.0372973763131473,0.000714067563506024,"max_iter reached without violation"
372,10050,0.307051302904797,0.341597404274817,0.45401492403745,0.468216628514563,0.310026918242843,"max_iter reached without violation"
373,10050,0.302193974426266,0.346538381181659,0.451780917454802,0.470014500681332,0.314938773792761,"max_iter reached without violation"
374,10050,0.291662003537082,0.362355772884666,0.446727119923624,0.4753926048638,0.325827535654525,"max_iter reached without violation"
375,10050,0.312513151099449,0.343009325658744,0.456455382322942,0.4687361849156,0.304584247380571,"max_iter reached without violation"
376,10050,0.319892382766459,0.335039795101565,0.459634086505651,0.465742234305757,0.297362912607691,"max_iter reached without violation"
377,10050,0.342505087708527,0.30856876224244,0.468551170631354,0.454700512018418,0.27613429420154,"max_iter reached without violation"
378,10050,0.330497711081857,0.32019553253244,0.463968651133802,0.459761793120315,0.287241740994391,"max_iter reached without violation"
379,10050,0.364570557893175,0.282843233194501,0.476100427472169,0.442269126380088,0.256642326968941,"max_iter reached without violation"
380,10050,0.985524274990436,0.0018212212246959,0.138282828077371,0.0282025930158116,0.000725906392856068,"max_iter reached without violation"
381,10050,0.315445224415755,0.335039795101565,0.457734598159695,0.465742234305757,0.30169696281106,"max_iter reached without violation"
382,10050,0.323327593458184,0.318780762223424,0.461068040560487,0.459163864722567,0.294051796537516,"max_iter reached without violation"
383,10050,0.322216318365545,0.338167735908683,0.460607321883455,0.466935140077275,0.295119457343413,"max_iter reached without violation"
384,10050,0.324640775388349,0.324943795398269,0.461608587503771,0.46173272461723,0.292794403777665,"max_iter reached without violation"
385,10050,0.327165691207277,0.317567956991255,0.462636160523938,0.458647366715297,0.29038960860954,"max_iter reached without violation"
386,10050,0.327266676002092,0.33554435940092,0.462676937790987,0.465936226233441,0.290293777901708,"max_iter reached without violation"
387,10050,0.306848958670205,0.342202534443707,0.453923063274593,0.468439873359005,0.310230177918037,"max_iter reached without violation"
388,10050,0.31867970023893,0.332213822764793,0.459120964019816,0.464644538507313,0.298539398310028,"max_iter reached without violation"
389,10050,0.98569807494549,0.00260008733354928,0.137589455072239,0.0359424416588269,0.000714067563506024,"max_iter reached without violation"
390,10050,0.986824308795114,0.00148495372542216,0.132987187130165,0.0244265940841534,0.000638734593830094,"max_iter reached without violation"
391,10050,0.311400777580699,0.342807633101086,0.455964446688711,0.468662251343133,0.305685895702085,"max_iter reached without violation"
392,10050,0.320397627746868,0.310895115310262,0.459846803507399,0.45574025032136,0.29687392512194,"max_iter reached without violation"
393,10050,0.329891962504116,0.313625410140833,0.463728394281373,0.456943168762512,0.287811857312357,"max_iter reached without violation"
394,10050,0.305634812371443,0.347344873085288,0.453369673435018,0.470302578384141,0.311452280957381,"max_iter reached without violation"
395,10050,0.327569624936879,0.319185000869525,0.462799119675745,0.45933521192042,0.290006451751249,"max_iter reached without violation"
396,10050,0.325044800239874,0.320094483536615,0.461774053357858,0.459719249727037,0.292408466252761,"max_iter reached without violation"
397,10050,0.307759477456106,0.340891379190552,0.454335604006873,0.467955078925511,0.309316460701569,"max_iter reached without violation"
398,10050,0.333122247464876,0.336856122576068,0.464999472359189,0.466437744188581,0.284782560572525,"max_iter reached without violation"
399,10050,0.322317347972624,0.33937832332547,0.460649331905491,0.467390627487757,0.295022256155972,"max_iter reached without violation"
400,10050,0.334333367670268,0.310793980005642,0.465469616422788,0.455695332631653,0.28365372230687,"max_iter reached without violation"
401,10050,0.992174442572995,0.00130812630538907,0.107719244142009,0.0222994376428007,0.000316633138541818,"max_iter reached without violation"
402,10050,0.332112882205332,0.314434254113423,0.46460497812483,0.457295950286964,0.285726228294046,"max_iter reached without violation"
403,10050,0.986997018069907,0.00260008733354928,0.13226381025092,0.0359424416588269,0.000627397755903299,"max_iter reached without violation"
404,10050,0.993820845276509,0.000926468770033948,0.0982657469610655,0.0172747896074389,0.000231111368797867,"max_iter reached without violation"
405,10050,0.321913224018878,0.317365809741876,0.460481139816529,0.458560924882035,0.295411230585613,"max_iter reached without violation"
406,10050,0.305128877074017,0.353794823836457,0.453137966280404,0.47255260836659,0.311962781941033,"max_iter reached without violation"
407,10050,0.320801807074022,0.324337747145602,0.460016518881249,0.461484223910841,0.296483248102507,"max_iter reached without violation"
408,10050,0.357723546789088,0.300979292335888,0.473876520268175,0.45121278835132,0.262567592784485,"max_iter reached without violation"
409,10050,0.314939751008711,0.338470394679738,0.457515597296161,0.467049339754596,0.302193014740892,"max_iter reached without violation"
410,10050,0.322822482205774,0.327468642866653,0.460859002325285,0.462758417360291,0.294536673866902,"max_iter reached without violation"
411,10050,0.321104931863457,0.322923506293714,0.460143538408087,0.46090086051953,0.296190539048182,"max_iter reached without violation"
412,10050,0.322519404425579,0.318174376365619,0.460733275990739,0.458906076727843,0.294827938547445,"max_iter reached without violation"
413,10050,0.326357780116175,0.330093882303286,0.462309041936432,0.463808579113684,0.291157251813033,"max_iter reached without violation"
414,10050,0.330901525446504,0.330295798495244,0.464128326636659,0.463888664714031,0.286862209537146,"max_iter reached without violation"
415,10050,0.312108664902783,0.340487916972947,0.456277225176967,0.467805090748936,0.304984432922717,"max_iter reached without violation"
416,10050,0.344320242175261,0.309276836178286,0.469214411866115,0.455018424124687,0.274486662286031,"max_iter reached without violation"
417,10050,0.321408048341178,0.334636127632299,0.460270329285297,0.465586599795209,0.295898085659598,"max_iter reached without violation"
418,10050,0.330093882303286,0.315950674368253,0.463808579113684,0.457952953804558,0.287621709198992,"max_iter reached without violation"
419,10050,0.334131523235039,0.310490568385656,0.465391504801354,0.455560422590925,0.283841592845626,"max_iter reached without violation"
420,10050,0.319993433614707,0.334333367670268,0.459676680857842,0.465469616422788,0.29726505804757,"max_iter reached without violation"
421,10050,0.328680367852581,0.314939751008711,0.463245198526197,0.457515597296161,0.288955047987801,"max_iter reached without violation"
422,10050,0.985089184008978,0.00148495372542216,0.14,0.0244265940841534,0.000755789295744353,"max_iter reached without violation"
423,10050,0.993739341092878,0.00112308112326623,0.0987608680936292,0.019946216140618,0.000235171587589601,"max_iter reached without violation"
424,10050,0.340387049221857,0.308366446794141,0.46776753327535,0.454609443146941,0.278067176134593,"max_iter reached without violation"
425,10050,0.992836918538367,0.00148495372542216,0.104045541071999,0.0244265940841534,0.00028135478247688,"max_iter reached without violation"
426,10050,0.320498673965985,0.334837963149059,0.459889270515328,0.465664466075597,0.296776213156963,"max_iter reached without violation"
427,10050,0.353694070343961,0.303813332065993,0.472518194069435,0.452532412668126,0.266105714463664,"max_iter reached without violation"
428,10050,0.346740009352888,0.306039543227867,0.470086663026802,0.45355456100498,0.27230280989264,"max_iter reached without violation"
429,10050,0.365476489896491,0.285885065703466,0.476386788926858,0.443830497216727,0.255866423958904,"max_iter reached without violation"
430,10050,0.323125551712906,0.320094483536615,0.460984501073458,0.459719249727037,0.294245662971732,"max_iter reached without violation"
431,10050,0.32443875747502,0.342303386407022,0.461525703617498,0.468476996521595,0.292987540372558,"max_iter reached without violation"
432,10050,0.322519404425579,0.338672162777612,0.460733275990739,0.467125351387148,0.294827938547445,"max_iter reached without violation"
433,10050,0.32322657304466,0.328680367852581,0.461026283446899,0.463245198526197,0.294148715679823,"max_iter reached without violation"
434,10050,0.335746178892569,0.313018737560293,0.466013651673904,0.456677493219826,0.282341632386687,"max_iter reached without violation"
435,10050,0.3312043767698,0.31200754098631,0.464247823295509,0.456232620767487,0.286577847116442,"max_iter reached without violation"
436,10050,0.3312043767698,0.332718512112511,0.464247823295509,0.464841970430624,0.286577847116442,"max_iter reached without violation"
437,10050,0.324943795398269,0.338974808304487,0.46173272461723,0.467239186726066,0.292504908705956,"max_iter reached without violation"
438,10050,0.320094483536615,0.342000827890911,0.459719249727037,0.468365554789784,0.2971672320314,"max_iter reached without violation"
439,10050,0.318174376365619,0.338470394679738,0.458906076727843,0.467049339754596,0.299030819485666,"max_iter reached without violation"
440,10050,0.294701175982447,0.353291047843615,0.448215314214981,0.472380302216373,0.322651276762295,"max_iter reached without violation"
441,10050,0.353291047843615,0.304015734269201,0.472380302216373,0.452625868108287,0.266461703771003,"max_iter reached without violation"
442,10050,0.98439134519458,0.00148495372542216,0.142700895080569,0.0244265940841534,0.000804441145657859,"max_iter reached without violation"
443,10050,0.324842789642644,0.323428612953729,0.461691370732512,0.461109772421082,0.292601379103157,"max_iter reached without violation"
444,10050,0.323933696670478,0.317365809741876,0.461318053168906,0.458560924882035,0.293470872144592,"max_iter reached without violation"
445,10050,0.322923506293714,0.324337747145602,0.46090086051953,0.461484223910841,0.29443964205308,"max_iter reached without violation"
446,10050,0.331709110993456,0.313322078098055,0.464446489725428,0.456810447836781,0.286104453920329,"max_iter reached without violation"
447,10050,0.291560682195864,0.365476489896491,0.446677084493306,0.476386788926858,0.325933911714073,"max_iter reached without violation"
448,10050,0.987858178081688,0.00304131578689326,0.128581278649645,0.0398685993015434,0.000571748244464014,"max_iter reached without violation"
449,10050,0.32130701043837,0.330396755239102,0.460228091053402,0.463928670318281,0.295995541735764,"max_iter reached without violation"
450,10050,0.329891962504116,0.325953802723792,0.463728394281373,0.462144881651139,0.287811857312357,"max_iter reached without violation"
451,10050,0.319185000869525,0.326559763347757,0.45933521192042,0.462390971751352,0.298048694808783,"max_iter reached without violation"
452,10050,0.303813332065993,0.346135114438987,0.452532412668126,0.469869889887547,0.313293655969729,"max_iter reached without violation"
453,10050,0.332819447293736,0.338066847884335,0.464881382861462,0.466897024900135,0.285065376874829,"max_iter reached without violation"
454,10050,0.320599719260046,0.325448810470988,0.459931712075584,0.461939117014379,0.296678529673679,"max_iter reached without violation"
455,10050,0.330396755239102,0.317365809741876,0.463928670318281,0.458560924882035,0.287336692071653,"max_iter reached without violation"
456,10050,0.986737896616614,0.00214112065410545,0.133347292653092,0.031528317448268,0.000644428568278187,"max_iter reached without violation"
457,10050,0.318275443001264,0.329185214773173,0.458949105380619,0.463446965172378,0.298932477760916,"max_iter reached without violation"
458,10050,0.290142077256423,0.3582271359842,0.445973668013673,0.474043687739533,0.327426593386632,"max_iter reached without violation"
459,10050,0.31867970023893,0.334535208536765,0.459120964019816,0.465547629870806,0.298539398310028,"max_iter reached without violation"
460,10050,0.3312043767698,0.311097383068129,0.464247823295509,0.455830007261383,0.286577847116442,"max_iter reached without violation"
461,10050,0.991590976181037,0.00130812630538907,0.110829201044505,0.0222994376428007,0.000348620718155776,"max_iter reached without violation"
462,10050,0.326660753598242,0.30765831254357,0.462431899100195,0.454289871823481,0.290869177613057,"max_iter reached without violation"
463,10050,0.323024529462674,0.320397627746868,0.460942693433293,0.459846803507399,0.294342638425423,"max_iter reached without violation"
464,10050,0.320700763629306,0.321104931863457,0.459974128195212,0.460143538408087,0.296580874659665,"max_iter reached without violation"
465,10050,0.321812190727338,0.334636127632299,0.460439028437472,0.465586599795209,0.295508544933907,"max_iter reached without violation"
466,10050,0.986391871459363,0.00274884347665416,0.134777359046215,0.0372973763131473,0.000667373763901689,"max_iter reached without violation"
467,10050,0.321812190727338,0.340286180591667,0.460439028437472,0.467729951618346,0.295508544933907,"max_iter reached without violation"
468,10050,0.323428612953729,0.334837963149059,0.461109772421082,0.465664466075597,0.293954905532646,"max_iter reached without violation"
469,10050,0.324741782972753,0.339781824246809,0.461649991696947,0.467541680377827,0.292697877456383,"max_iter reached without violation"
470,10050,0.315647407209418,0.332011940748697,0.45782201779212,0.464565393061712,0.301498745936681,"max_iter reached without violation"
471,10050,0.308467604996978,0.342101681605073,0.454654990751049,0.468402726116977,0.308607479401451,"max_iter reached without violation"
472,10050,0.354500074419772,0.293485615423389,0.472792851959857,0.447623019034019,0.265394928338635,"max_iter reached without violation"
473,10050,0.325347809283015,0.330901525446504,0.461897888782672,0.464128326636659,0.29211930643714,"max_iter reached without violation"
474,10050,0.314333151912799,0.338470394679738,0.457251943265752,0.467049339754596,0.302789240140728,"max_iter reached without violation"
475,10050,0.988800545488988,0.00148495372542216,0.124395461476175,0.0244265940841534,0.00051257066620291,"max_iter reached without violation"
476,10050,0.322822482205774,0.329185214773173,0.460859002325285,0.463446965172378,0.294536673866902,"max_iter reached without violation"
477,10050,0.313423189722502,0.346941634059507,0.456854714100984,0.470158730063228,0.303685554040552,"max_iter reached without violation"
478,10050,0.316152847789496,0.335746178892569,0.458040115608065,0.466013651673904,0.301003712590898,"max_iter reached without violation"
479,10050,0.986131965636383,0.00130812630538907,0.135839263970323,0.0222994376428007,0.000684759167413576,"max_iter reached without violation"
480,10050,0.985958515128716,0.00214112065410545,0.136542250036023,0.031528317448268,0.000696432830246514,"max_iter reached without violation"
481,10050,0.306039543227867,0.346135114438987,0.45355456100498,0.469869889887547,0.311044427778024,"max_iter reached without violation"
482,10050,0.340689649838678,0.312513151099449,0.467880133169149,0.456455382322942,0.277790344860835,"max_iter reached without violation"
483,10050,0.312108664902783,0.341799117835171,0.456277225176967,0.468291139856952,0.304984432922717,"max_iter reached without violation"
484,10050,0.312816505812019,0.339781824246809,0.456588726879267,0.467541680377827,0.304284417960317,"max_iter reached without violation"
485,10050,0.328882309334453,0.318073308798959,0.463325979834943,0.458863022463482,0.288764241696594,"max_iter reached without violation"
486,10050,0.993983567704759,0.00148495372542216,0.0972676387076598,0.0244265940841534,0.000223061897567467,"max_iter reached without violation"
487,10050,0.325145804167703,0.314838653509794,0.461815356961146,0.457471719615718,0.292312051731559,"max_iter reached without violation"
488,10050,0.317669029216925,0.333929675229279,0.458690549145876,0.465313294957065,0.299522959914015,"max_iter reached without violation"
489,10050,0.992091299217207,0.00198285845723115,0.108169272760408,0.0299118777028819,0.000321139740381351,"max_iter reached without violation"
490,10050,0.987341967361153,0.00244938981808297,0.13080414751378,0.0345341011677119,0.000604929845476743,"max_iter reached without violation"
491,10050,0.984914916373666,0.00165555318750714,0.140680507438448,0.0263824236268919,0.000767855960852839,"max_iter reached without violation"
492,10050,0.986478433613565,0.00198285845723115,0.134421379253141,0.0299118777028819,0.000661612160887511,"max_iter reached without violation"
493,10050,0.328882309334453,0.316253933095526,0.463325979834943,0.458083657870459,0.288764241696594,"max_iter reached without violation"
494,10050,0.323125551712906,0.31888182327847,0.460984501073458,0.459206739856845,0.294245662971732,"max_iter reached without violation"
495,10050,0.320296580602439,0.32837744884095,0.459804311044748,0.463123839807181,0.296971665581042,"max_iter reached without violation"
496,10050,0.291459359845051,0.356111919203648,0.446627021289728,0.47333767360483,0.326040320246879,"max_iter reached without violation"
497,10050,0.323933696670478,0.322014256388924,0.461318053168906,0.460523225845913,0.293470872144592,"max_iter reached without violation"
498,10050,0.326660753598242,0.314737555071078,0.462431899100195,0.457427816082025,0.290869177613057,"max_iter reached without violation"
499,10050,0.326559763347757,0.322620431271958,0.462390971751352,0.460775210067788,0.290965174589508,"max_iter reached without violation"
500,10050,0.316456100899737,0.348352910130212,0.458170665153248,0.470660534335234,0.300707040987496,"max_iter reached without violation"
501,10050,0.34926006967947,0.306241902868736,0.470980664746111,0.453646845584099,0.270043609081713,"max_iter reached without violation"
502,10050,0.322822482205774,0.320498673965985,0.460859002325285,0.459889270515328,0.294536673866902,"max_iter reached without violation"
503,10050,0.325044800239874,0.313423189722502,0.461774053357858,0.456854714100984,0.292408466252761,"max_iter reached without violation"
504,10050,0.32585280609736,0.326660753598242,0.46210377890433,0.462431899100195,0.291637931171958,"max_iter reached without violation"
505,10050,0.351174955367847,0.290344747255517,0.471650198300281,0.44607449033702,0.268337197349019,"max_iter reached without violation"
506,10050,0.301282976060287,0.35097340305475,0.451355183799877,0.471580122760562,0.31586762497681,"max_iter reached without violation"
507,10050,0.326559763347757,0.344320242175261,0.462390971751352,0.469214411866115,0.290965174589508,"max_iter reached without violation"
508,10050,0.297840709478281,0.35308953147261,0.449727126989554,0.472311215419226,0.319399389104125,"max_iter reached without violation"
509,10050,0.288216509505394,0.368495777055144,0.445010278161766,0.477327952469326,0.329462633551353,"max_iter reached without violation"
510,10050,0.318780762223424,0.32999292285472,0.459163864722567,0.463768499104739,0.298441200246226,"max_iter reached without violation"
511,10050,0.334837963149059,0.32908424719783,0.465664466075597,0.463406661601325,0.283184515898187,"max_iter reached without violation"
512,10050,0.315344131611786,0.335746178892569,0.45769084963408,0.466013651673904,0.301796114914721,"max_iter reached without violation"
513,10050,0.330800573205833,0.328579395754117,0.464088444912038,0.463204770527164,0.286957051496716,"max_iter reached without violation"
514,10050,0.33584708730469,0.299764469203684,0.466052327704846,0.450640779282872,0.282248112354959,"max_iter reached without violation"
515,10050,0.324842789642644,0.332011940748697,0.461691370732512,0.464565393061712,0.292601379103157,"max_iter reached without violation"
516,10050,0.350570288131634,0.303610925979146,0.471439688419772,0.452438850391662,0.268875081967582,"max_iter reached without violation"
517,10050,0.346941634059507,0.297840709478281,0.470158730063228,0.449727126989554,0.272121488367541,"max_iter reached without violation"
518,10050,0.325549810746165,0.328882309334453,0.461980320135683,0.463325979834943,0.291926672726791,"max_iter reached without violation"
519,10050,0.313928733696029,0.348352910130212,0.457075656200591,0.470660534335234,0.303187308727844,"max_iter reached without violation"
520,10050,0.321104931863457,0.332617576035485,0.460143538408087,0.464802533356881,0.296190539048182,"max_iter reached without violation"
521,10050,0.308872228237449,0.343009325658744,0.45483691787914,0.4687361849156,0.308203008224586,"max_iter reached without violation"
522,10050,0.299561984931583,0.346740009352888,0.450545066183133,0.470086663026802,0.317628987582179,"max_iter reached without violation"
523,10050,0.336654322621935,0.315647407209418,0.466360856211933,0.45782201779212,0.281500912286712,"max_iter reached without violation"
524,10050,0.986391871459363,0.00198285845723115,0.134777359046215,0.0299118777028819,0.000667373763901689,"max_iter reached without violation"
525,10050,0.321003891190842,0.333021314969691,0.460101223980666,0.464960133819486,0.296288080309155,"max_iter reached without violation"
526,10050,0.332819447293736,0.318174376365619,0.464881382861462,0.458906076727843,0.285065376874829,"max_iter reached without violation"
527,10050,0.343211014721761,0.306039543227867,0.46881002235286,0.45355456100498,0.275492551465527,"max_iter reached without violation"
528,10050,0.306140723530334,0.344824401616263,0.453600716554942,0.469397266415109,0.310942540423569,"max_iter reached without violation"
529,10050,0.33917656757829,0.302801262747088,0.467314955614409,0.452063531594956,0.279176862767491,"max_iter reached without violation"
530,10050,0.318982883404329,0.333626896521957,0.459249589429812,0.46519579591439,0.298244890189112,"max_iter reached without violation"
531,10050,0.360341980274608,0.291763323869045,0.474739454923058,0.446777127590011,0.260288848836877,"max_iter reached without violation"
532,10050,0.327973544143006,0.313119852017225,0.462961679296588,0.45672183740376,0.289623737047638,"max_iter reached without violation"
533,10050,0.988715101069141,0.00274884347665416,0.124782189383172,0.0372973763131473,0.000517860470140223,"max_iter reached without violation"
534,10050,0.328074521677038,0.333525968498964,0.463002256824423,0.465156580401678,0.289528127370127,"max_iter reached without violation"
535,10050,0.324741782972753,0.328781339045947,0.461649991696947,0.463285601626618,0.292697877456383,"max_iter reached without violation"
536,10050,0.357622826414172,0.295308902267557,0.473843017013187,0.448509976455623,0.26265556608474,"max_iter reached without violation"
537,10050,0.993084056998697,0.00112308112326623,0.102632414661712,0.019946216140618,0.000268487365598638,"max_iter reached without violation"
538,10050,0.305027687114651,0.344017736060389,0.45309154507572,0.469104411656845,0.312064973545467,"max_iter reached without violation"
539,10050,0.984478685758607,0.00274884347665416,0.142366328813773,0.0372973763131473,0.000798303707717753,"max_iter reached without violation"
540,10050,0.318174376365619,0.324337747145602,0.458906076727843,0.461484223910841,0.299030819485666,"max_iter reached without violation"
541,10050,0.333021314969691,0.311097383068129,0.464960133819486,0.455830007261383,0.284876805658333,"max_iter reached without violation"
542,10050,0.30178909603452,0.351174955367847,0.451591971288205,0.471650198300281,0.315351286926646,"max_iter reached without violation"
543,10050,0.334232445898857,0.327468642866653,0.465430572886835,0.462758417360291,0.28374764413824,"max_iter reached without violation"
544,10050,0.316961504043581,0.339075688382324,0.458387733123793,0.46727708330006,0.300213167876256,"max_iter reached without violation"
545,10050,0.992836918538367,0.00148495372542216,0.104045541071999,0.0244265940841534,0.00028135478247688,"max_iter reached without violation"
546,10050,0.324135723740025,0.313928733696029,0.461401188936538,0.457075656200591,0.293277455326578,"max_iter reached without violation"
547,10050,0.353593315998615,0.29075007509215,0.472483756310969,0.446275800427579,0.266194674481299,"max_iter reached without violation"
548,10050,0.332112882205332,0.32999292285472,0.46460497812483,0.463768499104739,0.285726228294046,"max_iter reached without violation"
549,10050,0.322923506293714,0.334535208536765,0.46090086051953,0.465547629870806,0.29443964205308,"max_iter reached without violation"
550,10050,0.330497711081857,0.310086006234195,0.463968651133802,0.455380175980056,0.287241740994391,"max_iter reached without violation"
551,10050,0.309377985775074,0.338369509306168,0.45506373498222,0.467011297498559,0.307698093635103,"max_iter reached without violation"
552,10050,0.319083942601261,0.328882309334453,0.459292413448621,0.463325979834943,0.298146778170635,"max_iter reached without violation"
553,10050,0.325246807182002,0.339680950337568,0.461856635433838,0.467503953497697,0.29221566513035,"max_iter reached without violation"
554,10050,0.329387147212347,0.318275443001264,0.46352749772265,0.458949105380619,0.288287706703961,"max_iter reached without violation"
555,10050,0.317871170871546,0.335039795101565,0.458776837071156,0.465742234305757,0.299326017331082,"max_iter reached without violation"
556,10050,0.987858178081688,0.00198285845723115,0.128581278649645,0.0299118777028819,0.000571748244464014,"max_iter reached without violation"
557,10050,0.334131523235039,0.329185214773173,0.465391504801354,0.463446965172378,0.283841592845626,"max_iter reached without violation"
558,10050,0.321104931863457,0.32847842275032,0.460143538408087,0.463164317623001,0.296190539048182,"max_iter reached without violation"
559,10050,0.321711156514051,0.32999292285472,0.460396891701786,0.463768499104739,0.295605887603139,"max_iter reached without violation"
560,10050,0.324943795398269,0.323630649191878,0.46173272461723,0.461193160410715,0.292504908705956,"max_iter reached without violation"
561,10050,0.315243037869367,0.335746178892569,0.457647075292332,0.466013651673904,0.301895296146594,"max_iter reached without violation"
562,10050,0.345832655275491,0.304926496187965,0.469761181278796,0.453045097260721,0.273120022498576,"max_iter reached without violation"
563,10050,0.324539766889187,0.324539766889187,0.461567158146213,0.461567158146213,0.29289095807904,"max_iter reached without violation"
564,10050,0.316152847789496,0.323327593458184,0.458040115608065,0.461068040560487,0.301003712590898,"max_iter reached without violation"
565,10050,0.344723571468824,0.304319330297447,0.469360743392473,0.452765851095158,0.274121658974761,"max_iter reached without violation"
566,10050,0.994145898985009,0.00165555318750714,0.0962587702380997,0.0263824236268919,0.00021510798896705,"max_iter reached without violation"
567,10050,0.312917622158649,0.326559763347757,0.456633123047521,0.462390971751352,0.304184533747174,"max_iter reached without violation"
568,10050,0.367388791785011,0.279090349467451,0.476985243899587,0.440307940422326,0.25423471860447,"max_iter reached without violation"
569,10050,0.334837963149059,0.315243037869367,0.465664466075597,0.457647075292332,0.283184515898187,"max_iter reached without violation"
570,10050,0.312715388520126,0.332314762427311,0.456544304707481,0.464684074215466,0.304384331628134,"max_iter reached without violation"
571,10050,0.324236735900686,0.322115287837729,0.461442719019453,0.460565286532575,0.293180788984256,"max_iter reached without violation"
572,10050,0.322923506293714,0.328579395754117,0.46090086051953,0.463204770527164,0.29443964205308,"max_iter reached without violation"
573,10050,0.993820845276509,0.00112308112326623,0.0982657469610655,0.019946216140618,0.000231111368797867,"max_iter reached without violation"
574,10050,0.325448810470988,0.332819447293736,0.461939117014379,0.464881382861462,0.292022975639945,"max_iter reached without violation"
575,10050,0.325044800239874,0.326458772187148,0.461774053357858,0.462350019365649,0.292408466252761,"max_iter reached without violation"
576,10050,0.32322657304466,0.312108664902783,0.461026283446899,0.456277225176967,0.294148715679823,"max_iter reached without violation"
577,10050,0.35792498500249,0.292979089253689,0.473943457002661,0.447375057383912,0.26239171958901,"max_iter reached without violation"
578,10050,0.986824308795114,0.00148495372542216,0.132987187130165,0.0244265940841534,0.000638734593830094,"max_iter reached without violation"
579,10050,0.306343081243366,0.345227713508306,0.45369294810054,0.469543119237464,0.310738856745732,"max_iter reached without violation"
580,10050,0.338873927344567,0.309782574617098,0.467201265886523,0.455244715832358,0.279454876264218,"max_iter reached without violation"
581,10050,0.326256787134596,0.331709110993456,0.462268039457043,0.464446489725428,0.291253332083866,"max_iter reached without violation"
582,10050,0.323832681761096,0.330800573205833,0.461276447470565,0.464088444912038,0.293567622644481,"max_iter reached without violation"
583,10050,0.337360606949043,0.307961804403282,0.466629537395747,0.454426989204659,0.280848509407023,"max_iter reached without violation"
584,10050,0.362154408720905,0.294903755404256,0.475327705184703,0.448313644818659,0.25872086068928,"max_iter reached without violation"
585,10050,0.328175498304547,0.329791001251242,0.463042809414434,0.463688264637147,0.289432545268476,"max_iter reached without violation"
586,10050,0.326458772187148,0.335645269591387,0.462350019365649,0.465974951185467,0.291061199318874,"max_iter reached without violation"
587,10050,0.327367659888471,0.325145804167703,0.46271769006757,0.461815356961146,0.290197974863916,"max_iter reached without violation"
588,10050,0.993576053883541,0.00112308112326623,0.0997434396024078,0.019946216140618,0.00024336230825788,"max_iter reached without violation"
589,10050,0.305533627244223,0.345731833818686,0.453323385159411,0.469724897329605,0.311554320262281,"max_iter reached without violation"
590,10050,0.334535208536765,0.319286058209381,0.465547629870806,0.45937798485235,0.283465959227344,"max_iter reached without violation"
591,10050,0.986824308795114,0.00214112065410545,0.132987187130165,0.031528317448268,0.000638734593830094,"max_iter reached without violation"
592,10050,0.355708978399197,0.292371224685413,0.473202029150414,0.447076591067169,0.264331721044597,"max_iter reached without violation"
593,10050,0.297131865994191,0.356917760099645,0.449388045133086,0.473607842529276,0.320131022107179,"max_iter reached without violation"
594,10050,0.320498673965985,0.327569624936879,0.459889270515328,0.462799119675745,0.296776213156963,"max_iter reached without violation"
595,10050,0.322822482205774,0.327165691207277,0.460859002325285,0.462636160523938,0.294536673866902,"max_iter reached without violation"
596,10050,0.322519404425579,0.330800573205833,0.460733275990739,0.464088444912038,0.294827938547445,"max_iter reached without violation"
597,10050,0.986478433613565,0.00148495372542216,0.134421379253141,0.0244265940841534,0.000661612160887511,"max_iter reached without violation"
598,10050,0.368294514458286,0.281321966529493,0.477265846826811,0.4414788014059,0.253464781585927,"max_iter reached without violation"
599,10050,0.33958007554774,0.31059170654362,0.467466202393222,0.45560541877418,0.278806546763166,"max_iter reached without violation"
600,10050,0.334737045836323,0.318982883404329,0.465625545194755,0.459249589429812,0.283278303517466,"max_iter reached without violation"
601,10050,0.386395039511898,0.26040552630643,0.482494744208327,0.42995438220002,0.238457628905251,"max_iter reached without violation"
602,10050,0.986218637183817,0.00148495372542216,0.13548629351087,0.0244265940841534,0.000678947310961162,"max_iter reached without violation"
603,10050,0.994549932657418,0.00130812630538907,0.0936872328102595,0.0222994376428007,0.00019564907311086,"max_iter reached without violation"
604,10050,0.986737896616614,0.00214112065410545,0.133347292653092,0.031528317448268,0.000644428568278187,"max_iter reached without violation"
605,10050,0.986478433613565,0.00148495372542216,0.134421379253141,0.0244265940841534,0.000661612160887511,"max_iter reached without violation"
606,10050,0.327569624936879,0.329791001251242,0.462799119675745,0.463688264637147,0.290006451751249,"max_iter reached without violation"
607,10050,0.985524274990436,0.00229650289269704,0.138282828077371,0.0330655314948254,0.000725906392856068,"max_iter reached without violation"
608,10050,0.333727823651189,0.319993433614707,0.465234986840383,0.459676680857842,0.28421765665982,"max_iter reached without violation"
609,10050,0.31322096552972,0.346941634059507,0.456766155606891,0.470158730063228,0.303885057704018,"max_iter reached without violation"
610,10050,0.323630649191878,0.330497711081857,0.461193160410715,0.463968651133802,0.293761207886585,"max_iter reached without violation"
611,10050,0.985089184008978,0.00229650289269704,0.14,0.0330655314948254,0.000755789295744353,"max_iter reached without violation"
612,10050,0.324337747145602,0.329589076037744,0.461484223910841,0.463607930860329,0.293084150670274,"max_iter reached without violation"
613,10050,0.326559763347757,0.314636455692291,0.462390971751352,0.457383886687638,0.290965174589508,"max_iter reached without violation"
614,10050,0.315445224415755,0.337360606949043,0.457734598159695,0.466629537395747,0.30169696281106,"max_iter reached without violation"
615,10050,0.331305325412099,0.31200754098631,0.464287606031357,0.456232620767487,0.286483114090609,"max_iter reached without violation"
616,10050,0.991590976181037,0.00112308112326623,0.110829201044505,0.019946216140618,0.000348620718155776,"max_iter reached without violation"
617,10050,0.98526332047958,0.00130812630538907,0.139315884309365,0.0222994376428007,0.000743787334102628,"max_iter reached without violation"
618,10050,0.326256787134596,0.333525968498964,0.462268039457043,0.465156580401678,0.291253332083866,"max_iter reached without violation"
619,10050,0.360744765661999,0.285378158204087,0.474870823959562,0.443572045445836,0.259939730580999,"max_iter reached without violation"
620,10050,0.303610925979146,0.337360606949043,0.452438850391662,0.466629537395747,0.313498865109225,"max_iter reached without violation"
621,10050,0.986131965636383,0.00198285845723115,0.135839263970323,0.0299118777028819,0.000684759167413576,"max_iter reached without violation"
622,10050,0.310692843750188,0.337764178506272,0.455650388785173,0.466782533431251,0.306388810859537,"max_iter reached without violation"
623,10050,0.331910998394659,0.333425039581987,0.464525783311651,0.46511734029603,0.285915286834869,"max_iter reached without violation"
624,10050,0.988115716879989,0.00289586267607815,0.1274542584822,0.0386045288250071,0.000555394526265647,"max_iter reached without violation"
625,10050,0.32443875747502,0.332718512112511,0.461525703617498,0.464841970430624,0.292987540372558,"max_iter reached without violation"
626,10050,0.326155793242167,0.33069962006499,0.462227011920814,0.464048538424282,0.291349440143269,"max_iter reached without violation"
627,10050,0.322418376659218,0.33554435940092,0.460691316605612,0.465936226233441,0.294925083228067,"max_iter reached without violation"
628,10050,0.331910998394659,0.317770100510268,0.464525783311651,0.45873370592875,0.285915286834869,"max_iter reached without violation"
629,10050,0.332516639062428,0.32130701043837,0.464763071633961,0.460228091053402,0.285348436481682,"max_iter reached without violation"
630,10050,0.321003891190842,0.320700763629306,0.460101223980666,0.459974128195212,0.296288080309155,"max_iter reached without violation"
631,10050,0.315748497199649,0.338571279170147,0.457865688913713,0.467087357715482,0.301399681140143,"max_iter reached without violation"
632,10050,0.318376508706157,0.326761742938847,0.458992108429011,0.462472801418826,0.298834164793608,"max_iter reached without violation"
633,10050,0.303610925979146,0.345731833818686,0.452438850391662,0.469724897329605,0.313498865109225,"max_iter reached without violation"
634,10050,0.323832681761096,0.334837963149059,0.461276447470565,0.465664466075597,0.293567622644481,"max_iter reached without violation"
635,10050,0.305634812371443,0.348856896278321,0.453369673435018,0.470838621714308,0.311452280957381,"max_iter reached without violation"
636,10050,0.338167735908683,0.308973381656283,0.466935140077275,0.454882333878565,0.280104497838009,"max_iter reached without violation"
637,10050,0.326660753598242,0.325751808559107,0.462431899100195,0.46206265107395,0.290869177613057,"max_iter reached without violation"
638,10050,0.987772246667267,0.00214112065410545,0.128954609666248,0.031528317448268,0.000577234779937132,"max_iter reached without violation"
639,10050,0.317365809741876,0.338066847884335,0.458560924882035,0.466897024900135,0.299818590071207,"max_iter reached without violation"
640,10050,0.330901525446504,0.334535208536765,0.464128326636659,0.465547629870806,0.286862209537146,"max_iter reached without violation"
641,10050,0.332314762427311,0.316152847789496,0.464684074215466,0.458040115608065,0.285537278206669,"max_iter reached without violation"
642,10050,0.295511469714292,0.361046845879447,0.448607977633144,0.474969108019597,0.321809154614943,"max_iter reached without violation"
643,10050,0.988544073725755,0.00130812630538907,0.125551835054539,0.0222994376428007,0.000528494516366749,"max_iter reached without violation"
644,10050,0.331103427228256,0.337461501166125,0.46420801582202,0.466667822930815,0.286672607358493,"max_iter reached without violation"
645,10050,0.340588783845151,0.308366446794141,0.46784262404493,0.454609443146941,0.277882595762886,"max_iter reached without violation"
646,10050,0.322721457198606,0.327367659888471,0.46081711884367,0.46271769006757,0.294633733879091,"max_iter reached without violation"
647,10050,0.343009325658744,0.310389429276014,0.4687361849156,0.455515400227652,0.275675776825992,"max_iter reached without violation"
648,10050,0.326357780116175,0.338268623049222,0.462309041936432,0.466973230941433,0.291157251813033,"max_iter reached without violation"
649,10050,0.369904522644512,0.284567052577096,0.477760144916248,0.443157047342912,0.252100702533293,"max_iter reached without violation"
650,10050,0.332415701193113,0.305432441151167,0.464723585255585,0.453277070314296,0.285442843804563,"max_iter reached without violation"
651,10050,0.333929675229279,0.323529631531544,0.465313294957065,0.461151479035542,0.284029570933327,"max_iter reached without violation"
652,10050,0.306039543227867,0.33675522304243,0.45355456100498,0.466399312398695,0.311044427778024,"max_iter reached without violation"
653,10050,0.322822482205774,0.320296580602439,0.460859002325285,0.459804311044748,0.294536673866902,"max_iter reached without violation"
654,10050,0.321711156514051,0.326559763347757,0.460396891701786,0.462390971751352,0.295605887603139,"max_iter reached without violation"
655,10050,0.325448810470988,0.336250712066975,0.461939117014379,0.466206787375341,0.292022975639945,"max_iter reached without violation"
656,10050,0.334535208536765,0.329891962504116,0.465547629870806,0.463728394281373,0.283465959227344,"max_iter reached without violation"
657,10050,0.310288289214411,0.342605937047132,0.455470351676599,0.468588221589955,0.30679113051594,"max_iter reached without violation"
658,10050,0.326256787134596,0.32777158635442,0.462268039457043,0.462880449401204,0.291253332083866,"max_iter reached without violation"
659,10050,0.32908424719783,0.332213822764793,0.463406661601325,0.464644538507313,0.288573545334383,"max_iter reached without violation"
660,10050,0.346235932425181,0.30178909603452,0.469906078362599,0.451591971288205,0.27275656095065,"max_iter reached without violation"
661,10050,0.32777158635442,0.338672162777612,0.462880449401204,0.467125351387148,0.289815039177216,"max_iter reached without violation"
662,10050,0.318275443001264,0.340689649838678,0.458949105380619,0.467880133169149,0.298932477760916,"max_iter reached without violation"
663,10050,0.988115716879989,0.0018212212246959,0.1274542584822,0.0282025930158116,0.000555394526265647,"max_iter reached without violation"
664,10050,0.296220424401623,0.362959845282073,0.44895011861534,0.47558675113225,0.321073971307145,"max_iter reached without violation"
665,10050,0.993576053883541,0.00148495372542216,0.0997434396024078,0.0244265940841534,0.00024336230825788,"max_iter reached without violation"
666,10050,0.320094483536615,0.320094483536615,0.459719249727037,0.459719249727037,0.2971672320314,"max_iter reached without violation"
667,10050,0.320801807074022,0.3352416234916,0.460016518881249,0.465819904534795,0.296483248102507,"max_iter reached without violation"
668,10050,0.314333151912799,0.33645251911949,0.457251943265752,0.466283870623639,0.302789240140728,"max_iter reached without violation"
669,10050,0.327468642866653,0.321610121378764,0.462758417360291,0.460354729602509,0.290102199484362,"max_iter reached without violation"
670,10050,0.319286058209381,0.343009325658744,0.45937798485235,0.4687361849156,0.297950640091,"max_iter reached without violation"
671,10050,0.323630649191878,0.331103427228256,0.461193160410715,0.46420801582202,0.293761207886585,"max_iter reached without violation"
672,10050,0.327064705503786,0.32322657304466,0.462595358259816,0.461026283446899,0.290485466999224,"max_iter reached without violation"
673,10050,0.334232445898857,0.313726518935265,0.465430572886835,0.456987357174909,0.28374764413824,"max_iter reached without violation"
674,10050,0.310793980005642,0.335746178892569,0.455695332631653,0.466013651673904,0.306288305313808,"max_iter reached without violation"
675,10050,0.352384197264138,0.286898803561062,0.472068671354596,0.444345278657467,0.267264137062396,"max_iter reached without violation"
676,10050,0.329185214773173,0.331608165945831,0.463446965172378,0.464406805876616,0.288478238347501,"max_iter reached without violation"
677,10050,0.342908479816848,0.309984863315016,0.468699230149109,0.455335048819002,0.275767428397253,"max_iter reached without violation"
678,10050,0.333525968498964,0.316253933095526,0.465156580401678,0.458083657870459,0.284405850115086,"max_iter reached without violation"
679,10050,0.341597404274817,0.309681428837791,0.468216628514563,0.455199509991158,0.276961263332139,"max_iter reached without violation"
680,10050,0.31190641612236,0.338268623049222,0.456187990293538,0.466973230941433,0.305184702924263,"max_iter reached without violation"
681,10050,0.324034710663371,0.333324109770797,0.461359633655292,0.465078075591221,0.293374149709326,"max_iter reached without violation"
682,10050,0.296524247203208,0.354701566921377,0.449096339982942,0.472861282126014,0.320759369548486,"max_iter reached without violation"
683,10050,0.32908424719783,0.330396755239102,0.463406661601325,0.463928670318281,0.288573545334383,"max_iter reached without violation"
684,10050,0.340689649838678,0.315849586252505,0.467880133169149,0.457909334248734,0.277790344860835,"max_iter reached without violation"
685,10050,0.319690278289911,0.340992242549319,0.459548821323935,0.467992515569262,0.297558707409722,"max_iter reached without violation"
686,10050,0.317466883832993,0.328175498304547,0.458604158629768,0.463042809414434,0.299720017830827,"max_iter reached without violation"
687,10050,0.333727823651189,0.316759345590431,0.465234986840383,0.458300983082384,0.28421765665982,"max_iter reached without violation"
688,10050,0.326559763347757,0.32999292285472,0.462390971751352,0.463768499104739,0.290965174589508,"max_iter reached without violation"
689,10050,0.32948811207665,0.321205971612548,0.463567726714828,0.460185827429998,0.288192482024041,"max_iter reached without violation"
690,10050,0.987514202111437,0.00244938981808297,0.130067716787157,0.0345341011677119,0.000593799545215599,"max_iter reached without violation"
691,10050,0.33937832332547,0.322822482205774,0.467390627487757,0.460859002325285,0.278991652135942,"max_iter reached without violation"
692,10050,0.329791001251242,0.326559763347757,0.463688264637147,0.462390971751352,0.28790697241228,"max_iter reached without violation"
693,10050,0.314939751008711,0.33645251911949,0.457515597296161,0.466283870623639,0.302193014740892,"max_iter reached without violation"
694,10050,0.336149807208892,0.315849586252505,0.466168209113555,0.457909334248734,0.281967712401326,"max_iter reached without violation"
695,10050,0.319387114621089,0.340387049221857,0.459420732251543,0.46776753327535,0.297852614004736,"max_iter reached without violation"
696,10050,0.356414115897857,0.297131865994191,0.473439161861541,0.449388045133086,0.263713157928379,"max_iter reached without violation"
697,10050,0.311198515521936,0.338773045502346,0.455874846527143,0.467163320775522,0.30588658020227,"max_iter reached without violation"
698,10050,0.334535208536765,0.321610121378764,0.465547629870806,0.460354729602509,0.283465959227344,"max_iter reached without violation"
699,10050,0.331810055142988,0.314939751008711,0.46448614886833,0.457515597296161,0.286009856803814,"max_iter reached without violation"
700,10050,0.358529279364127,0.296017870896085,0.474143709356508,0.448852500950716,0.261864686560496,"max_iter reached without violation"
701,10050,0.303610925979146,0.346941634059507,0.452438850391662,0.470158730063228,0.313498865109225,"max_iter reached without violation"
702,10050,0.326458772187148,0.316961504043581,0.462350019365649,0.458387733123793,0.291061199318874,"max_iter reached without violation"
703,10050,0.993330446216838,0.000926468770033948,0.101198677107024,0.0172747896074389,0.000255822119518067,"max_iter reached without violation"
704,10050,0.343513541767445,0.30462291760101,0.46892059835456,0.452905594071938,0.275217907722279,"max_iter reached without violation"
705,10050,0.342101681605073,0.305432441151167,0.468402726116977,0.453277070314296,0.276501575743127,"max_iter reached without violation"
706,10050,0.993412403940796,0.00198285845723115,0.100716032561211,0.0299118777028819,0.000251645856974818,"max_iter reached without violation"
707,10050,0.298448251024808,0.356212652283236,0.450016707197095,0.473371526356727,0.318773504857371,"max_iter reached without violation"
708,10050,0.321104931863457,0.332617576035485,0.460143538408087,0.464802533356881,0.296190539048182,"max_iter reached without violation"
709,10050,0.324640775388349,0.325448810470988,0.461608587503771,0.461939117014379,0.292794403777665,"max_iter reached without violation"
710,10050,0.35308953147261,0.293384312197198,0.472311215419226,0.447573481935799,0.26663984775926,"max_iter reached without violation"
711,10050,0.299460741319968,0.356212652283236,0.450497169041464,0.473371526356727,0.317732877932159,"max_iter reached without violation"
712,10050,0.318578637324729,0.332415701193113,0.459078037741424,0.464723585255585,0.298637625080786,"max_iter reached without violation"
713,10050,0.323125551712906,0.314939751008711,0.460984501073458,0.457515597296161,0.294245662971732,"max_iter reached without violation"
714,10050,0.324943795398269,0.312412030970111,0.46173272461723,0.456410882094983,0.292504908705956,"max_iter reached without violation"
715,10050,0.307860641409247,0.341597404274817,0.454381309797945,0.468216628514563,0.30921508738635,"max_iter reached without violation"
716,10050,0.326862731369811,0.332314762427311,0.462513678713885,0.464684074215466,0.290677266871448,"max_iter reached without violation"
717,10050,0.311805290310654,0.342101681605073,0.456143333747468,0.468402726116977,0.305284882279076,"max_iter reached without violation"
718,10050,0.994226914086052,0.000926468770033948,0.0957501947753105,0.0172747896074389,0.000211167233502389,"max_iter reached without violation"
719,10050,0.306343081243366,0.34442107580463,0.45369294810054,0.469251030674272,0.310738856745732,"max_iter reached without violation"
720,10050,0.323428612953729,0.327367659888471,0.461109772421082,0.46271769006757,0.293954905532646,"max_iter reached without violation"
721,10050,0.342807633101086,0.303914533652902,0.468662251343133,0.452579153738606,0.275859105909899,"max_iter reached without violation"
722,10050,0.326761742938847,0.32837744884095,0.462472801418826,0.463123839807181,0.290773208377656,"max_iter reached without violation"
723,10050,0.320296580602439,0.324135723740025,0.459804311044748,0.461401188936538,0.296971665581042,"max_iter reached without violation"
724,10050,0.340689649838678,0.299561984931583,0.467880133169149,0.450545066183133,0.277790344860835,"max_iter reached without violation"
725,10050,0.32130701043837,0.319791330991613,0.460228091053402,0.45959146666338,0.295995541735764,"max_iter reached without violation"
726,10050,0.993248401673658,0.000926468770033948,0.101678933314932,0.0172747896074389,0.000260021206730646,"max_iter reached without violation"
727,10050,0.329690039095863,0.323529631531544,0.463648110165616,0.461151479035542,0.288002114889805,"max_iter reached without violation"
728,10050,0.339680950337568,0.305432441151167,0.467503953497697,0.453277070314296,0.278714033521826,"max_iter reached without violation"
729,10050,0.326862731369811,0.329185214773173,0.462513678713885,0.463446965172378,0.290677266871448,"max_iter reached without violation"
730,10050,0.331810055142988,0.31200754098631,0.46448614886833,0.456232620767487,0.286009856803814,"max_iter reached without violation"
731,10050,0.30856876224244,0.341496546179886,0.454700512018418,0.468179336675402,0.308506316594028,"max_iter reached without violation"
732,10050,0.330901525446504,0.322115287837729,0.464128326636659,0.460565286532575,0.286862209537146,"max_iter reached without violation"
733,10050,0.321408048341178,0.322519404425579,0.460270329285297,0.460733275990739,0.295898085659598,"max_iter reached without violation"
734,10050,0.319892382766459,0.333626896521957,0.459634086505651,0.46519579591439,0.297362912607691,"max_iter reached without violation"
735,10050,0.324135723740025,0.331103427228256,0.461401188936538,0.46420801582202,0.293277455326578,"max_iter reached without violation"
736,10050,0.306140723530334,0.345126886839546,0.453600716554942,0.469506691910951,0.310942540423569,"max_iter reached without violation"
737,10050,0.319488170104908,0.334333367670268,0.459463454125126,0.465469616422788,0.297754616537452,"max_iter reached without violation"
738,10050,0.296017870896085,0.35288801168572,0.448852500950716,0.472242034653399,0.32128386462115,"max_iter reached without violation"
739,10050,0.30016942595213,0.358126419835177,0.45083188098915,0.474010300735998,0.317006301770854,"max_iter reached without violation"
740,10050,0.327468642866653,0.333727823651189,0.462758417360291,0.465234986840383,0.290102199484362,"max_iter reached without violation"
741,10050,0.327973544143006,0.335645269591387,0.462961679296588,0.465974951185467,0.289623737047638,"max_iter reached without violation"
742,10050,0.318982883404329,0.340286180591667,0.459249589429812,0.467729951618346,0.298244890189112,"max_iter reached without violation"
743,10050,0.988629610339221,0.00244938981808297,0.125167643331474,0.0345341011677119,0.000523168439528501,"max_iter reached without violation"
744,10050,0.32777158635442,0.319892382766459,0.462880449401204,0.459634086505651,0.289815039177216,"max_iter reached without violation"
745,10050,0.324539766889187,0.316759345590431,0.461567158146213,0.458300983082384,0.29289095807904,"max_iter reached without violation"
746,10050,0.320902849594449,0.325246807182002,0.460058884140726,0.461856635433838,0.296385649989802,"max_iter reached without violation"
747,10050,0.317871170871546,0.343816060959459,0.458776837071156,0.469030958307124,0.299326017331082,"max_iter reached without violation"
748,10050,0.323125551712906,0.327872565702213,0.460984501073458,0.462921076824369,0.294245662971732,"max_iter reached without violation"
749,10050,0.341093105030255,0.309479134417064,0.468029928064457,0.455109019573917,0.277421602894974,"max_iter reached without violation"
750,10050,0.332819447293736,0.309580282104542,0.464881382861462,0.455154277907619,0.285065376874829,"max_iter reached without violation"
751,10050,0.317669029216925,0.338974808304487,0.458690549145876,0.467239186726066,0.299522959914015,"max_iter reached without violation"
752,10050,0.340891379190552,0.302092756292739,0.467955078925511,0.451733721198068,0.277605921570817,"max_iter reached without violation"
753,10050,0.357421383127013,0.290648744652328,0.47377594070305,0.446225514700863,0.262831586137762,"max_iter reached without violation"
754,10050,0.33069962006499,0.322519404425579,0.464048538424282,0.460733275990739,0.287051920718441,"max_iter reached without violation"
755,10050,0.331002476787234,0.317466883832993,0.464168183604527,0.458604158629768,0.286767394828235,"max_iter reached without violation"
756,10050,0.314838653509794,0.331608165945831,0.457471719615718,0.464406805876616,0.302292312615071,"max_iter reached without violation"
757,10050,0.333223179065169,0.313928733696029,0.46503878628102,0.457075656200591,0.284688342486594,"max_iter reached without violation"
758,10050,0.324337747145602,0.329791001251242,0.461484223910841,0.463688264637147,0.293084150670274,"max_iter reached without violation"
759,10050,0.281829081497413,0.366885583510746,0.441742960495633,0.476828555302327,0.336299566045173,"max_iter reached without violation"
760,10050,0.328175498304547,0.314333151912799,0.463042809414434,0.457251943265752,0.289432545268476,"max_iter reached without violation"
761,10050,0.340891379190552,0.309276836178286,0.467955078925511,0.455018424124687,0.277605921570817,"max_iter reached without violation"
762,10050,0.326963718891377,0.323428612953729,0.462554530992005,0.461109772421082,0.290581353082584,"max_iter reached without violation"
763,10050,0.310996249664331,0.349058484702133,0.455785141862029,0.470909690635306,0.306087383370534,"max_iter reached without violation"
764,10050,0.33594799482797,0.306848958670205,0.466090979284381,0.453923063274593,0.282154619020873,"max_iter reached without violation"
765,10050,0.339277445892601,0.331305325412099,0.467352803675011,0.464287606031357,0.279084244288968,"max_iter reached without violation"
766,10050,0.332415701193113,0.317567956991255,0.464723585255585,0.458647366715297,0.285442843804563,"max_iter reached without violation"
767,10050,0.325549810746165,0.323327593458184,0.461980320135683,0.461068040560487,0.291926672726791,"max_iter reached without violation"
768,10050,0.325145804167703,0.3292861814446,0.461815356961146,0.463487243877325,0.292312051731559,"max_iter reached without violation"
769,10050,0.337461501166125,0.319387114621089,0.466667822930815,0.459420732251543,0.280755415212709,"max_iter reached without violation"
770,10050,0.327973544143006,0.317972240301022,0.462961679296588,0.458819942580325,0.289623737047638,"max_iter reached without violation"
771,10050,0.332415701193113,0.315243037869367,0.464723585255585,0.457647075292332,0.285442843804563,"max_iter reached without violation"
772,10050,0.317770100510268,0.340387049221857,0.45873370592875,0.46776753327535,0.299424474212163,"max_iter reached without violation"
773,10050,0.309984863315016,0.346336749544225,0.455335048819002,0.46994224298291,0.307093182981606,"max_iter reached without violation"
774,10050,0.327367659888471,0.32130701043837,0.46271769006757,0.460228091053402,0.290197974863916,"max_iter reached without violation"
775,10050,0.329185214773173,0.31605176154716,0.463446965172378,0.457996547588549,0.288478238347501,"max_iter reached without violation"
776,10050,0.984565995140258,0.00402557186643165,0.142030904740965,0.0477840948413692,0.000792182183723672,"max_iter reached without violation"
777,10050,0.316860425284227,0.344622740451207,0.45834437095602,0.46932419643185,0.300311884602149,"max_iter reached without violation"
778,10050,0.335443448320948,0.319286058209381,0.465897476811725,0.45937798485235,0.282622352778638,"max_iter reached without violation"
779,10050,0.31190641612236,0.343110170626979,0.456187990293538,0.46877311564829,0.305184702924263,"max_iter reached without violation"
780,10050,0.314636455692291,0.340790514953742,0.457383886687638,0.467917618127407,0.302490995955391,"max_iter reached without violation"
781,10050,0.326256787134596,0.333626896521957,0.462268039457043,0.46519579591439,0.291253332083866,"max_iter reached without violation"
782,10050,0.33584708730469,0.313119852017225,0.466052327704846,0.45672183740376,0.282248112354959,"max_iter reached without violation"
783,10050,0.345731833818686,0.309580282104542,0.469724897329605,0.455154277907619,0.273210951957647,"max_iter reached without violation"
784,10050,0.988372864521466,0.00244938981808297,0.126316477855846,0.0345341011677119,0.00053920076356383,"max_iter reached without violation"
785,10050,0.330497711081857,0.323327593458184,0.463968651133802,0.461068040560487,0.287241740994391,"max_iter reached without violation"
786,10050,0.338470394679738,0.305027687114651,0.467049339754596,0.45309154507572,0.279825930140423,"max_iter reached without violation"
787,10050,0.327064705503786,0.323125551712906,0.462595358259816,0.460984501073458,0.290485466999224,"max_iter reached without violation"
788,10050,0.377850854218283,0.276249371186625,0.480115907228816,0.43879744128172,0.2454525759502,"max_iter reached without violation"
789,10050,0.326862731369811,0.323529631531544,0.462513678713885,0.461151479035542,0.290677266871448,"max_iter reached without violation"
790,10050,0.298043227280496,0.35429857851271,0.449823762479986,0.472724328111905,0.319190635071433,"max_iter reached without violation"
791,10050,0.324539766889187,0.320094483536615,0.461567158146213,0.459719249727037,0.29289095807904,"max_iter reached without violation"
792,10050,0.323832681761096,0.325751808559107,0.461276447470565,0.46206265107395,0.293567622644481,"max_iter reached without violation"
793,10050,0.343009325658744,0.299055757029078,0.4687361849156,0.450305309661247,0.275675776825992,"max_iter reached without violation"
794,10050,0.32837744884095,0.310490568385656,0.463123839807181,0.455560422590925,0.289241463745835,"max_iter reached without violation"
795,10050,0.325145804167703,0.333929675229279,0.461815356961146,0.465313294957065,0.292312051731559,"max_iter reached without violation"
796,10050,0.319286058209381,0.342303386407022,0.45937798485235,0.468476996521595,0.297950640091,"max_iter reached without violation"
797,10050,0.331305325412099,0.319589224661096,0.464287606031357,0.45950615048022,0.286483114090609,"max_iter reached without violation"
798,10050,0.328276474025772,0.320296580602439,0.463083337073172,0.459804311044748,0.289336990730954,"max_iter reached without violation"
799,10050,0.324539766889187,0.335443448320948,0.461567158146213,0.465897476811725,0.29289095807904,"max_iter reached without violation"
800,10050,0.327165691207277,0.330396755239102,0.462636160523938,0.463928670318281,0.29038960860954,"max_iter reached without violation"
801,10050,0.343513541767445,0.310086006234195,0.46892059835456,0.455380175980056,0.275217907722279,"max_iter reached without violation"
802,10050,0.338873927344567,0.315647407209418,0.467201265886523,0.45782201779212,0.279454876264218,"max_iter reached without violation"
803,10050,0.316860425284227,0.327468642866653,0.45834437095602,0.462758417360291,0.300311884602149,"max_iter reached without violation"
804,10050,0.327165691207277,0.316253933095526,0.462636160523938,0.458083657870459,0.29038960860954,"max_iter reached without violation"
805,10050,0.326256787134596,0.315141943188227,0.462268039457043,0.457603275127042,0.291253332083866,"max_iter reached without violation"
806,10050,0.326054798438647,0.327064705503786,0.462185959321072,0.462595358259816,0.291445576003143,"max_iter reached without violation"
807,10050,0.310288289214411,0.340487916972947,0.455470351676599,0.467805090748936,0.30679113051594,"max_iter reached without violation"
808,10050,0.327165691207277,0.320296580602439,0.462636160523938,0.459804311044748,0.29038960860954,"max_iter reached without violation"
809,10050,0.987169571790592,0.00198285845723115,0.131536154183666,0.0299118777028819,0.00061612937902975,"max_iter reached without violation"
810,10050,0.329185214773173,0.310086006234195,0.463446965172378,0.455380175980056,0.288478238347501,"max_iter reached without violation"
811,10050,0.332718512112511,0.312209787872056,0.464841970430624,0.45632180352962,0.285159703028163,"max_iter reached without violation"
812,10050,0.332718512112511,0.318780762223424,0.464841970430624,0.459163864722567,0.285159703028163,"max_iter reached without violation"
813,10050,0.319387114621089,0.335645269591387,0.459420732251543,0.465974951185467,0.297852614004736,"max_iter reached without violation"
814,10050,0.313827626786906,0.332314762427311,0.457031519651762,0.464684074215466,0.303286899117562,"max_iter reached without violation"
815,10050,0.315243037869367,0.332516639062428,0.457647075292332,0.464763071633961,0.301895296146594,"max_iter reached without violation"
816,10050,0.33069962006499,0.309984863315016,0.464048538424282,0.455335048819002,0.287051920718441,"max_iter reached without violation"
817,10050,0.340588783845151,0.318982883404329,0.46784262404493,0.459249589429812,0.277882595762886,"max_iter reached without violation"
818,10050,0.321104931863457,0.317365809741876,0.460143538408087,0.458560924882035,0.296190539048182,"max_iter reached without violation"
819,10050,0.322216318365545,0.336654322621935,0.460607321883455,0.466360856211933,0.295119457343413,"max_iter reached without violation"
820,10050,0.322519404425579,0.319286058209381,0.460733275990739,0.45937798485235,0.294827938547445,"max_iter reached without violation"
821,10050,0.308973381656283,0.337764178506272,0.454882333878565,0.466782533431251,0.308101965406984,"max_iter reached without violation"
822,10050,0.993412403940796,0.000926468770033948,0.100716032561211,0.0172747896074389,0.000251645856974818,"max_iter reached without violation"
823,10050,0.321205971612548,0.340387049221857,0.460185827429998,0.46776753327535,0.296093026194507,"max_iter reached without violation"
824,10050,0.337461501166125,0.317466883832993,0.466667822930815,0.458604158629768,0.280755415212709,"max_iter reached without violation"
825,10050,0.298043227280496,0.352384197264138,0.449823762479986,0.472068671354596,0.319190635071433,"max_iter reached without violation"
826,10050,0.306747785110035,0.333525968498964,0.453877093200664,0.465156580401678,0.310331853125655,"max_iter reached without violation"
827,10050,0.987772246667267,0.00214112065410545,0.128954609666248,0.031528317448268,0.000577234779937132,"max_iter reached without violation"
828,10050,0.340487916972947,0.301485426983405,0.467805090748936,0.451449979491715,0.277974872850568,"max_iter reached without violation"
829,10050,0.324236735900686,0.323731665934979,0.461442719019453,0.461234816553444,0.293180788984256,"max_iter reached without violation"
830,10050,0.324640775388349,0.332718512112511,0.461608587503771,0.464841970430624,0.292794403777665,"max_iter reached without violation"
831,10050,0.31190641612236,0.340891379190552,0.456187990293538,0.467955078925511,0.305184702924263,"max_iter reached without violation"
832,10050,0.336654322621935,0.307253643293668,0.466360856211933,0.454106679007161,0.281500912286712,"max_iter reached without violation"
833,10050,0.307152473579802,0.343513541767445,0.454060814742439,0.46892059835456,0.309925333747642,"max_iter reached without violation"
834,10050,0.340387049221857,0.304218132591173,0.46776753327535,0.452719216778309,0.278067176134593,"max_iter reached without violation"
835,10050,0.321205971612548,0.336250712066975,0.460185827429998,0.466206787375341,0.296093026194507,"max_iter reached without violation"
836,10050,0.343110170626979,0.312412030970111,0.46877311564829,0.456410882094983,0.27558415118559,"max_iter reached without violation"
837,10050,0.325448810470988,0.340588783845151,0.461939117014379,0.46784262404493,0.292022975639945,"max_iter reached without violation"
838,10050,0.993983567704759,0.00130812630538907,0.0972676387076598,0.0222994376428007,0.000223061897567467,"max_iter reached without violation"
839,10050,0.322822482205774,0.328074521677038,0.460859002325285,0.463002256824423,0.294536673866902,"max_iter reached without violation"
840,10050,0.27756850012819,0.370105758802855,0.439501586474668,0.477821523253148,0.340932325761882,"max_iter reached without violation"
841,10050,0.323024529462674,0.325953802723792,0.460942693433293,0.462144881651139,0.294342638425423,"max_iter reached without violation"
842,10050,0.328680367852581,0.326155793242167,0.463245198526197,0.462227011920814,0.288955047987801,"max_iter reached without violation"
843,10050,0.320498673965985,0.333929675229279,0.459889270515328,0.465313294957065,0.296776213156963,"max_iter reached without violation"
844,10050,0.305432441151167,0.346941634059507,0.453277070314296,0.470158730063228,0.311656389999116,"max_iter reached without violation"
845,10050,0.321509085321225,0.323024529462674,0.460312542132672,0.460942693433293,0.295800657953662,"max_iter reached without violation"
846,10050,0.338369509306168,0.305230066066361,0.467011297498559,0.453184360882949,0.279918759612883,"max_iter reached without violation"
847,10050,0.348252110312411,0.302396407766336,0.47062484566036,0.451875229448938,0.270945383602451,"max_iter reached without violation"
848,10050,0.334737045836323,0.31867970023893,0.465625545194755,0.459120964019816,0.283278303517466,"max_iter reached without violation"
849,10050,0.307557146671348,0.332920381579387,0.454244113239797,0.464920770655662,0.309519297727716,"max_iter reached without violation"
850,10050,0.986997018069907,0.00260008733354928,0.13226381025092,0.0359424416588269,0.000627397755903299,"max_iter reached without violation"
851,10050,0.329891962504116,0.315243037869367,0.463728394281373,0.457647075292332,0.287811857312357,"max_iter reached without violation"
852,10050,0.988201476739156,0.0018212212246959,0.127076208096915,0.0282025930158116,0.0005499787602708,"max_iter reached without violation"
853,10050,0.321913224018878,0.324943795398269,0.460481139816529,0.46173272461723,0.295411230585613,"max_iter reached without violation"
854,10050,0.351678821146509,0.290952732935173,0.471824974397484,0.446376288345671,0.267889650582089,"max_iter reached without violation"
855,10050,0.993166271535711,0.000462092201364114,0.102156834868858,0.00997459707542893,0.000264242995702427,"max_iter reached without violation"
856,10050,0.322822482205774,0.329185214773173,0.460859002325285,0.463446965172378,0.294536673866902,"max_iter reached without violation"
857,10050,0.316456100899737,0.329690039095863,0.458170665153248,0.463648110165616,0.300707040987496,"max_iter reached without violation"
858,10050,0.323630649191878,0.330901525446504,0.461193160410715,0.464128326636659,0.293761207886585,"max_iter reached without violation"
859,10050,0.335342536351249,0.321812190727338,0.465858702914214,0.460439028437472,0.282715979711887,"max_iter reached without violation"
860,10050,0.318073308798959,0.327266676002092,0.458863022463482,0.462676937790987,0.299129189980504,"max_iter reached without violation"
861,10050,0.30087806246926,0.349360860876198,0.451165269324938,0.471016116261088,0.316281253848405,"max_iter reached without violation"
862,10050,0.348151309631425,0.299157004579093,0.470589133239876,0.450353315145633,0.271035700552942,"max_iter reached without violation"
863,10050,0.364771881948042,0.280916255735176,0.476164223782817,0.441266956409205,0.256469737423638,"max_iter reached without violation"
864,10050,0.992008084768602,0.00148495372542216,0.108617345663643,0.0244265940841534,0.000325667518606909,"max_iter reached without violation"
865,10050,0.334636127632299,0.312614270282695,0.465586599795209,0.456499856524573,0.283372117956792,"max_iter reached without violation"
866,10050,0.346336749544225,0.305331254091979,0.46994224298291,0.453230728891526,0.272665759584261,"max_iter reached without violation"
867,10050,0.303813332065993,0.340992242549319,0.452532412668126,0.467992515569262,0.313293655969729,"max_iter reached without violation"
868,10050,0.305230066066361,0.35389557647629,0.453184360882949,0.472586999207558,0.3118606208245,"max_iter reached without violation"
869,10050,0.986824308795114,0.00148495372542216,0.132987187130165,0.0244265940841534,0.000638734593830094,"max_iter reached without violation"
870,10050,0.325044800239874,0.309479134417064,0.461774053357858,0.455109019573917,0.292408466252761,"max_iter reached without violation"
871,10050,0.320801807074022,0.329891962504116,0.460016518881249,0.463728394281373,0.296483248102507,"max_iter reached without violation"
872,10050,0.326660753598242,0.318275443001264,0.462431899100195,0.458949105380619,0.290869177613057,"max_iter reached without violation"
873,10050,0.328276474025772,0.333425039581987,0.463083337073172,0.46511734029603,0.289336990730954,"max_iter reached without violation"
874,10050,0.332314762427311,0.314434254113423,0.464684074215466,0.457295950286964,0.285537278206669,"max_iter reached without violation"
875,10050,0.300574366989559,0.3582271359842,0.451022550495997,0.474043687739533,0.31659180186167,"max_iter reached without violation"
876,10050,0.326761742938847,0.329185214773173,0.462472801418826,0.463446965172378,0.290773208377656,"max_iter reached without violation"
877,10050,0.326559763347757,0.326660753598242,0.462390971751352,0.462431899100195,0.290965174589508,"max_iter reached without violation"
878,10050,0.316355017465517,0.341294827359472,0.458127174383075,0.468104680632335,0.300805902518274,"max_iter reached without violation"
879,10050,0.328680367852581,0.314939751008711,0.463245198526197,0.457515597296161,0.288955047987801,"max_iter reached without violation"
880,10050,0.323529631531544,0.343412700291788,0.461151479035542,0.468883763700329,0.293858042653052,"max_iter reached without violation"
881,10050,0.985871736720083,0.00130812630538907,0.136892280816397,0.0222994376428007,0.000702294551461207,"max_iter reached without violation"
882,10050,0.315344131611786,0.338369509306168,0.45769084963408,0.467011297498559,0.301796114914721,"max_iter reached without violation"
883,10050,0.320296580602439,0.336250712066975,0.459804311044748,0.466206787375341,0.296971665581042,"max_iter reached without violation"
884,10050,0.319791330991613,0.313827626786906,0.45959146666338,0.457031519651762,0.297460795724245,"max_iter reached without violation"
885,10050,0.992340512407854,0.000926468770033948,0.106813220773816,0.0172747896074389,0.000307683858376126,"max_iter reached without violation"
886,10050,0.319892382766459,0.338167735908683,0.459634086505651,0.466935140077275,0.297362912607691,"max_iter reached without violation"
887,10050,0.317365809741876,0.3352416234916,0.458560924882035,0.465819904534795,0.299818590071207,"max_iter reached without violation"
888,10050,0.33594799482797,0.321913224018878,0.466090979284381,0.460481139816529,0.282154619020873,"max_iter reached without violation"
889,10050,0.319286058209381,0.329589076037744,0.45937798485235,0.463607930860329,0.297950640091,"max_iter reached without violation"
890,10050,0.32948811207665,0.325246807182002,0.463567726714828,0.461856635433838,0.288192482024041,"max_iter reached without violation"
891,10050,0.327266676002092,0.337259711846414,0.462676937790987,0.466591227499898,0.290293777901708,"max_iter reached without violation"
892,10050,0.312412030970111,0.337965958975962,0.456410882094983,0.46685888540406,0.304684249491609,"max_iter reached without violation"
893,10050,0.318477573480558,0.334636127632299,0.459035085880216,0.465586599795209,0.298735880571107,"max_iter reached without violation"
894,10050,0.321812190727338,0.316860425284227,0.460439028437472,0.45834437095602,0.295508544933907,"max_iter reached without violation"
895,10050,0.338672162777612,0.307557146671348,0.467125351387148,0.454244113239797,0.279640350421319,"max_iter reached without violation"
896,10050,0.30168787399488,0.344320242175261,0.451544667576928,0.469214411866115,0.315454492565755,"max_iter reached without violation"
897,10050,0.340891379190552,0.315243037869367,0.467955078925511,0.457647075292332,0.277605921570817,"max_iter reached without violation"
898,10050,0.278380182701643,0.373023313004188,0.439932455983391,0.478701328085534,0.340045206494092,"max_iter reached without violation"
899,10050,0.324943795398269,0.335746178892569,0.46173272461723,0.466013651673904,0.292504908705956,"max_iter reached without violation"
900,10050,0.321509085321225,0.337865069183346,0.460312542132672,0.466820721583087,0.295800657953662,"max_iter reached without violation"
901,10050,0.30856876224244,0.344925230893728,0.454700512018418,0.469433765505348,0.308506316594028,"max_iter reached without violation"
902,10050,0.339882697275676,0.305230066066361,0.467579383039477,0.453184360882949,0.278529085875334,"max_iter reached without violation"
903,10050,0.324741782972753,0.330497711081857,0.461649991696947,0.463968651133802,0.292697877456383,"max_iter reached without violation"
904,10050,0.322822482205774,0.325549810746165,0.460859002325285,0.461980320135683,0.294536673866902,"max_iter reached without violation"
905,10050,0.330901525446504,0.316253933095526,0.464128326636659,0.458083657870459,0.286862209537146,"max_iter reached without violation"
906,10050,0.358629992135649,0.293890818299407,0.474177003447291,0.447820891542819,0.261776933162765,"max_iter reached without violation"
907,10050,0.987514202111437,0.00274884347665416,0.130067716787157,0.0372973763131473,0.000593799545215599,"max_iter reached without violation"
908,10050,0.326054798438647,0.331608165945831,0.462185959321072,0.464406805876616,0.291445576003143,"max_iter reached without violation"
909,10050,0.325145804167703,0.324741782972753,0.461815356961146,0.461649991696947,0.292312051731559,"max_iter reached without violation"
910,10050,0.336654322621935,0.314333151912799,0.466360856211933,0.457251943265752,0.281500912286712,"max_iter reached without violation"
911,10050,0.342202534443707,0.306646610587559,0.468439873359005,0.453831096654348,0.276409716345372,"max_iter reached without violation"
912,10050,0.352283431814711,0.298448251024808,0.472033928130389,0.450016707197095,0.267353421105793,"max_iter reached without violation"
913,10050,0.376543580785312,0.285074001336,0.4797378990355,0.443416634135364,0.246536724051739,"max_iter reached without violation"
914,10050,0.355003799291787,0.297435662000988,0.47296375181082,0.449533529394251,0.264951492633185,"max_iter reached without violation"
915,10050,0.305938361961038,0.352384197264138,0.453508378926117,0.472068671354596,0.311146345494708,"max_iter reached without violation"
916,10050,0.332314762427311,0.311299647026033,0.464684074215466,0.455919659667018,0.285537278206669,"max_iter reached without violation"
917,10050,0.333929675229279,0.313423189722502,0.465313294957065,0.456854714100984,0.284029570933327,"max_iter reached without violation"
918,10050,0.311097383068129,0.342706785511249,0.455830007261383,0.46862524849198,0.305986966946213,"max_iter reached without violation"
919,10050,0.298549504491883,0.347647293271851,0.450064875455758,0.470410214763885,0.318669300936427,"max_iter reached without violation"
920,10050,0.336351616037101,0.303104893755276,0.466245341210016,0.45220447685631,0.281780912439515,"max_iter reached without violation"
921,10050,0.312917622158649,0.345731833818686,0.456633123047521,0.469724897329605,0.304184533747174,"max_iter reached without violation"
922,10050,0.335645269591387,0.314939751008711,0.465974951185467,0.457515597296161,0.282435179127145,"max_iter reached without violation"
923,10050,0.322519404425579,0.340992242549319,0.460733275990739,0.467992515569262,0.294827938547445,"max_iter reached without violation"
924,10050,0.325246807182002,0.314333151912799,0.461856635433838,0.457251943265752,0.29221566513035,"max_iter reached without violation"
925,10050,0.282640411187628,0.362557133698535,0.442164122425842,0.475457412389651,0.335423982626868,"max_iter reached without violation"
926,10050,0.314333151912799,0.341395687208175,0.457251943265752,0.468142020716582,0.302789240140728,"max_iter reached without violation"
927,10050,0.324741782972753,0.326660753598242,0.461649991696947,0.462431899100195,0.292697877456383,"max_iter reached without violation"
928,10050,0.993001759230501,0.00165555318750714,0.103105704821189,0.0263824236268919,0.000272754197604957,"max_iter reached without violation"
929,10050,0.320498673965985,0.32847842275032,0.459889270515328,0.463164317623001,0.296776213156963,"max_iter reached without violation"
930,10050,0.321812190727338,0.335645269591387,0.460439028437472,0.465974951185467,0.295508544933907,"max_iter reached without violation"
931,10050,0.338974808304487,0.303307309561777,0.467239186726066,0.452298306513848,0.27936217874429,"max_iter reached without violation"
932,10050,0.314737555071078,0.340185311082166,0.457427816082025,0.467692345772095,0.302391639682242,"max_iter reached without violation"
933,10050,0.315344131611786,0.32999292285472,0.45769084963408,0.463768499104739,0.301796114914721,"max_iter reached without violation"
934,10050,0.318578637324729,0.3352416234916,0.459078037741424,0.465819904534795,0.298637625080786,"max_iter reached without violation"
935,10050,0.348957690921134,0.296524247203208,0.470874168028763,0.449096339982942,0.270313875405865,"max_iter reached without violation"
936,10050,0.986997018069907,0.00148495372542216,0.13226381025092,0.0244265940841534,0.000627397755903299,"max_iter reached without violation"
937,10050,0.359032834784211,0.295916592651,0.47430994769978,0.448803651065775,0.261426163341008,"max_iter reached without violation"
938,10050,0.321509085321225,0.327165691207277,0.460312542132672,0.462636160523938,0.295800657953662,"max_iter reached without violation"
939,10050,0.986564958723003,0.00244938981808297,0.134064380383721,0.0345341011677119,0.00065586739730759,"max_iter reached without violation"
940,10050,0.339075688382324,0.305230066066361,0.46727708330006,0.453184360882949,0.279269507582324,"max_iter reached without violation"
941,10050,0.328983278718335,0.316759345590431,0.463366333157678,0.458300983082384,0.288668879780196,"max_iter reached without violation"
942,10050,0.994307826686941,0.00130812630538907,0.0952387996027798,0.0222994376428007,0.000207250809697235,"max_iter reached without violation"
943,10050,0.993084056998697,0.00130812630538907,0.102632414661712,0.0222994376428007,0.000268487365598638,"max_iter reached without violation"
944,10050,0.317871170871546,0.340387049221857,0.458776837071156,0.46776753327535,0.299326017331082,"max_iter reached without violation"
945,10050,0.984740519467961,0.00198285845723115,0.141357458736065,0.0299118777028819,0.000779987023672908,"max_iter reached without violation"
946,10050,0.992836918538367,0.00165555318750714,0.104045541071999,0.0263824236268919,0.00028135478247688,"max_iter reached without violation"
947,10050,0.328781339045947,0.317770100510268,0.463285601626618,0.45873370592875,0.288859631095238,"max_iter reached without violation"
948,10050,0.314029839662907,0.338167735908683,0.457119766828905,0.466935140077275,0.303087747648365,"max_iter reached without violation"
949,10050,0.32837744884095,0.314434254113423,0.463123839807181,0.457295950286964,0.289241463745835,"max_iter reached without violation"
950,10050,0.316860425284227,0.33594799482797,0.45834437095602,0.466090979284381,0.300311884602149,"max_iter reached without violation"
951,10050,0.320296580602439,0.332617576035485,0.459804311044748,0.464802533356881,0.296971665581042,"max_iter reached without violation"
952,10050,0.334938879570732,0.312310909894406,0.465703362443884,0.456366355833083,0.283090755087786,"max_iter reached without violation"
953,10050,0.343110170626979,0.303003684392641,0.46877311564829,0.452157521880871,0.27558415118559,"max_iter reached without violation"
954,10050,0.98569807494549,0.00229650289269704,0.137589455072239,0.0330655314948254,0.000714067563506024,"max_iter reached without violation"
955,10050,0.988287192751296,0.00214112065410545,0.126696951509669,0.031528317448268,0.00054458082106278,"max_iter reached without violation"
956,10050,0.317264734717641,0.337764178506272,0.458517665464841,0.466782533431251,0.2999171911832,"max_iter reached without violation"
957,10050,0.987341967361153,0.00130812630538907,0.13080414751378,0.0222994376428007,0.000604929845476743,"max_iter reached without violation"
958,10050,0.306545435102484,0.338571279170147,0.453785073627595,0.467087357715482,0.310535294350076,"max_iter reached without violation"
959,10050,0.314029839662907,0.336957021223066,0.457119766828905,0.466476151587624,0.303087747648365,"max_iter reached without violation"
960,10050,0.29004074073548,0.35752210519354,0.445923214999403,0.473809490493125,0.327533458196188,"max_iter reached without violation"
961,10050,0.331709110993456,0.31190641612236,0.464446489725428,0.456187990293538,0.286104453920329,"max_iter reached without violation"
962,10050,0.325246807182002,0.310996249664331,0.461856635433838,0.455785141862029,0.29221566513035,"max_iter reached without violation"
963,10050,0.986997018069907,0.00229650289269704,0.13226381025092,0.0330655314948254,0.000627397755903299,"max_iter reached without violation"
964,10050,0.993248401673658,0.000462092201364114,0.101678933314932,0.00997459707542893,0.000260021206730646,"max_iter reached without violation"
965,10050,0.316860425284227,0.334938879570732,0.45834437095602,0.465703362443884,0.300311884602149,"max_iter reached without violation"
966,10050,0.320700763629306,0.317163658760023,0.459974128195212,0.45847438037092,0.296580874659665,"max_iter reached without violation"
967,10050,0.32585280609736,0.33514070974178,0.46210377890433,0.46578108166735,0.291637931171958,"max_iter reached without violation"
968,10050,0.34926006967947,0.298954508493675,0.470980664746111,0.450257277069533,0.270043609081713,"max_iter reached without violation"
969,10050,0.317365809741876,0.338873927344567,0.458560924882035,0.467201265886523,0.299818590071207,"max_iter reached without violation"
970,10050,0.326761742938847,0.320498673965985,0.462472801418826,0.459889270515328,0.290773208377656,"max_iter reached without violation"
971,10050,0.988544073725755,0.00148495372542216,0.125551835054539,0.0244265940841534,0.000528494516366749,"max_iter reached without violation"
972,10050,0.326256787134596,0.336957021223066,0.462268039457043,0.466476151587624,0.291253332083866,"max_iter reached without violation"
973,10050,0.314939751008711,0.342202534443707,0.457515597296161,0.468439873359005,0.302193014740892,"max_iter reached without violation"
974,10050,0.331910998394659,0.319387114621089,0.464525783311651,0.459420732251543,0.285915286834869,"max_iter reached without violation"
975,10050,0.289939403199812,0.363362543482446,0.445872734070775,0.475715721713035,0.327640355715417,"max_iter reached without violation"
976,10050,0.340790514953742,0.304521722802066,0.467917618127407,0.452859039733743,0.277698120133711,"max_iter reached without violation"
977,10050,0.315040847568099,0.328579395754117,0.457559449130792,0.463204770527164,0.302093746046729,"max_iter reached without violation"
978,10050,0.340790514953742,0.311097383068129,0.467917618127407,0.455830007261383,0.277698120133711,"max_iter reached without violation"
979,10050,0.332415701193113,0.318477573480558,0.464723585255585,0.459035085880216,0.285442843804563,"max_iter reached without violation"
980,10050,0.310996249664331,0.347143255303111,0.455785141862029,0.470230701834429,0.306087383370534,"max_iter reached without violation"
981,10050,0.323428612953729,0.325044800239874,0.461109772421082,0.461774053357858,0.293954905532646,"max_iter reached without violation"
982,10050,0.303003684392641,0.349663229300947,0.452157521880871,0.471122328708487,0.314115229767968,"max_iter reached without violation"
983,10050,0.335039795101565,0.324135723740025,0.465742234305757,0.461401188936538,0.282997021075105,"max_iter reached without violation"
984,10050,0.329589076037744,0.317062581868758,0.463607930860329,0.458431069592997,0.288097284756525,"max_iter reached without violation"
985,10050,0.985871736720083,0.00198285845723115,0.136892280816397,0.0299118777028819,0.000702294551461207,"max_iter reached without violation"
986,10050,0.311704163550914,0.341899973301013,0.45609865112162,0.468328359371689,0.305385091220962,"max_iter reached without violation"
987,10050,0.32565081010879,0.333525968498964,0.462021498153303,0.465156580401678,0.291830397685711,"max_iter reached without violation"
988,10050,0.336553421314361,0.311704163550913,0.466322375622262,0.45609865112162,0.281594219047039,"max_iter reached without violation"
989,10050,0.335645269591387,0.309883719442744,0.465974951185467,0.455289895439037,0.282435179127145,"max_iter reached without violation"
990,10050,0.299764469203684,0.352585725597316,0.450640779282872,0.472138087223006,0.317421300696279,"max_iter reached without violation"
991,10050,0.988287192751296,0.00214112065410545,0.126696951509669,0.031528317448268,0.00054458082106278,"max_iter reached without violation"
992,10050,0.322519404425579,0.323428612953729,0.460733275990739,0.461109772421082,0.294827938547445,"max_iter reached without violation"
993,10050,0.300979292335888,0.351880361460342,0.45121278835132,0.471894719845595,0.316177800036705,"max_iter reached without violation"
994,10050,0.319892382766459,0.327872565702213,0.459634086505651,0.462921076824369,0.297362912607691,"max_iter reached without violation"
995,10050,0.330598666023742,0.313423189722502,0.464008607167002,0.456854714100984,0.287146817213828,"max_iter reached without violation"
996,10050,0.339479199877112,0.313423189722502,0.467428427058534,0.456854714100984,0.278899086297607,"max_iter reached without violation"
997,10050,0.307860641409247,0.358529279364127,0.454381309797945,0.474143709356508,0.30921508738635,"max_iter reached without violation"
998,10050,0.329589076037744,0.318982883404329,0.463607930860329,0.459249589429812,0.288097284756525,"max_iter reached without violation"
999,10050,0.320801807074022,0.316557183398452,0.460016518881249,0.458214130188311,0.296483248102507,"max_iter reached without violation"
1000,10050,0.336149807208892,0.316253933095526,0.466168209113555,0.458083657870459,0.281967712401326,"max_iter reached without violation"
